gravity.x,gravity.y,gravity.z,userAcceleration.x,userAcceleration.y,userAcceleration.z
-0.13977,0.98999,0.01974,0.0917,0.41588,0.09369
-0.15232,0.98776,0.0336,0.36741,0.00457,-0.10608
-0.16161,0.98534,0.05473,0.17209,-0.21748,-0.16339
-0.16806,0.98247,0.08068,0.00496,-0.23757,-0.01908
-0.17461,0.9787,0.10792,-0.04029,-0.24146,0.0152
-0.18278,0.97414,0.13282,-0.09078,-0.28585,-0.03463
-0.19362,0.96874,0.15507,-0.0321,-0.21114,-0.27467
-0.20836,0.9621,0.17591,-0.02461,-0.16813,-0.23618
-0.22628,0.95429,0.19529,-0.01857,-0.12784,-0.17507
-0.24642,0.94574,0.2118,0.00402,0.00628,-0.13455
-0.26763,0.93625,0.22761,0.06939,0.14308,-0.07714
-0.28695,0.92549,0.24723,0.12574,0.18014,-0.00628
-0.30181,0.91501,0.26769,0.35366,0.32338,-0.15704
-0.31189,0.9069,0.28329,0.38713,0.38562,-0.52861
-0.31925,0.90283,0.28806,0.39354,0.39111,-0.43643
-0.32581,0.90233,0.28223,0.29493,0.24829,0.07971
-0.32856,0.90399,0.27358,0.41217,0.22299,-0.15489
-0.32826,0.90672,0.26476,0.47822,0.25726,-0.33356
-0.32046,0.91536,0.24377,0.37131,0.5538,-0.16566
-0.29918,0.93083,0.20986,0.22475,0.64497,-0.21005
-0.2711,0.94909,0.16041,0.19667,0.62672,-0.16061
-0.24021,0.96521,0.10332,-0.5813,0.50449,0.16609
-0.20943,0.97659,0.04916,-0.87763,0.47811,0.05186
-0.17655,0.98429,-0.00059,-0.89176,0.44241,-0.02371
-0.14597,0.98851,-0.03919,-0.83886,0.30966,-0.11742
-0.12225,0.99015,-0.06827,-0.61376,0.07945,-0.11851
-0.10815,0.98963,-0.09451,-0.37256,-0.09399,0.06068
-0.09116,0.98911,-0.11557,0.01713,-0.06304,0.23753
-0.05405,0.9884,-0.14192,0.30948,-0.02675,0.22038
-0.0107,0.9853,-0.17047,0.13909,-0.17667,0.10627
0.02793,0.98084,-0.19279,-0.0634,-0.38828,0.16692
0.05752,0.97454,-0.21673,-0.26219,-0.51752,0.3795
0.08004,0.96583,-0.2465,-0.28884,-0.53021,0.42185
0.09796,0.95504,-0.27982,-0.27297,-0.5189,0.34034
0.1126,0.94355,-0.3115,-0.30824,-0.58006,0.11334
0.12107,0.93421,-0.33556,-0.35637,-0.61579,0.11285
0.11903,0.93031,-0.34692,-0.4395,-0.72177,0.06991
0.1075,0.93278,-0.34404,-0.31009,-0.57888,-0.12564
0.08902,0.93994,-0.32953,-0.20764,-0.47404,-0.1795
0.06501,0.95016,-0.30489,-0.02256,-0.23689,-0.32659
0.0378,0.96188,-0.27086,0.04456,-0.15514,-0.44653
0.00882,0.97101,-0.23888,0.22614,0.21211,-0.81895
-0.02296,0.97475,-0.2221,0.54414,1.0761,-0.71622
-0.04248,0.9731,-0.22642,0.58977,1.29373,-0.46109
-0.03731,0.97045,-0.23839,0.45627,0.96117,-0.16373
-0.01925,0.96741,-0.25247,0.27485,-0.04561,-0.43624
0.0016,0.96454,-0.26393,0.29619,-0.2513,-0.40384
0.01118,0.96507,-0.26175,-0.53109,0.48708,-0.07518
-0.02008,0.97023,-0.24136,-1.89284,1.20175,0.63646
-0.03285,0.97528,-0.2185,-1.69567,0.50256,0.5149
-0.00498,0.97683,-0.21395,-0.89251,-0.15385,0.16598
0.00924,0.97772,-0.2097,-0.1937,-0.74504,-0.11746
0.01321,0.98295,-0.18338,-0.25801,-1.00874,0.23663
0.00372,0.99362,-0.11272,-0.276,-0.91246,0.4105
-0.02412,0.99968,-0.00729,-0.67881,-0.4672,0.53985
-0.0613,0.99504,0.07829,-0.5728,-0.19805,0.3808
-0.08992,0.98837,0.12264,-0.18223,0.03759,0.2978
-0.11347,0.98314,0.14342,0.17145,-0.01333,0.31922
-0.12419,0.98023,0.15402,0.33592,0.01813,-0.05941
-0.12905,0.97553,0.178,0.42485,-0.01412,-0.32271
-0.13258,0.96956,0.20585,-0.05652,-0.08664,-0.22383
-0.13381,0.96398,0.22985,-0.14117,-0.07528,-0.29372
-0.13787,0.95778,0.25228,-0.12943,-0.11635,-0.3355
-0.14858,0.95104,0.27102,-0.12493,-0.16487,-0.34254
-0.16607,0.94371,0.28608,-0.1303,-0.18319,-0.14927
-0.18817,0.93447,0.30226,-0.02939,-0.0929,0.00449
-0.21161,0.92301,0.32136,0.11614,0.10372,-0.02088
-0.2316,0.90999,0.34392,0.29668,0.26675,-0.19284
-0.24766,0.8981,0.36343,0.53461,0.35579,-0.41451
-0.26404,0.88727,0.3782,0.5092,0.49512,-0.42547
-0.27608,0.87961,0.38739,0.37694,0.4592,-0.24241
-0.28346,0.87667,0.38872,0.31442,0.33457,-0.14097
-0.28546,0.87731,0.38581,0.40121,0.26489,-0.40092
-0.28513,0.88041,0.37893,0.4841,0.31707,-0.69691
-0.28263,0.88993,0.35796,0.31675,0.44433,-0.195
-0.27011,0.9071,0.32282,-0.0129,0.53089,0.05473
-0.24686,0.9292,0.27505,-0.06788,0.4572,-0.43711
-0.21902,0.95295,0.20958,-0.23609,0.61837,-0.39571
-0.19281,0.96797,0.16078,-0.53981,0.7666,0.34223
-0.16424,0.9795,0.11661,-0.87549,0.65911,0.07394
-0.13519,0.98771,0.0784,-0.9607,0.60482,-0.03322
-0.1113,0.99281,0.04403,-0.86542,0.33525,-0.22435
-0.09108,0.99581,0.00829,-0.39815,-0.13651,0.11647
-0.07133,0.99691,-0.033,-0.15491,-0.17189,0.16628
-0.04596,0.99616,-0.07456,-0.0573,-0.28597,0.10598
-0.01697,0.99318,-0.11538,-0.1705,-0.46838,0.26481
0.01035,0.98728,-0.15863,-0.22548,-0.49508,0.27825
0.03235,0.98023,-0.1952,-0.2537,-0.53998,0.38922
0.05168,0.97095,-0.23362,-0.23792,-0.5393,0.42107
0.06721,0.9582,-0.27811,-0.11875,-0.57175,0.321
0.07423,0.94249,-0.32588,-0.22619,-0.60131,0.16493
0.07145,0.92882,-0.36358,-0.30825,-0.64044,0.18212
0.0612,0.92253,-0.38104,-0.39146,-0.86461,0.14634
0.04257,0.92535,-0.37673,-0.19018,-0.84318,-0.07963
0.0125,0.93643,-0.35062,0.04599,-0.50502,-0.36604
-0.02174,0.95196,-0.30544,0.20745,-0.01642,-0.83079
-0.04552,0.95999,-0.27631,0.52565,0.91284,-1.66433
-0.06185,0.9593,-0.27553,0.38941,1.26114,-1.33646
-0.06959,0.95718,-0.28101,-0.28057,1.38828,-0.26172
-0.05524,0.9538,-0.29532,0.04822,0.24076,-0.59519
-0.03179,0.94983,-0.31115,0.31196,-0.36539,-0.65855
-0.0132,0.94591,-0.32416,0.19444,-0.38355,-0.53268
-0.01802,0.94573,-0.32446,-1.10586,1.50877,0.17769
-0.03603,0.9486,-0.31441,-1.93013,0.6363,0.79668
-0.01582,0.95263,-0.30373,-1.39227,0.21142,0.77419
-0.00082,0.95972,-0.28095,-0.38816,-0.70362,0.07334
0.00774,0.9717,-0.23608,-0.2867,-0.81895,0.24195
0.003,0.98953,-0.14428,-0.24521,-0.82532,0.41749
-0.02795,0.99926,-0.02628,-0.47672,-0.57251,0.71566
-0.07218,0.99526,0.06522,-0.37649,-0.03127,0.11963
-0.11367,0.98648,0.11808,-0.335,-0.02249,0.06677
-0.1448,0.9774,0.15401,-0.08982,0.22855,0.61383
-0.16278,0.97265,0.16568,0.47724,0.0958,-0.02855
-0.17163,0.96776,0.18432,0.48609,0.10069,-0.04719
-0.1779,0.96028,0.21498,0.23709,-0.0918,-0.22593
-0.18295,0.95251,0.24341,0.02377,-0.20138,-0.16813
-0.18858,0.94412,0.27033,-0.07855,-0.27552,-0.31742
-0.19812,0.93599,0.291,-0.11183,-0.24508,-0.35525
-0.21402,0.92713,0.30761,-0.10288,-0.11683,-0.28785
-0.2358,0.91589,0.32488,-0.05032,-0.0014,-0.24584
-0.26004,0.90245,0.34346,0.01149,0.1179,-0.28274
-0.28127,0.88857,0.36239,0.20119,0.19819,-0.24722
-0.29616,0.87734,0.37757,0.46506,0.26009,-0.19559
-0.30845,0.86896,0.38701,0.54574,0.4552,-0.27748
-0.31831,0.86359,0.39101,0.4261,0.53671,-0.16925
-0.32078,0.86244,0.39154,0.44453,0.42701,-0.24196
-0.31816,0.86529,0.38736,0.4238,0.25649,-0.40513
-0.31103,0.87393,0.37351,0.18367,0.47101,-0.07553
-0.29629,0.89084,0.34442,0.0722,0.59815,0.05996
-0.27138,0.91195,0.30772,-0.06189,0.7876,-0.14061
-0.2438,0.93711,0.24976,-0.38276,0.71399,-0.4821
-0.22255,0.95713,0.1854,-0.55415,0.73115,-0.10997
-0.20103,0.97063,0.13212,-0.88016,0.50187,-0.05974
-0.17529,0.98101,0.08299,-0.92636,0.36699,-0.16714
-0.15293,0.98734,0.0422,-0.60412,0.0974,-0.2223
-0.13325,0.99106,0.00691,-0.41418,-0.1194,0.04367
-0.11684,0.9927,-0.03001,-0.16735,-0.11918,0.31853
-0.08845,0.99373,-0.06839,0.22996,-0.02924,0.21619
-0.05255,0.99222,-0.11287,0.03061,-0.22005,0.10309
-0.01733,0.98794,-0.15385,-0.23001,-0.41005,0.3285
0.01468,0.98103,-0.19331,-0.2914,-0.53794,0.34357
0.04,0.97004,-0.23964,-0.31201,-0.5989,0.38021
0.0586,0.95646,-0.28591,-0.27465,-0.65301,0.312
0.0699,0.9425,-0.32681,-0.33876,-0.63961,0.20935
0.0752,0.9294,-0.36133,-0.38014,-0.59517,0.1837
0.0722,0.9187,-0.38829,-0.40187,-0.63668,0.20915
0.06107,0.91391,-0.4013,-0.34186,-0.73978,0.13311
0.04076,0.91762,-0.39536,-0.08895,-0.72537,-0.03579
0.01311,0.93079,-0.36532,0.08644,-0.51877,-0.25244
-0.01764,0.94894,-0.31496,0.13493,-0.17068,-0.62061
-0.04144,0.9623,-0.2688,0.12099,0.76432,-1.28145
-0.06268,0.96642,-0.24922,0.08156,1.02498,-1.02669
-0.08294,0.96642,-0.2432,0.05875,1.24085,-0.67423
-0.08061,0.96427,-0.25236,0.23184,0.64199,-0.46472
-0.05912,0.96181,-0.26724,0.30805,0.20863,-0.66402
-0.04185,0.95664,-0.28827,-0.14255,0.76379,-0.64468
-0.0537,0.95062,-0.30568,-0.89021,2.11769,0.24924
-0.05327,0.94943,-0.30942,-0.74975,-0.46887,1.05791
-0.02155,0.95762,-0.28723,-0.78147,-0.47706,1.03572
0.00174,0.9636,-0.26736,-0.69096,-1.09847,-0.18935
0.01979,0.96925,-0.24528,-0.56761,-0.90281,0.34184
0.0154,0.98356,-0.17991,-0.4668,-0.63946,0.55602
-0.02134,0.99679,-0.0772,-0.55196,-0.5044,0.53661
-0.07598,0.99702,0.01368,-0.51985,-0.30183,0.19949
-0.12937,0.98864,0.07654,-0.15461,0.20728,0.09105
-0.1711,0.97698,0.12743,-0.06915,0.28524,0.34018
-0.19255,0.96822,0.15963,0.23369,0.26619,0.67175
-0.19824,0.96438,0.17515,0.47588,0.10417,0.32169
-0.20438,0.95953,0.19373,0.26982,-0.20584,-0.28118
-0.21097,0.95296,0.21762,-0.05696,-0.1595,-0.10763
-0.21594,0.94524,0.24472,-0.06305,-0.15586,-0.20042
-0.22418,0.93663,0.2692,-0.00734,-0.1616,-0.40642
-0.23833,0.92691,0.28988,0.06205,-0.08292,-0.42198
-0.2577,0.91637,0.30637,0.06659,-0.04543,-0.34176
-0.27885,0.90458,0.32246,0.06985,0.0659,-0.10836
-0.29644,0.89204,0.34115,0.26147,0.22333,-0.0664
-0.30835,0.87987,0.36159,0.34488,0.28215,-0.20069
-0.3151,0.87086,0.37725,0.50979,0.59698,-0.38278
-0.32164,0.86585,0.38322,0.4352,0.58769,-0.2248
-0.3257,0.86498,0.38175,0.40653,0.53895,-0.12071
-0.32377,0.86791,0.3767,0.40131,0.3624,-0.5481
-0.31851,0.87453,0.36572,0.38638,0.32605,-0.61424
-0.3115,0.88835,0.33735,0.20397,0.40639,-0.26646
-0.29349,0.90838,0.29784,-0.15735,0.50465,-0.35407
-0.2681,0.93198,0.244,-0.23539,0.4676,-0.48696
-0.24202,0.95325,0.18096,-0.38579,0.51401,-0.3184
-0.2206,0.96707,0.12695,-0.64231,0.7248,0.37644
-0.19353,0.97803,0.07746,-0.63705,0.62674,0.19444
-0.16925,0.98501,0.03333,-0.76251,0.38502,-0.08298
-0.1466,0.9892,-0.00046,-0.56445,0.09129,-0.10945
-0.12594,0.99129,-0.03858,-0.58511,0.0892,-0.07133
-0.1,0.9921,-0.07569,-0.12372,-0.03516,0.06544
-0.06702,0.99166,-0.11005,0.01868,-0.36869,0.08062
-0.03351,0.98882,-0.14533,-0.15558,-0.52615,0.19337
-0.00447,0.98394,-0.17844,-0.21059,-0.60265,0.40869
0.01947,0.97668,-0.2138,-0.24993,-0.61001,0.46949
0.03679,0.96585,-0.25649,-0.26725,-0.59918,0.51218
0.05271,0.95207,-0.30131,-0.23142,-0.50918,0.32281
0.06293,0.9376,-0.34196,-0.30212,-0.58122,0.22217
0.06297,0.92514,-0.37436,-0.41374,-0.6514,0.15453
0.05476,0.91854,-0.39151,-0.38935,-0.76489,0.08988
0.03667,0.92074,-0.38845,-0.1916,-0.76963,-0.08096
0.00987,0.93156,-0.36345,0.1048,-0.30327,-0.49698
-0.02084,0.94687,-0.32093,0.13551,-0.31858,-0.53949
-0.0454,0.95689,-0.28687,0.67267,1.05911,-1.34431
-0.06792,0.95913,-0.27469,0.40749,1.26519,-0.94472
-0.08831,0.95795,-0.27301,0.07897,1.36775,-0.55745
-0.08385,0.95328,-0.29023,-0.05401,0.55438,-0.48979
-0.07231,0.94661,-0.31415,-0.17188,0.48628,-0.71862
-0.08017,0.93942,-0.33325,-0.76401,1.45139,-0.59218
-0.088,0.93545,-0.34234,-1.07671,0.92033,0.86631
-0.05533,0.94275,-0.32887,-0.427,-0.84478,0.84962
-0.02973,0.95803,-0.28512,-0.37816,-1.08909,0.26459
-0.01243,0.97038,-0.24127,-0.29532,-0.9011,0.22436
-0.01191,0.98319,-0.18217,-0.46775,-0.68159,0.67937
-0.04828,0.99524,-0.08462,-0.54635,-0.54891,0.64759
-0.09436,0.99554,-0.00137,-0.37245,-0.27953,0.18614
-0.14418,0.98834,0.04897,-0.10209,0.18163,0.00372
-0.18587,0.97935,0.0795,-0.02396,0.32126,-0.00101
-0.21301,0.97074,0.11084,0.31919,0.13361,0.46007
-0.22372,0.96644,0.12627,0.49435,0.06464,0.07594
-0.23222,0.96066,0.15233,0.32091,-0.08909,-0.14767
-0.2383,0.95467,0.1784,-0.07663,-0.15959,-0.01896
-0.24349,0.94834,0.20339,-0.12025,-0.1607,-0.13817
-0.24907,0.9411,0.2287,-0.10081,-0.13278,-0.30859
-0.2573,0.93242,0.25374,0.11295,-0.04693,-0.43188
-0.26954,0.92337,0.27336,0.11273,-0.03847,-0.35133
-0.28593,0.91387,0.28825,-0.01002,0.00495,-0.06979
-0.30226,0.90347,0.30395,0.00323,0.10294,-0.08737
-0.31789,0.8914,0.32304,0.12593,0.23986,-0.29746
-0.33274,0.87911,0.34126,0.27053,0.39773,-0.45486
-0.34329,0.86925,0.35574,0.3963,0.50121,-0.38238
-0.34858,0.86336,0.36482,0.52414,0.51328,-0.22634
-0.35136,0.86285,0.36336,0.57446,0.47817,-0.30306
-0.35097,0.86567,0.35697,0.49166,0.44072,-0.60677
-0.34511,0.87418,0.34162,0.38093,0.33351,-0.64445
-0.33554,0.88985,0.30915,0.06323,0.38145,-0.19973
-0.31874,0.91138,0.26037,-0.21225,0.33217,-0.1002
-0.2942,0.9353,0.1966,-0.20439,0.26939,-0.21811
-0.26433,0.95635,0.12458,-0.35198,0.71562,0.06141
-0.23835,0.9684,0.07348,-0.42054,0.79215,0.4174
-0.21554,0.97616,0.02542,-0.59123,0.80368,0.29961
-0.1934,0.98097,-0.01706,-0.68153,0.60944,0.02312
-0.1649,0.98473,-0.05574,-0.33623,0.3724,-0.06148
-0.12895,0.98628,-0.10307,-0.07079,0.25502,0.08369
-0.08828,0.98505,-0.14795,-0.07581,0.07445,0.15277
-0.04847,0.97938,-0.19615,-0.33207,-0.41253,0.16714
-0.01217,0.97037,-0.24133,-0.39303,-0.59726,0.42958
0.01727,0.96075,-0.27687,-0.37207,-0.6412,0.42531
0.04123,0.9496,-0.31073,-0.21622,-0.62029,0.43738
0.05641,0.93565,-0.3484,-0.25116,-0.56342,0.40349
0.06377,0.91928,-0.38841,-0.29447,-0.54896,0.40846
0.06314,0.90268,-0.42565,-0.38857,-0.63351,0.37936
0.05319,0.89034,-0.45218,-0.3415,-0.81983,0.21439
0.03331,0.88537,-0.46369,-0.2305,-0.84831,0.12513
0.006,0.89095,-0.45406,0.03615,-0.69576,-0.16339
-0.02814,0.90534,-0.42374,0.34242,-0.32061,-0.67101
-0.06103,0.91709,-0.39398,0.64346,0.33485,-1.32883
-0.08052,0.91777,-0.38886,0.27749,0.96878,-1.02068
-0.10252,0.91434,-0.39175,-0.47099,1.10957,-0.17913
-0.11677,0.90945,-0.39907,-0.38011,0.78027,-0.30438
-0.11837,0.90363,-0.41164,0.03103,0.08566,-0.51556
-0.11137,0.89836,-0.4249,0.01941,0.17154,-0.9991
-0.10498,0.89279,-0.43806,-0.31352,0.90935,-1.02213
-0.09667,0.89566,-0.43411,-0.97075,1.63472,0.32755
-0.08028,0.90826,-0.41063,-0.30697,-0.73561,1.15836
-0.06527,0.92436,-0.3759,-0.45181,-0.8563,0.55939
-0.04982,0.93266,-0.35731,-0.40532,-0.61711,-0.05526
-0.04037,0.9438,-0.32805,-0.27923,-0.59366,0.28426
-0.05753,0.96969,-0.23748,-0.3829,-0.48891,0.88908
-0.08953,0.98758,-0.12909,-0.29491,-0.42101,0.66582
-0.12872,0.99049,-0.04864,-0.1373,-0.30357,0.31933
-0.16696,0.98584,-0.01543,-0.12454,0.41784,-0.06105
-0.20314,0.97901,0.01653,-0.0255,0.41175,0.54848
-0.22544,0.97365,0.03448,0.29411,0.24487,0.17571
-0.23608,0.97057,0.04747,0.39969,-0.10668,-0.16755
-0.24474,0.9668,0.07346,0.13447,-0.2311,-0.03898
-0.24948,0.96285,0.10333,-0.11232,-0.31649,-0.01634
-0.25509,0.95758,0.13407,-0.24444,-0.32418,0.05218
-0.26356,0.95075,0.16315,-0.18956,-0.2858,0.01023
-0.2747,0.94228,0.19142,-0.10802,-0.1269,-0.21287
-0.28826,0.93305,0.21521,-0.04673,0.02637,-0.41314
-0.30323,0.9234,0.23534,0.04064,0.21548,-0.23581
-0.31952,0.9119,0.25758,0.10921,0.25026,-0.15872
-0.335,0.89972,0.27978,0.17635,0.27347,-0.16383
-0.34716,0.88886,0.29902,0.40129,0.41252,-0.42216
-0.35838,0.88065,0.30985,0.50888,0.51758,-0.33768
-0.36687,0.87655,0.31155,0.52628,0.53493,-0.25753
-0.36901,0.87659,0.3089,0.5402,0.49517,-0.40285
-0.36454,0.88207,0.29844,0.23249,0.66226,-0.10823
-0.35132,0.89694,0.26848,0.0132,0.70768,0.20993
-0.32259,0.91862,0.22819,-0.08586,0.41842,0.08937
-0.28668,0.9404,0.1829,-0.20041,0.32406,-0.34647
-0.25206,0.96016,0.1207,-0.23503,0.30431,-0.28427
-0.22369,0.97251,0.06468,-0.64118,0.66532,0.16901
-0.19824,0.98001,0.01653,-0.75394,0.39431,0.06258
-0.17388,0.98445,-0.02499,-0.76464,0.2811,0.04933
-0.14991,0.98682,-0.06089,-0.62696,0.11828,0.14037
-0.12384,0.98698,-0.10261,-0.20521,-0.01832,0.21252
-0.09341,0.98427,-0.14994,-0.08155,-0.09788,0.23424
-0.05542,0.97731,-0.20445,0.00914,-0.21354,0.04231
-0.01684,0.96693,-0.25448,-0.1928,-0.40792,0.27582
0.02075,0.95668,-0.29041,-0.30192,-0.4871,0.45337
0.05595,0.94412,-0.32483,-0.38149,-0.60299,0.4729
0.08418,0.92768,-0.36377,-0.41286,-0.53455,0.32069
0.10554,0.90858,-0.40415,-0.46925,-0.49409,0.33054
0.11782,0.89094,-0.43858,-0.54184,-0.52511,0.31882
0.11932,0.87928,-0.46111,-0.365,-0.65255,0.15366
0.11204,0.8774,-0.46649,-0.24766,-0.61429,0.10254
0.09805,0.8862,-0.45281,-0.06945,-0.44324,-0.07882
0.07452,0.90243,-0.42433,0.39241,0.02863,-0.80131
0.04815,0.91505,-0.40046,0.66394,0.32508,-1.04458
0.02627,0.92007,-0.39088,0.2117,0.81702,-0.30956
0.00576,0.91978,-0.3924,0.03696,0.6986,-0.29453
-0.0043,0.91488,-0.40371,-0.00098,0.14401,-0.47002
-0.00404,0.91182,-0.41058,0.30952,-0.31096,-0.77373
0.00054,0.90962,-0.41545,0.18793,-0.08804,-0.66668
-0.01026,0.91338,-0.40698,-1.75355,1.03257,0.06611
-0.02432,0.92247,-0.3853,-1.16417,0.2256,0.65685
-0.00608,0.93193,-0.36258,-0.45303,-0.48073,0.23322
0.00228,0.94523,-0.32639,-0.37299,-0.59519,0.07495
0.00376,0.96237,-0.27172,-0.22527,-0.58752,0.68785
-0.01164,0.98602,-0.16622,-0.4635,-0.4272,0.87929
-0.04416,0.99796,-0.046,-0.51347,-0.43936,0.78892
-0.07879,0.99629,0.03478,-0.25826,-0.29237,0.1503
-0.11055,0.99234,0.05514,-0.03257,-0.04942,0.01809
-0.1446,0.98665,0.07495,-0.0526,-0.02757,0.21202
-0.16977,0.97952,0.10824,0.1035,-0.02634,0.4945
-0.18107,0.97502,0.12866,0.26845,-0.00155,0.10115
-0.18941,0.9698,0.15364,0.04679,-0.02519,-0.04499
-0.1957,0.96397,0.1802,-0.10067,-0.07484,-0.16721
-0.20216,0.95792,0.20375,-0.07219,-0.07368,-0.3351
-0.21159,0.95095,0.22566,-0.00962,-0.06387,-0.39195
-0.22492,0.94395,0.24161,-0.02363,-0.05593,-0.04837
-0.24091,0.93618,0.25598,-0.03196,-0.06782,0.05724
-0.25682,0.92695,0.27352,-0.02012,-0.04649,0.10267
-0.27013,0.9166,0.29476,0.03212,0.24029,-0.2533
-0.28007,0.90642,0.31617,0.20039,0.38504,-0.54159
-0.28734,0.89971,0.32856,0.25596,0.39483,-0.43154
-0.29407,0.89494,0.33557,0.30335,0.44593,-0.17475
-0.29941,0.89234,0.33776,0.33587,0.41442,-0.25617
-0.30074,0.89232,0.33663,0.33916,0.37579,-0.35899
-0.29859,0.89466,0.33231,0.34496,0.2846,-0.57047
-0.29294,0.90164,0.31817,0.14227,0.36734,-0.22998
-0.2827,0.9146,0.28913,-0.02295,0.41222,-0.06288
-0.26329,0.93246,0.24737,-0.16532,0.30557,-0.08675
-0.23742,0.95193,0.19357,-0.23328,0.24004,-0.16123
-0.2098,0.96891,0.13116,-0.3067,0.44279,-0.20173
-0.18824,0.97954,0.07119,-0.48298,0.59723,0.08311
-0.17146,0.985,0.01946,-0.66659,0.60529,0.15935
-0.15348,0.98792,-0.02142,-0.65239,0.41453,0.19771
-0.1327,0.98946,-0.05788,-0.37618,0.27311,0.23296
-0.10306,0.98838,-0.11171,0.02461,0.25564,0.01895
-0.0685,0.98395,-0.1648,0.00862,0.09657,0.10728
-0.03659,0.97673,-0.21134,-0.13808,-0.2362,0.19884
-0.00512,0.96668,-0.25593,-0.32758,-0.51064,0.34916
0.02355,0.95509,-0.29539,-0.37241,-0.59576,0.38215
0.04978,0.94243,-0.33068,-0.22637,-0.58723,0.41363
0.07159,0.92853,-0.36428,-0.2693,-0.54626,0.42681
0.08612,0.91257,-0.39975,-0.34407,-0.51456,0.44339
0.09237,0.89555,-0.43526,-0.49468,-0.53105,0.42924
0.09048,0.8841,-0.45846,-0.50512,-0.60602,0.39723
0.08098,0.88232,-0.46363,-0.45083,-0.76126,0.2125
0.06225,0.89046,-0.45077,-0.02022,-0.3601,-0.2099
0.03785,0.90658,-0.42033,0.15171,-0.20738,-0.39782
0.00888,0.92509,-0.37963,0.32094,-0.03088,-0.6377
-0.01449,0.93518,-0.35388,0.40339,0.8374,-0.92205
-0.03292,0.93599,-0.35049,0.09106,1.06725,-0.5217
-0.04244,0.93096,-0.36264,0.03285,1.08359,-0.43556
-0.04062,0.92436,-0.37935,0.39824,0.29596,-0.45063
-0.03392,0.92129,-0.3874,0.37657,-0.1439,-0.48371
-0.02947,0.91969,-0.39154,0.16282,0.07833,-0.41249
-0.04673,0.92381,-0.37999,-1.44654,1.60048,0.00543
-0.05054,0.92691,-0.37186,-1.11283,0.07405,0.74872
-0.02644,0.93363,-0.35726,-0.46375,-0.76421,0.38734
-0.01405,0.94597,-0.32396,-0.63705,-0.95457,0.03342
-0.00459,0.95632,-0.2923,-0.43137,-0.70664,0.30829
-0.0138,0.97498,-0.22187,-0.37609,-0.44927,0.77348
-0.19631,0.9775,0.07715,-0.32168,-0.33183,0.54376
-0.25239,0.95514,0.15492,-0.25809,-0.28078,0.00127
-0.3,0.93534,0.18743,0.17475,0.07407,-0.27325
-0.33749,0.92071,0.19593,0.41279,0.12125,-0.15685
-0.36657,0.90279,0.22497,0.50659,-0.02748,0.08491
-0.38637,0.88593,0.25661,0.31718,0.01832,0.18835
-0.3955,0.87451,0.28072,0.11831,0.06315,0.16989
-0.39386,0.86723,0.30461,0.16367,0.11367,-0.34787
-0.39091,0.8599,0.32828,0.24171,0.13842,-0.49106
-0.3938,0.84881,0.35275,0.35336,0.13777,-0.5772
-0.40186,0.835,0.37588,0.22115,-0.01442,-0.28758
-0.4118,0.82343,0.39037,0.12805,-0.00498,-0.16179
-0.41945,0.81259,0.40466,0.02674,0.0018,-0.14229
-0.42487,0.80105,0.42167,0.02193,0.31606,-0.38703
-0.4313,0.78804,0.43928,0.03201,0.41087,-0.48924
-0.43766,0.77429,0.45708,0.13295,0.46878,-0.52332
-0.44103,0.7644,0.4703,0.48874,0.46275,-0.54659
-0.44958,0.75657,0.47485,0.51034,0.48022,-0.44984
-0.46094,0.75348,0.46882,0.57551,0.4555,-0.2225
-0.46458,0.75386,0.46461,0.62184,0.50873,-0.54141
-0.46057,0.75851,0.46102,0.63089,0.50908,-0.7204
-0.4554,0.77404,0.43986,0.41543,0.62234,-0.44761
-0.44209,0.80119,0.4033,0.00137,0.60828,-0.1021
-0.41915,0.8339,0.35906,-0.04666,0.4255,-0.32034
-0.39213,0.86861,0.30292,-0.41662,0.80792,-0.08889
-0.36692,0.89487,0.25412,-0.48349,0.68527,0.16115
-0.34484,0.91545,0.20746,-0.54193,0.65346,0.18832
-0.32392,0.93235,0.1606,-0.58119,0.32236,-0.10039
-0.30144,0.94551,0.12303,-0.40263,0.12892,-0.12889
-0.27824,0.95651,0.08761,-0.24492,0.0666,-0.01425
-0.25245,0.96643,0.04778,0.21098,-0.07762,-0.08613
-0.21855,0.97581,0.00475,0.19775,-0.14691,-0.05218
-0.18055,0.98298,-0.03399,0.102,-0.24537,0.02427
-0.14076,0.98761,-0.06943,-0.13582,-0.52791,0.15589
-0.10105,0.98975,-0.10088,-0.21856,-0.60528,0.20433
-0.06446,0.98881,-0.13453,-0.19182,-0.60319,0.20019
-0.0341,0.98429,-0.17324,-0.17817,-0.53298,0.11403
-0.01111,0.97781,-0.20921,-0.2606,-0.53893,0.08174
0.00151,0.97176,-0.23598,-0.3082,-0.59804,0.12023
0.00123,0.96789,-0.25137,-0.32837,-0.74319,-0.0392
-0.00963,0.96721,-0.2538,-0.18981,-0.64191,-0.21513
-0.02736,0.97014,-0.24099,-0.09029,-0.53981,-0.28724
-0.04869,0.9764,-0.21044,0.12933,-0.24174,-0.57852
-0.07167,0.98321,-0.16784,0.32762,0.08004,-0.96693
-0.09463,0.98655,-0.13326,0.50738,0.54522,-1.07517
-0.1159,0.986,-0.11987,0.44381,0.95715,-0.80673
-0.11924,0.98452,-0.12843,0.46769,1.02097,-0.53159
-0.10133,0.98516,-0.13851,0.62878,0.32509,-0.58225
-0.0759,0.98726,-0.13983,0.71994,-0.31653,-0.57915
-0.05825,0.98965,-0.13116,0.17197,-0.21018,-0.19676
-0.07018,0.99165,-0.10818,-0.89175,1.01595,-0.23181
-0.10431,0.99195,-0.07182,-2.07848,1.06954,0.63977
-0.08476,0.9948,-0.05647,-0.71274,-0.31032,0.04772
-0.06243,0.99698,-0.04626,-0.38505,-0.70305,-0.571
-0.05852,0.99769,-0.03443,-0.41632,-0.85684,-0.36731
-0.07121,0.99746,0.00128,-0.35033,-0.79607,0.29999
-0.10629,0.9909,0.08261,-0.37278,-0.67092,0.27733
-0.1638,0.9708,0.17526,-0.55004,-0.4791,0.12166
-0.2289,0.94269,0.24276,-0.19754,0.01997,-0.06993
-0.28052,0.9177,0.28131,-0.02502,0.10641,0.01475
-0.31661,0.89317,0.31939,0.16153,-0.05693,0.54664
-0.33386,0.87721,0.34503,0.52865,0.26223,0.30536
-0.33216,0.87203,0.35949,0.57975,0.28825,-0.14034
-0.32077,0.86658,0.38229,0.42294,0.27742,-0.63146
-0.31284,0.85778,0.40785,0.2697,0.14385,-0.63653
-0.31679,0.84578,0.42931,0.18685,0.08252,-0.52269
-0.32668,0.83525,0.4423,0.00304,-0.051,-0.32951
-0.3379,0.82599,0.45119,-0.12959,-0.04199,-0.15384
-0.34836,0.81432,0.46424,-0.13281,0.01679,-0.16606
-0.35871,0.79965,0.48154,0.01698,0.34325,-0.40161
-0.36777,0.78306,0.50157,0.16107,0.40721,-0.55087
-0.37621,0.76893,0.51693,0.429,0.53158,-0.53669
-0.38493,0.75817,0.52632,0.62605,0.5468,-0.3873
-0.39648,0.75119,0.52775,0.57705,0.54486,-0.32044
-0.40241,0.74975,0.5253,0.56598,0.53302,-0.51614
-0.40276,0.75126,0.52288,0.47365,0.47164,-0.7329
-0.40199,0.75952,0.5114,0.37038,0.51497,-0.53233
-0.3968,0.77849,0.48632,0.19599,0.61057,-0.26759
-0.37971,0.80782,0.45083,-0.15918,0.63725,-0.25023
-0.35597,0.83968,0.41015,-0.23591,0.4718,-0.60437
-0.33332,0.87382,0.35402,-0.32521,0.62389,-0.58464
-0.31801,0.9013,0.29417,-0.48706,0.66476,0.02671
-0.30367,0.92184,0.24082,-0.64716,0.60419,-0.01078
-0.28938,0.93685,0.1964,-0.68921,0.25334,-0.03353
-0.27271,0.94839,0.16185,-0.5256,-0.09269,-0.06688
-0.25221,0.96114,0.11222,-0.18715,-0.15278,-0.15746
-0.22913,0.97196,0.05284,-2e-05,-0.05831,-0.00856
-0.19944,0.97991,-9e-05,0.15775,-0.14654,-0.0908
-0.1653,0.98513,-0.04675,0.06314,-0.32489,-0.07493
-0.12839,0.9886,-0.07872,-0.02685,-0.38757,0.22822
-0.08832,0.99053,-0.10508,-0.03467,-0.46069,0.20631
-0.05185,0.98904,-0.13826,-0.1064,-0.47242,0.27736
-0.0238,0.98309,-0.18156,-0.20828,-0.47465,0.27261
-0.00523,0.974,-0.2265,-0.36106,-0.51262,0.25272
0.00133,0.96603,-0.25842,-0.42293,-0.6528,0.18558
-0.00267,0.96246,-0.2714,-0.34318,-0.76178,0.00819
-0.01543,0.96348,-0.26732,-0.0465,-0.66783,-0.19856
-0.03525,0.96938,-0.24304,0.17728,-0.43221,-0.51444
-0.05715,0.97779,-0.20165,0.53304,-0.09084,-1.04584
-0.07385,0.98278,-0.16936,0.6668,0.32065,-1.26791
-0.08724,0.98393,-0.15583,-0.02264,0.70248,-0.67979
-0.09193,0.98334,-0.15684,-0.0812,0.77291,-0.58243
-0.08559,0.9822,-0.16722,0.21434,0.42575,-0.65985
-0.07581,0.98237,-0.17091,0.64186,-0.46229,-0.7569
-0.06348,0.98311,-0.17166,0.62634,-0.45409,-0.59288
-0.05568,0.98527,-0.16169,-0.15613,0.11095,-0.33777
-0.09001,0.98619,-0.139,-2.01374,1.17485,0.38229
-0.11315,0.98619,-0.12098,-1.99059,1.17486,0.36426
-0.10429,0.98721,-0.12059,-0.46814,-0.24823,-0.00676
-0.10255,0.98896,-0.10697,-0.22249,-0.72495,-0.15216
-0.11177,0.99175,-0.06268,-0.16532,-0.79188,0.12767
-0.13575,0.99056,0.0189,-0.30137,-0.57974,0.41407
-0.17551,0.97832,0.10992,-0.5446,-0.33263,0.21029
-0.21819,0.95855,0.18326,-0.37038,-0.33153,-0.19063
-0.25855,0.93874,0.22784,0.05109,-0.13506,-0.27447
-0.29539,0.91987,0.25803,0.20774,-0.01776,0.22151
-0.31685,0.90445,0.2856,0.29801,0.07643,0.29485
-0.32432,0.89269,0.31291,0.61178,0.18578,0.11273
-0.32821,0.88036,0.34241,0.23624,0.02318,-0.22169
-0.32947,0.86857,0.37019,0.1303,-0.02379,-0.30088
-0.33065,0.85703,0.39517,-0.00352,-0.02864,-0.54302
-0.3377,0.84476,0.41514,0.04868,0.00331,-0.61826
-0.35161,0.83215,0.42884,0.08469,0.03645,-0.52265
-0.36878,0.81864,0.44026,0.10393,0.02337,-0.12081
-0.38324,0.80355,0.45545,0.13394,0.09985,-0.11144
-0.39049,0.78854,0.4751,0.34067,0.31052,-0.45701
-0.39482,0.77533,0.49293,0.48453,0.38579,-0.53393
-0.4008,0.76505,0.50404,0.58079,0.52621,-0.39853
-0.40828,0.75762,0.50923,0.50778,0.64154,-0.22458
-0.41235,0.7547,0.5103,0.46308,0.60004,-0.31617
-0.40953,0.75453,0.51281,0.46301,0.5047,-0.61422
-0.4051,0.75812,0.51102,0.43511,0.49548,-0.73479
-0.40119,0.76815,0.49899,0.38234,0.53034,-0.57508
-0.39505,0.78851,0.47137,0.04857,0.78228,-0.25865
-0.37978,0.81736,0.43324,-0.08754,0.50388,-0.43083
-0.36375,0.85141,0.37788,-0.22605,0.29572,-0.45965
-0.34313,0.8809,0.326,-0.43069,0.41523,-0.07524
-0.32648,0.90284,0.27979,-0.54298,0.67321,0.03694
-0.31744,0.9192,0.23305,-0.56406,0.56812,-0.03464
-0.30886,0.93122,0.19349,-0.44194,0.3702,0.02993
-0.2933,0.94261,0.15958,-0.27962,0.22677,-0.00772
-0.27081,0.95529,0.11869,0.11351,0.20708,-0.32707
-0.24489,0.96677,0.07341,0.12016,0.03085,-0.23036
-0.21622,0.97576,0.03368,0.00795,-0.10211,-0.09424
-0.18276,0.98315,-0.00394,-0.06155,-0.39547,0.03092
-0.14635,0.98849,-0.03836,-0.10336,-0.58155,0.23974
-0.11008,0.99143,-0.0704,-0.09749,-0.62665,0.29373
-0.07923,0.99086,-0.10915,-0.11139,-0.62201,0.24164
-0.05489,0.98625,-0.15585,-0.18086,-0.58722,0.0585
-0.0388,0.97936,-0.19838,-0.24554,-0.586,0.02972
-0.03125,0.9736,-0.2261,-0.31336,-0.76701,0.03018
-0.03605,0.9712,-0.23551,-0.15705,-0.81898,-0.06642
-0.05369,0.97225,-0.22769,-0.0143,-0.77731,-0.15051
-0.07993,0.97607,-0.20223,0.2053,-0.54864,-0.37977
-0.10891,0.98113,-0.15978,0.60641,0.04169,-1.12603
-0.13421,0.98294,-0.12576,0.71576,0.38626,-1.52875
-0.15981,0.97959,-0.12194,0.25575,1.0318,-1.25008
-0.17133,0.97606,-0.13398,0.00102,1.27042,-0.8304
-0.15726,0.97602,-0.15048,0.33968,0.54209,-0.65637
-0.13253,0.97639,-0.17057,0.63226,-0.24872,-0.63439
-0.1094,0.97633,-0.18657,-0.54669,0.37021,-0.615
-0.11408,0.97825,-0.17326,-0.9587,0.90211,-0.23635
-0.12659,0.979,-0.15978,-1.37842,0.34078,0.29165
-0.11348,0.98081,-0.15856,-0.67165,-0.29586,-0.20841
-0.10604,0.98255,-0.15281,-0.50507,-0.43514,-0.24049
-0.11302,0.98737,-0.11102,-0.26163,-0.66985,0.18265
-0.13166,0.99095,-0.02633,-0.08467,-0.67134,0.60195
-0.16805,0.98338,0.06872,-0.19432,-0.44976,0.5626
-0.21229,0.96684,0.14195,0.04522,0.05048,-0.30099
-0.25241,0.94979,0.1849,0.13359,0.13374,-0.33372
-0.28874,0.93295,0.215,0.13292,0.11174,-0.19803
-0.31256,0.91783,0.24473,0.25207,0.02902,0.33817
-0.32144,0.90921,0.26461,0.41053,0.04266,0.23431
-0.32496,0.9005,0.28896,0.12993,-0.16297,-0.24869
-0.32801,0.88999,0.31676,-0.01038,-0.2021,-0.31169
-0.33471,0.87754,0.34335,-0.02851,-0.14068,-0.31826
-0.34458,0.86353,0.36821,0.01678,-0.0546,-0.4052
-0.35679,0.84842,0.391,0.11604,0.05731,-0.39465
-0.37108,0.83425,0.40782,0.1535,0.10233,-0.38472
-0.38748,0.81887,0.42346,0.1834,0.12985,-0.32022
-0.40387,0.80097,0.44196,0.26214,0.20847,-0.22603
-0.41589,0.78427,0.46038,0.38417,0.33285,-0.30209
-0.42219,0.77084,0.47703,0.60444,0.46762,-0.4973
-0.43093,0.75984,0.48676,0.55401,0.6802,-0.40078
-0.43908,0.75393,0.48867,0.50072,0.64603,-0.20765
-0.44101,0.75226,0.4895,0.50314,0.49243,-0.46292
-0.43739,0.75384,0.49033,0.46386,0.46616,-0.76151
-0.43441,0.76049,0.48263,0.41169,0.51545,-0.61413
-0.43015,0.77517,0.46269,0.2298,0.73963,-0.23964
-0.41419,0.80079,0.43264,0.02486,0.72202,-0.21337
-0.39336,0.8329,0.38928,-0.04309,0.46278,-0.52936
-0.37507,0.86906,0.32256,-0.0922,0.44397,-0.80446
-0.35927,0.8959,0.2613,-0.40518,0.68129,0.10247
-0.34693,0.91501,0.20591,-0.5843,0.63016,0.11944
-0.33631,0.92962,0.15067,-0.62901,0.4547,0.12342
-0.32111,0.93931,0.12077,-0.41481,0.04151,0.31565
-0.29873,0.95036,0.08703,0.33441,0.19825,-0.36433
-0.26867,0.96262,0.03436,0.33585,0.21817,-0.29522
-0.23717,0.97143,-0.00868,0.16792,-0.06593,-0.01842
-0.20408,0.97776,-0.04845,0.01503,-0.3346,-0.00081
-0.16821,0.98222,-0.08338,-0.08453,-0.38496,0.19156
-0.1311,0.9848,-0.11389,-0.10416,-0.47046,0.24066
-0.09687,0.98438,-0.14701,-0.12731,-0.56318,0.25966
-0.06927,0.98024,-0.1853,-0.19573,-0.57625,0.19151
-0.04904,0.97421,-0.22023,-0.31193,-0.56526,0.13404
-0.0363,0.96862,-0.24588,-0.31226,-0.63337,0.12247
-0.03542,0.96536,-0.25851,-0.30349,-0.66767,0.09738
-0.04646,0.96503,-0.25799,-0.17663,-0.69908,-0.03139
-0.06664,0.9678,-0.24273,0.10837,-0.48112,-0.31626
-0.09278,0.97347,-0.20914,0.20981,-0.37617,-0.48144
-0.1201,0.97924,-0.16331,0.32355,-0.08452,-0.88235
-0.14812,0.97985,-0.13402,0.42834,0.71681,-1.21035
-0.17487,0.97593,-0.13033,0.36343,0.98901,-0.99906
-0.17535,0.97345,-0.14713,0.46797,0.99954,-0.59777
-0.15165,0.97498,-0.16256,0.61779,0.50694,-0.50787
-0.12144,0.97707,-0.17488,0.7051,-0.37302,-0.48231
-0.09751,0.97956,-0.17593,-0.37252,0.00219,-0.32669
-0.10517,0.9825,-0.15373,-1.08935,0.86976,0.0261
-0.12948,0.98238,-0.13475,-1.44154,0.77648,0.28867
-0.12133,0.98341,-0.13487,-0.77895,-0.0091,-0.17635
-0.11358,0.98456,-0.13318,-0.35465,-0.5084,-0.05505
-0.118,0.98901,-0.08911,-0.25772,-0.6916,0.16672
-0.13811,0.99037,-0.0097,-0.15713,-0.66409,0.58143
-0.17678,0.98123,0.07703,-0.31647,-0.39067,0.34274
-0.22362,0.96342,0.14771,-0.24898,-0.32038,-0.05164
-0.26453,0.94566,0.18906,0.16951,0.02748,-0.30958
-0.2977,0.92887,0.22041,0.08942,0.01462,0.07756
-0.31486,0.91424,0.25502,0.19218,-0.03687,0.44402
-0.31547,0.90625,0.28142,0.41059,-0.0964,-0.10668
-0.31217,0.89754,0.31139,0.12204,0.00149,-0.43005
-0.31182,0.88742,0.33948,-0.02242,-0.00381,-0.47752
-0.31461,0.87688,0.36346,-0.04377,0.01402,-0.54584
-0.31967,0.86578,0.385,0.09951,0.02196,-0.59505
-0.33036,0.85334,0.40333,0.204,0.07997,-0.41592
-0.34547,0.83984,0.41871,0.20181,0.06333,-0.22111
-0.35956,0.82545,0.43513,0.14673,0.0574,-0.26577
-0.37024,0.8106,0.4537,0.12688,0.14176,-0.39733
-0.37843,0.7975,0.46988,0.19099,0.27732,-0.42283
-0.38337,0.7869,0.48354,0.28912,0.40112,-0.38998
-0.3862,0.77847,0.49481,0.41717,0.48076,-0.32693
-0.39211,0.77229,0.49981,0.46856,0.55879,-0.29306
-0.39337,0.7703,0.5019,0.50497,0.60412,-0.52601
-0.38934,0.77349,0.50013,0.49943,0.64317,-0.65251
-0.38044,0.78604,0.48725,0.29046,0.77065,-0.34536
-0.35933,0.81042,0.46271,-0.00946,0.75234,-0.16629
-0.33249,0.84014,0.42851,-0.14215,0.7102,-0.40649
-0.30763,0.87358,0.37713,-0.19168,0.48137,-0.79377
-0.28898,0.90837,0.30226,-0.72387,0.73439,-0.23309
-0.27713,0.92989,0.24188,-0.80671,0.66862,0.06281
-0.26832,0.94463,0.18887,-0.75693,0.48893,0.1319
-0.2574,0.95494,0.14779,-0.49713,-0.06576,0.2055
-0.24224,0.96411,0.10869,-0.43496,-0.14477,0.09471
-0.22048,0.97436,0.04487,0.03272,-0.05796,-0.17787
-0.19485,0.98074,-0.01355,0.25393,-0.09993,-0.16243
-0.16555,0.98444,-0.05898,0.18343,-0.20126,-0.06313
-0.13308,0.98652,-0.09521,0.04252,-0.42935,0.12935
-0.10035,0.986,-0.13315,-0.05886,-0.58219,0.26175
-0.07049,0.98188,-0.17593,-0.06177,-0.59259,0.3091
-0.04763,0.97498,-0.21713,-0.11204,-0.61713,0.24064
-0.02996,0.96743,-0.25138,-0.26842,-0.59919,0.1799
-0.02028,0.96009,-0.27896,-0.31578,-0.60752,0.1593
-0.02067,0.95659,-0.29071,-0.3503,-0.74204,0.1208
-0.03332,0.95779,-0.28554,-0.11149,-0.833,-0.09251
-0.05542,0.96385,-0.26062,0.02983,-0.74055,-0.19087
-0.0826,0.97352,-0.21317,0.26126,-0.47411,-0.45109
-0.10811,0.98104,-0.16084,0.57599,0.35125,-1.44981
-0.1293,0.98097,-0.14486,0.52144,0.77477,-1.60949
-0.15084,0.97775,-0.14576,-0.15331,1.13313,-0.49958
-0.14404,0.97592,-0.16378,-0.09102,0.9626,-0.47007
-0.12433,0.9749,-0.18472,0.24863,0.23282,-0.70687
-0.10493,0.97328,-0.20425,0.20039,-0.26185,-0.8066
-0.09497,0.97293,-0.21068,-0.75979,0.99382,-0.89601
-0.11171,0.97275,-0.2032,-1.095,1.61185,-0.27825
-0.10359,0.97594,-0.19185,-0.71062,-0.35625,0.65653
-0.08859,0.98067,-0.1745,-0.57586,-0.77078,-0.16324
-0.08201,0.98578,-0.14666,-0.51146,-0.70369,-0.29613
-0.09422,0.99188,-0.08538,-0.22683,-0.68062,0.60847
-0.12932,0.9915,0.01413,-0.39113,-0.44852,0.67716
-0.17614,0.97911,0.10159,-0.40557,-0.38037,0.37484
-0.22063,0.96293,0.15524,0.08499,-0.17484,-0.1501
-0.26167,0.94883,0.17678,0.3539,0.14491,-0.33302
-0.29898,0.93202,0.20481,0.30601,0.0713,0.00907
-0.32257,0.91809,0.23034,0.36279,0.13035,-0.01406
-0.33304,0.90757,0.25576,0.31892,-0.01992,-0.14321
-0.33812,0.89724,0.28398,0.14543,-0.10749,-0.12643
-0.3415,0.88594,0.31381,0.04057,-0.13036,-0.03952
-0.34608,0.87317,0.34322,0.00167,-0.09688,-0.23384
-0.35089,0.86014,0.37019,0.1561,0.00647,-0.52263
-0.35655,0.84692,0.39447,0.32371,0.14883,-0.74138
-0.36714,0.83416,0.41157,0.30192,0.1342,-0.59306
-0.38369,0.81987,0.42497,0.25514,0.09624,-0.34327
-0.39969,0.80358,0.44103,0.14056,0.08717,-0.06837
-0.40884,0.78867,0.45917,0.14001,0.23006,-0.34974
-0.41246,0.77659,0.47622,0.19429,0.3277,-0.53551
-0.41676,0.76793,0.4864,0.45125,0.53268,-0.55899
-0.42442,0.76308,0.48741,0.65799,0.50985,-0.23084
-0.42883,0.76201,0.48522,0.64626,0.49789,-0.18215
-0.42497,0.76529,0.48345,0.63776,0.60136,-0.74201
-0.41731,0.77903,0.46793,0.27121,0.75777,-0.21629
-0.39818,0.80383,0.44194,0.11264,0.74054,-0.06688
-0.3734,0.83391,0.40641,-0.13925,0.52571,-0.52844
-0.34909,0.86987,0.34851,-0.37459,0.54186,-0.6929
-0.32506,0.90009,0.29013,-0.56208,0.60465,-0.31301
-0.30716,0.92138,0.23815,-0.74754,0.82456,0.18932
-0.29483,0.9367,0.18884,-0.81169,0.55387,0.00352
-0.27947,0.94814,0.1514,-0.82705,0.54243,0.04095
-0.25827,0.9592,0.11508,-0.40815,-0.05581,-0.22917
-0.2355,0.9692,0.07208,0.18092,-0.07323,-0.30102
-0.21129,0.97674,0.03651,0.16352,-0.03469,-0.07394
-0.17955,0.98373,0.00579,0.19566,-0.13211,-0.0048
-0.13986,0.99,-0.01846,0.03352,-0.28564,0.14671
-0.09721,0.99423,-0.04532,-0.09148,-0.49956,0.2757
-0.05771,0.99466,-0.08559,-0.11415,-0.64386,0.39938
-0.02699,0.99023,-0.13682,-0.14933,-0.73309,0.18002
-0.00553,0.98308,-0.18309,-0.21371,-0.74503,0.1282
0.00735,0.97626,-0.21649,-0.29208,-0.76218,0.02716
0.00889,0.97222,-0.23391,-0.28129,-0.80745,-0.01419
-0.00401,0.97205,-0.23475,-0.24964,-0.84075,-0.05959
-0.02791,0.97567,-0.21746,-0.06779,-0.79264,-0.17447
-0.05871,0.98314,-0.17317,0.23216,-0.49786,-0.53006
-0.09184,0.9897,-0.1098,0.32561,-0.29628,-0.81984
-0.12269,0.9898,-0.07234,0.58149,0.92001,-1.46437
-0.14858,0.98608,-0.07463,0.30947,1.31977,-1.02089
-0.13929,0.98599,-0.09182,0.05178,1.65095,-0.49781
-0.10704,0.98808,-0.11062,0.45069,0.06833,-0.6595
-0.0765,0.98808,-0.13356,0.12933,-0.06079,-0.79591
-0.07506,0.98603,-0.14871,-0.40399,0.52151,-0.88414
-0.0917,0.98403,-0.15259,-1.48002,1.24893,0.80339
-0.07124,0.98564,-0.15309,-0.59451,-0.6239,0.60551
-0.05287,0.99093,-0.12355,-0.47029,-1.01879,0.27005
-0.04413,0.99464,-0.09351,-0.48369,-0.84709,-0.26524
-0.05871,0.9978,-0.03095,-0.41114,-0.71545,0.46741
-0.17994,0.97091,0.15797,-0.37798,-0.50053,0.52262
-0.2446,0.94086,0.23442,-0.42625,-0.20151,0.14772
-0.30295,0.91117,0.27927,-0.15959,-0.08001,-0.21111
-0.35552,0.88366,0.30456,0.36652,0.22411,-0.36378
-0.39019,0.85562,0.34012,0.32308,0.13068,0.067
-0.40805,0.83765,0.36311,0.49016,0.07005,0.13705
-0.41744,0.82418,0.38271,0.32156,-0.00944,0.00854
-0.41973,0.81191,0.40574,0.07621,-0.05875,-0.20708
-0.41779,0.80033,0.43002,-0.04981,-0.06664,-0.46823
-0.41562,0.7877,0.45473,0.12081,0.11882,-0.60729
-0.41723,0.7743,0.4758,0.33534,0.21464,-0.71199
-0.42687,0.76015,0.48986,0.33679,0.17046,-0.41674
-0.44343,0.74454,0.49902,0.28872,0.14164,-0.33112
-0.45968,0.72692,0.51019,0.24477,0.12837,-0.27917
-0.47228,0.70803,0.52502,0.28913,0.31115,-0.40101
-0.47923,0.69034,0.542,0.35347,0.38397,-0.4564
-0.47992,0.67738,0.55752,0.51364,0.51495,-0.57435
-0.48014,0.66972,0.56652,0.72673,0.62655,-0.31245
-0.48469,0.66519,0.56797,0.69629,0.62686,-0.26043
-0.48248,0.66492,0.57017,0.58643,0.60107,-0.5406
-0.47703,0.67093,0.56771,0.47448,0.6142,-0.88003
-0.47283,0.68699,0.5518,0.42725,0.62298,-0.72238
-0.4646,0.7147,0.52282,0.12093,0.85991,-0.26962
-0.4508,0.7519,0.48106,-0.08504,0.49308,-0.61509
-0.43759,0.79406,0.42189,-0.18554,0.40328,-0.64255
-0.41989,0.82865,0.37019,-0.36731,0.45741,-0.14111
-0.40738,0.85444,0.32246,-0.48572,0.80453,-0.00924
-0.40175,0.87233,0.27863,-0.54678,0.74444,-0.08449
-0.39581,0.88619,0.24085,-0.53553,0.54942,-0.19185
-0.381,0.90127,0.20627,0.06249,0.30342,-0.01326
-0.35273,0.92082,0.16634,0.30678,0.32759,-0.15331
-0.31959,0.93948,0.12347,0.22297,0.03237,-0.19632
-0.28333,0.95525,0.08499,0.04828,-0.34287,-0.06296
-0.24579,0.96807,0.04933,-0.04836,-0.44919,0.0467
-0.20875,0.9778,0.01832,-0.03176,-0.66661,0.21946
-0.174,0.98461,-0.01653,-0.03661,-0.68805,0.24495
-0.14387,0.988,-0.0562,0.012,-0.65901,0.1862
-0.12135,0.98826,-0.09282,-0.1645,-0.71957,-0.02189
-0.10562,0.987,-0.12116,-0.21231,-0.72075,-0.02152
-0.10148,0.9854,-0.13673,-0.23733,-0.7397,-0.03267
-0.11225,0.9843,-0.13619,-0.11083,-0.83452,-0.16992
-0.13225,0.98402,-0.11919,0.01651,-0.788,-0.25295
-0.15837,0.98441,-0.07645,0.25643,-0.62402,-0.41989
-0.18848,0.982,-0.01261,0.62583,0.209,-1.32518
-0.21815,0.97544,0.03041,0.56156,1.18449,-1.38903
-0.24107,0.97015,0.02654,0.32325,1.7201,-1.19436
-0.22905,0.97336,0.00974,0.38144,0.65043,-0.73271
-0.19151,0.98148,-0.00447,0.67966,-0.47278,-0.79354
-0.15454,0.98784,-0.01684,0.56476,-0.73586,-0.83136
-0.15257,0.98826,-0.0079,-0.99873,1.49509,-0.35753
-0.18422,0.98287,0.00475,-1.26509,1.09693,0.66949
-0.18213,0.98327,-0.00282,-1.25541,0.62408,0.55948
-0.16294,0.98664,0.0001,-0.47123,-0.81685,-0.49326
-0.15563,0.98769,0.01562,-0.32159,-0.80292,0.12288
-0.16674,0.98326,0.07352,-0.22492,-0.80512,0.39814
-0.19992,0.96658,0.1605,-0.41519,-0.44401,0.35385
-0.25033,0.9397,0.23304,-0.4035,-0.31184,-0.23635
-0.30861,0.91264,0.26806,0.20149,0.12974,-0.40072
-0.36484,0.88108,0.301,0.16234,-0.01,0.02975
-0.40635,0.8456,0.34617,0.27979,-0.00323,0.5369
-0.42245,0.82862,0.36733,0.65127,0.02708,0.34358
-0.42547,0.82048,0.38182,0.3619,-0.07695,-0.31074
-0.42365,0.80649,0.41242,0.18963,-0.02112,-0.50932
-0.41991,0.79107,0.44485,0.13187,0.08264,-0.66961
-0.42074,0.77687,0.46845,0.16421,0.11816,-0.64721
-0.43154,0.76198,0.48287,0.24365,0.0968,-0.42611
-0.44807,0.74555,0.49334,0.27859,0.12342,-0.3816
-0.46456,0.72718,0.50536,0.31971,0.21364,-0.36368
-0.47477,0.70829,0.52242,0.42237,0.35021,-0.42736
-0.47862,0.69368,0.53827,0.64545,0.42081,-0.52609
-0.48304,0.68246,0.54857,0.68037,0.6462,-0.35634
-0.48818,0.67473,0.55356,0.62237,0.73424,-0.26536
-0.49068,0.67213,0.55451,0.57916,0.70623,-0.42407
-0.48803,0.67406,0.5545,0.48144,0.56906,-0.7457
-0.48314,0.683,0.5478,0.32744,0.5114,-0.5965
-0.4786,0.70176,0.52771,0.202,0.65674,-0.40213
-0.46653,0.73089,0.49814,-0.03878,0.80167,-0.52926
-0.45342,0.77177,0.44584,-0.06701,0.62544,-0.48111
-0.43863,0.81054,0.3881,-0.23347,0.57399,-0.19692
-0.4237,0.84078,0.33701,-0.50641,0.71655,-0.01555
-0.41294,0.86367,0.28905,-0.54255,0.7192,-0.12917
-0.4059,0.88174,0.24038,-0.60036,0.6563,-0.19614
-0.39538,0.89633,0.20065,-0.19683,0.36992,-0.09477
-0.3761,0.91119,0.16818,0.40445,0.25689,-0.29847
-0.34943,0.92821,0.12774,0.37778,0.23986,-0.25803
-0.31821,0.9439,0.08831,0.08878,-0.12842,-0.00637
-0.28406,0.95744,0.05114,-0.03933,-0.43837,0.00773
-0.24888,0.96835,0.01897,-0.07269,-0.48387,0.16371
-0.21367,0.97686,-0.00924,-0.02746,-0.54899,0.23878
-0.1801,0.98289,-0.03862,0.06105,-0.59101,0.15597
-0.15125,0.98598,-0.07042,0.05806,-0.63756,0.09363
-0.12913,0.98667,-0.09902,-0.03745,-0.74902,-0.02076
-0.11583,0.98622,-0.1181,-0.16769,-0.82553,-0.08644
-0.11538,0.98584,-0.1217,-0.17184,-0.88267,-0.12187
-0.12698,0.98577,-0.11017,0.12394,-0.66512,-0.39337
-0.14686,0.98577,-0.08176,0.18798,-0.55636,-0.45454
-0.17438,0.98425,-0.02915,0.277,-0.18023,-0.77212
-0.20605,0.97811,0.02898,0.41975,0.56045,-1.32568
-0.24081,0.96891,0.05672,0.4947,1.0496,-1.48782
-0.25749,0.96518,0.04614,0.25021,1.87592,-1.17781
-0.23282,0.9721,0.02871,0.88116,0.31257,-0.69572
-0.19444,0.98083,0.01268,0.92587,-0.57439,-0.5466
-0.1668,0.9859,0.01306,0.43951,-0.52257,-0.31245
-0.18207,0.98224,0.04539,-1.10536,1.49471,0.00794
-0.2085,0.97625,0.0589,-1.20635,1.04914,0.53931
-0.19187,0.97985,0.05557,-1.02703,0.39752,0.05797
-0.1686,0.98343,0.06668,-0.26705,-0.8471,-0.52515
-0.16178,0.98282,0.08885,-0.33825,-0.84836,0.13695
-0.17303,0.9741,0.14557,-0.28588,-0.79621,0.30632
-0.20556,0.95337,0.22097,-0.46837,-0.65109,-0.02288
-0.25783,0.92495,0.27927,-0.3715,-0.36724,-0.54907
-0.31162,0.89958,0.30601,-0.0713,-0.12364,-0.47189
-0.36373,0.86795,0.33817,0.07388,0.12623,-0.04531
-0.39971,0.83293,0.38269,0.06138,0.15812,0.19289
-0.41003,0.81371,0.41201,0.3077,0.21542,0.49966
-0.40884,0.80439,0.43104,0.38812,-0.02156,-0.46892
-0.40798,0.79418,0.45037,0.279,0.03389,-0.63438
-0.40923,0.78046,0.47266,0.21536,0.09994,-0.75606
-0.41592,0.76573,0.49058,0.23072,0.14948,-0.51431
-0.42651,0.75196,0.50264,0.18302,0.14701,-0.4091
-0.4409,0.73651,0.51299,0.19742,0.16246,-0.41945
-0.45627,0.71877,0.52458,0.18391,0.16172,-0.44603
-0.46699,0.70203,0.53766,0.31949,0.27914,-0.40208
-0.47284,0.68741,0.55127,0.65902,0.40944,-0.51445
-0.47982,0.67519,0.56026,0.77761,0.63435,-0.56779
-0.48765,0.66879,0.56118,0.76577,0.73055,-0.34953
-0.49001,0.66949,0.55828,0.67161,0.7194,-0.52145
-0.4856,0.67637,0.55382,0.62784,0.61929,-0.83226
-0.47826,0.6953,0.53649,0.20885,0.81869,-0.27941
-0.46097,0.72668,0.50935,0.05232,0.80518,-0.32416
-0.44134,0.76789,0.46428,-0.14405,0.70292,-0.7038
-0.42219,0.80822,0.41053,-0.47183,0.64914,-0.0674
-0.40325,0.84102,0.36066,-0.46101,0.78915,-0.01407
-0.39234,0.86396,0.31564,-0.54964,0.79319,-0.15666
-0.3865,0.88111,0.2725,-0.54402,0.51376,-0.30991
-0.37815,0.89615,0.23218,-0.34542,0.33624,-0.26856
-0.36433,0.91134,0.19163,-0.05832,0.19765,-0.22427
-0.3469,0.92568,0.15095,0.28608,0.01871,-0.13822
-0.32372,0.93975,0.1099,0.17194,-0.0362,0.01972
-0.29314,0.95342,0.0711,0.0748,-0.25332,-0.04261
-0.25833,0.96522,0.04015,-0.03643,-0.46777,0.0561
-0.21934,0.97554,0.01467,-0.12126,-0.59492,0.25315
-0.181,0.98333,-0.0172,-0.06438,-0.63775,0.3028
-0.14862,0.98737,-0.05483,0.07229,-0.68749,0.02129
-0.12348,0.98837,-0.08874,0.01381,-0.72307,-0.05042
-0.10602,0.98785,-0.11361,-0.10152,-0.79202,-0.08765
-0.10179,0.98688,-0.12535,-0.13204,-0.90532,-0.21308
-0.11324,0.98665,-0.11702,-0.05076,-0.90001,-0.26832
-0.13559,0.98713,-0.08474,0.30132,-0.5444,-0.53684
-0.1645,0.98599,-0.02749,0.40983,-0.32643,-0.82027
-0.1954,0.98015,0.03365,0.57186,-0.0162,-1.27502
-0.22689,0.97268,0.04915,0.46743,1.4798,-1.28096
-0.24096,0.96999,0.03242,0.18162,1.97131,-0.65649
-0.21544,0.97639,0.01598,0.30713,1.32595,-0.55637
-0.17506,0.98456,-0.00197,0.36204,-0.13881,-0.88961
-0.14922,0.98863,-0.01832,-0.91452,0.92413,-1.04163
-0.16478,0.98607,-0.02259,-1.2015,1.57673,-0.5259
-0.15974,0.98642,-0.03823,-0.63582,-0.32738,0.65789
-0.14093,0.9897,-0.02514,-0.63602,-0.97499,-0.15151
-0.13266,0.99115,-0.00367,-0.69544,-0.99747,-0.38841
-0.14244,0.98892,0.0419,-0.35375,-0.61311,0.4283
-0.18219,0.97436,0.13199,-0.47141,-0.41278,0.57757
-0.23751,0.94754,0.21393,-0.3816,-0.28761,0.1662
-0.29158,0.91858,0.2668,0.26663,0.23721,-0.3233
-0.34395,0.89187,0.29372,0.37049,0.26653,-0.25384
-0.38404,0.86187,0.33118,0.28875,0.04897,0.00312
-0.40717,0.83862,0.36185,0.42629,-0.00198,-0.12017
-0.42139,0.82108,0.38504,0.39477,-0.07185,-0.07923
-0.43292,0.80475,0.40613,0.21292,-0.00788,-0.10273
-0.44079,0.7885,0.42892,0.16904,0.00798,-0.27002
-0.44606,0.7719,0.45298,0.28398,0.11983,-0.51217
-0.45233,0.75489,0.47492,0.38456,0.1863,-0.64406
-0.46343,0.73889,0.48916,0.38903,0.20316,-0.65565
-0.47988,0.7223,0.498,0.31783,0.1991,-0.44688
-0.49667,0.70344,0.50842,0.31654,0.19678,-0.28672
-0.50863,0.68449,0.52227,0.39169,0.29951,-0.32983
-0.51282,0.66878,0.53829,0.5656,0.48569,-0.54834
-0.51436,0.65653,0.55173,0.8365,0.66293,-0.57849
-0.52058,0.64915,0.55462,0.7757,0.70013,-0.31638
-0.52182,0.64886,0.55379,0.62532,0.64906,-0.64917
-0.51781,0.65514,0.55014,0.58234,0.59971,-0.80363
-0.51382,0.6714,0.53404,0.44834,0.60004,-0.69104
-0.50485,0.69911,0.50634,-0.00222,0.87389,-0.35962
-0.48788,0.73711,0.46758,-0.02454,0.77802,-0.51891
-0.47036,0.77935,0.41398,-0.11937,0.51548,-0.40404
-0.45184,0.81617,0.36014,-0.42456,0.72758,-0.18618
-0.44072,0.84279,0.30898,-0.6091,0.81352,-0.17622
-0.43339,0.86227,0.26203,-0.69782,0.78223,-0.26217
-0.42669,0.87824,0.21595,-0.37142,0.31387,-0.12704
-0.41319,0.89375,0.17461,-0.08365,0.24892,-0.09085
-0.39327,0.91022,0.12978,0.36031,0.26347,-0.20154
-0.36654,0.92624,0.08798,0.24044,-0.04496,-0.0753
-0.33119,0.94217,0.05127,0.18144,-0.21803,-0.08877
-0.29225,0.95615,0.01898,0.06429,-0.44743,-0.02001
-0.25455,0.96703,-0.00783,-0.05989,-0.60283,0.35026
-0.21928,0.97479,-0.04121,-0.03581,-0.63618,0.38957
-0.19002,0.97836,-0.08191,0.04443,-0.6518,0.31718
-0.17074,0.97813,-0.11879,0.04189,-0.73203,0.05271
-0.15931,0.97673,-0.14358,-0.00118,-0.74478,0.03663
-0.15782,0.97581,-0.15127,-0.06166,-0.87236,0.01127
-0.16769,0.9756,-0.14172,0.0022,-0.953,-0.35359
-0.18949,0.97587,-0.10854,0.0907,-0.88289,-0.42785
-0.22042,0.97437,-0.04498,0.36061,-0.38638,-0.90786
-0.25588,0.96635,0.02621,0.55489,-0.03636,-1.29315
-0.29183,0.95562,0.04021,0.51718,1.93099,-1.48245
-0.30013,0.95369,0.02012,0.12664,2.07793,-0.73657
-0.26819,0.9633,0.01163,0.64711,0.15058,-0.59839
-0.22368,0.97465,-0.00368,0.64036,-0.45654,-0.66451
-0.20725,0.97827,-0.00596,-0.72718,0.69959,-0.82175
-0.24169,0.97035,0.0,-1.24305,1.41223,0.48221
-0.25205,0.96759,-0.01542,-1.4645,1.01929,0.57513
-0.22874,0.97348,-0.00319,-0.25031,-0.81005,-0.20404
-0.21662,0.97604,0.02062,-0.14078,-0.99026,-0.28336
-0.22584,0.97165,0.07001,-0.06427,-0.8576,0.14261
-0.26828,0.94934,0.16366,-0.35148,-0.44229,0.50239
-0.3176,0.91898,0.23369,-0.34112,-0.31682,0.31749
-0.36382,0.89201,0.26825,0.19531,0.20235,-0.45757
-0.41082,0.86384,0.29157,0.3239,0.17588,-0.21543
-0.44735,0.83192,0.32831,0.23876,0.05815,0.19429
-0.46542,0.81044,0.35576,0.39957,0.09882,0.1528
-0.47474,0.79581,0.3759,0.37382,-0.06733,-0.10725
-0.48255,0.78373,0.39104,0.28098,-0.01539,-0.26223
-0.48874,0.76931,0.41145,0.28787,0.04128,-0.35885
-0.49466,0.7529,0.4341,0.34442,0.13192,-0.54575
-0.50509,0.73731,0.44862,0.35787,0.16592,-0.48151
-0.51991,0.72096,0.45816,0.35069,0.18636,-0.45578
-0.53554,0.70261,0.46854,0.32427,0.22773,-0.36371
-0.54832,0.68285,0.48275,0.43007,0.32276,-0.28609
-0.55621,0.66461,0.49891,0.53779,0.37736,-0.35292
-0.55853,0.65114,0.51388,0.90646,0.62634,-0.51948
-0.56416,0.64265,0.51839,0.80643,0.73666,-0.21904
-0.56884,0.64007,0.51647,0.76043,0.74815,-0.22978
-0.56706,0.64215,0.51584,0.66435,0.68965,-0.55953
-0.56392,0.65046,0.50882,0.53346,0.57044,-0.73143
-0.56038,0.66688,0.49116,0.44394,0.62053,-0.65359
-0.55037,0.69398,0.46419,0.20137,0.74054,-0.48865
-0.53593,0.73231,0.42011,-0.0439,0.56089,-0.34176
-0.51954,0.77008,0.37021,-0.18069,0.46466,-0.0734
-0.50109,0.8019,0.32538,-0.41646,0.78964,-0.10464
-0.48985,0.82478,0.28247,-0.56882,0.86638,-0.21176
-0.48413,0.844,0.23085,-0.64107,0.78461,-0.28398
-0.47725,0.86052,0.17813,-0.40837,0.40634,-0.21361
-0.46632,0.8749,0.13079,0.04047,0.0838,-0.07286
-0.44954,0.88897,0.08743,0.29538,0.07619,-0.05565
-0.42516,0.90435,0.03721,0.40893,-0.07061,-0.07485
-0.39439,0.91891,-0.00803,0.23122,-0.34545,-0.01646
-0.36064,0.93154,-0.04661,0.19746,-0.35808,0.02212
-0.32817,0.94152,-0.07645,0.07997,-0.53791,0.36638
-0.2982,0.9485,-0.10684,0.12956,-0.54851,0.43016
-0.27496,0.95086,-0.14233,0.29147,-0.52005,0.20132
-0.25906,0.95025,-0.17295,0.2122,-0.58502,0.02696
-0.24998,0.94917,-0.19125,0.0603,-0.67111,-0.03693
-0.25036,0.94906,-0.19133,-0.01488,-0.81002,-0.09449
-0.26326,0.94938,-0.17136,0.13344,-0.77424,-0.22372
-0.28714,0.94938,-0.12743,0.37723,-0.58991,-0.44826
-0.31479,0.94722,-0.06065,0.62938,-0.29169,-0.87067
-0.34236,0.93956,-0.00474,0.8508,0.38437,-1.65056
-0.37264,0.92797,0.00096,0.40508,1.2344,-1.36382
-0.3827,0.92379,-0.0123,0.14584,1.63395,-0.98687
-0.36109,0.93232,-0.01989,0.66384,0.56901,-0.74792
-0.33237,0.94264,-0.03108,0.94608,-0.45904,-0.63788
-0.3095,0.95005,-0.0403,0.50683,-0.44052,-0.48389
-0.32657,0.94483,-0.0256,-1.10446,1.35482,0.05516
-0.3473,0.9373,-0.02909,-1.36669,0.87942,0.44181
-0.33505,0.94198,-0.02023,-0.82875,0.19175,0.30368
-0.32848,0.94446,-0.01004,-0.11113,-0.65795,-0.37079
-0.33384,0.9423,0.02481,-0.01641,-0.681,0.42539
-0.35404,0.93078,0.09114,0.022,-0.66248,0.60151
-0.38727,0.90922,0.1528,-0.13906,-0.27635,0.21822
-0.42789,0.88355,0.1904,0.30236,0.07074,-0.41522
-0.47108,0.85585,0.21358,0.38059,0.12832,-0.21872
-0.51095,0.82287,0.24864,0.30242,-0.00303,0.17267
-0.53922,0.79608,0.27476,0.47439,0.095,0.20379
-0.55535,0.77758,0.29489,0.49051,0.1135,0.18366
-0.56496,0.76388,0.31194,0.39163,0.05336,-0.03512
-0.5702,0.75066,0.33374,0.41184,0.17022,-0.44107
-0.57384,0.73555,0.36011,0.41548,0.18534,-0.46744
-0.58214,0.71974,0.37826,0.47338,0.19199,-0.58476
-0.59657,0.70378,0.38574,0.44875,0.17896,-0.40886
-0.61366,0.68598,0.39097,0.40786,0.1763,-0.27605
-0.62793,0.66689,0.40119,0.43729,0.21688,-0.21814
-0.63518,0.65011,0.41701,0.64052,0.39853,-0.32863
-0.6363,0.63667,0.43562,0.75471,0.50624,-0.4391
-0.63983,0.62547,0.44655,1.01118,0.68955,-0.41733
-0.64601,0.62038,0.44474,0.82802,0.80952,-0.17537
-0.6457,0.62055,0.44496,0.77569,0.75709,-0.34258
-0.64108,0.62772,0.44158,0.67768,0.60654,-0.58036
-0.63181,0.64693,0.42697,0.32764,0.88719,-0.16602
-0.61262,0.67871,0.40504,0.22193,0.89931,-0.04292
-0.58833,0.71597,0.37584,-0.04908,0.92168,-0.37137
-0.57016,0.75903,0.31431,-0.05538,0.65191,-0.76211
-0.55785,0.79152,0.2496,-0.31393,0.80702,-0.2942
-0.54704,0.81583,0.18753,-0.53009,0.71626,0.07808
-0.54006,0.83231,0.12488,-0.57842,0.63443,-0.01128
-0.5339,0.84246,0.07211,-0.41184,0.31662,-0.09019
-0.52366,0.85153,0.02581,0.5594,0.15825,-0.09564
-0.50537,0.86248,-0.02694,0.53052,0.2152,0.06141
-0.47935,0.87444,-0.07467,0.53947,0.05268,0.11196
-0.44975,0.8854,-0.11744,0.41324,-0.18705,0.19801
-0.4167,0.89626,-0.15191,0.23996,-0.36725,0.27478
-0.38518,0.90549,-0.1781,0.13353,-0.4687,0.43608
-0.35634,0.91199,-0.2032,0.19602,-0.55935,0.40306
-0.33217,0.9152,-0.22821,0.15748,-0.62737,0.24579
-0.31479,0.91636,-0.24736,0.07666,-0.64314,0.11738
-0.30533,0.9177,-0.25415,-0.01528,-0.71093,0.09385
-0.30481,0.91971,-0.24744,-0.0039,-0.78517,-0.06032
-0.3151,0.92159,-0.22668,0.19982,-0.71773,-0.24779
-0.33412,0.92326,-0.18963,0.46928,-0.55964,-0.35574
-0.35976,0.92384,-0.13074,0.61468,-0.34649,-0.65396
-0.38938,0.9184,-0.0702,0.78333,0.19997,-1.2631
-0.42405,0.90452,-0.04492,0.7841,0.98551,-1.3401
-0.44402,0.89432,-0.05514,0.37537,1.69501,-1.03108
-0.43163,0.89998,-0.06102,0.48032,0.88333,-0.70721
-0.40859,0.91023,-0.06738,0.53684,0.25376,-0.86132
-0.40159,0.91242,-0.07881,-0.97544,2.23254,-0.27702
-0.40777,0.90905,-0.08574,-0.96926,2.23591,-0.27008
-0.38265,0.91992,-0.08557,-0.11859,-0.5544,0.77187
-0.36307,0.93037,-0.05093,-0.36852,-1.35136,-0.49244
-0.34984,0.93572,-0.04516,-0.38176,-1.35671,-0.49821
-0.36555,0.93079,-0.00166,-0.0978,-0.64988,0.5998
-0.40844,0.90936,0.07906,-0.24269,-0.31089,0.46297
-0.45539,0.88184,0.12241,-0.11319,-0.20281,-0.05294
-0.49856,0.85805,0.12322,0.48698,0.36067,-0.33982
-0.54153,0.82844,0.14295,0.36972,0.09612,0.24782
-0.57362,0.79879,0.18135,0.40494,0.10419,0.24479
-0.59308,0.77844,0.20564,0.56073,0.14958,0.31057
-0.60348,0.76404,0.22813,0.55563,0.0258,0.13426
-0.60943,0.75101,0.25411,0.45569,0.02923,-0.04123
-0.61439,0.73548,0.28567,0.42975,0.04199,-0.23782
-0.61797,0.71908,0.31786,0.52572,0.17142,-0.54802
-0.62377,0.70309,0.34142,0.51684,0.20496,-0.56841
-0.6337,0.68782,0.35403,0.46298,0.23342,-0.43634
-0.64697,0.67074,0.36268,0.42305,0.27977,-0.1714
-0.66058,0.65105,0.37386,0.4383,0.33703,-0.13602
-0.66954,0.63221,0.38991,0.51352,0.43644,-0.24769
-0.6738,0.61703,0.40653,0.92796,0.56589,-0.55262
-0.68078,0.60542,0.41231,0.95483,0.59908,-0.41996
-0.68527,0.60079,0.41164,0.92575,0.72138,-0.03797
-0.68176,0.60154,0.41636,0.87881,0.73387,-0.29085
-0.67461,0.61006,0.41561,0.77997,0.69559,-0.76012
-0.66518,0.63228,0.39719,0.36277,0.82831,-0.13839
-0.64652,0.66664,0.37096,0.20047,0.84997,-0.03075
-0.62421,0.70947,0.32713,0.04587,0.68415,-0.35448
-0.60188,0.75314,0.26554,-0.30324,1.0311,0.03173
-0.58252,0.78285,0.21866,-0.39203,1.0641,0.19896
-0.56945,0.80485,0.16717,-0.43707,0.94707,0.21941
-0.55929,0.82237,0.10444,-0.67195,0.71411,-0.21682
-0.54603,0.83588,0.05627,-0.22428,0.29774,-0.01515
-0.52753,0.84937,0.01663,0.36307,0.15759,-0.05549
-0.50226,0.86416,-0.03094,0.47609,0.06134,-0.04753
-0.47316,0.87792,-0.0733,0.29848,-0.10387,0.13367
-0.44024,0.89146,-0.10714,0.23687,-0.34723,0.1367
-0.40768,0.9035,-0.13223,0.14699,-0.47963,0.36402
-0.37763,0.91319,-0.15323,0.13631,-0.53766,0.46748
-0.35042,0.91958,-0.1777,0.27971,-0.60449,0.44526
-0.33148,0.9207,-0.20601,0.34624,-0.7041,0.26634
-0.31925,0.91956,-0.22912,0.1823,-0.72154,0.08599
-0.31452,0.91871,-0.23887,0.05069,-0.80958,0.04278
-0.32203,0.9178,-0.23224,0.00648,-0.8896,-0.11325
-0.34202,0.91693,-0.20558,0.18638,-0.8235,-0.24516
-0.37074,0.91596,-0.15352,0.48886,-0.54868,-0.44909
-0.40232,0.91122,-0.08842,0.73333,-0.05697,-1.05465
-0.42879,0.90138,-0.0605,0.86542,0.87561,-1.76413
-0.45097,0.8901,-0.06587,0.34787,1.67543,-1.00899
-0.44548,0.89222,-0.07409,0.38626,1.30285,-0.57575
-0.4203,0.90419,-0.07608,0.95996,-0.3542,-0.6847
-0.38951,0.91738,-0.0819,0.91543,-0.56664,-0.6163
-0.38005,0.92186,-0.0757,-0.28514,0.40205,-0.64732
-0.40783,0.91032,-0.07064,-1.05071,1.77515,0.24356
-0.41452,0.90683,-0.07635,-1.40865,1.05191,0.52407
-0.39445,0.91607,-0.07222,-0.15755,-0.72571,-0.37737
-0.38625,0.92052,-0.05879,-0.05552,-0.78377,0.14923
-0.39394,0.91908,-0.00992,0.101,-0.89412,0.58387
-0.42074,0.9043,0.07219,-0.08481,-0.43009,0.53536
-0.46026,0.87908,0.12399,-0.12488,-0.19459,-0.28906
-0.50226,0.85233,0.14582,0.14507,-0.02491,-0.3567
-0.54291,0.82423,0.16091,0.40869,0.1586,-0.20957
-0.5795,0.79215,0.19154,0.34327,0.08461,0.39811
-0.59921,0.77119,0.21497,0.43928,0.14571,0.54388
-0.60556,0.75961,0.23724,0.74322,0.07159,0.26091
-0.60869,0.74706,0.26721,0.56792,0.16569,-0.40693
-0.61098,0.73413,0.29624,0.60695,0.26695,-0.64301
-0.61735,0.72068,0.31542,0.50821,0.18749,-0.25721
-0.62869,0.70756,0.32264,0.45731,0.19119,-0.21687
-0.64243,0.69343,0.32625,0.4066,0.2018,-0.25346
-0.65617,0.67657,0.3342,0.39752,0.21692,-0.32162
-0.66847,0.65895,0.34487,0.5016,0.31794,-0.174
-0.67534,0.64384,0.3597,0.60143,0.36692,-0.16009
-0.67745,0.63032,0.37916,1.03881,0.59124,-0.28502
-0.68037,0.62006,0.39067,1.03183,0.75871,-0.21252
-0.68098,0.6182,0.39255,0.94317,0.74536,-0.19976
-0.67646,0.62278,0.39312,0.74313,0.66614,-0.55898
-0.67033,0.63394,0.38573,0.62744,0.61428,-0.58817
-0.6613,0.65508,0.36546,0.526,0.6857,-0.40275
-0.64484,0.68589,0.33725,0.23555,0.73075,-0.30498
-0.62661,0.72493,0.28609,0.23006,0.61826,-0.42281
-0.60484,0.76089,0.23498,0.03706,0.61409,-0.22005
-0.58735,0.78865,0.18181,-0.38722,0.96573,0.10624
-0.5729,0.80938,0.1292,-0.5429,0.90565,0.04961
-0.55837,0.82612,0.0758,-0.59661,0.69596,-0.04712
-0.54233,0.83938,0.03629,-0.16586,0.31191,0.00694
-0.5226,0.85258,0.00018,0.33528,0.21973,-0.11279
-0.4959,0.86735,-0.04221,0.55537,0.15003,-0.01983
-0.46456,0.88158,-0.08369,0.29551,-0.2415,0.14058
-0.43136,0.89422,-0.11961,0.1756,-0.42565,0.17149
-0.39881,0.90497,-0.14827,0.0821,-0.49684,0.28996
-0.36962,0.91357,-0.16964,0.04799,-0.59291,0.46123
-0.34518,0.91815,-0.19456,0.23056,-0.58497,0.29914
-0.32761,0.9184,-0.22185,0.24735,-0.5768,0.22816
-0.31581,0.91725,-0.24274,0.13946,-0.63882,0.14612
-0.31247,0.91578,-0.25241,0.05214,-0.74931,0.094
-0.32232,0.91367,-0.24762,0.07405,-0.80439,-0.00045
-0.34347,0.91171,-0.22542,0.24004,-0.79809,-0.16668
-0.37232,0.91086,-0.17808,0.51949,-0.45648,-0.60343
-0.40449,0.90775,-0.11123,0.61367,-0.18746,-0.9832
-0.43614,0.89678,-0.07455,0.96222,0.68862,-1.70378
-0.46068,0.88345,-0.08534,0.46961,1.92819,-1.144
-0.44911,0.88826,-0.09635,0.15207,1.68476,-0.47596
-0.41726,0.90339,-0.09892,0.55037,0.3267,-0.70714
-0.38297,0.91737,-0.10847,0.53263,-0.56473,-0.65652
-0.37211,0.92225,-0.10479,0.05822,-0.11616,-0.76155
-0.40086,0.91095,-0.09742,-0.85982,1.14315,-0.04903
-0.41099,0.90547,-0.1059,-0.85483,0.39129,0.28661
-0.40239,0.90984,-0.1014,-0.3721,-0.14557,-0.00673
-0.4009,0.9124,-0.08246,0.08154,-0.50118,0.03234
-0.40598,0.91309,-0.03798,0.29031,-0.47663,0.59384
-0.42452,0.90511,0.02343,0.20425,-0.378,0.58283
-0.45104,0.88474,0.11747,0.10864,-0.08144,0.38434
-0.47792,0.8652,0.15173,0.25937,-0.12724,-0.37376
-0.5035,0.84585,0.17616,0.46543,-0.07685,-0.43416
-0.53266,0.82224,0.20047,0.50562,-0.05942,-0.17393
-0.55992,0.7982,0.22217,0.44255,-0.06546,-0.07225
-0.58315,0.77577,0.24106,0.38854,0.10263,-0.0012
-0.59678,0.75862,0.26144,0.31646,0.1567,0.14704
-0.60391,0.74516,0.28291,0.39088,0.12226,-0.09599
-0.60983,0.7302,0.30809,0.42299,0.14671,-0.27499
-0.61665,0.71473,0.33001,0.53929,0.22118,-0.54206
-0.62681,0.69987,0.34248,0.57711,0.24072,-0.53773
-0.64127,0.68377,0.3482,0.52039,0.23065,-0.38459
-0.65722,0.66521,0.35433,0.41946,0.24513,-0.09272
-0.66966,0.6462,0.36603,0.46402,0.3543,-0.11328
-0.6769,0.62833,0.38343,0.53278,0.45499,-0.24492
-0.68126,0.61349,0.39939,0.74712,0.58101,-0.42161
-0.68699,0.60411,0.40386,0.80105,0.61532,-0.29726
-0.69256,0.59881,0.40223,0.747,0.65998,-0.15345
-0.69199,0.5975,0.40514,0.76273,0.64677,-0.47515
-0.6881,0.60186,0.40531,0.76379,0.68096,-0.62219
-0.68255,0.61579,0.39361,0.72169,0.78918,-0.34088
-0.67102,0.63999,0.37435,0.38068,0.85875,-0.27741
-0.65369,0.67433,0.34345,0.32905,0.79118,-0.36501
-0.63674,0.71537,0.28776,0.2606,0.6715,-0.54802
-0.62017,0.74882,0.2338,-0.27782,0.83341,-0.04272
-0.60553,0.77439,0.18343,-0.3311,0.8493,0.38992
-0.5925,0.79391,0.13659,-0.38512,0.7474,0.28678
-0.57747,0.81134,0.09089,-0.21833,0.34747,-0.21554
-0.56148,0.82591,0.05115,0.02299,0.17607,-0.07584
-0.54193,0.84026,0.01636,0.25843,0.12782,-0.03732
-0.51768,0.85527,-0.02295,0.5012,0.18393,0.08589
-0.48719,0.87106,-0.06245,0.39903,-0.05461,0.0499
-0.45432,0.88593,-0.09343,0.30695,-0.17813,0.0726
-0.42157,0.89945,-0.11519,0.11134,-0.44346,0.33887
-0.39038,0.91036,-0.13728,0.13564,-0.50687,0.34882
-0.36301,0.91705,-0.16507,0.13341,-0.51431,0.31988
-0.34111,0.9204,-0.19107,0.14997,-0.55806,0.09435
-0.3258,0.92203,-0.20908,0.08642,-0.62976,-0.00162
-0.32138,0.9219,-0.21637,0.03102,-0.72326,0.03976
-0.33056,0.92006,-0.21029,0.08609,-0.77435,-0.07004
-0.35033,0.91788,-0.18644,0.27512,-0.67788,-0.22081
-0.37625,0.91597,-0.13944,0.51408,-0.5026,-0.45719
-0.40415,0.91164,-0.07467,0.70216,-0.19881,-0.84084
-0.43078,0.90195,-0.0301,0.78529,0.84104,-1.54188
-0.45578,0.88975,-0.02457,0.54407,1.25861,-1.18742
-0.45281,0.89102,-0.03245,0.1651,1.59313,-0.68429
-0.42679,0.90359,-0.03709,0.7281,0.06287,-0.79891
-0.39253,0.91867,-0.04446,0.86126,-0.33076,-0.76521
-0.37572,0.92587,-0.0399,-0.15527,0.4807,-0.82044
-0.39386,0.9188,-0.02615,-0.87735,1.48072,-0.0691
-0.40371,0.91445,-0.02813,-1.04791,1.13921,0.42636
-0.38714,0.92155,-0.02941,-0.28449,-0.44467,-0.16001
-0.37423,0.92712,-0.0199,-0.15277,-0.65278,-0.34537
-0.37795,0.92566,0.01775,0.01738,-0.80728,0.00856
-0.40233,0.91169,0.0834,-0.03294,-0.57315,0.51326
-0.4426,0.88603,0.13804,-0.06959,-0.43386,0.45796
-0.48515,0.85776,0.16992,0.18905,0.0538,-0.29314
-0.52645,0.83072,0.18099,0.44692,0.29634,-0.28963
-0.56118,0.80045,0.2106,0.36848,0.22999,-0.13893
-0.58215,0.77877,0.23371,0.45348,0.17916,0.28305
-0.59081,0.76539,0.25518,0.66105,0.1693,0.12444
-0.59507,0.75314,0.28047,0.55392,0.08835,-0.20308
-0.59935,0.7392,0.30718,0.46603,0.074,-0.28926
-0.60537,0.72418,0.33028,0.42046,0.12614,-0.3839
-0.61272,0.7085,0.35015,0.47773,0.16202,-0.39008
-0.62192,0.69366,0.3634,0.43375,0.1932,-0.38491
-0.63335,0.67808,0.37292,0.3861,0.23586,-0.33462
-0.64578,0.66039,0.38321,0.38615,0.27878,-0.28104
-0.65712,0.64175,0.39542,0.44564,0.35114,-0.18722
-0.6629,0.62507,0.41214,0.59432,0.43769,-0.33913
-0.66328,0.61315,0.42907,0.82222,0.59805,-0.56991
-0.6671,0.60586,0.43348,0.94388,0.71651,-0.29119
-0.67135,0.60427,0.42912,0.78985,0.68618,-0.30364
-0.66804,0.60777,0.42934,0.78038,0.65199,-0.51514
-0.66306,0.61833,0.42192,0.76321,0.62339,-0.67845
-0.65347,0.64078,0.40296,0.50022,0.72376,-0.34165
-0.63612,0.67372,0.37611,0.33515,0.73107,-0.47114
-0.62024,0.71451,0.3237,0.21399,0.70088,-0.58759
-0.6045,0.75017,0.26801,-0.33326,0.80663,0.12109
-0.5895,0.77769,0.21838,-0.34701,0.89589,0.19437
-0.57895,0.79662,0.17383,-0.44029,0.83079,0.01088
-0.56734,0.8133,0.1291,-0.14725,0.4717,-0.24337
-0.55267,0.82902,0.08528,0.16927,0.3275,-0.09643
-0.53296,0.84482,0.0472,0.36324,0.26338,-0.09167
-0.50635,0.86231,0.00543,0.51141,0.1636,0.03717
-0.47568,0.87901,-0.03266,0.3412,-0.19792,0.05126
-0.44241,0.89435,-0.06638,0.30794,-0.21326,0.08497
-0.4102,0.90784,-0.08691,0.14911,-0.43391,0.1972
-0.37925,0.91989,-0.09986,0.14492,-0.474,0.22809
-0.35023,0.92951,-0.11553,0.15545,-0.47671,0.23673
-0.32772,0.93519,-0.1342,0.24413,-0.48233,0.12408
-0.31015,0.93874,-0.15026,0.04211,-0.49364,0.00141
-0.29961,0.94057,-0.1599,-0.02377,-0.54324,0.00156
-0.3002,0.94032,-0.16027,-0.08004,-0.70988,-0.04756
-0.3107,0.93885,-0.14841,0.15622,-0.76403,-0.25783
-0.32966,0.9368,-0.11715,0.26663,-0.67624,-0.35117
-0.35324,0.93336,-0.06373,0.4971,-0.44503,-0.59277
-0.37667,0.92635,-0.00186,0.82798,0.18196,-1.32334
-0.40305,0.9149,0.02263,0.94026,0.60877,-1.45344
-0.41798,0.90837,0.01259,0.50233,1.81317,-0.88414
-0.39731,0.91768,0.00168,0.52038,1.5869,-0.70238
-0.36081,0.93264,-0.00235,0.79127,0.33344,-0.70404
-0.33572,0.94187,-0.01326,0.14593,-0.02343,-0.67679
-0.34222,0.9396,-0.00641,-0.79974,1.34745,-0.36583
-0.35407,0.93517,-0.00979,-0.91856,1.31697,0.28637
-0.34304,0.93929,-0.00732,-0.39358,-0.38206,0.00697
-0.33489,0.94224,0.00489,-0.23747,-0.71705,-0.44465
-0.33755,0.94094,0.02627,-0.14124,-0.60256,-0.26359
-0.35574,0.93108,0.08087,-0.0676,-0.49564,0.49869
-0.38867,0.91055,0.14086,-0.10999,-0.36764,0.54379
-0.43011,0.8835,0.18556,-0.16895,-0.12848,-0.24925
-0.46821,0.85747,0.21338,0.3894,0.16942,-0.42118
-0.50587,0.8298,0.23565,0.5319,0.14573,-0.11454
-0.53601,0.80326,0.25973,0.50357,0.11425,0.13469
-0.55686,0.78195,0.2801,0.52774,0.14521,0.20475
-0.56885,0.76586,0.29979,0.38496,0.0038,0.13484
-0.57449,0.75192,0.32339,0.32641,-0.01738,-0.06159
-0.5809,0.73558,0.34853,0.39252,0.05734,-0.39905
-0.5905,0.71622,0.37194,0.45508,0.1786,-0.57747
-0.60146,0.69903,0.38678,0.44094,0.22979,-0.54729
-0.61354,0.68327,0.39586,0.42334,0.21454,-0.38095
-0.62749,0.6649,0.40518,0.43663,0.26039,-0.19439
-0.64,0.64396,0.4192,0.47899,0.30386,-0.23101
-0.64731,0.6243,0.4373,0.59305,0.39959,-0.36644
-0.64934,0.60938,0.45499,0.7914,0.68234,-0.45074
-0.65173,0.59934,0.4648,0.83263,0.75656,-0.35536
-0.65686,0.59384,0.46464,0.83429,0.79417,-0.14457
-0.65595,0.59301,0.46698,0.74297,0.65518,-0.57013
-0.65051,0.59937,0.46647,0.71451,0.63403,-0.64852
-0.64343,0.61549,0.45515,0.58779,0.71459,-0.47981
-0.62906,0.64443,0.43473,0.25574,0.87263,-0.13165
-0.60989,0.68084,0.40558,0.16432,0.81124,-0.34441
-0.59303,0.72518,0.34989,0.14917,0.63006,-0.73835
-0.57826,0.76428,0.28546,-0.34587,0.87096,-0.035
-0.56737,0.79106,0.22872,-0.44097,0.84182,0.19286
-0.55956,0.81198,0.16605,-0.53863,0.70474,0.00915
-0.55004,0.82737,0.11365,-0.22114,0.25036,-0.01445
-0.53746,0.83981,0.07652,-0.05513,0.18308,0.05258
-0.52025,0.8536,0.02658,0.55766,0.24342,-0.11493
-0.49653,0.86765,-0.02535,0.53475,0.149,0.04656
-0.46709,0.88134,-0.07119,0.45771,-0.04169,0.03812
-0.43526,0.89409,-0.10562,0.24566,-0.26732,0.17458
-0.40266,0.90588,-0.13132,0.14375,-0.49478,0.2607
-0.37268,0.91458,-0.15699,0.12715,-0.53485,0.29457
-0.34849,0.91892,-0.18478,0.19767,-0.60363,0.14788
-0.32996,0.92056,-0.20905,0.10485,-0.61064,0.06358
-0.31749,0.92073,-0.22683,0.01795,-0.60874,0.08723
-0.3158,0.91963,-0.23355,-0.02555,-0.70265,0.09097
-0.32625,0.91812,-0.22498,0.05635,-0.73439,0.04656
-0.34568,0.91704,-0.19888,0.25359,-0.75067,-0.1099
-0.36951,0.91648,-0.1534,0.65992,-0.34898,-0.62728
-0.39239,0.91487,-0.09507,0.99384,0.02163,-1.15414
-0.40892,0.91019,-0.06587,1.11665,0.2939,-1.45622
-0.42635,0.90225,-0.06459,-0.18049,1.25254,-0.73103
-0.42793,0.90113,-0.06964,-0.12612,1.10098,-0.61686
-0.41014,0.90915,-0.07242,0.15031,0.6727,-0.71674
-0.39081,0.91689,-0.08116,0.48719,-0.08849,-0.97325
-0.38461,0.91786,-0.09801,-0.32964,1.17151,-1.15506
-0.39994,0.91003,-0.10903,-0.73696,1.73335,-0.40745
-0.39574,0.912,-0.10795,-0.41208,-0.45056,0.72996
-0.38639,0.91805,-0.08886,-0.34524,-0.93138,-0.1132
-0.38437,0.92053,-0.06993,-0.02179,-0.58908,-0.28789
-0.40398,0.9146,-0.0177,0.10552,-0.40175,0.60222
-0.44226,0.89513,0.05614,-0.14363,-0.20386,0.77011
-0.48309,0.86837,0.11207,-0.1232,-0.09614,0.24961
-0.51596,0.84601,0.1344,0.46444,0.24306,-0.27048
-0.54764,0.82283,0.15178,0.5853,0.30293,-0.21753
-0.57521,0.79842,0.17794,0.4944,0.14484,0.04064
-0.59418,0.77919,0.19953,0.5611,0.18678,0.07177
-0.60481,0.76461,0.22265,0.55798,0.10517,0.14491
-0.61289,0.75074,0.24647,0.49671,0.02024,0.10565
-0.62109,0.73621,0.26877,0.37524,0.00573,-0.06092
-0.62941,0.72023,0.29174,0.37012,0.11661,-0.30145
-0.6375,0.70398,0.31306,0.4278,0.18628,-0.43531
-0.64696,0.68856,0.32761,0.48089,0.23136,-0.52091
-0.65974,0.67253,0.33533,0.44853,0.2466,-0.20266
-0.6741,0.65354,0.3442,0.46289,0.26559,-0.21152
-0.68547,0.6337,0.35855,0.52724,0.31668,-0.1563
-0.69122,0.61629,0.37736,0.76884,0.49789,-0.41717
-0.69493,0.60182,0.39357,0.85084,0.65427,-0.43374
-0.69986,0.59244,0.39901,0.90328,0.85141,-0.29213
-0.70305,0.58883,0.39876,0.78487,0.77612,-0.29944
-0.70038,0.59125,0.39987,0.75253,0.6978,-0.46139
-0.69608,0.59967,0.3948,0.65705,0.60543,-0.60528
-0.69026,0.61513,0.381,0.46078,0.83339,-0.22748
-0.67747,0.6427,0.35772,0.37652,0.86433,-0.037
-0.65888,0.67982,0.32206,0.25901,0.74304,-0.23554
-0.64004,0.72229,0.262,0.1809,0.5603,-0.67893
-0.62431,0.75804,0.1887,-0.00851,0.70396,-0.37516
-0.61107,0.78138,0.12663,-0.38697,0.86246,0.24481
-0.59832,0.79875,0.06331,-0.4358,0.74477,0.17636
-0.58422,0.81136,0.01927,-0.32033,0.39536,0.1714
-0.56783,0.82283,-0.0229,0.58464,0.41796,-0.15322
-0.54521,0.83428,-0.082,0.55545,0.39091,-0.13603
-0.51955,0.8441,-0.13256,0.48581,0.20888,-0.08642
-0.49029,0.85352,-0.17638,0.2863,-0.29769,0.12882
-0.46321,0.86171,-0.20709,0.24307,-0.31235,0.25896
-0.43717,0.86926,-0.23081,0.28367,-0.36587,0.34769
-0.41218,0.8749,-0.25428,0.24339,-0.46293,0.39157
-0.39469,0.87631,-0.27622,0.25388,-0.54178,0.35189
-0.38352,0.87651,-0.29095,0.07383,-0.61804,0.30044
-0.3792,0.87663,-0.29619,0.07064,-0.64167,0.31241
-0.38521,0.87593,-0.29046,0.12366,-0.75984,0.13998
-0.40037,0.87511,-0.27181,0.30493,-0.77013,-0.1371
-0.4214,0.87736,-0.22949,0.50914,-0.67467,-0.35785
-0.44746,0.87928,-0.16324,0.69547,-0.21301,-0.89714
-0.47278,0.87428,-0.11004,1.05663,0.54509,-1.53052
-0.4971,0.86184,-0.10061,0.58906,1.37686,-1.04551
-0.50237,0.85845,-0.10341,-0.04026,1.51361,-0.62865
-0.48237,0.86954,-0.10588,0.34257,0.47895,-0.78389
-0.45664,0.88334,-0.1058,0.8814,-0.34264,-0.84905
-0.44122,0.89033,-0.11237,0.5853,-0.10165,-0.77631
-0.45772,0.883,-0.10394,0.05368,0.63648,-0.89592
-0.47428,0.87404,-0.10545,-1.10332,1.17623,0.60329
-0.45873,0.88259,-0.10299,-0.12539,-0.61661,-0.03982
-0.44728,0.88947,-0.0937,-0.04245,-0.77961,-0.4202
-0.44698,0.89182,-0.0698,0.13739,-0.59586,0.00345
-0.46866,0.88338,0.00228,-0.08427,-0.43942,0.76576
-0.50249,0.86257,0.05903,-0.13682,-0.40457,0.67819
-0.53705,0.83854,0.09181,-0.02431,-0.19067,-0.17894
-0.57087,0.81477,0.10125,0.52999,0.21301,-0.32878
-0.60713,0.78446,0.12653,0.4308,0.12537,-0.16672
-0.63551,0.75528,0.16025,0.34751,0.22148,0.36821
-0.64443,0.74091,0.1891,0.95168,0.36895,0.07611
-0.64671,0.72893,0.22457,0.97005,0.17862,-0.14098
-0.65086,0.71541,0.25409,0.68676,0.12215,-0.12692
-0.65542,0.70192,0.27882,0.3812,0.05366,-0.35186
-0.65993,0.68801,0.30188,0.35089,0.07235,-0.44853
-0.66796,0.67266,0.31837,0.36472,0.12475,-0.44716
-0.67989,0.65529,0.32916,0.36338,0.22884,-0.2668
-0.69344,0.63468,0.34106,0.40894,0.27456,-0.22031
-0.70581,0.61267,0.35561,0.65436,0.52422,-0.25225
-0.71314,0.59401,0.37227,0.73955,0.60605,-0.37769
-0.71776,0.58048,0.38453,0.9582,0.7365,-0.48994
-0.72419,0.57174,0.38556,0.89575,0.79596,-0.12126
-0.72732,0.56968,0.38271,0.87271,0.80706,-0.01393
-0.72412,0.57158,0.38593,0.83755,0.74718,-0.56327
-0.7185,0.58099,0.38237,0.70182,0.77722,-0.4712
-0.70577,0.60378,0.3706,0.59111,0.84921,-0.26795
-0.68516,0.637,0.35326,0.30755,0.90859,-0.142
-0.6635,0.67526,0.32217,0.17894,0.72916,-0.57176
-0.64525,0.71867,0.25915,0.07555,0.64186,-0.70445
-0.63286,0.75037,0.19089,-0.2614,0.86554,0.04277
-0.62129,0.77281,0.12947,-0.39824,0.78365,0.14908
-0.6093,0.78987,0.06975,-0.31241,0.4937,0.05362
-0.59737,0.80149,0.02771,-0.16089,0.19299,0.17291
-0.5807,0.81408,-0.008,0.2502,0.07977,-0.04899
-0.55662,0.82912,-0.05229,0.60516,0.22957,-0.01055
-0.52719,0.84451,-0.09421,0.58685,0.02953,-0.01877
-0.49706,0.85843,-0.12659,0.40556,-0.14641,0.19136
-0.46688,0.87153,-0.14985,0.28617,-0.36386,0.28466
-0.43762,0.88243,-0.17266,0.1317,-0.50993,0.37725
-0.41141,0.89028,-0.19533,0.15179,-0.57422,0.19875
-0.39055,0.89565,-0.21281,0.11735,-0.57029,0.10458
-0.37417,0.90066,-0.22094,0.07972,-0.57317,0.05105
-0.36381,0.90476,-0.22147,0.04618,-0.56416,0.04803
-0.36478,0.90609,-0.21432,0.17852,-0.68386,-0.09217
-0.37513,0.90601,-0.19603,0.30537,-0.66597,-0.16765
-0.39241,0.90586,-0.15951,0.64382,-0.40287,-0.51647
-0.41439,0.9042,-0.10344,0.77099,-0.0722,-1.03324
-0.43688,0.89795,-0.05309,0.82407,0.21133,-1.43756
-0.462,0.88618,-0.03528,0.43171,1.20211,-0.9803
-0.47359,0.87992,-0.03801,0.2585,1.41986,-0.80481
-0.45568,0.88905,-0.0441,0.43142,0.90526,-0.78039
-0.42754,0.90285,-0.04551,0.70701,-0.2811,-0.82475
-0.40928,0.91052,-0.0587,-0.2597,0.9171,-1.02895
-0.42317,0.90409,-0.05957,-0.68253,1.68357,-0.60686
-0.42199,0.9045,-0.06176,-1.06585,0.65652,0.69697
-0.40632,0.91224,-0.05212,-0.24337,-0.84011,-0.28615
-0.39675,0.91695,-0.04233,-0.16279,-0.79772,-0.50714
-0.40049,0.91616,-0.01624,0.1146,-0.59678,-0.05836
-0.42082,0.90441,0.07042,0.13174,-0.22289,0.62449
-0.4546,0.88226,0.12226,0.11485,-0.12915,0.53827
-0.48646,0.85993,0.15451,0.05812,-0.02535,0.13123
-0.51361,0.83927,0.17839,0.59937,0.19387,-0.43632
-0.54408,0.81476,0.20034,0.7072,0.28291,-0.33802
-0.56899,0.7921,0.221,0.52437,0.13665,-0.14368
-0.58405,0.77295,0.24785,0.45914,-0.07257,-0.09981
-0.59732,0.75425,0.27259,0.33692,-0.02293,0.04566
-0.60748,0.7367,0.29706,0.32083,0.01201,-0.0145
-0.61558,0.71794,0.32499,0.35778,0.0239,-0.0742
-0.62287,0.69679,0.35569,0.45084,0.17728,-0.45162
-0.63016,0.6764,0.3813,0.44725,0.22196,-0.56466
-0.64008,0.65768,0.39718,0.41181,0.2461,-0.52523
-0.65441,0.63746,0.40668,0.41753,0.25637,-0.35117
-0.67014,0.61556,0.41473,0.46199,0.30748,-0.13032
-0.68173,0.59418,0.42685,0.51628,0.56373,-0.21226
-0.6851,0.57652,0.44526,0.67051,0.75285,-0.52865
-0.68876,0.56583,0.45326,0.83899,0.79958,-0.17585
-0.69538,0.5612,0.44889,0.81169,0.77429,-0.09175
-0.69366,0.56042,0.45251,0.82405,0.78872,-0.17851
-0.68685,0.5656,0.45644,0.89495,0.78708,-0.88835
-0.68179,0.58297,0.44195,0.70101,0.87103,-0.47808
-0.67077,0.61106,0.42033,0.49075,0.95791,-0.20431
-0.65598,0.64874,0.38579,0.19353,0.67586,-0.41089
-0.64116,0.69232,0.33107,0.03181,0.51721,-0.46944
-0.62219,0.72931,0.28458,-0.11432,0.5384,-0.28034
-0.60815,0.7569,0.2393,-0.29363,0.78738,0.1236
-0.60007,0.77711,0.18978,-0.34434,0.67844,0.00022
-0.59059,0.79374,0.14558,-0.33445,0.63199,-0.04824
-0.5759,0.81012,0.10977,0.04436,0.36316,-0.06631
-0.55406,0.82952,0.07003,0.6409,0.32643,-0.16849
-0.52707,0.84942,0.02597,0.61391,0.30654,-0.12443
-0.49655,0.86793,-0.0113,0.32265,-0.25496,-0.0289
-0.46422,0.88467,-0.04306,0.16627,-0.32971,0.27908
-0.42992,0.90047,-0.06578,0.13196,-0.3455,0.30181
-0.39689,0.9137,-0.08732,0.10629,-0.56546,0.2801
-0.36889,0.92272,-0.11186,0.18414,-0.59145,0.19485
-0.34638,0.92845,-0.13416,0.16399,-0.55252,0.05343
-0.33078,0.93169,-0.15011,0.07774,-0.60377,0.07907
-0.32857,0.93152,-0.15594,0.0351,-0.69072,-0.03381
-0.33936,0.92891,-0.14821,0.14054,-0.7843,-0.16801
-0.3583,0.92572,-0.12109,0.37861,-0.70337,-0.42282
-0.38111,0.92196,-0.06894,0.6169,-0.38648,-0.8269
-0.40421,0.91465,-0.00439,0.67628,-0.17407,-1.11303
-0.431,0.90184,0.03047,0.87122,0.51561,-1.50663
-0.45331,0.89082,0.03092,0.30061,1.65722,-0.87485
-0.44092,0.89728,0.02179,0.22846,1.56733,-0.74849
-0.4065,0.91348,0.01753,0.75852,-0.06494,-0.84837
-0.37344,0.9276,0.01014,0.52843,-0.12555,-0.87537
-0.37404,0.92737,0.00843,-0.05279,0.62077,-0.96723
-0.39319,0.91942,0.00802,-1.14589,1.10809,0.59406
-0.37726,0.9261,0.00475,-0.26886,-0.4631,0.41466
-0.36146,0.93214,0.02172,-0.24688,-0.96249,-0.52005
-0.35468,0.93452,0.02964,-0.11222,-0.62832,-0.25215
-0.36671,0.92761,0.07114,-0.10019,-0.62141,-0.29364
-0.4111,0.89835,0.15479,-0.1796,-0.33779,0.48833
-0.46239,0.86364,0.20079,-0.16213,-0.16569,-0.14996
-0.51203,0.82924,0.22402,0.14336,0.02272,-0.31901
-0.5632,0.78997,0.2424,0.38103,0.26167,-0.23899
-0.6006,0.74937,0.2788,0.34149,0.30895,0.25119
-0.61489,0.72951,0.29954,0.60094,0.34819,0.35059
-0.61445,0.7191,0.32456,0.74647,0.21611,-0.10201
-0.6127,0.70402,0.35911,0.58291,0.03448,-0.25314
-0.61191,0.68815,0.3899,0.45415,0.09594,-0.3442
-0.61196,0.67147,0.41788,0.42422,0.16893,-0.54679
-0.61453,0.6543,0.44073,0.42867,0.18584,-0.60865
-0.62155,0.63873,0.45355,0.39897,0.19829,-0.53892
-0.63336,0.62268,0.45949,0.38128,0.26718,-0.40936
-0.64636,0.60336,0.46709,0.39177,0.33565,-0.30588
-0.65709,0.58229,0.47872,0.46769,0.44802,-0.33013
-0.66384,0.56287,0.49245,0.64559,0.54626,-0.49118
-0.66938,0.54799,0.50163,0.89593,0.70547,-0.50567
-0.67631,0.53904,0.50203,0.86581,0.73645,-0.29783
-0.67868,0.53774,0.50023,0.8399,0.72552,-0.15716
-0.67468,0.54136,0.50174,0.76095,0.76932,-0.74356
-0.67036,0.55604,0.49136,0.53661,0.92318,-0.44511
-0.65891,0.58712,0.47025,0.38348,0.98245,-0.22745
-0.64097,0.62878,0.44022,0.20893,0.82665,-0.36661
-0.6224,0.67602,0.39449,-0.10473,0.74865,-0.43715
-0.6033,0.71782,0.34751,-0.24053,0.77127,-0.26812
-0.59033,0.75052,0.29705,-0.37165,1.01752,-0.07729
-0.58412,0.77465,0.24231,-0.47912,0.77692,-0.23387
-0.57634,0.79376,0.19435,-0.38159,0.54904,-0.15897
-0.56058,0.81317,0.15653,-0.05321,0.27599,-0.26921
-0.53756,0.83508,0.11695,0.58794,0.17612,-0.26987
-0.51132,0.85616,0.0744,0.51083,0.09145,-0.10179
-0.47966,0.87674,0.03543,0.35922,-0.11897,0.00609
-0.44502,0.89551,0.00394,0.1743,-0.42912,0.17417
-0.41004,0.91184,-0.02043,0.11787,-0.51883,0.22834
-0.37615,0.92527,-0.04877,0.09353,-0.6259,0.25711
-0.35031,0.93303,-0.08211,0.26808,-0.63184,0.11251
-0.33238,0.93675,-0.10964,0.25316,-0.60164,0.05763
-0.32019,0.93852,-0.12906,0.17281,-0.59837,-0.01514
-0.31673,0.93872,-0.136,-0.01266,-0.66728,-0.0654
-0.32417,0.93753,-0.12631,-0.02469,-0.74744,-0.11666
-0.34071,0.93501,-0.09831,0.39533,-0.62662,-0.46926
-0.36224,0.9307,-0.05086,0.52732,-0.42925,-0.69482
-0.3825,0.92391,0.00948,0.65132,-0.19888,-0.95296
-0.39891,0.91631,0.03523,0.89802,0.74773,-1.55366
-0.41505,0.90941,0.0266,0.63592,1.10689,-1.47762
-0.40811,0.91275,0.01824,-0.06445,1.43427,-0.97187
-0.38172,0.92417,0.01404,0.22687,0.05523,-0.89833
-0.35688,0.93414,0.00455,0.24374,-0.39445,-1.07255
-0.34333,0.93898,-0.02085,-0.05212,0.12181,-1.1641
-0.34917,0.93646,-0.03347,-0.82391,1.35994,0.05459
-0.35381,0.935,-0.02423,-0.21453,-0.15694,1.00595
-0.35227,0.9359,0.00083,-0.29597,-0.56598,0.55717
-0.35424,0.93505,0.01414,-0.02509,-0.25719,0.11845
-0.38224,0.9208,0.07764,0.01702,-0.27607,0.62254
-0.42292,0.89401,0.14795,-0.01354,-0.23419,0.60605
-0.46669,0.85879,0.21139,-0.07871,-0.18824,0.12728
-0.50892,0.82421,0.24835,0.43212,-0.10552,-0.32656
-0.55381,0.79392,0.25096,0.62292,0.0458,-0.41047
-0.59008,0.76163,0.26781,0.48626,0.22389,-0.21784
-0.60692,0.73931,0.29165,0.6009,0.36524,0.02075
-0.60627,0.72847,0.31902,0.68934,0.30332,-0.0327
-0.60662,0.7135,0.35063,0.61402,0.05094,-0.31138
-0.61261,0.69572,0.37507,0.45604,0.11594,-0.2559
-0.61835,0.67815,0.39718,0.39028,0.15315,-0.27042
-0.62287,0.66,0.42005,0.41745,0.22109,-0.42771
-0.6296,0.64108,0.43888,0.49439,0.27103,-0.51858
-0.63876,0.62329,0.45111,0.50355,0.28882,-0.5308
-0.64871,0.60607,0.46028,0.38851,0.2621,-0.33295
-0.65959,0.58673,0.46978,0.37916,0.29938,-0.32144
-0.66917,0.56506,0.48261,0.38875,0.32104,-0.33426
-0.67474,0.54434,0.49842,0.55001,0.52763,-0.46842
-0.67791,0.52714,0.5124,0.75597,0.66368,-0.51269
-0.68248,0.51506,0.51859,0.92144,0.82459,-0.32913
-0.68514,0.50964,0.52044,0.89619,0.91544,-0.22301
-0.68012,0.51155,0.52512,0.85985,0.85077,-0.57689
-0.67328,0.52375,0.5219,0.80341,0.74465,-0.91289
-0.66383,0.55405,0.50235,0.50574,0.87878,-0.30728
-0.64886,0.5945,0.47493,-0.02782,0.8703,-0.45401
-0.63452,0.64043,0.4327,-0.02771,0.73317,-0.55956
-0.6203,0.68538,0.38142,-0.02827,0.68196,-0.54967
-0.60921,0.71686,0.33907,-0.22261,0.94257,0.04224
-0.6051,0.74298,0.28606,-0.23378,0.88978,0.05265
-0.60117,0.76421,0.23362,-0.30435,0.70691,-0.17512
-0.58912,0.78399,0.1957,0.05096,0.29351,-0.28609
-0.57229,0.80449,0.15898,0.16764,0.25581,-0.24167
-0.55208,0.82599,0.11379,0.39217,0.07498,0.023
-0.53023,0.8448,0.07191,0.29424,-0.06529,0.10891
-0.50251,0.86392,0.03361,0.19872,-0.27491,-0.06694
-0.4706,0.88233,0.00536,0.06814,-0.38649,0.09015
-0.43431,0.90067,-0.01322,0.06512,-0.4356,0.11411
-0.39934,0.91622,-0.03269,0.20703,-0.42269,0.21611
-0.3693,0.92751,-0.05778,0.24502,-0.46876,0.1302
-0.34687,0.93435,-0.0817,0.16726,-0.48728,0.06495
-0.33153,0.93821,-0.09926,-0.06591,-0.6247,-0.02773
-0.32745,0.93904,-0.10481,-0.0172,-0.74902,-0.0488
-0.33586,0.9372,-0.09407,0.15909,-0.8792,-0.20415
-0.35484,0.93271,-0.06436,0.4064,-0.67439,-0.42134
-0.37779,0.92578,-0.01453,0.63107,-0.22699,-1.02099
-0.39734,0.91686,0.03855,0.75955,0.00431,-1.51567
-0.41471,0.90838,0.05344,0.90014,0.4417,-1.91054
-0.42933,0.90132,0.05745,0.35699,1.3202,-0.90476
-0.41691,0.90731,0.05444,0.35029,0.9263,-0.64756
-0.38792,0.92012,0.05382,0.38569,0.46417,-0.79718
-0.35785,0.93289,0.0407,-0.09654,0.3103,-1.29197
-0.34303,0.9392,0.01525,-0.54471,1.09965,-1.57216
-0.35263,0.93576,0.00302,-0.78255,1.82807,-0.94862
-0.3486,0.93727,0.00256,-0.2476,-0.72175,0.50046
-0.33564,0.94178,0.02004,-0.37974,-0.8873,-0.4582
-0.33423,0.94175,0.03731,-0.26291,-0.70959,-0.55183
-0.36389,0.92659,0.09496,-0.09104,-0.38718,0.64206
-0.41302,0.89673,0.15901,-0.26843,-0.18639,0.58243
-0.46526,0.85689,0.222,0.03041,-0.02702,-0.01616
-0.51106,0.81858,0.2622,0.58636,0.26881,-0.40821
-0.55471,0.78696,0.27017,0.55824,0.32753,-0.31422
-0.59003,0.75494,0.28624,0.41082,0.4515,0.14642
-0.60307,0.73613,0.30728,0.66345,0.42943,0.06264
-0.59763,0.73014,0.33125,0.73228,-0.00378,-0.32658
-0.59327,0.72024,0.35956,0.47352,-0.12193,-0.29393
-0.59332,0.70779,0.3834,0.26419,-0.05017,-0.29863
-0.59505,0.69303,0.40696,0.14289,0.01929,-0.38783
-0.5988,0.67534,0.43052,0.26735,0.1331,-0.45687
-0.6067,0.65512,0.45026,0.36502,0.19504,-0.48105
-0.61755,0.63551,0.46342,0.44101,0.22321,-0.49207
-0.63121,0.61566,0.47173,0.46401,0.32477,-0.44323
-0.64654,0.59354,0.47927,0.50244,0.36066,-0.2905
-0.65971,0.56972,0.4901,0.62683,0.45464,-0.29448
-0.66767,0.54704,0.50494,0.70145,0.55474,-0.44986
-0.67252,0.5287,0.51788,0.7917,0.78255,-0.55685
-0.67806,0.5164,0.52303,0.79109,0.90932,-0.32714
-0.68414,0.50985,0.52154,0.78822,0.7903,-0.36946
-0.6857,0.5083,0.521,0.84783,0.7343,-0.7015
-0.68394,0.51416,0.51755,0.83755,0.83653,-0.84133
-0.68105,0.53167,0.5035,0.72076,0.98899,-0.39383
-0.6683,0.56408,0.48496,0.41066,1.02912,-0.26186
-0.65449,0.60716,0.45056,0.042,0.76997,-0.64806
-0.6414,0.6514,0.40531,-0.07812,0.68205,-0.46188
-0.62714,0.69067,0.3601,-0.13969,0.73379,-0.04644
-0.61944,0.72134,0.30978,-0.29023,0.885,-0.14796
-0.61649,0.74506,0.25462,-0.33608,0.77029,-0.19611
-0.61086,0.76349,0.20963,-0.08713,0.43468,-0.13996
-0.59791,0.78225,0.1749,0.34331,0.15438,-0.33573
-0.57658,0.80566,0.13587,0.50779,0.1313,-0.38164
-0.55318,0.82768,0.09453,0.45423,0.11383,-0.16767
-0.52482,0.849,0.06128,0.38361,-0.15995,-0.12532
-0.49192,0.87001,0.033,0.28271,-0.20479,0.00022
-0.4553,0.89022,0.01426,0.18318,-0.34632,0.13978
-0.41714,0.90883,-0.00396,0.18326,-0.50815,0.19929
-0.38374,0.92299,-0.02898,0.20087,-0.54412,0.00223
-0.35857,0.9319,-0.05465,0.0588,-0.56851,-0.11635
-0.33923,0.93795,-0.07196,0.0519,-0.56415,-0.07157
-0.33148,0.94001,-0.08059,0.0148,-0.61581,-0.06519
-0.33658,0.93855,-0.07643,0.23828,-0.74777,-0.21169
-0.35183,0.93448,-0.05443,0.35368,-0.7155,-0.29387
-0.37223,0.92807,-0.01091,0.60951,-0.38828,-0.72982
-0.39196,0.91847,0.05272,0.8032,-0.08169,-1.2757
-0.40987,0.90622,0.10375,0.94586,0.61366,-1.75176
-0.4305,0.89515,0.11565,0.54996,1.31342,-1.10143
-0.43127,0.89566,0.10858,0.39091,1.21249,-0.79808
-0.40332,0.90915,0.10379,0.70276,0.25373,-0.96971
-0.365,0.92586,0.09775,0.82015,-0.18516,-0.9339
-0.34358,0.93453,0.09272,-0.47442,0.99372,-0.7492
-0.36924,0.9234,0.1048,-0.82093,1.61146,-0.1427
-0.38256,0.91902,0.09515,-1.08344,0.38607,0.46864
-0.36053,0.92813,0.09274,-0.16926,-0.7563,-0.61152
-0.34651,0.93366,0.09063,0.11011,-0.68016,-0.35539
-0.35257,0.9268,0.1294,0.0775,-0.76824,0.23285
-0.38632,0.89932,0.20491,-0.18272,-0.38353,0.51874
-0.43857,0.85973,0.26177,-0.21908,-0.12297,-0.28039
-0.49362,0.81933,0.29162,0.36787,0.30773,-0.57008
-0.54626,0.77851,0.30905,0.3768,0.31009,0.07725
-0.58179,0.73535,0.34754,0.57843,0.22348,0.24751
-0.59784,0.71066,0.37089,0.73057,0.16256,0.17376
-0.59759,0.70165,0.38803,0.63531,-0.15057,-0.17306
-0.5968,0.69054,0.40865,0.21086,-0.00293,-0.42667
-0.59677,0.67346,0.43625,0.17719,0.04457,-0.42913
-0.59611,0.65411,0.46561,0.29923,0.20201,-0.57541
-0.60283,0.63202,0.48698,0.42003,0.29081,-0.5038
-0.61523,0.61001,0.49938,0.48679,0.33019,-0.51073
-0.62917,0.58791,0.50843,0.57798,0.42396,-0.46289
-0.64166,0.56545,0.5182,0.62874,0.44224,-0.32524
-0.64931,0.54512,0.53033,0.67575,0.44303,-0.31562
-0.65188,0.5292,0.54314,0.75298,0.50435,-0.45703
-0.65483,0.51754,0.55078,0.68475,0.82081,-0.41291
-0.66131,0.50996,0.5501,0.65779,0.87371,-0.31549
-0.66573,0.50736,0.54717,0.6579,0.76423,-0.36754
-0.6639,0.50949,0.5474,0.68011,0.78293,-0.76499
-0.65974,0.51884,0.54365,0.68656,0.8362,-0.70246
-0.65044,0.5404,0.53376,0.56574,1.00271,-0.41589
-0.63374,0.57647,0.51581,0.41282,0.93876,-0.6628
-0.62174,0.62457,0.4726,0.27505,0.90644,-0.76072
-0.60993,0.67133,0.42107,-0.08683,0.73476,-0.35552
-0.5981,0.71342,0.36511,-0.38099,0.93834,-0.02284
-0.59044,0.74687,0.30589,-0.41001,0.88918,-0.05581
-0.58733,0.7705,0.24773,-0.41879,0.49149,-0.21995
-0.57909,0.78924,0.20433,-0.21857,0.28741,-0.08391
-0.56297,0.80938,0.16725,0.20573,0.12679,-0.2645
-0.5429,0.83093,0.12173,0.44581,0.08642,-0.17287
-0.51775,0.8517,0.08095,0.42194,-0.09896,-0.17782
-0.48817,0.87144,0.04787,0.3051,-0.26412,-0.03011
-0.45273,0.89126,0.02647,0.28183,-0.31815,0.08672
-0.41277,0.9108,0.00848,0.24691,-0.38904,0.14392
-0.37704,0.92609,-0.01442,0.34294,-0.54844,0.15017
-0.35038,0.93573,-0.04056,0.21111,-0.61443,0.04151
-0.32908,0.94232,-0.0612,0.04969,-0.66751,-0.07036
-0.31488,0.94637,-0.07234,-0.02861,-0.72088,-0.10547
-0.31415,0.94666,-0.07173,0.04922,-0.8664,-0.24813
-0.32647,0.94349,-0.05702,0.20359,-0.80695,-0.34353
-0.34677,0.93772,-0.02065,0.35988,-0.66439,-0.49466
-0.36947,0.92844,0.03871,0.89481,-0.09131,-1.24328
-0.38986,0.91718,0.0824,1.25093,0.74228,-1.72141
-0.40893,0.90827,0.08843,0.97257,1.06924,-1.50558
-0.40989,0.90846,0.08176,0.14576,1.19409,-0.74521
-0.38445,0.9202,0.07372,0.50204,0.3046,-0.92508
-0.35128,0.93383,0.06758,0.64916,-0.14474,-0.87689
-0.32742,0.94316,0.05692,-0.18005,0.17729,-0.98818
-0.33395,0.94057,0.06172,-0.993,1.52197,-0.5394
-0.35754,0.93204,0.05885,-1.11198,1.26913,-0.01456
-0.3508,0.93467,0.05777,-0.38304,-0.43696,-0.11548
-0.34694,0.93536,0.06875,0.052,-0.58829,-0.28273
-0.36073,0.92703,0.10243,0.06579,-0.57995,-0.3164
-0.40001,0.89948,0.17589,-0.15584,-0.31973,0.61173
-0.45021,0.86,0.24024,-0.09168,-0.12556,-0.01841
-0.49929,0.82052,0.27831,-0.04259,-0.08608,-0.05648
-0.54205,0.79013,0.28616,0.49783,0.22188,-0.40414
-0.58062,0.75763,0.29813,0.52726,0.1683,-0.04491
-0.61105,0.72517,0.31741,0.57841,0.23415,-0.00677
-0.62707,0.70334,0.3348,0.66757,0.21635,0.01652
-0.63411,0.68724,0.35442,0.38968,0.092,-0.13304
-0.63596,0.67222,0.37905,0.39153,0.10702,-0.15767
-0.63975,0.65313,0.40515,0.28501,0.07966,-0.31038
-0.64478,0.63261,0.42902,0.43679,0.24169,-0.64279
-0.65074,0.61272,0.44845,0.5007,0.28986,-0.68966
-0.6609,0.59472,0.45773,0.52505,0.34333,-0.56395
-0.67553,0.57493,0.46164,0.54783,0.37278,-0.18139
-0.69079,0.55162,0.46746,0.56392,0.42952,-0.1559
-0.69991,0.52812,0.48084,0.61252,0.55048,-0.2817
-0.70113,0.50923,0.4991,0.85694,0.80093,-0.56647
-0.70108,0.49702,0.51133,0.92476,0.87085,-0.53872
-0.70256,0.49142,0.5147,0.91672,0.87413,-0.22822
-0.70226,0.49159,0.51495,0.83322,0.85215,-0.2997
-0.69678,0.49647,0.51771,0.74027,0.75836,-0.73264
-0.6913,0.50971,0.51215,0.572,0.79612,-0.59054
-0.68393,0.53529,0.49569,0.44988,0.87982,-0.31532
-0.6692,0.57305,0.47306,0.17135,0.77443,-0.4208
-0.65507,0.61942,0.43267,0.21148,0.55949,-0.7757
-0.64302,0.67227,0.36684,0.00562,0.76744,-0.55111
-0.63362,0.71044,0.30626,-0.23904,0.8586,0.25478
-0.62878,0.73487,0.25415,-0.39255,0.81711,0.12658
-0.62632,0.75362,0.19944,-0.33709,0.64494,-0.22817
-0.6176,0.77192,0.15068,0.20142,0.54662,-0.09143
-0.59743,0.79499,0.10518,0.70812,0.56423,-0.2209
-0.56734,0.82139,0.05871,0.52775,0.31188,-0.09943
-0.53341,0.84565,0.01873,0.38547,-0.13578,-0.13168
-0.49941,0.86626,-0.01331,0.19889,-0.35429,0.03096
-0.46569,0.88438,-0.03185,0.11095,-0.49943,0.26949
-0.43192,0.9006,-0.04864,0.17536,-0.56137,0.27626
-0.40322,0.91243,-0.06987,0.33527,-0.64546,0.13865
-0.38145,0.91998,-0.09014,0.24464,-0.68771,0.02819
-0.36436,0.92545,-0.10387,0.07409,-0.76058,0.02543
-0.35625,0.92796,-0.10943,0.01514,-0.90013,-0.14843
-0.3606,0.92696,-0.10347,0.1064,-0.89506,-0.23166
-0.37651,0.92294,-0.08019,0.3159,-0.74232,-0.37178
-0.40039,0.91583,-0.03078,0.50328,-0.48228,-0.64791
-0.4281,0.90285,0.03997,1.00271,0.5266,-1.67005
-0.45575,0.88575,0.08801,1.06442,1.10485,-1.73373
-0.48172,0.87185,0.08845,0.54447,2.06747,-1.04798
-0.47096,0.87893,0.07537,0.45115,1.49616,-0.71001
-0.43209,0.89918,0.0691,0.79322,0.16419,-0.87896
-0.38704,0.91996,0.06218,1.14232,-0.78447,-0.84258
-0.35283,0.93303,0.07047,0.08435,-0.31339,-0.19456
-0.35957,0.92683,0.1081,-0.42285,0.33066,0.1634
-0.42428,0.89546,0.13464,-2.41341,1.29887,-0.78217
-0.44666,0.8883,0.10689,-0.56832,0.50639,-0.6379
-0.43182,0.89705,0.09398,0.09681,-0.15706,-0.39522
-0.43145,0.89261,0.13079,0.49631,-0.7368,0.24624
-0.44528,0.87553,0.18756,0.44905,-0.53443,0.38006
-0.47809,0.84548,0.23788,0.2963,-0.30326,0.27691
-0.52018,0.81061,0.26895,-0.00534,-0.03995,-0.00587
-0.55871,0.77736,0.28906,0.33851,0.19278,-0.46931
-0.59009,0.74935,0.30044,0.35968,0.25283,-0.37298
-0.60676,0.72491,0.3261,0.3311,0.31664,0.23297
-0.60288,0.71354,0.35693,0.84511,0.23879,-0.38801
-0.59401,0.69921,0.39781,0.80295,0.14086,-0.52951
-0.59342,0.68455,0.42337,0.40325,0.07353,-0.47938
-0.59696,0.66975,0.44167,0.25427,0.07212,-0.49908
-0.6027,0.65252,0.45931,0.27265,0.08715,-0.49806
-0.61355,0.6332,0.47182,0.32064,0.1495,-0.41295
-0.62579,0.61218,0.48335,0.36372,0.20946,-0.46258
-0.63794,0.58863,0.49654,0.41905,0.38938,-0.54461
-0.64886,0.56563,0.50897,0.68405,0.51792,-0.32871
-0.6554,0.54697,0.52084,0.79721,0.59184,-0.37375
-0.65932,0.53305,0.53024,0.86473,0.69619,-0.45552
-0.66554,0.52506,0.53045,0.77418,0.87587,-0.42109
-0.66912,0.52459,0.52638,0.76823,0.75985,-0.48468
-0.66776,0.53011,0.52256,0.75956,0.74012,-0.54814
-0.66275,0.54602,0.51248,0.58845,0.97406,-0.36271
-0.64788,0.5761,0.49836,0.39777,1.02495,-0.19723
-0.62628,0.6168,0.47679,0.20913,1.00843,-0.73149
-0.61049,0.66462,0.4308,-0.10443,0.83541,-0.71301
-0.59768,0.70876,0.37474,-0.33895,0.74387,-0.14535
-0.58852,0.74404,0.31631,-0.27567,0.73293,-0.09954
-0.58481,0.76994,0.25534,-0.19313,0.5349,-0.23502
-0.58239,0.78779,0.20052,-0.06062,0.23453,-0.1815
-0.57561,0.80204,0.1594,0.20801,0.05342,-0.19718
-0.56468,0.81689,0.11763,0.51986,0.18914,-0.3212
-0.54777,0.83343,0.0731,0.55904,0.26091,0.00185
-0.51969,0.8535,0.03822,0.55922,0.05335,-0.06262
-0.48513,0.87436,0.0123,0.36567,-0.14737,0.01761
-0.44836,0.89385,-0.00143,0.20909,-0.31811,0.12829
-0.41346,0.91042,-0.01371,0.15402,-0.48259,0.19466
-0.38329,0.92313,-0.03039,0.15325,-0.57202,0.16386
-0.35961,0.93185,-0.04831,0.14905,-0.61484,-0.04508
-0.34122,0.93803,-0.0606,0.06805,-0.61304,-0.17051
-0.32828,0.9424,-0.0642,-0.00729,-0.69703,-0.16378
-0.32608,0.9436,-0.05744,0.07803,-0.86605,-0.30435
-0.33411,0.94188,-0.03497,0.21276,-0.81012,-0.37179
-0.35213,0.9359,0.01016,0.44031,-0.53422,-0.60188
-0.37441,0.92439,0.07293,0.82729,0.12489,-1.38795
-0.39767,0.91036,0.11446,0.92256,0.57682,-1.72582
-0.42289,0.8982,0.12002,0.51892,1.34962,-1.30575
-0.42609,0.89696,0.11797,0.43758,1.47456,-0.72491
-0.40018,0.90966,0.11123,0.74903,0.68716,-0.88229
-0.36498,0.9245,0.11,0.79248,-0.17723,-0.92857
-0.34364,0.93312,0.1058,-0.31537,0.8409,-0.95737
-0.35564,0.92795,0.11148,-0.51638,1.56903,-0.77195
-0.36602,0.92536,0.09865,-0.69471,0.96957,0.56705
-0.34197,0.93435,0.10024,-0.30755,-0.78571,-0.13648
-0.31835,0.93982,0.12408,-0.41142,-1.18306,-0.62488
-0.3142,0.93917,0.13872,-0.02681,-0.67592,-0.12172
-0.33995,0.92304,0.1801,-0.18677,-0.43848,0.35535
-0.39589,0.88635,0.24012,-0.24896,-0.27947,0.30807
-0.45442,0.84673,0.27669,0.02041,0.18231,-0.18347
-0.49692,0.81382,0.30127,0.57402,0.53074,-0.36364
-0.52433,0.7904,0.31677,0.6759,0.52306,-0.40016
-0.53625,0.76961,0.34661,0.91754,0.16452,-0.34058
-0.54502,0.75143,0.37189,0.67272,-0.0339,-0.30944
-0.55643,0.73169,0.39373,0.52092,-0.01675,-0.20971
-0.56424,0.71246,0.41718,0.27158,-0.02163,-0.06424
-0.56935,0.69193,0.44393,0.21368,-0.03167,-0.3089
-0.57519,0.6679,0.4723,0.23263,0.02163,-0.48652
-0.58144,0.64525,0.49556,0.37945,0.2055,-0.76724
-0.59115,0.62329,0.51191,0.38763,0.29856,-0.69374
-0.60821,0.59798,0.52201,0.4004,0.3705,-0.53242
-0.62816,0.57181,0.52768,0.46424,0.38671,-0.15006
-0.64123,0.54956,0.53555,0.55894,0.57978,-0.42352
-0.64261,0.52981,0.55349,0.60581,0.70565,-0.64112
-0.64402,0.51724,0.56365,0.88142,0.78944,-0.48447
-0.65081,0.51237,0.56029,0.89137,0.81748,-0.27013
-0.65047,0.51049,0.56239,0.83364,0.87118,-0.59032
-0.6461,0.51525,0.5631,0.74549,0.83358,-0.72964
-0.64,0.53552,0.55102,0.42082,0.99871,-0.3726
-0.62713,0.56886,0.53207,0.18294,0.97102,-0.2922
-0.60973,0.60751,0.50908,0.10557,0.78319,-0.52743
-0.59537,0.6551,0.46517,0.07059,0.59095,-0.81197
-0.58594,0.70126,0.40608,-0.30439,0.85155,-0.5262
-0.58303,0.73364,0.34906,-0.48128,0.82599,-0.21776
-0.58319,0.75764,0.29303,-0.4491,0.63529,-0.1604
-0.58156,0.77626,0.24333,-0.18536,0.31783,-0.03116
-0.56952,0.7965,0.20306,0.19028,0.2441,-0.38382
-0.55031,0.81939,0.16051,0.61585,0.18188,-0.39782
-0.52784,0.84098,0.11894,0.57947,0.10242,-0.14713
-0.49824,0.863,0.08362,0.46507,-0.09545,-0.12059
-0.46296,0.88444,0.05867,0.26965,-0.36214,0.05187
-0.4234,0.90509,0.03936,0.2256,-0.45262,0.14921
-0.38443,0.92298,0.0182,0.22217,-0.59729,0.22833
-0.3507,0.93645,-0.00797,0.16692,-0.66988,-0.01534
-0.32339,0.94578,-0.03019,0.07326,-0.67013,-0.09212
-0.30145,0.95262,-0.04044,0.00181,-0.70444,-0.15727
-0.28953,0.95639,-0.03864,0.01256,-0.81227,-0.26247
-0.29247,0.95598,-0.02392,0.09708,-0.79176,-0.3321
-0.30657,0.95181,0.00843,0.49502,-0.51602,-0.54503
-0.32626,0.94318,0.06295,0.65039,-0.38998,-0.73999
-0.34619,0.92942,0.12777,0.82285,0.03335,-1.30082
-0.36652,0.91611,0.16252,0.58145,1.17003,-1.51613
-0.38635,0.90713,0.16687,0.19766,1.47571,-0.8828
-0.37421,0.91448,0.15394,0.21607,1.19342,-0.81885
-0.3377,0.93066,0.14084,0.70391,-0.30657,-1.00032
-0.29761,0.94536,0.13313,0.86052,-0.88394,-0.544
-0.2702,0.95172,0.14568,0.48767,-0.71539,-0.39585
-0.29303,0.93838,0.18325,-1.6158,1.4641,0.04098
-0.37157,0.90385,0.2121,-2.34752,1.61226,-0.03556
-0.37031,0.90956,0.18859,-0.26574,0.19128,-0.32273
-0.34961,0.91723,0.19094,0.39229,-0.6614,-0.3852
-0.34584,0.90863,0.23408,0.51703,-1.07809,0.0353
-0.37184,0.88188,0.28986,0.46837,-0.83345,0.09975
-0.42442,0.8371,0.34514,-0.19378,0.04867,0.00218
-0.47312,0.79876,0.37168,0.26816,0.19756,-0.47675
-0.51166,0.76439,0.39231,0.42228,0.31651,-0.3644
-0.54338,0.73283,0.40951,0.4098,0.04714,-0.06473
-0.55931,0.70786,0.4314,0.46891,0.03918,-0.05761
-0.56395,0.69033,0.45322,0.48686,0.00525,-0.18205
-0.56363,0.67313,0.47877,0.37823,-0.08024,-0.47262
-0.56498,0.6532,0.50412,0.36849,0.07665,-0.66399
-0.5739,0.63109,0.52188,0.34844,0.17284,-0.68054
-0.59066,0.60696,0.53172,0.28511,0.21041,-0.53688
-0.61086,0.57995,0.53898,0.32723,0.30402,-0.60955
-0.62913,0.55196,0.5473,0.37304,0.4064,-0.58961
-0.64163,0.52835,0.55601,0.63039,0.4989,-0.28549
-0.64454,0.50977,0.56983,0.86887,0.76158,-0.34136
-0.64097,0.49523,0.58643,1.07283,0.97377,-0.48131
-0.64261,0.49019,0.58886,1.0468,1.02571,-0.43377
-0.64224,0.49058,0.58895,0.8726,0.86722,-0.64208
-0.63695,0.4999,0.58685,0.75031,0.73556,-0.74076
-0.62793,0.52465,0.57484,0.48325,0.98881,-0.54004
-0.61108,0.56176,0.55768,0.23202,1.13258,-0.3382
-0.5939,0.60833,0.52652,-0.00609,1.06284,-0.64306
-0.57985,0.65672,0.48217,-0.30942,0.77065,-0.55323
-0.56967,0.7002,0.43034,-0.6761,0.98371,-0.27256
-0.56349,0.73354,0.38,-0.6373,0.86809,-0.27715
-0.56437,0.75809,0.32678,-0.28502,0.38792,-0.40945
-0.56419,0.7779,0.27672,-0.00308,0.22728,-0.29656
-0.55638,0.79806,0.23141,0.17927,0.13729,-0.21106
-0.54359,0.81902,0.1836,0.64384,0.10049,-0.11477
-0.52562,0.8402,0.13337,0.55422,-0.04637,-0.13088
-0.49849,0.86222,0.08992,0.48551,-0.14464,-0.10408
-0.46365,0.88412,0.058,0.29231,-0.27021,0.07666
-0.42499,0.90449,0.03584,0.18579,-0.44581,0.28264
-0.38765,0.92175,0.01,0.1893,-0.49809,0.28741
-0.35785,0.93358,-0.01943,0.29938,-0.61839,0.13058
-0.3354,0.94109,-0.04304,0.13728,-0.73728,-0.04092
-0.31937,0.94606,-0.05446,0.06146,-0.8216,-0.03238
-0.31411,0.94799,-0.05141,0.03715,-0.94084,-0.20547
-0.32113,0.94654,-0.03061,0.26869,-0.86672,-0.53975
-0.33739,0.94123,0.01571,0.39421,-0.77723,-0.63283
-0.36039,0.9285,0.08946,0.70354,-0.08253,-1.3377
-0.38405,0.91094,0.15067,0.87009,0.89795,-1.97834
-0.4111,0.89738,0.16035,0.66629,1.41358,-1.62736
-0.41512,0.89709,0.15137,0.08174,1.45339,-0.77712
-0.38161,0.9132,0.14297,0.60184,0.16221,-0.98125
-0.33715,0.93192,0.13358,0.81112,-0.35894,-1.02351
-0.31288,0.94115,0.12785,-0.07338,0.19388,-0.71721
-0.3425,0.92851,0.14338,-1.34382,1.22954,0.10103
-0.37336,0.91596,0.14702,-1.72455,1.01399,0.45324
-0.36389,0.9194,0.14933,-0.30559,-0.341,-0.46914
-0.35688,0.92128,0.15455,0.05352,-0.60487,-0.47557
-0.36567,0.91005,0.19518,0.16891,-0.70848,-0.0621
-0.3996,0.87861,0.26146,-0.12519,-0.42372,0.39652
-0.45524,0.83412,0.31144,-0.16146,-0.20685,-0.06513
-0.50688,0.79409,0.33541,0.02665,-0.02175,-0.54135
-0.54994,0.75885,0.34888,0.35012,0.24793,-0.30402
-0.58088,0.72032,0.37911,0.22848,0.21048,0.33367
-0.58991,0.69998,0.40255,0.56276,0.35058,0.13906
-0.58275,0.68696,0.43415,0.84446,0.17596,-0.44686
-0.58272,0.66957,0.46055,0.60876,0.14778,-0.49391
-0.59027,0.649,0.47999,0.46424,0.17798,-0.49651
-0.60003,0.62849,0.49493,0.37278,0.21002,-0.52868
-0.61215,0.60879,0.50462,0.35974,0.17148,-0.42961
-0.6268,0.58732,0.51202,0.34722,0.18256,-0.44583
-0.64148,0.56371,0.52033,0.40691,0.3069,-0.48097
-0.65231,0.53941,0.53247,0.62856,0.55079,-0.43135
-0.65793,0.51722,0.54737,0.76636,0.62333,-0.4392
-0.66079,0.50033,0.55948,1.05774,0.8362,-0.49826
-0.66556,0.48911,0.56374,0.84794,0.99304,-0.36707
-0.66837,0.48587,0.56322,0.8158,0.97383,-0.43747
-0.66764,0.48817,0.56209,0.7111,0.78124,-0.79419
-0.66609,0.49976,0.55368,0.56834,0.94763,-0.50148
-0.65905,0.52701,0.53657,0.4577,1.0388,-0.2567
-0.64238,0.56667,0.51597,0.21432,0.92092,-0.59791
-0.62896,0.61585,0.47449,0.21834,0.71641,-1.18137
-0.62186,0.66906,0.407,0.21124,0.6632,-1.11388
-0.62026,0.7035,0.34695,-0.26075,0.94007,0.20109
-0.62067,0.72801,0.29113,-0.5311,0.80386,-0.19511
-0.62066,0.74822,0.23442,-0.52192,0.6455,-0.31531
-0.61366,0.76793,0.1836,-0.05379,0.38266,-0.24652
-0.59798,0.78883,0.14202,0.6423,0.32478,-0.19709
-0.57531,0.81218,0.09688,0.60879,0.29555,-0.06895
-0.54709,0.83531,0.05442,0.53634,-0.00697,-0.12273
-0.5151,0.85683,0.0226,0.31027,-0.3116,0.11946
-0.47921,0.87769,0.00411,0.22997,-0.39875,0.20595
-0.44164,0.8971,-0.01326,0.2972,-0.59062,0.23684
-0.40802,0.91229,-0.03524,0.28712,-0.64423,0.15699
-0.38152,0.92271,-0.05522,0.2262,-0.66638,0.06703
-0.35978,0.93064,-0.06688,-0.01336,-0.77329,-0.1371
-0.34729,0.93531,-0.06774,-0.02324,-0.83732,-0.21054
-0.34867,0.93571,-0.05357,0.05172,-0.86457,-0.31899
-0.36068,0.93245,-0.02106,0.44046,-0.65878,-0.53025
-0.37901,0.92476,0.03431,0.57451,-0.55083,-0.6552
-0.40048,0.9107,0.10124,0.71726,-0.15775,-1.09241
-0.42382,0.89583,0.13368,0.37426,1.45166,-1.2881
-0.4465,0.88502,0.13179,0.1438,1.74129,-1.13259
-0.43432,0.89236,0.12274,0.20813,1.59107,-0.99738
-0.39855,0.90894,0.12241,0.92704,-0.27439,-0.8627
-0.36759,0.92315,0.1126,0.52618,-0.14025,-0.8219
-0.37418,0.92052,0.11235,-0.18148,0.66987,-0.76668
-0.40597,0.90628,0.11768,-1.32004,1.08883,0.47021
-0.40153,0.90858,0.11518,-0.49174,-0.16643,-0.13236
-0.38962,0.91287,0.1219,-0.15387,-0.5659,-0.54488
-0.394,0.90814,0.14158,0.09125,-0.61996,-0.08242
-0.41458,0.88875,0.19557,0.16719,-0.42851,0.41918
-0.45005,0.85553,0.25598,0.16382,-0.16481,0.28432
-0.49054,0.82241,0.28812,0.14603,0.05279,-0.16802
-0.52854,0.79143,0.30707,0.37491,0.14458,-0.4387
-0.56122,0.75998,0.3278,0.58127,0.1293,-0.26334
-0.58754,0.73012,0.34888,0.55971,0.03163,-0.14462
-0.60453,0.70622,0.36851,0.42441,-0.07338,-0.16989
-0.61772,0.68158,0.39226,0.32271,-0.0535,-0.05468
-0.62921,0.65751,0.41447,0.30772,0.03694,-0.18182
-0.63985,0.63452,0.43356,0.50496,0.35253,-0.57571
-0.6491,0.61166,0.45226,0.56098,0.39859,-0.65517
-0.65976,0.59029,0.46506,0.5497,0.36086,-0.60484
-0.67463,0.56848,0.47086,0.47639,0.31984,-0.40291
-0.69146,0.54295,0.47654,0.45891,0.32404,-0.30274
-0.70342,0.51908,0.48554,0.53322,0.49376,-0.20762
-0.7018,0.49966,0.50776,0.946,0.8598,-0.50889
-0.69164,0.48475,0.5354,1.07532,0.94297,-0.6293
-0.69081,0.4788,0.54179,1.13708,0.99454,-0.44833
-0.69026,0.47994,0.54148,0.77238,0.8789,-0.6137
-0.68205,0.48844,0.54426,0.68987,0.78943,-0.78793
-0.67505,0.50858,0.53447,0.36154,0.93916,-0.49699
-0.66815,0.54003,0.5118,0.05264,1.0281,-0.2473
-0.65434,0.57998,0.48524,0.01293,0.8532,-0.43293
-0.6408,0.62927,0.43976,0.17925,0.52306,-0.6217
-0.63007,0.67722,0.37998,-0.16301,0.98424,-0.25148
-0.62543,0.70878,0.3263,-0.3532,1.0616,-0.05237
-0.62434,0.73264,0.27101,-0.5113,0.90822,-0.07753
-0.6224,0.75224,0.21622,-0.18756,0.47263,-0.07358
-0.61091,0.77153,0.17757,-0.10082,0.39835,-0.0142
-0.59191,0.79499,0.13282,0.55734,0.31568,-0.19576
-0.56611,0.81965,0.08773,0.63786,0.0996,-0.14729
-0.53646,0.84261,0.04717,0.52672,-0.06941,-0.11771
-0.50411,0.86341,0.01986,0.32002,-0.28106,0.09409
-0.46889,0.88325,0.00225,0.19304,-0.55966,0.27684
-0.43398,0.90073,-0.01878,0.19225,-0.62729,0.37096
-0.40422,0.91368,-0.04234,0.23931,-0.73868,-0.01911
-0.38116,0.92248,-0.06117,0.14102,-0.70482,-0.09856
-0.36424,0.92874,-0.06914,0.07795,-0.74269,-0.08071
-0.35989,0.9307,-0.06533,0.07655,-0.84902,-0.30103
-0.36895,0.92821,-0.04801,0.16226,-0.81149,-0.37821
-0.3864,0.92226,-0.01157,0.35853,-0.60451,-0.50404
-0.40996,0.9106,0.05229,0.7752,0.12472,-1.24577
-0.43535,0.89222,0.12004,0.99199,0.56484,-1.6239
-0.46342,0.87502,0.13997,1.0571,1.05701,-1.7098
-0.47123,0.87334,0.12338,0.33538,1.92879,-0.94517
-0.44073,0.89044,0.11346,0.45358,1.25548,-0.84024
-0.39665,0.91166,0.10742,0.80676,0.0269,-0.95118
-0.36907,0.92421,0.09809,0.30822,-0.0728,-0.60946
-0.38744,0.91597,0.10431,-1.01682,1.29228,-0.13701
-0.40414,0.90779,0.11218,-1.52561,1.24733,0.22343
-0.39067,0.91284,0.1187,-0.35669,-0.56818,-0.34925
-0.38393,0.91576,0.11826,-0.13319,-0.59805,-0.67137
-0.39539,0.90778,0.14003,0.00699,-0.5483,-0.34259
-0.42851,0.88264,0.19318,0.07567,-0.5226,0.52601
-0.48538,0.84063,0.2403,-0.1607,-0.28145,0.48672
-0.54397,0.79443,0.27013,-0.16643,-0.03622,0.2282
-0.59025,0.75456,0.28678,0.52835,0.42481,-0.33628
-0.62311,0.71674,0.31308,0.51548,0.36956,0.10623
-0.63283,0.69372,0.34391,0.84325,0.53197,0.03804
-0.62874,0.68214,0.37333,1.08763,0.30269,-0.45623
-0.62975,0.66819,0.39616,0.68851,0.12841,-0.39187
-0.63471,0.65332,0.41269,0.38059,0.09138,-0.30206
-0.64175,0.63606,0.42848,0.19402,0.1014,-0.3768
-0.64905,0.61722,0.44471,0.24445,0.15584,-0.45794
-0.65876,0.59663,0.45834,0.25415,0.17643,-0.47157
-0.66957,0.57477,0.47043,0.45752,0.3148,-0.3695
-0.67816,0.5516,0.48562,0.56174,0.4028,-0.28564
-0.6824,0.52915,0.50432,0.56597,0.42526,-0.30434
-0.68455,0.50837,0.52245,0.8155,0.57679,-0.46107
-0.68739,0.49191,0.53434,0.81141,0.91748,-0.63488
-0.69269,0.48418,0.53457,0.81671,0.92522,-0.63511
-0.69621,0.48307,0.53098,0.80886,0.88243,-0.40792
-0.69563,0.48736,0.52781,0.79927,0.91018,-0.83174
-0.69373,0.50456,0.51396,0.68795,0.93915,-0.60351
-0.68496,0.537,0.49241,0.38172,1.02776,-0.15105
-0.67172,0.57656,0.46516,0.19424,0.83139,-0.49504
-0.66037,0.62704,0.4132,0.22098,0.65529,-0.74139
-0.65091,0.67508,0.34725,-0.01954,0.81549,-0.61647
-0.64778,0.7075,0.28253,-0.34757,0.94191,-0.03384
-0.6464,0.73173,0.2162,-0.42898,0.87273,-0.0077
-0.63901,0.75067,0.1678,0.20073,0.29473,-0.12953
-0.62329,0.76976,0.13777,0.54597,0.32938,-0.35583
-0.59939,0.79517,0.09183,0.60075,0.43905,-0.40259
-0.56852,0.82077,0.05591,0.44804,-0.03712,-0.09289
-0.53427,0.84486,0.02756,0.35234,-0.14284,0.05975
-0.49886,0.86665,0.00737,0.28981,-0.25763,0.17508
-0.46245,0.8866,-0.00857,0.21013,-0.52224,0.26458
-0.42863,0.90303,-0.02847,0.22857,-0.62244,0.31164
-0.40105,0.91473,-0.04928,0.21663,-0.7229,0.06426
-0.37846,0.92341,-0.06387,0.13139,-0.71557,-0.05748
-0.36217,0.92961,-0.06821,0.10014,-0.7876,-0.13083
-0.35654,0.93232,-0.06053,0.09355,-0.8084,-0.26477
-0.36237,0.93113,-0.0411,0.23198,-0.68635,-0.40803
-0.37581,0.92667,-0.00671,0.42745,-0.52956,-0.49295
-0.39491,0.91744,0.04841,0.63751,-0.27056,-0.78737
-0.41743,0.90207,0.10965,0.92135,0.32875,-1.38288
-0.44269,0.88593,0.13839,0.91479,1.21528,-1.42289
-0.45342,0.88179,0.12984,0.67706,1.6167,-1.21603
-0.42673,0.89666,0.11791,0.56129,0.98713,-1.02051
-0.38598,0.91602,0.10917,0.7976,-0.27332,-0.88602
-0.36539,0.92603,0.09461,0.55558,-0.23409,-0.7789
-0.38085,0.91924,0.09972,-0.95149,1.33758,-0.15041
-0.37887,0.91952,0.10456,-0.80841,0.04892,0.35499
-0.36951,0.92156,0.11911,-0.44986,-0.48476,0.02473
-0.37066,0.92092,0.12045,-0.23998,-0.5445,-0.53804
-0.39359,0.90568,0.15759,0.02726,-0.43325,0.51994
-0.45441,0.79955,0.39272,0.03171,-0.20351,0.29164
-0.51472,0.7397,0.43348,-0.0082,-0.08206,0.1624
-0.56455,0.69164,0.45045,0.64242,0.50725,-0.60171
-0.60555,0.6514,0.45715,0.65293,0.58476,-0.50059
-0.63223,0.61156,0.47569,0.60934,0.45533,-0.13336
-0.64763,0.58254,0.49116,0.44769,-0.03429,-0.34501
-0.65401,0.55877,0.50996,0.36284,-0.06128,-0.37813
-0.65825,0.53371,0.53091,0.24579,0.04031,-0.29264
-0.66164,0.50809,0.55143,0.41558,0.36437,-0.48479
-0.66492,0.48089,0.57151,0.49115,0.47041,-0.63431
-0.66919,0.4549,0.58759,0.6112,0.53424,-0.74849
-0.67831,0.43119,0.59495,0.57088,0.49656,-0.62217
-0.69246,0.40528,0.59686,0.55091,0.52024,-0.54472
-0.70596,0.37659,0.59983,0.51526,0.58863,-0.4028
-0.71065,0.3513,0.60956,0.62216,0.82144,-0.47025
-0.70342,0.3321,0.62842,0.72226,0.90644,-0.64978
-0.69764,0.32011,0.64096,1.00564,0.94437,-0.81587
-0.70031,0.31419,0.64097,0.98312,1.07322,-0.33027
-0.6987,0.31376,0.64294,0.88457,1.09848,-0.48388
-0.69452,0.31976,0.64451,0.70981,0.98731,-0.93202
-0.69175,0.34136,0.63636,0.60937,1.00684,-0.78381
-0.68495,0.38049,0.62135,0.16473,1.21218,-0.28689
-0.67331,0.42961,0.60174,0.08235,0.87006,-0.69126
-0.66594,0.49016,0.56238,0.10987,0.6871,-0.81181
-0.663,0.55125,0.50651,-0.17767,1.00591,-0.52322
-0.66855,0.58917,0.45379,-0.35616,1.02405,-0.15127
-0.68041,0.61632,0.39647,-0.33642,0.82509,-0.1881
-0.68616,0.63873,0.34815,-0.14027,0.5286,-0.15972
-0.67547,0.66681,0.31482,0.26169,0.43558,-0.37559
-0.65781,0.70147,0.27426,0.67249,0.46068,-0.4541
-0.63596,0.73473,0.23608,0.66994,0.23633,-0.27544
-0.61002,0.76617,0.20212,0.50365,-0.08041,-0.21689
-0.57922,0.79528,0.17896,0.36163,-0.25602,-0.00269
-0.54409,0.82375,0.15936,0.26998,-0.37214,0.08493
-0.5077,0.85021,0.1392,0.28443,-0.4925,0.13013
-0.47458,0.87236,0.11732,0.29588,-0.58269,-0.04335
-0.44435,0.89022,0.10031,0.18319,-0.63601,-0.15296
-0.41992,0.90283,0.0926,0.06593,-0.7931,-0.23372
-0.4088,0.90753,0.09634,0.05481,-0.7978,-0.23745
-0.41006,0.90455,0.11682,0.18496,-0.9115,-0.47266
-0.42079,0.89221,0.164,0.58131,-0.63319,-0.77054
-0.43554,0.86951,0.23293,1.0014,0.16449,-1.65973
-0.4526,0.84588,0.28219,1.01846,0.18811,-1.70899
-0.47136,0.83512,0.28355,0.5356,1.53726,-1.55344
-0.4616,0.84285,0.27663,0.15968,1.53712,-1.00945
-0.4223,0.86335,0.27622,0.7103,0.30716,-1.2116
-0.39062,0.8831,0.25992,0.44554,0.3693,-1.33592
-0.39731,0.88443,0.2448,-0.91436,2.25792,-0.86541
-0.39653,0.88621,0.23956,-0.90376,0.53817,0.32465
-0.3819,0.88773,0.25708,-0.29004,-1.08283,0.18405
-0.36897,0.88687,0.27806,-0.31942,-0.85189,-0.94116
-0.38499,0.877,0.2875,-0.30339,-0.84201,-0.9506
-0.43999,0.82695,0.35009,-0.03638,-0.26012,0.34508
-0.51059,0.75592,0.40973,-0.07683,-0.05986,0.30592
-0.58205,0.68668,0.43552,0.13326,0.1148,-0.17217
-0.64091,0.63876,0.4257,0.76861,0.65135,-0.60485
-0.68067,0.59172,0.43191,0.66743,0.52566,-0.21043
-0.7001,0.55533,0.44885,0.65754,0.49699,-0.15822
-0.70104,0.53276,0.47404,0.77292,0.48637,-0.00828
-0.69312,0.51751,0.50177,0.60794,0.25604,-0.14732
-0.68598,0.50148,0.52721,0.5362,0.20583,-0.24483
-0.68141,0.4816,0.55114,0.42027,0.20154,-0.48479
-0.67651,0.46121,0.57412,0.46123,0.2832,-0.88276
-0.67634,0.44267,0.58873,0.43708,0.40113,-0.78771
-0.68589,0.42304,0.59211,0.38624,0.46882,-0.43058
-0.69906,0.40087,0.59213,0.40165,0.50271,-0.33241
-0.70881,0.37711,0.59613,0.44375,0.65434,-0.45703
-0.71082,0.35308,0.60833,0.64249,0.75778,-0.68566
-0.71061,0.33462,0.61892,0.91048,0.89263,-0.67405
-0.71403,0.32245,0.62145,0.99045,1.07599,-0.35015
-0.71613,0.31808,0.62128,0.91709,1.11997,-0.38709
-0.71425,0.31929,0.62282,0.85507,1.08135,-0.59525
-0.71225,0.32934,0.61987,0.68681,0.95119,-0.97234
-0.71153,0.35379,0.60709,0.41412,1.17746,-0.48627
-0.70836,0.3936,0.58592,0.28909,1.16585,-0.52153
-0.70307,0.44582,0.55403,0.24106,1.04955,-0.53648
-0.69941,0.50184,0.5089,0.03902,0.79656,-0.42124
-0.69609,0.5485,0.46327,-0.10859,0.93634,-0.2595
-0.69827,0.58477,0.41287,-0.17685,1.00428,-0.26084
-0.70516,0.61137,0.35913,-0.30069,0.8263,-0.42211
-0.70643,0.63357,0.31551,0.01182,0.55523,-0.30579
-0.69369,0.6596,0.28935,0.20072,0.52511,-0.17927
-0.67524,0.69416,0.24937,0.86036,0.30756,-0.50792
-0.65598,0.72406,0.21313,0.65265,0.14747,-0.31977
-0.63274,0.75246,0.18289,0.56513,0.01292,-0.3113
-0.60481,0.7808,0.15672,0.33653,-0.16165,-0.10927
-0.57277,0.80766,0.14008,0.27065,-0.29962,0.06276
-0.53959,0.83272,0.12418,0.26015,-0.36002,0.09093
-0.50926,0.85397,0.10676,0.2956,-0.52581,-0.08312
-0.4833,0.87056,0.09248,0.14197,-0.5594,-0.14284
-0.46358,0.88188,0.08591,0.12226,-0.57072,-0.13628
-0.45534,0.88572,0.09035,0.13322,-0.77735,-0.28329
-0.45735,0.88225,0.11165,0.3096,-0.80039,-0.51299
-0.46741,0.87045,0.15443,0.54228,-0.56573,-0.81882
-0.48159,0.84979,0.21432,0.80029,-0.16438,-1.26676
-0.49771,0.82939,0.25376,1.0245,0.92166,-1.9793
-0.51604,0.81621,0.25982,0.82626,1.28316,-1.61334
-0.51047,0.8212,0.25504,0.57206,1.03878,-0.89112
-0.47888,0.8405,0.25346,0.84419,0.09688,-1.00509
-0.43839,0.86212,0.25408,0.93351,-0.35842,-0.97057
-0.40983,0.8741,0.26075,0.59655,-0.35738,-0.81879
-0.42608,0.85766,0.28787,-1.03292,1.41806,-0.09756
-0.48322,0.82533,0.29212,-1.51773,1.43107,0.02995
-0.48762,0.83005,0.27065,-0.36259,0.01724,-0.56994
-0.4774,0.83699,0.26746,0.18972,-0.6297,-0.66147
-0.48131,0.8261,0.29309,0.3741,-0.7069,-0.49384
-0.51428,0.78768,0.33922,0.35672,-0.59191,0.24391
-0.57628,0.72267,0.38163,-0.04846,-0.14475,0.20978
-0.64528,0.65599,0.39152,-0.04944,0.16674,-0.36055
-0.69414,0.6036,0.39221,0.47045,0.47464,-0.48004
-0.72085,0.56415,0.40263,0.51664,0.51905,-0.00194
-0.72405,0.5382,0.43139,0.81337,0.60659,0.0019
-0.71357,0.51774,0.47199,1.08873,0.44259,-0.34369
-0.71169,0.49335,0.5001,0.88738,0.3302,-0.34837
-0.71506,0.47348,0.51431,0.42668,0.25512,-0.44006
-0.71746,0.45307,0.52913,0.34455,0.2891,-0.60905
-0.72241,0.43154,0.54027,0.45176,0.36808,-0.66573
-0.73245,0.40956,0.54386,0.49496,0.48229,-0.52816
-0.74472,0.38526,0.54494,0.52944,0.56713,-0.32712
-0.75236,0.35952,0.55199,0.60081,0.67311,-0.34414
-0.75423,0.33607,0.5641,0.78285,0.79644,-0.5523
-0.75385,0.3194,0.57419,1.03815,0.98283,-0.73111
-0.75589,0.3092,0.57709,1.07319,1.17321,-0.46173
-0.75853,0.30678,0.57491,0.97378,1.21049,-0.29717
-0.7564,0.3108,0.57556,0.84746,1.07353,-0.90936
-0.75348,0.32359,0.57233,0.79407,0.9828,-0.97481
-0.75116,0.35087,0.55915,0.72183,0.94768,-0.82247
-0.74324,0.39394,0.54075,0.35556,1.01045,-0.3536
-0.73372,0.44795,0.51088,0.33086,0.73131,-0.66508
-0.72745,0.51019,0.45883,0.33859,0.63352,-0.74144
-0.723,0.55545,0.41079,0.05899,0.98322,0.02729
-0.72487,0.58894,0.35738,-0.31181,1.06402,-0.25339
-0.72777,0.61635,0.30076,-0.34022,0.96054,-0.30042
-0.72173,0.63829,0.26776,0.38457,0.65589,-0.09544
-0.70339,0.66718,0.24519,0.87557,0.6125,-0.35349
-0.67893,0.70451,0.20668,0.69762,0.49558,-0.29911
-0.64905,0.74008,0.17611,0.46947,-0.12811,-0.22141
-0.61647,0.77355,0.14692,0.28606,-0.25684,0.01524
-0.58043,0.80393,0.12962,0.25002,-0.28722,0.03254
-0.54071,0.83307,0.11668,0.23676,-0.51604,0.16852
-0.50406,0.85769,0.10141,0.34563,-0.65375,-0.11448
-0.47314,0.87654,0.08843,0.31471,-0.67259,-0.10149
-0.44626,0.89135,0.07965,0.13011,-0.63285,-0.20749
-0.43074,0.89929,0.07578,-0.02346,-0.73491,-0.35907
-0.42932,0.89927,0.08367,0.04173,-0.73006,-0.47749
-0.43726,0.89244,0.11117,0.30846,-0.5989,-0.67677
-0.44968,0.87823,0.16278,0.6868,-0.23247,-0.97122
-0.46182,0.85805,0.22465,0.78507,-0.01104,-1.22435
-0.47623,0.83967,0.26107,0.88589,0.57943,-1.56887
-0.49061,0.82873,0.26928,0.43028,1.24876,-1.05229
-0.48086,0.83675,0.26195,0.38537,1.26214,-1.04977
-0.44946,0.85409,0.26173,0.99718,0.09081,-1.24046
-0.4181,0.86907,0.26442,1.00155,-0.21327,-1.02453
-0.41233,0.87139,0.26582,0.33016,0.30738,-0.92888
-0.44533,0.85093,0.27856,-1.41165,1.34037,0.02855
-0.45804,0.84597,0.273,-1.43774,0.7636,0.12586
-0.4524,0.84912,0.27264,-0.40031,-0.49814,-0.53535
-0.46189,0.84191,0.27899,0.02177,-0.56997,-0.52869
-0.49455,0.8112,0.31205,0.20246,-0.5661,0.24859
-0.55105,0.75263,0.36039,0.20671,-0.36282,0.29854
-0.62482,0.68286,0.37856,-0.00648,0.02686,0.09121
-0.68604,0.6252,0.37213,0.2316,0.23877,-0.30925
-0.72842,0.57693,0.36953,0.58401,0.55069,-0.19341
-0.74545,0.5374,0.39435,0.72671,0.47479,0.22891
-0.74687,0.51705,0.41814,0.97693,0.45538,-0.03857
-0.74429,0.49655,0.44662,0.92727,0.33314,-0.33665
-0.74309,0.47517,0.47121,0.67517,0.36402,-0.2954
-0.74253,0.45573,0.49087,0.57798,0.36394,-0.47481
-0.74332,0.43567,0.50761,0.57059,0.40479,-0.6159
-0.74694,0.41748,0.51749,0.52926,0.42811,-0.66066
-0.75409,0.39781,0.52259,0.47624,0.51329,-0.47838
-0.76116,0.3744,0.52959,0.53702,0.52465,-0.34372
-0.76321,0.35056,0.54279,0.68551,0.68155,-0.37853
-0.7589,0.32992,0.56145,0.96059,0.87051,-0.60244
-0.75761,0.31251,0.57303,1.20205,1.05028,-0.60428
-0.75766,0.3042,0.57742,1.0691,1.1505,-0.38639
-0.75418,0.30526,0.5814,0.8046,1.03774,-0.66389
-0.7501,0.31111,0.58358,0.73092,0.96398,-0.79427
-0.74532,0.32671,0.58117,0.65119,0.90372,-0.73406
-0.73786,0.35698,0.57283,0.37404,1.11781,-0.25343
-0.72559,0.40384,0.55717,0.26479,0.98317,-0.39494
-0.71572,0.46065,0.52492,0.19598,0.69943,-0.67641
-0.71206,0.52086,0.47083,-0.04566,1.20725,-0.29642
-0.71611,0.56104,0.41524,-0.10777,1.24849,0.01058
-0.72294,0.59511,0.35101,-0.4587,1.15143,-0.27743
-0.72738,0.62219,0.2895,-0.2151,0.66218,-0.193
-0.71955,0.64505,0.25721,-0.1157,0.5023,-0.06753
-0.69924,0.68035,0.21954,0.46448,0.35984,-0.29819
-0.67536,0.71634,0.17535,0.66867,0.15458,-0.18882
-0.64673,0.75038,0.13663,0.62447,-0.06383,-0.23838
-0.61563,0.78034,0.10989,0.54487,-0.35041,-0.04661
-0.58356,0.80688,0.09162,0.45804,-0.45717,0.16414
-0.55041,0.83174,0.07254,0.50674,-0.50247,0.21313
-0.52192,0.85114,0.05616,0.48246,-0.53974,0.01945
-0.49639,0.86678,0.04787,0.24165,-0.58401,-0.03322
-0.47472,0.87912,0.04233,0.12285,-0.62271,-0.11493
-0.46258,0.88538,0.04616,0.16291,-0.89558,-0.42674
-0.46286,0.88391,0.06678,0.28149,-0.85991,-0.50175
-0.47448,0.87313,0.11185,0.43064,-0.76036,-0.6123
-0.49258,0.85206,0.17709,1.09857,0.34777,-1.81052
-0.51218,0.82813,0.22775,1.17938,0.91978,-2.15663
-0.53646,0.81039,0.23553,0.91686,1.41382,-1.92521
-0.53879,0.80959,0.23296,0.22029,1.61178,-0.91168
-0.50612,0.83085,0.23137,0.60997,0.41097,-1.07755
-0.46511,0.85443,0.23155,0.76374,-0.16462,-1.13452
-0.44588,0.86726,0.22146,-0.00662,0.67235,-1.21153
-0.46422,0.8565,0.22562,-0.71855,1.11623,0.01143
-0.47536,0.84878,0.23151,-0.94419,0.53541,0.42043
-0.47704,0.8456,0.23958,-0.34427,-0.54505,-0.54396
-0.48403,0.84256,0.23624,-0.02586,-0.36528,-0.67452
-0.51128,0.82033,0.25622,0.18572,-0.33132,0.13276
-0.55556,0.76472,0.32643,0.11664,-0.23422,0.53238
-0.61038,0.70795,0.35531,0.12898,-0.06951,0.26389
-0.65818,0.65903,0.36398,0.43279,0.20952,-0.37486
-0.69713,0.61896,0.36181,0.713,0.50432,-0.50009
-0.72588,0.57802,0.37281,0.70084,0.49519,-0.24844
-0.74217,0.54708,0.38714,0.6964,0.47326,-0.15779
-0.74596,0.52597,0.40853,0.75257,0.27623,-0.23658
-0.74521,0.50665,0.43355,0.56696,0.17581,-0.32872
-0.74391,0.48633,0.45834,0.52213,0.16218,-0.38119
-0.74436,0.46382,0.48042,0.58742,0.3726,-0.57292
-0.74958,0.43672,0.4974,0.68178,0.49527,-0.63954
-0.76021,0.40831,0.50534,0.66424,0.50381,-0.58124
-0.77281,0.37952,0.50865,0.57077,0.53654,-0.45836
-0.78461,0.34982,0.51188,0.58604,0.65944,-0.3304
-0.79018,0.32327,0.52069,0.65837,0.74764,-0.32467
-0.78594,0.30188,0.5396,1.01905,0.93773,-0.57712
-0.78075,0.2864,0.55534,1.1653,1.12241,-0.55551
-0.78296,0.2791,0.55595,1.16751,1.12972,-0.55611
-0.78438,0.28068,0.55314,0.93686,1.21237,-0.53203
-0.78237,0.29297,0.5496,0.81205,0.99565,-0.83778
-0.78089,0.32167,0.53549,0.81056,0.96695,-0.82366
-0.77334,0.36661,0.51724,0.3295,1.20385,-0.22844
-0.76156,0.4224,0.49154,0.32427,0.77652,-0.62986
-0.75269,0.48598,0.44416,0.27252,0.75723,-0.72848
-0.74838,0.5335,0.3941,-0.06058,1.18823,-0.28384
-0.75069,0.56692,0.33921,-0.2964,1.13521,-0.24104
-0.75471,0.59432,0.27784,-0.33481,1.00452,-0.26047
-0.74707,0.62049,0.23848,-0.06569,0.67104,-0.08784
-0.7301,0.65072,0.20861,0.68173,0.51549,-0.37513
-0.70738,0.68339,0.18053,0.70051,0.41306,-0.27041
-0.67828,0.7184,0.1544,0.57885,-0.07068,-0.15055
-0.64695,0.75106,0.13178,0.43917,-0.14887,0.0339
-0.60952,0.78321,0.12277,0.3081,-0.27193,0.11256
-0.56843,0.81414,0.11857,0.30071,-0.49614,0.24176
-0.52916,0.84131,0.11041,0.29405,-0.5808,0.14638
-0.49544,0.86248,0.10328,0.34941,-0.67947,-0.05132
-0.46885,0.87744,0.10143,0.15234,-0.85769,-0.28118
-0.45459,0.88415,0.10783,0.14628,-0.89787,-0.38383
-0.45362,0.88223,0.1261,0.23621,-0.79901,-0.5739
-0.4606,0.87355,0.15735,0.40988,-0.58241,-0.70489
-0.47342,0.85541,0.21011,0.50108,-0.3487,-0.77705
-0.49215,0.82464,0.27884,0.68019,0.15256,-1.23233
-0.51609,0.79317,0.32331,0.84384,1.13142,-1.70159
-0.53091,0.78604,0.31667,0.70471,1.79297,-1.70813
-0.50734,0.80403,0.31006,0.6689,2.13652,-1.37548
-0.46457,0.82915,0.31094,1.13247,-0.26917,-1.01862
-0.43165,0.85091,0.29938,0.52067,0.01872,-0.80554
-0.44484,0.83775,0.31668,-0.32855,0.75018,-0.8386
-0.48246,0.81708,0.31561,-1.24302,1.15225,0.36771
-0.47548,0.82443,0.30697,-0.45468,-0.16717,-0.28368
-0.4603,0.83178,0.31028,-0.093,-0.53803,-0.70818
-0.47005,0.82021,0.32606,-0.03514,-0.51781,-0.29537
-0.4984,0.78615,0.36546,0.20229,-0.21268,0.17996
-0.54107,0.73841,0.40248,0.24496,-0.16494,0.14295
-0.58001,0.70023,0.41626,0.25931,0.24297,-0.14788
-0.61187,0.66033,0.43541,0.60203,0.37553,-0.40786
-0.63137,0.62508,0.45896,0.62153,0.41078,-0.4314
-0.64655,0.59555,0.47675,0.66628,0.05562,-0.61709
-0.66255,0.56531,0.49138,0.55524,0.13162,-0.44976
-0.67852,0.53324,0.50524,0.37263,0.17556,-0.2141
-0.69434,0.50269,0.51497,0.36406,0.2188,-0.25916
-0.70781,0.47399,0.52377,0.42571,0.36377,-0.43704
-0.71844,0.4462,0.53362,0.56946,0.47629,-0.60477
-0.72919,0.41949,0.54065,0.61635,0.47403,-0.57709
-0.74217,0.39238,0.54335,0.63586,0.55386,-0.58052
-0.75331,0.36501,0.54708,0.63526,0.53958,-0.37327
-0.75654,0.34354,0.55644,0.72224,0.67245,-0.22052
-0.74848,0.32503,0.57805,1.01445,1.02307,-0.71771
-0.74318,0.31213,0.59183,1.11163,1.08893,-0.78338
-0.74814,0.30909,0.58716,0.98753,1.18245,-0.32054
-0.74703,0.31252,0.58675,0.9192,1.10981,-0.77168
-0.74429,0.32356,0.58424,0.89137,1.03395,-0.93454
-0.74054,0.35116,0.57297,0.64157,1.09595,-0.64253
-0.73113,0.39337,0.55741,0.35802,1.08382,-0.57241
-0.72538,0.44408,0.52594,0.27108,0.98841,-0.55098
-0.71857,0.49426,0.48925,-0.16573,0.93062,-0.34583
-0.71175,0.5393,0.45007,-0.17341,1.01519,-0.25775
-0.71134,0.57299,0.40703,-0.1137,0.98194,-0.31346
-0.71398,0.59911,0.36235,-0.07629,0.75678,-0.37239
-0.70983,0.62418,0.32641,0.02069,0.58842,-0.28088
-0.69833,0.65139,0.2967,0.33613,0.47483,-0.36213
-0.6833,0.68117,0.26288,0.68998,0.31048,-0.30884
-0.66296,0.71264,0.22942,0.58177,0.11053,-0.12747
-0.63627,0.7447,0.20144,0.48673,-0.14413,-0.23445
-0.60575,0.77437,0.1828,0.33636,-0.25253,0.01599
-0.57048,0.80336,0.1708,0.30503,-0.35895,0.07331
-0.53325,0.83126,0.157,0.28201,-0.46469,0.05328
-0.49937,0.85448,0.14313,0.30804,-0.52688,-0.13924
-0.47089,0.87196,0.13397,0.27057,-0.5336,-0.21014
-0.44882,0.88368,0.13293,0.14091,-0.5473,-0.33557
-0.43783,0.88765,0.14278,0.16763,-0.68216,-0.46364
-0.43974,0.88271,0.16568,0.30533,-0.68526,-0.67784
-0.44992,0.86808,0.20975,0.47725,-0.48698,-0.82548
-0.4645,0.8422,0.27374,0.65226,-0.0992,-1.18805
-0.48057,0.8127,0.32949,0.92419,0.58778,-1.82627
-0.50146,0.79451,0.34249,0.79548,1.64821,-1.63148
-0.4991,0.80013,0.33269,0.50655,1.74575,-1.11308
-0.4648,0.82211,0.32877,0.79806,0.36795,-1.11283
-0.42284,0.84609,0.32456,0.92109,-0.11243,-1.03666
-0.40316,0.85329,0.33069,0.03125,0.48808,-0.88921
-0.4282,0.82911,0.35949,-0.83555,1.81762,-0.23525
-0.4411,0.82326,0.35731,-1.09285,1.41159,0.47041
-0.42504,0.83205,0.35642,-0.2495,-0.46694,-0.76663
-0.41416,0.8383,0.35457,-0.04977,-0.73352,-1.01459
-0.42904,0.81993,0.379,0.00158,-0.72547,-0.59189
-0.47365,0.76897,0.42935,-0.03306,-0.59418,0.16718
-0.54517,0.70328,0.45628,-0.14328,-0.16931,0.01175
-0.61401,0.64381,0.45662,-0.12063,0.03956,-0.37319
-0.66166,0.59081,0.46168,0.29569,0.47945,-0.35845
-0.68519,0.54487,0.48335,0.44247,0.58039,0.35021
-0.68355,0.52115,0.51104,0.44083,0.60411,0.32252
-0.66767,0.50024,0.55134,1.05776,0.38283,-0.58546
-0.65952,0.47751,0.58054,0.71198,0.40216,-0.62218
-0.65602,0.45733,0.60041,0.70848,0.42234,-0.64205
-0.65754,0.43704,0.61371,0.48452,0.38302,-0.68293
-0.66344,0.41812,0.6205,0.37676,0.37772,-0.56038
-0.67207,0.3979,0.6245,0.30077,0.46291,-0.60936
-0.68144,0.37448,0.62882,0.37989,0.54733,-0.55326
-0.68595,0.35089,0.63746,0.61486,0.76517,-0.45391
-0.68464,0.32959,0.6501,0.71194,0.82907,-0.52413
-0.68079,0.31274,0.66235,1.06767,0.88458,-0.68254
-0.682,0.30264,0.66579,0.91353,1.01983,-0.48278
-0.68321,0.30134,0.66515,0.81123,1.00671,-0.42383
-0.68216,0.30469,0.6647,0.66397,0.93828,-0.68104
-0.68277,0.31546,0.65902,0.53345,0.9041,-0.89384
-0.68427,0.33882,0.64574,0.46558,0.94776,-0.66686
-0.68432,0.37378,0.62609,0.20527,1.16035,-0.41362
-0.68527,0.42319,0.59271,0.36109,0.89097,-0.72534
-0.68395,0.48729,0.54292,0.40343,0.80998,-0.85584
-0.6877,0.54413,0.48061,-0.05571,1.22759,-0.12893
-0.69786,0.58001,0.42021,-0.2973,1.21295,-0.21904
-0.70589,0.61003,0.35997,-0.40683,1.13479,-0.12719
-0.7033,0.63521,0.3192,-0.0854,0.49414,-0.00653
-0.68518,0.66709,0.29244,0.2241,0.35612,-0.29436
-0.66002,0.70663,0.25505,0.70691,0.38972,-0.48207
-0.62995,0.7429,0.22643,0.66551,0.03631,-0.32746
-0.59767,0.77587,0.202,0.46588,-0.18515,-0.13125
-0.56143,0.80634,0.18604,0.31843,-0.4201,-0.00151
-0.52371,0.8346,0.17082,0.29457,-0.56124,0.10169
-0.48921,0.85872,0.15257,0.35176,-0.66722,-0.0028
-0.45996,0.87744,0.13613,0.30519,-0.65155,-0.14094
-0.43438,0.89158,0.12803,0.19431,-0.57664,-0.22971
-0.41611,0.89982,0.13105,0.11623,-0.66157,-0.25143
-0.40998,0.90061,0.1443,0.18459,-0.73868,-0.47272
-0.41415,0.89385,0.17178,0.38159,-0.63726,-0.68562
-0.42474,0.87769,0.22196,0.59739,-0.4323,-0.91756
-0.43916,0.85088,0.28834,0.73517,-0.03106,-1.42698
-0.45688,0.82499,0.33264,0.84904,1.17978,-1.74269
-0.47461,0.81255,0.33839,0.62382,1.57011,-1.4366
-0.4607,0.82402,0.32978,0.39866,1.82772,-1.25028
-0.41795,0.8468,0.329,0.84111,0.35873,-1.07427
-0.38038,0.86623,0.32396,0.85549,-0.29831,-1.07373
-0.38576,0.86457,0.32204,-0.58477,1.41458,-1.06594
-0.40611,0.85632,0.31903,-1.27666,1.61183,0.2016
-0.39339,0.86281,0.31749,-0.44247,-0.36753,0.13523
-0.38,0.86464,0.32864,-0.36663,-1.09701,-0.87006
-0.38499,0.85968,0.33576,0.01083,-0.30461,-0.29795
-0.41595,0.82921,0.37336,0.12169,-0.19574,0.08701
-0.46294,0.77779,0.42512,0.2763,-0.01752,0.35981
-0.5185,0.72469,0.45386,0.02607,0.1134,0.06544
-0.55992,0.67687,0.47785,0.23397,0.15644,-0.60791
-0.58997,0.63873,0.49392,0.61283,0.27473,-0.74794
-0.61242,0.60406,0.50996,0.76532,0.18449,-0.62867
-0.63524,0.56645,0.52498,0.43912,0.00289,-0.34832
-0.66489,0.52455,0.53176,0.46877,0.04479,-0.35511
-0.69165,0.48454,0.53558,0.30954,0.39243,-0.07174
-0.70601,0.45275,0.54458,0.42026,0.535,-0.20043
-0.70608,0.42848,0.56378,0.73369,0.68454,-0.5778
-0.70152,0.408,0.5843,0.88594,0.56824,-0.88646
-0.71041,0.38635,0.58826,0.63656,0.5511,-0.80156
-0.73058,0.35818,0.58134,0.54961,0.55663,-0.42279
-0.74667,0.33164,0.57663,0.62156,0.64127,-0.19475
-0.74542,0.31391,0.58805,0.78984,0.87951,-0.3961
-0.73316,0.29888,0.61085,1.08328,0.96731,-0.74388
-0.73233,0.28907,0.61655,1.14073,1.04998,-0.58783
-0.73386,0.28763,0.61541,0.84181,1.17809,-0.63932
-0.72984,0.29475,0.61681,0.75511,1.14809,-0.81123
-0.72863,0.31341,0.60899,0.5496,1.12474,-0.64298
-0.72213,0.35141,0.59585,0.34615,1.26367,-0.40086
-0.70867,0.39958,0.58149,0.34584,1.10573,-0.55596
-0.70166,0.46035,0.54383,0.24757,0.78234,-0.9634
-0.69967,0.51625,0.49391,-0.29241,1.10034,-0.29065
-0.70068,0.55917,0.44315,-0.38064,1.01589,-0.36539
-0.70329,0.5944,0.38996,-0.38799,0.80123,-0.51006
-0.70564,0.62055,0.34204,-0.25757,0.60365,-0.42325
-0.7008,0.64411,0.3066,0.0126,0.43345,-0.17321
-0.68474,0.67447,0.27609,0.77947,0.34937,-0.30125
-0.66232,0.70957,0.24051,0.80775,0.26588,-0.26498
-0.63575,0.74381,0.2063,0.74035,0.04246,-0.26633
-0.60354,0.77612,0.18271,0.39568,-0.2629,0.05275
-0.56602,0.8068,0.16943,0.30282,-0.42662,0.14902
-0.5255,0.83676,0.1539,0.26155,-0.51777,0.13563
-0.48839,0.86234,0.13355,0.25434,-0.56171,-0.259
-0.45501,0.88252,0.11883,0.19729,-0.66186,-0.26063
-0.42771,0.89681,0.11309,0.1631,-0.68317,-0.26861
-0.41216,0.90351,0.11742,0.18312,-0.77101,-0.44829
-0.41133,0.90159,0.13394,0.32826,-0.69142,-0.59265
-0.4205,0.89121,0.17008,0.46569,-0.60927,-0.62858
-0.43534,0.87039,0.23001,0.81981,-0.10055,-1.18859
-0.45057,0.84345,0.29256,1.0794,0.71045,-1.80159
-0.46938,0.82545,0.31356,0.72516,1.5214,-1.51469
-0.47254,0.82681,0.3051,0.36971,1.61554,-1.15213
-0.44086,0.84529,0.30187,0.73233,0.40224,-1.1814
-0.39891,0.86511,0.30407,0.86616,-0.23549,-1.10456
-0.37628,0.87475,0.30532,-0.11971,0.36973,-0.84329
-0.39642,0.85989,0.32162,-1.19698,1.59602,-0.31506
-0.42558,0.84359,0.32747,-1.42713,1.3944,0.04257
-0.42396,0.84508,0.32574,-0.17106,-0.39319,-0.71624
-0.42205,0.84537,0.32745,0.07868,-0.45606,-0.6952
-0.43523,0.82917,0.35079,0.22015,-0.41109,-0.00367
-0.46777,0.78926,0.3978,0.15566,-0.34165,0.12441
-0.51587,0.73646,0.4376,0.08214,0.0244,-0.14274
-0.56778,0.68717,0.45324,0.25858,0.08302,-0.49728
-0.60325,0.64471,0.46952,0.58004,0.22957,-0.49456
-0.62852,0.60693,0.48642,0.77384,0.17084,-0.44594
-0.64968,0.57109,0.50177,0.68298,0.10743,-0.50024
-0.67,0.53282,0.51691,0.4421,0.16786,-0.26882
-0.68874,0.49577,0.52901,0.30214,0.39045,-0.15503
-0.69768,0.4685,0.54198,0.39623,0.46104,-0.27239
-0.69809,0.44842,0.5582,0.73555,0.57788,-0.8454
-0.69983,0.42682,0.57277,0.65486,0.48937,-0.79465
-0.71417,0.4015,0.57338,0.55848,0.47495,-0.64885
-0.73361,0.37421,0.56726,0.44422,0.38588,-0.34819
-0.74596,0.34916,0.56712,0.58721,0.73128,-0.29309
-0.74346,0.32854,0.58252,0.6876,0.89468,-0.4209
-0.72936,0.30928,0.61023,0.96676,1.06255,-0.61835
-0.72228,0.29743,0.62438,1.1706,1.14156,-0.48267
-0.72601,0.29414,0.62161,0.89427,1.13427,-0.41369
-0.72332,0.29842,0.62269,0.63388,1.00462,-0.70586
-0.71788,0.3109,0.6229,0.47048,1.10481,-0.60027
-0.71123,0.33907,0.61578,0.3915,1.17854,-0.49104
-0.69957,0.37967,0.60536,0.25804,1.13364,-0.59244
-0.68545,0.43075,0.58703,0.28215,0.84818,-0.99893
-0.67927,0.49303,0.54361,0.08888,0.88902,-0.84567
-0.68201,0.54286,0.49006,-0.49389,1.08267,-0.25752
-0.68815,0.58199,0.4333,-0.50454,0.95894,-0.42757
-0.69885,0.61175,0.37064,-0.49671,0.78506,-0.45333
-0.70297,0.63522,0.31988,0.10222,0.25182,-0.0556
-0.69589,0.66101,0.28072,0.56502,0.27256,-0.23129
-0.58712,0.78565,0.19504,0.605,0.21636,-0.23164
-0.56465,0.81185,0.14858,0.69305,0.07907,-0.30882
-0.53554,0.83733,0.10989,0.53178,-0.10934,-0.0679
-0.50165,0.86107,0.0831,0.41632,-0.24938,0.05125
-0.46569,0.88277,0.06198,0.30245,-0.46377,0.21591
-0.43096,0.90153,0.03905,0.301,-0.60076,0.12882
-0.4013,0.91579,0.01681,0.31045,-0.69303,0.07427
-0.37786,0.92586,0.00024,0.15642,-0.78277,-0.12657
-0.36177,0.93226,-0.00486,0.0576,-0.89248,-0.21233
-0.35722,0.93401,0.00333,0.14499,-0.9128,-0.39899
-0.36538,0.93041,0.02883,0.30418,-0.74064,-0.52474
-0.38041,0.92141,0.07924,0.61767,-0.4718,-0.82279
-0.39961,0.90455,0.14864,1.05052,0.11756,-1.47188
-0.42213,0.88589,0.19235,1.08635,1.08123,-1.77656
-0.4424,0.87617,0.19133,0.20235,1.74858,-1.04904
-0.43144,0.88338,0.18302,-0.02907,1.66392,-0.89375
-0.39547,0.90087,0.179,0.64934,-0.13045,-1.03926
-0.36105,0.91589,0.17548,0.7333,-0.53556,-0.90251
-0.35428,0.91915,0.17221,-0.50785,0.97241,-0.86864
-0.38209,0.90718,0.17619,-1.32607,1.309,-0.16117
-0.38457,0.90582,0.17776,-0.37207,-0.20999,-0.06051
-0.38306,0.90427,0.18857,-0.1928,-0.54685,-0.38259
-0.39165,0.89847,0.19839,0.03049,-0.3581,-0.36196
-0.41775,0.87787,0.23417,0.21441,-0.37575,0.31055
-0.45251,0.83618,0.30991,0.2177,0.018,0.34312
-0.49966,0.79021,0.35483,0.12903,0.17816,0.2427
-0.53231,0.75443,0.38405,0.43198,0.06352,-0.44932
-0.54858,0.7253,0.41594,0.59267,0.08175,-0.52845
-0.56225,0.69956,0.44101,0.66206,0.12576,-0.63795
-0.5762,0.67465,0.46135,0.34599,-0.13969,-0.40597
-0.59658,0.64115,0.48272,0.25227,-0.12447,-0.34289
-0.61825,0.60796,0.49816,0.17812,0.00838,-0.21715
-0.63753,0.57966,0.5075,0.40439,0.36872,-0.39469
-0.6546,0.5534,0.51501,0.52669,0.47476,-0.48651
-0.6673,0.52918,0.5241,0.7252,0.51444,-0.59227
-0.67937,0.50677,0.5307,0.72144,0.46841,-0.53197
-0.694,0.4846,0.53247,0.60826,0.39233,-0.39436
-0.70923,0.46009,0.53415,0.46971,0.55676,-0.36319
-0.71994,0.43591,0.54006,0.50367,0.66816,-0.39699
-0.71853,0.41677,0.55679,0.73184,0.87123,-0.53375
-0.7125,0.40573,0.57247,1.02221,0.88199,-0.5226
-0.71499,0.4015,0.57235,0.97789,0.95302,-0.37357
-0.71579,0.40265,0.57055,0.90867,1.00223,-0.52907
-0.7114,0.41115,0.56998,0.58846,1.04666,-0.43342
-0.70708,0.43618,0.55658,0.40535,1.1318,-0.22152
-0.69516,0.47487,0.53968,0.28073,1.1203,-0.26566
-0.68033,0.5234,0.51304,0.27084,0.81176,-0.70021
-0.66916,0.57733,0.46789,-0.09145,0.88889,-0.42486
-0.65928,0.62436,0.41896,-0.26226,0.98716,-0.28785
-0.65436,0.66222,0.36506,-0.42793,0.9143,-0.3473
-0.65286,0.6906,0.31121,-0.3602,0.60224,-0.38502
-0.65014,0.71184,0.26572,-0.18525,0.42804,-0.27855
-0.63726,0.73435,0.23372,0.37136,0.32958,-0.15473
-0.61584,0.76281,0.19713,0.67422,0.32796,-0.23157
-0.58771,0.79365,0.15719,0.7121,0.22467,-0.19663
-0.55605,0.82219,0.12173,0.48366,-0.13655,-0.03149
-0.51941,0.84877,0.09905,0.26701,-0.43097,0.19347
-0.4795,0.87398,0.07902,0.22711,-0.45617,0.21351
-0.43976,0.89643,0.05496,0.26474,-0.57206,0.04152
-0.40539,0.91354,0.03323,0.19483,-0.72953,-0.09454
-0.37597,0.92645,0.01869,0.16541,-0.74244,-0.08
-0.35711,0.934,0.01126,0.08738,-0.8315,-0.20891
-0.3515,0.93605,0.01624,0.13765,-0.901,-0.33715
-0.35969,0.9324,0.03548,0.26206,-0.79844,-0.42625
-0.37511,0.92397,0.07461,0.45214,-0.5853,-0.56652
-0.39331,0.90944,0.13501,0.99646,0.20136,-1.4816
-0.41129,0.89078,0.19327,1.13335,0.65124,-1.7915
-0.43206,0.87814,0.20541,0.6811,1.50565,-1.43432
-0.43615,0.87806,0.19695,0.12843,1.60836,-0.94916
-0.40486,0.89394,0.19226,0.5115,0.40513,-1.0148
-0.36345,0.91225,0.18893,0.69477,-0.41978,-1.17737
-0.34327,0.92251,0.17647,-0.75294,1.61677,-0.82339
-0.36394,0.91441,0.17718,-1.18144,1.66332,-0.30133
-0.37023,0.91146,0.17933,-0.58922,-0.22802,0.37868
-0.36358,0.91036,0.19762,-0.33526,-0.82134,-0.57205
-0.36446,0.90725,0.20992,-0.24666,-0.62077,-0.64812
-0.38911,0.88841,0.24356,0.06244,-0.52978,0.09338
-0.44162,0.83791,0.32074,-0.07433,-0.24677,0.43315
-0.50434,0.7823,0.36559,0.01917,0.00547,-0.20025
-0.5608,0.7316,0.38765,0.49282,0.32359,-0.51236
-0.61182,0.69015,0.38649,0.49424,0.25665,-0.37517
-0.64818,0.64473,0.4052,0.57625,0.25792,-0.15933
-0.67219,0.60914,0.42085,0.61057,0.32441,0.01753
-0.68305,0.58543,0.43671,0.61743,0.32594,0.09637
-0.6871,0.56778,0.45334,0.4989,0.27692,-0.12268
-0.68799,0.54753,0.47631,0.54311,0.29771,-0.43428
-0.68906,0.52501,0.49956,0.66512,0.41099,-0.77396
-0.69378,0.50277,0.51565,0.61912,0.47182,-0.82502
-0.7056,0.48281,0.51868,0.49939,0.42181,-0.49212
-0.72264,0.46038,0.5156,0.4725,0.39608,-0.25552
-0.7393,0.43463,0.51432,0.50534,0.54082,-0.2133
-0.74444,0.41055,0.52655,0.69509,0.76479,-0.52599
-0.73781,0.39128,0.55002,0.99883,0.95123,-0.70373
-0.73545,0.38122,0.56016,1.07937,1.00625,-0.48455
-0.74123,0.37756,0.555,0.92167,1.01916,-0.30763
-0.74123,0.38102,0.55263,0.87854,0.99778,-0.67913
-0.73839,0.39044,0.54986,0.78752,0.89141,-0.87132
-0.73745,0.41105,0.53591,0.43977,1.08364,-0.31679
-0.73203,0.44649,0.51457,0.31394,0.97133,-0.40361
-0.72216,0.49636,0.48179,0.25452,0.76974,-0.57258
-0.71402,0.55217,0.43045,-0.11865,0.82212,-0.40802
-0.70583,0.59562,0.38346,-0.28477,1.10845,-0.12244
-0.70482,0.62776,0.33036,-0.30622,1.07472,-0.13543
-0.70702,0.65317,0.27108,-0.26603,0.84233,-0.20144
-0.70513,0.67242,0.22505,0.08687,0.46725,0.01214
-0.6936,0.69349,0.19489,0.67073,0.40958,-0.29488
-0.6739,0.72256,0.15415,0.71605,0.4307,-0.25414
-0.64898,0.75142,0.11915,0.46435,-0.0407,-0.11892
-0.62007,0.77965,0.08756,0.33909,-0.14633,-0.02848
-0.58581,0.80762,0.0676,0.26544,-0.23015,0.16565
-0.54671,0.83535,0.05734,0.25989,-0.42939,0.30968
-0.50681,0.86099,0.04292,0.35959,-0.53578,0.17986
-0.47361,0.88043,0.02321,0.36389,-0.62126,-0.07054
-0.44583,0.89505,0.01066,0.26034,-0.74245,-0.22108
-0.42738,0.90403,0.00837,0.14903,-0.89144,-0.25365
-0.42335,0.90578,0.01815,0.15443,-0.85738,-0.36875
-0.43212,0.90085,0.04168,0.40294,-0.52727,-0.5298
-0.44748,0.89023,0.0851,0.49607,-0.44564,-0.59915
-0.46682,0.8716,0.14963,0.71602,-0.08382,-0.95743
-0.48685,0.84872,0.20653,0.9659,1.09063,-1.75708
-0.50761,0.83363,0.21771,0.83251,1.59844,-1.59771
-0.50573,0.83847,0.20299,0.63877,1.7596,-1.10848
-0.47387,0.85764,0.19976,1.1141,-0.22292,-0.88085
-0.43458,0.87918,0.19539,1.1206,-0.61155,-0.74908
-0.41264,0.88835,0.20142,-0.57257,0.56527,-0.36798
-0.44126,0.86686,0.23205,-1.74444,1.47909,0.23371
-0.48686,0.83949,0.2413,-2.04977,1.32831,0.00792
-0.4817,0.84773,0.22209,0.03271,-0.33752,-0.8116
-0.47599,0.84973,0.22668,0.38725,-0.68509,-0.2646
-0.48979,0.83303,0.25722,0.41649,-0.82057,0.08743
-0.52992,0.79258,0.30165,0.05,-0.37742,0.28646
-0.59305,0.73472,0.32934,-0.14747,-0.0063,-0.25647
-0.65486,0.68013,0.3295,0.30869,0.309,-0.3142
-0.69676,0.63576,0.33215,0.38088,0.23933,0.33627
-0.72149,0.59688,0.35098,0.45469,0.23644,0.41215
-0.72906,0.57248,0.37516,0.61824,0.35852,0.37323
-0.72491,0.55468,0.40847,0.94457,0.36392,-0.33972
-0.71995,0.53687,0.43981,0.74919,0.37679,-0.51518
-0.71915,0.51836,0.46274,0.71614,0.39607,-0.607
-0.72424,0.50081,0.474,0.63491,0.34692,-0.57515
-0.73369,0.48505,0.47584,0.51797,0.36788,-0.49766
-0.74577,0.46599,0.47611,0.4808,0.41368,-0.42934
-0.75666,0.44382,0.4801,0.508,0.51323,-0.28293
-0.7609,0.42194,0.49295,0.70922,0.69319,-0.41155
-0.75603,0.40495,0.51423,0.87233,0.75762,-0.48867
-0.75374,0.39385,0.52608,1.1781,0.90319,-0.42137
-0.75663,0.38795,0.52632,0.9833,0.98235,-0.30262
-0.75652,0.39028,0.52475,0.89185,0.98199,-0.39316
-0.75427,0.3988,0.52157,0.71446,0.84734,-0.78031
-0.75246,0.41737,0.50951,0.59394,0.90404,-0.48621
-0.74675,0.44962,0.49011,0.46942,0.9923,-0.31424
-0.73641,0.49437,0.46184,0.35355,0.84033,-0.69565
-0.72761,0.54817,0.41241,0.15576,0.81683,-0.33014
-0.71865,0.5914,0.36577,0.03178,0.8776,-0.02832
-0.71427,0.62626,0.31244,-0.28985,1.12095,-0.19893
-0.71374,0.65384,0.25111,-0.41782,0.97049,-0.38572
-0.71046,0.67477,0.19986,-0.0968,0.57786,-0.21876
-0.69844,0.6964,0.16497,0.38855,0.52635,-0.17745
-0.67696,0.72509,0.12636,0.7211,0.46709,-0.05861
-0.64992,0.75534,0.08409,0.62584,0.17531,-0.06215
-0.61812,0.78463,0.04781,0.46375,-0.14651,-0.12694
-0.58499,0.81061,0.02625,0.28134,-0.44903,0.19854
-0.55235,0.8335,0.01357,0.22327,-0.49518,0.29252
-0.5204,0.85393,0.00021,0.38121,-0.5406,0.16475
-0.4943,0.869,-0.02271,0.36325,-0.59905,-0.00196
-0.4723,0.88046,-0.04146,0.28546,-0.66202,-0.04778
-0.45579,0.88869,-0.04992,0.13828,-0.77753,-0.17248
-0.45095,0.89135,-0.0461,0.1851,-0.85039,-0.33717
-0.45862,0.88823,-0.02686,0.2875,-0.82368,-0.44751
-0.4735,0.88065,0.01591,0.56979,-0.6212,-0.57671
-0.49396,0.86541,0.08404,0.91967,0.10761,-1.30798
-0.51779,0.84333,0.14387,1.07373,0.57464,-1.6201
-0.54331,0.82545,0.15312,0.81195,1.54007,-1.39436
-0.54358,0.82776,0.13903,0.39954,1.9131,-1.04297
-0.51226,0.84677,0.14342,0.82836,0.50678,-0.944
-0.47389,0.86782,0.14938,0.96101,-0.55435,-0.6619
-0.45702,0.87677,0.14973,-0.58852,0.7356,-0.57769
-0.4857,0.85747,0.16981,-1.02218,1.26392,-0.27075
-0.514,0.84255,0.16094,-0.94954,0.39303,-0.21859
-0.50936,0.84774,0.14792,0.13793,-0.43168,-0.54987
-0.51185,0.84513,0.15413,0.19511,-0.50726,-0.4377
-0.52851,0.82901,0.18282,0.29316,-0.49305,0.39941
-0.5613,0.79365,0.23463,0.10798,-0.27071,0.42672
-0.61321,0.74428,0.26461,0.03992,-0.15998,0.31351
-0.66349,0.69871,0.26756,0.50907,0.35967,-0.34832
-0.70532,0.6604,0.25768,0.46908,0.31203,-0.10578
-0.73617,0.61575,0.28089,0.51437,0.28325,0.15444
-0.75271,0.58561,0.30083,0.77718,0.46304,0.27823
-0.75501,0.56619,0.33074,1.0029,0.37987,-0.06763
-0.75222,0.54673,0.36777,0.93357,0.30808,-0.21579
-0.75106,0.52785,0.39661,0.69574,0.29399,-0.43535
-0.75307,0.50874,0.41722,0.60467,0.34173,-0.56707
-0.75766,0.49163,0.42925,0.54347,0.34814,-0.58257
-0.76566,0.47386,0.435,0.51432,0.4216,-0.40658
-0.77557,0.4526,0.44005,0.54356,0.4979,-0.2271
-0.78045,0.43107,0.45285,0.66976,0.64838,-0.30267
-0.77767,0.41274,0.47421,0.97954,0.77818,-0.54767
-0.77764,0.39878,0.48606,1.23577,0.88324,-0.51791
-0.78283,0.38972,0.48508,1.01085,0.98356,-0.29094
-0.78324,0.38984,0.48431,0.87565,0.95951,-0.47514
-0.77965,0.39605,0.48506,0.7593,0.8796,-0.80844
-0.77709,0.41065,0.47697,0.6545,0.87573,-0.66323
-0.77361,0.43798,0.45793,0.45106,1.15049,-0.12758
-0.76496,0.4772,0.43258,0.29122,0.9356,-0.40623
-0.7572,0.52937,0.38264,0.3598,0.69353,-0.66141
-0.74785,0.57587,0.3303,0.11555,0.89732,-0.12659
-0.7414,0.61083,0.27788,-0.01962,1.11752,0.06995
-0.7393,0.63849,0.21391,-0.30054,1.07591,-0.10962
-0.73461,0.66134,0.15158,-0.22377,0.71559,-0.16757
-0.72243,0.68099,0.11979,0.1611,0.44339,0.07172
-0.70189,0.70736,0.08369,0.62845,0.43583,-0.19656
-0.67846,0.73329,0.04462,0.64171,0.3014,-0.01929
-0.6521,0.75807,0.00944,0.46035,-0.18323,-0.02783
-0.62371,0.78141,-0.01941,0.3478,-0.25283,0.00229
-0.59411,0.80375,-0.03201,0.29584,-0.34489,0.22685
-0.56265,0.82589,-0.03651,0.40581,-0.47385,0.30903
-0.53278,0.845,-0.04604,0.46904,-0.52173,0.20244
-0.50998,0.85831,-0.05685,0.36909,-0.54947,-0.00382
-0.49302,0.868,-0.05914,0.1217,-0.76252,-0.15143
-0.4863,0.8724,-0.04931,0.13548,-0.86187,-0.28434
-0.49079,0.87089,-0.02595,0.30587,-0.81637,-0.46698
-0.50639,0.86208,0.01953,0.56871,-0.40212,-0.58937
-0.52911,0.84427,0.08511,0.82586,0.11413,-0.97864
-0.55702,0.81807,0.14313,0.95797,0.93544,-1.5891
-0.58133,0.79945,0.15143,0.88895,1.62212,-1.58455
-0.57742,0.80466,0.13822,0.77571,2.05711,-1.01867
-0.54566,0.82678,0.13673,1.35345,0.07244,-0.79522
-0.5105,0.85009,0.12938,0.89295,-0.16898,-0.49097
-0.49904,0.8554,0.13877,0.1884,0.35695,-0.47826
-0.52779,0.83266,0.16767,-1.15433,1.17413,0.53595
-0.53053,0.83079,0.16831,-0.52036,-0.08145,-0.26056
-0.51272,0.84388,0.1581,-0.23587,-0.54657,-0.92084
-0.51125,0.84712,0.14496,0.09403,-0.62662,0.19317
-0.53102,0.83002,0.17056,0.07221,-0.67081,0.36908
-0.5718,0.79386,0.20695,0.03966,-0.4826,0.26588
-0.63017,0.74516,0.21823,-0.12307,0.00098,-0.13203
-0.68712,0.69503,0.21166,0.35598,0.34936,-0.24436
-0.7306,0.6465,0.21968,0.496,0.46483,-0.05074
-0.75485,0.60504,0.25322,0.70192,0.50204,0.66727
-0.75304,0.58746,0.29635,1.16403,0.61354,0.01664
-0.74241,0.57577,0.34251,1.30153,0.41266,-0.3693
-0.73801,0.5606,0.3756,0.73915,0.37416,-0.58541
-0.73599,0.54639,0.39972,0.62149,0.28787,-0.60303
-0.74157,0.53173,0.40906,0.57753,0.2682,-0.52935
-0.75258,0.51565,0.40954,0.37385,0.22538,-0.30275
-0.76229,0.49575,0.41611,0.45789,0.28992,-0.30523
-0.7699,0.47228,0.4292,0.4655,0.3134,-0.31831
-0.77526,0.45054,0.44271,0.80492,0.60217,-0.32471
-0.77768,0.43375,0.45506,1.18887,0.73681,-0.33923
-0.78142,0.42052,0.46103,1.11197,1.02108,-0.27161
-0.78335,0.41647,0.46142,0.98037,1.0603,-0.10751
-0.78178,0.41817,0.46255,0.89044,0.89165,-0.41659
-0.77838,0.42523,0.46186,0.77195,0.8586,-0.64812
-0.7741,0.44247,0.45276,0.63613,1.01361,-0.48458
-0.76579,0.47221,0.43656,0.39974,1.15243,-0.41681
-0.75331,0.51181,0.41301,0.19392,0.93613,-0.66069
-0.74301,0.56019,0.36623,0.18373,0.59277,-0.91315
-0.73662,0.60607,0.30012,0.02724,0.70206,-0.35726
-0.73366,0.63695,0.23674,-0.03743,0.95076,0.17693
-0.7323,0.65969,0.16899,-0.29215,0.90294,-0.11726
-0.73186,0.67256,0.10973,-0.17398,0.55163,-0.18623
-0.72512,0.6849,0.07152,0.12227,0.48524,-0.21536
-0.71186,0.70174,0.02876,0.64966,0.43401,-0.18199
-0.69036,0.72337,-0.0116,0.68572,0.12592,-0.05685
-0.66279,0.74714,-0.0499,0.6538,0.00417,-0.02702
-0.63409,0.76902,-0.08089,0.55006,-0.18833,0.15517
-0.60592,0.78919,-0.10025,0.44594,-0.38626,0.34926
-0.5778,0.80809,-0.11463,0.43915,-0.42933,0.3877
-0.55272,0.82354,-0.12763,0.41609,-0.42461,-0.01202
-0.53034,0.83673,-0.13646,0.305,-0.42456,-0.09187
-0.51201,0.84755,-0.13965,0.23185,-0.50244,-0.12633
-0.50269,0.85379,-0.1355,0.29662,-0.79389,-0.19246
-0.50723,0.85387,-0.11675,0.41168,-0.75151,-0.25548
-0.52444,0.84778,-0.07898,0.56854,-0.63025,-0.35274
-0.54783,0.83628,-0.02299,1.02727,-0.07857,-1.00575
-0.57275,0.81917,0.03031,1.15538,0.25926,-1.35267
-0.59699,0.80062,0.05121,1.06911,0.9843,-1.48078
-0.60892,0.79142,0.05353,0.69189,1.26449,-0.90805
-0.59935,0.79893,0.05,0.88458,0.42443,-0.95395
-0.58098,0.81226,0.0519,1.1126,0.01947,-0.85445
-0.56332,0.82384,0.06293,-0.22016,0.50403,-0.13617
-0.57488,0.81348,0.08816,-0.6913,0.97363,0.25926
-0.63519,0.76704,0.09049,-1.29072,1.15983,0.28955
-0.64769,0.76033,0.04885,-0.69093,0.5147,-0.50007
-0.63756,0.76912,0.04432,0.44147,-0.4316,-0.28085
-0.64088,0.76323,0.08224,0.79607,-0.62478,-0.09861
-0.66207,0.74119,0.11087,0.60098,-0.48828,0.42631
-0.70475,0.69977,0.11683,0.23349,-0.148,0.47053
-0.7438,0.66195,0.09264,0.04319,0.24027,-0.16599
-0.77114,0.62857,0.10123,0.43966,0.45987,0.22531
-0.78648,0.60549,0.12181,0.60519,0.25331,0.59238
-0.79262,0.59227,0.14481,0.85262,0.29568,0.31735
-0.7965,0.57784,0.17802,0.9762,0.28879,-0.12303
-0.80189,0.56076,0.2062,0.7887,0.32641,-0.28346
-0.80772,0.54607,0.22225,0.72378,0.35317,-0.36286
-0.81639,0.53104,0.22695,0.65329,0.30032,-0.24416
-0.82674,0.5155,0.22529,0.64267,0.32779,-0.11939
-0.83837,0.49667,0.22461,0.68565,0.41163,-0.12509
-0.84935,0.47545,0.22924,0.76416,0.50627,-0.14658
-0.85638,0.45592,0.24238,0.88937,0.57982,-0.13425
-0.85769,0.44199,0.2627,1.14755,0.72924,-0.19571
-0.8587,0.43153,0.27644,1.32507,0.97756,-0.22589
-0.86168,0.42476,0.27766,1.06129,1.03851,-0.12324
-0.86055,0.42656,0.2784,0.98602,0.95237,-0.24929
-0.85709,0.43451,0.27677,0.81385,0.80597,-0.51412
-0.85292,0.44933,0.26576,0.58904,0.90739,-0.19543
-0.84694,0.47155,0.24562,0.46891,1.0491,0.0533
-0.83484,0.50396,0.22152,0.26251,0.97819,-0.03058
-0.81936,0.54224,0.18608,0.33851,0.66712,-0.50798
-0.80349,0.58096,0.12998,0.273,0.76639,-0.36943
-0.79417,0.60395,0.06734,0.03457,1.03258,0.13467
-0.78412,0.6206,-0.00302,-0.25419,0.96786,-0.00068
-0.7702,0.63366,-0.07255,-0.20581,0.77932,0.04298
-0.75725,0.64323,-0.11327,0.62878,0.53464,0.12248
-0.74102,0.65422,-0.15126,0.79487,0.51543,0.16447
-0.72218,0.66473,-0.19127,0.82184,0.45,0.22579
-0.69943,0.6775,-0.22759,0.64071,-0.02164,0.12658
-0.67763,0.69085,-0.25208,0.54169,-0.15338,0.3552
-0.6581,0.70402,-0.26694,0.51005,-0.23576,0.43036
-0.63956,0.71669,-0.27805,0.44166,-0.40516,0.52805
-0.62428,0.72619,-0.28797,0.51224,-0.45755,0.44411
-0.61477,0.73237,-0.29274,0.46967,-0.43933,0.28939
-0.60869,0.73861,-0.28975,0.35213,-0.54464,0.24931
-0.60853,0.74268,-0.27949,0.34758,-0.61783,0.17265
-0.6166,0.74371,-0.25826,0.46754,-0.74452,-0.20546
-0.63286,0.74409,-0.21406,0.67889,-0.58992,-0.3519
-0.65849,0.73852,-0.14483,0.95617,-0.04702,-0.91887
-0.68827,0.72071,-0.08283,1.16479,0.88369,-1.60439
-0.71334,0.69701,-0.07296,0.54082,2.13343,-1.38127
-0.72127,0.68901,-0.07101,0.50769,1.56439,-0.67501
-0.70583,0.7059,-0.05926,0.89839,0.73203,-0.61129
-0.68108,0.72979,-0.05948,1.33325,-0.35531,-0.35313
-0.67192,0.73845,-0.05675,-0.1079,0.85504,-0.36266
-0.70253,0.71004,-0.04787,-0.57927,1.52536,0.0134
-0.71451,0.6952,-0.07856,-1.01373,0.97384,0.1627
-0.69354,0.71365,-0.09859,0.26528,-0.22346,-0.39964
-0.68548,0.7218,-0.09549,0.4505,-0.4797,-0.38502
-0.68958,0.72074,-0.07074,0.56324,-0.65991,0.69089
-0.70397,0.70833,-0.05195,0.30308,-0.32721,0.70444
-0.72775,0.68348,-0.05681,0.16072,-0.11647,0.51615
-0.75057,0.6577,-0.06388,0.55164,0.50238,0.07201
-0.77316,0.63126,-0.06114,0.49507,0.42151,0.24174
-0.79429,0.60647,-0.036,0.51079,0.44087,0.58324
-0.80644,0.59132,-0.00105,0.94537,0.46148,0.43478
-0.81595,0.57651,0.04314,0.85959,0.14259,-0.12586
-0.8248,0.56016,0.07697,0.77777,0.13886,-0.12217
-0.83142,0.54624,0.10182,0.66963,0.19798,-0.14157
-0.8381,0.53226,0.11954,0.55073,0.27074,-0.15676
-0.84612,0.51674,0.1306,0.54684,0.31508,-0.20085
-0.85591,0.49785,0.13987,0.62263,0.40664,-0.17617
-0.86661,0.47738,0.14526,0.73833,0.61485,0.03266
-0.8753,0.459,0.15221,0.8019,0.68304,0.04987
-0.87987,0.44484,0.16717,1.01978,0.79606,-0.14004
-0.88271,0.43631,0.17449,1.2606,0.97572,-0.11322
-0.88541,0.43366,0.16731,1.20639,0.98454,0.05334
-0.88454,0.43706,0.16297,1.06945,0.93675,-0.07332
-0.88058,0.44629,0.15937,0.9597,0.80526,-0.42064
-0.87441,0.46218,0.1476,0.71758,0.94484,-0.1534
-0.86317,0.48727,0.13229,0.50436,0.83115,-0.28757
-0.84833,0.52075,0.09568,0.30452,0.68973,-0.34098
-0.83174,0.55325,0.04619,0.12864,0.70836,-0.00592
-0.81393,0.58095,0.00356,0.07283,1.03822,0.356
-0.7992,0.59916,-0.04769,-0.20878,1.12378,0.03939
-0.78363,0.6127,-0.10264,-0.31612,1.0947,0.01451
-0.76589,0.62628,-0.14557,0.11977,0.62464,-0.02676
-0.74967,0.63787,-0.17639,0.57244,0.44262,0.1544
-0.73011,0.65284,-0.20185,0.75234,0.41306,0.22213
-0.70388,0.67055,-0.23436,0.68555,0.1131,0.26509
-0.67827,0.68568,-0.26418,0.51024,-0.13016,0.24273
-0.65596,0.69923,-0.28426,0.44123,-0.19678,0.28954
-0.63888,0.71234,-0.29052,0.32542,-0.35388,0.57702
-0.62542,0.72329,-0.29276,0.39936,-0.38627,0.51355
-0.61567,0.72961,-0.29769,0.43336,-0.38576,0.44245
-0.61172,0.73236,-0.29908,0.45361,-0.33362,0.23797
-0.61197,0.73463,-0.29294,0.39882,-0.49122,0.19646
-0.61777,0.73478,-0.2801,0.39517,-0.62489,0.11344
-0.63151,0.73209,-0.25541,0.45478,-0.72001,-0.24819
-0.65504,0.72681,-0.20653,0.65871,-0.46685,-0.45518
-0.68677,0.71353,-0.13861,1.02083,0.21017,-0.93404
-0.7223,0.68616,-0.08643,1.29281,1.16536,-1.45276
-0.73876,0.66795,-0.08983,1.02534,2.65207,-1.14553
-0.72608,0.68126,-0.09326,0.81003,2.41635,-0.77565
-0.69931,0.71015,-0.08162,1.06745,0.18712,-0.63539
-0.67538,0.73298,-0.0812,0.44308,0.33373,-0.69071
-0.68314,0.72703,-0.06884,-0.26804,0.98777,-0.67076
-0.69963,0.7106,-0.07464,-0.63497,0.88427,0.57443
-0.68549,0.72253,-0.08974,0.07208,-0.3138,0.38674
-0.67145,0.73679,-0.07935,0.11574,-0.67737,0.04422
-0.66695,0.74035,-0.08403,0.15362,-0.53443,-0.03919
-0.68281,0.72758,-0.06632,0.21008,-0.19097,0.66912
-0.71055,0.70208,-0.047,0.03053,0.01776,0.8435
-0.73621,0.67479,-0.05151,0.12752,0.28424,0.16672
-0.75777,0.65015,-0.05557,0.63016,0.58717,-0.05181
-0.77848,0.62585,-0.04769,0.72488,0.45287,0.1838
-0.79299,0.60867,-0.02633,0.80837,0.50768,0.64951
-0.7999,0.60006,0.00894,1.11817,0.25277,-0.00799
-0.80546,0.59105,0.04355,0.91982,0.15553,-0.09722
-0.81016,0.58253,0.06554,0.66775,0.10231,-0.08951
-0.81559,0.57289,0.08128,0.48396,0.16408,-0.1074
-0.82274,0.56065,0.09364,0.45148,0.21361,-0.09115
-0.83137,0.54625,0.10216,0.47613,0.25923,-0.1048
-0.8423,0.52815,0.1076,0.6292,0.38664,-0.11863
-0.85362,0.50793,0.1155,0.70248,0.5005,-0.07823
-0.86105,0.49145,0.13064,1.01198,0.61693,0.02008
-0.86378,0.48217,0.1463,1.17181,0.63015,-0.06866
-0.86758,0.47661,0.14191,1.21733,0.70753,-0.2439
-0.87017,0.47658,0.12521,0.93822,0.7067,0.17026
-0.86951,0.481,0.11223,0.90898,0.67536,0.14814
-0.86683,0.48775,0.10345,1.06059,0.85326,-0.30814
-0.85965,0.5031,0.08889,0.86857,0.97494,-0.23217
-0.8435,0.5333,0.06403,0.58732,1.01832,-0.70943
-0.82252,0.56858,0.01352,0.15875,0.84219,-0.26687
-0.80066,0.59725,-0.0474,-0.29045,0.9826,0.21555
-0.78052,0.61571,-0.10813,-0.44716,1.11401,0.17686
-0.76069,0.62734,-0.16673,-0.58222,1.0792,0.12396
-0.74027,0.63373,-0.22447,-0.29524,0.60937,-0.12115
-0.72477,0.63217,-0.27398,0.16009,0.37819,-0.00997
-0.71235,0.62965,-0.31002,0.37154,0.31983,0.15397
-0.68936,0.63383,-0.35078,0.73365,0.22899,0.50909
-0.65708,0.6464,-0.38783,0.64592,0.0503,0.51524
-0.61913,0.66251,-0.42161,0.47884,-0.08483,0.52108
-0.58804,0.67674,-0.44298,0.43796,-0.17902,0.50116
-0.56925,0.68492,-0.45479,0.47655,-0.13495,0.5329
-0.56009,0.68836,-0.46094,0.51782,-0.12105,0.53188
-0.55688,0.68929,-0.46342,0.62914,-0.22337,0.42294
-0.55927,0.69084,-0.45821,0.55744,-0.42075,0.19879
-0.56629,0.69627,-0.44104,0.56446,-0.42618,0.18163
-0.5797,0.70145,-0.41463,0.46914,-0.5632,-0.04736
-0.60284,0.70412,-0.37524,0.61585,-0.42042,-0.23077
-0.63558,0.70251,-0.32019,0.6486,-0.41881,-0.28583
-0.67008,0.6925,-0.26728,1.02294,0.22602,-0.77335
-0.69685,0.67151,-0.25196,1.08775,1.36685,-1.26998
-0.70353,0.65863,-0.26693,0.98681,2.01247,-1.13163
-0.69595,0.66707,-0.26583,1.13063,1.13402,-0.27873
-0.68572,0.67938,-0.26123,1.1879,0.18716,-0.17851
-0.67397,0.6926,-0.25705,0.63962,0.06651,0.18637
-0.68071,0.6924,-0.2392,-0.5715,1.17854,0.43111
-0.70851,0.6653,-0.23535,-1.47377,1.17026,0.69519
-0.69762,0.66819,-0.25855,-1.45192,0.90772,0.33938
-0.68391,0.67785,-0.26977,0.3564,-0.20242,-0.24606
-0.67854,0.68649,-0.26138,0.49087,-0.75857,0.63122
-0.6712,0.69527,-0.25708,0.37243,-0.61041,0.58172
-0.67193,0.69246,-0.26272,-0.11079,0.03339,0.5487
-0.67495,0.68708,-0.269,0.30935,0.35749,0.38976
-0.68303,0.6789,-0.26939,0.42453,0.47337,0.54295
-0.69696,0.67019,-0.25511,0.37722,0.43753,1.11228
-0.71069,0.66672,-0.22451,1.17042,0.44818,0.57528
-0.72444,0.66334,-0.18753,1.33598,0.21836,0.2098
-0.73832,0.65431,-0.16356,0.77273,0.19113,-0.09193
-0.74716,0.64803,-0.14769,0.6674,0.14817,-0.08799
-0.75444,0.64083,-0.14199,0.47285,0.09095,0.12986
-0.76268,0.63155,-0.13951,0.43864,0.1255,0.29323
-0.77626,0.61719,-0.12845,0.58805,0.2225,0.13243
-0.79122,0.60092,-0.11345,0.84304,0.34038,0.02631
-0.80326,0.58667,-0.10291,1.12266,0.47955,0.22739
-0.81354,0.57345,-0.09645,1.11877,0.71882,0.28776
-0.81898,0.56543,-0.09774,1.02334,0.7967,0.26178
-0.82011,0.56299,-0.10227,0.99698,0.79855,0.13307
-0.81774,0.56571,-0.10616,0.94929,0.71492,-0.00883
-0.81144,0.57265,-0.11681,0.89977,0.71736,0.02814
-0.79963,0.58571,-0.13243,0.60267,1.01852,0.27689
-0.78048,0.60624,-0.15274,0.40047,1.09274,0.10312
-0.75259,0.62797,-0.19815,0.29156,0.83967,-0.44337
-0.71967,0.63773,-0.27454,-0.19028,0.93316,0.49162
-0.69485,0.63375,-0.33993,-0.2846,1.03854,0.65654
-0.66597,0.62744,-0.40348,-0.43536,1.00394,0.53755
-0.63415,0.62022,-0.46172,-0.40957,0.50872,0.2905
-0.61503,0.60558,-0.50499,0.08988,0.4495,0.46885
-0.59712,0.58584,-0.54794,0.65338,0.52158,0.69355
-0.57295,0.57416,-0.58486,0.64438,0.3128,0.57084
-0.54727,0.57237,-0.61065,0.46922,0.03216,0.49957
-0.52747,0.57584,-0.62465,0.44484,0.07635,0.77214
-0.5169,0.57395,-0.63513,0.54756,0.01066,0.80435
-0.51786,0.56188,-0.64507,0.54049,-0.06287,0.8585
-0.52599,0.54899,-0.64957,0.42465,-0.15227,0.75257
-0.53861,0.54049,-0.64635,0.26857,-0.23728,0.62055
-0.55388,0.53575,-0.63733,0.20601,-0.33042,0.47481
-0.57196,0.53548,-0.62139,0.19063,-0.50706,0.27649
-0.59754,0.54056,-0.59223,0.48617,-0.47462,0.11485
-0.62579,0.55371,-0.54936,0.89995,-0.23433,-0.21163
-0.64778,0.57167,-0.50356,1.03125,0.26376,-0.83559
-0.66242,0.57727,-0.47745,0.89002,1.00852,-1.06828
-0.68785,0.56407,-0.45682,0.63994,1.38077,-0.55618
-0.70537,0.55149,-0.44532,0.51953,1.49764,-0.43956
-0.71779,0.54863,-0.4287,0.9775,0.49271,-0.54881
-0.72193,0.55333,-0.4155,1.33039,0.11061,-0.55422
-0.71698,0.557,-0.41916,0.18165,1.4094,-0.3726
-0.71981,0.54938,-0.42434,-0.77623,2.58318,0.68005
-0.69742,0.57234,-0.43131,0.14283,-0.24708,0.81782
-0.68341,0.59989,-0.41603,0.07212,-0.64277,-0.14493
-0.66636,0.60463,-0.43633,-0.00991,-0.30756,-0.10717
-0.65406,0.61993,-0.43346,0.05841,-0.26239,1.23375
-0.68618,0.65343,-0.31967,0.10115,-0.27493,1.04609
-0.69244,0.65478,-0.30297,0.19455,-0.0602,0.15009
-0.69576,0.64105,-0.324,0.45943,0.11614,0.17825
-0.70798,0.61921,-0.33963,0.59662,0.27289,0.25984
-0.73505,0.59709,-0.32122,0.57984,0.24933,0.76772
-0.75538,0.58174,-0.30162,0.60136,0.40309,0.94177
-0.77416,0.56955,-0.27621,1.01814,0.55668,0.67534
-0.80053,0.55452,-0.22731,1.05289,0.59841,0.06677
-0.81813,0.54531,-0.18248,1.01474,0.55653,-0.24042
-0.82299,0.54307,-0.16661,0.81274,0.37824,0.01966
-0.82287,0.5424,-0.16936,0.54536,0.24271,0.31751
-0.82425,0.53938,-0.17228,0.36431,0.2172,0.42176
-0.83088,0.53225,-0.16232,0.38209,0.34507,0.29741
-0.84373,0.51931,-0.13577,0.57965,0.55278,-0.05912
-0.85578,0.50642,-0.10571,0.82331,0.62764,-0.15123
-0.86281,0.49682,-0.09345,1.26617,0.78242,0.17562
-0.86682,0.48965,-0.09417,1.14962,0.88956,0.19087
-0.86806,0.48732,-0.09479,1.11055,0.91199,0.09049
-0.8657,0.49137,-0.09556,1.05893,0.9273,-0.02558
-0.8579,0.50288,-0.1055,0.70535,0.99721,0.41085
-0.84293,0.52406,-0.12179,0.39357,0.93549,0.43916
-0.82486,0.54691,-0.14313,0.30552,0.79339,0.2034
-0.8039,0.5674,-0.17836,0.26601,0.71831,-0.09099
-0.78335,0.57778,-0.22922,-0.03851,1.1228,0.06604
-0.76231,0.57849,-0.29023,-0.38559,1.14359,0.28105
-0.73035,0.58324,-0.35557,-0.41956,0.90816,0.3413
-0.69904,0.58775,-0.40731,-0.18276,0.47086,0.5222
-0.68325,0.58094,-0.44235,0.23249,0.36558,0.38149
-0.67143,0.57021,-0.47334,0.62515,0.42689,0.42446
-0.65828,0.56708,-0.49507,0.8281,0.27074,0.38136
-0.63995,0.56881,-0.51663,0.71951,0.14885,0.53574
-0.62526,0.57434,-0.52839,0.54226,-0.027,0.71966
-0.61283,0.57964,-0.53708,0.44085,-0.12152,0.85347
-0.60341,0.58056,-0.54666,0.46985,-0.25293,0.7798
-0.60045,0.57907,-0.55149,0.41582,-0.27385,0.54566
-0.60372,0.58017,-0.54674,0.33887,-0.31192,0.35502
-0.61088,0.58677,-0.53153,0.34603,-0.31852,0.3398
-0.62564,0.59346,-0.50634,0.44722,-0.57833,0.03402
-0.64429,0.60263,-0.47088,0.64786,-0.3599,-0.06573
-0.66655,0.6155,-0.42056,0.67012,-0.37276,-0.11605
-0.69247,0.62224,-0.3651,0.95546,0.41084,-0.86722
-0.71901,0.6114,-0.33048,0.97024,1.52361,-0.92079
-0.73838,0.5932,-0.32079,0.98962,1.54181,-0.93048
-0.74271,0.59276,-0.31149,0.81232,1.17377,-0.60672
-0.7372,0.60723,-0.29633,1.55635,-0.21912,-0.17059
-0.72534,0.6227,-0.29346,1.5445,-0.2346,-0.17346
-0.7296,0.62066,-0.28717,-0.53243,1.47547,0.2179
-0.73822,0.60518,-0.29796,-1.19764,1.63513,0.76748
-0.7145,0.62176,-0.32078,-0.10456,0.38921,0.15805
-0.7041,0.63187,-0.324,0.42037,-0.31412,0.01004
-0.70042,0.63908,-0.3178,0.41941,-0.46623,0.85079
-0.69515,0.65342,-0.29968,0.41414,-0.48057,0.83267
-0.69486,0.65866,-0.28868,0.20946,-0.1326,0.73691
-0.69465,0.65473,-0.29797,0.37333,0.1834,0.18304
-0.70812,0.64269,-0.29242,0.52749,0.27768,0.25443
-0.72947,0.6243,-0.2795,0.63889,0.16999,0.72775
-0.75079,0.60639,-0.26193,0.57145,0.17402,0.85937
-0.76941,0.59347,-0.23622,0.59558,0.20577,0.70069
-0.79111,0.57869,-0.19813,0.76348,0.38707,0.35896
-0.81173,0.56353,-0.15335,0.84578,0.48682,-0.11461
-0.82485,0.55213,-0.12154,0.8326,0.50381,-0.23
-0.83072,0.54492,-0.11384,0.73795,0.32005,-0.00733
-0.83574,0.53706,-0.11449,0.66134,0.32005,0.1004
-0.84284,0.5265,-0.11146,0.52789,0.35755,0.29735
-0.85157,0.51389,-0.10361,0.68071,0.59075,0.2119
-0.86162,0.50072,-0.08302,0.8306,0.6477,0.10311
-0.87006,0.48993,-0.05445,1.01389,0.71577,-0.01047
-0.87527,0.48188,-0.04106,1.28622,0.89167,0.03023
-0.87709,0.47836,-0.04349,1.05694,0.9832,0.11251
-0.87426,0.48341,-0.04459,0.97114,0.96258,-0.02431
-0.86878,0.49253,-0.0514,0.77117,0.88375,-0.07541
-0.8598,0.5053,-0.07362,0.42991,1.11117,0.52516
-0.8447,0.52601,-0.09899,0.27238,0.9205,0.30649
-0.82663,0.54819,-0.1272,0.42201,0.64002,-0.10541
-0.80695,0.56521,-0.17139,0.25655,0.93997,0.08402
-0.79039,0.57324,-0.21604,-0.08397,1.06836,0.47491
-0.76859,0.57764,-0.27496,-0.28845,0.97248,0.34389
-0.74174,0.58111,-0.33485,-0.12955,0.66258,0.29524
-0.72598,0.5796,-0.37017,0.20231,0.51513,0.59592
-0.7149,0.57402,-0.39927,0.74257,0.49422,0.43205
-0.67922,0.60402,-0.41692,0.70999,0.41529,0.40369
-0.66306,0.60735,-0.43758,0.69284,0.11775,0.28017
-0.64825,0.61399,-0.45032,0.505,0.00448,0.56256
-0.63497,0.62396,-0.45551,0.42094,-0.21477,0.64209
-0.62241,0.63241,-0.46116,0.33792,-0.28879,0.66942
-0.61461,0.63534,-0.46755,0.32994,-0.32027,0.5452
-0.61092,0.63766,-0.46921,0.25385,-0.30011,0.48423
-0.609,0.64188,-0.46594,0.17919,-0.31176,0.38364
-0.61053,0.64793,-0.45545,0.19984,-0.45523,0.1731
-0.62216,0.65272,-0.4323,0.60849,-0.42599,-0.15561
-0.64132,0.65926,-0.39253,0.62765,-0.43253,-0.19537
-0.66576,0.66578,-0.33689,0.95183,0.04116,-0.67081
-0.69227,0.6607,-0.29024,1.28428,1.08708,-1.10864
-0.71687,0.64363,-0.26803,1.20608,1.37708,-0.99902
-0.72652,0.6346,-0.26354,0.81746,1.53929,-0.63814
-0.71996,0.64648,-0.25243,1.28568,0.07696,-0.46468
-0.7079,0.6654,-0.23691,1.27362,0.05804,-0.48019
-0.69801,0.67938,-0.22632,0.91955,-0.04539,0.01035
-0.70839,0.67344,-0.21133,-0.93759,1.56406,0.55169
-0.7292,0.64878,-0.21762,-1.40319,1.5487,0.58531
-0.71201,0.65503,-0.25295,-0.04535,0.21421,-0.2385
-0.70626,0.66018,-0.25566,0.55636,-0.33056,0.00024
-0.70768,0.66745,-0.23171,0.641,-0.57222,0.35432
-0.71008,0.67292,-0.20729,0.43039,-0.48298,0.79102
-0.72414,0.66083,-0.19733,0.43256,-0.0572,0.75998
-0.73673,0.64406,-0.20596,0.35103,0.50763,0.17703
-0.74759,0.63277,-0.20175,0.74767,0.3421,0.50465
-0.76053,0.62162,-0.18757,0.80829,0.25379,0.54937
-0.77462,0.60918,-0.16988,0.8359,0.22319,0.5509
-0.78816,0.59948,-0.13937,0.48582,0.15697,0.19382
-0.79934,0.59099,-0.10857,0.44425,0.13119,0.11603
-0.80921,0.58104,-0.08702,0.52282,0.20025,-0.02313
-0.81969,0.56828,-0.0718,0.63668,0.28837,-0.02566
-0.82974,0.55464,-0.06258,0.67654,0.33461,-0.01785
-0.84037,0.53903,-0.05689,0.69509,0.37124,0.03926
-0.85154,0.5219,-0.04993,0.65185,0.48542,0.30283
-0.8621,0.50542,-0.03658,0.71752,0.65493,0.24907
-0.87133,0.49057,-0.01129,0.81766,0.73624,0.0936
-0.87743,0.47936,0.01809,1.17774,0.83313,-0.26344
-0.8804,0.47316,0.03193,1.2954,0.88765,-0.14396
-0.88104,0.47217,0.02872,1.21562,0.93385,-0.00567
-0.87744,0.47905,0.02473,0.982,0.93699,-0.14422
-0.86998,0.49293,0.01253,0.75497,1.00553,0.14831
-0.85564,0.51743,-0.01238,0.42522,1.07521,0.35364
-0.8362,0.54691,-0.04072,0.38009,0.75709,-0.05724
-0.81489,0.57375,-0.08222,0.11616,0.86358,-0.169
-0.79241,0.59538,-0.13269,0.09368,0.84196,-0.11853
-0.76926,0.60961,-0.19133,-0.19855,0.995,0.28408
-0.74416,0.61965,-0.24951,-0.08735,0.61537,0.46634
-0.72573,0.62445,-0.28876,-0.10579,0.61057,0.50559
-0.71681,0.62206,-0.315,0.35242,0.53809,0.45158
-0.70251,0.62659,-0.33743,0.88644,0.43986,0.15677
-0.68397,0.63255,-0.36342,0.82322,0.30704,0.23711
-0.66453,0.64035,-0.38517,0.47097,-0.02443,0.51067
-0.64877,0.64912,-0.39717,0.39266,-0.1773,0.60852
-0.63438,0.65743,-0.40663,0.37802,-0.27746,0.58917
-0.62041,0.66386,-0.41759,0.34893,-0.38558,0.42344
-0.61156,0.66964,-0.42141,0.31206,-0.34278,0.32943
-0.60409,0.67885,-0.41742,0.2958,-0.3111,0.28829
-0.60161,0.68814,-0.40562,0.32795,-0.5464,0.32831
-0.60917,0.69215,-0.38709,0.51184,-0.58988,-0.06434
-0.623,0.69598,-0.35705,0.58805,-0.4781,-0.10859
-0.64155,0.70163,-0.31005,0.78284,-0.09765,-0.51425
-0.66471,0.70324,-0.25221,1.11382,0.47066,-0.96301
-0.69037,0.69145,-0.21282,1.16444,0.84543,-1.11887
-0.71074,0.67395,-0.20159,0.63005,1.66104,-0.93314
-0.71157,0.67536,-0.1938,1.1015,0.85688,-0.74568
-0.70004,0.6906,-0.18167,1.28974,0.28323,-0.69031
-0.69512,0.69481,-0.18451,-0.01532,1.79187,-0.46649
-0.70345,0.68585,-0.18647,-0.54286,1.65569,0.63622
-0.68402,0.70386,-0.19153,-0.08085,0.23321,0.86768
-0.66709,0.72439,-0.17394,-0.12646,-1.09045,-0.43119
-0.65249,0.7348,-0.18528,-0.00748,-0.41486,-0.3422
-0.65337,0.73449,-0.18339,0.17393,-0.361,0.29725
-0.67075,0.72774,-0.14311,0.16914,-0.14267,0.90269
-0.69486,0.70792,-0.12656,0.19365,0.06002,0.53146
-0.71651,0.68343,-0.13978,0.44255,0.25936,0.20519
-0.7387,0.65429,-0.16196,0.64267,0.46502,0.34488
-0.76711,0.62633,-0.13876,0.70843,0.44185,0.45874
-0.78941,0.60587,-0.09873,0.80765,0.46194,0.49302
-0.80552,0.59009,-0.05411,0.90747,0.28676,0.28668
-0.81536,0.57883,-0.01207,0.72172,0.28474,0.22278
-0.82039,0.57137,0.02246,0.56109,0.25761,0.07412
-0.82535,0.56191,0.05532,0.49946,0.195,-0.25273
-0.83203,0.54886,0.08049,0.51222,0.19659,-0.42624
-0.84017,0.53411,0.09406,0.5339,0.31265,-0.26572
-0.84961,0.51718,0.10333,0.53705,0.44667,0.09541
-0.85774,0.50141,0.11348,0.63303,0.51922,0.16629
-0.86338,0.48698,0.13203,0.81153,0.55554,-0.12726
-0.86687,0.47481,0.15193,1.19355,0.69444,-0.41137
-0.87063,0.4652,0.15996,1.33079,0.99458,-0.29031
-0.87198,0.46257,0.16025,1.1648,1.15438,0.04853
-0.86827,0.46883,0.1622,1.03909,1.02975,-0.18752
-0.86178,0.48052,0.16259,0.95776,0.91222,-0.59484
-0.85303,0.5006,0.14744,0.70614,1.0074,-0.29329
-0.84013,0.53062,0.11238,0.36398,0.97669,0.02088
-0.82194,0.56588,0.06471,0.39294,0.42438,-0.04359
-0.80286,0.59611,0.00842,0.20085,0.71248,0.07302
-0.7866,0.61594,-0.04323,0.00711,1.08212,0.29805
-0.77152,0.62879,-0.09687,-0.10272,1.00377,0.20716
-0.75414,0.64008,-0.14686,-0.1201,0.99247,0.25715
-0.73695,0.65448,-0.169,0.25441,0.65381,0.20519
-0.71309,0.67432,-0.19183,0.80358,0.48547,0.08272
-0.68719,0.69318,-0.21743,0.71528,0.32211,0.14285
-0.66357,0.70873,-0.23955,0.57629,-0.02324,0.18993
-0.64196,0.72175,-0.25877,0.35633,-0.25606,0.39497
-0.62293,0.73542,-0.26667,0.34465,-0.3322,0.44675
-0.60336,0.74977,-0.27167,0.35402,-0.42517,0.43785
-0.5857,0.76251,-0.27483,0.38289,-0.37261,0.29451
-0.57119,0.77317,-0.27559,0.30491,-0.3554,0.28581
-0.56242,0.7807,-0.27238,0.20678,-0.5849,0.21128
-0.56347,0.78304,-0.26336,0.28123,-0.76618,-0.02709
-0.5754,0.78087,-0.2432,0.3751,-0.72546,-0.18333
-0.5957,0.77742,-0.2019,0.5897,-0.3587,-0.34835
-0.61986,0.77195,-0.14095,0.68081,-0.1834,-0.54581
-0.64487,0.75986,-0.08221,1.11415,0.80365,-1.43155
-0.6689,0.7409,-0.06031,0.95754,1.63569,-1.22942
-0.67509,0.73478,-0.066,0.87617,1.6231,-0.69443
-0.65716,0.75104,-0.06382,0.9939,1.00395,-0.63682
-0.62955,0.77475,-0.05866,1.33197,-0.52882,-0.42329
-0.6066,0.79352,-0.04857,0.6768,-0.21882,-0.22522
-0.61245,0.79,-0.02853,0.03193,0.43141,-0.31913
-0.6587,0.75213,-0.02038,-1.79558,1.53484,0.12438
-0.65525,0.75377,-0.04974,-0.4392,0.50996,-0.211
-0.63796,0.76824,-0.05306,0.15663,-0.02578,-0.31118
-0.63429,0.77255,-0.02894,0.48849,-0.75137,0.05291
-0.64374,0.76524,0.00061,0.45405,-0.74785,0.31575
-0.67001,0.74215,0.01769,0.31518,-0.45098,0.39012
-0.70274,0.71142,0.0062,0.16153,0.08259,-0.10435
-0.73252,0.68065,0.01135,0.38249,0.27397,0.14743
-0.75759,0.652,0.03097,0.41637,0.34983,0.34476
-0.77278,0.6321,0.05713,0.7465,0.54794,0.66675
-0.77866,0.61902,0.1025,1.19237,0.31752,-0.15445
-0.78238,0.606,0.14367,1.1961,0.33054,-0.19563
-0.78537,0.59668,0.16483,0.60672,0.19639,-0.30132
-0.79015,0.58607,0.17942,0.5325,0.18915,-0.32748
-0.79747,0.57373,0.18677,0.53042,0.1614,-0.31646
-0.80873,0.55628,0.19106,0.55129,0.22804,-0.20276
-0.82171,0.53461,0.19745,0.61537,0.38236,-0.08941
-0.83157,0.51288,0.21319,0.77978,0.49971,-0.08159
-0.83602,0.49592,0.2348,1.07597,0.62951,-0.24563
-0.84012,0.4828,0.24719,1.27254,0.87424,-0.32063
-0.84499,0.47481,0.24605,1.1488,1.0037,-0.1167
-0.84473,0.47614,0.24437,0.99456,0.92327,-0.18143
-0.84078,0.48398,0.24262,0.86272,0.77197,-0.44999
-0.83566,0.49853,0.23052,0.77896,0.80239,-0.18404
-0.82687,0.52205,0.20915,0.51947,1.13002,0.28787
-0.8096,0.55647,0.1868,0.30847,0.88951,-0.41344
-0.78882,0.59777,0.14292,0.31846,0.67605,-0.66181
-0.77295,0.63,0.07514,0.12201,0.83283,-0.05309
-0.76118,0.64853,0.00432,-0.2816,0.9961,0.10125
-0.74431,0.66474,-0.0642,-0.35224,0.85054,-0.00199
-0.72952,0.67378,-0.11757,-0.10094,0.57559,-0.01076
-0.72007,0.67608,-0.15622,0.44227,0.43881,0.21095
-0.70962,0.67785,-0.19223,0.69531,0.38336,0.28295
-0.6945,0.68404,-0.22308,0.9416,0.33317,0.20033
-0.67289,0.69337,-0.2578,0.859,0.19796,0.12245
-0.65048,0.70296,-0.28762,0.54953,0.03383,0.26835
-0.62961,0.71608,-0.30137,0.3492,-0.20112,0.43015
-0.60751,0.73092,-0.31094,0.28828,-0.27882,0.45126
-0.58965,0.74254,-0.31772,0.28225,-0.40565,0.35976
-0.57805,0.75123,-0.31862,0.3336,-0.49543,0.24859
-0.56999,0.75862,-0.31559,0.30629,-0.60637,0.24682
-0.5698,0.76222,-0.30716,0.32146,-0.69974,0.08435
-0.57894,0.76283,-0.28795,0.47381,-0.67486,-0.11321
-0.59599,0.76277,-0.25095,0.71461,-0.49796,-0.26036
-0.61787,0.76179,-0.19472,0.98425,-0.11384,-0.7199
-0.64105,0.75543,-0.13558,1.19317,0.58726,-1.25366
-0.66292,0.73981,-0.11499,0.78259,1.41068,-1.21673
-0.67809,0.72638,-0.11208,0.45052,1.75871,-1.03797
-0.67163,0.7342,-0.09936,0.88513,0.58524,-0.84105
-0.65535,0.75026,-0.08734,1.28839,-0.11931,-0.91998
-0.65114,0.7532,-0.09334,0.80169,0.56884,-0.84948
-0.66426,0.74141,-0.09523,-0.61418,1.80677,0.47007
-0.65069,0.75232,-0.10302,-0.01816,-0.27664,0.74098
-0.63482,0.76776,-0.08685,0.10922,-0.57982,0.40734
-0.62312,0.77709,-0.08855,0.0692,-0.51946,-0.43991
-0.62881,0.77594,-0.05009,0.16575,-0.3035,0.77461
-0.6514,0.75865,-0.01151,0.18834,-0.28621,0.73603
-0.68351,0.72994,0.00309,0.18941,-0.00515,0.03929
-0.71358,0.70057,-0.00233,0.56223,0.3952,-0.2627
-0.74212,0.6701,-0.0149,0.59077,0.42566,-0.25013
-0.77151,0.63619,0.00521,0.65066,0.37546,0.28034
-0.793,0.60841,0.03147,0.82888,0.44484,0.45819
-0.80657,0.58753,0.06527,0.84246,0.46573,0.42439
-0.81348,0.57275,0.101,0.67376,0.3062,0.04097
-0.81761,0.56012,0.13337,0.66683,0.30022,-0.17892
-0.82267,0.54521,0.1611,0.6719,0.31512,-0.20665
-0.82878,0.53022,0.17885,0.7121,0.3449,-0.45076
-0.83617,0.51586,0.1863,0.63899,0.37437,-0.11333
-0.84547,0.49996,0.18766,0.64828,0.39027,-0.11469
-0.85463,0.48192,0.19327,0.5797,0.5036,0.04449
-0.8604,0.46381,0.21118,0.66115,0.56674,-0.20401
-0.86305,0.44852,0.23231,0.92549,0.65819,-0.40632
-0.8665,0.43687,0.24148,1.15854,0.86526,-0.31416
-0.87037,0.4291,0.24151,1.18701,0.99357,-0.11652
-0.87035,0.42879,0.24213,1.0732,0.98968,-0.15
-0.86674,0.43557,0.24298,0.9745,0.87779,-0.42293
-0.86134,0.45076,0.23432,0.79077,0.92683,-0.20174
-0.85072,0.47872,0.21702,0.53731,1.00616,0.19228
-0.83514,0.51316,0.19803,0.37365,0.84759,-0.05732
-0.81782,0.55168,0.16377,0.29989,0.77737,-0.5027
-0.80313,0.58536,0.1111,0.13592,0.98723,-0.25775
-0.79304,0.60699,0.0515,-0.07404,1.08367,0.11929
-0.78116,0.6242,-0.01326,-0.08806,0.76472,0.15779
-0.76848,0.63735,-0.05673,0.04253,0.57409,0.31672
-0.75405,0.65221,-0.07772,0.68926,0.47019,0.00596
-0.73146,0.6728,-0.11097,0.83623,0.43167,-0.16705
-0.708,0.69304,-0.13575,0.75083,0.31543,0.01103
-0.68303,0.71392,-0.15422,0.55229,-0.05436,0.1938
-0.65649,0.73553,-0.16738,0.43177,-0.25709,0.33643
-0.62835,0.7579,-0.1754,0.38908,-0.37119,0.34693
-0.60144,0.77731,-0.18456,0.3482,-0.45389,0.21265
-0.58029,0.79176,-0.19072,0.31819,-0.46838,0.14345
-0.5631,0.8035,-0.19318,0.2377,-0.43934,0.15828
-0.55222,0.81114,-0.19263,0.16112,-0.43941,0.06528
-0.5509,0.81406,-0.18387,0.24142,-0.62892,-0.08472
-0.55976,0.81257,-0.16247,0.49189,-0.57865,-0.27549
-0.57475,0.80916,-0.12217,0.7708,-0.37501,-0.56671
-0.59294,0.80252,-0.06616,1.01204,0.04271,-1.06381
-0.60925,0.79264,-0.02328,1.05849,0.60212,-1.31466
-0.62557,0.78014,-0.00731,0.76811,1.07631,-1.04982
-0.62941,0.77708,-0.00078,0.44371,1.06286,-0.86842
-0.61769,0.78636,0.00983,0.77485,0.28989,-0.93425
-0.60078,0.79902,0.02526,1.31174,-0.45966,-0.87754
-0.58909,0.80739,0.03314,0.72534,0.09399,-0.67472
-0.60528,0.79453,0.0486,-0.60337,1.73631,-0.37181
-0.63106,0.7744,0.0455,-1.16886,1.78958,0.406
-0.61619,0.78702,0.03011,-0.18096,0.17375,0.11391
-0.59742,0.80108,0.03689,0.13586,-0.33361,-0.38964
-0.59209,0.80458,0.04559,0.41069,-0.6827,-0.19625
-0.60501,0.79244,0.07752,0.29979,-0.66098,0.54445
-0.63478,0.76537,0.10613,0.10919,-0.36342,0.47175
-0.67529,0.72943,0.10917,0.04699,-0.05121,-0.10576
-0.71334,0.69266,0.10661,0.62606,0.40101,-0.2371
-0.74808,0.65281,0.11923,0.6608,0.44086,-0.24972
-0.7714,0.61943,0.14575,0.72416,0.53448,0.59824
-0.77643,0.6031,0.18285,0.99638,0.3985,0.09234
-0.77448,0.58983,0.22865,0.93735,0.25804,-0.1715
-0.77431,0.57349,0.26748,0.57688,0.17139,-0.3065
-0.77443,0.55832,0.29754,0.55296,0.16531,-0.46464
-0.7765,0.54013,0.32451,0.55503,0.1835,-0.49161
-0.78133,0.52165,0.34265,0.49573,0.27765,-0.5076
-0.78961,0.50201,0.35284,0.51342,0.36,-0.32854
-0.80243,0.4797,0.35497,0.5223,0.39794,-0.22454
-0.81336,0.45598,0.36129,0.5548,0.48584,-0.09849
-0.81819,0.43342,0.37778,0.8493,0.75301,-0.42844
-0.82117,0.41607,0.39059,0.99161,0.86279,-0.57842
-0.82922,0.40654,0.38357,1.05991,0.91461,-0.33422
-0.8349,0.40399,0.37381,0.95625,0.85789,-0.11462
-0.83287,0.40721,0.37483,0.9489,0.81537,-0.34187
-0.82887,0.41601,0.37404,0.94072,0.827,-0.69574
-0.82409,0.43403,0.36399,0.77742,0.99245,-0.20649
-0.81378,0.46313,0.35111,0.64663,1.09311,-0.20292
-0.80191,0.50713,0.31584,0.32597,0.91787,-0.34329
-0.78604,0.55379,0.27471,0.03181,0.85823,-0.25942
-0.76843,0.59582,0.2335,-0.0198,0.97967,-0.0066
-0.7575,0.62624,0.18445,-0.01188,1.08692,0.05837
-0.74899,0.64928,0.13212,-0.14849,0.97545,-0.08367
-0.73571,0.67122,0.09052,-0.03123,0.63708,-0.22744
-0.72051,0.691,0.05818,0.64525,0.30779,-0.09949
-0.70201,0.71161,0.02821,0.69302,0.29051,-0.01066
-0.6788,0.73431,-0.00463,0.5914,0.11077,0.06709
-0.65273,0.75689,-0.03261,0.46589,-0.05655,0.09556
-0.62641,0.77768,-0.05315,0.34842,-0.15817,0.21103
-0.59851,0.79888,-0.05987,0.3002,-0.27837,0.27521
-0.56862,0.82011,-0.06403,0.32551,-0.39181,0.25527
-0.54072,0.8382,-0.07097,0.48605,-0.51922,0.18161
-0.51979,0.85091,-0.07601,0.47423,-0.57404,0.01906
-0.50589,0.85943,-0.07383,0.28383,-0.65142,0.00389
-0.50175,0.86262,-0.06435,0.19526,-0.79954,-0.17218
-0.50565,0.8616,-0.04445,0.25145,-0.85416,-0.31239
-0.51818,0.85526,-0.00427,0.48046,-0.6549,-0.51573
-0.53868,0.8405,0.05815,0.55015,-0.4927,-0.669
-0.56338,0.81776,0.11777,0.76632,0.00104,-1.19005
-0.58543,0.80007,0.13099,0.92503,1.63194,-1.4437
-0.58377,0.80294,0.12038,0.77204,2.11493,-1.24893
-0.55171,0.82494,0.12284,0.89566,0.65339,-0.842
-0.51005,0.85092,0.12562,1.02325,-0.4736,-0.84988
-0.48226,0.86727,0.12358,-0.15088,0.49298,-0.73419
-0.49915,0.85477,0.14218,-0.62459,1.45338,-0.55988
-0.53646,0.83456,0.12536,-1.04914,1.68646,0.32302
-0.52443,0.8446,0.10781,-0.10182,-0.34785,-0.2374
-0.50326,0.85557,0.12136,-0.12299,-0.35882,-0.25095
-0.50071,0.85442,0.13878,0.20297,-0.64287,-0.2449
-0.53149,0.75683,0.38043,0.07554,-0.25828,0.35834
-0.58885,0.69964,0.40468,0.1329,-0.20108,0.33409
-0.647,0.64187,0.41158,0.20621,0.30926,-0.6386
-0.69547,0.59423,0.404,0.45221,0.42277,-0.47191
-0.73283,0.54165,0.41179,0.44917,0.38176,-0.25512
-0.75322,0.50176,0.42532,0.50566,0.46059,0.03505
-0.74771,0.48506,0.45349,0.97593,0.43216,-0.19534
-0.73001,0.46685,0.49913,0.94743,0.28307,-0.43202
-0.72401,0.4466,0.52569,0.67663,0.2631,-0.58355
-0.72734,0.42184,0.54132,0.5051,0.44337,-0.59564
-0.73152,0.39777,0.55377,0.54005,0.4704,-0.5768
-0.73918,0.37388,0.56021,0.5414,0.46444,-0.51373
-0.74966,0.34802,0.56293,0.58003,0.49311,-0.63805
-0.75989,0.32111,0.56521,0.62087,0.58603,-0.6553
-0.7664,0.29456,0.57085,0.74073,0.73821,-0.38701
-0.76787,0.27287,0.57959,0.93152,0.7968,-0.46975
-0.76549,0.25736,0.58973,1.04105,0.87037,-0.64256
-0.76728,0.24914,0.59093,1.07329,1.07449,-0.47759
-0.77007,0.2483,0.58766,0.9361,1.10636,-0.35803
-0.76838,0.25261,0.58804,0.89716,1.07205,-0.5267
-0.76531,0.26507,0.58655,0.83808,1.01182,-0.79242
-0.7589,0.29273,0.5817,0.64759,1.22531,-0.57296
-0.74684,0.3388,0.57223,0.52399,1.22222,-0.56088
-0.73836,0.39756,0.54477,0.22791,1.09754,-0.48009
-0.72906,0.45521,0.51113,-0.07262,1.01047,-0.30472
-0.72322,0.50457,0.47155,-0.14201,1.26788,-0.24134
-0.72764,0.54047,0.42241,-0.33469,1.18269,-0.49542
-0.73103,0.56847,0.3774,-0.15219,0.8789,-0.53439
-0.72439,0.59557,0.34721,0.23007,0.67361,-0.41536
-0.70959,0.62609,0.32325,0.77326,0.50971,-0.25096
-0.69482,0.6595,0.28686,0.80029,0.30873,-0.31824
-0.67448,0.69272,0.25536,0.54942,0.09018,-0.12874
-0.64875,0.72504,0.23117,0.32847,-0.16187,-0.06662
-0.61783,0.75603,0.21611,0.28067,-0.25095,0.00713
-0.58112,0.78681,0.20792,0.26601,-0.34964,0.02139
-0.54158,0.81651,0.19999,0.27838,-0.51032,-0.09695
-0.5045,0.84155,0.19307,0.31923,-0.57464,-0.22669
-0.47392,0.85996,0.18939,0.31568,-0.65427,-0.26747
-0.45419,0.87006,0.19159,0.22384,-0.75339,-0.33988
-0.4468,0.87127,0.20313,0.30483,-0.83776,-0.52042
-0.44826,0.86461,0.22698,0.30629,-0.8311,-0.54427
-0.45545,0.84627,0.27639,0.61008,-0.34699,-1.0692
-0.46352,0.81557,0.34641,0.91884,0.35788,-1.94981
-0.47618,0.79001,0.38618,0.9315,0.38344,-1.98957
-0.48882,0.78288,0.3849,0.4064,2.14398,-1.56317
-0.46503,0.80045,0.37818,0.17426,1.45339,-1.10724
-0.41533,0.82857,0.37547,0.32793,0.69647,-1.12872
-0.36824,0.8548,0.36566,0.92604,-0.70122,-1.1947
-0.35712,0.85717,0.37113,-0.66625,0.96847,-0.87288
-0.40355,0.83111,0.38264,-0.88179,1.31471,-0.51874
-0.44117,0.81827,0.3685,-0.9934,0.55727,-0.22683
-0.43868,0.82051,0.3665,-0.06778,-0.32486,-0.63681
-0.44644,0.80849,0.38345,0.05128,-0.41356,-0.57736
-0.47982,0.7678,0.42457,0.13006,-0.44614,0.30248
-0.5386,0.66809,0.51339,0.02475,-0.21541,0.20321
-0.60503,0.59832,0.52531,0.02686,-0.01874,-0.24766
-0.6626,0.54114,0.51781,0.50296,0.38017,-0.77346
-0.70841,0.48272,0.51492,0.40508,0.51828,-0.18776
-0.72145,0.44001,0.5347,0.42177,0.64181,0.20727
-0.70007,0.42701,0.57233,0.98973,0.50174,-0.44841
-0.67553,0.40191,0.61817,0.76681,0.36689,-0.73441
-0.67129,0.37927,0.63681,0.56729,0.37903,-0.70965
-0.67369,0.35567,0.6478,0.44102,0.43734,-0.67229
-0.67717,0.33134,0.65701,0.42807,0.45427,-0.68102
-0.68488,0.30848,0.66013,0.44324,0.53118,-0.65937
-0.69529,0.28323,0.66056,0.47629,0.6007,-0.64218
-0.70448,0.25616,0.66188,0.54214,0.78098,-0.6247
-0.70724,0.23222,0.66775,0.66218,0.94335,-0.64018
-0.70536,0.21422,0.67571,1.04275,0.99925,-0.78868
-0.70682,0.20288,0.67768,1.13245,1.03337,-0.68319
-0.71286,0.19713,0.67303,1.13324,1.07752,-0.53021
-0.71322,0.19803,0.67238,0.93026,1.20268,-0.64724
-0.71119,0.20307,0.67303,0.83295,1.14991,-1.01415
-0.70908,0.21957,0.67007,0.81029,1.10458,-0.93474
-0.70265,0.25314,0.66499,0.46314,1.32519,-0.49992
-0.69636,0.30397,0.65015,0.34624,1.04521,-0.66931
-0.69413,0.36983,0.61758,0.31076,0.84025,-0.84466
-0.68756,0.4275,0.58695,0.00146,1.17075,-0.25235
-0.68905,0.47258,0.54944,-0.04954,1.36829,-0.16717
-0.69869,0.50896,0.50279,-0.23488,1.32405,-0.35119
-0.70007,0.54054,0.4666,-0.13572,0.83409,-0.56067
-0.68788,0.57542,0.4424,0.29979,0.54462,-0.62385
-0.66854,0.6143,0.41915,0.39019,0.41752,-0.51438
-0.647,0.65489,0.39053,0.59529,0.14293,-0.38644
-0.62121,0.6943,0.36338,0.42007,-0.00586,-0.29877
-0.58912,0.73027,0.34589,0.37774,-0.11685,-0.30672
-0.55108,0.76372,0.33622,0.28988,-0.26332,-0.10935
-0.50869,0.79607,0.32787,0.29208,-0.41987,-0.11005
-0.46637,0.82649,0.3153,0.24975,-0.45029,-0.09748
-0.42764,0.85087,0.30519,0.2727,-0.58227,-0.30386
-0.39439,0.86862,0.29992,0.19658,-0.64297,-0.33517
-0.3728,0.87695,0.30329,0.09858,-0.78234,-0.48034
-0.36355,0.87531,0.31884,0.16117,-0.83924,-0.76035
-0.3622,0.8613,0.35632,0.31483,-0.6869,-0.91517
-0.36663,0.83066,0.41903,0.49128,-0.35851,-1.2147
-0.3745,0.7962,0.47521,0.75971,0.29465,-1.90495
-0.38914,0.78306,0.48516,0.85565,1.52339,-2.06187
-0.38283,0.79207,0.47546,0.53837,2.00867,-1.68937
-0.3401,0.81437,0.47025,0.49037,0.74062,-1.10291
-0.28915,0.83871,0.46147,0.66102,-0.34771,-1.24634
-0.273,0.84818,0.45394,0.48186,-0.26351,-1.3335
-0.30597,0.83971,0.44863,-1.10813,1.85132,-0.63462
-0.3244,0.84262,0.42983,-1.2499,0.77234,0.25422
-0.31587,0.83784,0.44525,-0.68497,0.0155,0.17295
-0.32544,0.82402,0.46377,-0.12081,-0.59362,-0.53606
-0.36826,0.77809,0.50888,-0.03419,-0.42478,0.26067
-0.44085,0.70121,0.56032,-0.0476,-0.30069,0.27342
-0.52429,0.63022,0.57267,-0.12815,0.04786,-0.18782
-0.59434,0.57006,0.56727,0.41354,0.52302,-0.74561
-0.6422,0.50914,0.57303,0.373,0.5333,-0.60253
-0.65436,0.4696,0.5927,0.50236,0.72881,0.14286
-0.62832,0.45683,0.62969,1.05427,0.5555,-0.52949
-0.5982,0.43546,0.67271,0.85579,0.30568,-0.76461
-0.58936,0.41616,0.69243,0.53979,0.37156,-0.76546
-0.59176,0.39224,0.70425,0.34157,0.41806,-0.76211
-0.59929,0.36851,0.71067,0.32399,0.43506,-0.71917
-0.60974,0.34502,0.71357,0.34501,0.46922,-0.65305
-0.62041,0.3186,0.71665,0.38346,0.51198,-0.68552
-0.62864,0.28961,0.72176,0.48721,0.64418,-0.77829
-0.62841,0.26248,0.73226,0.70229,0.83893,-0.59753
-0.62406,0.24093,0.7433,0.78741,0.82206,-0.58182
-0.61988,0.22257,0.75247,1.06416,0.95372,-0.88054
-0.62132,0.21444,0.75364,0.94937,1.17768,-0.68963
-0.62423,0.21408,0.75134,0.76498,1.22351,-0.63747
-0.6257,0.21958,0.74852,0.64963,1.11457,-1.08276
-0.62867,0.23803,0.74035,0.54004,1.15027,-0.74125
-0.62628,0.27489,0.72953,0.40695,1.24519,-0.58091
-0.62219,0.33092,0.70949,0.32995,1.1454,-0.61923
-0.61898,0.39369,0.67961,0.06932,0.87711,-0.45767
-0.61218,0.45005,0.65015,0.02285,1.1107,-0.36295
-0.61733,0.49348,0.61269,-0.02005,1.25577,-0.35589
-0.63152,0.52612,0.56954,-0.46161,1.36992,-0.64025
-0.63882,0.55902,0.52859,-0.12536,0.99159,-0.75042
-0.63521,0.59621,0.49096,0.06907,0.77849,-0.7362
-0.61954,0.63376,0.46316,0.45722,0.36021,-0.43702
-0.60149,0.67413,0.42867,0.56377,0.06902,-0.40319
-0.58128,0.71175,0.39436,0.4109,-0.03791,-0.33503
-0.55299,0.7472,0.36865,0.33588,-0.17545,-0.28753
-0.51428,0.78149,0.35326,0.29603,-0.25583,-0.09934
-0.46975,0.81476,0.33985,0.25151,-0.2891,-0.08593
-0.42652,0.84488,0.32289,0.22437,-0.53624,-0.26681
-0.38658,0.86915,0.30843,0.13737,-0.67715,-0.38216
-0.35392,0.88575,0.30031,0.10471,-0.69375,-0.37404
-0.33537,0.89235,0.30206,0.03285,-0.89395,-0.45503
-0.33014,0.88924,0.31663,0.24388,-0.88845,-0.77565
-0.33295,0.87345,0.35529,0.3261,-0.77816,-0.82615
-0.33938,0.84128,0.42079,0.56813,-0.20507,-1.33015
-0.34688,0.80431,0.48245,0.85151,0.68646,-2.16377
-0.36491,0.78996,0.49275,0.36288,2.06696,-1.99583
-0.36115,0.7966,0.48476,0.19868,1.76189,-1.26876
-0.31527,0.81711,0.48264,0.71726,0.23697,-1.18259
-0.26035,0.84103,0.47422,0.91935,-0.4124,-1.3173
-0.23954,0.85212,0.4653,-0.42524,0.91771,-1.06583
-0.2675,0.83488,0.48106,-1.07688,1.54108,-0.17532
-0.29468,0.83101,0.47179,-1.26921,0.54565,-0.07069
-0.29138,0.82911,0.47715,-0.31859,-0.70754,-0.83599
-0.30078,0.8196,0.48764,-0.06864,-0.45386,-0.61414
-0.33097,0.78621,0.52186,-0.04843,-0.32555,-0.14199
-0.3887,0.72434,0.56942,-0.20337,-0.24522,0.21285
-0.46305,0.65327,0.59902,-0.01745,0.07884,-0.7898
-0.53332,0.5914,0.60482,0.30232,0.2892,-0.7877
-0.59648,0.53053,0.60229,0.37564,0.35059,-0.49938
-0.63236,0.46214,0.62172,0.49586,0.57793,0.08977
-0.63804,0.42592,0.64148,0.50154,0.61415,0.07001
-0.61683,0.41413,0.66934,0.9739,0.545,-0.48959
-0.59332,0.39305,0.70249,0.53787,0.49361,-0.73612
-0.58614,0.36779,0.72192,0.48801,0.5298,-0.75784
-0.58875,0.3427,0.73207,0.36677,0.51408,-0.74295
-0.59333,0.32116,0.73811,0.31496,0.48255,-0.78523
-0.601,0.29936,0.74106,0.33689,0.50514,-0.81893
-0.6101,0.27459,0.74322,0.41219,0.67725,-0.70764
-0.6123,0.25117,0.74967,0.5384,0.77106,-0.70731
-0.60715,0.23283,0.75971,0.66838,0.77807,-0.75053
-0.60619,0.21882,0.76462,1.00612,1.1007,-0.75921
-0.61339,0.20655,0.76229,0.91757,1.23342,-0.65939
-0.61694,0.20223,0.76058,0.87256,1.28706,-0.62511
-0.61444,0.20472,0.76194,0.71254,1.21964,-1.06089
-0.61282,0.21592,0.76015,0.66729,1.13879,-0.9746
-0.61051,0.24513,0.75312,0.57343,1.23215,-0.69916
-0.60157,0.29141,0.74377,0.26292,1.114,-0.69862
-0.5968,0.35538,0.7194,0.15374,0.85365,-0.91357
-0.5941,0.42263,0.68441,-0.00734,1.00822,-0.72767
-0.59332,0.47581,0.64929,-0.187,1.39399,-0.21936
-0.60367,0.52023,0.60411,-0.46963,1.19395,-0.56463
-0.6151,0.55726,0.55778,-0.45548,1.00092,-0.61927
-0.61142,0.5893,0.5281,0.08503,0.54205,-0.51472
-0.59233,0.63197,0.49977,0.46044,0.45246,-0.51146
-0.5728,0.67719,0.46187,0.48474,0.21605,-0.44962
-0.55163,0.71756,0.42523,0.33309,-0.03907,-0.34347
-0.52135,0.75579,0.39619,0.28731,-0.23635,-0.34254
-0.48084,0.79171,0.37681,0.28884,-0.33432,-0.13314
-0.43319,0.82631,0.35993,0.31019,-0.4562,-0.07626
-0.38684,0.85888,0.33568,0.28205,-0.49845,-0.26457
-0.34595,0.88509,0.31135,0.19587,-0.53856,-0.35002
-0.31067,0.90377,0.29442,-0.04542,-0.67821,-0.42594
-0.28674,0.91359,0.28834,-0.10714,-0.82242,-0.5185
-0.27815,0.91443,0.29403,0.04474,-0.95016,-0.73263
-0.28029,0.90507,0.31983,0.28861,-0.80277,-0.81481
-0.28946,0.87984,0.37695,0.52189,-0.42402,-1.13509
-0.29982,0.84496,0.44289,0.95889,0.34002,-2.06102
-0.31884,0.8292,0.4591,0.67889,1.51367,-2.09333
-0.32536,0.8304,0.4523,0.02768,1.91196,-1.28987
-0.28867,0.84597,0.44834,0.35918,0.71884,-1.14279
-0.23376,0.86547,0.44307,0.87585,-0.72465,-1.2209
-0.18547,0.88273,0.43173,0.60202,-0.64954,-0.75105
-0.16279,0.8816,0.44303,-0.04904,-0.30586,-0.63941
-0.19975,0.85657,0.47581,-1.56357,0.99399,-0.3381
-0.27518,0.82751,0.48938,-1.94816,1.43091,-1.49079
-0.29534,0.83679,0.46104,-1.928,1.42164,-1.46245
-0.30036,0.82732,0.47469,0.29131,-0.48674,-0.13936
-0.3228,0.78915,0.52253,0.36864,-0.55274,0.08516
-0.37394,0.7276,0.57512,0.289,-0.41002,0.09117
-0.45536,0.64933,0.60911,-0.20372,0.05004,-0.30657
-0.53465,0.57646,0.61794,0.17666,0.33078,-0.8564
-0.59004,0.52201,0.61592,0.38483,0.49132,-0.77516
-0.61517,0.47245,0.63115,0.31775,0.37438,0.11842
-0.61211,0.44619,0.65287,0.4581,0.40903,0.12022
-0.5845,0.42296,0.69243,0.8771,0.49238,-0.61541
-0.56293,0.39759,0.72459,0.53749,0.53667,-0.93565
-0.55641,0.38052,0.73866,0.44947,0.64011,-0.85853
-0.55896,0.35897,0.74746,0.45629,0.62885,-0.75685
-0.57234,0.33719,0.74749,0.39466,0.54349,-0.67115
-0.58797,0.31381,0.74553,0.32742,0.52074,-0.79512
-0.59995,0.2901,0.74559,0.32192,0.58721,-0.80617
-0.60675,0.26795,0.74837,0.35729,0.87206,-0.60585
-0.60505,0.24971,0.75601,0.42626,0.93887,-0.6669
-0.5936,0.23506,0.76967,0.78537,1.01776,-0.88969
-0.5904,0.22373,0.77548,1.14327,1.12638,-0.77161
-0.59491,0.2199,0.77313,0.90689,1.18724,-0.72538
-0.59879,0.22494,0.76867,0.70232,1.1787,-0.96989
-0.6024,0.23744,0.76206,0.61585,1.05801,-1.00548
-0.60369,0.26861,0.7506,0.34965,1.18073,-0.47401
-0.59888,0.31661,0.7356,0.24043,0.88636,-0.69133
-0.59191,0.37881,0.71144,0.35001,0.69385,-0.88675
-0.58783,0.44968,0.67249,-0.00121,1.14348,-0.89715
-0.58942,0.50259,0.63245,-0.17812,1.4051,-0.51445
-0.60537,0.54185,0.58303,-0.47809,1.3742,-0.31269
-0.61771,0.57586,0.53556,-0.35907,0.915,-0.36615
-0.60629,0.60507,0.51604,-0.19873,0.61951,-0.4715
-0.58056,0.64429,0.49784,0.61576,0.44613,-0.8647
-0.55742,0.68341,0.47142,0.54263,0.30002,-0.42895
-0.52758,0.72125,0.44884,0.40955,0.00668,-0.44589
-0.49058,0.75761,0.43053,0.23849,-0.1781,-0.28113
-0.44524,0.79032,0.4209,0.13934,-0.38895,-0.16864
-0.39457,0.82345,0.40774,0.10385,-0.50185,-0.11582
-0.34297,0.85546,0.38801,0.14851,-0.53364,-0.17378
-0.29396,0.88291,0.36614,0.04311,-0.66022,-0.35113
-0.24985,0.90319,0.34902,-0.001,-0.68051,-0.334
-0.21825,0.91357,0.34317,-0.15451,-0.85686,-0.52429
-0.20216,0.9149,0.34941,0.01553,-0.84862,-0.88199
-0.1989,0.90599,0.37365,0.01227,-0.83971,-0.90623
-0.20306,0.88157,0.42615,0.5059,-0.15932,-1.43845
-0.20939,0.84462,0.49273,1.04586,0.73888,-1.91068
-0.22819,0.8218,0.52209,1.00136,1.27856,-1.80409
-0.24291,0.82363,0.51247,0.21926,2.16856,-1.3749
-0.21116,0.84362,0.49368,0.00576,1.26519,-1.28522
-0.15052,0.8662,0.4765,0.34797,-0.04668,-1.34802
-0.11022,0.8817,0.45876,-0.01284,0.0045,-1.56069
-0.12399,0.88287,0.45296,-1.22817,1.25326,-0.14864
-0.14512,0.88085,0.45061,-1.20704,1.25528,-0.14629
-0.15283,0.86634,0.4755,-0.57182,-0.6333,-0.76959
-0.16553,0.85035,0.4995,-0.33739,-0.30879,-0.73993
-0.20319,0.82286,0.53068,-0.1887,-0.18277,-0.2252
-0.28528,0.74277,0.60573,-0.29584,-0.16587,0.12462
-0.36253,0.66887,0.64899,-0.18361,-0.07933,-0.66553
-0.43498,0.61311,0.65945,0.13301,0.13542,-0.86256
-0.50096,0.5666,0.65422,0.4513,0.36302,-0.6775
-0.54381,0.50013,0.67391,0.42557,0.35308,-0.37415
-0.56757,0.44647,0.69176,0.45925,0.39406,-0.20125
-0.56785,0.42563,0.70455,0.71057,0.47968,-0.41036
-0.54872,0.40561,0.73102,0.57339,0.47946,-0.53731
-0.52331,0.38119,0.76213,0.50777,0.51253,-0.7413
-0.50631,0.35911,0.78402,0.48471,0.5923,-1.21045
-0.50354,0.33855,0.79488,0.45114,0.6112,-1.12354
-0.51332,0.32,0.7963,0.35034,0.59661,-0.75754
-0.52833,0.29793,0.79505,0.22726,0.63442,-0.66358
-0.53611,0.27176,0.79921,0.25527,0.73257,-0.71652
-0.53194,0.25089,0.80876,0.31725,0.81354,-0.79254
-0.52268,0.23924,0.81827,0.67133,0.94437,-0.75606
-0.51846,0.23144,0.82319,0.80014,1.03278,-0.70949
-0.51965,0.22809,0.82337,0.82942,1.09926,-0.69776
-0.52172,0.22818,0.82204,0.66984,1.10219,-0.87924
-0.52147,0.23188,0.82116,0.58469,1.06593,-1.05219
-0.51996,0.24815,0.81735,0.46102,1.16425,-0.81573
-0.51091,0.28191,0.8121,0.2888,1.21519,-0.71403
-0.49704,0.33077,0.80221,0.28053,1.02414,-0.82664
-0.49173,0.39914,0.77388,0.15219,0.89515,-1.15401
-0.49035,0.4655,0.73679,-0.24393,1.16376,-0.44202
-0.49558,0.5164,0.69838,-0.33233,1.2232,-0.2975
-0.51228,0.55924,0.65179,-0.5219,1.04796,-0.56791
-0.52337,0.593,0.61191,-0.35058,0.65233,-0.65476
-0.51226,0.62801,0.58583,-0.04442,0.44275,-0.77649
-0.49457,0.67226,0.55088,0.35078,0.3384,-0.58774
-0.476,0.71127,0.51722,0.38398,0.19093,-0.40402
-0.44745,0.74745,0.49102,0.42713,-0.02293,-0.55271
-0.41486,0.78154,0.46592,0.28476,-0.17102,-0.38696
-0.37609,0.81144,0.44734,0.15197,-0.36845,-0.21395
-0.32862,0.84209,0.42766,0.15609,-0.51888,-0.17822
-0.2816,0.87091,0.40275,0.13385,-0.57355,-0.27682
-0.23787,0.89392,0.3799,0.0524,-0.65491,-0.43023
-0.20144,0.90943,0.3638,-0.09693,-0.7284,-0.46803
-0.17815,0.91695,0.35702,-0.14474,-0.91828,-0.59283
-0.17154,0.91549,0.36395,-0.04668,-0.95286,-0.79483
-0.17674,0.90027,0.39784,0.23947,-0.67136,-1.13286
-0.186,0.86789,0.46062,0.24873,-0.63898,-1.19563
-0.19602,0.83086,0.52082,0.97098,0.55058,-2.41449
-0.22599,0.81389,0.53528,0.53717,1.77387,-1.82848
-0.22705,0.81871,0.5274,0.01415,2.20587,-1.31998
-0.17745,0.83821,0.51567,0.14912,0.7296,-1.2769
-0.1131,0.86064,0.4965,0.47639,-0.30424,-1.47891
-0.08903,0.87316,0.47924,0.45231,-0.31676,-1.46165
-0.119,0.86746,0.48306,-1.02454,1.5087,-0.69009
-0.13798,0.86448,0.48335,-0.73033,-0.28462,-0.10367
-0.13919,0.85357,0.50204,-0.72913,-0.27371,-0.12236
-0.14848,0.84093,0.52038,-0.32283,-0.56775,-0.86138
-0.18864,0.81075,0.55416,-0.16503,-0.47884,-0.03588
-0.25692,0.74571,0.61474,-0.09675,-0.4138,-0.09646
-0.34599,0.6669,0.65995,-0.22414,-0.01913,0.06519
-0.43137,0.59603,0.67725,0.28594,0.45591,-0.73134
-0.4971,0.53876,0.68016,0.5051,0.66204,-0.83788
-0.53323,0.48146,0.6956,0.57335,0.57833,-0.3667
-0.54514,0.44549,0.71019,0.70034,0.64475,-0.24713
-0.53716,0.4238,0.72929,0.78479,0.63774,-0.34171
-0.52214,0.40257,0.75187,0.4256,0.35996,-0.61274
-0.51394,0.37987,0.76913,0.3149,0.32649,-0.60193
-0.51083,0.35358,0.7836,0.24377,0.36065,-0.71347
-0.50683,0.32441,0.79868,0.24032,0.44451,-1.01131
-0.50572,0.29943,0.80907,0.26227,0.53316,-1.04495
-0.51157,0.27473,0.81414,0.29442,0.58295,-0.92355
-0.52065,0.24874,0.81673,0.39176,0.72399,-0.58387
-0.52572,0.22417,0.82059,0.48179,0.86783,-0.70798
-0.52056,0.20337,0.82925,0.60833,0.92329,-0.83961
-0.52297,0.19126,0.83062,0.92644,1.104,-0.84588
-0.53423,0.18762,0.82426,0.76191,1.24866,-0.53669
-0.53721,0.18886,0.82204,0.72373,1.23825,-0.65915
-0.5365,0.19814,0.82031,0.70514,1.10801,-0.93455
-0.53136,0.22749,0.81603,0.47471,1.344,-0.48362
-0.51383,0.2726,0.81343,0.38857,1.3069,-0.41377
-0.49933,0.32741,0.80217,-0.01596,1.40855,-0.9075
-0.49347,0.39111,0.77686,-0.42986,1.27994,-0.84025
-0.49822,0.45223,0.73977,-0.60798,1.27772,-0.55394
-0.51289,0.5022,0.69623,-0.7157,1.13316,-0.6949
-0.53058,0.54,0.65337,-0.5701,0.71426,-0.83498
-0.53544,0.57558,0.61807,-0.3839,0.52819,-0.81389
-0.52535,0.61977,0.58299,0.17179,0.26954,-0.54315
-0.52088,0.6615,0.53954,0.45252,0.11313,-0.4207
-0.50292,0.69813,0.5096,0.59129,0.01092,-0.33177
-0.47288,0.73899,0.47987,0.63731,-0.12382,-0.47812
-0.43817,0.7779,0.45042,0.40043,-0.22555,-0.35533
-0.39913,0.81299,0.42396,0.24609,-0.37027,-0.29707
-0.36024,0.84389,0.39759,0.22337,-0.41443,-0.25744
-0.32114,0.86984,0.37449,0.19474,-0.51919,-0.38783
-0.28344,0.88972,0.35786,0.05287,-0.64364,-0.52204
-0.25272,0.90201,0.35002,0.00407,-0.78284,-0.52356
-0.23688,0.90384,0.35632,-0.0476,-0.94423,-0.58456
-0.23166,0.89421,0.38304,0.19717,-0.88782,-0.75569
-0.23422,0.86897,0.43592,0.40232,-0.61885,-1.01401
-0.24085,0.83216,0.4995,0.78823,0.29897,-2.18927
-0.2615,0.81548,0.51635,0.73765,0.96304,-2.61623
-0.27791,0.8149,0.50864,-0.07854,1.95882,-1.7048
-0.24619,0.8282,0.50346,0.17208,0.61574,-1.24664
-0.19051,0.84855,0.49362,0.1164,0.59539,-1.2368
-0.14287,0.86788,0.47579,0.60866,-0.68113,-0.99835
-0.12973,0.86391,0.48665,-0.69615,0.51937,-0.90103
-0.19139,0.83132,0.5218,-1.28002,1.38697,-0.84237
-0.26617,0.80838,0.52505,-1.68429,1.23349,-0.49627
-0.27451,0.80699,0.52289,-0.05838,-0.09047,-0.67041
-0.27686,0.78973,0.54742,0.35652,-0.52461,-0.34521
-0.30911,0.74198,0.59491,0.35113,-0.63661,0.09947
-0.3661,0.67034,0.64546,0.01989,-0.29367,0.06805
-0.44036,0.59225,0.67478,-0.10618,-0.0482,-0.14212
-0.50099,0.53319,0.6817,0.26344,0.39607,-0.99113
-0.55281,0.48821,0.67532,0.24554,0.45834,-0.62084
-0.56964,0.44042,0.69393,0.21544,0.54596,-0.15119
-0.54719,0.42207,0.7228,0.82998,0.54793,-0.39548
-0.5132,0.40228,0.75816,0.60289,0.42302,-0.84017
-0.49847,0.38155,0.77843,0.45408,0.45098,-0.88817
-0.49772,0.35734,0.79031,0.28381,0.41538,-0.75527
-0.50439,0.33085,0.79758,0.26424,0.43243,-0.73273
-0.51123,0.30664,0.80288,0.28685,0.45248,-0.73139
-0.51517,0.281,0.80972,0.35715,0.56062,-0.84777
-0.51947,0.2548,0.81561,0.37909,0.72782,-0.88977
-0.52057,0.23213,0.82166,0.41458,0.79565,-0.83114
-0.51558,0.21501,0.82942,0.68531,0.9144,-0.8599
-0.51113,0.2025,0.83531,0.85041,1.1017,-0.89268
-0.51343,0.19784,0.83502,0.87509,1.21389,-0.80178
-0.51577,0.20128,0.83275,0.73838,1.2984,-0.92236
-0.5177,0.21817,0.82728,0.39875,1.31021,-0.40682
-0.51528,0.25426,0.81844,0.39634,1.27413,-0.39798
-0.50357,0.29755,0.8111,-0.06764,1.41528,-0.75249
-0.49717,0.35955,0.78965,-0.04185,1.08201,-1.2613
-0.50099,0.42919,0.75154,-0.13032,1.12517,-1.10093
-0.51666,0.4834,0.70667,-0.39566,1.32667,-0.41511
-0.53434,0.52943,0.65893,-0.46833,1.07562,-0.56053
-0.54188,0.56886,0.61867,-0.45236,0.77789,-0.65451
-0.53164,0.6135,0.58393,0.02157,0.35206,-0.80374
-0.51941,0.65736,0.54598,0.36658,0.22359,-0.53811
-0.50609,0.69342,0.51288,0.48575,0.08313,-0.30296
-0.48201,0.73089,0.48319,0.5481,-0.01314,-0.40546
-0.45479,0.7688,0.44956,0.47475,-0.10028,-0.37108
-0.42112,0.80355,0.42068,0.35477,-0.22484,-0.27624
-0.38193,0.8349,0.39632,0.21578,-0.36989,-0.2806
-0.3385,0.86229,0.37667,0.14967,-0.45518,-0.2657
-0.29423,0.88505,0.36071,0.11414,-0.57034,-0.35284
-0.25458,0.90253,0.34731,0.03442,-0.70148,-0.41465
-0.22742,0.9106,0.34509,-0.06268,-0.88243,-0.60172
-0.21333,0.90933,0.35722,-0.02324,-0.89615,-0.75515
-0.20746,0.89748,0.38921,0.1859,-0.753,-1.02018
-0.20902,0.86997,0.44661,0.4474,-0.2889,-1.45548
-0.21647,0.835,0.50589,0.55383,0.02856,-1.83624
-0.23102,0.81871,0.52568,0.17979,1.47532,-1.84704
-0.23302,0.82032,0.52228,-0.07618,1.71617,-1.58803
-0.19981,0.83641,0.51039,0.08266,0.89116,-1.3284
-0.15619,0.85546,0.49376,0.41695,-0.08324,-1.634
-0.14382,0.8692,0.47309,-0.69614,1.78124,-1.43038
-0.17688,0.86158,0.47581,-0.88184,2.01688,-0.52802
-0.19545,0.85774,0.47548,-0.67897,0.01204,0.26836
-0.18584,0.85077,0.49158,-0.30439,-0.60773,-0.83402
-0.18528,0.83826,0.51282,-0.25119,-0.61965,-1.03861
-0.21656,0.80179,0.55699,-0.18931,-0.45926,0.1116
-0.27341,0.73861,0.6162,-0.13009,-0.40824,0.05476
-0.35516,0.67244,0.64938,-0.18789,-0.14189,-0.32696
-0.4325,0.60868,0.66517,0.1477,0.43658,-0.83714
-0.49929,0.54595,0.67279,0.1931,0.47702,-0.54117
-0.52497,0.49615,0.69155,0.22451,0.63375,-0.11193
-0.50452,0.47846,0.7187,0.78585,0.80398,-0.30885
-0.46726,0.45937,0.75542,0.77057,0.47149,-0.83368
-0.45343,0.4355,0.77765,0.45089,0.31404,-0.84844
-0.45625,0.40929,0.79014,0.21835,0.20978,-0.8702
-0.45971,0.38322,0.80113,0.12282,0.17506,-0.88018
-0.46357,0.36063,0.80935,0.12585,0.20912,-0.86242
-0.46919,0.33649,0.81648,0.17195,0.4382,-1.03222
-0.47738,0.30939,0.82243,0.3317,0.67094,-0.94456
-0.48971,0.28134,0.82525,0.41273,0.77095,-0.82313
-0.49266,0.25847,0.83095,0.72103,0.82957,-0.73023
-0.49001,0.24447,0.83674,0.91118,1.02407,-0.92113
-0.49586,0.23927,0.83479,0.81798,1.20057,-0.68786
-0.49959,0.23992,0.83237,0.68059,1.12807,-0.73761
-0.49658,0.24816,0.83176,0.58066,1.03292,-1.15403
-0.49322,0.27144,0.82647,0.4748,1.03625,-0.88805
-0.48949,0.31157,0.81444,0.10421,1.26446,-0.61608
-0.4894,0.36427,0.79233,-0.08295,1.11362,-0.67453
-0.48755,0.42093,0.76493,-0.19885,0.83722,-0.65474
-0.48278,0.47542,0.73546,-0.30893,1.15868,-0.66147
-0.48824,0.517,0.70309,-0.46049,1.26875,-0.62516
-0.49773,0.55214,0.66889,-0.43869,1.11511,-0.69461
-0.49884,0.58676,0.63786,-0.09166,0.72626,-0.84244
-0.49336,0.62038,0.6097,0.3621,0.53114,-0.79093
-0.48512,0.65545,0.57883,0.48868,0.47226,-0.59065
-0.46832,0.69181,0.54961,0.46576,0.26774,-0.45579
-0.44227,0.72944,0.52184,0.16726,-0.03304,-0.41303
-0.40879,0.76473,0.49807,0.13378,-0.06834,-0.38926
-0.36721,0.79641,0.48051,-0.01397,-0.35441,-0.28889
-0.31654,0.82615,0.46613,0.09615,-0.43021,-0.29473
-0.26241,0.85451,0.44828,0.10137,-0.44248,-0.30355
-0.2138,0.87834,0.42756,0.08959,-0.63457,-0.48779
-0.17646,0.89561,0.40835,-0.01876,-0.77621,-0.56991
-0.15466,0.9029,0.40106,-0.12709,-0.84815,-0.6009
-0.1471,0.90065,0.40889,-0.03076,-0.89682,-0.86527
-0.1475,0.8883,0.43494,0.14034,-0.72003,-0.91351
-0.15191,0.8601,0.48699,0.23185,-0.55962,-1.01697
-0.15679,0.82025,0.55009,0.76796,0.97874,-2.02281
-0.17313,0.79764,0.57775,0.65168,1.73931,-1.93488
-0.18332,0.809,0.55849,0.35385,2.3885,-1.72745
-0.14129,0.82799,0.54265,0.3659,0.72311,-1.2194
-0.07467,0.84693,0.52644,0.65087,-0.49866,-1.23516
-0.02718,0.86082,0.50818,0.56369,-0.62437,-1.14294
-0.04078,0.85375,0.51908,-1.27718,1.58778,-0.78197
-0.08853,0.85134,0.51709,-1.65826,1.20098,0.036
-0.09062,0.85224,0.51525,-1.39207,0.52269,-0.09372
-0.07912,0.84376,0.53085,-0.32345,-0.82232,-1.05783
-0.09358,0.82477,0.55768,-0.29076,-0.53703,-0.37158
-0.13956,0.77733,0.61342,-0.22563,-0.45592,-0.1126
-0.22566,0.70532,0.67201,-0.41012,-0.10974,-0.1302
-0.31792,0.63524,0.70385,-0.36646,0.08293,-0.50589
-0.40076,0.57073,0.7167,0.09985,0.46762,-0.92202
-0.46035,0.49892,0.73427,0.16421,0.51773,-0.06066
-0.48236,0.44565,0.75414,0.49096,0.6722,0.09214
-0.46105,0.4322,0.77501,0.46966,0.68564,0.07128
-0.42304,0.41925,0.80329,0.66661,0.34326,-0.87621
-0.39882,0.39838,0.82598,0.36227,0.39691,-0.993
-0.39398,0.37378,0.83968,0.29373,0.39437,-0.99703
-0.39991,0.35236,0.84612,0.08225,0.39755,-0.8133
-0.40748,0.33218,0.85065,0.09527,0.41965,-0.83088
-0.41959,0.30932,0.85339,0.14847,0.47908,-0.85999
-0.43438,0.28232,0.85534,0.35328,0.7411,-0.73867
-0.44145,0.2566,0.85981,0.5182,0.85225,-0.72724
-0.44239,0.23771,0.86475,0.82578,0.92709,-0.87702
-0.44602,0.22666,0.86585,0.84896,1.10317,-0.87552
-0.45089,0.22293,0.86429,0.75764,1.21254,-0.59501
-0.44828,0.2257,0.86493,0.62267,1.21968,-0.78575
-0.44557,0.23498,0.86386,0.48779,1.08535,-1.13646
-0.44318,0.26082,0.85765,0.32623,1.14868,-0.86634
-0.43594,0.30102,0.84814,0.11459,1.18243,-0.82744
-0.43537,0.35821,0.82592,-0.08007,0.98041,-0.99326
-0.43646,0.41997,0.79569,-0.30561,0.96728,-0.62402
-0.43906,0.4739,0.76331,-0.30867,1.10589,-0.48849
-0.45377,0.51699,0.72582,-0.34132,1.18707,-0.53966
-0.47323,0.55109,0.68729,-0.4779,0.9316,-0.81769
-0.48429,0.58149,0.65371,-0.28497,0.74228,-0.77328
-0.48056,0.61615,0.62404,0.23442,0.44399,-0.66167
-0.46945,0.65438,0.59279,0.45589,0.32824,-0.55236
-0.4528,0.69301,0.56099,0.40359,0.17033,-0.4911
-0.42499,0.73152,0.53315,0.35302,-0.06957,-0.52086
-0.38673,0.76691,0.51214,0.25072,-0.17362,-0.38058
-0.33569,0.79986,0.49753,0.13809,-0.36724,-0.23897
-0.27863,0.83258,0.47873,0.19251,-0.4998,-0.23433
-0.22602,0.86248,0.45281,0.16878,-0.60584,-0.37299
-0.17909,0.8856,0.42852,0.0134,-0.70225,-0.51326
-0.14253,0.89937,0.4133,-0.16623,-0.84201,-0.59178
-0.1225,0.90258,0.41272,-0.21407,-0.9071,-0.80046
-0.11602,0.89514,0.43042,-0.16147,-0.83519,-0.92914
-0.11615,0.87464,0.47066,0.29447,-0.26981,-1.18372
-0.12108,0.8372,0.53333,0.40086,0.00892,-1.45587
-0.13277,0.80099,0.58378,0.54129,0.38626,-1.76268
-0.15279,0.79378,0.5887,0.25841,1.90645,-1.74282
-0.14173,0.81031,0.5686,0.15247,1.62382,-1.35109
-0.09071,0.82718,0.55457,0.31804,0.82431,-1.2928
-0.03631,0.84066,0.54035,0.81193,-0.68543,-1.20983
-0.02505,0.84254,0.53805,-0.75457,0.96435,-1.1058
-0.07582,0.827,0.55706,-1.39848,1.97556,-0.75076
-0.09963,0.82653,0.554,-1.20505,0.59748,-0.11986
-0.08403,0.81293,0.57627,-0.27277,-0.67009,-0.85484
-0.08662,0.79471,0.60077,-0.18427,-0.91824,-1.01734
-0.12667,0.75818,0.63963,-0.36675,-0.63154,-0.12355
-0.25872,0.66423,0.70133,-0.39405,-0.24954,-0.07543
-0.35321,0.59152,0.72481,-0.37173,-0.00276,-0.27448
-0.43574,0.53382,0.72469,-0.04961,0.36932,-0.85562
-0.49189,0.47884,0.72716,0.26451,0.57059,-0.60719
-0.5205,0.41531,0.74605,0.31669,0.59271,-0.35573
-0.523,0.37864,0.76361,0.66811,0.7175,0.15536
-0.5071,0.36672,0.77998,0.69943,0.61618,-0.59941
-0.48981,0.34507,0.80064,0.44238,0.63831,-0.91508
-0.48608,0.31593,0.81481,0.50261,0.61076,-0.98331
-0.49539,0.29138,0.81834,0.41421,0.5674,-0.89935
-0.50495,0.27164,0.81929,0.35789,0.56366,-0.85254
-0.51493,0.25132,0.81957,0.27477,0.53791,-0.74814
-0.52317,0.22744,0.82132,0.33177,0.64471,-0.6889
-0.51946,0.20436,0.8297,0.41032,0.71752,-0.76917
-0.50783,0.18699,0.84092,0.71843,0.83729,-0.93531
-0.50147,0.17462,0.84737,0.97483,1.10523,-0.82868
-0.50224,0.16894,0.84806,0.92469,1.21665,-0.6799
-0.50456,0.16896,0.84668,0.71132,1.27841,-0.68076
-0.50565,0.17467,0.84487,0.51603,1.06899,-1.08836
-0.5078,0.19672,0.83871,0.51818,1.04693,-1.0822
-0.5038,0.23835,0.83029,0.13466,1.33785,-0.56384
-0.49901,0.29623,0.8144,-0.10695,1.17118,-0.7855
-0.49789,0.35667,0.7905,-0.24744,1.07028,-0.76542
-0.49892,0.41366,0.76155,-0.36779,1.35122,-0.65538
-0.51133,0.46264,0.72423,-0.45878,1.30032,-0.72281
-0.53082,0.50128,0.68334,-0.43405,1.04325,-0.74442
-0.54231,0.53446,0.64827,-0.05963,0.67013,-0.66205
-0.53639,0.57263,0.61998,-0.01195,0.54663,-0.61939
-0.52522,0.61607,0.58703,0.49507,0.3436,-0.59409
-0.51263,0.65822,0.55132,0.4525,0.2019,-0.37198
-0.49107,0.70129,0.51676,0.31241,-0.05522,-0.37133
-0.45964,0.74236,0.48748,0.24285,-0.18938,-0.28238
-0.41932,0.77849,0.46704,0.12541,-0.42331,-0.24751
-0.3685,0.81204,0.45255,0.20865,-0.43617,-0.32073
-0.31739,0.84189,0.43644,0.21027,-0.43186,-0.38493
-0.27059,0.86469,0.4232,0.1247,-0.56258,-0.55477
-0.23096,0.87955,0.41599,-0.01494,-0.67523,-0.63041
-0.20435,0.88396,0.42055,-0.03047,-0.82809,-0.76624
-0.19123,0.87875,0.43731,0.13824,-0.73368,-0.89919
-0.18961,0.86147,0.47107,0.27244,-0.51185,-0.97136
-0.19645,0.83018,0.52173,0.28399,-0.32298,-1.11962
-0.20755,0.79864,0.56488,0.40129,0.57666,-1.86319
-0.21963,0.78841,0.5746,0.34314,1.59866,-2.04918
-0.20967,0.8005,0.56146,0.27201,1.90565,-1.88063
-0.17183,0.81359,0.55547,0.82192,0.39544,-1.22209
-0.12979,0.82752,0.54623,0.8849,-0.5297,-1.14148
-0.1029,0.83497,0.54059,0.72772,-0.50954,-0.9133
-0.12128,0.81249,0.57022,-1.0585,1.22308,-0.74791
-0.18698,0.78194,0.59465,-1.79793,1.42616,-0.19582
-0.20442,0.78161,0.58932,-1.89357,1.18019,-0.54952
-0.19187,0.78108,0.59423,-0.0355,-0.41522,-1.17839
-0.19984,0.76148,0.61662,0.00372,-0.76024,-0.09146
-0.24614,0.71003,0.65976,-0.05728,-0.64727,-0.13388
-0.32145,0.63793,0.69979,-0.26377,-0.1522,-0.27293
-0.41045,0.56671,0.71441,-0.06852,0.239,-0.82805
-0.47739,0.50596,0.7184,-0.00159,0.29975,-0.83205
-0.51498,0.44637,0.73181,0.141,0.54745,-0.21094
-0.52485,0.4013,0.75066,0.49531,0.74892,0.02956
-0.49804,0.37828,0.78029,0.71823,0.74776,-0.42232
-0.46228,0.35972,0.81049,0.70401,0.46274,-0.9207
-0.44635,0.34055,0.82752,0.35666,0.58754,-1.04716
-0.4429,0.3181,0.83824,0.35321,0.60998,-1.05788
-0.44707,0.30015,0.84264,0.25835,0.44765,-0.84824
-0.45606,0.28036,0.84463,0.19662,0.52683,-0.82883
-0.46509,0.25639,0.84732,0.22489,0.58229,-0.82033
-0.47493,0.22895,0.84972,0.39249,0.84069,-0.74259
-0.47496,0.20569,0.85563,0.69593,0.96995,-0.83273
-0.46904,0.19011,0.86247,0.88286,1.03785,-0.88872
-0.47083,0.18162,0.86332,0.83901,1.28098,-0.61123
-0.47188,0.18102,0.86288,0.66577,1.24129,-0.80116
-0.47121,0.18443,0.86253,0.57886,1.16238,-1.04363
-0.47114,0.20089,0.85888,0.3834,1.12618,-0.92527
-0.46765,0.23536,0.852,0.13988,1.37909,-0.61198
-0.46314,0.28354,0.83971,-0.00439,1.26588,-0.71562
-0.4637,0.34503,0.81605,-0.21634,0.97357,-0.88386
-0.46061,0.40395,0.79036,-0.23925,1.14699,-0.54376
-0.46559,0.45525,0.75893,-0.18524,1.23268,-0.39876
-0.48731,0.49774,0.71749,-0.44639,1.14816,-0.72797
-0.50571,0.53091,0.68,-0.33466,0.83321,-0.84562
-0.50747,0.56533,0.65029,-0.12287,0.62976,-0.80435
-0.49416,0.60717,0.62221,0.35848,0.30996,-0.70881
-0.48037,0.64925,0.58968,0.38501,0.23381,-0.49978
-0.45891,0.69081,0.55873,0.31652,0.13367,-0.34232
-0.43121,0.73225,0.52713,0.24913,-0.1045,-0.47804
-0.39737,0.76691,0.50392,0.133,-0.24645,-0.327
-0.35184,0.79772,0.48976,0.10762,-0.35631,-0.30215
-0.30143,0.8281,0.47264,0.16021,-0.42251,-0.36157
-0.25504,0.85523,0.45114,0.15561,-0.51443,-0.49152
-0.21348,0.87588,0.43274,0.06975,-0.57099,-0.54365
-0.1819,0.88732,0.42376,-0.0752,-0.70696,-0.58929
-0.16644,0.88912,0.42633,-0.05615,-0.80247,-0.75885
-0.16157,0.8814,0.44387,0.08673,-0.73152,-0.89547
-0.16247,0.85982,0.48406,0.29096,-0.5226,-1.04823
-0.16546,0.82569,0.53932,0.45133,0.01562,-1.74071
-0.17421,0.80425,0.56819,0.75074,1.01881,-2.33729
-0.1819,0.80976,0.55785,0.37695,2.0093,-1.7723
-0.14982,0.82688,0.54206,0.33453,1.31387,-1.18665
-0.09087,0.84157,0.53245,0.44246,0.53106,-1.17347
-0.04132,0.85705,0.51357,0.28448,-0.307,-1.13169
-0.03756,0.85749,0.51312,-1.26923,1.25326,-0.64409
-0.08136,0.85547,0.51141,-1.46231,1.02868,-0.23436
-0.09601,0.85709,0.50614,-0.73681,-0.14621,-0.72376
-0.09773,0.85121,0.51565,-0.30095,-0.44769,-0.75888
-0.12009,0.82657,0.54986,-0.12669,-0.42707,-0.44427
-0.17139,0.77082,0.61356,-0.04423,-0.3504,0.09912
-0.25072,0.69212,0.67684,-0.29576,-0.08183,-0.13886
-0.33357,0.6188,0.71121,-0.23051,0.0846,-0.62937
-0.40601,0.55847,0.72337,0.27949,0.44428,-0.99977
-0.45957,0.49881,0.73484,0.1843,0.52429,-0.39166
-0.475,0.45489,0.7533,0.19973,0.56822,-0.41013
-0.45236,0.44056,0.77542,0.53583,0.6087,-0.33143
-0.42427,0.42031,0.80208,0.3803,0.24679,-0.75801
-0.41964,0.39435,0.81755,0.2208,0.25378,-0.80539
-0.42057,0.36751,0.8295,0.14127,0.41623,-0.9421
-0.41996,0.34314,0.84017,0.20824,0.51312,-0.9336
-0.4263,0.32187,0.84538,0.22386,0.588,-0.86871
-0.44005,0.29814,0.84703,0.26531,0.63852,-0.74996
-0.45837,0.26927,0.84699,0.28252,0.69678,-0.70746
-0.46614,0.24175,0.85104,0.35095,0.81504,-0.68569
-0.46177,0.22041,0.85918,0.70942,0.93527,-0.89627
-0.45706,0.20636,0.86516,0.88387,1.10466,-0.85216
-0.46137,0.19908,0.86458,0.85494,1.21625,-0.67771
-0.46525,0.197,0.86298,0.62016,1.19271,-0.74604
-0.46374,0.1981,0.86354,0.53268,1.01549,-1.13258
-0.46173,0.20931,0.86197,0.46847,1.00111,-1.19118
-0.45781,0.2342,0.85765,0.37996,1.03367,-0.98147
-0.44991,0.27877,0.84845,0.18209,1.17939,-0.95875
-0.45626,0.33966,0.82247,0.09285,0.96738,-0.96423
-0.46614,0.40459,0.78678,-0.09865,0.96663,-0.35125
-0.4648,0.45598,0.75897,-0.11906,1.09303,-0.35449
-0.47177,0.50006,0.7262,-0.16031,1.18015,-0.42893
-0.48142,0.53585,0.69361,-0.39317,1.26772,-0.63639
-0.48663,0.56484,0.66645,0.02268,0.96509,-0.69036
-0.48089,0.60081,0.63857,0.23935,0.93887,-0.60812
-0.46281,0.6443,0.60884,0.40557,0.54979,-0.52576
-0.43537,0.68957,0.57875,0.2013,0.11155,-0.57545
-0.39966,0.73215,0.55156,0.09768,-0.06936,-0.55834
-0.35696,0.76998,0.52887,-0.00128,-0.318,-0.43846
-0.30703,0.80186,0.51259,0.0116,-0.39726,-0.30718
-0.24995,0.83038,0.49799,0.12628,-0.47726,-0.27928
-0.19277,0.85912,0.47408,0.15459,-0.51763,-0.38328
-0.1431,0.8841,0.44485,0.01882,-0.59261,-0.53735
-0.10705,0.89977,0.42303,-0.11153,-0.64386,-0.54072
-0.08847,0.90516,0.41577,-0.29414,-0.80747,-0.68278
-0.08554,0.90208,0.42301,-0.13434,-0.82584,-0.88447
-0.09078,0.88837,0.45006,0.08485,-0.63491,-0.96463
-0.10049,0.85812,0.50351,0.18776,-0.2885,-1.18317
-0.11108,0.82231,0.55809,0.38833,0.37306,-1.73346
-0.12845,0.80693,0.57651,0.43082,1.42991,-2.0655
-0.12745,0.81563,0.56436,0.1231,1.95826,-1.59428
-0.08584,0.83048,0.5504,0.52462,0.85293,-1.38749
-0.0368,0.84253,0.53739,0.64492,0.22291,-1.30898
-0.00525,0.85001,0.52674,0.37331,-0.40322,-1.11724
-0.01671,0.83826,0.54501,-0.84585,0.82928,-1.02632
-0.07068,0.82473,0.5611,-1.1322,1.47085,-0.63143
-0.09014,0.81852,0.56737,-1.3158,0.68197,-0.2718
-0.08075,0.8135,0.57593,-0.29806,-0.41776,-1.17368
-0.08878,0.80129,0.59166,-0.2724,-0.35321,-0.71878
-0.12653,0.75768,0.64024,-0.26953,-0.47225,-0.08735
-0.19298,0.69359,0.69404,-0.29826,-0.25997,-0.37577
-0.27867,0.62723,0.72727,-0.21257,-0.19361,-0.40901
-0.35837,0.57162,0.73812,0.14088,0.29452,-0.91572
-0.41743,0.5046,0.75574,0.12745,0.45159,-0.31572
-0.44649,0.44364,0.77706,0.15652,0.51255,-0.33704
-0.4318,0.42864,0.79361,0.70382,0.63838,-0.41529
-0.39848,0.41901,0.81587,0.58822,0.38228,-0.91014
-0.37432,0.39624,0.83838,0.40065,0.37909,-0.95387
-0.36595,0.37079,0.85358,0.22566,0.44386,-0.99573
-0.36819,0.34824,0.86207,0.14155,0.48127,-0.81266
-0.37277,0.32792,0.86805,0.12599,0.5334,-0.79522
-0.37983,0.30458,0.87347,0.15031,0.64055,-0.89119
-0.38877,0.2792,0.87801,0.19959,0.71339,-0.8737
-0.39244,0.25623,0.88337,0.45645,0.82101,-0.70052
-0.38901,0.2405,0.88928,0.79567,1.03086,-0.93347
-0.39036,0.23134,0.89113,0.75065,1.09864,-0.85182
-0.39783,0.22874,0.88849,0.67508,1.1262,-0.68941
-0.39806,0.22932,0.88823,0.52893,1.02912,-0.88332
-0.39523,0.23406,0.88826,0.43898,0.98106,-1.122
-0.39156,0.25296,0.8847,0.37937,1.00463,-1.0639
-0.38268,0.28772,0.87794,0.00165,1.29508,-0.78535
-0.37653,0.33278,0.86457,-0.09695,1.09874,-0.85055
-0.37574,0.39552,0.83809,-0.1058,0.90162,-1.06389
-0.37575,0.45666,0.80639,-0.28945,1.06171,-0.66549
-0.38572,0.50634,0.77126,-0.28518,1.21296,-0.3534
-0.4122,0.54901,0.72711,-0.34828,1.16385,-0.46876
-0.43109,0.58062,0.69068,-0.49182,0.72579,-0.73919
-0.42612,0.6142,0.66422,-0.13226,0.42513,-0.83415
-0.40957,0.65805,0.63184,0.03273,0.29123,-0.87076
-0.39056,0.69908,0.59895,0.28191,0.22131,-0.57356
-0.36714,0.73663,0.56796,0.28736,0.00488,-0.60356
-0.3395,0.7711,0.53865,0.25544,-0.11331,-0.57817
-0.30151,0.80011,0.51857,0.1038,-0.33057,-0.36644
-0.25481,0.82759,0.50016,0.08797,-0.41686,-0.29067
-0.20971,0.8524,0.479,0.13164,-0.45489,-0.34243
-0.16882,0.8728,0.45794,0.10523,-0.52231,-0.50786
-0.131,0.88839,0.44001,-0.07882,-0.59506,-0.55339
-0.10383,0.89699,0.42969,-0.14524,-0.68587,-0.56519
-0.09169,0.89676,0.43291,-0.15629,-0.83483,-0.725
-0.09163,0.88659,0.45338,0.03199,-0.7113,-0.91827
-0.10238,0.86264,0.49535,0.07811,-0.58154,-1.04693
-0.11431,0.82904,0.54738,0.26424,-0.10205,-1.64678
-0.12841,0.81498,0.56508,0.78712,1.79613,-2.16547
-0.13855,0.81711,0.55958,0.79726,1.794,-2.15997
-0.09753,0.83331,0.54414,0.36539,1.74203,-1.17338
-0.03459,0.85022,0.52529,0.29414,-0.24396,-1.38093
0.02267,0.86671,0.4983,0.23688,-0.26045,-1.35393
0.04304,0.86662,0.4971,-1.10456,0.14253,-0.82083
0.01135,0.86114,0.50823,-1.32648,0.50432,-0.29214
-0.02163,0.85613,0.51631,-1.2935,0.50933,-0.30021
-0.03924,0.8495,0.52612,-0.54171,-0.07652,-0.74694
-0.06761,0.82971,0.55408,-0.293,-0.19841,-0.42419
-0.11578,0.78453,0.60919,-0.18402,-0.2025,-0.17553
-0.18883,0.7187,0.66919,-0.1712,-0.04057,-0.07436
-0.26855,0.65019,0.71073,-0.10404,0.09882,-0.54673
-0.33268,0.59045,0.73532,0.13705,0.20623,-0.90715
-0.39074,0.54445,0.74222,0.32913,0.46791,-0.78728
-0.41961,0.49563,0.76045,0.21018,0.57235,-0.20111
-0.41661,0.47126,0.7774,0.29558,0.59842,-0.28637
-0.39944,0.45441,0.79621,0.48944,0.29533,-0.79733
-0.3975,0.42992,0.81065,0.23465,0.24757,-0.82028
-0.40312,0.40295,0.82166,0.15623,0.24117,-0.78478
-0.40175,0.3779,0.83414,0.2242,0.43843,-0.89122
-0.39958,0.3528,0.84609,0.27122,0.49323,-0.88059
-0.40495,0.32755,0.85366,0.28425,0.52227,-0.84789
-0.41291,0.30117,0.85954,0.26162,0.58901,-0.79733
-0.41693,0.27362,0.86678,0.30039,0.69262,-0.78612
-0.41931,0.24735,0.8735,0.33821,0.76632,-0.77216
-0.41663,0.22675,0.88034,0.49671,0.92062,-0.86877
-0.41928,0.21341,0.88242,0.5882,1.18458,-0.71294
-0.42805,0.20646,0.87986,0.5913,1.32021,-0.58178
-0.4296,0.20227,0.88007,0.67768,1.1694,-0.97085
-0.43,0.20655,0.87889,0.66465,1.02685,-1.28556
-0.43057,0.22682,0.87359,0.66522,1.00658,-1.28027
-0.42587,0.26767,0.86428,0.29927,1.28431,-0.67366
-0.4231,0.32006,0.84767,-0.00821,1.2283,-0.87267
-0.43008,0.3842,0.81696,-0.0347,1.07048,-0.79659
-0.4254,0.44491,0.78809,-0.25327,0.92072,-0.64722
-0.42501,0.49877,0.75538,-0.24547,1.19728,-0.44413
-0.44049,0.54416,0.71404,-0.27596,1.19699,-0.46865
-0.45765,0.57972,0.67415,-0.17974,0.77624,-0.64377
-0.45505,0.60874,0.6499,0.272,0.65982,-0.67522
-0.43651,0.65074,0.62128,0.45286,0.61104,-0.76014
-0.40604,0.69901,0.58865,0.36631,0.22356,-0.62704
-0.36309,0.74745,0.55631,0.21028,-0.12684,-0.61417
-0.31603,0.78913,0.52669,0.07621,-0.26662,-0.5367
-0.26121,0.82212,0.50585,-0.05834,-0.43124,-0.34914
-0.20636,0.85014,0.48443,-0.04325,-0.62102,-0.38067
-0.15693,0.87335,0.46111,-0.05278,-0.64026,-0.40948
-0.11313,0.89171,0.43823,-0.10248,-0.58799,-0.53958
-0.07606,0.90447,0.4197,-0.18323,-0.57926,-0.51573
-0.0522,0.91083,0.40947,-0.26536,-0.63454,-0.49711
-0.04086,0.91149,0.4093,-0.21617,-0.75634,-0.61291
-0.03865,0.90432,0.4251,0.11391,-0.73013,-0.91158
-0.0433,0.88441,0.46469,0.21606,-0.57612,-1.11478
-0.0497,0.85599,0.5146,0.56535,0.25604,-1.99108
-0.06868,0.84603,0.52869,0.20677,1.32928,-2.01215
-0.08074,0.85104,0.51885,-0.18429,1.73552,-1.64756
-0.05089,0.86274,0.50308,-0.10904,0.8126,-1.48615
0.00175,0.87675,0.48094,0.34564,-0.19796,-1.36911
0.04673,0.88785,0.45776,0.53673,-0.67627,-1.39697
0.07617,0.88366,0.46189,0.62582,-0.84942,-0.68217
0.07073,0.85944,0.50633,-0.68635,0.26955,-0.48576
-0.0299,0.82287,0.56744,-1.03855,1.22982,0.06426
-0.11177,0.80695,0.57995,-2.53848,2.08604,-1.01337
-0.10172,0.8071,0.58159,-1.25731,0.97026,-0.78974
-0.08834,0.79585,0.59901,-0.09661,-0.27269,-0.70623
-0.10552,0.75814,0.64349,0.22553,-0.91622,-0.34783
-0.16808,0.69415,0.69994,-0.11457,-0.38241,-0.2643
-0.25483,0.62208,0.74033,-0.26519,-0.04197,-0.37775
-0.32225,0.56456,0.75989,-0.00865,0.37134,-0.70531
-0.36926,0.51227,0.77538,-0.10943,0.4409,-0.46275
-0.38606,0.47396,0.7914,-0.07596,0.44558,-0.18032
-0.36357,0.46175,0.80908,0.48622,0.48956,-0.57894
-0.32365,0.4457,0.83463,0.70071,0.40579,-1.12031
-0.31205,0.42707,0.84867,0.55406,0.42913,-1.17121
-0.31679,0.40286,0.85869,0.19785,0.45995,-0.78508
-0.32493,0.37757,0.8671,0.06271,0.37763,-0.76967
-0.3342,0.35454,0.87328,-0.03416,0.40489,-0.84273
-0.3437,0.32955,0.87936,0.06252,0.53903,-0.92086
-0.35451,0.30254,0.88475,0.22269,0.71815,-0.88495
-0.36282,0.27771,0.88952,0.33572,0.84993,-0.72255
-0.36254,0.25766,0.89564,0.54508,0.95435,-0.77118
-0.35972,0.24312,0.90083,0.76757,1.09182,-0.91825
-0.36363,0.23651,0.90102,0.80974,1.19285,-0.82146
-0.36235,0.23572,0.90174,0.63234,1.18719,-1.03777
-0.3567,0.23795,0.90341,0.58304,1.14857,-1.19897
-0.3522,0.25644,0.90011,0.50453,1.12759,-1.17683
-0.34199,0.2927,0.89295,0.12218,1.25718,-0.60062
-0.33001,0.34098,0.88024,-0.23399,0.96792,-0.84106
-0.31991,0.40367,0.85715,-0.23348,0.73241,-0.96055
-0.31256,0.47885,0.82037,-0.31467,0.8691,-1.17085
-0.32132,0.53365,0.78228,-0.55626,1.22733,-0.561
-0.35049,0.57105,0.74233,-0.52708,1.18993,-0.52105
-0.37758,0.59925,0.70593,-0.58403,0.83064,-0.64738
-0.36878,0.6344,0.67936,-0.04789,0.42314,-0.81237
-0.33963,0.68307,0.64658,0.18393,0.36167,-0.68212
-0.3057,0.72991,0.61137,0.32566,0.09307,-0.66909
-0.27187,0.77094,0.57597,0.25399,-0.07102,-0.65146
-0.23264,0.80403,0.54719,-0.00307,-0.23266,-0.43174
-0.18428,0.83247,0.52253,-0.05574,-0.50243,-0.44162
-0.13367,0.85792,0.49609,-0.05345,-0.53182,-0.39156
-0.08495,0.87864,0.46987,-0.05017,-0.52823,-0.48393
-0.03933,0.89345,0.44744,-0.24427,-0.59552,-0.45823
-0.0008,0.90406,0.42741,-0.31904,-0.66185,-0.4332
0.02192,0.90862,0.41704,-0.33149,-0.72082,-0.48451
0.02974,0.90598,0.42228,-0.07287,-0.80579,-0.83019
0.02627,0.89068,0.45387,0.13207,-0.62774,-1.06893
0.01559,0.86089,0.50855,0.18768,-0.43834,-1.2625
0.00214,0.8312,0.55597,0.40885,1.02447,-2.13757
-0.01959,0.82478,0.56511,0.20719,1.54645,-1.82465
-0.01875,0.83643,0.54775,-0.04378,2.0223,-1.62531
0.02639,0.84915,0.52749,0.26307,0.71918,-1.35179
0.08571,0.85694,0.50824,0.68673,-0.4067,-1.33827
0.11787,0.86053,0.49557,0.58796,-0.4506,-1.18939
0.09867,0.8559,0.50764,-1.25284,1.84616,-0.60029
0.06627,0.85039,0.52196,-1.79799,0.88456,0.26507
0.07005,0.83865,0.54014,-1.28103,0.04413,-0.02026
0.07581,0.83049,0.55185,-0.72409,-0.74556,-1.22677
0.05252,0.81336,0.57938,-0.52758,-0.55927,-0.50226
-0.00523,0.76148,0.64817,-0.49723,-0.46145,-0.10836
-0.12141,0.68701,0.71644,-0.51857,-0.22253,-0.15993
-0.22006,0.62109,0.75221,-0.32478,0.08822,-0.88724
-0.30114,0.5639,0.76898,0.02598,0.31842,-0.86403
-0.35392,0.49819,0.79154,0.11964,0.56834,0.00354
-0.36434,0.45223,0.81409,0.28121,0.85409,0.21525
-0.32151,0.43672,0.84018,0.5701,0.88685,-0.15015
-0.29075,0.41371,0.86274,0.68969,0.31544,-0.9507
-0.28057,0.38866,0.87762,0.20195,0.51031,-0.91948
-0.26841,0.36537,0.89133,0.08211,0.55725,-1.06256
-0.26032,0.34849,0.90044,0.03218,0.53261,-1.19246
-0.26926,0.33072,0.9045,0.05864,0.56053,-0.84753
-0.28704,0.30914,0.90667,0.05256,0.51749,-0.6829
-0.29696,0.28392,0.91171,0.09096,0.56157,-0.74589
-0.29562,0.26086,0.919,0.28368,0.73507,-0.87298
-0.29043,0.24333,0.92544,0.49097,0.86403,-0.89158
-0.28813,0.22998,0.92956,0.62393,0.94424,-0.78709
-0.289,0.22102,0.93147,0.50392,1.12998,-0.69877
-0.29003,0.21652,0.9322,0.44431,1.15247,-0.73285
-0.28839,0.21397,0.9333,0.33783,1.06094,-1.01621
-0.28731,0.22127,0.93193,0.21523,1.12075,-0.90732
-0.28378,0.24242,0.92774,0.03169,1.24194,-0.73392
-0.27366,0.2807,0.91996,-0.05124,1.24086,-0.64786
-0.26041,0.32957,0.90751,-0.24194,1.02084,-1.16566
-0.25967,0.40103,0.87849,-0.33653,1.07694,-1.18763
-0.27437,0.46433,0.84209,-0.56134,1.29417,-0.46553
-0.30123,0.51409,0.8031,-0.68532,1.21786,-0.63918
-0.33649,0.55524,0.76058,-0.81402,0.90453,-0.85191
-0.35527,0.58872,0.72608,-0.44551,0.51716,-0.77969
-0.3439,0.63454,0.69217,0.00665,0.42793,-0.84529
-0.33069,0.68001,0.65439,0.21687,0.33044,-0.7116
-0.31204,0.72256,0.61687,0.37874,0.10683,-0.60813
-0.28824,0.76237,0.5794,0.34142,-0.02591,-0.60994
-0.25011,0.79898,0.54688,0.20457,-0.20349,-0.38465
-0.20037,0.83534,0.51191,0.05698,-0.41913,-0.26461
-0.15231,0.86878,0.47119,0.10531,-0.55389,-0.32902
-0.11141,0.89471,0.43253,0.06941,-0.59995,-0.393
-0.07279,0.9138,0.39958,-0.13909,-0.65518,-0.54266
-0.04485,0.92514,0.37698,-0.21524,-0.71896,-0.55505
-0.03341,0.92804,0.37098,-0.26037,-0.96167,-0.65539
-0.03602,0.92245,0.38444,0.12106,-0.79763,-0.8672
-0.04655,0.90514,0.42257,0.26853,-0.62569,-1.0683
-0.05814,0.87551,0.47969,0.42544,-0.39025,-1.36459
-0.07225,0.8497,0.52229,0.70449,0.60302,-2.30213
-0.09129,0.84216,0.53145,-0.05235,1.1715,-1.67065
-0.08401,0.85091,0.51856,-0.30927,1.35133,-1.21112
-0.04407,0.86724,0.49594,-0.13238,0.46879,-1.4301
0.00604,0.87997,0.47499,0.55983,-0.37698,-1.65666
0.04069,0.88533,0.46318,0.67463,-0.62285,-1.49813
0.03471,0.8742,0.48432,-0.83503,0.81595,-1.10238
-0.03226,0.86055,0.50834,-1.77766,1.336,-0.25193
-0.06157,0.85469,0.51548,-1.94134,1.11553,-0.46301
-0.07227,0.84859,0.5241,-0.51428,-0.31615,-0.83581
-0.09544,0.82892,0.55116,0.04231,-0.48029,-0.43277
-0.14202,0.78521,0.60273,0.08889,-0.43657,-0.48434
-0.18089,0.67177,0.71833,0.00874,0.13994,-0.03355
-0.24415,0.602,0.76025,0.0139,0.23984,-0.17358
-0.30203,0.54614,0.78135,0.03387,0.33702,-0.3845
-0.34379,0.49105,0.80042,0.34257,0.39733,-1.00072
-0.37235,0.44692,0.8134,0.42051,0.37733,-0.88818
-0.39126,0.41344,0.82218,0.42117,0.37169,-0.81751
-0.40603,0.37744,0.83227,0.14965,0.27354,-0.74818
-0.42477,0.33902,0.83943,0.1339,0.28486,-0.7077
-0.44671,0.30174,0.84226,0.10708,0.35263,-0.64907
-0.46163,0.26793,0.84565,0.12328,0.63234,-0.72028
-0.46052,0.23908,0.85485,0.31909,0.84938,-0.85518
-0.45783,0.21207,0.86338,0.41683,0.8924,-0.94719
-0.46812,0.18382,0.86433,0.50165,0.78096,-0.83328
-0.47871,0.15572,0.86405,0.43349,0.79403,-0.74563
-0.48003,0.13333,0.86706,0.46005,0.86975,-0.74125
-0.47188,0.11608,0.87399,0.5687,1.06922,-0.87507
-0.46353,0.10289,0.88009,0.71391,1.24756,-0.87662
-0.46544,0.09942,0.87948,0.73809,1.26852,-0.77004
-0.4669,0.10031,0.8786,0.70042,1.32605,-0.79378
-0.46346,0.10843,0.87946,0.58686,1.15793,-1.21762
-0.46326,0.13838,0.87535,0.48671,1.19002,-0.98419
-0.46035,0.18816,0.86757,0.13892,1.40212,-0.46596
-0.45455,0.25086,0.85466,0.02043,1.00445,-0.97899
-0.45766,0.33081,0.8253,0.06518,0.8793,-1.17953
-0.46292,0.39701,0.79252,-0.34682,1.43911,-0.4305
-0.48453,0.44116,0.75538,-0.55793,1.30444,-0.46824
-0.5181,0.47587,0.71072,-0.60154,1.27015,-0.46325
-0.52268,0.50541,0.68656,-0.11754,0.78761,-0.45147
-0.49254,0.56125,0.66513,0.56625,0.79068,-0.76995
-0.4569,0.62365,0.63427,0.68411,0.72948,-0.85061
-0.42283,0.67422,0.60551,0.22374,-0.10443,-0.48219
-0.38728,0.71755,0.5789,0.10297,-0.26943,-0.46826
-0.34363,0.75801,0.55438,0.00989,-0.3474,-0.42311
-0.29192,0.79345,0.53406,0.06034,-0.53716,-0.32402
-0.24224,0.82449,0.5114,0.05874,-0.62495,-0.40291
-0.19462,0.85103,0.48771,0.00581,-0.65249,-0.46452
-0.15271,0.8696,0.46954,-0.12778,-0.66317,-0.53308
-0.12446,0.87811,0.46199,-0.15705,-0.79527,-0.63977
-0.11304,0.87604,0.46881,-0.13208,-0.82474,-0.7368
-0.11111,0.86424,0.49065,0.08218,-0.58484,-0.98295
-0.11247,0.83786,0.53417,0.21752,-0.39557,-1.1614
-0.11282,0.80109,0.58782,0.30669,-0.1673,-1.4029
-0.12258,0.7786,0.61543,0.61597,0.99646,-2.26395
-0.13501,0.77888,0.61247,0.09622,1.79647,-1.79774
-0.10635,0.79653,0.59517,-0.1056,1.86881,-1.60336
-0.05147,0.81253,0.58064,0.58971,0.25672,-1.36174
-0.002,0.81901,0.57377,0.81709,-0.7092,-1.11525
0.02382,0.81732,0.57569,0.79709,-0.83513,-0.78253
0.00749,0.80087,0.59879,-0.65814,0.36799,-0.74155
-0.06872,0.77668,0.62614,-2.08077,1.72,-0.38163
-0.1006,0.77484,0.6241,-2.52835,1.7328,-0.6565
-0.08936,0.78132,0.6177,-0.38226,0.08526,-0.8319
-0.0881,0.76055,0.64328,0.00701,-0.46336,-0.55612
-0.12119,0.70978,0.69392,0.11677,-0.71287,-0.29987
-0.1965,0.63884,0.74382,-0.16461,-0.23828,-0.28603
-0.28237,0.56692,0.77387,-0.3275,0.11451,-0.88308
-0.35067,0.51174,0.78432,-0.10972,0.28166,-1.04408
-0.39125,0.45501,0.79993,-0.04259,0.57073,-0.57074
-0.38711,0.42226,0.81966,0.26986,0.64954,-0.1006
-0.34399,0.40824,0.84558,0.22675,0.66356,-0.12652
-0.30952,0.38612,0.86897,0.67268,0.39166,-1.12655
-0.30289,0.36695,0.87955,0.23334,0.39082,-0.97434
-0.30353,0.34432,0.88843,0.14473,0.4106,-0.93758
-0.30932,0.32195,0.8948,0.06251,0.44518,-0.93998
-0.31975,0.2994,0.89896,-0.03708,0.4659,-0.79043
-0.3281,0.27465,0.90383,0.06164,0.59568,-0.87357
-0.33538,0.24705,0.90911,0.12761,0.73035,-0.91471
-0.34308,0.22279,0.9125,0.3332,0.94358,-0.82052
-0.34529,0.20446,0.91595,0.44304,0.99382,-0.83575
-0.34636,0.18989,0.91868,0.76728,1.12474,-0.92401
-0.35425,0.18277,0.91712,0.69562,1.19545,-0.71913
-0.35764,0.18283,0.91579,0.62009,1.18428,-0.72536
-0.35596,0.18814,0.91537,0.51204,1.10025,-1.0171
-0.3507,0.21205,0.91217,0.25356,1.36984,-0.62466
-0.33521,0.25342,0.90742,0.1635,1.37326,-0.46701
-0.31844,0.30136,0.89876,-0.15046,1.16724,-1.11185
-0.31621,0.36438,0.87592,-0.14932,1.04293,-1.31888
-0.3216,0.43542,0.84082,-0.22831,1.04476,-1.29592
-0.33997,0.49252,0.80116,-0.4317,1.13553,-0.64983
-0.36722,0.53578,0.76032,-0.45227,0.91404,-0.61034
-0.38161,0.56884,0.72856,-0.32311,0.69393,-0.56292
-0.36003,0.60917,0.70661,0.38292,0.42562,-0.91365
-0.32289,0.66168,0.6767,0.45334,0.41891,-0.83735
-0.28493,0.707,0.64727,0.42688,0.29708,-0.61526
-0.2426,0.74632,0.6198,0.02529,-0.01629,-0.5034
-0.19117,0.78041,0.59532,-0.11568,-0.24501,-0.37569
-0.13136,0.80993,0.57163,-0.1756,-0.37075,-0.36088
-0.07342,0.83421,0.54653,-0.15228,-0.5481,-0.46725
-0.01639,0.85196,0.52334,-0.17895,-0.64359,-0.54577
0.03486,0.86326,0.50355,-0.25512,-0.66502,-0.5909
0.07226,0.8661,0.49462,-0.36611,-0.70671,-0.69071
0.09555,0.86192,0.49797,-0.3618,-0.6507,-0.84684
0.10742,0.8527,0.51124,-0.31805,-0.59585,-0.95767
0.11154,0.83731,0.53524,-0.15023,-0.43794,-1.01236
0.10926,0.81391,0.57062,-0.13311,-0.11622,-1.31106
0.10062,0.79105,0.60341,-0.11813,0.50332,-1.74755
0.08873,0.7834,0.61515,-0.12919,1.32079,-1.91058
0.09061,0.79334,0.602,0.05125,1.62173,-1.84596
0.12335,0.80453,0.58097,0.32857,1.22889,-1.57724
0.16267,0.80581,0.56939,0.50507,-0.17472,-1.26322
0.18065,0.81096,0.55652,-0.6615,1.40991,-1.27652
0.15697,0.80911,0.56631,-1.23125,2.19373,-1.13987
0.13734,0.81562,0.56205,-1.14973,0.32104,0.37251
0.15713,0.80751,0.56855,-0.75004,-0.99073,-1.14408
0.18935,0.78791,0.58596,-0.77506,-0.9172,-1.2007
0.17425,0.76091,0.62503,-0.67926,-0.74598,-0.3113
0.10129,0.70526,0.70167,-0.75519,-0.20147,-0.08986
0.00019,0.64089,0.76764,-0.65409,-0.13709,-0.15582
-0.10428,0.58964,0.8009,-0.41699,0.30998,-0.9257
-0.17426,0.54289,0.82152,-0.1179,0.56989,-0.4271
-0.19793,0.49962,0.84333,-0.09423,0.61316,-0.4489
-0.16663,0.48696,0.85738,0.5273,0.86445,-0.45446
-0.10912,0.47369,0.87391,0.37827,0.38427,-1.05715
-0.08787,0.45904,0.88406,0.10792,0.37109,-0.94452
-0.08707,0.43962,0.89395,-0.1592,0.2762,-0.8642
-0.08936,0.41595,0.90499,-0.30702,0.25378,-0.97165
-0.08848,0.39455,0.9146,-0.28173,0.31327,-1.02675
-0.08739,0.3779,0.92171,-0.20499,0.45277,-1.12873
-0.09146,0.36118,0.928,-0.07494,0.55037,-1.05318
-0.10386,0.34147,0.93414,-0.02277,0.61459,-0.93545
-0.10938,0.32383,0.93977,0.26971,0.73012,-0.81611
-0.09915,0.30949,0.94572,0.56292,0.91931,-1.14213
-0.09122,0.3004,0.94944,0.61757,1.01715,-1.09553
-0.09264,0.30117,0.94906,0.33678,1.13418,-0.88644
-0.09269,0.30721,0.94712,0.23033,1.03896,-1.4058
-0.09201,0.323,0.94191,0.18247,0.96553,-1.49758
-0.09015,0.35943,0.92881,-0.22636,1.22984,-0.50695
-0.08361,0.40709,0.90955,-0.42721,0.92131,-0.34556
-0.07112,0.45182,0.88927,-0.67135,0.73859,-0.83911
-0.05014,0.50037,0.86436,-0.67644,1.32905,-0.95753
-0.04328,0.53638,0.84287,-0.76625,1.47363,-0.65085
-0.05743,0.56173,0.82533,-0.90281,1.45384,-0.6845
-0.07404,0.58335,0.80884,-0.52909,0.86745,-0.87552
-0.07224,0.60591,0.79225,-0.21017,0.5428,-0.91957
-0.05172,0.63469,0.77104,0.01171,0.43782,-0.8307
-0.03081,0.66689,0.74452,-0.2531,0.09988,-0.6712
0.0006,0.69916,0.71496,-0.39186,-0.11368,-0.66568
0.03973,0.72617,0.68637,-0.45074,-0.17463,-0.5778
0.09523,0.74852,0.65624,-0.27387,-0.38222,-0.47072
0.16178,0.76831,0.6193,-0.26219,-0.43245,-0.45536
0.2297,0.78706,0.57252,-0.26257,-0.46591,-0.42568
0.28781,0.8032,0.52157,-0.35237,-0.61353,-0.52812
0.33066,0.81373,0.47802,-0.58028,-0.7769,-0.58263
0.35517,0.81938,0.44996,-0.67634,-0.81551,-0.64848
0.36564,0.82042,0.43958,-0.48691,-0.66449,-0.99814
0.3695,0.81471,0.44691,-0.28229,-0.39126,-0.9981
0.36822,0.79852,0.47621,-0.28101,-0.37508,-1.02741
0.36034,0.78093,0.51021,-0.06027,0.45943,-1.68371
0.33922,0.78525,0.51799,-0.31039,1.73334,-1.86025
0.33276,0.80341,0.49375,-0.54395,2.31579,-1.80207
0.37336,0.80319,0.4642,0.09321,0.53119,-1.26294
0.42424,0.79223,0.43863,0.16737,-0.48803,-1.30536
0.45241,0.7903,0.41323,-0.16214,-0.0789,-1.39156
0.43148,0.79745,0.42178,-1.52709,1.89598,-0.31773
0.40464,0.80888,0.4266,-1.34101,0.0038,0.08286
0.42007,0.79174,0.4435,-1.35644,0.02095,0.06596
0.44268,0.77141,0.45713,-0.92797,-0.90189,-1.18698
0.42619,0.7516,0.50345,-0.85104,-0.47947,0.22392
0.37217,0.70963,0.59825,-0.79702,-0.43751,0.12912
0.27438,0.66177,0.69769,-0.95599,0.03463,-0.13854
0.18167,0.61923,0.7639,-0.62413,0.36413,-0.93109
0.10401,0.58066,0.80747,-0.24856,0.55175,-0.89866
0.05983,0.54087,0.83897,-0.29115,0.58985,-0.26622
0.0699,0.52658,0.84725,-0.04542,0.75228,-0.20525
0.12103,0.52228,0.84414,0.28245,0.38367,-0.84396
0.15881,0.51219,0.84406,-0.05056,0.23601,-0.96303
0.17236,0.49454,0.85189,-0.39858,0.22099,-0.91964
0.17864,0.47322,0.86264,-0.46604,0.26326,-0.97882
0.18202,0.45569,0.87133,-0.51139,0.3047,-0.944
0.17923,0.4441,0.87787,-0.46312,0.39576,-0.99815
0.1685,0.43222,0.88589,-0.41511,0.4561,-1.00014
0.15145,0.41773,0.89586,-0.27378,0.62284,-0.74315
0.13812,0.40112,0.90555,-0.04276,0.63701,-0.70235
0.13512,0.38695,0.91215,0.133,0.66136,-0.81715
0.13397,0.37844,0.91588,0.26438,0.86358,-0.79991
0.13055,0.37678,0.91705,0.03502,1.0163,-0.60138
0.13129,0.37556,0.91745,-0.04085,1.00191,-0.80055
0.13178,0.37362,0.91817,-0.09514,0.90792,-1.30939
0.13283,0.38714,0.9124,-0.20248,1.08187,-1.04492
0.13871,0.41696,0.89828,-0.32055,1.16017,-0.92367
0.14378,0.45667,0.87794,-0.56045,0.89831,-0.61653
0.15129,0.49659,0.8547,-0.84831,0.79952,-0.76148
0.15966,0.53583,0.82909,-0.92966,1.05093,-0.73393
0.15365,0.56356,0.81166,-0.96041,1.29452,-0.62029
0.13204,0.58693,0.7988,-1.13758,1.09204,-0.86385
0.11563,0.60475,0.78798,-1.01976,0.90129,-0.96376
0.11451,0.62391,0.77307,-0.23511,0.33216,-0.81091
0.11836,0.64616,0.75396,-0.14979,0.29755,-0.62697
0.12588,0.66809,0.73335,-0.17085,0.21058,-0.57793
0.14534,0.69211,0.70701,-0.33887,-0.12246,-0.59766
0.17717,0.71405,0.67731,-0.40154,-0.24774,-0.40279
0.21959,0.72894,0.6484,-0.44397,-0.26263,-0.37388
0.27057,0.74041,0.6153,-0.45265,-0.41956,-0.38141
0.32833,0.75308,0.57015,-0.3288,-0.41183,-0.4763
0.37973,0.7633,0.52266,-0.36542,-0.45784,-0.5236
0.42188,0.76829,0.48141,-0.63167,-0.58337,-0.62835
0.45066,0.76801,0.45506,-0.7796,-0.71001,-0.73719
0.46357,0.76503,0.44703,-0.78934,-0.71383,-0.86531
0.4637,0.75854,0.45782,-0.43132,-0.27334,-1.05132
0.45395,0.74466,0.4893,-0.31543,0.18437,-1.44217
0.44081,0.73057,0.52149,-0.17265,0.60196,-1.78768
0.42252,0.73823,0.52583,-0.08514,1.77734,-1.94377
0.42237,0.75517,0.50132,-0.17951,2.14406,-1.41969
0.46356,0.75196,0.46869,0.12964,0.72147,-1.10249
0.51377,0.74092,0.43251,0.23763,-0.3886,-1.15784
0.54186,0.73554,0.40667,-0.66051,0.30725,-0.85682
0.51549,0.74797,0.41811,-1.98848,1.96805,-0.40624
0.47553,0.76848,0.42815,-2.58636,1.2312,-0.01104
0.48728,0.75098,0.44563,-1.2947,-0.3622,-0.6795
0.49926,0.72928,0.46786,-0.80349,-0.849,-0.93667
0.47459,0.70728,0.52395,-1.00759,-0.44161,0.15868
0.3802,0.66991,0.6377,-1.03869,-0.13741,0.04587
0.2848,0.61951,0.73151,-1.0021,0.07172,-0.28481
0.18566,0.5729,0.79832,-0.42514,0.52187,-0.89665
0.10233,0.52964,0.84203,-0.3186,0.42251,-0.53054
0.05369,0.48039,0.87541,-0.23852,0.53618,-0.08914
0.04409,0.45229,0.89078,0.23028,0.69582,-0.32681
0.07105,0.44245,0.89397,0.34079,0.49441,-0.81193
0.09171,0.42874,0.89876,0.05383,0.4966,-0.90871
0.09457,0.40895,0.90765,-0.12982,0.52529,-1.07424
0.08829,0.38719,0.91776,-0.20781,0.47795,-0.99151
0.07694,0.37045,0.92566,-0.24465,0.46837,-0.94655
0.06131,0.355,0.93285,-0.31531,0.48118,-0.9557
0.04575,0.33781,0.9401,-0.23589,0.54467,-0.85984
0.03975,0.32257,0.94571,-0.05506,0.61868,-0.81207
0.05009,0.31363,0.94822,0.23587,0.71463,-0.9033
0.06667,0.30924,0.94865,0.43664,0.89744,-0.91788
0.07061,0.30437,0.94994,0.39425,0.96829,-0.88992
0.06732,0.30185,0.95098,0.1053,0.98709,-0.84239
0.06721,0.30027,0.95148,0.03478,0.97005,-1.01038
0.06578,0.30485,0.95012,-0.1017,0.91271,-1.18156
0.06646,0.32457,0.94352,-0.32362,1.1058,-1.07643
0.07086,0.35879,0.93073,-0.38682,1.03918,-0.85957
0.06755,0.40738,0.91076,-0.38351,0.99059,-0.83961
0.06317,0.45449,0.88851,-0.8172,1.02633,-0.80027
0.05886,0.4949,0.86695,-0.91616,1.39157,-0.64444
0.03926,0.52483,0.8503,-0.89656,1.36165,-0.62778
0.00969,0.55099,0.83446,-1.04523,0.98474,-0.99498
-0.01173,0.5734,0.8192,-0.55373,0.62434,-0.92717
-0.01086,0.60121,0.79902,-0.4046,0.47331,-0.89841
-0.00247,0.63522,0.77233,-0.00331,0.36143,-0.74009
0.0053,0.66848,0.74371,-0.20787,0.08252,-0.65607
0.02315,0.69905,0.7147,-0.28804,-0.03367,-0.57456
0.05392,0.72662,0.68492,-0.36665,-0.21665,-0.49349
0.10103,0.74817,0.65577,-0.26848,-0.27902,-0.42195
0.16012,0.77,0.61763,-0.32757,-0.30085,-0.3838
0.21774,0.79247,0.56972,-0.2012,-0.32564,-0.46561
0.26933,0.81034,0.52039,-0.40264,-0.60955,-0.63119
0.30872,0.8201,0.4818,-0.54723,-0.70509,-0.63749
0.33041,0.82288,0.46228,-0.61187,-0.91426,-0.82982
0.33591,0.82094,0.46176,-0.50687,-0.90999,-0.97081
0.33178,0.80964,0.48415,-0.3215,-0.65452,-1.01567
0.32176,0.78437,0.53031,-0.15245,-0.14979,-1.3639
0.30874,0.75957,0.57248,0.0867,0.65694,-2.07009
0.2875,0.76275,0.57927,-0.2031,2.25724,-2.09705
0.2961,0.77259,0.56163,-0.32317,2.00991,-1.25907
0.34644,0.7725,0.53218,0.37062,-0.22612,-1.25195
0.39944,0.77143,0.49533,-0.02989,-0.25989,-0.94725
0.4177,0.7663,0.48817,-1.41713,1.253,-0.8778
0.37904,0.77246,0.50955,-2.00648,1.36299,-0.02821
0.33791,0.78492,0.51934,-2.1906,1.04401,-0.20174
0.34182,0.77406,0.53291,-0.85506,-0.56541,-1.10349
0.34,0.76377,0.54869,-0.72148,-0.54613,-0.4138
0.30718,0.7309,0.60945,-0.64631,-0.56016,-0.04815
0.20351,0.67332,0.71079,-0.77524,-0.17918,-0.03949
0.10465,0.60975,0.78565,-0.77625,0.20829,-0.91553
0.01364,0.55304,0.83304,-0.1875,0.58018,-0.97927
-0.05618,0.50179,0.86317,-0.18175,0.53468,-0.45635
-0.08655,0.45446,0.88655,-0.16841,0.58352,-0.19763
-0.0664,0.43594,0.89752,0.14143,0.7102,-0.26561
-0.01976,0.42211,0.90633,0.35726,0.22119,-0.92775
0.00103,0.40651,0.91365,-0.0374,0.37927,-0.98484
0.00718,0.38508,0.92285,-0.13294,0.43338,-1.06075
0.00905,0.36562,0.93072,-0.2213,0.44667,-0.99078
0.00231,0.34968,0.93686,-0.23949,0.46872,-0.96068
-0.01191,0.33271,0.94295,-0.18268,0.51551,-0.89075
-0.02751,0.31276,0.94944,-0.1093,0.63584,-0.91983
-0.03348,0.29487,0.95495,0.0547,0.70776,-0.92483
-0.03559,0.28272,0.95854,0.15733,0.76576,-0.91478
-0.0415,0.2744,0.96072,0.33525,0.98834,-0.81366
-0.04927,0.26895,0.96189,0.31556,1.12015,-0.65217
-0.05168,0.26742,0.96219,0.30638,1.11017,-0.72204
-0.05047,0.26659,0.96249,0.20205,1.00466,-1.17303
-0.05062,0.27606,0.95981,0.09594,1.01803,-1.14184
-0.04566,0.3015,0.95237,-0.00105,1.13351,-1.1463
-0.04245,0.34517,0.93758,-0.298,1.19704,-1.08219
-0.04197,0.39703,0.91684,-0.6859,0.93799,-0.74292
-0.0421,0.4505,0.89178,-0.68578,0.88452,-0.71786
-0.04876,0.49635,0.86675,-0.80618,1.30768,-0.64533
-0.0701,0.53292,0.84326,-0.9059,1.07559,-0.9313
-0.09316,0.56532,0.81959,-0.88284,1.04318,-0.90763
-0.1038,0.59662,0.79578,-0.50614,0.61754,-1.00437
-0.10194,0.62835,0.77123,-0.02859,0.25977,-0.80116
-0.09734,0.65798,0.74672,0.10649,0.13957,-0.61848
-0.09115,0.68581,0.72205,0.07176,0.0265,-0.58364
-0.07839,0.71421,0.69553,-0.09317,-0.23467,-0.61598
-0.0517,0.74171,0.66872,-0.15632,-0.28191,-0.56598
-0.00316,0.76966,0.63845,-0.19246,-0.31652,-0.47933
0.05429,0.79794,0.60029,-0.08006,-0.37777,-0.44161
0.10669,0.82189,0.55956,-0.13246,-0.40172,-0.40089
0.15122,0.83841,0.52364,-0.30056,-0.6303,-0.67248
0.18432,0.84661,0.49928,-0.4333,-0.74528,-0.75315
0.20061,0.84723,0.49188,-0.46033,-0.7954,-0.83855
0.20288,0.84016,0.50296,-0.30911,-0.70673,-1.01559
0.19747,0.81891,0.53888,-0.12685,-0.41431,-1.24899
0.18984,0.78404,0.59096,-0.02366,-0.09494,-1.62781
0.17831,0.76236,0.6221,0.31881,1.63433,-2.20698
0.16154,0.76963,0.61772,-0.09155,2.42249,-1.53619
0.18701,0.78134,0.59542,-0.11702,2.41078,-1.51389
0.24649,0.78657,0.56617,0.20992,-0.31621,-1.32111
0.30446,0.78972,0.53259,0.01321,-0.58873,-0.97759
0.32725,0.78341,0.52838,-0.59432,-0.16883,-0.93328
0.28454,0.78191,0.55466,-1.95315,1.63624,-0.22912
0.21394,0.79523,0.56731,-2.19642,1.03448,-0.50191
0.20564,0.78514,0.58418,-1.23856,0.2877,-0.65345
0.20543,0.76054,0.61593,-0.34205,-0.60159,-0.65332
0.17356,0.71917,0.67281,-0.36056,-0.53796,-0.10591
0.10388,0.65698,0.74672,-0.45099,-0.3361,-0.06386
0.00244,0.58711,0.8095,-0.64514,0.0719,-0.81616
-0.08595,0.5269,0.84557,-0.1952,0.37219,-1.0188
-0.15018,0.47673,0.86613,-0.08539,0.54474,-0.86013
-0.18191,0.4273,0.88562,-0.09171,0.60554,-0.08621
-0.18103,0.40137,0.89785,0.59543,0.60936,-0.83098
-0.14914,0.37857,0.91348,0.56354,0.63216,-0.84661
-0.13518,0.35973,0.92321,0.17397,0.4172,-0.97077
-0.14,0.33824,0.93059,-0.06433,0.53571,-0.96603
-0.14673,0.31344,0.9382,-0.0576,0.5605,-0.97365
-0.15635,0.29101,0.94386,-0.04294,0.58793,-0.91583
-0.17258,0.26954,0.9474,-0.0134,0.62522,-0.91328
-0.19011,0.24641,0.95034,0.02663,0.65725,-0.88625
-0.19711,0.22562,0.95407,0.19288,0.71887,-0.84333
-0.18565,0.21254,0.95935,0.59631,0.96461,-1.00925
-0.17316,0.20251,0.96385,0.58382,0.97465,-1.01375
-0.1743,0.19633,0.96492,0.55775,1.26106,-0.72975
-0.1747,0.19376,0.96537,0.38114,1.14694,-1.22928
-0.17522,0.19445,0.96514,0.30304,1.06421,-1.34113
-0.1772,0.21101,0.96129,0.12307,1.03225,-1.06229
-0.17196,0.24587,0.95393,-0.21352,1.32642,-0.76649
-0.16614,0.28975,0.94257,-0.3098,1.26379,-0.91555
-0.17025,0.34105,0.9245,-0.46802,1.04184,-0.87945
-0.17077,0.39912,0.90085,-0.70804,1.31569,-0.80132
-0.1798,0.45309,0.87314,-0.68118,1.34251,-0.69448
-0.209,0.49459,0.84363,-0.81427,1.19279,-0.85385
-0.23999,0.52684,0.81538,-0.6881,0.82638,-0.94061
-0.25283,0.56149,0.78791,-0.42295,0.57929,-0.79945
-0.24925,0.60274,0.75801,0.16841,0.27811,-0.70398
-0.24013,0.64451,0.72591,0.22083,0.17904,-0.53307
-0.22632,0.68364,0.69384,0.21486,0.058,-0.59213
-0.2066,0.71857,0.66405,0.03771,-0.20128,-0.65856
-0.1777,0.74566,0.64219,-0.08386,-0.2911,-0.42639
-0.13302,0.77025,0.62372,-0.07125,-0.30585,-0.37436
-0.08016,0.79701,0.59862,0.08893,-0.30403,-0.4323
-0.0278,0.82153,0.56949,0.00926,-0.47235,-0.59291
0.01962,0.83964,0.54279,-0.11636,-0.57492,-0.61881
0.05529,0.84847,0.52634,-0.2918,-0.85264,-0.88336
0.0757,0.8486,0.5236,-0.24513,-0.85273,-1.03695
0.08573,0.83824,0.53852,-0.15086,-0.80627,-1.11623
0.08493,0.8095,0.58094,0.04892,-0.31004,-1.43873
0.079,0.77141,0.63141,0.27361,0.4891,-2.2143
0.06262,0.76072,0.64606,0.27775,1.20303,-2.35618
0.05712,0.77419,0.63037,-0.29636,2.13698,-1.47401
0.09813,0.78537,0.6112,0.25872,0.37012,-1.24737
0.15279,0.79347,0.58913,0.40575,-0.26402,-1.18623
0.1801,0.80221,0.56922,-0.84161,0.85706,-1.33131
0.1522,0.80152,0.57828,-1.49264,1.68351,-0.3502
0.11299,0.80666,0.58012,-1.65318,1.17023,0.05855
0.11418,0.79489,0.59592,-0.66388,-0.57627,-0.93624
0.11199,0.77614,0.62053,-0.50478,-0.53252,-0.98106
0.0738,0.74256,0.6657,-0.48754,-0.42009,-0.4715
0.00126,0.67689,0.73608,-0.52523,-0.18454,0.01714
-0.10096,0.6075,0.78787,-0.50258,0.0753,-0.60524
-0.18367,0.54761,0.81633,-0.29188,0.22885,-1.08799
-0.25354,0.49686,0.82997,0.11122,0.52949,-0.71341
-0.29703,0.43637,0.84933,0.08711,0.57347,-0.23484
-0.31598,0.39395,0.86311,0.27743,0.75533,-0.192
-0.29435,0.37399,0.87948,0.61411,0.54204,-0.66346
-0.26695,0.35446,0.89616,0.23011,0.42468,-0.94886
-0.26022,0.33219,0.90661,0.22339,0.44695,-0.95931
-0.26432,0.30646,0.91445,0.03382,0.59709,-1.05427
-0.27084,0.28388,0.91981,0.04115,0.55763,-0.95842
-0.28151,0.26285,0.92286,0.08441,0.57085,-0.95347
-0.29621,0.2397,0.92456,0.17287,0.6203,-0.88052
-0.30747,0.21543,0.92685,0.26456,0.73654,-0.79683
-0.30464,0.19603,0.93208,0.41313,0.85849,-0.79756
-0.29126,0.18117,0.93933,0.6056,1.0294,-0.96515
-0.28245,0.17217,0.94371,0.68017,1.16155,-0.90292
-0.2874,0.16815,0.94293,0.50359,1.17876,-0.66959
-0.28911,0.16458,0.94304,0.39374,1.06046,-0.98449
-0.28962,0.16658,0.94254,0.30094,0.97919,-1.1758
-0.28958,0.18338,0.93942,0.22592,1.07469,-0.9947
-0.28578,0.21723,0.93335,-0.05137,1.32945,-0.84016
-0.28218,0.26526,0.92196,-0.14938,1.21618,-1.15629
-0.29315,0.32847,0.89787,-0.24215,1.12408,-1.1604
-0.30589,0.38945,0.86877,-0.52931,1.30684,-0.51823
-0.32344,0.4431,0.83609,-0.70891,1.2714,-0.7059
-0.34676,0.48354,0.80371,-0.74205,1.12974,-0.81185
-0.37236,0.51699,0.77076,-0.15908,0.66633,-0.79661
-0.38035,0.55117,0.74266,0.26286,0.57603,-0.71277
-0.37315,0.59162,0.71467,0.49891,0.5388,-0.7156
-0.36244,0.63477,0.68242,0.29884,0.27442,-0.58222
-0.33979,0.67746,0.65237,0.16708,-0.03571,-0.66047
-0.30947,0.71536,0.62648,0.00144,-0.21817,-0.50084
-0.26701,0.74599,0.61009,-0.02887,-0.37361,-0.37793
-0.21237,0.77424,0.59619,0.03917,-0.43637,-0.34369
-0.15763,0.80284,0.57498,0.02691,-0.44652,-0.43652
-0.10976,0.82674,0.55177,-0.07247,-0.54467,-0.71659
-0.07241,0.84164,0.53516,-0.17876,-0.59275,-0.71497
-0.05017,0.84779,0.52796,-0.25339,-0.66123,-0.78759
-0.04233,0.8458,0.53182,-0.10345,-0.71341,-0.94361
-0.04406,0.83247,0.55231,0.03057,-0.57504,-0.96988
-0.05171,0.8026,0.59428,0.1143,-0.38094,-1.13715
-0.05784,0.76302,0.64379,0.56045,0.56511,-1.93215
-0.07456,0.74245,0.66574,0.51935,1.68707,-2.14644
-0.083,0.74949,0.65679,0.29842,2.05569,-1.9189
-0.0488,0.76421,0.64312,0.46851,0.67569,-1.38751
0.00226,0.7779,0.62839,0.53471,-0.4061,-1.07432
0.04417,0.78469,0.61831,0.01845,-0.10116,-0.96737
0.04497,0.77095,0.6353,-1.06763,1.37803,-0.74596
0.00109,0.75464,0.65614,-1.6249,1.39673,-0.03631
-0.02026,0.75089,0.66011,-1.09622,0.21082,-0.7514
-0.01134,0.74937,0.66205,-0.48279,-0.59112,-1.32711
-0.01469,0.74066,0.67172,-0.42847,-0.50755,-0.59526
-0.05311,0.70146,0.71073,-0.3887,-0.54786,-0.29511
-0.12685,0.63509,0.76195,-0.45201,-0.09154,-0.26165
-0.22946,0.56108,0.79532,-0.47246,0.2496,-0.67505
-0.32066,0.48884,0.8113,0.00688,0.5616,-0.79878
-0.36456,0.42307,0.82952,0.18428,0.63024,-0.36413
-0.38491,0.37256,0.84442,0.48216,0.69072,-0.23069
-0.38101,0.33847,0.86039,0.71094,0.78262,-0.32728
-0.35508,0.31779,0.87916,0.77542,0.6721,-0.58804
-0.33214,0.30325,0.89315,0.05372,0.51878,-1.06291
-0.32376,0.28249,0.90298,-0.01971,0.56869,-1.13074
-0.33222,0.25742,0.90739,0.05468,0.5987,-1.0338
-0.34657,0.23516,0.90807,0.13257,0.65267,-0.87812
-0.35943,0.2137,0.90837,0.19374,0.69017,-0.78759
-0.36818,0.19015,0.9101,0.31272,0.79843,-0.79412
-0.3662,0.16741,0.91535,0.52139,0.86506,-0.89106
-0.35635,0.15044,0.92216,0.66137,0.91879,-0.90872
-0.34657,0.13904,0.92766,0.74339,1.17075,-0.86647
-0.34396,0.13164,0.92971,0.52432,1.20856,-0.78117
-0.3459,0.12892,0.92937,0.45297,1.1703,-0.83872
-0.34552,0.12951,0.92943,0.26202,1.05009,-1.19536
-0.3432,0.13997,0.92878,0.16776,1.09689,-1.12973
-0.3422,0.16544,0.92495,0.22233,1.17193,-0.94794
-0.33972,0.20784,0.91727,-0.02547,1.23344,-0.77479
-0.34157,0.26486,0.90176,-0.0377,0.99419,-1.1032
-0.35207,0.33647,0.8734,-0.07607,1.00993,-1.13949
-0.36574,0.3961,0.84222,-0.29074,1.35735,-0.4772
-0.38904,0.44126,0.80867,-0.58111,1.35292,-0.70587
-0.42292,0.47561,0.77132,-0.73474,1.08303,-0.7952
-0.43697,0.50463,0.74458,-0.19514,0.69744,-0.73247
-0.41708,0.55324,0.72109,0.5106,0.71553,-0.77381
-0.39536,0.60687,0.68949,0.54214,0.59316,-0.75567
-0.3762,0.65323,0.65709,0.13409,0.01637,-0.58516
-0.35024,0.69505,0.62788,0.01485,-0.19875,-0.55514
-0.31306,0.73252,0.60449,-0.01049,-0.25778,-0.54107
-0.26629,0.76306,0.58893,0.13814,-0.32362,-0.32538
-0.21732,0.79071,0.57232,0.16394,-0.42778,-0.36499
-0.16968,0.81731,0.55065,0.1131,-0.48614,-0.42283
-0.12552,0.83748,0.53186,-0.10711,-0.56209,-0.5836
-0.09047,0.84631,0.52495,-0.21622,-0.7545,-0.72266
-0.06738,0.844,0.53209,-0.18329,-0.83814,-0.82648
-0.05831,0.83082,0.55348,0.03839,-0.69951,-1.06422
-0.06147,0.80135,0.59503,0.15816,-0.37996,-1.18034
-0.07242,0.76156,0.64404,0.21777,-0.13114,-1.41591
-0.08783,0.74027,0.66654,0.29213,1.35914,-2.19987
-0.09232,0.7493,0.65576,0.05779,2.2973,-1.88047
-0.05723,0.77232,0.63265,0.55523,1.10575,-1.33619
-0.00889,0.79036,0.61258,0.64355,-0.19493,-1.16638
0.03732,0.80231,0.59574,0.63257,-0.55613,-0.97135
0.04505,0.79799,0.60098,-0.67335,0.70607,-0.94723
0.0091,0.78448,0.62009,-1.42618,1.52352,-0.18079
-0.02589,0.78352,0.62083,-1.68599,0.89368,-0.52683
-0.02181,0.78621,0.61758,-0.69993,-0.17123,-1.24594
-0.02467,0.77669,0.62941,-0.37152,-0.36462,-0.40773
-0.05744,0.73051,0.68048,-0.22522,-0.31805,-0.00488
-0.13758,0.65722,0.74103,-0.37245,-0.19677,-0.09559
-0.22711,0.58408,0.77928,-0.37874,0.16459,-1.07292
-0.31632,0.52608,0.78942,-0.04837,0.30884,-0.74174
-0.39901,0.46346,0.7912,-0.05873,0.32991,-0.51538
-0.41409,0.40947,0.81294,0.26453,0.82465,0.1399
-0.37345,0.39324,0.84018,1.0183,0.60738,-0.79649
-0.31797,0.37129,0.87238,1.09379,0.37485,-1.0433
-0.2934,0.35299,0.88843,0.30398,0.50999,-0.9463
-0.27849,0.33192,0.90126,0.0845,0.44515,-0.9784
-0.27439,0.31094,0.90996,-0.03576,0.45156,-0.95746
-0.28237,0.29378,0.91322,-0.27576,0.4379,-0.96262
-0.29208,0.27351,0.91645,-0.21564,0.46416,-0.99403
-0.29924,0.25248,0.92017,-0.09375,0.57142,-0.98227
-0.3052,0.22864,0.92443,0.39002,0.86413,-0.84814
-0.3049,0.20458,0.93015,0.67269,0.89174,-0.93201
-0.30367,0.18515,0.93461,0.8261,1.01151,-0.99907
-0.3089,0.17183,0.93545,0.78137,1.23502,-0.66784
-0.31024,0.16818,0.93566,0.56824,1.15564,-0.71829
-0.30465,0.16755,0.93761,0.45921,1.11142,-0.97216
-0.29918,0.17435,0.93813,0.32006,1.08258,-1.16962
-0.2931,0.2008,0.93476,0.15554,1.36734,-0.74338
-0.28099,0.24232,0.92862,0.05264,1.39245,-0.67018
-0.27377,0.29721,0.91472,-0.20158,1.12098,-0.73392
-0.26639,0.35297,0.89691,-0.64832,1.18362,-0.54038
-0.25054,0.40762,0.87811,-0.67691,1.36739,-0.63754
-0.25596,0.44619,0.85755,-0.71074,1.24897,-0.8522
-0.28054,0.47778,0.83248,-0.62415,0.94906,-1.05979
-0.30721,0.51199,0.80218,-0.36873,0.78544,-1.01378
-0.32288,0.54669,0.77258,-0.17001,0.4739,-0.75891
-0.31233,0.58078,0.75176,0.22192,0.29895,-0.55294
-0.28355,0.62524,0.7271,0.2563,0.25695,-0.54879
-0.24452,0.67332,0.69774,0.13368,0.086,-0.66004
-0.19775,0.71693,0.66851,-0.03423,-0.10972,-0.45276
-0.13936,0.75584,0.63975,-0.14473,-0.18622,-0.3512
-0.0751,0.79071,0.60756,-0.15581,-0.35485,-0.37564
-0.01613,0.8196,0.5727,-0.13505,-0.50195,-0.52202
0.03482,0.84184,0.5386,-0.24868,-0.60425,-0.65597
0.07649,0.85592,0.51141,-0.40741,-0.66891,-0.62869
0.10341,0.86191,0.49641,-0.42185,-0.76193,-0.68169
0.11536,0.86101,0.49532,-0.33082,-0.8391,-0.81378
0.11967,0.85162,0.51032,-0.12261,-0.75833,-0.88826
0.12252,0.8287,0.54612,0.06659,-0.41407,-1.29455
0.12745,0.79827,0.58866,0.17278,-0.11697,-1.6866
0.11442,0.78958,0.60288,0.41224,1.29741,-2.2804
0.09936,0.79837,0.59392,-0.4098,2.10985,-1.62258
0.13289,0.8076,0.57457,-0.2957,1.02859,-1.39824
0.19153,0.81249,0.55062,0.25191,-0.26836,-1.27909
0.23679,0.8193,0.52218,-0.07679,-0.23405,-1.31448
0.24087,0.81669,0.5244,-0.48043,0.42336,-1.40772
0.19176,0.82474,0.53201,-1.60735,0.96287,0.14602
0.15839,0.82687,0.53963,-1.34634,0.04418,-0.58113
0.16337,0.81404,0.55736,-0.94294,-0.39046,-0.88373
0.15185,0.78912,0.59517,-0.43947,-0.56604,-0.31816
0.09726,0.73547,0.67054,-0.43855,-0.3137,0.06777
0.02093,0.66169,0.74948,-0.45111,-0.17216,-0.04534
-0.07113,0.5909,0.8036,-0.32923,0.22906,-1.07173
-0.15711,0.53744,0.82854,0.00913,0.63489,-1.05045
-0.22566,0.48491,0.84495,0.02623,0.59482,-0.81968
-0.26177,0.43159,0.86326,0.15934,0.63093,-0.23356
-0.25933,0.40503,0.87676,0.6369,0.64995,-0.54993
-0.23674,0.38283,0.89297,0.6497,0.48361,-0.72965
-0.23116,0.35883,0.90433,0.07034,0.40032,-0.8447
-0.23719,0.33025,0.9136,-0.02164,0.45933,-0.96197
-0.24342,0.30102,0.92203,-0.03564,0.49993,-1.05232
-0.25111,0.2767,0.92757,0.00141,0.50863,-0.93373
-0.26,0.25509,0.9313,0.08619,0.56162,-0.95245
-0.26594,0.23283,0.93545,0.15085,0.60099,-0.95388
-0.27044,0.21127,0.93927,0.34324,0.80637,-0.78053
-0.26623,0.19411,0.94416,0.51042,0.9847,-0.90595
-0.26096,0.17978,0.94846,0.62213,1.14706,-0.96952
-0.27192,0.17159,0.9469,0.49779,1.29298,-0.70848
-0.28208,0.16666,0.9448,0.43711,1.22427,-0.88707
-0.28368,0.16589,0.94446,0.43172,1.13746,-1.06304
-0.28427,0.17744,0.94218,0.35059,1.11944,-1.1952
-0.28197,0.2083,0.93654,0.21146,1.31038,-0.96207
-0.27324,0.2602,0.92609,0.08217,1.31213,-1.05501
-0.27867,0.33146,0.90138,-0.19236,0.98014,-0.61593
-0.28572,0.38913,0.87575,-0.49297,0.90436,-0.41286
-0.29223,0.44111,0.84854,-0.57084,1.1014,-0.5073
-0.30832,0.48295,0.81957,-0.67525,1.33349,-0.86194
-0.32278,0.51391,0.7948,-0.30291,1.03176,-0.74594
-0.33697,0.5428,0.7693,0.20165,0.93049,-0.72282
-0.33735,0.57517,0.74523,0.24908,0.86062,-0.78433
-0.31623,0.61991,0.71813,0.12228,0.29668,-0.71676
-0.28307,0.66716,0.68904,0.00388,0.08437,-0.61881
-0.2401,0.71112,0.6608,-0.10316,-0.0665,-0.556
-0.18818,0.74876,0.63557,-0.15021,-0.4126,-0.34559
-0.12569,0.78023,0.61273,-0.11772,-0.48391,-0.32698
-0.06196,0.80815,0.58571,-0.10248,-0.53811,-0.35874
-0.00393,0.8329,0.55341,-0.16511,-0.59396,-0.64023
0.04316,0.85116,0.52313,-0.28167,-0.65772,-0.65466
0.07428,0.86127,0.50268,-0.37752,-0.7461,-0.65481
0.08826,0.86376,0.49612,-0.26647,-0.86328,-0.88832
0.08914,0.85885,0.5044,-0.17526,-0.80757,-0.94885
0.08794,0.84319,0.53037,0.07571,-0.45339,-1.14397
0.08914,0.81322,0.57509,0.15816,-0.18399,-1.44677
0.08817,0.78306,0.61566,0.58749,0.58109,-2.08635
0.06767,0.78146,0.62027,-0.28477,2.41224,-1.5675
0.0742,0.79467,0.60249,-0.34159,1.30946,-1.50953
0.12798,0.80139,0.58429,-0.07964,0.51058,-1.5154
0.19002,0.80586,0.56078,-0.03502,-0.25302,-1.70272
0.20435,0.81408,0.54362,-1.24423,1.75604,-1.18632
0.16252,0.8242,0.54248,-1.46587,1.97089,-0.40776
0.13802,0.83237,0.53675,-0.89066,-0.10679,0.13025
0.14078,0.8121,0.56629,-0.65629,-0.93825,-0.72851
0.1262,0.78112,0.61149,-0.63357,-0.79644,-0.9407
0.05055,0.72446,0.68746,-0.47773,-0.24528,0.09858
-0.03731,0.64559,0.76277,-0.54695,-0.05596,-0.12159
-0.137,0.57214,0.80864,-0.4657,0.09852,-0.62907
-0.22161,0.52714,0.82038,0.07581,0.59178,-1.07231
-0.28595,0.47549,0.83195,0.14397,0.56014,-0.57272
-0.31261,0.41435,0.85474,0.20508,0.7092,-0.23246
-0.31044,0.38818,0.86772,0.49159,0.56894,-0.39437
-0.28448,0.37211,0.88352,0.45347,0.44779,-0.78739
-0.26696,0.35066,0.89765,0.27567,0.45131,-0.77916
-0.25619,0.32819,0.90921,0.2042,0.48503,-0.8994
-0.24584,0.30307,0.92071,0.19248,0.54354,-1.01185
-0.24263,0.27993,0.92885,0.1888,0.55227,-0.99991
-0.24874,0.25917,0.93325,0.10216,0.59388,-0.93946
-0.25648,0.23711,0.93701,0.04835,0.72111,-0.89098
-0.25747,0.21597,0.94184,0.04913,0.8001,-0.88262
-0.25252,0.19866,0.94698,0.24297,0.93533,-0.92096
-0.24272,0.18548,0.9522,0.59093,1.10577,-0.84052
-0.23725,0.17674,0.95524,0.6052,1.19948,-0.77504
-0.23418,0.17509,0.9563,0.52036,1.2489,-0.83455
-0.23249,0.17326,0.95704,0.29507,1.09594,-1.20396
-0.2313,0.18095,0.95591,0.29388,1.08825,-1.20282
-0.22839,0.209,0.95087,0.01042,1.34152,-0.62939
-0.21919,0.25572,0.94158,-0.28696,1.21927,-0.93654
-0.21022,0.31181,0.9266,-0.30847,1.00361,-1.16755
-0.21268,0.38159,0.89953,-0.36372,0.89238,-1.35408
-0.2233,0.43982,0.86988,-0.58431,1.23422,-0.46044
-0.2498,0.489,0.83575,-0.65442,1.13163,-0.64776
-0.28015,0.52832,0.80149,-0.70818,1.02341,-0.75122
-0.28332,0.55081,0.78507,-0.16289,0.63904,-1.0725
-0.2788,0.59468,0.75407,0.11248,0.67054,-1.01526
-0.2797,0.63629,0.71895,0.45951,0.65387,-0.82
-0.25644,0.67398,0.69281,0.2184,0.13132,-0.7374
-0.21457,0.71412,0.66633,0.12552,0.0005,-0.71595
-0.16533,0.74833,0.64239,-0.02932,-0.29216,-0.37135
-0.1116,0.77623,0.6205,-0.12565,-0.56587,-0.26892
-0.05965,0.80346,0.59236,-0.14671,-0.69105,-0.31122
-0.01435,0.82779,0.56086,-0.20453,-0.69333,-0.54571
0.02565,0.84414,0.53551,-0.30344,-0.67294,-0.53458
0.05913,0.85311,0.51836,-0.3497,-0.65083,-0.50767
0.08166,0.85582,0.51079,-0.32121,-0.64436,-0.74879
0.09351,0.85227,0.51467,-0.16294,-0.57996,-1.02929
0.09862,0.83663,0.53882,-0.04603,-0.48673,-1.17156
0.0999,0.80694,0.58212,0.42125,0.26628,-2.0007
0.09196,0.78884,0.60767,0.49263,1.23256,-2.15261
0.07768,0.79635,0.59983,0.13161,1.70027,-1.8838
0.09618,0.81161,0.57623,-0.39035,0.97136,-1.50338
0.15017,0.8199,0.55247,0.01101,0.00222,-1.7602
0.18803,0.82756,0.52895,-0.60105,1.1804,-2.03786
0.17729,0.83569,0.51979,-0.93604,1.9582,-0.6702
0.16433,0.8445,0.50972,-0.53198,-0.17525,0.45861
0.16998,0.83289,0.52669,-0.70993,-0.86586,0.07262
0.17731,0.80719,0.56303,-0.84665,-1.15164,-0.87491
0.15194,0.78311,0.60304,-0.66336,-0.48942,-0.52235
-0.04158,0.71398,0.69893,-0.556,-0.04857,0.05453
-0.13148,0.63018,0.76523,-0.46416,0.09165,-0.10318
-0.21124,0.5703,0.79381,0.02475,0.40939,-0.76245
-0.25743,0.54262,0.79956,0.35397,0.79005,-1.05325
-0.27512,0.50872,0.81579,0.33701,0.74153,-0.87231
-0.28385,0.47297,0.8341,0.39895,0.27387,-0.78712
-0.29076,0.43841,0.85045,0.40585,0.30843,-0.80346
-0.28967,0.40651,0.86651,0.17528,0.34193,-0.36346
-0.27591,0.38166,0.88216,0.05819,0.45724,-0.50478
-0.25162,0.35853,0.89897,0.01597,0.45788,-0.72745
-0.22906,0.33407,0.91429,0.04124,0.55299,-1.28308
-0.21939,0.31336,0.92395,0.067,0.60132,-1.12469
-0.2272,0.29419,0.92835,0.07481,0.62048,-1.1291
-0.24864,0.27388,0.92907,-0.03563,0.76062,-0.73584
-0.26144,0.25046,0.93216,0.04008,0.8716,-0.78799
-0.25603,0.23071,0.93873,0.03467,0.89135,-0.79457
-0.23975,0.21625,0.94644,0.49229,1.01288,-1.05701
-0.23075,0.20842,0.95043,0.66036,1.11532,-0.67836
-0.22695,0.20695,0.95166,0.55016,1.12946,-0.6883
-0.21988,0.21109,0.95242,0.26531,1.24884,-0.77053
-0.20942,0.22785,0.95091,0.00355,1.354,-0.73345
-0.1944,0.25488,0.94723,-0.27307,1.37492,-0.82498
-0.1859,0.2925,0.93802,-0.48397,1.23455,-1.0074
-0.18847,0.3483,0.91824,-0.49152,1.06544,-1.06948
-0.19497,0.41398,0.88916,-0.63188,1.13221,-1.08237
-0.21072,0.46993,0.85718,-0.82884,0.91206,-0.8509
-0.24391,0.5092,0.82537,-0.6264,0.50435,-0.80878
-0.27586,0.54179,0.79396,-0.49657,0.3509,-0.73323
-0.2753,0.58983,0.75915,0.11048,0.29819,-0.68194
-0.25048,0.6552,0.71272,0.40865,0.28291,-0.78084
-0.21511,0.70257,0.67832,0.36216,0.16064,-0.83936
-0.17259,0.74414,0.64535,0.18485,-0.018,-0.64532
-0.12348,0.77833,0.61559,0.093,-0.19238,-0.48241
-0.07919,0.80644,0.58599,0.03806,-0.28938,-0.40123
-0.03725,0.82898,0.55804,-0.02351,-0.44072,-0.4433
0.00359,0.84659,0.53224,-0.19927,-0.44951,-0.49615
0.04542,0.85917,0.50967,-0.30673,-0.46824,-0.51631
0.08253,0.86591,0.49334,-0.43994,-0.60798,-0.64014
0.10751,0.86547,0.48928,-0.44504,-0.73519,-0.74751
0.12186,0.85904,0.49719,-0.37417,-0.72847,-0.82017
0.12953,0.84498,0.51888,0.05765,-0.45795,-1.11986
0.13254,0.82235,0.55333,0.18881,-0.25942,-1.36055
0.12825,0.80328,0.58163,0.50426,0.26231,-2.07483
0.11361,0.80189,0.58657,-0.17163,1.33162,-1.82837
0.12203,0.80991,0.57372,-0.48014,1.28529,-1.42439
0.1644,0.82512,0.54051,-0.42487,1.00744,-1.56562
0.19955,0.84042,0.50385,-0.99417,2.12227,-1.58295
0.20695,0.85687,0.47217,-0.97108,1.91555,-1.0999
0.22147,0.87064,0.43924,-0.1996,-0.65603,0.39253
0.24449,0.85326,0.46061,-0.54569,-1.64516,0.4614
0.26037,0.81706,0.51441,-1.13385,-1.24074,-0.90087
0.24925,0.78518,0.56689,-1.13513,-0.44319,-1.10906
0.16232,0.74111,0.65147,-0.88707,0.10841,-0.11481
0.02324,0.67309,0.7392,-0.8679,0.16131,0.02087
-0.09195,0.60364,0.79194,-0.4612,0.37287,-0.50523
-0.16225,0.55506,0.81583,0.28009,0.76772,-0.9477
-0.18436,0.52505,0.83087,1.96831,1.67004,-0.54301
-0.18322,0.51211,0.83915,1.68154,0.8012,-0.6002
-0.20783,0.49639,0.84285,0.20963,0.64702,-0.6688
-0.2009,0.45834,0.86577,-0.88931,-0.39421,-0.53515
-0.16676,0.43795,0.8834,-0.78603,-0.29203,-0.61087
-0.13388,0.42613,0.8947,-0.76201,-0.04617,-0.8445
-0.0958,0.41143,0.90639,0.15499,0.70904,-1.52632
-0.07484,0.39454,0.91582,0.36573,0.74491,-1.49846
-0.10064,0.36646,0.92497,0.36744,0.67166,-1.32782
-0.14607,0.33861,0.92952,-0.07128,0.57676,-0.61119
-0.18339,0.31863,0.92997,-0.05399,0.64452,-0.5705
-0.19347,0.30689,0.93187,-0.03614,0.77151,-0.57332
-0.17801,0.28967,0.94043,0.38421,1.03632,-1.06532
-0.15377,0.26934,0.95069,0.66945,1.00817,-1.06837
-0.1387,0.26262,0.95488,0.60519,1.05625,-0.825
-0.12939,0.26672,0.95505,0.38374,1.18259,-0.89284
-0.11958,0.27914,0.95278,0.28859,1.23543,-0.88936
-0.11305,0.306,0.94529,-0.17242,1.33194,-0.59059
-0.10151,0.34024,0.93485,-0.32534,1.13663,-0.9646
-0.09109,0.38071,0.9202,-0.36952,0.91234,-1.10634
-0.08643,0.443,0.89235,-0.82608,1.22688,-1.11223
-0.08903,0.50226,0.86012,-1.01402,1.25752,-0.86594
-0.11687,0.54283,0.83167,-0.98251,1.07257,-0.79319
-0.14893,0.57356,0.80551,-0.47911,0.45535,-0.77162
-0.15232,0.6036,0.7826,-0.18218,0.32836,-0.66464
-0.13677,0.64659,0.75047,0.02931,0.25575,-0.71266
-0.12218,0.68881,0.71457,0.14427,0.19509,-0.72164
-0.09985,0.72096,0.68575,0.07613,0.08875,-0.76061
-0.06882,0.74569,0.66273,-0.06509,0.0306,-0.64641
-0.01828,0.76598,0.6426,-0.23434,-0.19865,-0.38615
0.04282,0.78764,0.61465,-0.19854,-0.33876,-0.39512
0.10566,0.81,0.57683,-0.24049,-0.38427,-0.40742
0.16387,0.82869,0.53519,-0.30547,-0.52121,-0.49779
0.21106,0.84046,0.49908,-0.4972,-0.61951,-0.53861
0.24466,0.84411,0.47709,-0.54246,-0.74194,-0.6676
0.26398,0.84115,0.47199,-0.41069,-0.82489,-0.89282
0.27035,0.83224,0.48404,-0.19942,-0.64939,-1.05971
0.27075,0.81259,0.51613,0.0002,-0.35573,-1.28476
0.26752,0.78504,0.5587,0.12419,-0.07843,-1.49915
0.25686,0.77053,0.58336,0.36266,1.10342,-2.06395
0.24487,0.77938,0.57672,0.08435,1.55671,-1.888
0.26783,0.7915,0.54936,-0.1355,1.08832,-1.397
0.31606,0.7923,0.52188,0.29557,-0.22294,-1.2805
0.35291,0.79214,0.49796,0.33863,-0.40181,-1.273
0.34483,0.79038,0.50634,-1.38612,1.77558,-0.86772
0.30271,0.79693,0.52276,-1.90261,1.25271,0.22599
0.29621,0.78804,0.53968,-1.08103,-0.07184,-0.34664
0.30411,0.77664,0.55168,-0.78615,-0.57907,-1.14003
0.29237,0.7561,0.58552,-0.6849,-0.55984,0.03877
0.24308,0.70543,0.66579,-0.70679,-0.44077,-0.02539
0.16455,0.64643,0.74501,-0.74066,-0.22682,-0.30936
0.07526,0.59723,0.79853,-0.52703,0.19009,-1.02515
0.00046,0.55733,0.83029,-0.12779,0.52525,-1.00371
-0.05013,0.5112,0.858,-0.26958,0.47637,-0.4726
-0.05706,0.47919,0.87586,-0.15507,0.52472,0.03552
-0.01139,0.47268,0.88116,0.30954,0.48259,-0.7123
0.03277,0.45543,0.88967,0.16074,0.3316,-0.88735
0.0465,0.43281,0.90028,-0.07206,0.38559,-1.16238
0.0512,0.412,0.90974,-0.17171,0.51439,-1.28882
0.04449,0.3939,0.91807,-0.23826,0.47737,-0.89866
0.0212,0.37422,0.9271,-0.26786,0.47251,-0.70815
-0.00149,0.35314,0.93557,-0.26019,0.52413,-0.71781
-0.00659,0.3337,0.94265,-0.12464,0.77441,-0.98588
0.00285,0.31833,0.94798,0.12679,0.80623,-1.00958
0.01363,0.30696,0.95163,0.25393,0.81296,-0.91232
0.02323,0.30116,0.95329,0.40034,1.03793,-0.79841
0.02787,0.301,0.95322,0.18418,1.13653,-0.90035
0.02438,0.29721,0.9545,0.12004,1.09437,-1.02171
0.02306,0.29842,0.95416,-0.04061,1.03218,-1.02763
0.02551,0.31892,0.94744,-0.24963,1.23905,-0.76259
0.03536,0.35076,0.9358,-0.37113,1.11507,-0.94834
0.04148,0.39695,0.9169,-0.36673,0.91201,-1.09073
0.04116,0.45841,0.88779,-0.64574,1.06442,-0.93459
0.03504,0.51128,0.8587,-0.77054,1.1506,-0.69319
0.0084,0.55396,0.8325,-0.90324,1.14663,-0.75755
-0.02916,0.58467,0.81074,-0.93043,0.841,-0.75789
-0.048,0.60684,0.79337,-0.82468,0.61351,-0.76148
-0.02764,0.63582,0.77134,-0.10368,0.48142,-0.99344
-0.00691,0.67363,0.73904,0.07397,0.38352,-0.83767
0.01279,0.70215,0.71191,0.0441,0.21035,-0.54989
0.03891,0.72503,0.68761,-0.23982,-0.08906,-0.52904
0.07321,0.74361,0.66459,-0.31744,-0.20861,-0.36328
0.12186,0.75911,0.63945,-0.36746,-0.31017,-0.35788
0.17811,0.77427,0.60727,-0.3456,-0.44584,-0.44458
0.23412,0.78844,0.56881,-0.39617,-0.5105,-0.58119
0.28482,0.79789,0.53127,-0.47493,-0.59936,-0.54314
0.32394,0.8034,0.49961,-0.55444,-0.67105,-0.56348
0.34741,0.80559,0.47992,-0.59236,-0.80265,-0.75664
0.35445,0.80473,0.47621,-0.53191,-0.78018,-0.86971
0.35353,0.7972,0.48938,-0.23855,-0.50141,-1.09206
0.34938,0.77868,0.52115,-0.01565,-0.14779,-1.38223
0.34452,0.75799,0.55386,0.34333,0.58463,-2.04073
0.33012,0.76035,0.55937,0.05365,1.65748,-1.8314
0.33426,0.77784,0.53221,-0.35339,2.0158,-1.37863
0.38014,0.78283,0.49261,-0.10306,0.72742,-1.30636
0.42335,0.7889,0.44544,-0.64758,1.34057,-1.77192
0.43017,0.80495,0.40868,-1.60503,2.5396,-1.16707
0.43952,0.81295,0.38201,-0.9507,-0.15293,0.09039
0.45743,0.79056,0.40716,-0.85274,-1.47136,0.44494
0.47671,0.75456,0.45099,-1.31219,-1.17056,-0.89062
0.4628,0.73379,0.49735,-1.17125,-0.36503,-0.89211
0.38356,0.70319,0.59867,-0.95707,0.21607,0.09553
0.27272,0.65471,0.70496,-0.9388,0.19284,0.09217
0.17571,0.60232,0.77867,-0.68385,0.39258,-0.30187
0.1097,0.5658,0.81721,0.13213,0.64444,-0.97324
0.06777,0.54802,0.83371,0.24351,0.52663,-1.03083
0.04825,0.52497,0.84975,0.21113,0.39944,-0.92478
0.03737,0.49687,0.86702,-0.09865,0.22797,-0.44438
0.02699,0.47023,0.88213,-0.26748,0.31937,-0.33428
0.0281,0.44936,0.89291,-0.32603,0.46096,-0.71556
0.04276,0.42751,0.903,-0.17287,0.47842,-1.14221
0.05657,0.4064,0.91194,-0.05032,0.54622,-1.35025
0.0514,0.38636,0.92091,-0.14549,0.55718,-1.02675
0.02712,0.36501,0.93061,-0.24354,0.49397,-0.68659
0.00019,0.34239,0.93956,-0.25522,0.52464,-0.70994
-0.01288,0.32192,0.94668,-0.13866,0.69864,-0.87811
-0.01008,0.3057,0.95207,0.0367,0.83706,-1.0193
0.00445,0.29254,0.95624,0.26036,0.91608,-1.00164
0.02333,0.28361,0.95866,0.35681,0.96435,-0.95542
0.03484,0.27953,0.95951,0.38216,1.06761,-0.77684
0.03615,0.27803,0.95989,0.14927,1.11292,-0.95852
0.03987,0.27723,0.95998,0.07433,1.0686,-1.10512
0.03937,0.28944,0.95639,-0.2256,1.17211,-0.86976
0.03617,0.32064,0.94651,-0.45891,1.2001,-0.61437
0.04191,0.35911,0.93235,-0.5297,1.09967,-0.73609
0.04879,0.40671,0.91225,-0.50766,0.90061,-1.22884
0.04634,0.46803,0.8825,-0.80893,1.2609,-0.8735
0.02757,0.51479,0.85687,-0.98984,1.22543,-0.69322
-0.00684,0.54974,0.83531,-1.01242,1.15904,-0.75714
-0.0405,0.57922,0.81416,-0.83514,0.62384,-0.61601
-0.03161,0.61445,0.78832,-0.71946,0.50965,-0.46731
-0.00057,0.7279,0.68568,0.09522,0.26583,-0.79791
0.02934,0.7751,0.63116,0.15581,0.17184,-0.6701
0.06002,0.80318,0.59271,0.10229,0.02029,-0.6779
0.09421,0.82405,0.55863,-0.17273,-0.24174,-0.3912
0.13539,0.8383,0.52814,-0.28883,-0.42515,-0.20352
0.18112,0.8522,0.49088,-0.2837,-0.54722,-0.25618
0.22245,0.86487,0.45002,-0.27134,-0.60048,-0.39673
0.26101,0.87233,0.41341,-0.45653,-0.65105,-0.51104
0.29193,0.87441,0.38753,-0.52449,-0.71276,-0.53209
0.30901,0.87348,0.37622,-0.58759,-0.82865,-0.64749
0.31031,0.87116,0.38051,-0.47621,-0.77402,-0.74648
0.30282,0.86485,0.40042,-0.36932,-0.69003,-0.79847
0.28993,0.84993,0.43995,0.04075,-0.27944,-1.13288
0.2727,0.82965,0.48715,0.3825,0.8735,-2.27116
0.24999,0.82383,0.50874,0.16985,1.35867,-2.22813
0.23726,0.83187,0.5017,-0.48111,1.78071,-1.33089
0.27314,0.84109,0.46687,-0.13537,0.86967,-1.226
0.32581,0.84343,0.42718,0.18863,-0.16948,-1.20985
0.35682,0.84543,0.3974,-0.78022,1.21699,-1.505
0.34846,0.85157,0.39167,-1.2128,2.16932,-1.29816
0.33752,0.85226,0.39966,-1.57584,1.07617,0.11685
0.34755,0.83192,0.43257,-0.97841,-1.02638,-0.42486
0.35398,0.81134,0.46521,-1.03402,-0.75376,-1.03424
0.33451,0.80086,0.49671,-0.8388,-0.47876,-0.81524
0.24662,0.77839,0.57731,-0.66139,-0.01075,0.11252
0.16901,0.7309,0.66122,-0.505,0.22151,0.06557
0.09539,0.68456,0.72268,-0.32654,0.24344,-0.28323
0.04014,0.64677,0.76162,0.03162,0.26347,-0.97986
0.00351,0.61809,0.7861,0.2513,0.28936,-1.04757
-0.0242,0.58176,0.813,0.22732,0.19244,-0.94887
-0.05311,0.54479,0.83689,-0.10056,0.15388,-0.62084
-0.07834,0.50996,0.85662,-0.23713,0.32787,-0.44743
-0.09577,0.48258,0.8706,-0.22968,0.41136,-0.44735
-0.10541,0.46249,0.88034,0.00288,0.57081,-0.93077
-0.10697,0.44035,0.89143,0.2582,0.65005,-1.21852
-0.1108,0.41798,0.90168,0.14575,0.5051,-1.09059
-0.12558,0.40037,0.90771,-0.04152,0.47707,-0.78284
-0.14533,0.38004,0.91348,-0.10068,0.48063,-0.7083
-0.1568,0.35947,0.91989,-0.01277,0.60113,-0.78714
-0.15339,0.34418,0.92629,0.14524,0.78519,-0.93415
-0.14129,0.33158,0.93279,0.49204,0.94977,-0.88823
-0.14759,0.3179,0.93657,0.38877,0.99247,-0.97896
-0.15566,0.31331,0.93681,0.4175,1.01344,-0.80981
-0.16327,0.31327,0.93553,0.26378,1.00271,-1.12577
-0.16214,0.31704,0.93445,0.26265,0.99894,-1.1247
-0.15985,0.33966,0.92687,-0.06338,1.23555,-0.68393
-0.14976,0.37195,0.91609,-0.23971,1.13086,-0.76244
-0.13488,0.41401,0.90022,-0.27798,1.02138,-0.85974
-0.12535,0.4735,0.87183,-0.43028,0.90524,-1.21616
-0.12867,0.54047,0.83147,-0.74752,1.20829,-0.90675
-0.1568,0.5849,0.7958,-0.86212,1.17324,-0.65913
-0.19139,0.61784,0.76266,-0.8033,0.72654,-0.57807
-0.20593,0.64954,0.73191,-0.58661,0.34614,-0.50107
-0.18861,0.68946,0.69934,-0.10958,0.28688,-0.72198
-0.15988,0.74069,0.65254,0.22969,0.34022,-0.75607
-0.13216,0.77758,0.61474,0.30639,0.12754,-0.7609
-0.10237,0.80548,0.58372,0.13518,-0.06483,-0.47433
-0.06175,0.82807,0.55722,-0.06177,-0.28943,-0.2743
-0.01117,0.85165,0.524,-0.10695,-0.47256,-0.20393
0.04093,0.87486,0.48264,-0.07647,-0.59913,-0.24796
0.09003,0.89335,0.44024,-0.18526,-0.58728,-0.41728
0.13388,0.90416,0.40568,-0.35599,-0.59571,-0.55097
0.16583,0.90772,0.38542,-0.49357,-0.66996,-0.55793
0.18318,0.90848,0.37566,-0.43763,-0.79062,-0.75255
0.18665,0.90585,0.38026,-0.19506,-0.61253,-0.8708
0.18118,0.89501,0.40759,-0.02086,-0.45089,-1.0577
0.17239,0.87463,0.4531,0.47835,0.22712,-1.97853
0.16265,0.85652,0.48982,0.32677,0.95472,-2.12379
0.15048,0.85126,0.5027,-0.17201,1.09077,-1.27033
0.15862,0.85568,0.49259,-0.11127,0.96243,-1.19344
0.19505,0.86652,0.45944,0.12118,0.34104,-1.38921
0.24285,0.87104,0.42698,0.21229,-0.0713,-1.40719
0.28544,0.8707,0.40051,0.12677,-0.16682,-0.98564
0.30422,0.86103,0.40753,-1.19399,0.76756,-0.73667
0.27334,0.85472,0.44129,-2.14181,1.16977,-0.0157
0.24197,0.84864,0.47039,-1.40101,0.37114,-0.7552
0.2321,0.84644,0.47923,-0.8674,-0.17203,-0.82089
0.21693,0.83947,0.49822,-0.36357,-0.37846,-0.49996
0.18054,0.80941,0.55881,-0.26142,-0.38511,0.04419
0.11327,0.75423,0.64677,-0.31861,-0.2146,0.01798
0.03198,0.69191,0.72128,-0.40684,0.02057,-0.27596
-0.04743,0.6442,0.76338,-0.1483,0.2573,-0.88472
-0.10293,0.61039,0.78538,0.04432,0.34241,-0.82924
-0.13287,0.57284,0.80883,0.1255,0.07213,-0.70766
-0.14913,0.53738,0.83005,0.05416,0.02914,-0.69646
-0.16726,0.50427,0.84719,-0.14699,0.2928,-0.54455
-0.18125,0.47684,0.8601,-0.16672,0.55171,-0.48116
-0.18243,0.45852,0.86976,-0.06133,0.62055,-0.63822
-0.17349,0.43892,0.88162,0.445,0.67785,-1.16329
-0.18059,0.41453,0.89194,0.4308,0.58306,-1.05922
-0.2066,0.3924,0.89629,0.26265,0.54373,-0.8938
-0.23199,0.3699,0.89964,-0.02579,0.51032,-0.70444
-0.24543,0.34799,0.9048,-0.01282,0.56996,-0.74622
-0.24652,0.33287,0.91018,0.15994,0.78598,-0.9033
-0.23295,0.32187,0.91768,0.54629,0.90734,-0.81485
-0.21334,0.31351,0.92531,0.66749,0.97465,-0.86908
-0.20189,0.30592,0.93041,0.73167,1.04215,-0.96202
-0.20009,0.30547,0.93094,0.32631,1.11783,-1.04006
-0.19656,0.31144,0.92971,0.21947,1.05111,-1.10438
-0.19427,0.33026,0.92368,0.12229,1.03604,-1.04188
-0.19354,0.3666,0.91002,-0.41473,1.0535,-0.88392
-0.18883,0.41861,0.88831,-0.39038,0.8592,-0.9745
-0.18428,0.48164,0.85678,-0.29648,0.6874,-1.02441
-0.18609,0.54681,0.81632,-0.43357,0.89364,-0.86083
-0.20147,0.59879,0.77515,-0.57638,0.93401,-0.69345
-0.22523,0.63619,0.73793,-0.6354,0.85229,-0.50528
-0.23499,0.66515,0.70877,-0.39622,0.59157,-0.41211
-0.21043,0.71411,0.66766,0.07667,0.74609,-0.59924
-0.17383,0.77164,0.61185,0.33671,0.43698,-0.86503
-0.1349,0.81256,0.56705,0.14446,0.02594,-0.62289
-0.09304,0.84386,0.52844,-0.00109,-0.10713,-0.4474
-0.04579,0.8683,0.49392,-0.08078,-0.4588,-0.33303
0.00147,0.8877,0.46042,-0.14997,-0.5162,-0.4553
0.05016,0.90166,0.42954,-0.15466,-0.6042,-0.33577
0.09756,0.91282,0.39654,-0.29474,-0.80998,-0.40016
0.13709,0.9192,0.36917,-0.46839,-0.92353,-0.47998
0.16047,0.91948,0.3589,-0.54186,-0.95203,-0.54278
0.16545,0.91563,0.36639,-0.41002,-0.73261,-0.80862
0.15918,0.90695,0.39,-0.18213,-0.55574,-0.89928
0.14936,0.88953,0.43178,-0.05053,-0.3788,-1.0412
0.14004,0.86655,0.47905,0.40651,0.55057,-1.77377
0.12732,0.85263,0.50677,0.38437,1.34591,-1.77562
0.11621,0.85722,0.50167,0.06993,1.55859,-1.51087
0.14222,0.86904,0.47385,0.46091,0.73434,-1.2998
0.19281,0.87236,0.44923,0.72261,-0.44525,-1.20894
0.23739,0.86906,0.43403,0.55463,-0.83372,-0.6457
0.26053,0.85511,0.44823,-0.50727,0.04011,-0.75022
0.22981,0.84066,0.49039,-2.21617,1.77117,-0.01555
0.17,0.83546,0.52259,-2.38436,1.45154,-1.10451
0.1789,0.84507,0.50384,-0.96897,-0.0956,-1.01635
0.19518,0.84825,0.49232,-0.53236,-0.58496,-0.59316
0.18063,0.8229,0.53871,-0.24058,-0.6782,-0.04294
0.11161,0.76873,0.62976,-0.48718,-0.25628,-0.05037
0.00936,0.71283,0.70128,-0.59876,0.23908,-0.28003
-0.07124,0.66249,0.74567,-0.39444,0.37573,-0.69988
-0.11421,0.61153,0.78293,0.24798,0.31438,-0.54543
-0.12993,0.57564,0.80732,0.43901,0.1003,-0.60587
-0.12781,0.54888,0.82607,0.42281,0.06251,-0.71114
-0.12193,0.5207,0.84499,0.13803,0.15892,-0.72958
-0.12407,0.49392,0.86061,-0.06018,0.60815,-0.94051
-0.12676,0.46932,0.87388,-0.0003,0.67714,-1.10055
-0.12575,0.44956,0.88435,0.11652,0.58074,-1.21635
-0.13897,0.43236,0.89093,-0.05805,0.36068,-0.845
-0.16896,0.40856,0.89696,-0.07364,0.31875,-0.72499
-0.1973,0.38153,0.90306,-0.07779,0.31821,-0.619
-0.20773,0.36201,0.90873,0.13246,0.81544,-0.82235
-0.19934,0.34801,0.91605,0.19966,0.85525,-0.86939
-0.18987,0.33531,0.92278,0.27942,0.87747,-0.81984
-0.18031,0.32445,0.92856,0.3776,1.09328,-0.83379
-0.17333,0.31504,0.93312,0.36037,1.1264,-0.93583
-0.17227,0.31141,0.93453,0.32013,1.09614,-1.06547
-0.17387,0.31204,0.93403,0.25701,1.04151,-1.09714
-0.1775,0.32171,0.93005,0.22225,1.05354,-0.95975
-0.17933,0.3492,0.91973,-0.08459,1.27602,-0.65514
-0.17157,0.38933,0.90498,-0.20048,1.06458,-0.85591
-0.15421,0.43988,0.88472,-0.2583,0.74633,-0.88779
-0.13406,0.50328,0.85366,-0.46532,0.77816,-0.93638
-0.12414,0.56467,0.81593,-0.64832,0.83278,-0.84988
-0.13758,0.61224,0.77861,-0.75828,0.86048,-0.70964
-0.16482,0.64293,0.74798,-0.61023,0.5732,-0.63165
-0.17872,0.667,0.72331,-0.15692,0.48619,-0.4812
-0.1599,0.71204,0.68369,-0.03645,0.55475,-0.42262
-0.11831,0.76728,0.63031,0.26936,0.29585,-0.84697
-0.07364,0.81022,0.58147,0.17656,-0.022,-0.80943
-0.0293,0.83822,0.54454,0.03343,-0.12123,-0.61227
0.02253,0.85536,0.51755,-0.142,-0.48424,-0.27591
0.07605,0.87097,0.48541,-0.17341,-0.59998,-0.29922
0.12681,0.88738,0.44325,-0.29076,-0.51145,-0.416
0.17484,0.89899,0.40157,-0.47742,-0.56988,-0.4055
0.21617,0.90433,0.36804,-0.56217,-0.66944,-0.42407
0.24568,0.90594,0.34484,-0.48974,-0.75547,-0.53201
0.25848,0.9052,0.33735,-0.32774,-0.72286,-0.76464
0.26016,0.89955,0.35089,-0.13923,-0.51334,-0.9741
0.25791,0.88579,0.38582,0.05221,-0.13216,-1.42194
0.25859,0.8674,0.42514,0.42186,0.49498,-1.95514
0.25499,0.85933,0.44331,-0.01847,1.05079,-1.23176
0.2532,0.86287,0.43742,-0.20967,1.07212,-1.2933
0.27741,0.86901,0.4097,-0.32719,0.91802,-1.30059
0.31917,0.86716,0.38231,0.48589,-0.65421,-1.37275
0.35089,0.86355,0.36214,0.35077,-0.25836,-1.08472
0.35032,0.85991,0.37125,-0.3435,0.55764,-0.97743
0.31458,0.86324,0.39479,-2.05564,1.39581,-0.11595
0.30692,0.85283,0.42248,-1.45683,0.35791,0.17062
0.30477,0.84198,0.44518,-1.07726,-0.44676,-1.01634
0.28799,0.83659,0.46602,-0.67139,-0.33431,-0.79733
0.24015,0.80675,0.53989,-0.57552,-0.36034,0.10244
0.15107,0.75027,0.64364,-0.55018,-0.25181,0.09377
0.06168,0.69815,0.71329,-0.37792,0.1733,-0.71463
-0.0125,0.65751,0.75335,-0.15964,0.27098,-0.86431
-0.06949,0.6194,0.782,-0.0339,0.36171,-0.92334
-0.09912,0.5767,0.81092,0.02206,0.45611,-0.23914
-0.09957,0.55246,0.82757,0.16029,0.50575,-0.2512
-0.07584,0.54021,0.83811,0.29996,0.35374,-0.64428
-0.0543,0.52233,0.85101,0.05687,0.2819,-0.74181
-0.04757,0.50128,0.86398,-0.03635,0.26079,-0.87667
-0.0485,0.47791,0.87707,-0.0988,0.29261,-1.05297
-0.05208,0.45902,0.8869,-0.08608,0.33118,-1.03169
-0.05847,0.44486,0.89369,-0.12242,0.47484,-0.84283
-0.06601,0.42897,0.9009,-0.11895,0.59332,-0.63586
-0.07245,0.40814,0.91004,-0.09835,0.75792,-0.73891
-0.07057,0.38628,0.91968,-0.02965,0.83116,-0.8597
-0.05966,0.37173,0.92642,0.43383,0.95872,-1.10414
-0.05612,0.36439,0.92955,0.4662,1.00571,-0.8246
-0.06005,0.36258,0.93002,0.40694,1.0168,-0.70287
-0.06009,0.36349,0.92966,0.1853,1.03122,-1.04558
-0.05661,0.36621,0.92881,0.0421,0.92386,-1.2338
-0.05651,0.38323,0.92192,-0.0503,0.96508,-1.02123
-0.05354,0.41821,0.90677,-0.39361,0.96587,-0.70429
-0.04571,0.46364,0.88484,-0.40838,0.59068,-0.79653
-0.03558,0.52005,0.8534,-0.39815,0.61725,-0.88787
-0.02856,0.57768,0.81577,-0.56189,1.05758,-0.69893
-0.04548,0.62337,0.7806,-0.83974,1.05366,-0.70325
-0.07119,0.65937,0.74844,-0.76408,0.76429,-0.5966
-0.08115,0.6877,0.72144,-0.41978,0.568,-0.52061
-0.06239,0.7177,0.69355,0.03683,0.72876,-0.92393
-0.03582,0.75603,0.65355,0.03265,0.61062,-0.86098
0.00265,0.78628,0.61787,-0.0392,0.14392,-0.53459
0.04877,0.81335,0.57973,-0.17577,-0.25849,-0.48365
0.09416,0.83619,0.5403,-0.29528,-0.40357,-0.27874
0.14434,0.85094,0.50504,-0.29444,-0.52472,-0.32415
0.19553,0.86013,0.4711,-0.3076,-0.61074,-0.48121
0.24228,0.86529,0.43883,-0.37643,-0.63108,-0.44147
0.28233,0.86821,0.40803,-0.47638,-0.66509,-0.39047
0.31121,0.86832,0.38623,-0.64068,-0.7124,-0.48471
0.32325,0.86646,0.38047,-0.66037,-0.73237,-0.56843
0.32076,0.86344,0.38934,-0.43213,-0.52601,-0.82134
0.31073,0.85473,0.41579,-0.12149,-0.10015,-1.07607
0.29918,0.8385,0.45542,-0.01493,0.21324,-1.33872
0.28783,0.82591,0.48479,0.22485,0.99949,-1.85982
0.27735,0.82998,0.48395,-0.02206,1.56472,-1.66337
0.29396,0.83979,0.45644,-0.02942,1.07146,-1.30734
0.33604,0.84257,0.42089,0.44141,-0.07712,-1.15972
0.3727,0.84063,0.39299,0.12874,0.09263,-1.2184
0.38751,0.83522,0.39017,-0.70611,1.19578,-0.97684
0.37671,0.83497,0.40114,-1.37677,2.08747,-0.40532
0.3881,0.82804,0.40464,-0.86287,-0.28816,0.22207
0.40783,0.80848,0.42431,-1.1361,-0.7237,-0.71483
0.41942,0.80088,0.42741,-1.4514,-0.56517,-1.09761
0.39434,0.79965,0.45283,-0.94889,-0.32585,-0.42597
0.33544,0.77341,0.53789,-0.74943,-0.29448,0.06778
0.24338,0.73302,0.63517,-0.72919,-0.21943,-0.0922
0.13307,0.6948,0.70679,-0.62295,0.18403,-0.57059
0.05163,0.65786,0.75137,-0.41739,0.76481,-0.72114
0.03084,0.63625,0.77086,-0.13053,0.77671,-0.24287
0.05223,0.62652,0.77765,0.28929,0.43027,-0.67144
0.09421,0.60896,0.78759,0.41963,0.13203,-0.86136
0.11885,0.59223,0.79696,-0.00545,0.25839,-0.81324
0.13354,0.58048,0.80325,-0.30364,0.695,-0.55281
0.15287,0.56529,0.8106,-0.23731,0.08049,-0.87318
0.16828,0.53713,0.82654,-0.32848,-0.20229,-1.01957
0.16543,0.52322,0.83599,-0.60782,0.20679,-1.14075
0.14884,0.51111,0.84653,-0.48152,0.18281,-0.77641
0.11442,0.49173,0.8632,-0.31682,0.44963,-0.50596
0.08379,0.47422,0.87641,-0.17089,0.78814,-0.47274
0.0823,0.46281,0.88263,0.05456,1.04877,-0.65959
0.1007,0.44577,0.88947,0.3827,0.96532,-1.16975
0.1056,0.43162,0.89585,0.22716,0.9491,-1.11112
0.09507,0.42952,0.89804,0.09679,0.99339,-0.82971
0.08987,0.42881,0.89891,-0.17519,0.85473,-0.83911
0.09044,0.43507,0.89584,-0.28124,0.95818,-1.0348
0.09119,0.45237,0.88716,-0.4084,1.02429,-0.80604
0.09674,0.48009,0.87187,-0.50309,0.88724,-0.74211
0.10408,0.51275,0.85221,-0.50984,0.56016,-1.03696
0.10982,0.56112,0.82041,-0.49071,0.94141,-0.9436
0.11463,0.61229,0.78228,-0.74827,0.80501,-0.66753
0.1078,0.65237,0.75019,-0.87805,0.61814,-0.55609
0.09835,0.68632,0.72062,-0.70017,0.4242,-0.41198
0.10447,0.72479,0.68101,-0.50843,0.44648,-0.73339
0.12453,0.7714,0.62404,-0.09101,0.50377,-0.89885
0.14337,0.81009,0.56851,-0.11623,0.27838,-0.74737
0.16582,0.83265,0.52839,-0.28366,-0.02923,-0.62368
0.19465,0.84778,0.49333,-0.41653,-0.28036,-0.39877
0.22855,0.85809,0.45983,-0.46817,-0.33215,-0.30879
0.26701,0.86442,0.42601,-0.50558,-0.41392,-0.33667
0.3059,0.86623,0.39507,-0.53833,-0.52277,-0.40847
0.34508,0.86457,0.36528,-0.58533,-0.52388,-0.41969
0.38163,0.86134,0.33534,-0.68498,-0.47767,-0.38321
0.40828,0.85868,0.3098,-0.72367,-0.51623,-0.36481
0.42056,0.85679,0.29841,-0.73771,-0.45319,-0.46067
0.42434,0.85347,0.30254,-0.32845,-0.46451,-0.7184
0.41974,0.8481,0.32334,-0.07655,-0.29899,-1.06585
0.41071,0.83787,0.35957,0.18403,-0.00283,-1.56259
0.39968,0.8309,0.38712,0.02852,0.43588,-1.89545
0.38884,0.83294,0.39372,-0.11677,0.71568,-1.38272
0.39342,0.83927,0.3753,-0.33683,0.93251,-1.05734
0.41796,0.84132,0.34275,-0.31091,0.43765,-1.0995
0.44882,0.83592,0.31592,0.02598,-0.27302,-1.24752
0.4669,0.82808,0.31031,-0.38265,0.18771,-1.13563
0.45417,0.82542,0.33528,-1.22387,1.512,-0.978
0.42979,0.82775,0.36071,-1.77384,1.41477,0.06705
0.43646,0.81925,0.37192,-1.00246,-0.45156,-0.14545
0.4395,0.81015,0.38793,-0.99668,-0.57889,-0.80381
0.41352,0.80677,0.42204,-1.00372,-0.23469,-0.30934
0.36907,0.7914,0.48731,-0.8493,-0.16378,0.08247
0.29539,0.75779,0.58181,-0.74633,-0.13495,-0.06966
0.22018,0.71403,0.6646,-0.7123,0.07923,-0.42267
0.15055,0.66982,0.7271,-0.45774,0.25877,-0.90083
0.09911,0.63416,0.76683,-0.01793,0.39465,-0.87121
0.07373,0.60436,0.79329,0.0174,0.25612,-0.54515
0.07226,0.57555,0.81457,0.06463,0.25326,-0.36463
0.08001,0.55527,0.82781,-0.15508,0.31617,-0.57653
0.091,0.53838,0.83778,-0.19934,0.332,-0.83083
0.1023,0.52257,0.84644,-0.13788,0.30328,-1.02757
0.10467,0.50666,0.85577,-0.11985,0.41436,-1.1596
0.09423,0.4896,0.86684,-0.23024,0.37849,-0.80605
0.08047,0.4742,0.87673,-0.27737,0.35828,-0.66899
0.07113,0.45899,0.88559,-0.32409,0.42735,-0.65854
0.07192,0.441,0.89462,-0.24918,0.54384,-0.7481
0.07758,0.42391,0.90238,-0.13541,0.66238,-0.90329
0.0807,0.41116,0.90799,-0.0164,0.76342,-0.96884
0.08095,0.40301,0.91161,0.06555,0.78071,-0.87429
0.07644,0.4005,0.9131,0.12101,0.86764,-0.68846
0.07257,0.40272,0.91244,0.01647,0.92939,-0.8385
0.07462,0.40352,0.91192,-0.07879,0.8553,-1.26282
0.07455,0.41111,0.90853,-0.14103,0.88125,-1.1545
0.0724,0.43963,0.89526,-0.27174,1.0267,-0.88525
0.07381,0.48264,0.87271,-0.44147,0.83502,-0.92359
0.07038,0.53172,0.84399,-0.48303,0.76431,-0.67549
0.07754,0.56746,0.81974,-0.7337,0.7178,-0.53222
0.08442,0.60629,0.79075,-0.82365,1.11457,-0.69575
0.08095,0.64031,0.76384,-0.83226,1.0899,-0.62283
0.07513,0.67053,0.73807,-0.72418,0.79733,-0.73573
0.07736,0.69926,0.71067,-0.40219,0.52889,-0.95502
0.09105,0.72565,0.68201,-0.36178,0.55396,-0.84766
0.11225,0.74687,0.65543,-0.33461,0.34774,-0.83758
0.13925,0.76366,0.63042,-0.45293,0.09445,-0.58637
0.17219,0.77852,0.60354,-0.47842,-0.14374,-0.5146
0.21099,0.78962,0.57618,-0.4907,-0.33307,-0.36836
0.25511,0.79747,0.54677,-0.2872,-0.49666,-0.3683
0.29839,0.80444,0.51365,-0.29919,-0.5047,-0.32966
0.33844,0.81076,0.47763,-0.3329,-0.50976,-0.31464
0.37522,0.81551,0.44062,-0.53584,-0.60143,-0.40009
0.40274,0.8175,0.4117,-0.59591,-0.67199,-0.38695
0.41446,0.81804,0.39879,-0.62084,-0.67226,-0.39899
0.4115,0.81792,0.40209,-0.37037,-0.32079,-0.81379
0.40197,0.81381,0.41968,-0.23702,-0.1971,-0.98589
0.39353,0.80675,0.44078,-0.09258,-0.03064,-1.28099
0.38769,0.80968,0.44058,0.1435,0.93972,-1.72338
0.38264,0.81965,0.42633,-0.12014,1.16362,-1.3345
0.40374,0.82382,0.39788,-0.45357,1.21356,-1.0905
0.44084,0.81931,0.3666,-0.20574,0.02357,-1.28386
0.47423,0.81137,0.34174,-0.3022,0.13637,-1.4177
0.4933,0.80709,0.32444,-1.07489,1.10348,-0.71682
0.48299,0.80822,0.33688,-2.04554,1.45456,-0.12601
0.46159,0.81504,0.35019,-1.48184,0.13517,-0.14049
0.4587,0.81294,0.35877,-0.82624,-0.24055,-0.6578
0.44438,0.8136,0.37494,-0.59149,-0.12529,-0.52092
0.41156,0.80758,0.42241,-0.38169,-0.16777,-0.04901
0.33753,0.77269,0.53761,-0.52593,-0.10548,0.16571
0.26855,0.72662,0.63238,-0.69051,0.16001,-0.30168
0.20732,0.67975,0.70353,-0.62897,0.36878,-0.9863
0.15643,0.64922,0.74434,-0.32369,0.39279,-0.9138
0.12811,0.62234,0.77219,-0.12975,0.2239,-0.71758
0.12062,0.59962,0.79114,-0.03441,0.19646,-0.66091
