gravity.x,gravity.y,gravity.z,userAcceleration.x,userAcceleration.y,userAcceleration.z
0.00797,0.99714,-0.07518,-0.1417,-0.02412,0.01161
0.00146,0.99699,-0.07749,-0.14027,-0.03964,-0.01574
-0.00598,0.99663,-0.08185,-0.09778,-0.03944,-0.03947
-0.01281,0.99628,-0.08522,-0.02457,-0.02402,-0.0067
-0.0248,0.99593,-0.08662,-0.02349,0.0167,-0.02585
-0.02451,0.99559,-0.0905,-0.02871,0.00863,-0.01553
-0.02577,0.99499,-0.09659,-0.01149,-0.05148,0.01991
-0.02181,0.99476,-0.09992,0.00176,-0.06699,-0.00192
-0.0151,0.99467,-0.10196,-0.01583,-0.06067,0.04014
-0.00959,0.99421,-0.10701,-0.08332,0.01563,0.0347
-0.00362,0.99372,-0.11187,-0.08557,0.02292,-0.00672
0.00639,0.99267,-0.12064,-0.05469,-0.02455,-0.00578
0.01785,0.99165,-0.12773,-0.06371,-0.09013,-8e-05
0.02579,0.99066,-0.1339,-0.04514,-0.04139,0.03411
0.03544,0.98939,-0.14091,-0.067,-0.01911,0.07504
0.04329,0.98828,-0.14635,-0.08177,-0.056,0.09223
0.05004,0.98699,-0.15278,-0.07374,-0.00556,-0.04413
0.06025,0.98531,-0.15976,-0.05885,0.03388,-0.08963
0.069,0.98396,-0.16451,0.03142,0.09742,0.00664
0.07495,0.98324,-0.16619,-0.03407,0.11881,0.12067
0.07591,0.98329,-0.16549,-0.26782,0.13509,0.13128
0.07473,0.98335,-0.16563,-0.49519,0.3546,0.06829
0.06824,0.9841,-0.164,-0.53417,0.43811,-0.04124
0.05432,0.98565,-0.15979,-0.47494,0.34003,0.03354
0.03593,0.98886,-0.14441,-0.4469,0.36004,0.28842
0.01263,0.99356,-0.11261,-0.34635,0.51146,0.23827
-0.01696,0.99757,-0.06759,-0.03489,0.48801,-0.10299
-0.04552,0.99886,-0.01413,0.19386,0.29887,-0.26321
-0.068,0.99713,0.03329,0.28938,0.04314,-0.31787
-0.09155,0.99332,0.07019,0.12426,0.04621,0.0318
-0.1228,0.98712,0.10252,0.10023,0.10184,-0.23111
-0.15207,0.98059,0.12377,0.04216,0.19228,-0.52314
-0.18973,0.97204,0.13832,-0.235,0.26044,-0.06801
-0.24239,0.95638,0.16305,-0.34662,0.33516,-0.23679
-0.28789,0.93704,0.19765,-0.03244,0.29025,-0.36252
-0.32197,0.9169,0.23586,0.57912,-0.16897,-0.34873
-0.34895,0.8963,0.27365,0.64109,-0.23513,-0.325
-0.36844,0.87636,0.31023,0.68395,-0.26543,-0.26543
-0.38419,0.8566,0.34444,0.56615,-0.30273,-0.27596
-0.39538,0.83713,0.378,0.35245,-0.32689,-0.31633
-0.39782,0.81976,0.41197,0.29806,-0.33742,-0.35675
-0.39416,0.80529,0.44288,0.19618,-0.14379,-0.16787
-0.39298,0.79487,0.46231,0.08683,-0.09445,-0.04586
-0.398,0.78688,0.47161,-0.0778,0.0452,0.07745
-0.40459,0.77918,0.47872,-0.16873,0.08056,0.08031
-0.40926,0.77327,0.48432,-0.17104,-0.13235,-0.04807
-0.41061,0.77025,0.48797,-0.13434,-0.18448,-0.16137
-0.41138,0.769,0.48929,-0.06103,-0.1566,-0.08145
-0.41343,0.76906,0.48746,-0.18868,-0.09344,-0.02133
-0.42067,0.77077,0.47848,0.01255,-0.13979,-0.04639
-0.42832,0.77863,0.45856,0.34161,-0.21106,-0.02059
-0.42177,0.79933,0.42799,0.60837,-0.33159,-0.01188
-0.39956,0.82697,0.39556,0.15407,0.48023,0.68739
-0.39045,0.83995,0.37686,-0.55979,1.40288,0.75572
-0.38873,0.85367,0.3466,-0.33685,1.13637,-0.53822
-0.37233,0.86705,0.33105,0.30455,-0.11023,-0.11349
-0.35114,0.8866,0.30107,0.4064,-0.16661,-0.31435
-0.31933,0.90869,0.2689,0.3816,-0.01227,-0.57218
-0.28155,0.9283,0.24289,0.15615,0.17815,-0.6951
-0.24906,0.94475,0.21309,0.00577,0.28192,-0.36479
-0.22564,0.95781,0.17797,-0.1104,0.21838,-0.10739
-0.20341,0.96716,0.15237,0.04878,-0.04053,-0.0144
-0.17507,0.97501,0.13673,0.18727,-0.13478,-0.1372
-0.14535,0.98179,0.12234,0.10451,-0.03368,-0.26698
-0.11668,0.98747,0.10622,0.04384,-0.04619,-0.25416
-0.09089,0.99235,0.08351,-0.0642,-0.11911,-0.19396
-0.07183,0.99586,0.05562,-0.07493,-0.2251,-0.14497
-0.06093,0.99766,0.03105,0.00871,-0.31438,0.02499
-0.05106,0.99862,0.0118,0.10625,-0.14885,-0.05593
-0.03698,0.9993,-0.00493,0.00117,0.06309,-0.13556
-0.02121,0.99954,-0.02171,-0.06427,0.01305,-0.00341
-0.00523,0.99928,-0.03764,-0.10701,-0.08537,-0.02591
0.00988,0.99843,-0.05511,-0.20264,-0.05168,-0.07548
0.02351,0.99699,-0.07393,-0.15156,0.01025,0.06841
0.03649,0.9955,-0.08739,-0.19949,0.08286,-0.02386
0.04804,0.9942,-0.09619,-0.21858,0.15088,-0.10959
0.05567,0.99305,-0.10366,-0.16101,0.25736,-0.1256
0.06652,0.99161,-0.11085,-0.22745,0.2733,0.08479
0.07199,0.99076,-0.11489,-0.37738,0.21517,0.07833
0.07024,0.99089,-0.11489,-0.46775,0.06796,0.14216
0.06042,0.99247,-0.10649,-0.48283,0.13709,-0.12029
0.03887,0.99511,-0.09075,-0.36756,0.14359,-0.15632
0.00583,0.99729,-0.07334,-0.1084,0.0677,-0.12484
-0.03894,0.9976,-0.05719,0.09951,0.10683,0.01476
-0.09046,0.99525,-0.03582,0.23362,0.16689,0.26141
-0.14265,0.98977,-0.00171,0.31047,0.40835,0.49707
-0.18932,0.98141,0.03145,0.3485,0.59713,-0.02484
-0.22781,0.97158,0.06434,0.39236,0.5583,-0.16996
-0.26158,0.96016,0.09826,0.33661,0.36688,-0.18658
-0.28963,0.94792,0.1325,0.15546,0.18231,-0.01342
-0.32414,0.93245,0.15956,-0.00714,0.23256,0.03147
-0.36609,0.91222,0.18395,0.1579,-0.00975,-0.05321
-0.40437,0.89051,0.2085,0.2362,-0.07987,-0.07404
-0.43807,0.86833,0.23258,0.32293,-0.12229,-0.08706
-0.46713,0.84517,0.25976,0.3007,-0.25461,-0.19003
-0.48716,0.82224,0.29424,0.40042,-0.35174,-0.27053
-0.49585,0.80283,0.33104,0.46057,-0.38363,-0.3126
-0.49471,0.78992,0.36231,0.56065,-0.47904,-0.27514
-0.48695,0.78457,0.38382,0.5253,-0.46261,-0.26864
-0.47408,0.78675,0.3953,0.46962,-0.44589,-0.2839
-0.45622,0.79546,0.39888,0.21207,-0.43841,-0.24001
-0.43465,0.81084,0.39194,-0.0384,-0.5175,-0.00924
-0.41325,0.83067,0.3731,-0.29341,-0.34724,0.22611
-0.39659,0.84746,0.35287,-0.72105,0.148,0.36218
-0.38846,0.856,0.3411,-0.85478,0.44812,0.44428
-0.38987,0.856,0.33949,-0.42393,0.83533,0.35786
-0.40287,0.85109,0.33666,-0.17113,0.35504,0.10585
-0.42001,0.84776,0.32387,0.04764,0.19701,0.20466
-0.43514,0.85082,0.29455,0.38019,0.92466,0.17091
-0.44034,0.85954,0.25939,0.77577,0.591,-0.21568
-0.43999,0.86774,0.23116,0.83337,0.2311,-0.09079
-0.43492,0.87382,0.21746,0.47645,0.01347,0.19428
-0.42798,0.88131,0.20033,0.38231,-0.03847,-0.28892
-0.41624,0.8924,0.17426,0.36632,-0.24547,-0.45557
-0.39576,0.90767,0.13966,0.49049,-0.2713,-0.57717
-0.3658,0.92492,0.10347,0.47489,0.33901,-0.38622
-0.33421,0.94036,0.06349,0.34407,0.31129,-0.26298
-0.30205,0.95314,0.01713,0.18087,0.1977,-0.1412
-0.27355,0.96137,-0.03056,0.05611,-0.18655,-0.06792
-0.25251,0.96425,-0.08032,0.10954,-0.31611,0.03674
-0.24164,0.96244,-0.12379,0.21143,-0.17414,0.15336
-0.2308,0.96198,-0.14602,0.09185,0.06066,-0.07658
-0.22283,0.96084,-0.1647,-0.05823,0.04708,-0.0967
-0.21476,0.95874,-0.18626,-0.13871,0.02374,-0.0685
-0.20693,0.95597,-0.20808,-0.26984,-0.10068,0.05716
-0.20101,0.95174,-0.23192,-0.24107,-0.26642,0.17243
-0.19576,0.9473,-0.25356,-0.18612,-0.24253,0.18105
-0.19003,0.94414,-0.26926,-0.07584,-0.10707,0.1776
-0.17922,0.9425,-0.28209,-0.06746,-0.04849,0.15788
-0.163,0.94232,-0.29233,-0.11483,0.00848,0.07186
-0.14904,0.94078,-0.3045,-0.1307,0.10222,0.24964
-0.14341,0.93765,-0.31661,-0.06698,0.18877,0.30248
-0.14393,0.93628,-0.32041,-0.18012,0.14876,0.20839
-0.15107,0.93423,-0.32309,-0.2729,0.26348,0.20812
-0.16208,0.93491,-0.31572,-0.08177,0.24521,0.23978
-0.18232,0.93888,-0.29202,0.00586,0.27661,0.30633
-0.21562,0.9404,-0.26297,-0.15733,0.34182,0.14644
-0.25748,0.94032,-0.2225,-0.38917,0.46827,0.18792
-0.30049,0.93542,-0.18625,-0.25003,0.87452,0.35485
-0.33154,0.93185,-0.14746,0.22157,1.01774,0.04021
-0.3519,0.9305,-0.10168,0.49791,0.85734,-0.18893
-0.37515,0.92496,-0.06089,0.58903,0.7806,0.17728
-0.40501,0.91425,-0.01089,0.14835,0.44703,0.16769
-0.43988,0.89692,0.04526,0.17298,0.12341,-0.04928
-0.47448,0.87713,0.07424,0.39608,-0.03451,-0.11266
-0.5107,0.85569,0.08353,0.39473,-0.21136,-0.25777
-0.54586,0.831,0.10715,0.42164,-0.21637,-0.25295
-0.56865,0.809,0.14884,0.50943,-0.51544,-0.34855
-0.57606,0.79455,0.19193,0.60214,-0.98558,-0.20795
-0.56945,0.79042,0.22574,0.60647,-0.97763,-0.18616
-0.5525,0.79657,0.2454,0.57478,-0.70534,-0.13162
-0.52599,0.81245,0.25149,0.44233,-0.66815,-0.03242
-0.48987,0.83764,0.24163,0.32918,-0.71081,0.02275
-0.45378,0.86384,0.21879,-0.33826,-0.32291,0.56246
-0.43429,0.87599,0.20986,-0.90207,0.92685,0.6158
-0.43344,0.86799,0.24233,-0.91829,2.10668,0.69482
-0.45147,0.85017,0.2709,-0.41325,1.9726,0.80832
-0.47415,0.83575,0.27696,0.18466,-0.88801,0.17346
-0.48947,0.83101,0.26427,0.52744,-0.24657,0.01361
-0.48576,0.84578,0.22067,0.44248,0.55491,-0.01678
-0.45475,0.87191,0.18157,1.40251,1.05825,-0.02973
-0.42119,0.88914,0.17895,0.32607,-0.01265,0.19735
-0.40438,0.89961,0.16485,0.07669,-0.23155,-0.32235
-0.39107,0.91088,0.13176,0.28104,-0.0436,-0.69321
-0.36212,0.9283,0.08446,0.31506,-0.04298,-0.68021
-0.31921,0.94702,0.03543,0.29843,-0.00491,-0.56526
-0.26998,0.96282,-0.00924,0.10004,0.13294,-0.14719
-0.22679,0.97255,-0.05206,-0.24883,-0.12627,0.27928
-0.19748,0.97592,-0.09265,-0.16478,-0.38414,0.30869
-0.18284,0.97576,-0.12025,0.20277,-0.56211,0.03926
-0.17751,0.97405,-0.14044,0.35364,-0.34442,-0.07576
-0.17235,0.97075,-0.16712,0.29346,-0.22292,-0.03057
-0.16096,0.96627,-0.20102,0.14297,-0.02999,0.06823
-0.14483,0.96225,-0.23044,-0.03147,-0.07507,0.37099
-0.12517,0.96121,-0.24577,-0.27874,-0.1387,0.35318
-0.10263,0.96223,-0.25214,-0.24607,-0.02659,0.08966
-0.07922,0.96359,-0.25539,-0.20687,0.05344,0.00986
-0.05728,0.96364,-0.26098,-0.20325,-0.02817,0.11825
-0.04361,0.96239,-0.26813,-0.46959,0.1271,0.23592
-0.0402,0.96223,-0.26925,-0.74694,0.09455,-0.05053
-0.04642,0.96015,-0.27561,-0.87268,0.25079,-0.03769
-0.06335,0.9607,-0.27027,-0.63715,0.25811,0.06895
-0.1008,0.96202,-0.25367,-0.53268,0.43474,-0.03607
-0.15893,0.96156,-0.22392,-0.1638,0.72505,0.17434
-0.21571,0.95942,-0.18159,-0.05095,1.01307,0.65855
-0.26109,0.95511,-0.13997,0.26029,1.18321,0.15026
-0.29152,0.95176,-0.09579,0.64143,0.98896,-0.15369
-0.31623,0.947,-0.05641,0.86425,0.65358,0.0516
-0.34378,0.93875,-0.02354,0.65869,0.37486,0.34147
-0.37095,0.92845,0.0195,0.2656,0.15464,-0.00793
-0.40625,0.91123,0.06801,-0.02369,-0.06011,-0.13405
-0.45077,0.88721,0.09831,0.1282,-0.24863,-0.30575
-0.4932,0.86095,0.12457,0.2239,-0.39497,-0.36168
-0.52106,0.83738,0.16521,0.63344,-0.76465,-0.41362
-0.53535,0.81857,0.20819,0.71637,-0.87367,-0.37082
-0.53803,0.80563,0.24795,0.69475,-0.82085,-0.37308
-0.52947,0.80061,0.2805,0.67318,-0.72274,-0.37848
-0.51097,0.80616,0.29835,0.58605,-0.71657,-0.31491
-0.48518,0.82445,0.29134,0.42747,-0.74177,-0.05454
-0.45732,0.85201,0.25481,-0.01602,-0.49038,0.46716
-0.43521,0.87184,0.22471,-0.33355,-0.06829,0.57068
-0.42434,0.87241,0.24257,-0.89106,2.57947,0.85762
-0.43331,0.85457,0.28628,-0.23941,1.51631,0.97298
-0.45246,0.83719,0.30723,0.11102,-0.53751,0.15357
-0.46958,0.8271,0.30887,0.25382,-1.14351,0.07626
-0.48107,0.83242,0.27502,0.309,0.86538,-0.13002
-0.46965,0.85219,0.23066,1.34782,1.8801,-0.6056
-0.44899,0.86372,0.22891,1.48169,1.64599,0.31998
-0.43949,0.87211,0.21512,0.15293,-0.48679,-0.31447
-0.42467,0.88622,0.18513,0.19332,-0.50768,-0.64954
-0.39404,0.90884,0.13692,0.42074,0.02884,-1.03345
-0.34854,0.93369,0.0821,0.47983,0.48431,-0.64789
-0.29519,0.95495,0.03062,0.21934,0.15287,-0.26113
-0.24234,0.97006,-0.01608,-0.20189,0.22469,0.26368
-0.20954,0.9767,-0.04644,-0.31057,-0.23475,0.52784
-0.1934,0.97893,-0.06545,0.16607,-0.53205,0.07967
-0.19143,0.97805,-0.08228,0.49082,-0.56342,-0.05589
-0.18749,0.97624,-0.10862,0.45733,-0.43738,-0.12635
-0.1754,0.97357,-0.14627,0.15795,-0.09477,-0.01538
-0.16122,0.96954,-0.18438,-0.08749,-0.01085,0.30275
-0.1482,0.96691,-0.20767,-0.33849,-0.13956,0.49483
-0.13387,0.96616,-0.22047,-0.40403,-0.20855,0.18426
-0.12343,0.96628,-0.22597,-0.31853,-0.0785,0.06751
-0.11363,0.96576,-0.23321,-0.18773,-0.05257,0.13886
-0.1043,0.96415,-0.24398,-0.07955,0.07874,0.1518
-0.09641,0.9631,-0.25128,-0.17936,0.17824,0.13242
-0.09484,0.96275,-0.25321,-0.61155,0.17067,-0.09925
-0.10433,0.95968,-0.261,-0.64734,0.2658,0.14215
-0.12221,0.95976,-0.25281,-0.39224,0.12752,0.21657
-0.15816,0.96238,-0.22092,-0.26584,0.42006,0.60367
-0.20716,0.96341,-0.17009,-0.38203,0.50881,0.26785
-0.26313,0.95702,-0.12195,-0.2205,0.95414,0.15066
-0.30704,0.9486,-0.07673,0.1955,1.43689,-0.28858
-0.32721,0.944,-0.04244,0.48582,1.09546,-0.22072
-0.34808,0.93733,-0.01592,0.54138,0.73172,0.4648
-0.38112,0.92442,0.01382,0.18094,0.43336,0.31893
-0.42136,0.90538,0.05239,-0.02759,0.09746,-0.10684
-0.45749,0.88453,0.09115,0.2273,-0.27834,-0.28292
-0.48634,0.86578,0.11788,0.38383,-0.4593,-0.25715
-0.5082,0.84849,0.14761,0.56586,-0.44461,-0.33577
-0.52499,0.8307,0.18525,0.64916,-0.53241,-0.35224
-0.53439,0.81554,0.22208,0.69041,-0.72792,-0.33031
-0.53519,0.80527,0.25516,0.54891,-0.75109,-0.34347
-0.52722,0.80157,0.282,0.56826,-0.73405,-0.3911
-0.51066,0.80828,0.2931,0.499,-0.68993,-0.04455
-0.48415,0.82859,0.28114,0.42281,-0.68288,0.0855
-0.45157,0.85621,0.25098,0.25253,-0.64597,0.25231
-0.42497,0.87343,0.23774,-0.61416,0.81686,0.66635
-0.41419,0.87073,0.26508,-0.6961,1.81259,0.52604
-0.42485,0.8543,0.29945,-0.50122,2.36289,1.07132
-0.443,0.84118,0.31012,0.11066,-0.96344,0.19878
-0.45698,0.83574,0.30448,0.35206,0.21468,0.29118
-0.46642,0.84128,0.27331,0.14617,1.28247,0.38361
-0.46266,0.85078,0.24923,1.09391,0.57037,-0.38886
-0.45437,0.85975,0.23317,0.35073,-0.8975,-0.35565
-0.44357,0.87151,0.20906,0.4112,-0.7507,-0.20968
-0.42254,0.8896,0.17338,0.32505,0.0905,-0.91491
-0.38307,0.91648,0.11543,0.26427,0.24132,-1.03212
-0.33593,0.94025,0.05542,0.00097,0.42893,-0.24569
-0.28682,0.95782,0.0175,-0.33591,0.08379,0.21105
-0.25017,0.9682,0.0009,-0.23257,-0.07902,0.12997
-0.22846,0.97324,-0.02466,-0.08935,-0.20189,0.12337
-0.21616,0.9749,-0.05329,0.36785,-0.57596,-0.07032
-0.20562,0.97547,-0.07859,0.48866,-0.36458,-0.0731
-0.19252,0.97523,-0.10887,0.36779,-0.24135,-0.06778
-0.17557,0.97358,-0.14599,0.14156,-0.03193,0.08857
-0.15529,0.97208,-0.17593,-0.00761,-0.07481,0.33963
-0.13225,0.97213,-0.19359,-0.25968,-0.26401,0.38498
-0.10903,0.97266,-0.20503,-0.36093,-0.17399,0.09591
-0.09103,0.97283,-0.21287,-0.28635,-0.02578,0.04845
-0.0755,0.97169,-0.22389,-0.19629,-0.0237,0.18749
-0.06336,0.97059,-0.23224,-0.21797,0.10897,0.2139
-0.05485,0.9715,-0.23058,-0.67581,0.01293,-0.11514
-0.05711,0.96935,-0.23895,-1.12884,0.24739,-0.11848
-0.07118,0.96866,-0.23797,-0.69062,0.17549,0.34362
-0.09786,0.97183,-0.21442,-0.45949,0.21351,0.28992
-0.14818,0.97275,-0.1783,-0.38474,0.48054,0.1901
-0.20743,0.96893,-0.1347,-0.28597,0.78304,0.2969
-0.26225,0.96064,-0.09161,-0.01026,1.2918,-0.14475
-0.29711,0.95359,-0.04885,0.21723,1.38952,-0.34767
-0.32224,0.94653,-0.01542,0.59042,0.79975,0.17543
-0.35408,0.93505,0.01777,0.57953,0.5616,0.33852
-0.38935,0.91943,0.05529,0.33431,0.26462,0.00021
-0.42734,0.89906,0.0952,0.16477,-0.01156,-0.21102
-0.46984,0.87411,0.12317,0.21215,-0.37297,-0.21709
-0.50463,0.84986,0.15191,0.2891,-0.38447,-0.22202
-0.52936,0.82758,0.18676,0.46214,-0.49987,-0.29115
-0.54346,0.80905,0.2238,0.64816,-0.77701,-0.32238
-0.54687,0.79626,0.25867,0.59454,-0.76931,-0.33702
-0.54002,0.79089,0.28787,0.64833,-0.72755,-0.34982
-0.5231,0.79561,0.30555,0.55341,-0.80211,-0.23184
-0.49804,0.81306,0.30146,0.45944,-0.82161,-0.09588
-0.46718,0.84183,0.2703,0.11941,-0.66269,0.3686
-0.44258,0.86503,0.23631,-0.22071,-0.35423,0.56235
-0.42568,0.87082,0.24589,-0.82476,2.15622,0.5304
-0.42995,0.85441,0.29174,-0.4555,2.28479,1.11762
-0.45167,0.83751,0.30751,-0.09795,0.80063,0.60481
-0.47259,0.82581,0.30772,0.51462,-0.19565,0.40138
-0.48249,0.82962,0.28095,0.37967,1.69429,-0.1059
-0.48171,0.83891,0.25333,1.22552,1.03845,-0.69739
-0.47353,0.84719,0.24089,1.02457,-0.3797,0.00357
-0.45912,0.86246,0.21302,0.61133,-0.64061,-0.02625
-0.43498,0.8837,0.17283,0.3992,-0.09543,-0.90509
-0.38725,0.91464,0.1161,0.34945,0.23431,-1.06822
-0.33083,0.94209,0.05494,-0.01787,0.32013,-0.11252
-0.27268,0.96209,0.00617,-0.24928,0.15381,0.08341
-0.22744,0.97355,-0.02157,-0.42787,0.05674,0.30077
-0.20178,0.97815,-0.05015,-0.1088,-0.48208,0.16756
-0.19124,0.97827,-0.08007,0.40331,-0.66684,-0.14645
-0.18412,0.97705,-0.10708,0.45573,-0.56652,-0.12973
-0.17422,0.97424,-0.1432,0.36391,-0.23937,-0.05064
-0.15693,0.97018,-0.18474,0.23951,0.05913,0.20169
-0.13402,0.9692,-0.20664,-0.15022,-0.00401,0.63648
-0.10749,0.96934,-0.22095,-0.49006,-0.2334,0.17145
-0.08647,0.96885,-0.23208,-0.33035,-0.13619,-0.05235
-0.07116,0.967,-0.24463,-0.22276,0.07313,0.14585
-0.05879,0.9656,-0.25332,-0.16631,0.14766,0.30414
-0.04885,0.96668,-0.2513,-0.44326,0.1286,0.1203
-0.04882,0.9659,-0.25425,-0.87102,0.05723,-0.2201
-0.05975,0.96297,-0.2629,-0.68311,0.16101,0.16923
-0.07447,0.9663,-0.24643,-0.41313,0.11003,0.22797
-0.10984,0.96884,-0.22199,-0.40392,0.23273,0.15354
-0.16383,0.96952,-0.18217,-0.36982,0.41788,0.20797
-0.22424,0.96422,-0.14142,-0.18509,1.17011,0.30824
-0.27454,0.95605,-0.10293,0.29443,1.40653,-0.12636
-0.30449,0.95011,-0.06765,0.63562,1.28709,-0.06946
-0.3286,0.94368,-0.03853,0.72504,0.89874,0.2811
-0.35271,0.93569,-0.00866,0.45212,0.40974,0.34155
-0.37792,0.92524,0.03315,0.06644,-0.19722,-0.21081
-0.41824,0.90493,0.0786,0.07737,-0.33811,-0.12262
-0.4603,0.88191,0.10179,0.20349,-0.3863,-0.18879
-0.49512,0.8599,0.12421,0.34172,-0.53225,-0.31981
-0.52076,0.83816,0.16217,0.46467,-0.57145,-0.39664
-0.53615,0.81913,0.20387,0.6781,-0.73289,-0.399
-0.53955,0.80565,0.24456,0.70467,-0.76186,-0.31626
-0.53201,0.80077,0.27519,0.6864,-0.75811,-0.3327
-0.51479,0.80794,0.28675,0.47057,-0.77716,-0.17065
-0.48761,0.82895,0.274,0.25584,-0.7213,0.08997
-0.45891,0.85515,0.24107,0.03922,-0.6126,0.27522
-0.43768,0.87079,0.22398,-0.43078,0.21832,0.69257
-0.42255,0.86857,0.25892,-0.63237,2.72839,1.06728
-0.42748,0.85422,0.29592,-0.30442,2.08017,1.24383
-0.44444,0.84149,0.30718,-0.01666,-0.18379,0.30006
-0.46238,0.8354,0.29718,0.15545,0.51614,0.2489
-0.47796,0.8404,0.25553,0.48141,2.43469,-0.64671
-0.48208,0.84663,0.22542,1.1129,1.85393,-1.09629
-0.47711,0.85421,0.2066,0.73599,-0.78185,-0.22209
-0.46717,0.86356,0.18976,0.70064,-0.28565,-0.23324
-0.44109,0.88467,0.15098,0.57186,-0.18568,-0.77662
-0.39483,0.91433,0.09004,0.29691,0.43357,-0.816
-0.34402,0.93851,0.029,0.14362,0.60917,-0.5373
-0.29179,0.95644,-0.00893,-0.3821,0.1882,0.20335
-0.24993,0.9678,-0.03009,-0.32292,-0.04519,0.12257
-0.2212,0.97357,-0.05681,0.15272,-0.53583,-0.00645
-0.20436,0.97568,-0.07922,0.31197,-0.59164,-0.05878
-0.19234,0.97607,-0.10142,0.45522,-0.54314,-0.08257
-0.1776,0.97484,-0.13472,0.41537,-0.26527,-0.00926
-0.15799,0.97209,-0.17345,0.23777,-0.03001,0.142
-0.13561,0.97112,-0.19633,-0.03408,-0.09206,0.51913
-0.10927,0.97142,-0.21074,-0.42578,-0.2225,0.22217
-0.08829,0.97163,-0.21942,-0.38846,-0.16346,0.04505
-0.07356,0.97116,-0.22681,-0.27887,-0.07891,0.14304
-0.06047,0.96966,-0.23685,-0.34244,0.14871,0.16879
-0.05104,0.96852,-0.24367,-0.50001,0.18558,0.12655
-0.04781,0.9675,-0.24833,-0.73637,0.1307,-0.0039
-0.05854,0.96467,-0.25687,-0.9612,0.25049,0.0874
-0.07989,0.96751,-0.23987,-0.27771,0.11319,0.01117
-0.12018,0.9694,-0.21404,-0.20775,0.43846,0.09786
-0.16912,0.97017,-0.17371,-0.16162,0.59677,0.38543
-0.22295,0.96594,-0.13138,-0.16289,0.89858,0.35312
-0.27045,0.95846,-0.09058,0.24573,1.12834,-0.11702
-0.2997,0.95261,-0.052,0.54665,1.02869,-0.08563
-0.32383,0.94594,-0.01846,0.6926,0.81648,0.14505
-0.35173,0.93597,0.01568,0.47524,0.47965,0.22149
-0.38345,0.92161,0.06004,0.08917,0.1769,-0.11755
-0.41943,0.90166,0.10527,0.10049,-0.10749,-0.13433
-0.45286,0.88172,0.13225,0.24444,-0.32903,-0.1599
-0.48289,0.86108,0.15924,0.32703,-0.3935,-0.31967
-0.5044,0.84099,0.19574,0.56324,-0.59468,-0.44174
-0.51546,0.82488,0.23212,0.69479,-0.92229,-0.32114
-0.51592,0.81598,0.26078,0.67583,-0.93604,-0.29125
-0.50636,0.81608,0.27858,0.64804,-0.90618,-0.28169
-0.48704,0.82691,0.28109,0.36828,-0.83141,-0.02104
-0.45921,0.84848,0.26306,0.34045,-0.85298,-0.003
-0.4311,0.87185,0.23243,0.01239,-0.58133,0.29322
-0.41141,0.88451,0.21998,-0.58356,1.38443,0.64755
-0.40683,0.87442,0.26434,-0.73191,2.86728,0.96062
-0.42306,0.85722,0.29359,-0.23115,1.39107,0.96718
-0.45807,0.8386,0.29482,0.38092,-0.34019,0.10951
-0.47873,0.83613,0.26777,0.18205,0.85816,0.1321
-0.48748,0.83673,0.24951,0.8899,2.59556,-1.11952
-0.48965,0.83662,0.24557,0.79313,-1.23053,-0.17193
-0.47807,0.84669,0.2336,0.6631,-0.7033,0.03311
-0.45332,0.86914,0.19774,0.33961,-0.42584,-0.90628
-0.40838,0.90226,0.13842,0.23905,0.41775,-0.77215
-0.35098,0.93235,0.08677,-0.08785,1.01261,0.01231
-0.2979,0.95246,0.06389,-0.42708,0.31016,0.09785
-0.25906,0.96463,0.04866,-0.28351,0.00451,-0.00984
-0.24241,0.97004,0.01605,0.0192,-0.40832,0.14334
-0.23766,0.97105,-0.02425,0.24448,-0.56992,0.09732
-0.22796,0.97203,-0.05655,0.65278,-0.61625,0.09276
-0.2089,0.97403,-0.08731,0.35048,-0.33795,-0.00535
-0.18619,0.97457,-0.12469,0.03788,0.00555,-0.00443
-0.15929,0.97384,-0.16207,0.1498,-0.03711,0.17428
-0.12919,0.97316,-0.19044,0.05206,-0.26761,0.25944
-0.09729,0.97321,-0.20829,-0.05672,-0.30595,0.32045
-0.07005,0.97346,-0.21785,-0.28893,-0.17371,0.23326
-0.05592,0.97272,-0.22515,-0.37517,-0.05763,0.191
-0.05079,0.97176,-0.23045,-0.4005,0.05049,0.07612
-0.04723,0.97059,-0.23607,-0.54529,0.06332,-0.06263
-0.05171,0.96739,-0.24795,-1.12185,0.47444,0.09892
-0.07115,0.96923,-0.23565,-0.65536,0.26765,0.06804
-0.11504,0.96879,-0.21956,-0.50204,0.61308,-0.02735
-0.17126,0.96906,-0.17772,-0.28707,0.89684,0.31576
-0.22861,0.96524,-0.12669,-0.04904,0.86785,0.48456
-0.27851,0.95754,-0.07453,0.41112,1.3155,-0.29353
-0.30836,0.95088,-0.02729,0.79001,1.25004,-0.37445
-0.33015,0.94392,0.00299,0.82615,0.68832,0.05815
-0.35712,0.93333,0.037,0.47926,0.31428,0.27632
-0.39059,0.91737,0.07661,0.12224,0.22625,0.01706
-0.43261,0.89518,0.10727,0.04006,-0.10379,-0.17633
-0.47187,0.87156,0.13311,0.18196,-0.41451,-0.34684
-0.50182,0.84779,0.17157,0.29674,-0.55312,-0.45978
-0.51861,0.82715,0.21648,0.57835,-0.92909,-0.48937
-0.52502,0.81174,0.25581,0.74972,-1.11321,-0.34197
-0.52241,0.80337,0.2858,0.6921,-0.94244,-0.37149
-0.51176,0.80216,0.30765,0.65623,-0.80933,-0.43596
-0.49532,0.80974,0.31461,0.52216,-0.75766,-0.15677
-0.47634,0.82845,0.29457,0.44947,-0.7454,0.0463
-0.46233,0.85047,0.25091,-0.04836,-0.53714,0.51095
-0.45091,0.86283,0.22849,-0.86249,1.15719,0.50825
-0.4435,0.85922,0.25504,-0.86264,2.24031,0.73347
-0.45406,0.84511,0.28218,-0.26249,1.92687,0.94883
-0.46965,0.82973,0.30162,0.07628,-0.75353,0.22153
-0.48346,0.82339,0.29713,0.17696,-1.01532,0.30811
-0.4918,0.83734,0.23872,-0.10793,0.90269,0.28327
-0.48836,0.85034,0.19601,1.68445,0.9762,-0.46096
-0.48147,0.85279,0.20232,0.60341,-0.74035,0.17201
-0.46609,0.8619,0.19972,0.42957,-0.32992,0.17897
-0.43657,0.8824,0.17544,0.3442,-0.05583,-0.96922
-0.39219,0.91115,0.12642,0.28779,0.43273,-0.73914
-0.34212,0.93695,0.07131,0.19577,0.41654,-0.55126
-0.28778,0.95751,0.01869,-0.06505,0.14583,-0.09808
-0.24148,0.97014,-0.02284,-0.40244,-0.08432,0.44382
-0.21154,0.9763,-0.0456,-0.36551,-0.28121,0.33405
-0.19658,0.97868,-0.0595,0.23627,-0.5596,-0.0949
-0.18737,0.97907,-0.07951,0.431,-0.45137,-0.12789
-0.17548,0.97788,-0.11382,0.48806,-0.29621,0.04566
-0.15573,0.97605,-0.15189,0.34157,-0.04713,0.1706
-0.13441,0.9744,-0.18021,0.04501,-0.07078,0.40259
-0.10947,0.97256,-0.20527,-0.39335,-0.1129,0.33196
-0.09132,0.97029,-0.22404,-0.49136,-0.07404,0.16598
-0.08693,0.96813,-0.23489,-0.43161,-0.16199,0.21084
-0.08566,0.96568,-0.24519,-0.34032,-0.0993,0.22696
-0.08309,0.96505,-0.24856,-0.28887,-0.01993,0.16079
-0.08189,0.96414,-0.25244,-0.82001,0.32643,-0.16417
-0.09459,0.96007,-0.26327,-0.84941,0.49087,0.12408
-0.11669,0.96309,-0.24258,-0.18174,0.15262,0.18355
-0.15973,0.96317,-0.21629,-0.24465,0.55099,0.22171
-0.21409,0.96244,-0.16693,-0.20293,0.63123,0.34711
-0.27,0.95562,-0.11784,-0.02367,0.86202,0.321
-0.31397,0.94691,-0.06914,0.41512,1.29656,-0.2837
-0.33691,0.94124,-0.02365,0.70144,1.06682,-0.25928
-0.35969,0.93303,0.00909,0.71835,0.64814,0.30923
-0.39103,0.91947,0.04085,0.23925,0.36994,0.2435
-0.43085,0.89881,0.08061,-0.02743,0.16386,-0.12517
-0.46842,0.87624,0.1131,0.15323,-0.33461,-0.21628
-0.50236,0.85345,0.13875,0.19742,-0.38728,-0.22081
-0.52949,0.83133,0.1689,0.35024,-0.45996,-0.34407
-0.54691,0.81226,0.20278,0.63061,-0.84319,-0.38088
-0.55365,0.79906,0.23448,0.6703,-0.92386,-0.34857
-0.55094,0.79327,0.25921,0.73222,-0.91506,-0.30906
-0.53928,0.79515,0.27732,0.60716,-0.92796,-0.30558
-0.51892,0.80908,0.27588,0.55688,-0.95503,-0.18065
-0.49194,0.83527,0.24558,0.41,-0.8708,0.06006
-0.46889,0.85772,0.21085,-0.55917,0.2904,0.56735
-0.45245,0.86502,0.21687,-0.68991,1.24563,0.54751
-0.45788,0.84927,0.26285,-0.71204,3.24093,1.10385
-0.47981,0.83071,0.28232,-0.18713,-0.46935,0.2587
-0.49961,0.81806,0.2849,0.1388,-1.02668,0.02057
-0.51062,0.82472,0.24311,0.02057,1.62505,0.00742
-0.51253,0.83676,0.19273,1.18401,1.30985,-0.96681
-0.51358,0.83949,0.17745,0.69754,-0.81354,0.09258
-0.50217,0.84778,0.17055,0.67856,-0.5551,0.1357
-0.47686,0.86557,0.15294,0.31335,-0.12625,-0.90894
-0.43486,0.89421,0.10622,0.31955,0.47763,-0.69931
-0.386,0.92115,0.04992,0.21112,0.6501,-0.51435
-0.336,0.94185,-0.00405,-0.07128,0.31428,-0.08914
-0.29032,0.95609,-0.04008,-0.31005,-0.0271,0.32925
-0.25798,0.96391,-0.06575,-0.15225,-0.30047,0.16862
-0.23819,0.96732,-0.08697,0.2021,-0.47344,-0.01163
-0.22394,0.9688,-0.1062,0.41444,-0.45554,-0.00455
-0.20908,0.96873,-0.1336,0.44133,-0.38098,0.00224
-0.19004,0.96724,-0.16834,0.32153,-0.10121,0.09064
-0.16817,0.96607,-0.19602,0.05641,-0.10702,0.27486
-0.14227,0.96527,-0.21914,-0.22544,-0.23109,0.3205
-0.11768,0.96361,-0.24002,-0.39371,-0.17157,0.18454
-0.10431,0.96164,-0.25371,-0.32724,-0.03989,0.27408
-0.09656,0.95866,-0.26766,-0.31178,0.0296,0.3309
-0.091,0.95675,-0.27631,-0.29283,0.1119,0.29259
-0.08502,0.95691,-0.27764,-0.7334,0.16265,-0.08642
-0.09023,0.95357,-0.28733,-0.93119,0.47517,0.13392
-0.10559,0.95567,-0.27486,-0.67743,0.39612,0.27402
-0.13813,0.95823,-0.25044,-0.10648,0.29641,0.10897
-0.18398,0.95993,-0.21138,-0.14321,0.4989,0.23505
-0.23823,0.95717,-0.16454,-0.29417,0.72134,0.35128
-0.29202,0.94901,-0.11878,0.00317,1.13435,-0.04357
-0.32855,0.9419,-0.06989,0.43864,1.24978,-0.30943
-0.34769,0.93707,-0.03187,0.67414,0.8803,-0.12069
-0.37444,0.92725,0.00149,0.54145,0.40899,0.30488
-0.41382,0.90919,0.04619,0.08164,0.15112,-0.03794
-0.45711,0.88505,0.08795,0.23918,-0.22514,-0.09959
-0.49846,0.85898,0.11698,0.25854,-0.3099,-0.19712
-0.53223,0.83265,0.15304,0.45108,-0.61174,-0.42576
-0.55309,0.81003,0.19477,0.70002,-0.89409,-0.42178
-0.56058,0.79421,0.23446,0.73224,-0.93189,-0.3387
-0.55639,0.78722,0.26593,0.7342,-0.79601,-0.2826
-0.54291,0.78932,0.28675,0.59829,-0.80014,-0.26107
-0.52419,0.80122,0.28857,0.51079,-0.80248,-0.13177
-0.50345,0.82486,0.25721,0.15606,-0.60466,0.3441
-0.48608,0.84872,0.20832,-0.48018,0.04604,0.41106
-0.46944,0.85869,0.2056,-0.85351,1.86551,0.27427
-0.46995,0.84488,0.25558,-0.98809,2.89891,0.74361
-0.4886,0.82641,0.27985,-0.17584,-0.13017,0.40294
-0.50928,0.81399,0.27938,0.31633,-0.69526,0.32718
-0.52326,0.81788,0.23931,0.25706,0.90331,0.11004
-0.52711,0.82405,0.20759,1.07462,0.54132,-0.37044
-0.52244,0.83032,0.19397,0.62344,-0.7405,0.27907
-0.50915,0.84214,0.17765,0.48768,-0.16589,0.31789
-0.47947,0.86444,0.15116,0.38224,-0.03585,-0.79833
-0.42882,0.89748,0.10314,0.36359,0.10197,-0.83552
-0.37835,0.92438,0.04863,-0.0871,0.31784,-0.18268
-0.32806,0.94465,-0.00246,-0.29865,-0.04037,0.21177
-0.28442,0.95821,-0.03053,-0.21343,-0.16039,0.11269
-0.25462,0.96571,-0.05076,0.04583,-0.36738,0.06078
-0.23725,0.96888,-0.07053,0.29142,-0.4563,-0.05074
-0.22607,0.96989,-0.09061,0.3988,-0.44082,-0.00456
-0.21196,0.96975,-0.12106,0.47218,-0.19218,0.06138
-0.19103,0.96904,-0.15642,0.19764,-0.02013,0.19716
-0.16775,0.96815,-0.18587,0.12342,-0.11505,0.19506
-0.14295,0.96671,-0.21224,-0.23409,-0.27887,0.23014
-0.11874,0.9642,-0.2371,-0.30376,-0.08488,0.14245
-0.10295,0.96165,-0.25422,-0.21709,0.04738,0.23674
-0.09107,0.95968,-0.26593,-0.15902,0.11837,0.23488
-0.08076,0.95847,-0.27354,-0.69308,0.2449,-0.05595
-0.07329,0.95863,-0.27506,-0.70055,0.24474,-0.05443
-0.07742,0.95712,-0.27916,-1.08369,0.36904,0.09654
-0.09205,0.9591,-0.2677,-0.38207,0.15583,-0.00958
-0.12381,0.96214,-0.24283,-0.22634,0.23252,0.1314
-0.174,0.964,-0.20104,-0.2055,0.49056,0.39569
-0.23301,0.96078,-0.15039,-0.23001,0.93518,0.21049
-0.28856,0.95192,-0.10287,0.16556,1.29843,-0.38932
-0.3255,0.94389,-0.05579,0.36652,1.31178,-0.45058
-0.35056,0.9363,-0.02127,0.53951,0.88424,0.25896
-0.38612,0.92237,0.01222,0.35786,0.44525,0.31776
-0.42823,0.90215,0.0524,0.15052,0.16494,-0.12233
-0.47089,0.87718,0.09391,0.25571,-0.20408,-0.12097
-0.50871,0.85169,0.12582,0.31767,-0.45484,-0.1951
-0.54209,0.82514,0.15901,0.41017,-0.58085,-0.36098
-0.56493,0.8008,0.19894,0.63402,-0.76659,-0.4452
-0.57648,0.78119,0.23961,0.76833,-0.92033,-0.36916
-0.57675,0.76935,0.2747,0.80815,-0.78341,-0.42441
-0.56599,0.76529,0.30657,0.65655,-0.69109,-0.39532
-0.5473,0.77114,0.32529,0.51615,-0.72454,-0.20888
-0.52477,0.79125,0.31393,0.38379,-0.72083,0.128
-0.50374,0.82027,0.27093,-0.17975,-0.33279,0.48002
-0.48451,0.84145,0.2392,-0.67295,0.70402,0.40077
-0.46805,0.84474,0.25949,-0.6776,2.67332,0.88079
-0.47587,0.82924,0.29311,-0.25059,1.17192,0.68069
-0.49649,0.81159,0.30791,0.02904,-0.65225,0.10096
-0.51334,0.80304,0.30269,-0.03867,-1.06074,0.1913
-0.52431,0.81649,0.24176,0.08688,0.86127,-0.30357
-0.5057,0.84326,0.18215,1.40742,1.77095,-0.79257
-0.48185,0.85317,0.19979,0.09303,-0.33353,-0.04731
-0.46947,0.86103,0.19552,0.17255,-0.17449,-0.10691
-0.45284,0.87493,0.17157,0.29618,-0.23006,-0.38556
-0.41988,0.89791,0.13211,0.40724,-0.31204,-0.78607
-0.37521,0.92304,0.08497,0.28742,0.1837,-0.60569
-0.32515,0.94481,0.04021,-0.01269,0.16579,-0.10283
-0.27271,0.96209,-0.00454,-0.25757,0.16586,0.15476
-0.23588,0.97113,-0.03565,-0.28184,-0.35992,0.27964
-0.21772,0.97477,-0.04914,-0.04292,-0.43177,0.07181
-0.21235,0.97513,-0.06351,0.29839,-0.43839,-0.0632
-0.2073,0.97408,-0.09049,0.51421,-0.44094,-0.11902
-0.19106,0.97311,-0.12863,0.54119,-0.14417,-0.02984
-0.1697,0.97221,-0.16128,0.20019,-0.04502,0.23208
-0.14678,0.97126,-0.18739,-0.36712,-0.15769,0.43979
-0.12321,0.96955,-0.21162,-0.45849,-0.09852,0.20509
-0.1122,0.96801,-0.22443,-0.36474,-0.14704,0.14719
-0.10661,0.96665,-0.23287,-0.09549,0.02354,0.13387
-0.10007,0.96538,-0.24088,-0.06116,0.24946,-0.00558
-0.09104,0.9658,-0.24279,-0.65051,0.24554,-0.20222
-0.09219,0.96229,-0.25594,-0.81355,0.46458,0.2434
-0.10517,0.96324,-0.24718,-0.50734,0.24051,0.47784
-0.13799,0.9638,-0.22812,-0.48882,0.39974,0.02497
-0.1892,0.96378,-0.18798,-0.4625,0.53097,0.40142
-0.24681,0.95916,-0.13818,-0.1536,0.80607,0.49407
-0.29849,0.9502,-0.0896,0.37297,1.22,-0.27262
-0.33087,0.94284,-0.03971,0.6818,1.14247,-0.20425
-0.34944,0.93696,-0.00143,0.77885,0.67358,0.23124
-0.37769,0.92539,0.0316,0.32423,0.32607,0.22908
-0.41246,0.90848,0.06731,0.01053,0.21514,-0.00636
-0.45431,0.88551,0.09737,-0.02128,-0.07537,-0.1239
-0.49584,0.86008,0.12001,0.12454,-0.29212,-0.23141
-0.52914,0.8351,0.15036,0.35091,-0.45659,-0.33034
-0.55266,0.81212,0.18714,0.62586,-0.70937,-0.41762
-0.56603,0.79297,0.22538,0.75129,-0.90369,-0.37324
-0.56976,0.78039,0.2576,0.78061,-0.89991,-0.33431
-0.5642,0.77512,0.28438,0.68912,-0.74156,-0.30352
-0.55117,0.7786,0.29998,0.57252,-0.71119,-0.16728
-0.53278,0.79485,0.29042,0.47253,-0.69328,-0.02414
-0.50966,0.82332,0.24977,0.00292,-0.5151,0.42611
-0.48895,0.84478,0.21741,-0.79007,0.48218,0.37967
-0.47283,0.84712,0.24251,-1.0143,2.57695,0.57759
-0.47932,0.83085,0.28274,-0.49378,1.42422,0.9794
-0.5002,0.81293,0.29825,0.12957,-0.44165,0.38186
-0.51572,0.80796,0.28499,0.42487,0.35225,0.19415
-0.51803,0.82015,0.24289,0.67262,1.96513,-0.73753
-0.51634,0.82479,0.23047,0.74042,-0.07853,-0.01952
-0.5108,0.83059,0.22183,0.60257,-0.31553,0.26491
-0.49467,0.84372,0.20841,0.57203,-0.16285,0.04725
-0.45954,0.8698,0.17966,0.40348,-0.03751,-0.77216
-0.40736,0.90356,0.13279,0.237,0.42879,-0.80302
-0.35139,0.93214,0.08743,0.06471,0.37635,-0.46084
-0.29149,0.95534,0.04868,-0.23212,0.07454,0.12345
-0.24375,0.96944,0.02763,-0.33358,-0.19706,0.14493
-0.21859,0.97578,0.00849,-0.18805,-0.36236,0.07087
-0.20904,0.97779,-0.01534,0.2395,-0.49742,-0.15246
-0.19967,0.97896,-0.042,0.5662,-0.40094,-0.02392
-0.1836,0.98006,-0.07597,0.53344,-0.28759,0.04064
-0.16048,0.98079,-0.11086,0.28185,-0.06644,0.13535
-0.13568,0.98061,-0.14141,-0.12718,-0.25026,0.37028
-0.11027,0.97936,-0.16941,-0.43394,-0.12,0.24909
-0.09166,0.97719,-0.19156,-0.44172,-0.10088,0.15199
-0.08348,0.97548,-0.20366,-0.32538,-0.03176,0.21802
-0.07925,0.97367,-0.21375,-0.11968,0.02383,0.19884
-0.07413,0.97327,-0.21736,-0.34829,0.14213,-0.1422
-0.06979,0.97296,-0.22017,-0.8375,0.60715,-0.19015
-0.07423,0.9689,-0.23604,-0.65346,0.58913,0.62884
-0.08373,0.97141,-0.22215,-0.57414,0.31248,0.13931
-0.10639,0.97481,-0.19603,-0.21009,0.05336,0.10507
-0.14869,0.97528,-0.16349,-0.36761,0.17739,0.23092
-0.20413,0.97186,-0.11754,-0.50384,0.76175,0.1823
-0.26338,0.96197,-0.07241,-0.14992,1.36294,-0.42099
-0.30221,0.95301,-0.02084,0.43489,1.0309,-0.40705
-0.32555,0.94535,0.01804,0.60315,0.75667,0.08451
-0.35646,0.93307,0.04802,0.69778,0.61246,0.25462
-0.40248,0.91195,0.07974,0.50844,0.24485,-0.16411
-0.44982,0.885,0.12018,0.34105,-0.19034,-0.16058
-0.49472,0.85587,0.1508,0.13771,-0.23749,-0.16804
-0.53503,0.82557,0.17935,0.24705,-0.55971,-0.38655
-0.55796,0.80048,0.2189,0.3675,-0.58151,-0.45179
-0.56461,0.78181,0.26456,0.50665,-0.65445,-0.47685
-0.55871,0.77106,0.30546,0.77533,-0.90042,-0.40537
-0.54408,0.76883,0.33597,0.72386,-0.89598,-0.38418
-0.52483,0.77533,0.3513,0.57699,-0.88731,-0.17855
-0.50623,0.78971,0.34654,0.38156,-0.75279,0.12577
-0.49357,0.80673,0.32492,0.10218,-0.29686,0.39807
-0.48958,0.81366,0.31348,-0.39105,0.7748,0.60094
-0.48723,0.80264,0.34407,-0.82254,1.90748,0.73003
-0.48938,0.78654,0.37664,-0.59776,0.66242,0.48395
-0.50298,0.77355,0.38552,-0.20101,-0.47951,0.1256
-0.52563,0.7657,0.3707,0.15692,-0.45515,0.39536
-0.54193,0.78094,0.31056,0.24292,2.18891,-0.61841
-0.53038,0.79487,0.29476,1.3968,0.05588,0.85405
-0.51949,0.79455,0.31435,1.18557,-0.74563,0.20594
-0.51252,0.80597,0.2962,0.45829,-0.28708,-0.28555
-0.50568,0.83506,0.21671,0.49773,-0.03682,-0.80068
-0.46879,0.87495,0.12127,0.53905,0.06701,-0.54276
-0.4152,0.90773,0.06025,-0.12045,0.46911,-0.21881
-0.36485,0.93069,0.02657,-0.14684,0.0301,0.00253
-0.30785,0.95142,0.00503,-0.09263,0.03326,0.049
-0.26194,0.96487,-0.02035,-0.29128,-0.28317,0.01538
-0.23547,0.97048,-0.05211,0.0752,-0.69396,0.03673
-0.22455,0.97123,-0.07933,0.14539,-0.61849,0.04918
-0.21921,0.96982,-0.10676,0.05996,-0.09326,0.02833
-0.21059,0.96664,-0.14583,0.24276,0.07704,0.01441
-0.19299,0.9635,-0.18552,0.33061,0.01924,0.10653
-0.16537,0.96216,-0.21655,0.30603,-0.26548,0.40768
-0.1308,0.96276,-0.23661,-0.04127,-0.07996,0.68692
-0.10275,0.96464,-0.24271,-0.34021,-0.00061,0.36943
-0.08907,0.96511,-0.24624,-0.30076,0.10919,-0.18476
-0.08037,0.96228,-0.25992,-0.52056,0.4632,-0.00978
-0.07643,0.96038,-0.268,-0.88173,0.4414,0.3802
-0.07727,0.96066,-0.26677,-0.76272,0.43766,0.29756
-0.08775,0.96248,-0.25677,-0.5405,0.41664,-0.15139
-0.12074,0.96257,-0.24264,-0.35336,0.4351,0.26159
-0.16728,0.9629,-0.21174,-0.32554,0.36777,0.30169
-0.22242,0.95986,-0.17086,-0.19875,0.79598,0.47703
-0.2768,0.95201,-0.13058,0.15653,1.16997,0.06122
-0.31738,0.94418,-0.08832,0.41958,1.28216,-0.21724
-0.34312,0.93785,-0.0519,0.6994,0.37213,0.15899
-0.36856,0.92935,-0.02154,0.51342,0.19902,0.21949
-0.40287,0.91511,0.0166,0.23877,0.1045,0.03595
-0.44498,0.89409,0.05099,0.26126,-0.10101,-0.0563
-0.4876,0.86949,0.07896,0.33893,-0.35368,-0.23491
-0.52937,0.84121,0.11012,0.37219,-0.61441,-0.398
-0.55976,0.81421,0.15403,0.57891,-0.8794,-0.46318
-0.5772,0.79119,0.20216,0.77495,-0.95152,-0.31555
-0.58237,0.77481,0.24599,0.76222,-0.8719,-0.29038
-0.57715,0.76626,0.28238,0.76752,-0.77076,-0.29764
-0.56264,0.76717,0.30804,0.61075,-0.62619,-0.17251
-0.54197,0.78053,0.31152,0.31124,-0.5088,0.1986
-0.52782,0.80029,0.28448,-0.03979,-0.38312,0.46422
-0.52291,0.81265,0.25722,-0.79956,1.37536,0.35699
-0.51349,0.81412,0.27116,-0.5039,1.99327,0.67183
-0.5124,0.80357,0.30286,-0.08451,1.2291,0.61094
-0.52018,0.79082,0.3225,0.14512,-0.28123,0.10754
-0.53757,0.78315,0.31257,-0.01027,-0.52936,0.30339
-0.55525,0.79624,0.24021,0.30106,1.07333,-0.49076
-0.54555,0.81428,0.19827,1.51472,1.15285,-0.31942
-0.52848,0.82179,0.21298,0.74529,-0.23811,0.4624
-0.50939,0.83485,0.20868,0.3696,-0.14941,0.22928
-0.48376,0.85716,0.17677,0.36395,-0.19689,-0.56987
-0.43702,0.89133,0.12062,0.43613,-0.28584,-0.85434
-0.3797,0.92283,0.06488,0.39315,0.3492,-0.71818
-0.31545,0.9488,0.01629,0.14345,0.21189,-0.39904
-0.25099,0.9676,-0.02735,-0.31429,0.1641,0.07713
-0.20762,0.9761,-0.06418,-0.45154,-0.44271,0.34589
-0.18803,0.97867,-0.08273,-0.09443,-0.55974,0.14105
-0.18626,0.97744,-0.09958,0.24774,-0.62035,0.00472
-0.18149,0.97442,-0.13252,0.52551,-0.24922,-0.08857
-0.16617,0.97056,-0.17437,0.60213,-0.06101,0.04542
-0.14135,0.96834,-0.20576,0.37999,0.10919,0.36303
-0.11078,0.96676,-0.23042,-0.3278,0.11214,0.60612
-0.08621,0.96587,-0.24425,-0.70324,-0.0665,0.30276
-0.08008,0.9666,-0.24346,-0.54073,-0.06323,0.04075
-0.08017,0.96492,-0.25,-0.30528,0.3812,-0.0808
-0.07742,0.96226,-0.26087,-0.4143,0.51363,-0.1372
-0.0823,0.95962,-0.26899,-0.80109,0.50533,0.64143
-0.09424,0.9622,-0.25553,-0.64268,0.28446,0.14956
-0.11857,0.96735,-0.22399,-0.27984,-0.08097,0.03643
-0.16416,0.96905,-0.18436,-0.15806,0.068,0.47319
-0.2241,0.96493,-0.13667,-0.24946,0.88561,0.4586
-0.28907,0.9528,-0.0928,0.1226,1.40024,-0.17499
-0.3289,0.94322,-0.04648,0.36308,1.42443,-0.39352
-0.34618,0.93815,-0.0062,0.73898,0.74021,-0.11869
-0.36807,0.92952,0.02278,0.46211,0.34613,0.37016
-0.4005,0.91448,0.05764,0.11855,0.18907,-0.10569
-0.44171,0.89136,0.10177,0.01201,-0.00916,-0.17298
-0.48388,0.86537,0.13033,0.30692,-0.29964,-0.16901
-0.52088,0.83949,0.15471,0.39861,-0.43396,-0.28908
-0.54987,0.81435,0.18565,0.57099,-0.66907,-0.38361
-0.56645,0.79424,0.21983,0.69484,-0.87549,-0.35947
-0.57011,0.78166,0.25293,0.72682,-0.88572,-0.36249
-0.5606,0.77824,0.28295,0.74896,-0.90982,-0.42064
-0.53861,0.78542,0.30497,0.59783,-0.78046,-0.10878
-0.51055,0.80447,0.30358,0.45852,-0.75646,0.0709
-0.48557,0.83012,0.27408,0.25443,-0.65835,0.30265
-0.47607,0.84467,0.24473,-0.73693,1.60791,0.35936
-0.47251,0.83789,0.27327,-0.76832,2.72798,0.73987
-0.47996,0.81697,0.31969,-0.17232,1.2994,0.84256
-0.50167,0.79775,0.33453,0.11162,-0.94058,-0.05553
-0.52631,0.79274,0.3075,0.11259,0.22827,-0.09947
-0.53154,0.8087,0.25194,0.55501,1.70703,-0.60121
-0.52706,0.81478,0.24154,0.85526,0.46315,0.25979
-0.51925,0.81942,0.24276,0.63294,-0.11658,0.06074
-0.50313,0.83425,0.22558,0.47385,-0.07009,-0.40676
-0.47451,0.86153,0.18056,0.35093,-0.19332,-0.94912
-0.42593,0.89714,0.11714,0.44897,0.11028,-0.79843
-0.36956,0.92722,0.06073,0.27033,0.22894,-0.1408
-0.31246,0.94966,0.02262,0.03658,0.00927,0.0673
-0.26656,0.96381,-0.00012,-0.23655,-0.08491,0.23644
-0.23453,0.97178,-0.02512,-0.07976,-0.31521,0.02646
-0.21633,0.97498,-0.05111,0.09797,-0.41249,-0.01831
-0.20457,0.97573,-0.07813,0.29449,-0.34484,0.058
-0.18978,0.97557,-0.11064,0.18476,-0.18996,0.08679
-0.1694,0.97401,-0.15032,0.18482,-0.1899,0.08918
-0.14778,0.97126,-0.18656,0.07771,-0.28001,0.32743
-0.12391,0.96983,-0.20994,-0.4545,-0.23152,0.5502
-0.10089,0.96875,-0.22659,-0.5525,-0.08168,0.16389
-0.09379,0.96886,-0.22917,-0.22281,0.00078,0.08172
-0.09519,0.96757,-0.23396,-0.10976,0.34568,0.01008
-0.09218,0.96604,-0.24138,-0.5363,0.55454,-0.22933
-0.09193,0.96175,-0.25803,-0.83106,0.5968,0.2555
-0.09899,0.96102,-0.25816,-0.52033,0.4516,0.57763
-0.11347,0.96595,-0.23252,-0.42681,0.46823,-0.17242
-0.1499,0.96708,-0.20563,-0.19815,0.34444,0.13636
-0.19446,0.968,-0.15858,-0.35709,0.42007,0.4882
-0.24471,0.96272,-0.11527,-0.35342,0.82836,0.17724
-0.28916,0.95473,-0.06988,0.18065,0.92649,-0.36407
-0.31541,0.94866,-0.0237,0.49686,0.80757,-0.30882
-0.34071,0.94012,0.0097,0.46851,0.46766,0.1421
-0.37245,0.92721,0.03957,0.24204,0.18151,0.09678
-0.40971,0.90854,0.08181,0.07478,0.08087,-0.19868
-0.45041,0.88416,0.12404,0.23741,-0.13468,-0.04085
-0.48934,0.85848,0.15347,0.42456,-0.39926,-0.26619
-0.52383,0.83159,0.18452,0.55856,-0.58339,-0.39226
-0.54647,0.80787,0.22071,0.7486,-0.87241,-0.41528
-0.55544,0.79049,0.25809,0.77278,-0.92101,-0.36582
-0.55386,0.78054,0.2898,0.71811,-0.84295,-0.37869
-0.5447,0.77824,0.31247,0.52697,-0.49215,-0.20246
-0.53049,0.78434,0.32154,0.51276,-0.49825,-0.21152
-0.51564,0.79895,0.30948,0.08562,-0.29309,0.30762
-0.50424,0.81541,0.28433,-0.38223,0.54285,0.58863
-0.49108,0.82488,0.28003,-0.55452,1.08722,0.43367
-0.47976,0.81827,0.31662,-0.63714,1.72027,0.63954
-0.48508,0.80588,0.33948,-0.4181,0.11795,0.20196
-0.50054,0.79631,0.33961,-0.25657,-0.64502,0.17535
-0.52553,0.7995,0.29089,-0.11141,1.36169,-0.10555
-0.5321,0.80872,0.25066,1.09274,2.288,-0.99979
-0.53012,0.81048,0.24918,0.78595,-0.65403,0.52216
-0.51987,0.8185,0.24453,0.64302,-0.37378,0.60409
-0.49575,0.83803,0.22789,0.47472,-0.24484,-0.91047
-0.44907,0.87545,0.17867,0.4439,-0.12494,-1.0687
-0.39027,0.91217,0.12498,0.38368,0.45039,-0.71246
-0.32672,0.94167,0.08069,-0.10068,0.05844,-0.01805
-0.26743,0.9623,0.04963,-0.48341,-0.10294,0.2944
-0.2282,0.97328,0.02546,-0.35554,-0.34869,0.06098
-0.21001,0.9777,-0.00052,0.1346,-0.51358,-0.05844
-0.20737,0.97798,-0.02324,0.45743,-0.44878,-0.05761
-0.20196,0.97788,-0.0544,0.52667,-0.3476,0.06173
-0.1844,0.97812,-0.09626,0.46602,-0.06144,0.18708
-0.16109,0.97852,-0.12859,0.10903,0.03768,0.34957
-0.13721,0.97906,-0.15036,-0.3828,-0.0617,0.33342
-0.11788,0.97838,-0.16992,-0.48329,-0.35167,0.08337
-0.11339,0.97705,-0.1803,-0.36583,-0.32211,0.06114
-0.11492,0.97533,-0.18848,-0.251,0.20232,-0.00314
-0.11481,0.97327,-0.19892,-0.1924,0.41145,-0.05661
-0.11187,0.97057,-0.21325,-0.74212,0.62231,-0.07384
-0.11719,0.96665,-0.22772,-0.64904,0.52188,0.59027
-0.12608,0.96836,-0.21534,-0.59681,0.40725,-0.07721
-0.15545,0.968,-0.19698,-0.43873,0.38617,-0.10823
-0.19826,0.96639,-0.16362,-0.27516,0.26172,0.2973
-0.24765,0.96142,-0.11972,-0.17394,0.5992,0.52605
-0.29952,0.9507,-0.08035,0.17576,0.99924,-0.08697
-0.33979,0.93961,-0.04083,0.58152,1.21796,-0.3304
-0.3662,0.93051,-0.00658,0.80858,1.15125,-0.20483
-0.39448,0.91864,0.02214,0.47626,0.25576,0.31761
-0.42204,0.90479,0.05676,0.26433,0.03509,-0.11182
-0.4554,0.8853,0.09409,0.08106,-0.25872,-0.12961
-0.49414,0.86083,0.1216,0.18514,-0.34192,-0.21282
-0.5283,0.83559,0.15061,0.31023,-0.54569,-0.36793
-0.55483,0.81016,0.18918,0.54824,-0.71199,-0.4313
-0.56988,0.78841,0.23158,0.75857,-0.86102,-0.37164
-0.576,0.77201,0.26874,0.75149,-0.82419,-0.32094
-0.57323,0.76328,0.298,0.75925,-0.7027,-0.26709
-0.56311,0.76378,0.31549,0.70451,-0.64971,-0.23642
-0.54679,0.77658,0.31294,0.49311,-0.49179,0.05568
-0.52426,0.80151,0.28763,0.00094,-0.35766,0.35259
-0.50791,0.82001,0.26383,-0.92275,0.55931,0.43373
-0.49482,0.82159,0.28309,-0.7688,2.44765,0.64047
-0.49358,0.80471,0.32987,-0.22757,1.62527,1.02385
-0.50728,0.78876,0.34715,0.09989,-0.64212,0.24889
-0.52143,0.7838,0.33728,0.26705,-0.77605,-0.05303
-0.53432,0.79766,0.2797,0.23631,1.22439,-0.36286
-0.52929,0.81624,0.2315,1.29076,1.50121,-0.68566
-0.51688,0.82241,0.23765,0.44055,-0.3588,0.33434
-0.50577,0.83194,0.22818,0.36098,-0.24662,0.28952
-0.48456,0.85037,0.2051,0.30545,-0.21067,-0.45355
-0.44388,0.88156,0.16067,0.38934,0.10987,-0.90216
-0.39205,0.91272,0.11499,0.35298,0.30743,-0.73616
-0.33385,0.93914,0.08092,0.1816,0.27126,-0.45585
-0.27792,0.9595,0.04603,-0.29968,0.08181,0.21607
-0.24028,0.97067,-0.00764,-0.25309,-0.49305,0.48791
-0.22486,0.97347,-0.04229,0.28064,-0.54885,0.04192
-0.22408,0.97257,-0.06235,0.57028,-0.51111,-0.16771
-0.21438,0.97175,-0.09867,0.70956,-0.23352,-0.24392
-0.19158,0.97133,-0.14072,0.35805,0.00051,0.25318
-0.16701,0.97164,-0.16736,-0.27859,-0.0474,0.54935
-0.14026,0.97133,-0.19195,-0.59283,-0.14743,0.27666
-0.12506,0.9704,-0.20658,-0.47574,-0.31459,0.08622
-0.12326,0.96938,-0.21237,-0.45588,-0.05407,0.02055
-0.12984,0.96679,-0.22012,-0.39113,0.26214,0.00532
-0.13475,0.96375,-0.23026,-0.38483,0.34797,-0.09511
-0.13794,0.96027,-0.24257,-0.67934,0.59186,0.01802
-0.14648,0.95548,-0.25611,-0.38437,0.51363,0.57403
-0.15597,0.95707,-0.24431,-0.34324,0.25623,0.18553
-0.17541,0.96117,-0.21303,-0.16018,0.0361,0.15585
-0.21444,0.96131,-0.17291,-0.09285,0.16363,0.4974
-0.26716,0.95573,-0.12328,-0.24232,0.73896,0.19214
-0.32485,0.94249,-0.07859,0.07666,1.33986,-0.20084
-0.36083,0.93191,-0.03648,0.35456,1.4061,-0.31073
-0.37845,0.92562,-0.00092,0.72977,0.75755,-0.00025
-0.40126,0.9156,0.02589,0.54408,0.39382,0.29213
-0.42854,0.90167,0.05769,-0.03552,-0.05911,-0.18949
-0.46305,0.88039,0.10242,-0.10866,-0.1884,-0.11786
-0.50393,0.85349,0.13265,0.16146,-0.38888,-0.15468
-0.53736,0.82789,0.16072,0.37222,-0.49849,-0.39682
-0.56084,0.80402,0.19751,0.63176,-0.65708,-0.45677
-0.57438,0.78339,0.23745,0.73709,-0.72229,-0.48243
-0.57853,0.76869,0.27278,0.80719,-0.71086,-0.34903
-0.57294,0.76228,0.30109,0.79468,-0.72122,-0.32645
-0.55687,0.76746,0.31764,0.73941,-0.74817,-0.28601
-0.5339,0.78717,0.30871,0.17983,-0.55039,0.33318
-0.50948,0.81632,0.2721,-0.13779,-0.33095,0.51913
-0.49219,0.83557,0.24407,-0.56851,0.09411,0.57955
-0.47905,0.83264,0.27789,-0.83793,2.70433,0.84931
-0.48539,0.81585,0.31428,-0.33849,0.88758,0.75229
-0.5072,0.80039,0.31954,0.2927,-0.32647,0.18438
-0.52629,0.80021,0.28754,0.16159,1.13705,-0.10408
-0.53653,0.80696,0.24688,0.87623,1.48575,-0.96576
-0.54085,0.81109,0.22271,0.78876,-0.84735,0.1014
-0.53274,0.82238,0.19969,0.69831,-0.47069,0.27103
-0.50866,0.84173,0.18097,0.50805,-0.13157,-0.30133
-0.46018,0.87512,0.14963,0.39627,0.02926,-0.91098
-0.40286,0.90825,0.11301,0.23001,0.39776,-0.6437
-0.34192,0.93622,0.08106,0.04331,0.17882,-0.24766
-0.28535,0.95735,0.04526,-0.32845,-0.05916,0.21875
-0.24866,0.96857,0.00615,-0.37118,-0.22444,0.30591
-0.23431,0.97181,-0.02593,0.01001,-0.4194,0.1192
-0.23034,0.97187,-0.04896,0.53923,-0.49266,0.03919
-0.22089,0.97205,-0.07954,0.57422,-0.46851,-0.0109
-0.20059,0.9724,-0.11917,0.5135,-0.17743,0.04046
-0.17614,0.97272,-0.15095,0.00894,-0.06677,0.32481
-0.15141,0.97311,-0.17355,-0.25229,-0.07439,0.41406
-0.1299,0.97269,-0.19234,-0.59745,-0.15522,0.08681
-0.12382,0.97196,-0.19991,-0.3899,-0.20862,0.03281
-0.12812,0.97045,-0.20447,-0.1664,0.02314,0.11435
-0.13057,0.96907,-0.20939,-0.18782,0.25146,-0.186
-0.12961,0.96823,-0.21385,-0.64827,0.46089,-0.30223
-0.13461,0.9626,-0.2351,-0.59643,0.61583,0.3498
-0.14318,0.96365,-0.22556,-0.50468,0.31501,0.55319
-0.15778,0.9685,-0.19266,-0.29159,0.02137,-0.00445
-0.1958,0.96891,-0.15126,-0.18942,0.13493,0.56835
-0.25085,0.96283,-0.10019,-0.29055,0.58028,0.30459
-0.3101,0.94915,-0.05423,-0.03464,1.38396,-0.33101
-0.34797,0.93742,-0.01224,0.19101,1.43962,-0.45464
-0.36987,0.92887,0.01968,0.41763,0.65533,-0.03033
-0.39768,0.91635,0.04637,0.36471,0.35187,0.25254
-0.43516,0.89739,0.0729,0.08307,0.0508,-0.07433
-0.47713,0.87184,0.11062,0.03797,-0.28763,-0.16556
-0.51499,0.84517,0.14308,0.32241,-0.40537,-0.15768
-0.5476,0.81898,0.17148,0.42947,-0.51174,-0.32243
-0.57182,0.79459,0.20406,0.56834,-0.52048,-0.38701
-0.58514,0.77439,0.24068,0.65908,-0.58279,-0.46229
-0.58709,0.76166,0.27423,0.79226,-0.67958,-0.39155
-0.5794,0.7575,0.30079,0.76841,-0.6455,-0.37433
-0.56277,0.76363,0.31648,0.6966,-0.65818,-0.34762
-0.5412,0.78213,0.30883,0.21463,-0.49234,0.24449
-0.52115,0.80702,0.27769,-0.02294,-0.30908,0.38734
-0.50665,0.82347,0.25534,-0.3205,0.06753,0.47303
-0.49371,0.81951,0.29094,-0.54875,2.30064,0.71369
-0.49458,0.80269,0.33329,-0.24326,0.98424,0.77746
-0.5165,0.78695,0.33754,0.09331,-0.68082,0.11115
-0.54457,0.78556,0.29383,-0.1202,1.47403,0.02292
-0.55497,0.79109,0.25727,1.03825,1.92202,-0.92778
-0.5547,0.79007,0.26093,0.83496,-0.8442,0.29669
-0.54439,0.79657,0.2629,0.55847,-0.25993,-0.40787
-0.52222,0.82061,0.23212,0.31702,-0.21465,-1.16729
-0.47724,0.8636,0.16258,0.21715,0.32027,-0.90494
-0.41715,0.90347,0.09855,-0.15559,0.71217,-0.27996
-0.36339,0.92975,0.05931,-0.4133,0.44713,0.0563
-0.31981,0.94652,0.04257,-0.28398,-0.16807,0.04752
-0.29105,0.9565,0.01987,-0.17015,-0.2547,0.08717
-0.27693,0.96081,-0.0124,0.14345,-0.43896,0.06138
-0.27141,0.96158,-0.04108,0.67213,-0.52292,0.02791
-0.2608,0.96282,-0.07044,0.64589,-0.43842,0.03231
-0.24258,0.96417,-0.10738,0.48892,-0.1491,0.01208
-0.21798,0.96559,-0.14188,0.21885,-0.13807,0.21123
-0.1878,0.96784,-0.16738,-0.18792,-0.16097,0.37322
-0.15607,0.9701,-0.18583,-0.32873,-0.15739,0.3267
-0.13557,0.97156,-0.19415,-0.26809,-0.11331,0.16824
-0.12532,0.97131,-0.20209,-0.20678,0.09463,0.11761
-0.11462,0.97093,-0.21014,-0.19916,0.16974,0.06428
-0.10292,0.96974,-0.22137,-1.1873,0.42311,-0.15718
-0.10475,0.96631,-0.2351,-0.91014,0.40701,0.33938
-0.12412,0.96698,-0.22258,-0.49658,0.66209,-0.17073
-0.16537,0.96453,-0.20577,-0.20756,0.43136,-0.19296
-0.21849,0.96098,-0.16966,-0.19919,0.54445,0.4647
-0.27508,0.95304,-0.12671,-0.09559,0.83919,0.42229
-0.32457,0.94251,-0.07957,0.38851,1.15816,-0.23918
-0.35628,0.93383,-0.03198,0.94027,0.76853,-0.1194
-0.37595,0.92664,0.00148,0.92587,0.55908,0.13773
-0.40364,0.91414,0.03771,0.67023,0.21852,0.24208
-0.43027,0.89906,0.08093,0.25481,0.01395,-0.19467
-0.46434,0.87757,0.11944,-0.00519,-0.14585,-0.10925
-0.50767,0.84934,0.14455,0.1301,-0.39837,-0.31413
-0.54186,0.82176,0.17633,0.42838,-0.80239,-0.32478
-0.56089,0.79929,0.2157,0.55536,-0.84193,-0.34722
-0.56844,0.78219,0.25506,0.65239,-0.84759,-0.3831
-0.5669,0.77109,0.28989,0.71276,-0.68128,-0.37088
-0.55604,0.76866,0.31618,0.72659,-0.70632,-0.3322
-0.53907,0.77923,0.31971,0.71561,-0.70556,-0.22243
-0.51689,0.80544,0.28999,0.18739,-0.5126,0.38134
-0.49382,0.83525,0.24185,-0.25343,-0.08038,0.45534
-0.48029,0.84384,0.23928,-0.74776,0.72849,0.49525
-0.48255,0.82883,0.28318,-0.94466,2.59941,0.83241
-0.50663,0.80813,0.30043,-0.41592,-0.0102,0.37909
-0.5321,0.79308,0.29646,0.67688,-0.60366,0.34687
-0.54623,0.79452,0.26527,0.54723,1.41375,0.09302
-0.54327,0.80615,0.23446,1.3909,1.67352,-0.74322
-0.53391,0.81434,0.22758,0.42498,-0.88051,-0.13353
-0.52509,0.82578,0.20583,0.52656,-0.28664,-0.1279
-0.50325,0.84534,0.17928,0.46054,-0.05551,-0.61507
-0.45943,0.87794,0.1347,0.36328,0.39164,-0.69366
-0.40946,0.90816,0.08714,0.2115,0.39545,-0.51916
-0.35234,0.93468,0.04715,0.05242,0.16169,-0.12146
-0.29885,0.95415,0.01671,-0.25592,-0.00367,0.17625
-0.26519,0.96411,-0.01269,-0.1584,-0.36917,0.01932
-0.25228,0.96683,-0.03991,0.03156,-0.51964,-0.09475
-0.24745,0.96683,-0.06323,0.53213,-0.4406,0.02859
-0.23828,0.96673,-0.09305,0.5148,-0.22611,-0.05407
-0.21967,0.96671,-0.1312,0.40906,-0.10335,-0.0016
-0.19512,0.96646,-0.16696,0.11265,-0.07859,0.34161
-0.16949,0.96659,-0.19231,-0.146,-0.12737,0.46665
-0.1457,0.96554,-0.21565,-0.49651,-0.1782,0.23834
-0.13432,0.96382,-0.23024,-0.31361,-0.0547,0.09534
-0.13037,0.96205,-0.23971,-0.2246,0.16644,0.26108
-0.12807,0.96063,-0.24654,-0.24568,0.28386,0.1695
-0.12481,0.96213,-0.24233,-0.74779,0.20889,-0.19252
-0.12866,0.96082,-0.24552,-1.01564,0.37369,0.04872
-0.1435,0.95879,-0.24522,-0.37847,0.17862,0.34521
-0.17133,0.96123,-0.21607,-0.28479,0.4317,0.10462
-0.21698,0.95938,-0.18028,-0.20983,0.43954,0.17685
-0.26999,0.95381,-0.13169,-0.18194,0.88995,0.54224
-0.32313,0.94247,-0.08565,0.23747,1.10012,-0.15516
-0.35911,0.93236,-0.04171,0.67576,1.07268,-0.26181
-0.37654,0.92639,-0.00388,0.89148,0.82037,0.15508
-0.39571,0.91793,0.02868,0.76328,0.41287,0.38159
-0.4156,0.90726,0.0644,0.26058,0.03746,-0.23771
-0.43846,0.89264,0.10466,-0.09916,-0.18618,-0.03924
-0.47461,0.87073,0.12871,5e-05,-0.34465,-0.17261
-0.50874,0.84776,0.14997,0.17312,-0.50544,-0.41636
-0.53197,0.82635,0.1848,0.49031,-0.61921,-0.46374
-0.54575,0.80662,0.22696,0.63406,-0.66884,-0.5177
-0.55121,0.79049,0.26698,0.74152,-0.75421,-0.35574
-0.54895,0.78083,0.29825,0.76983,-0.7443,-0.33996
-0.53929,0.78151,0.31371,0.68159,-0.69981,-0.16652
-0.52382,0.79608,0.30309,0.51879,-0.5698,0.04989
-0.50037,0.82295,0.26904,0.14513,-0.38171,0.36087
-0.48144,0.84296,0.24006,-0.7586,0.51245,0.58059
-0.47552,0.83882,0.26506,-1.25794,2.23875,0.60825
-0.48425,0.81959,0.3062,-0.69726,1.21735,1.02378
-0.50539,0.8031,0.3156,0.04969,-0.48662,0.2626
-0.5178,0.79971,0.30389,0.63756,-0.1177,0.14201
-0.52205,0.81252,0.25936,0.43504,1.70342,-0.40292
-0.52003,0.82142,0.23418,1.00068,0.98252,-0.4076
-0.51763,0.8254,0.2253,0.50312,-0.53243,-0.1482
-0.50701,0.8361,0.20945,0.61872,-0.24279,0.15237
-0.48155,0.85631,0.18663,0.36308,-0.24462,-0.89596
-0.43949,0.88672,0.14341,0.38001,-0.01659,-0.8334
-0.38773,0.91675,0.09602,0.32349,0.37832,-0.43906
-0.32776,0.943,0.05771,-0.12764,0.18471,-0.0314
-0.2759,0.96082,0.02629,-0.35062,0.17886,0.20621
-0.24573,0.96932,-0.00531,-0.235,-0.43343,0.04811
-0.23492,0.97156,-0.02972,0.24563,-0.51405,-0.0106
-0.23271,0.97127,-0.04974,0.49926,-0.45114,-0.04497
-0.22334,0.97133,-0.08145,0.43162,-0.22603,-0.09906
-0.20393,0.97186,-0.11785,0.34491,-0.14064,0.14669
-0.17903,0.97283,-0.14678,0.04925,-0.12656,0.32787
-0.15292,0.97345,-0.17034,-0.36994,-0.06347,0.3379
-0.13069,0.97323,-0.18903,-0.28183,-0.10045,0.15706
-0.1203,0.97302,-0.19687,-0.11534,-0.1461,0.16342
-0.11504,0.97285,-0.20082,-0.12241,0.1057,0.06976
-0.10825,0.97307,-0.20348,-0.41671,0.1789,-0.26946
-0.10618,0.97065,-0.21578,-1.0144,0.551,-0.16604
-0.11404,0.966,-0.23202,-0.56789,0.44336,0.86059
-0.1255,0.96997,-0.20834,-0.48429,0.23018,-0.2921
-0.15726,0.97025,-0.18405,-0.31031,0.31799,0.02204
-0.20631,0.96798,-0.14299,-0.24909,0.38618,0.41396
-0.26594,0.95883,-0.09956,-0.16056,0.88632,0.28512
-0.32053,0.94562,-0.05538,0.33591,1.08844,-0.21157
-0.35386,0.93522,-0.0118,0.69168,0.91152,-0.18761
-0.37481,0.92677,0.02447,0.7726,0.66975,0.06441
-0.4008,0.91429,0.0585,0.53892,0.34233,0.13292
-0.42638,0.89931,0.09712,0.1149,0.09241,-0.23249
-0.46271,0.87619,0.13485,-0.14593,-0.07633,-0.05526
-0.50527,0.84874,0.15602,0.12943,-0.30508,-0.2404
-0.53814,0.82253,0.18398,0.27604,-0.43935,-0.3905
-0.55905,0.79947,0.21976,0.61617,-0.68386,-0.41462
-0.5689,0.78133,0.25666,0.76364,-0.83902,-0.33296
-0.56889,0.77021,0.28834,0.79264,-0.80707,-0.33265
-0.56008,0.76782,0.31106,0.76493,-0.78655,-0.33175
-0.54382,0.77604,0.31938,0.55478,-0.76816,-0.17911
-0.52161,0.79786,0.30222,0.3898,-0.72583,0.08035
-0.49676,0.82642,0.26506,0.19193,-0.64486,0.21468
-0.4777,0.84473,0.24132,-0.81376,1.9489,0.49007
-0.46374,0.83798,0.28763,-0.82771,1.95565,0.44376
-0.47401,0.81901,0.32331,-0.29478,0.85004,0.76278
-0.49906,0.80376,0.32388,0.5743,-0.65072,-0.10465
-0.51714,0.80592,0.28819,0.31671,0.5572,-0.17933
-0.52143,0.82308,0.22505,1.14142,1.89929,-1.11729
-0.5123,0.82935,0.22299,0.75751,0.37865,0.86467
-0.50537,0.8353,0.21652,0.4961,-0.23944,-0.11853
-0.48566,0.85054,0.20179,0.38355,-0.15869,-0.54008
-0.4452,0.87968,0.16719,0.31137,-0.15475,-1.02696
-0.39596,0.91015,0.12181,0.2355,0.24726,-0.78673
-0.33878,0.93729,0.08191,0.04731,0.16494,-0.29433
-0.28342,0.95808,0.04176,-0.25236,0.07973,0.13054
-0.24639,0.96917,0.00165,-0.51084,-0.20557,0.44331
-0.23073,0.9726,-0.02864,-0.04237,-0.53967,0.09481
-0.22707,0.97283,-0.04524,0.41367,-0.52625,-0.00774
-0.2207,0.97274,-0.07118,0.6316,-0.40577,-0.09871
-0.20273,0.97281,-0.11198,0.55631,-0.18257,0.02596
-0.17704,0.97383,-0.14254,0.38819,-0.005,0.30182
-0.15234,0.97531,-0.15988,-0.33484,0.01537,0.59169
-0.13354,0.97576,-0.17337,-0.66899,-0.09109,0.14208
-0.12997,0.97524,-0.1789,-0.46729,-0.27328,0.00751
-0.13189,0.97398,-0.18431,-0.26165,-0.20388,0.10614
-0.13148,0.97315,-0.18892,-0.14089,-0.03673,-0.08125
-0.13,0.9726,-0.19275,-0.3886,0.03166,-0.28926
-0.13781,0.96708,-0.21393,-0.906,0.58288,-0.15036
-0.15222,0.96405,-0.21778,-0.34819,0.18994,0.69013
-0.1783,0.96547,-0.18991,-0.39888,0.11744,0.28148
-0.2238,0.96269,-0.15211,-0.39561,0.30043,0.31501
-0.28046,0.95483,-0.09813,-0.17218,0.66086,0.31345
-0.33894,0.93969,-0.04576,0.30969,1.34873,-0.38507
-0.37649,0.92642,-0.00067,0.52154,1.51842,-0.48744
-0.39364,0.91877,0.03003,0.90229,1.03367,0.22754
-0.41727,0.90689,0.0585,0.8462,0.79651,0.38683
-0.44335,0.89186,0.08955,0.23768,0.19241,-0.10942
-0.4738,0.87222,0.12145,-0.08896,-0.17153,-0.0758
-0.51198,0.84793,0.13742,0.0577,-0.37985,-0.16642
-0.54245,0.8253,0.15695,0.22483,-0.47427,-0.33192
-0.56496,0.80333,0.18835,0.56403,-0.69285,-0.37872
-0.57892,0.78421,0.22327,0.7094,-0.88743,-0.39435
-0.5836,0.77145,0.25351,0.69614,-0.89715,-0.37598
-0.57927,0.76673,0.27671,0.67056,-0.85069,-0.35604
-0.56471,0.77275,0.28975,0.57499,-0.81444,-0.27866
-0.53793,0.7935,0.28458,0.48248,-0.77507,-0.06992
-0.50099,0.82624,0.25755,0.19108,-0.53327,0.31458
-0.46829,0.85171,0.23515,-0.58886,0.66088,0.57768
-0.44859,0.8516,0.27119,-1.03873,3.05546,0.73638
-0.45311,0.83401,0.31481,-0.40194,1.33771,0.9121
-0.47555,0.81721,0.32559,0.05198,-0.65314,0.29573
-0.4933,0.81399,0.3067,0.48256,0.21376,0.26548
-0.50042,0.82621,0.25874,0.88598,2.29561,-0.6569
-0.50001,0.83287,0.23729,1.04788,0.13158,-0.37305
-0.49693,0.84113,0.21344,0.27571,-0.71343,-0.30667
-0.48284,0.8533,0.19681,0.45815,-0.19664,-0.04758
-0.44573,0.87777,0.17564,0.38118,-0.12941,-0.71414
-0.39425,0.90824,0.14022,0.24456,0.22738,-0.66749
-0.33841,0.93494,0.10658,0.03318,0.18722,-0.3585
-0.28492,0.95535,0.07827,-0.206,0.02073,-0.05247
-0.24931,0.96745,0.04346,-0.34539,-0.16482,0.15524
-0.23544,0.97188,0.00237,-0.03138,-0.44977,0.01964
-0.22995,0.97281,-0.02754,0.40921,-0.5497,0.07848
-0.2201,0.97401,-0.05348,0.55387,-0.37089,0.06012
-0.2036,0.97516,-0.08724,0.31615,-0.166,0.04313
-0.18192,0.97577,-0.12155,0.05823,-0.07436,0.21236
-0.16206,0.97604,-0.14521,-0.12851,-0.13169,0.35041
-0.14397,0.97577,-0.16473,-0.3426,-0.14301,0.36967
-0.13635,0.97476,-0.17678,-0.33664,-0.22748,0.05303
-0.13622,0.97298,-0.18641,-0.23238,-0.25478,0.15535
-0.13342,0.9715,-0.1959,-0.16134,-0.19746,0.20921
-0.12732,0.97193,-0.19783,-0.49577,0.00835,-0.15037
-0.1262,0.97168,-0.19975,-0.78703,0.2136,-0.23503
-0.13965,0.96769,-0.20994,-0.57788,0.24644,0.30573
-0.16385,0.96904,-0.18469,-0.31061,0.1954,0.41256
-0.2112,0.96654,-0.14558,-0.43825,0.57922,0.31997
-0.27015,0.95852,-0.09088,-0.14843,0.84968,0.26428
-0.32765,0.94401,-0.03854,0.33409,1.32428,-0.53859
-0.36006,0.93289,0.00856,0.54296,1.39353,-0.50008
-0.37393,0.92642,0.04378,0.78174,1.00249,0.12514
-0.40112,0.9129,0.07562,0.73962,0.73679,0.26783
-0.42957,0.89653,0.10819,0.24622,0.20172,-0.0618
-0.46279,0.87528,0.14038,-0.1219,-0.15063,-0.03889
-0.50089,0.85061,0.15991,-0.0555,-0.25573,-0.12042
-0.53061,0.82738,0.1841,0.17369,-0.4506,-0.33453
-0.55176,0.8056,0.21581,0.49371,-0.70432,-0.43691
-0.56132,0.78879,0.25046,0.67359,-0.96735,-0.4529
-0.56062,0.77911,0.2805,0.70007,-0.92418,-0.43802
-0.55086,0.7768,0.30517,0.67911,-0.86225,-0.43211
-0.53284,0.78362,0.31939,0.64992,-0.89872,-0.25871
-0.50967,0.80243,0.31038,0.50938,-0.82587,0.00336
-0.48439,0.83023,0.27583,0.06131,-0.4282,0.26599
-0.46514,0.85053,0.24544,-0.41209,0.67057,0.28931
-0.45352,0.84928,0.27024,-0.5103,2.97074,0.93011
-0.46378,0.83194,0.30459,-0.16832,1.27221,1.0268
-0.4867,0.81334,0.31875,-0.29127,-0.8818,0.17226
-0.50836,0.80728,0.29977,0.04399,0.24599,0.15327
-0.51549,0.81918,0.2514,0.55139,2.80652,-0.7453
-0.52683,0.8143,0.24365,0.90888,0.21225,-0.33916
-0.53014,0.81207,0.24392,0.80432,-0.8247,-0.03584
-0.51405,0.82315,0.24117,0.56822,-0.49552,0.03615
-0.47848,0.85448,0.20226,0.32262,-0.44103,-1.12119
-0.42701,0.89429,0.13384,0.22089,-0.18928,-1.07872
-0.36623,0.927,0.08086,0.10903,0.76851,-0.51967
-0.30928,0.94971,0.04889,-0.27139,0.35974,0.21489
-0.27096,0.96209,0.03112,-0.45634,-0.01847,0.32557
-0.24976,0.96828,0.0073,-0.14042,-0.40424,0.12619
-0.24092,0.97027,-0.02307,0.27399,-0.62722,-0.0577
-0.23318,0.97112,-0.05049,0.53971,-0.55881,-0.10416
-0.21922,0.97246,-0.07915,0.40456,-0.38457,-0.10147
-0.19947,0.97292,-0.11679,0.22714,-0.08751,-0.05581
-0.1752,0.9721,-0.15593,0.1521,-0.05455,0.20449
-0.14964,0.9719,-0.18173,-0.16121,-0.07982,0.61899
-0.12656,0.97277,-0.19418,-0.42056,-0.1751,0.32888
-0.11572,0.97382,-0.19567,-0.25516,-0.26367,0.08027
-0.11188,0.97266,-0.2035,-0.13685,0.02635,0.19828
-0.10539,0.97263,-0.20706,-0.14061,0.08718,0.10539
-0.10111,0.97222,-0.21112,-0.79613,0.12298,-0.20842
-0.11369,0.96989,-0.21538,-0.80209,0.15174,0.06352
-0.14728,0.97048,-0.19098,-0.61186,0.43669,0.31115
-0.20053,0.96841,-0.14823,-0.25396,1.02137,0.21738
-0.25896,0.96126,-0.09441,0.03938,1.01133,0.41419
-0.31212,0.94912,-0.04185,0.58049,1.26497,-0.38269
-0.34488,0.93865,0.00127,0.72406,1.22827,-0.4341
-0.36758,0.92947,0.0311,0.92239,0.60082,0.33331
-0.39124,0.91812,0.06316,0.82304,0.4845,0.47042
-0.41127,0.90607,0.09942,0.10184,0.07528,-0.15179
-0.44437,0.88637,0.12994,-0.0753,-0.12874,-0.07794
-0.48499,0.86208,0.14696,0.1856,-0.38346,-0.293
-0.5166,0.83891,0.17132,0.30397,-0.56051,-0.38645
-0.53693,0.81871,0.20352,0.53567,-0.81798,-0.42179
-0.54538,0.80394,0.23714,0.65346,-0.93309,-0.41892
-0.54402,0.79551,0.26684,0.66601,-0.84283,-0.39181
-0.53479,0.7937,0.28989,0.62351,-0.80685,-0.36538
-0.52142,0.79962,0.29787,0.57424,-0.79741,-0.16776
-0.50535,0.81588,0.28098,0.46987,-0.68679,0.14545
-0.48819,0.83766,0.24496,-0.01947,-0.31568,0.43923
-0.47359,0.85211,0.22273,-0.65623,0.94176,0.47183
-0.46754,0.8453,0.2586,-1.0188,2.88456,0.87319
-0.4816,0.82686,0.29046,-0.45961,0.74349,0.69479
-0.50313,0.8103,0.30046,0.00119,-0.92219,0.18546
-0.52152,0.80618,0.27944,0.52785,0.36954,0.13959
-0.52468,0.82173,0.22241,0.95075,2.61067,-1.11427
-0.52099,0.82714,0.21074,1.25931,0.2842,0.2696
-0.51598,0.83228,0.20267,0.54284,-0.51686,-0.089
-0.50132,0.84373,0.1918,0.43842,-0.26096,-0.38712
-0.46584,0.87248,0.14754,0.42032,-0.20563,-0.99162
-0.4135,0.9065,0.08524,0.41443,0.32314,-0.68149
-0.35468,0.93448,0.03084,0.22542,0.37485,-0.23944
-0.29704,0.95486,-0.00397,-0.20644,0.13198,0.01137
-0.25302,0.96688,-0.03338,-0.48266,0.0413,0.23047
-0.22502,0.97233,-0.06274,-0.30358,-0.39744,0.14376
-0.21235,0.97366,-0.08305,0.21227,-0.68614,-0.04986
-0.20199,0.97344,-0.10775,0.35998,-0.54536,0.01177
-0.18882,0.97161,-0.14256,0.35689,-0.37406,0.02768
-0.17071,0.96935,-0.17671,0.07302,-0.13646,0.24888
-0.15018,0.96776,-0.20221,-0.13563,-0.2169,0.37506
-0.13264,0.9657,-0.2232,-0.49921,-0.1957,0.25611
-0.12831,0.96393,-0.23317,-0.45955,-0.1229,0.08712
-0.12998,0.96122,-0.24322,-0.36378,0.02438,0.25749
-0.13087,0.95857,-0.25302,-0.19594,0.19138,0.15309
-0.12567,0.95956,-0.25189,-0.69742,0.21671,-0.07062
-0.13126,0.95747,-0.25694,-0.89371,0.40457,0.05287
-0.15312,0.95847,-0.24059,-0.36477,0.05967,0.41199
-0.19539,0.95902,-0.20517,-0.21633,0.38967,0.43045
-0.25217,0.95475,-0.15765,-0.22054,0.63535,0.29061
-0.31447,0.94321,-0.10705,0.04419,1.28152,-0.29584
-0.36406,0.92952,-0.05877,0.57289,1.27072,-0.31431
-0.38709,0.92176,-0.02264,0.72521,1.20658,-0.12111
-0.40747,0.91316,0.00978,0.87326,0.82176,0.60638
-0.43686,0.89843,0.04454,0.70944,0.54431,0.34949
-0.46551,0.88061,0.08848,0.01255,-0.09684,-0.02053
-0.50252,0.85713,0.11312,0.12206,-0.27557,-0.19215
-0.53677,0.83316,0.1331,0.22488,-0.3885,-0.38641
-0.5631,0.80886,0.16929,0.54065,-0.66198,-0.4374
-0.57991,0.78824,0.20588,0.74111,-1.02277,-0.31935
-0.58597,0.77588,0.23377,0.72299,-1.10121,-0.2609
-0.58232,0.77202,0.25474,0.6933,-1.07632,-0.31768
-0.56869,0.77965,0.26215,0.69262,-1.05363,-0.21993
-0.54083,0.80416,0.24663,0.60333,-0.9817,-0.07806
-0.50359,0.83608,0.21763,0.01515,-0.36289,0.27315
-0.48251,0.84801,0.21922,-1.21306,1.4443,0.7625
-0.47988,0.83533,0.26822,-1.13201,3.0874,0.92701
-0.49342,0.81972,0.29084,-0.26723,0.30383,0.69634
-0.51465,0.80632,0.29152,0.84441,-0.65411,0.4012
-0.5286,0.81063,0.25193,0.71608,1.51658,-0.09054
-0.5189,0.82091,0.23841,1.58549,2.29322,-0.26766
-0.51147,0.82427,0.24284,0.12377,-0.97103,-0.39306
-0.50473,0.83519,0.21842,0.39007,-0.22421,-0.27313
-0.48213,0.85822,0.1761,0.30645,-0.18685,-0.95911
-0.43815,0.8924,0.10793,0.37278,0.11365,-0.76918
-0.3846,0.92196,0.04549,0.07882,0.30082,-0.29566
-0.32889,0.94433,0.00838,-0.11865,0.23611,0.03865
-0.28443,0.95853,-0.01792,-0.37716,0.06134,0.04506
-0.25993,0.96419,-0.0526,-0.00835,-0.499,0.11578
-0.25427,0.9637,-0.08136,0.30853,-0.6352,0.09545
-0.25226,0.96184,-0.10596,0.54326,-0.65541,0.13795
-0.2426,0.96045,-0.13668,0.5352,-0.24124,0.02968
-0.2227,0.95959,-0.17202,0.37863,-0.16543,-0.02251
-0.20193,0.95838,-0.20182,0.29089,-0.10082,0.04501
-0.18102,0.95706,-0.22641,-0.45193,-0.17162,0.27556
-0.16803,0.95606,-0.24023,-0.44846,-0.10607,0.16643
-0.16116,0.9551,-0.2486,-0.35364,-0.10072,0.15662
-0.15358,0.9541,-0.25712,-0.05948,0.05858,0.15295
-0.14138,0.95557,-0.25864,-0.58339,0.00049,-0.15301
-0.13341,0.95539,-0.2635,-1.21578,0.36733,-0.02082
-0.14479,0.95054,-0.27479,-0.8134,0.13221,0.15237
-0.17973,0.94955,-0.25701,-0.33065,0.30834,0.59876
-0.23868,0.94604,-0.21919,-0.31117,0.79105,0.44351
-0.30402,0.9373,-0.17039,0.07143,1.33379,0.37274
-0.3611,0.92472,-0.12045,0.354,1.69961,-0.02973
-0.38989,0.91781,-0.07494,0.95271,1.31242,-0.14654
-0.40187,0.91479,-0.04062,1.07959,1.01677,0.54132
-0.42355,0.90583,-0.00834,0.99408,0.90465,0.6099
-0.44697,0.89416,0.02623,0.191,0.097,-0.21422
-0.4803,0.87512,0.05897,-0.12952,-0.15927,-0.14101
-0.52338,0.84885,0.07435,0.01231,-0.39777,-0.29271
-0.56067,0.82195,0.10024,0.23218,-0.64582,-0.34598
-0.58109,0.80154,0.14092,0.62638,-1.01892,-0.40905
-0.58791,0.78825,0.18171,0.74091,-1.13056,-0.34456
-0.58561,0.78178,0.21418,0.69865,-0.99925,-0.41972
-0.57632,0.78259,0.23536,0.71316,-0.97434,-0.41529
-0.55736,0.79426,0.24186,0.65702,-0.93547,-0.17541
-0.52885,0.81747,0.22816,0.46812,-0.76274,0.07199
-0.50399,0.8413,0.19548,-0.10856,-0.14405,0.61766
-0.49712,0.84663,0.18994,-0.90061,1.53029,0.79254
-0.50894,0.83017,0.22758,-0.71268,3.01047,0.68763
-0.53574,0.8069,0.24878,-0.05269,0.53906,0.73279
-0.55796,0.79087,0.25141,1.08225,-0.62276,0.55721
-0.56481,0.79252,0.23,0.59545,1.14664,0.54404
-0.55855,0.80575,0.19696,1.05112,1.79432,-0.63893
-0.55455,0.81451,0.17041,0.47764,-0.43631,0.04914
-0.54337,0.82875,0.13388,0.51034,-0.2257,-0.17024
-0.51701,0.85042,0.09736,0.42223,0.05357,-0.4304
-0.46916,0.88173,0.04937,0.28645,0.05812,-0.61432
-0.41094,0.91165,-0.00518,0.19745,0.16628,-0.42444
-0.3501,0.93532,-0.05107,-0.02703,0.0791,-0.06581
-0.29783,0.95057,-0.0878,-0.20643,0.07523,0.12923
-0.26472,0.95615,-0.12528,-0.23639,-0.18962,0.12314
-0.2487,0.95466,-0.16362,0.0598,-0.64393,0.06565
-0.23879,0.9509,-0.19689,0.34501,-0.58386,0.27885
-0.22967,0.94608,-0.22844,0.35165,-0.39517,0.19971
-0.21843,0.93992,-0.26237,0.11302,-0.09667,0.17077
-0.20569,0.93389,-0.29248,0.03371,-0.22385,0.24018
-0.19436,0.92899,-0.31496,-0.26487,-0.39427,0.28518
-0.18717,0.92384,-0.3339,-0.47421,0.10566,0.1963
-0.18444,0.91967,-0.34669,-0.48619,0.29748,0.17846
-0.18241,0.9146,-0.36088,-0.00727,0.29852,0.38888
-0.17944,0.91268,-0.36716,-0.25229,0.00161,0.09852
-0.17501,0.91624,-0.36039,-0.49134,0.15762,0.02811
-0.18389,0.91403,-0.36157,-0.61607,0.29901,-0.02048
-0.20743,0.90988,-0.35929,-0.08705,0.42975,0.6263
-0.24902,0.90679,-0.34017,-0.27739,0.59219,0.844
-0.29628,0.9088,-0.29375,-0.41264,0.78843,0.67025
-0.34048,0.90651,-0.24963,-0.03151,1.23429,0.08337
-0.37506,0.90488,-0.20127,0.42806,1.25468,-0.23374
-0.38575,0.91015,-0.15105,0.70982,1.14658,0.18726
-0.39802,0.91075,-0.11002,0.74452,0.78622,0.59456
-0.42903,0.90127,-0.0604,0.15129,0.10607,-0.00892
-0.46555,0.88501,0.00249,0.35436,-0.18984,-0.03873
-0.50407,0.8632,0.02815,0.2255,-0.32716,-0.179
-0.54691,0.83606,0.04347,0.29625,-0.37817,-0.36049
-0.58391,0.80737,0.08489,0.54363,-0.8655,-0.36825
-0.60205,0.78668,0.13667,0.65159,-1.1643,-0.21674
-0.60281,0.77731,0.18001,0.65804,-1.09988,-0.2925
-0.59077,0.77933,0.20888,0.60903,-0.99208,-0.35974
-0.56639,0.7939,0.22115,0.5524,-1.0022,0.03468
-0.53274,0.8209,0.20569,0.37844,-0.98103,0.17593
-0.49889,0.84874,0.17536,-0.50395,0.14141,0.852
-0.47266,0.86308,0.17797,-0.68532,2.13143,1.01343
-0.4724,0.85473,0.21509,-0.3833,3.15186,1.33012
-0.49852,0.83453,0.23458,0.21693,-0.59254,0.01533
-0.52323,0.81721,0.24166,0.51299,-1.1011,-0.02996
-0.53324,0.81931,0.21065,0.66107,1.65174,-0.09679
-0.52281,0.83425,0.17515,0.90802,0.88274,0.34018
-0.51283,0.84162,0.16932,0.3073,-0.23095,0.13353
-0.50272,0.85278,0.14153,0.42046,-0.1636,-0.23888
-0.47841,0.87235,0.10065,0.16582,-0.02339,-0.7814
-0.43845,0.89756,0.04635,0.14437,0.12686,-0.62725
-0.38748,0.92177,-0.01432,-0.00645,0.21224,-0.11302
-0.3353,0.94013,-0.06105,-0.15321,0.08581,0.26047
-0.29207,0.95271,-0.0838,-0.22323,-0.0074,0.26389
-0.26374,0.95845,-0.10865,-0.03405,-0.26434,0.15023
-0.24933,0.95828,-0.13972,0.27248,-0.59136,0.08635
-0.23729,0.95714,-0.16606,0.42607,-0.50372,0.1407
-0.2197,0.95656,-0.19162,0.38236,-0.45313,0.07486
-0.1999,0.95462,-0.22077,0.07685,-0.0375,0.02494
-0.17896,0.95054,-0.25384,0.00747,-0.10324,0.16137
-0.15711,0.94449,-0.28852,-0.1431,-0.12412,0.33064
-0.13696,0.93923,-0.31477,-0.25116,-0.10111,0.40298
-0.11737,0.93901,-0.32324,-0.22319,-0.07356,0.39866
-0.10166,0.93978,-0.32629,-0.19315,0.12461,0.32022
-0.09023,0.94102,-0.32609,-0.44719,0.12885,0.07352
-0.08217,0.94298,-0.32254,-1.17981,0.30383,0.01416
-0.08996,0.93901,-0.3319,-0.99423,0.23321,0.16529
-0.10956,0.94044,-0.32183,-0.56004,0.13221,0.27094
-0.14597,0.94594,-0.28964,-0.33151,0.6895,0.50092
-0.19533,0.95088,-0.24015,-0.26109,0.76154,0.56698
-0.24949,0.94944,-0.19056,-0.16605,0.94742,0.43279
-0.29936,0.94389,-0.1395,0.35249,1.26417,-0.24942
-0.32531,0.9408,-0.09519,0.56185,0.97648,-0.00265
-0.34213,0.93752,-0.06329,0.40739,0.4647,0.40583
-0.36945,0.92873,-0.03115,-0.1326,0.06174,-0.00162
-0.4069,0.91334,0.01544,-0.17371,-0.06527,-0.02127
-0.449,0.89201,0.05204,0.21007,-0.40892,-0.17975
-0.48563,0.87087,0.07573,0.30817,-0.42585,-0.28438
-0.51718,0.84876,0.11008,0.43472,-0.54287,-0.29849
-0.53826,0.82966,0.1481,0.66658,-0.91798,-0.26193
-0.54807,0.81624,0.18264,0.71932,-0.91227,-0.22162
-0.54859,0.80944,0.20942,0.69608,-0.87332,-0.28153
-0.53878,0.81105,0.22783,0.55966,-0.9348,-0.1747
-0.5186,0.82464,0.22586,0.3707,-0.85774,0.00937
-0.4911,0.84879,0.19587,0.13223,-0.67452,0.20213
-0.46858,0.8682,0.16327,-0.73779,0.87097,0.50914
-0.45334,0.87331,0.17831,-0.65041,2.70078,1.25263
-0.4628,0.8607,0.21214,-0.26187,2.0475,1.31374
-0.48702,0.84603,0.21688,0.17826,-0.82284,0.13694
-0.50711,0.83591,0.20995,0.49614,-0.66964,0.31948
-0.51705,0.83999,0.16452,0.59316,2.11779,-0.68554
-0.51255,0.84865,0.13066,0.93395,-0.032,0.37371
-0.50535,0.85318,0.1292,0.42135,-0.33162,-0.01832
-0.493,0.86233,0.11546,0.42258,-0.15083,-0.40105
-0.45954,0.88415,0.08421,0.33215,-0.23437,-0.93156
-0.40283,0.91472,0.0319,0.28761,0.40212,-0.74023
-0.34372,0.93877,-0.0236,0.09224,0.41909,-0.24895
-0.2842,0.95605,-0.07205,-0.11433,0.25594,0.09875
-0.23694,0.96521,-0.1106,-0.38081,-0.08642,0.43031
-0.20921,0.96789,-0.13936,-0.23568,-0.39417,0.39629
-0.19744,0.96783,-0.15592,0.41227,-0.63875,0.11857
-0.18873,0.96689,-0.17176,0.46044,-0.4839,0.02021
-0.1742,0.96423,-0.19978,0.3658,-0.38608,-0.06843
-0.15215,0.95874,-0.24016,0.14656,-0.0754,0.05997
-0.13296,0.95223,-0.2749,-0.19598,-0.17443,0.49873
-0.11332,0.94711,-0.30022,-0.55536,-0.23634,0.44334
-0.09823,0.9436,-0.31618,-0.48328,-0.0671,0.18533
-0.09226,0.94217,-0.32219,-0.23701,-0.05119,0.28442
-0.08731,0.94038,-0.32874,-0.15654,0.19497,0.28146
-0.08022,0.93881,-0.33495,-0.35342,0.32639,0.10857
-0.07426,0.93774,-0.33931,-0.9737,0.36045,0.15956
-0.08245,0.93339,-0.34926,-0.80474,0.26835,0.21777
-0.10653,0.93674,-0.33343,-0.51165,0.16931,0.19843
-0.15115,0.94078,-0.30346,-0.47476,0.71361,0.42567
-0.2055,0.9449,-0.25482,-0.32986,0.8838,0.68585
-0.25639,0.94475,-0.20424,-0.12325,0.96919,0.5611
-0.29591,0.94256,-0.15497,0.50068,1.16694,-0.21913
-0.31466,0.94294,-0.10883,0.72482,0.88872,0.07325
-0.33311,0.94012,-0.07211,0.36728,0.2202,0.33114
-0.36026,0.9322,-0.03496,0.16977,0.09878,-0.01718
-0.39492,0.91866,0.00968,-0.17685,-0.01826,0.03181
-0.43934,0.89755,0.03723,0.08785,-0.37356,-0.09815
-0.48075,0.87508,0.05587,0.25708,-0.46242,-0.22754
-0.51519,0.85264,0.08701,0.45709,-0.55336,-0.307
-0.53812,0.83341,0.12591,0.65654,-0.91204,-0.25313
-0.54788,0.82094,0.16087,0.66893,-0.95725,-0.23972
-0.54611,0.81643,0.18759,0.67509,-0.9443,-0.25765
-0.53373,0.82095,0.2029,0.53462,-0.91183,-0.08852
-0.51076,0.83633,0.19915,0.49412,-0.89044,0.01293
-0.4806,0.85866,0.17809,-0.2764,-0.26256,0.43231
-0.45586,0.87531,0.16131,-0.66951,1.33847,0.70886
-0.44221,0.8767,0.18932,-0.65291,2.70884,1.16972
-0.45369,0.86175,0.22703,-0.01962,1.68506,1.26746
-0.47933,0.84461,0.23847,0.31929,-1.07787,0.18962
-0.49984,0.83807,0.21863,-0.01467,1.33176,-0.04913
-0.50626,0.84723,0.16092,0.55254,2.0466,-0.75076
-0.50311,0.851,0.15056,0.51988,-0.60988,0.13395
-0.49375,0.85774,0.1431,0.5281,-0.16737,0.23838
-0.46836,0.87409,0.12881,0.28402,-0.17341,-0.82379
-0.41986,0.90398,0.08079,0.2821,0.06666,-0.93027
-0.36181,0.93204,0.01995,0.11483,0.41751,-0.56133
-0.302,0.9526,-0.03662,-0.17006,0.15439,0.02237
-0.24325,0.96661,-0.08054,-0.44798,0.02204,0.37369
-0.20167,0.97315,-0.1109,-0.28385,-0.31321,0.12285
-0.18335,0.97406,-0.13261,0.21847,-0.69594,0.04337
-0.17572,0.97203,-0.15577,0.52497,-0.583,0.03936
-0.16639,0.96822,-0.18671,0.44375,-0.16814,0.11346
-0.14998,0.96236,-0.22664,0.44139,-0.03899,0.13358
-0.12959,0.95718,-0.25886,0.36485,-0.05353,0.29213
-0.10383,0.95514,-0.27735,-0.52923,-0.1487,0.23034
-0.07798,0.95456,-0.28763,-0.51569,-0.18182,0.09333
-0.06329,0.95503,-0.28967,-0.43018,-0.21327,0.10617
-0.05497,0.953,-0.29791,-0.38166,0.19995,0.20797
-0.04483,0.94911,-0.31172,-0.39424,0.22664,0.1425
-0.03511,0.94573,-0.32303,-0.63225,0.2277,0.0622
-0.03909,0.93981,-0.33946,-0.68936,0.23977,0.36279
-0.0611,0.94128,-0.33205,-0.57168,0.29709,0.31904
-0.10324,0.94501,-0.31032,-0.50597,0.34305,-0.00641
-0.1613,0.94698,-0.27786,-0.26454,0.94099,0.82162
-0.21574,0.94904,-0.22974,-0.04142,1.07811,0.57132
-0.26412,0.94787,-0.17829,0.47263,1.19775,-0.25311
-0.29088,0.94825,-0.12728,0.85423,1.02944,-0.06518
-0.30392,0.94925,-0.08087,0.92625,0.67607,0.3202
-0.32898,0.94354,-0.03859,0.23998,0.02896,0.03151
-0.35481,0.93492,0.00409,0.01756,0.03705,-0.06735
-0.39059,0.91974,0.03882,-0.21593,-0.09377,-0.00943
-0.43601,0.89816,0.05647,0.0075,-0.48061,-0.25184
-0.47663,0.87524,0.08229,0.35686,-0.74273,-0.29054
-0.50328,0.85578,0.11976,0.52238,-0.87827,-0.35871
-0.51744,0.84115,0.1572,0.67486,-0.99377,-0.23172
-0.52036,0.8333,0.18659,0.66915,-0.95808,-0.24422
-0.51346,0.83296,0.20624,0.60962,-0.95519,-0.23296
-0.49755,0.84176,0.20946,0.45875,-0.952,0.00624
-0.47267,0.86062,0.18947,0.3474,-0.86692,0.15834
-0.44899,0.87877,0.16174,-0.46445,-0.12183,0.56219
-0.43208,0.88649,0.16564,-0.80112,3.0029,1.12565
-0.44012,0.87319,0.20935,-0.49013,2.73562,1.21745
-0.46608,0.8555,0.22557,-0.01862,-0.77675,0.31952
-0.48743,0.8419,0.23154,0.37558,0.13422,0.47569
-0.50224,0.84085,0.20178,0.2946,2.1821,-0.71765
-0.50304,0.84977,0.15757,1.11986,-0.0184,-0.18753
-0.49735,0.85576,0.14251,0.73192,-0.45313,0.28017
-0.48011,0.86651,0.13654,0.52596,-0.01909,-0.25783
-0.44272,0.88952,0.1129,0.30901,-0.11729,-0.9607
-0.38574,0.92073,0.0588,0.18513,0.25295,-0.84383
-0.32839,0.94452,-0.00496,-0.03907,0.27619,-0.41577
-0.26433,0.96234,-0.06339,-0.13278,0.18684,-0.08348
-0.20775,0.97227,-0.10737,-0.49071,-0.02093,0.47151
-0.17613,0.97519,-0.1341,-0.11833,-0.59834,0.27091
-0.16375,0.97425,-0.15499,0.17726,-0.67426,0.11202
-0.15631,0.97172,-0.17697,0.55531,-0.51329,0.08766
-0.14238,0.96694,-0.21155,0.43838,-0.19684,0.04378
-0.12067,0.96076,-0.24975,0.33054,-0.17096,0.093
-0.09874,0.95558,-0.2777,-0.1517,-0.15138,0.55497
-0.07279,0.95094,-0.30068,-0.63228,-0.16111,0.36463
-0.05288,0.9481,-0.31353,-0.60191,-0.12068,0.10422
-0.05049,0.9467,-0.31813,-0.4828,-0.03578,0.21071
-0.05516,0.94375,-0.32601,-0.37099,0.19794,0.28289
-0.0574,0.94062,-0.33456,-0.39695,0.26879,0.12809
-0.05875,0.93928,-0.33809,-0.93793,0.34707,0.09596
-0.07137,0.93562,-0.34572,-0.52182,0.11054,0.24454
-0.09489,0.94119,-0.32428,-0.42669,0.25164,0.42157
-0.13999,0.94756,-0.28728,-0.36918,0.42242,0.44747
-0.19822,0.95245,-0.2314,-0.27826,1.15557,0.30781
-0.26022,0.94883,-0.17887,0.05337,1.29622,-0.24202
-0.30178,0.9448,-0.12753,0.46819,1.1186,-0.30454
-0.31482,0.9453,-0.08539,0.61732,0.96838,0.05368
-0.33313,0.94157,-0.0496,0.5742,0.69751,0.63491
-0.36386,0.93133,-0.01483,-0.14702,0.19657,-0.02387
-0.40366,0.91455,0.02534,-0.18237,-0.02429,-0.00512
-0.44611,0.89351,0.05121,0.09252,-0.3921,-0.06033
-0.48097,0.87334,0.07703,0.38105,-0.53658,-0.29881
-0.50991,0.85305,0.11087,0.67298,-0.86968,-0.36609
-0.52908,0.8357,0.14719,0.74999,-1.00366,-0.39093
-0.53718,0.82387,0.18073,0.71217,-0.98015,-0.33371
-0.53448,0.8188,0.20951,0.67071,-0.9831,-0.38481
-0.51913,0.82327,0.22963,0.61176,-1.00279,-0.14471
-0.49271,0.84042,0.22564,0.41384,-0.82498,0.11701
-0.45823,0.86677,0.19677,-0.33365,-0.06137,0.58367
-0.43403,0.88201,0.18348,-1.09591,2.26289,0.86608
-0.43336,0.87263,0.22519,-0.56719,2.48267,1.2951
-0.45614,0.85365,0.25142,-0.05512,-0.3607,0.276
-0.48514,0.83732,0.25205,0.76157,-0.72632,0.2546
-0.50219,0.83337,0.23085,0.16008,1.88464,0.05482
-0.50535,0.84265,0.18589,0.57791,2.61452,-0.69407
-0.50528,0.84324,0.18336,0.45919,-1.15657,-0.24429
-0.49766,0.85265,0.15906,0.74821,-0.38542,0.00447
-0.47386,0.87129,0.12767,0.51566,-0.18716,-0.82128
-0.42474,0.90168,0.08105,0.40243,0.16754,-0.86203
-0.35969,0.93255,0.0309,0.14348,0.49671,-0.44942
-0.29045,0.95674,-0.01651,-0.23131,0.14828,0.09369
-0.22036,0.97409,-0.05088,-0.5759,0.09996,0.40419
-0.1731,0.98204,-0.07504,-0.47236,-0.32772,0.18903
-0.15631,0.98211,-0.105,0.04286,-0.71805,-0.0342
-0.15497,0.97872,-0.13449,0.42772,-0.68975,0.04399
-0.14819,0.9743,-0.16962,0.51582,-0.46551,0.07222
-0.13313,0.96838,-0.21097,0.24189,-0.11697,0.13331
-0.11463,0.96148,-0.24981,0.07455,-0.0256,0.4261
-0.09379,0.95537,-0.28011,-0.32867,-0.10178,0.52576
-0.07295,0.95187,-0.29767,-0.48379,-0.13843,0.2322
-0.06247,0.95005,-0.30577,-0.29731,-0.03025,0.19139
-0.05955,0.9479,-0.31295,-0.08825,0.06756,0.31641
-0.05395,0.94623,-0.31896,-0.10066,0.24507,0.23194
-0.04532,0.94688,-0.31838,-0.792,0.15312,-0.12349
-0.0477,0.94331,-0.32845,-1.29806,0.41757,0.07783
-0.06493,0.94137,-0.33106,-0.55865,0.12069,0.36379
-0.0996,0.94742,-0.30407,-0.44646,0.4428,0.28034
-0.15142,0.95311,-0.26202,-0.38594,0.42253,0.29985
-0.20942,0.95521,-0.2091,-0.24258,0.95448,0.50838
-0.26891,0.94983,-0.15969,0.23319,1.36666,-0.25851
-0.30096,0.94676,-0.11431,0.70996,1.18181,0.09487
-0.31136,0.94705,-0.0784,0.79032,1.06052,0.35155
-0.33407,0.94148,-0.04483,0.52264,0.39882,0.4284
-0.36319,0.93167,-0.00894,-0.10094,-0.18816,0.01897
-0.4005,0.91592,0.02592,0.00671,-0.46674,-0.0356
-0.4416,0.89645,0.03685,0.15856,-0.54953,-0.15442
-0.47977,0.87617,0.04625,0.3395,-0.61892,-0.20772
-0.51305,0.85543,0.07078,0.60928,-0.85672,-0.21766
-0.53527,0.8386,0.10115,0.63753,-0.98206,-0.16305
-0.54356,0.82917,0.13044,0.60866,-0.98566,-0.20403
-0.53824,0.82811,0.15658,0.57886,-0.96076,-0.22967
-0.51812,0.83799,0.17126,0.47751,-0.93523,-0.04133
-0.48331,0.85936,0.16704,0.13585,-0.60039,0.27657
-0.44805,0.8806,0.15426,-0.67662,0.62749,0.82722
-0.42798,0.88826,0.1668,-0.84975,3.01941,1.17722
-0.43699,0.87329,0.21539,-0.3448,0.92836,1.03888
-0.46482,0.85462,0.23144,0.05501,-1.26758,0.05526
-0.48525,0.84339,0.23069,0.05441,1.26457,0.38879
-0.4935,0.84775,0.19434,0.73413,2.9346,-0.99613
-0.50076,0.84695,0.17865,0.66373,-0.99912,0.03354
-0.50121,0.84946,0.16491,0.89536,-0.53943,0.50982
-0.4805,0.86227,0.16002,0.40781,-0.2983,-0.99109
-0.43706,0.89107,0.12233,0.31307,-0.10353,-0.92628
-0.37545,0.92512,0.05634,0.14926,0.58295,-0.67353
-0.30891,0.95104,-0.0097,-0.25672,0.51795,-0.03421
-0.24614,0.96767,-0.05508,-0.52086,0.17069,0.25989
-0.20631,0.97538,-0.07783,-0.28315,-0.29202,0.25816
-0.18843,0.97694,-0.1004,-0.03827,-0.46029,0.22551
-0.18353,0.97544,-0.12178,0.61455,-0.61172,0.05188
-0.17403,0.97336,-0.14926,0.68414,-0.5271,0.12387
-0.15532,0.97005,-0.18672,0.40668,-0.10755,0.13174
-0.13112,0.96531,-0.22578,0.27244,-0.10492,0.26087
-0.10308,0.96062,-0.25803,0.10196,-0.22849,0.34311
-0.07176,0.95678,-0.28182,-0.42264,-0.20171,0.34011
-0.04619,0.9544,-0.29493,-0.47578,-0.14709,0.18526
-0.03112,0.95342,-0.30002,-0.47239,-0.10061,0.19298
-0.02413,0.95081,-0.30883,-0.45668,0.32754,0.28782
-0.01629,0.95,-0.31181,-1.19817,0.17911,-0.01363
-0.01569,0.94804,-0.31775,-1.30428,0.27246,0.13507
-0.02857,0.94683,-0.32045,-0.53869,0.21331,0.27301
-0.05477,0.95276,-0.29874,-0.38142,0.24553,0.01496
-0.10332,0.95701,-0.27101,-0.3211,0.47243,0.20303
-0.16085,0.962,-0.22064,-0.41695,1.05303,0.69287
-0.22306,0.95961,-0.17145,-0.00623,1.2531,-0.12228
-0.26859,0.95497,-0.12608,0.43018,1.32595,-0.265
-0.29288,0.95192,-0.08981,0.6503,1.06949,0.01258
-0.32212,0.9449,-0.05839,0.51673,0.41285,0.58149
-0.3525,0.93544,-0.02649,0.17264,0.03882,0.07673
-0.39223,0.91978,0.01282,-0.0548,-0.32874,0.00224
-0.43825,0.89784,0.04277,0.19597,-0.42689,-0.0937
-0.47489,0.87738,0.06851,0.35521,-0.51075,-0.25429
-0.50418,0.85719,0.10495,0.62906,-0.85027,-0.35211
-0.52511,0.83885,0.14349,0.70211,-0.94148,-0.35931
-0.53534,0.82574,0.17767,0.65521,-0.90156,-0.27174
-0.53512,0.81921,0.20625,0.64143,-0.919,-0.26968
-0.52496,0.82145,0.22279,0.60907,-0.9461,-0.20183
-0.50496,0.83618,0.21404,0.42106,-0.82191,0.16953
-0.47557,0.86087,0.1809,-0.35053,-0.08138,0.49829
-0.45097,0.8772,0.16474,-1.02915,1.94375,0.61152
-0.44732,0.86958,0.20914,-1.21391,3.02935,0.9779
-0.46574,0.85003,0.24602,-0.07866,-0.15632,0.57351
-0.49011,0.83395,0.25362,0.681,-1.05553,0.45631
-0.50688,0.8266,0.24453,-0.09932,1.64796,0.51334
-0.5117,0.83454,0.20425,0.98437,2.23352,-1.29104
-0.51553,0.83592,0.18831,0.82358,-0.71992,0.15735
-0.51367,0.83804,0.18393,0.81777,-0.302,0.33078
-0.49492,0.8528,0.1667,0.33961,-0.12397,-0.94226
-0.45493,0.88402,0.10746,0.31616,-0.02114,-0.82391
-0.39508,0.91814,0.03034,0.10783,0.61391,-0.48763
-0.33569,0.94129,-0.0359,-0.25204,0.31128,-0.03524
-0.2821,0.95645,-0.075,-0.33673,-0.02424,0.15107
-0.24105,0.9649,-0.10416,-0.24747,-0.23496,0.20713
-0.2154,0.96772,-0.13085,0.11571,-0.57735,0.06423
-0.20157,0.96801,-0.14941,0.40425,-0.58062,0.15629
-0.18992,0.96661,-0.17202,0.48974,-0.38829,0.14738
-0.17271,0.96389,-0.20269,0.35134,-0.19193,0.1303
-0.14786,0.95975,-0.23877,0.3714,-0.20519,0.17077
-0.11793,0.95572,-0.2696,-0.1546,-0.22945,0.47213
-0.08699,0.95272,-0.29114,-0.58719,-0.25597,0.45199
-0.06357,0.95121,-0.30193,-0.45777,-0.26018,0.1431
-0.05787,0.95077,-0.30445,-0.40673,-0.08889,0.17948
-0.06123,0.94906,-0.30908,-0.33864,0.0882,0.10974
-0.05781,0.94586,-0.31939,-1.06141,0.65889,-0.03284
-0.06106,0.93634,-0.34575,-1.05146,0.69387,0.40129
-0.07376,0.93798,-0.33874,-0.72136,0.46047,0.99544
-0.1066,0.94325,-0.31452,-0.41989,0.36446,0.12529
-0.15884,0.94804,-0.27568,-0.41965,0.5387,0.39502
-0.21807,0.95048,-0.22144,-0.40013,0.84875,0.68856
-0.27485,0.94654,-0.16889,0.3253,1.3955,-0.27436
-0.3084,0.94385,-0.11845,0.72854,1.11207,-0.14365
-0.32194,0.94379,-0.07495,0.81303,0.63324,0.53615
-0.34587,0.93759,-0.03607,0.26481,0.1872,0.15968
-0.37772,0.92592,-0.0008,-0.02715,0.17435,0.00599
-0.42037,0.90668,0.03493,-0.15174,-0.2807,-0.06238
-0.46585,0.88292,0.05854,0.05681,-0.56144,-0.22673
-0.50234,0.85998,0.08987,0.1941,-0.59466,-0.29076
-0.52748,0.83941,0.13096,0.67818,-0.98661,-0.3525
-0.54179,0.82292,0.17106,0.75833,-1.04982,-0.35943
-0.54692,0.81251,0.20177,0.75865,-0.94372,-0.33296
-0.54288,0.80888,0.22582,0.77335,-1.00274,-0.25196
-0.52874,0.81526,0.23621,0.71624,-1.01077,-0.14216
-0.50369,0.83615,0.21712,0.49234,-0.91571,0.12814
-0.47524,0.86124,0.18007,-0.76965,0.55963,0.6866
-0.45761,0.87085,0.17948,-1.05951,2.93686,0.90707
-0.45972,0.85925,0.22438,-0.70074,2.86731,1.18479
-0.48389,0.84152,0.24018,0.04936,-0.62343,0.27955
-0.5077,0.828,0.23801,0.62886,-0.00928,0.29225
-0.52167,0.82791,0.20596,0.40966,2.02019,-0.30453
-0.5197,0.83924,0.15998,0.87233,0.78198,-0.09824
-0.51586,0.84257,0.15484,0.44495,-0.86915,-0.202
-0.50291,0.85305,0.13922,0.52231,-0.21755,0.00066
-0.47269,0.87263,0.12283,0.41856,-0.12095,-0.89615
-0.42081,0.9035,0.08129,0.30985,0.25596,-0.81952
-0.36592,0.9303,0.02545,0.0294,0.40312,-0.40322
-0.30644,0.95146,-0.02852,-0.15424,0.07632,0.02835
-0.25132,0.96543,-0.06911,-0.39324,-0.03724,0.36804
-0.21602,0.97083,-0.10399,-0.23234,-0.40766,0.26661
-0.20049,0.97065,-0.13285,0.3055,-0.59423,0.07659
-0.19259,0.96914,-0.1539,0.59737,-0.36074,0.06742
-0.18112,0.96698,-0.1793,0.52052,-0.18251,0.08427
-0.16286,0.96379,-0.21114,0.40695,-0.08985,0.12384
-0.138,0.96033,-0.24231,-0.18194,-0.26654,0.42423
-0.11264,0.9573,-0.26625,-0.2073,-0.26351,0.44816
-0.0908,0.95428,-0.28477,-0.54506,-0.11328,0.21064
-0.08204,0.9516,-0.29619,-0.45861,0.01428,0.22149
-0.08256,0.94887,-0.30466,-0.39875,0.08083,0.22846
-0.08134,0.94668,-0.31173,-0.3556,0.15906,0.22497
-0.07407,0.94635,-0.31452,-1.07068,0.58433,0.09672
-0.0757,0.94115,-0.3294,-1.00471,0.59451,0.24208
-0.08829,0.94284,-0.32134,-0.67711,0.35973,0.57311
-0.11569,0.94965,-0.29117,-0.31982,0.22798,0.42127
-0.15793,0.95564,-0.24863,-0.31714,0.37438,0.39355
-0.20971,0.95758,-0.19762,-0.27175,0.91203,0.27361
-0.26542,0.95237,-0.15011,0.11306,1.24042,-0.36365
-0.30317,0.9473,-0.10349,0.46726,1.07173,-0.17529
-0.32108,0.94453,-0.06907,0.57553,0.82972,0.12549
-0.34731,0.93698,-0.03806,0.43126,0.44876,0.29368
-0.38429,0.92321,0.00235,-0.06835,0.08045,0.05515
-0.43132,0.90117,0.04309,0.13929,-0.42116,-0.06033
-0.47159,0.87892,0.07142,0.1874,-0.52134,-0.31382
-0.50493,0.85635,0.10815,0.2972,-0.60059,-0.37655
-0.52601,0.83687,0.15155,0.76737,-0.94246,-0.38173
-0.53572,0.82219,0.19238,0.83532,-0.93588,-0.3313
-0.53573,0.81427,0.22352,0.76627,-0.78006,-0.25651
-0.52682,0.81449,0.24303,0.65028,-0.82314,-0.12703
-0.51187,0.82405,0.24275,0.52858,-0.82475,0.01099
-0.49248,0.84364,0.21385,-0.04011,-0.51137,0.42321
-0.47242,0.86514,0.16836,-0.70264,0.60163,0.58974
-0.45546,0.8745,0.16676,-0.97717,2.72276,0.91339
-0.45562,0.8618,0.22298,-0.72728,2.46933,1.12004
-0.47841,0.84362,0.24379,-0.09459,-0.81563,0.16375
-0.50454,0.82944,0.23973,0.27336,0.05429,0.20325
-0.52628,0.82926,0.18803,0.57013,2.20023,-0.96375
-0.52707,0.83893,0.1356,1.28269,0.47526,0.45919
-0.52157,0.84221,0.13654,0.61062,-0.50414,0.20788
-0.50858,0.85105,0.13062,0.45847,-0.16163,-0.34044
-0.47768,0.87199,0.10702,0.41061,-0.18342,-0.93267
-0.42438,0.90371,0.05665,0.35986,0.29679,-0.75103
-0.36321,0.93169,0.00494,0.04961,0.35096,-0.31741
-0.30057,0.95296,-0.03898,-0.32877,0.1056,0.10417
-0.24657,0.96668,-0.06878,-0.52851,-0.03931,0.26208
-0.21307,0.97209,-0.09823,-0.47649,-0.23068,0.24187
-0.20065,0.97174,-0.12437,0.26057,-0.6175,0.06998
-0.1973,0.96959,-0.1448,0.53189,-0.55336,0.0837
-0.18941,0.96659,-0.1727,0.55513,-0.49624,0.05936
-0.1752,0.96215,-0.20875,0.33397,-0.06605,0.11384
-0.15483,0.9572,-0.24452,-0.02026,-0.0782,0.55235
-0.12845,0.95387,-0.27134,-0.32573,-0.06514,0.55456
-0.10169,0.95232,-0.28765,-0.54592,-0.09789,0.2188
-0.08698,0.9521,-0.29315,-0.42076,-0.08574,0.22938
-0.08289,0.95081,-0.29847,-0.32556,0.06982,0.24018
-0.07795,0.9505,-0.30077,-0.28684,0.12486,0.16752
-0.07415,0.94912,-0.30605,-1.09297,0.512,0.06338
-0.08301,0.94132,-0.32715,-0.72398,0.37265,0.35434
-0.09884,0.944,-0.31479,-0.31365,0.25789,0.6785
-0.12924,0.94872,-0.2885,-0.2324,0.29915,0.48027
-0.17156,0.95483,-0.24261,-0.28221,0.35521,0.53294
-0.22287,0.95598,-0.19085,-0.29325,0.5469,0.55376
-0.27872,0.95038,-0.13818,0.12622,1.26654,-0.28786
-0.31309,0.94507,-0.09388,0.41121,1.2372,-0.18885
-0.3334,0.94055,-0.06481,0.48553,0.65106,0.45453
-0.36337,0.93097,-0.03548,0.2928,0.39931,0.2366
-0.40303,0.91518,0.00351,-0.14042,-0.01389,0.0428
-0.44661,0.89382,0.04011,0.18343,-0.52171,-0.1502
-0.48298,0.87285,0.06974,0.27061,-0.53343,-0.29307
-0.5129,0.85171,0.10731,0.43854,-0.62257,-0.35686
-0.53363,0.83251,0.14885,0.83466,-0.97221,-0.37395
-0.54387,0.81832,0.18589,0.83666,-0.79184,-0.27456
-0.5444,0.81117,0.21361,0.7842,-0.74114,-0.27954
-0.53534,0.81264,0.23028,0.60279,-0.82576,-0.13606
-0.52015,0.82343,0.22672,0.35601,-0.76047,0.15884
-0.5017,0.84285,0.1947,-0.05961,-0.46256,0.46825
-0.4846,0.86147,0.15175,-0.55751,0.66728,0.68661
-0.46819,0.86962,0.1567,-1.00031,2.8786,1.20438
-0.47365,0.85672,0.20416,-0.78446,2.45148,1.23943
-0.4956,0.83867,0.22586,-0.03857,-0.97299,0.01531
-0.5119,0.82889,0.22562,0.40802,-0.02348,0.11168
-0.52158,0.83417,0.17919,0.57135,2.13366,-0.66912
-0.51462,0.84872,0.12178,1.34269,1.19887,-0.03183
-0.50939,0.8522,0.11945,0.51207,-0.52031,0.0178
-0.49945,0.85929,0.11029,0.41753,-0.24195,0.04226
-0.47113,0.87734,0.0911,0.40337,-0.2414,-0.7803
-0.41965,0.90671,0.042,0.3669,0.0735,-0.78564
-0.35605,0.93436,-0.01393,0.20176,0.33967,-0.39382
-0.29307,0.95414,-0.06101,-0.17104,0.17904,-0.02398
-0.24018,0.9654,-0.10154,-0.53589,-0.03199,0.44689
-0.20299,0.96867,-0.14305,-0.3215,-0.51817,0.34015
-0.18526,0.967,-0.17488,0.27381,-0.73113,0.13324
-0.17953,0.9644,-0.19417,0.48689,-0.57619,0.018
-0.16994,0.96009,-0.22213,0.51212,-0.34734,0.06475
-0.15169,0.9527,-0.26336,0.38465,0.04311,0.227
-0.12948,0.94856,-0.2889,-0.32615,-0.10751,0.70122
-0.10384,0.94744,-0.3026,-0.73855,-0.17375,0.25382
-0.09293,0.9469,-0.30781,-0.54748,-0.10165,0.08778
-0.09567,0.94524,-0.31205,-0.30462,0.06526,0.32194
-0.10108,0.94141,-0.32175,-0.05575,0.22462,0.19211
-0.0977,0.94156,-0.32237,-0.35614,0.1282,-0.06794
-0.09628,0.93791,-0.33324,-0.97451,0.46825,0.01995
-0.11093,0.93432,-0.33874,-0.53862,0.25546,0.28631
-0.14835,0.93593,-0.31941,-0.39168,0.5409,0.3244
-0.20277,0.9373,-0.28346,-0.34885,0.86185,0.61495
-0.25775,0.93654,-0.23762,-0.17209,0.95162,0.6319
-0.30572,0.93329,-0.18843,0.31512,1.20741,-0.10308
-0.33678,0.9309,-0.14143,0.6973,1.08267,-0.13339
-0.34831,0.93138,-0.10591,0.79032,0.69919,0.2112
-0.36721,0.92726,-0.07306,0.23382,0.11052,0.06409
-0.39182,0.91951,-0.03136,0.00841,0.0474,-0.09884
-0.42567,0.90483,0.0095,-0.15197,-0.13455,-0.07129
-0.46584,0.88439,0.02929,0.17792,-0.56862,-0.28723
-0.50165,0.86331,0.05517,0.51486,-0.75264,-0.26926
-0.52833,0.84396,0.0927,0.63599,-0.85803,-0.32903
-0.54401,0.82888,0.13042,0.67206,-0.9416,-0.25911
-0.54939,0.81954,0.16285,0.71635,-0.92303,-0.30353
-0.54529,0.81744,0.18558,0.73026,-0.96764,-0.18686
-0.53099,0.82674,0.18585,0.67815,-0.81557,0.03933
-0.50553,0.84774,0.16055,0.31684,-0.50746,0.38564
-0.47567,0.86982,0.13097,-0.88059,0.84875,0.87653
-0.46572,0.87316,0.14388,-1.52325,3.1651,0.98874
-0.48065,0.85523,0.19379,-0.94808,2.49587,1.25767
-0.51233,0.83342,0.20721,0.27512,-1.04287,0.31774
-0.53191,0.82288,0.19985,0.67271,0.32183,0.19596
-0.53263,0.83019,0.16462,0.76575,2.42076,-0.52494
-0.51702,0.84387,0.14344,1.19815,2.00591,-0.37218
-0.50834,0.84905,0.14391,0.41791,-0.61121,-0.2801
-0.49634,0.85891,0.12616,0.49674,-0.27108,-0.33801
-0.46734,0.87918,0.09299,0.43554,-0.15936,-0.80652
-0.41599,0.90832,0.04361,0.32981,0.27985,-0.64011
-0.35529,0.93475,-0.00401,-0.02913,0.23069,-0.14803
-0.28988,0.95603,-0.04446,-0.23221,0.18852,0.02869
-0.23311,0.96913,-0.08023,-0.44815,0.16798,0.29546
-0.20032,0.97254,-0.11845,-0.25112,-0.51461,0.21412
-0.19152,0.96987,-0.15057,0.08254,-0.66137,0.10211
-0.18644,0.96635,-0.17722,0.64368,-0.47409,0.07073
-0.1736,0.96221,-0.20979,0.50771,-0.20434,0.1821
-0.15039,0.95737,-0.24662,0.36563,-0.0998,0.17898
-0.12759,0.9542,-0.27058,-0.21218,-0.14636,0.55148
-0.1024,0.95146,-0.29024,-0.60565,-0.17186,0.31475
-0.08604,0.94916,-0.30279,-0.53228,-0.0951,0.09863
-0.08437,0.94728,-0.30909,-0.38676,0.06129,0.27339
-0.08506,0.94367,-0.31978,-0.25929,0.1989,0.2568
-0.08328,0.94262,-0.32331,-0.22385,0.19514,0.20002
-0.08196,0.94212,-0.3251,-0.99374,0.4339,-0.00455
-0.09241,0.93681,-0.3374,-0.62539,0.38954,0.34671
-0.11059,0.943,-0.31389,-0.35689,0.18089,0.34749
-0.14831,0.94902,-0.27816,-0.34235,0.36679,0.4674
-0.19765,0.9544,-0.22372,-0.33714,0.59937,0.51213
-0.25489,0.95171,-0.1711,-0.09222,1.11615,-0.28508
-0.30001,0.94658,-0.11822,0.28663,1.20729,-0.29027
-0.32357,0.94299,-0.07792,0.45014,0.99068,-0.03361
-0.3466,0.9369,-0.04567,0.51081,0.70388,0.40442
-0.38174,0.9242,-0.01172,0.22887,0.35327,0.11669
-0.42306,0.90565,0.02869,-0.09623,-0.09352,0.06979
-0.46394,0.88407,0.05638,0.16717,-0.38109,-0.04131
-0.49689,0.86371,0.08427,0.22782,-0.46793,-0.24402
-0.52403,0.84322,0.11988,0.50194,-0.63777,-0.36387
-0.54194,0.8255,0.15762,0.75782,-0.96346,-0.41655
-0.54959,0.81329,0.19109,0.78025,-0.98141,-0.33416
-0.54731,0.808,0.21814,0.70898,-0.90407,-0.34459
-0.53433,0.81169,0.2359,0.69279,-0.95942,-0.23654
-0.51445,0.82608,0.23006,0.34781,-0.70312,0.25397
-0.49271,0.84757,0.19712,-0.34442,-0.06626,0.62671
-0.4745,0.86396,0.1686,-0.67461,0.66886,0.73951
-0.46259,0.86425,0.19765,-0.5822,2.53087,1.18153
-0.47314,0.85015,0.23104,-0.20425,-0.13474,0.32528
-0.49496,0.83596,0.23701,-0.09497,-0.83685,0.1829
-0.50921,0.83098,0.224,0.12568,0.68402,0.30838
-0.51427,0.84251,0.16032,0.90404,2.66924,-1.2099
-0.50518,0.85358,0.12722,1.40417,2.02757,-0.74697
-0.50179,0.85604,0.1241,0.41413,-0.5642,0.16511
-0.49085,0.86383,0.11345,0.42241,-0.25755,-0.25526
-0.45884,0.88368,0.09259,0.4024,-0.24729,-0.71181
-0.40602,0.91282,0.04365,0.29716,0.22214,-0.77177
-0.34575,0.9383,-0.00697,0.06653,0.24859,-0.40015
-0.28363,0.95758,-0.05086,-0.20484,0.13394,0.03749
-0.23015,0.9684,-0.0961,-0.57405,-0.04516,0.5328
-0.19839,0.97103,-0.13323,-0.19724,-0.57669,0.37833
-0.18876,0.96973,-0.15489,0.34785,-0.56128,0.12422
-0.18703,0.96735,-0.17106,0.53058,-0.38843,0.06301
-0.17832,0.9636,-0.19919,0.50563,-0.24894,0.05982
-0.16023,0.95872,-0.23492,0.19067,-0.1198,0.2131
-0.14109,0.95463,-0.26226,-0.23783,-0.15476,0.43966
-0.12203,0.95071,-0.28504,-0.57234,-0.05795,0.32981
-0.11108,0.94792,-0.29852,-0.53524,-0.04718,0.2166
-0.10951,0.94594,-0.3053,-0.18736,-0.13231,0.28151
-0.10806,0.94365,-0.3128,-0.13549,0.17174,0.24776
-0.10236,0.94293,-0.31687,-0.50003,0.25537,-0.02989
-0.1029,0.94151,-0.3209,-1.05235,0.42322,-0.01742
-0.11808,0.93638,-0.33052,-0.63775,0.21243,0.32106
-0.14178,0.94089,-0.3076,-0.28093,0.04614,0.4055
-0.18242,0.94585,-0.26848,-0.29314,0.30254,0.45758
-0.23391,0.948,-0.21582,-0.27231,0.79973,0.51071
-0.29264,0.94167,-0.16616,-0.17115,1.10296,0.08075
-0.33421,0.93451,-0.12246,0.41041,1.40734,-0.1984
-0.35125,0.93193,-0.09015,0.59422,1.04241,0.21801
-0.37404,0.92528,-0.06283,0.58354,0.66864,0.46306
-0.40873,0.91201,-0.03424,0.10999,0.23283,0.10961
-0.45121,0.89241,0.00134,-0.14261,-0.20456,0.02449
-0.49131,0.87059,0.0261,0.17855,-0.44405,-0.05196
-0.52514,0.84954,0.05008,0.34118,-0.48353,-0.15201
-0.55514,0.82789,0.08013,0.52593,-0.67776,-0.28838
-0.57699,0.80908,0.11167,0.72079,-0.9259,-0.27058
-0.58691,0.79781,0.13798,0.72491,-1.00118,-0.19365
-0.58564,0.79443,0.16093,0.68098,-0.99129,-0.2821
-0.574,0.79943,0.17732,0.55103,-0.90738,-0.28654
-0.54974,0.81684,0.1748,0.4169,-0.71595,0.05465
-0.51346,0.84472,0.15098,0.20283,-0.53704,0.26157
-0.48048,0.86573,0.14017,-0.71301,0.69233,0.61649
-0.47143,0.86184,0.18702,-0.698,2.6173,1.48843
-0.49105,0.84194,0.22364,-0.25909,1.13292,1.16088
-0.51572,0.82686,0.22432,0.20128,-1.15975,0.21371
-0.52682,0.82761,0.19367,0.29846,1.51012,-0.06161
-0.51932,0.84361,0.13649,0.8747,2.55657,-0.51262
-0.51272,0.8495,0.12437,0.19354,-0.80206,0.19538
-0.50993,0.85468,0.09741,0.49941,-0.39638,-0.10278
-0.49654,0.86536,0.06784,0.51897,-0.26355,-0.16638
-0.45858,0.88778,0.03934,0.48876,-0.18957,-0.6776
-0.39958,0.91669,0.00447,0.23427,0.28311,-0.64376
-0.33595,0.9414,-0.03018,-0.07236,0.27732,-0.20164
-0.2728,0.95967,-0.06785,-0.41424,0.13736,0.10353
-0.22164,0.96882,-0.11076,-0.5541,-0.21859,0.32088
-0.19444,0.96982,-0.14709,-0.04863,-0.60721,0.20938
-0.18812,0.9683,-0.16435,0.39369,-0.53652,0.22163
-0.18255,0.9662,-0.18203,0.51371,-0.37065,0.06153
-0.16844,0.96211,-0.2144,0.37609,-0.10708,0.05583
-0.14755,0.95682,-0.25043,0.21274,-0.07087,0.22813
-0.12644,0.95285,-0.27585,-0.22915,-0.12457,0.43242
-0.10497,0.94912,-0.29691,-0.57066,-0.0225,0.28999
-0.09181,0.94702,-0.30776,-0.51313,-0.0502,0.18203
-0.08493,0.94594,-0.31302,-0.18,-0.05951,0.3635
-0.07614,0.94478,-0.31873,-0.29415,0.22489,0.24786
-0.06895,0.9452,-0.31913,-0.80243,0.12853,-0.13154
-0.07376,0.9418,-0.32799,-0.99668,0.24868,-0.10282
-0.08954,0.9413,-0.32548,-0.38042,-0.02577,0.23179
-0.11561,0.94805,-0.29636,-0.26201,0.08262,0.34476
-0.16141,0.95195,-0.26024,-0.22504,0.25192,0.37708
-0.21975,0.95219,-0.21222,-0.25412,1.17211,-0.07138
-0.28164,0.94534,-0.16433,0.03741,1.37381,-0.22373
-0.3214,0.93924,-0.12057,0.43029,1.33912,-0.11697
-0.34109,0.93601,-0.08683,0.57993,1.0219,0.19483
-0.36958,0.92746,-0.05689,0.54961,0.55077,0.49291
-0.40343,0.91456,-0.02852,0.16487,0.09944,0.02072
-0.4423,0.89685,0.00443,-0.0808,-0.21736,0.06258
-0.48204,0.87579,0.02513,0.14041,-0.37153,-0.06569
-0.51876,0.85374,0.04491,0.23346,-0.4029,-0.18307
-0.55187,0.83053,0.07521,0.48851,-0.63743,-0.3233
-0.57457,0.81145,0.10684,0.6956,-1.00795,-0.1998
-0.58473,0.80034,0.13245,0.83465,-1.02732,-0.26178
-0.58458,0.79745,0.14943,0.84657,-1.04459,-0.32352
-0.57189,0.80496,0.15806,0.78449,-0.99731,-0.25081
-0.5445,0.82481,0.15234,0.50976,-0.7011,0.19723
-0.5063,0.85261,0.12925,-0.33798,0.17563,0.51511
-0.48001,0.86908,0.11947,-0.98549,1.24408,0.71027
-0.48364,0.85582,0.18345,-0.63717,2.14883,1.50907
-0.51183,0.83368,0.20736,-0.30843,-0.89333,0.39634
-0.53656,0.81991,0.19959,0.3349,-1.23486,0.23003
-0.54453,0.82356,0.15885,0.57971,1.97804,-0.49181
-0.53008,0.84109,0.10762,1.29771,2.38619,-1.19831
-0.51908,0.84794,0.10745,0.20585,-0.59806,0.0869
-0.51377,0.85203,0.10046,0.36853,-0.30143,0.3425
-0.49493,0.86467,0.08596,0.42493,-0.1304,-0.70437
-0.45232,0.89077,0.0438,0.43252,0.07979,-0.64815
-0.39528,0.91851,-0.00924,0.24744,0.29043,-0.50978
-0.33635,0.94026,-0.05277,-0.03307,0.32586,-0.14247
-0.28282,0.95428,-0.09677,-0.44272,0.15606,0.29949
-0.24082,0.95929,-0.14755,-0.43074,-0.31447,0.45348
-0.21783,0.95891,-0.18174,0.12825,-0.60999,0.25322
-0.20963,0.95645,-0.20312,0.43174,-0.53445,0.14843
-0.19851,0.95318,-0.22812,0.45256,-0.29166,0.09137
-0.18206,0.94812,-0.26061,0.48105,-0.12743,0.05117
-0.15675,0.94457,-0.28846,0.42689,-0.10073,0.26623
-0.1249,0.94385,-0.30585,-0.43859,-0.26956,0.44334
-0.09786,0.94422,-0.31443,-0.42219,-0.28177,0.21353
-0.08054,0.94343,-0.32164,-0.39149,-0.18919,0.20892
-0.07133,0.93997,-0.33372,-0.4538,0.21405,0.25867
-0.06291,0.9387,-0.33893,-0.74594,0.2327,0.01151
-0.06155,0.93532,-0.34842,-1.03907,0.35706,-0.06914
-0.07315,0.93279,-0.35292,-0.54664,0.24495,0.41913
-0.09718,0.93825,-0.33203,-0.47869,0.10861,0.25213
-0.14312,0.94255,-0.30184,-0.33379,0.39343,0.39643
-0.20145,0.94595,-0.25417,-0.25988,0.89638,0.55852
-0.26166,0.94334,-0.20404,0.18613,1.29219,-0.05928
-0.30584,0.93919,-0.15613,0.60497,1.28885,-0.20298
-0.32368,0.93924,-0.11424,0.81641,1.0525,0.17961
-0.34249,0.93645,-0.07591,0.70541,0.7377,0.57652
-0.36989,0.92811,-0.04221,0.23487,0.29576,0.07622
-0.40209,0.91556,-0.0085,-0.21595,0.09364,0.07857
-0.44816,0.89381,0.01569,-0.15603,-0.24683,-0.10794
-0.4888,0.8714,0.04163,0.07468,-0.46068,-0.23752
-0.52157,0.84977,0.07651,0.47171,-0.63103,-0.27642
-0.54489,0.83083,0.11322,0.73782,-0.91533,-0.31242
-0.55734,0.81721,0.14675,0.73749,-0.98975,-0.25728
-0.5594,0.81064,0.173,0.72372,-1.03488,-0.35632
-0.55101,0.81275,0.18929,0.68498,-1.06369,-0.25574
-0.53174,0.82651,0.18474,0.62593,-0.93511,0.03651
-0.50143,0.85141,0.15385,-0.0609,-0.29319,0.4437
-0.4783,0.86849,0.13018,-0.74428,0.38452,0.67836
-0.4722,0.86555,0.16686,-1.16728,2.99662,1.0241
-0.4903,0.84676,0.2064,-0.14588,0.14238,0.63272
-0.52008,0.82748,0.21163,0.71939,-1.07119,0.2096
-0.53583,0.82204,0.19272,0.19063,1.42546,-0.01468
-0.53314,0.8347,0.13792,1.14524,2.28642,-0.60808
-0.52914,0.83847,0.13024,0.50827,-0.86594,0.19769
-0.52455,0.84309,0.11852,0.63452,-0.32014,0.40941
-0.50606,0.85649,0.10163,0.46358,-0.20089,-0.68419
-0.46233,0.88448,0.06273,0.37859,-0.02415,-0.83754
-0.40056,0.9162,0.01131,0.26188,0.27563,-0.71752
-0.3376,0.94054,-0.03757,-0.16207,0.30066,-0.12408
-0.27742,0.95729,-0.08141,-0.4409,0.10878,0.33768
-0.23414,0.96497,-0.11837,-0.46499,-0.2762,0.37194
-0.21589,0.96483,-0.14996,0.09715,-0.59719,0.1516
-0.2117,0.96191,-0.17297,0.52558,-0.53687,0.15856
-0.20391,0.95899,-0.19688,0.62453,-0.37389,0.11518
-0.18666,0.95545,-0.22861,0.41928,-0.06903,0.08283
-0.16357,0.95127,-0.26139,0.07288,-0.16607,0.30203
-0.13838,0.94731,-0.28887,-0.16727,-0.20139,0.37861
-0.11319,0.94378,-0.31057,-0.39619,-0.16353,0.40924
-0.09516,0.94208,-0.32161,-0.34466,-0.10468,0.28744
-0.08562,0.94151,-0.32593,-0.3542,-0.10411,0.29176
-0.08062,0.94067,-0.32961,-0.37493,0.10908,0.09334
-0.07563,0.94038,-0.3316,-0.96026,0.36548,-0.17052
-0.07965,0.93366,-0.34917,-0.95786,0.51319,0.26339
-0.09283,0.93491,-0.34253,-0.43284,0.18748,0.597
-0.119,0.94136,-0.31571,-0.44986,0.27641,0.28573
-0.16349,0.94741,-0.27509,-0.38523,0.42718,0.48626
-0.21758,0.95047,-0.22196,-0.29495,0.81552,0.40168
-0.27765,0.94553,-0.16995,0.16109,1.26102,-0.29149
-0.31881,0.93973,-0.12353,0.50017,1.28302,-0.21766
-0.33654,0.93705,-0.09319,0.65944,1.02926,0.18343
-0.36241,0.92968,-0.06589,0.61467,0.58032,0.4978
-0.39598,0.91751,-0.037,0.08365,0.11122,0.01313
-0.4372,0.89933,-0.00732,-0.07373,-0.23579,0.06039
-0.4758,0.87947,0.01219,0.16572,-0.44069,-0.08624
-0.51013,0.85923,0.03858,0.25916,-0.57728,-0.22739
-0.53931,0.839,0.07229,0.68544,-0.88149,-0.27637
-0.55869,0.8225,0.10653,0.7658,-0.9789,-0.23537
-0.56684,0.81276,0.13453,0.74912,-0.89817,-0.2243
-0.56529,0.80983,0.15688,0.69728,-0.97765,-0.22294
-0.55289,0.81606,0.16837,0.58716,-0.8703,-0.05428
-0.5289,0.83431,0.15555,0.34312,-0.68509,0.24692
-0.49604,0.85935,0.12431,-0.47933,0.22607,0.54639
-0.46931,0.87562,0.11417,-1.05679,2.58632,0.91126
-0.47303,0.86503,0.16721,-1.11837,3.28106,1.14762
-0.49965,0.84396,0.19512,-0.12201,-0.58279,0.40109
-0.5213,0.83033,0.19698,0.60705,-1.04299,0.31486
-0.52974,0.83108,0.16933,0.27248,1.2569,-0.16519
-0.51645,0.8496,0.10699,1.30273,2.54136,-0.99202
-0.49933,0.85994,0.10566,0.41991,-0.34012,0.40098
-0.49537,0.86223,0.10568,0.53007,-0.53187,0.27686
-0.48082,0.87195,0.09228,0.43769,-0.30723,-0.53094
-0.44285,0.89485,0.05585,0.42967,-0.09596,-0.88226
-0.38532,0.92278,0.00125,0.21671,0.29029,-0.56061
-0.32086,0.94588,-0.04857,-0.09926,0.35766,-0.16782
-0.26039,0.96127,-0.0903,-0.48694,0.22605,0.29504
-0.21558,0.96794,-0.12889,-0.56288,-0.27927,0.41442
-0.1925,0.96801,-0.16092,0.00145,-0.63169,0.2405
-0.18588,0.96565,-0.18158,0.46591,-0.54911,0.13203
-0.18058,0.9624,-0.2029,0.63612,-0.32166,0.0624
-0.1662,0.95749,-0.23575,0.57367,-0.10534,0.12848
-0.14194,0.95355,-0.26569,-0.13298,-0.2352,0.44402
-0.11615,0.95103,-0.28645,-0.15877,-0.23267,0.46478
-0.09117,0.94812,-0.30454,-0.57156,-0.20957,0.23882
-0.07906,0.94678,-0.31202,-0.44154,-0.18777,0.23269
-0.07477,0.94547,-0.31702,-0.44725,0.04111,0.22414
-0.07598,0.94273,-0.32477,-0.44861,0.25719,0.13384
-0.07564,0.94022,-0.33207,-0.92075,0.50841,0.16971
-0.0829,0.93495,-0.34495,-0.83697,0.3582,0.41435
-0.09885,0.94046,-0.32521,-0.59056,0.21855,0.62576
-0.13607,0.94495,-0.29757,-0.37347,0.48522,0.34363
-0.19074,0.94886,-0.25156,-0.37429,0.68234,0.50874
-0.2506,0.94721,-0.19995,-0.16784,1.08764,0.26622
-0.30225,0.94143,-0.1495,0.33257,1.28696,-0.36202
-0.33015,0.93783,-0.10708,0.65219,1.06101,-0.09789
-0.34579,0.9351,-0.07752,0.73048,0.71428,0.4391
-0.37421,0.92609,-0.04812,0.42652,0.29009,0.24253
-0.41013,0.91194,-0.01251,-0.07322,-0.0214,0.0372
-0.45277,0.89147,0.01662,0.06385,-0.31148,-0.01669
-0.48976,0.87091,0.04056,0.22957,-0.46209,-0.15311
-0.52191,0.84989,0.07277,0.36543,-0.63483,-0.30375
-0.54401,0.83175,0.11065,0.69382,-0.93407,-0.27925
-0.55451,0.81917,0.1465,0.76055,-0.9791,-0.25159
-0.55397,0.81405,0.17446,0.7424,-0.91634,-0.25107
-0.54384,0.81667,0.19309,0.627,-0.9451,-0.17487
-0.52633,0.82801,0.1933,0.54514,-0.9224,-0.06542
-0.50438,0.8474,0.16583,0.2843,-0.70711,0.31022
-0.48369,0.86581,0.1281,-0.6676,0.832,0.69484
-0.46652,0.87435,0.13366,-0.8255,3.17932,1.20599
-0.47685,0.86011,0.18117,-0.51272,2.50421,1.32272
-0.50575,0.83886,0.20131,0.00543,-1.0924,-0.05537
-0.52769,0.82579,0.19902,0.33409,-0.50423,0.20006
-0.53634,0.83214,0.141,0.44204,1.86157,-0.70616
-0.5178,0.85193,0.07809,1.57185,1.82489,0.27532
-0.50721,0.857,0.09093,0.50276,-0.64289,0.28564
-0.49399,0.86517,0.08628,0.43457,-0.23579,0.24972
-0.46273,0.88398,0.06673,0.52468,-0.19139,-0.74019
-0.40938,0.91221,0.01638,0.45438,0.14734,-0.89232
-0.34639,0.93746,-0.03426,0.20606,0.19209,-0.57916
-0.28163,0.95664,-0.07427,-0.13584,0.15531,-0.11524
-0.21795,0.96853,-0.12017,-0.60347,0.19683,0.31398
-0.16916,0.97054,-0.17155,-0.60071,-0.51183,0.64089
-0.14722,0.96966,-0.19515,0.12973,-0.80183,0.17966
-0.14765,0.96753,-0.20513,0.45576,-0.36556,0.00526
-0.14245,0.96207,-0.23264,0.47114,-0.09696,-0.04269
-0.12871,0.95334,-0.27308,0.41581,-0.00017,0.08453
-0.10968,0.9482,-0.29814,-0.46436,-0.20889,0.40455
-0.08989,0.94358,-0.3187,-0.53924,-0.15685,0.31983
-0.07931,0.94068,-0.32989,-0.5257,-0.08207,0.20693
-0.07503,0.94012,-0.33249,-0.22696,0.19287,0.29642
-0.0704,0.93938,-0.33556,-0.19622,0.20787,0.27076
-0.0604,0.93933,-0.33766,-0.29249,0.17835,0.15625
-0.05925,0.93542,-0.34852,-1.1045,0.50859,0.43824
-0.0687,0.93361,-0.35163,-0.65945,0.31078,0.63843
-0.09572,0.941,-0.32458,-0.44811,0.30235,0.23651
-0.14155,0.94658,-0.28973,-0.33201,0.39659,0.45533
-0.19698,0.95014,-0.24175,-0.16277,0.68135,0.52585
-0.2606,0.9453,-0.19621,0.23147,1.13854,-0.14731
-0.30752,0.93902,-0.15382,0.58355,1.37203,-0.01023
-0.32509,0.93813,-0.1193,0.74951,1.0874,0.16581
-0.34966,0.93277,-0.08756,0.66439,0.54223,0.48577
-0.37763,0.92412,-0.0583,0.25304,0.05815,0.01105
-0.41395,0.90991,-0.02669,-0.16543,-0.19352,0.17545
-0.45665,0.88961,-0.00774,0.06086,-0.42509,-0.02989
-0.49442,0.86914,0.01151,0.17978,-0.57267,-0.17736
-0.52688,0.8488,0.04388,0.46307,-0.78446,-0.2872
-0.54913,0.83188,0.08013,0.68728,-1.07418,-0.18924
-0.55966,0.8213,0.11065,0.66016,-0.96137,-0.17881
-0.55979,0.81743,0.13581,0.70772,-0.84637,-0.21272
-0.54905,0.82247,0.14863,0.67194,-0.86975,-0.13973
-0.52562,0.83947,0.13785,0.54938,-0.80084,0.02138
-0.4898,0.86486,0.11004,0.21968,-0.45794,0.36533
-0.46308,0.88011,0.1047,-1.20735,2.7309,0.97519
-0.47239,0.86733,0.1568,-1.36718,3.46242,0.85596
-0.50539,0.84252,0.18637,-0.27142,-0.8086,0.45874
-0.53245,0.82579,0.18592,0.91334,-0.76471,0.30965
-0.54141,0.82481,0.16298,0.31059,1.98174,-0.02662
-0.53103,0.83728,0.13027,0.93952,2.39599,-0.65226
-0.52253,0.84268,0.12978,0.47706,-0.52651,0.03726
-0.51127,0.85098,0.12011,0.43876,-0.24779,0.07341
-0.48592,0.86912,0.09225,0.3046,-0.10011,-0.78784
-0.4346,0.8997,0.0406,0.29944,0.11822,-0.66382
-0.37026,0.92881,-0.01471,0.13962,0.35684,-0.40802
-0.30535,0.95024,-0.06167,-0.10508,0.11359,-0.07276
-0.24649,0.96484,-0.09118,-0.35658,0.06097,0.31723
-0.20871,0.97061,-0.11979,-0.27371,-0.34724,0.27784
-0.19235,0.96943,-0.15232,0.23584,-0.72155,0.13613
-0.18594,0.9661,-0.17907,0.58609,-0.63363,0.16999
-0.17284,0.9623,-0.20999,0.56533,-0.30765,0.18004
-0.15156,0.95758,-0.24509,0.40853,-0.05966,0.20183
-0.12657,0.95289,-0.27563,0.03347,-0.10774,0.37853
-0.0991,0.94935,-0.29818,-0.42188,-0.2862,0.38681
-0.07366,0.945,-0.31867,-0.55495,-0.23561,0.20649
-0.0609,0.94193,-0.33022,-0.39734,-0.14668,0.31883
-0.05401,0.939,-0.33966,-0.29212,0.15463,0.31283
-0.04845,0.93768,-0.34409,-0.37942,0.19872,0.25457
-0.0426,0.93691,-0.34696,-0.72383,0.22447,-0.01019
-0.0512,0.93058,-0.36249,-0.53349,0.24229,0.54506
-0.0711,0.93579,-0.34532,-0.49738,0.14078,0.21908
-0.1132,0.94126,-0.31813,-0.50401,0.4504,0.12971
-0.1711,0.94755,-0.26993,-0.48306,0.80104,0.54346
-0.23379,0.9482,-0.21504,-0.13748,1.31605,0.25257
-0.28625,0.94399,-0.16411,0.37167,1.51746,-0.33673
-0.30655,0.94378,-0.12372,0.65681,1.19581,-0.10978
-0.32016,0.94303,-0.0905,0.79248,0.73413,0.46626
-0.34725,0.936,-0.05763,0.39911,0.26664,0.35045
-0.37773,0.92564,-0.0226,-0.12458,0.08477,-0.03969
-0.42059,0.90722,0.00707,-0.1284,-0.22091,-0.01161
-0.45944,0.88775,0.0285,0.17673,-0.49584,-0.14421
-0.49369,0.8677,0.05796,0.37814,-0.63427,-0.25829
-0.5204,0.84895,0.09198,0.67517,-1.04862,-0.33113
-0.53552,0.83519,0.12515,0.75479,-1.19599,-0.28933
-0.53903,0.82804,0.15425,0.73534,-1.11168,-0.3277
-0.53245,0.82748,0.17821,0.7011,-1.03225,-0.31634
-0.51682,0.83599,0.18442,0.59134,-0.81927,-0.01371
-0.49231,0.855,0.16309,0.39345,-0.68317,0.15936
-0.46994,0.87175,0.13861,-0.82212,1.14882,0.78476
-0.46094,0.87312,0.15872,-0.86258,2.48308,0.93442
-0.4753,0.85514,0.20695,-0.1841,0.54893,0.99166
-0.50175,0.83678,0.21916,0.16193,-1.22295,0.09066
-0.5167,0.82763,0.2192,0.40188,-0.07666,0.43453
-0.52525,0.83323,0.17274,0.24421,2.42915,-0.66399
-0.51776,0.84718,0.11919,0.93059,2.66866,-1.25853
-0.51912,0.84695,0.11485,0.7825,-0.62889,0.18254
-0.51015,0.85357,0.10563,0.57801,-0.35384,0.06975
-0.48008,0.87368,0.0787,0.45089,-0.3572,-0.95007
-0.42398,0.90545,0.0202,0.37518,0.0856,-0.80968
-0.35418,0.93409,-0.04513,0.12099,0.50625,-0.39218
-0.28195,0.95415,-0.10054,-0.2806,0.24637,-0.00135
-0.21793,0.96599,-0.13917,-0.68664,0.07112,0.44076
-0.17577,0.96992,-0.16837,-0.41656,-0.54953,0.34916
-0.16051,0.96922,-0.18665,0.16877,-0.74518,0.10378
-0.1613,0.96577,-0.20313,0.47931,-0.58549,0.1007
-0.15701,0.9593,-0.23471,0.5985,-0.19365,0.11268
-0.13954,0.95175,-0.2733,0.4993,-0.08063,0.16702
-0.11567,0.94678,-0.30039,-0.09794,-0.22217,0.42612
-0.08903,0.94222,-0.32293,-0.60973,-0.0894,0.26368
-0.06986,0.93882,-0.33724,-0.52087,-0.05396,0.26107
-0.06165,0.93692,-0.34405,-0.39774,-0.01049,0.28661
-0.05932,0.93515,-0.34923,-0.29541,0.19824,0.09381
-0.05119,0.93472,-0.35167,-0.68051,0.20834,-0.23523
-0.05325,0.92778,-0.36931,-1.06625,0.3223,-0.20356
-0.06734,0.92682,-0.3694,-0.56174,0.22781,0.07575
-0.09574,0.93463,-0.34248,-0.47567,0.3175,0.12194
-0.14436,0.94021,-0.30847,-0.28611,0.42247,0.32316
-0.20075,0.94513,-0.25772,-0.34991,1.05778,0.6369
-0.26003,0.94303,-0.20756,0.15339,1.33088,-0.13146
-0.29965,0.94072,-0.15889,0.56396,1.25195,-0.20646
-0.31771,0.94091,-0.11722,0.77256,1.06121,0.16312
-0.34391,0.93539,-0.08227,0.48841,0.474,0.55041
-0.37846,0.92434,-0.04855,0.04866,0.10764,0.04111
-0.4251,0.90501,-0.01559,-0.11709,-0.17776,0.09602
-0.47123,0.88198,0.00693,0.17011,-0.4515,-0.05254
-0.51172,0.85844,0.03489,0.45554,-0.7093,-0.25538
-0.54404,0.83584,0.07341,0.68758,-1.04067,-0.30686
-0.56389,0.81797,0.11378,0.72325,-1.1483,-0.26525
-0.57177,0.80706,0.14739,0.69434,-0.89617,-0.30707
-0.5693,0.8031,0.17583,0.73732,-0.86099,-0.21298
-0.55583,0.80942,0.18945,0.62343,-0.89836,-0.01976
-0.52972,0.82975,0.17582,0.19757,-0.58234,0.26328
-0.50218,0.85146,0.15111,-0.3104,-0.12299,0.53175
-0.48311,0.86109,0.15852,-0.7675,2.73263,1.16595
-0.48562,0.85108,0.19956,-0.15104,1.5272,1.25713
-0.50861,0.83408,0.21358,0.12091,-0.67616,0.30065
-0.52993,0.8209,0.21281,0.08242,0.69767,0.22589
-0.54353,0.82185,0.17069,0.56484,2.21032,-0.92006
-0.54844,0.82558,0.13277,0.85443,-0.39153,0.19254
-0.54362,0.83151,0.11426,0.77618,-0.49773,0.30711
-0.5221,0.8464,0.10498,0.53594,-0.16479,-0.4382
-0.47822,0.87474,0.0783,0.34523,-0.08127,-0.95699
-0.41309,0.91027,0.02749,0.17069,0.48064,-0.78279
-0.35079,0.93594,-0.03102,-0.05206,0.32349,-0.24723
-0.28652,0.95395,-0.08872,-0.21448,0.07858,0.13603
-0.23272,0.96282,-0.13714,-0.41913,-0.19312,0.54583
-0.20259,0.96474,-0.16804,0.0556,-0.61059,0.24654
-0.19207,0.96356,-0.18615,0.46514,-0.62213,0.23617
-0.18258,0.96097,-0.20786,0.63663,-0.41574,0.14201
-0.16152,0.95623,-0.24398,0.47414,-0.00753,0.06088
-0.13616,0.95128,-0.27663,0.02283,-0.20043,0.30126
-0.11055,0.94632,-0.30373,-0.44619,-0.25008,0.38512
-0.08873,0.94045,-0.32814,-0.62989,-0.19613,0.32672
-0.07911,0.93724,-0.33959,-0.36668,0.01328,0.25679
-0.07763,0.93603,-0.34325,-0.36816,0.01449,0.26044
-0.07832,0.93439,-0.34753,-0.23207,0.28738,0.24664
-0.07441,0.93412,-0.34911,-1.06255,0.39535,0.06072
-0.07903,0.93,-0.35896,-1.15808,0.50387,0.28584
-0.09595,0.93122,-0.3516,-0.89984,0.38067,0.46891
-0.12882,0.93832,-0.32088,-0.34784,0.30869,0.3642
-0.17602,0.94473,-0.27659,-0.33938,0.43676,0.43002
-0.23109,0.94689,-0.22358,-0.29156,1.10059,0.38925
-0.28795,0.94175,-0.17374,0.22048,1.3762,-0.31073
-0.31948,0.93863,-0.13003,0.57354,1.12918,-0.08393
-0.33671,0.93669,-0.09609,0.64671,0.95285,0.28183
-0.36672,0.92819,-0.06312,0.42371,0.43893,0.41316
-0.40256,0.91495,-0.02854,-0.01153,0.07845,0.02414
-0.4458,0.89513,0.00117,0.08264,-0.36118,0.05439
-0.48327,0.87524,0.02011,0.25878,-0.54899,-0.09759
-0.51698,0.85458,0.0492,0.37518,-0.63405,-0.27161
-0.54294,0.83507,0.08873,0.74411,-0.97612,-0.30139
-0.55806,0.82002,0.12699,0.75754,-1.02762,-0.2719
-0.56215,0.81201,0.15694,0.73962,-0.89942,-0.22126
-0.55511,0.81256,0.17773,0.73425,-0.88174,-0.1177
-0.53809,0.82366,0.179,0.67587,-0.831,-0.03812
-0.50999,0.84605,0.15521,0.04135,-0.3795,0.42473
-0.48057,0.86792,0.12551,-0.96476,0.99292,0.8721
-0.46628,0.8744,0.13415,-1.07898,2.20331,0.84667
-0.48143,0.85771,0.1804,-0.63679,2.3916,1.25878
-0.51166,0.83589,0.1987,0.13117,-1.04114,0.19987
-0.53235,0.82275,0.19919,0.49014,-0.58467,-0.04122
-0.53827,0.83035,0.14414,0.50813,1.37653,-0.82396
-0.51714,0.85182,0.08345,1.50177,1.56366,0.50659
-0.49637,0.8628,0.0958,0.15722,-0.1683,0.24314
-0.47987,0.87234,0.09349,0.25659,-0.14076,-0.02413
-0.45062,0.88954,0.07522,0.38057,-0.18956,-0.64358
-0.40125,0.91525,0.03627,0.40248,-0.03884,-0.81705
-0.34305,0.93928,-0.00773,0.17172,0.1228,-0.56966
-0.28179,0.95826,-0.04816,-0.0832,0.154,-0.13465
-0.22239,0.97009,-0.09724,-0.4565,0.09436,0.25869
-0.17779,0.97239,-0.15117,-0.4609,-0.56768,0.65176
-0.15783,0.97146,-0.17703,0.18646,-0.62353,0.30322
-0.15339,0.96952,-0.19106,0.48561,-0.51989,0.13781
-0.14035,0.96506,-0.22125,0.49654,-0.20514,0.0231
-0.11802,0.95895,-0.25786,0.37061,-0.10618,0.11831
-0.09671,0.9538,-0.28444,-0.58586,-0.11187,0.41231
-0.07478,0.94921,-0.30563,-0.60779,-0.10727,0.4335
-0.06537,0.94666,-0.31552,-0.59346,-0.07449,0.21637
-0.06773,0.94593,-0.31722,-0.21128,0.14538,0.28591
-0.07065,0.94498,-0.31942,-0.1091,0.18338,0.20006
-0.06729,0.94562,-0.31824,-0.4548,0.12582,-0.08348
-0.06868,0.94254,-0.32695,-1.0434,0.42892,0.03429
-0.08172,0.93768,-0.33774,-0.55572,0.29454,0.54755
-0.10411,0.94459,-0.31131,-0.29846,0.05212,0.29236
-0.14201,0.9506,-0.276,-0.33888,0.09674,0.40306
-0.18961,0.95616,-0.22315,-0.35723,0.50468,0.52481
-0.24997,0.95266,-0.17308,-0.04311,1.25293,-0.30515
-0.3018,0.94447,-0.12992,0.38242,1.52112,-0.21438
-0.32618,0.94012,-0.09883,0.62046,1.26915,0.21247
-0.35242,0.9333,-0.0688,0.5492,0.80418,0.47273
-0.38749,0.92092,-0.0418,0.08242,0.27572,0.11515
-0.43349,0.90104,-0.0144,-0.15055,-0.12554,0.02409
-0.47348,0.88074,0.00995,0.10397,-0.50162,-0.07603
-0.5046,0.86234,0.0418,0.29057,-0.55489,-0.12473
-0.53234,0.84315,0.07552,0.56349,-0.69455,-0.2939
-0.55241,0.82637,0.1093,0.70463,-1.01584,-0.25457
-0.56254,0.81546,0.13623,0.68648,-0.924,-0.22566
-0.5637,0.81109,0.15608,0.70631,-0.98474,-0.21774
-0.55475,0.81466,0.169,0.6021,-0.99345,-0.12234
-0.53455,0.82911,0.16376,0.42954,-0.89,0.09398
-0.50351,0.85314,0.13646,-0.24536,-0.10723,0.5793
-0.47637,0.87235,0.1099,-0.98237,2.31282,0.85457
-0.47468,0.86689,0.15223,-1.33581,3.79083,1.22913
-0.50132,0.84465,0.18769,-0.37423,0.82588,1.06499
-0.52401,0.82814,0.19896,0.02236,-1.13863,0.09627
-0.53859,0.824,0.1759,0.46104,-0.03419,-0.28163
-0.53209,0.84076,0.09996,0.95488,2.24912,-0.89179
-0.50174,0.8619,0.07337,1.13295,1.26637,0.79247
-0.48969,0.8674,0.08839,0.28882,-0.61618,0.21842
-0.47466,0.87653,0.07985,0.33416,-0.27892,-0.15607
-0.44167,0.89564,0.05248,0.54489,-0.11381,-0.73592
-0.38645,0.92227,0.00826,0.46211,0.10831,-0.74581
-0.32457,0.94527,-0.03322,0.18083,0.12634,-0.49513
-0.26061,0.96286,-0.07058,-0.20055,0.13565,-0.05712
-0.20213,0.97156,-0.12335,-0.57897,-0.03409,0.42957
-0.1616,0.97097,-0.17634,-0.35426,-0.68002,0.5958
-0.14985,0.96869,-0.19793,0.24008,-0.6075,0.26733
-0.14915,0.96538,-0.21396,0.45947,-0.21653,0.0291
-0.13987,0.95916,-0.24586,0.43614,-0.10979,0.06846
-0.122,0.95235,-0.27953,0.3476,-0.05315,0.21033
-0.10124,0.94806,-0.30154,-0.59587,-0.10953,0.36681
-0.08107,0.94385,-0.32025,-0.61604,-0.10532,0.38553
-0.07527,0.94261,-0.32529,-0.49583,-0.13347,0.19707
-0.07471,0.94205,-0.32704,-0.19224,0.10779,0.25636
-0.07418,0.9403,-0.33217,-0.13925,0.10347,0.19228
-0.06939,0.93985,-0.33447,-0.30614,0.08057,0.02319
-0.07314,0.9351,-0.34674,-0.84037,0.5855,0.28197
-0.08985,0.93473,-0.34382,-0.51864,0.33716,0.59406
-0.1261,0.94102,-0.31396,-0.48818,0.43712,0.46466
-0.17639,0.94574,-0.27286,-0.24132,0.82957,0.65056
-0.23024,0.94649,-0.22615,-0.0819,1.08938,0.32419
-0.28241,0.94182,-0.18225,0.34029,1.3202,-0.15215
-0.31129,0.93997,-0.13982,0.72119,1.1484,0.11594
-0.32852,0.93869,-0.10456,0.7357,0.80758,0.3411
-0.35329,0.93225,-0.078,0.46096,0.30629,0.32526
-0.38049,0.92334,-0.05152,0.0685,-0.09087,-0.13417
-0.42225,0.90604,-0.02819,-0.17078,-0.29317,0.04024
-0.46741,0.88392,-0.01464,0.06809,-0.51827,-0.16154
-0.50588,0.86251,0.01253,0.32653,-0.71146,-0.23731
-0.53358,0.84422,0.05086,0.66935,-0.94814,-0.27225
-0.55147,0.8295,0.0883,0.7638,-0.97059,-0.13392
-0.5607,0.81941,0.11904,0.78534,-0.85006,-0.18787
-0.55968,0.81678,0.14009,0.77775,-0.85704,-0.17926
-0.54527,0.82647,0.14007,0.60268,-0.69511,0.07293
-0.5149,0.84899,0.11865,0.40002,-0.60191,0.22024
-0.48359,0.86987,0.0972,-1.32439,1.23874,0.79474
-0.47496,0.87149,0.1221,-1.31683,3.01413,1.41284
-0.48886,0.85543,0.17101,-0.28237,0.33974,0.85119
-0.51125,0.83984,0.18243,0.79009,-0.89457,0.02442
-0.52363,0.83569,0.16559,0.39332,1.5029,-0.01837
-0.52087,0.84472,0.123,0.65408,2.36867,-0.6377
-0.52001,0.8471,0.10953,0.6068,-0.89386,0.27753
-0.51227,0.85287,0.10089,0.72048,-0.33889,0.41374
-0.48967,0.86736,0.08885,0.45061,-0.24767,-0.66722
-0.44133,0.89577,0.05303,0.31646,-0.01187,-0.92395
-0.37773,0.92591,-0.00218,0.12908,0.55867,-0.59575
-0.31329,0.94809,-0.05452,-0.20526,0.30631,-0.03514
-0.25233,0.96284,-0.09621,-0.53722,0.00621,0.36055
-0.21023,0.96971,-0.12435,-0.42307,-0.40637,0.32037
-0.19157,0.96986,-0.15055,0.04989,-0.63191,0.17269
-0.18629,0.9667,-0.17541,0.47234,-0.59049,0.14527
-0.17811,0.96292,-0.20262,0.55079,-0.40638,0.17174
-0.16167,0.95827,-0.23575,0.30454,-0.12697,0.18933
-0.13974,0.95318,-0.26818,0.18102,-0.09086,0.32265
-0.11653,0.94816,-0.29566,-0.0427,-0.08394,0.4585
-0.09176,0.94484,-0.31442,-0.51446,-0.07162,0.33193
-0.07707,0.94341,-0.32254,-0.52914,-0.0702,0.34005
-0.07236,0.94241,-0.32652,-0.28148,-0.00618,0.25616
-0.06765,0.94246,-0.3274,-0.67776,0.25691,-0.28324
-0.06596,0.94037,-0.33367,-0.9578,0.52967,-0.17612
-0.07559,0.93227,-0.35375,-0.71001,0.58722,0.55722
-0.09658,0.9373,-0.33487,-0.40386,0.34255,0.16637
-0.13679,0.94034,-0.31151,-0.35873,0.41679,-0.05565
-0.18779,0.9446,-0.2692,-0.47144,0.46587,0.64835
-0.24399,0.94416,-0.2214,-0.12179,0.89638,0.26669
-0.29756,0.93946,-0.16992,0.16739,1.14473,-0.14355
-0.32502,0.9374,-0.12503,0.70413,1.20142,0.05589
-0.34236,0.93531,-0.08935,0.79656,0.80212,0.41077
-0.37038,0.92703,-0.05848,0.67549,0.53451,0.40102
-0.40422,0.91437,-0.02292,0.01056,-0.07423,0.0344
-0.45056,0.89274,0.00199,0.00612,-0.37751,-0.03002
-0.49384,0.86926,0.02246,0.14702,-0.55798,-0.17445
-0.5291,0.84673,0.05562,0.35364,-0.7663,-0.26943
-0.55295,0.82792,0.09373,0.62729,-0.93041,-0.2954
-0.5654,0.81483,0.12792,0.73516,-0.93374,-0.21384
-0.56697,0.80915,0.15431,0.71796,-0.82222,-0.23854
-0.55831,0.81196,0.17026,0.66053,-0.90286,-0.15361
-0.54014,0.82539,0.16425,0.52782,-0.88116,0.08763
-0.51458,0.84704,0.13307,0.08679,-0.59411,0.38172
-0.49024,0.86535,0.104,-0.79378,0.52683,0.66155
-0.47885,0.86753,0.13449,-0.91741,2.94065,1.03354
-0.49433,0.85089,0.1778,-0.17968,0.08348,0.57084
-0.51998,0.83278,0.18993,0.38403,-1.19042,0.03241
-0.53413,0.82768,0.17216,0.35127,0.92675,-0.23623
-0.5285,0.84256,0.10379,1.3054,2.17514,-1.06979
-0.51497,0.85367,0.07779,0.55777,-0.28759,0.8161
-0.5083,0.85802,0.07369,0.41966,-0.47401,0.23497
-0.49221,0.86819,0.06304,0.37184,-0.14902,-0.33454
-0.45479,0.88976,0.03851,0.3969,-0.08782,-0.81064
-0.39864,0.91708,-0.0067,0.1727,0.27776,-0.61105
-0.33895,0.93927,-0.05353,-0.08987,0.27523,-0.2672
-0.2819,0.95393,-0.10266,-0.42033,0.13388,0.13351
-0.23578,0.96007,-0.15051,-0.57725,0.0092,0.409
-0.21211,0.96065,-0.1793,-0.03219,-0.56313,0.33945
-0.20626,0.95821,-0.19821,0.40204,-0.57105,0.2164
-0.19952,0.95486,-0.22007,0.50044,-0.56045,0.11303
-0.18512,0.95003,-0.25133,0.47384,-0.12627,0.04228
-0.16615,0.94398,-0.28512,0.24496,-0.00262,0.34083
-0.14457,0.93945,-0.31068,-0.21171,-0.02061,0.60559
-0.12116,0.93679,-0.32824,-0.40824,-0.10741,0.35586
-0.10512,0.93691,-0.33338,-0.28836,-0.17254,0.28064
-0.09589,0.93664,-0.3369,-0.26873,0.07113,0.23149
-0.08917,0.93542,-0.3421,-0.35509,0.21534,0.11411
-0.08244,0.93456,-0.3461,-1.01696,0.34115,-0.07487
-0.09023,0.92942,-0.35782,-1.09782,0.29905,0.34347
-0.11057,0.93399,-0.33975,-0.43558,0.0985,0.46382
-0.14872,0.93962,-0.30819,-0.32571,0.38833,0.30302
-0.20034,0.94488,-0.25894,-0.25835,0.47898,0.28389
-0.25943,0.94283,-0.20918,-0.04237,1.21127,0.00278
-0.3103,0.93698,-0.16053,0.40762,1.30327,-0.23425
-0.33429,0.93471,-0.12064,0.60278,1.16694,-0.10541
-0.3525,0.93173,-0.08729,0.68827,0.78388,0.53801
-0.38252,0.92216,-0.05738,0.34454,0.32406,0.21879
-0.41924,0.9075,-0.026,-0.04921,-0.02728,-0.04777
-0.46261,0.88655,-0.00146,-0.03043,-0.37554,-0.07921
-0.50091,0.86528,0.01918,0.13957,-0.45476,-0.12053
-0.53349,0.84444,0.04788,0.44934,-0.6258,-0.25358
-0.55848,0.82545,0.082,0.75228,-0.88184,-0.28857
-0.5722,0.81216,0.11389,0.76153,-0.95658,-0.18495
-0.57607,0.80551,0.13886,0.71354,-0.88025,-0.19879
-0.57143,0.80582,0.15528,0.57852,-0.89017,-0.13935
-0.55644,0.81651,0.15387,0.51567,-0.86909,0.02611
-0.52905,0.83853,0.13026,0.30857,-0.75488,0.21228
-0.49844,0.86033,0.10664,-0.54176,0.029,0.47898
-0.48037,0.86855,0.12188,-0.92558,2.23161,0.75963
-0.49231,0.85239,0.17622,-0.43683,2.61125,1.45812
-0.51784,0.83397,0.19056,0.32792,-1.15718,0.17606
-0.53519,0.82648,0.17461,0.45973,-0.5489,0.13228
-0.53355,0.83823,0.11265,0.35006,1.70875,-0.29415
-0.51991,0.8493,0.09148,0.6123,-0.20173,0.68371
-0.51123,0.85498,0.08746,0.47221,-0.74989,0.06123
-0.49269,0.86749,0.06858,0.52301,-0.21469,-0.13471
-0.45284,0.89065,0.04091,0.481,-0.22884,-0.76965
-0.39099,0.92038,-0.00419,0.28824,0.18826,-0.73665
-0.32351,0.94507,-0.0467,-0.00993,0.21117,-0.3663
-0.25389,0.96315,-0.08868,-0.36937,0.1519,0.08263
-0.19605,0.97124,-0.13507,-0.70863,-0.15824,0.55684
-0.16375,0.97207,-0.16812,-0.54434,-0.48542,0.53684
-0.15448,0.96981,-0.18867,0.37358,-0.57966,0.24379
-0.14799,0.9667,-0.20877,0.50436,-0.39845,0.14004
-0.13237,0.96123,-0.24186,0.44585,-0.28661,0.13579
-0.1114,0.95476,-0.2757,0.02634,-0.07128,0.30829
-0.09104,0.94956,-0.30007,-0.40353,-0.07741,0.38863
-0.07202,0.94434,-0.32098,-0.65532,0.05691,0.27573
-0.06348,0.94112,-0.33205,-0.45312,0.0021,0.27495
-0.05866,0.94039,-0.33499,-0.08589,0.04811,0.27231
-0.04945,0.94039,-0.33647,-0.11907,0.16467,0.15181
-0.04128,0.9401,-0.33837,-0.91212,0.21546,-0.12601
-0.04725,0.93624,-0.34816,-0.60804,0.29963,0.5242
-0.06492,0.94047,-0.33361,-0.49962,0.21348,0.10446
-0.10207,0.9444,-0.31254,-0.4366,0.2588,0.09528
-0.15646,0.94857,-0.27519,-0.49201,0.50291,0.46423
-0.2217,0.94701,-0.2324,-0.40306,0.86573,0.62199
-0.2844,0.93992,-0.18883,0.30505,1.37728,-0.1886
-0.31944,0.93586,-0.14868,0.51371,1.34465,-0.16007
-0.33662,0.93468,-0.11423,0.79595,0.98236,0.09694
-0.36754,0.92638,-0.08196,0.37712,0.31234,0.42943
-0.40358,0.914,-0.04144,0.03889,-0.12127,-0.11011
-0.44775,0.89414,-0.00418,0.02027,-0.2904,0.07095
-0.48835,0.87245,0.01833,0.19398,-0.48013,-0.15802
-0.52403,0.85017,0.05081,0.32014,-0.66612,-0.31311
-0.55016,0.83019,0.09004,0.60667,-0.81343,-0.35675
-0.5636,0.81583,0.12944,0.81598,-1.00918,-0.27661
-0.56715,0.80799,0.15964,0.73838,-0.87082,-0.26552
-0.56078,0.80789,0.18121,0.70043,-0.91212,-0.20709
-0.54513,0.81812,0.18301,0.55432,-0.93826,-0.02888
-0.52257,0.83819,0.15605,0.2462,-0.75477,0.22394
-0.50368,0.85487,0.1245,-0.55298,0.09757,0.76223
-0.48989,0.86145,0.13376,-0.86753,2.18609,0.8206
-0.49924,0.84884,0.17383,-0.27072,2.23652,1.36252
-0.52202,0.83159,0.18956,0.04587,-0.42707,0.3219
-0.54065,0.8226,0.1761,0.2679,-0.1152,0.24951
-0.54408,0.83053,0.11912,0.30249,2.05079,-0.38112
-0.54282,0.83445,0.09498,1.32417,1.13694,-0.22487
-0.53964,0.83678,0.09261,0.79471,-0.62912,0.24772
-0.52,0.85085,0.07507,0.59942,-0.38184,0.40968
-0.4754,0.87893,0.03813,0.36975,-0.25581,-0.88915
-0.40823,0.91266,-0.01985,0.32222,0.22562,-0.94852
-0.33782,0.93858,-0.0703,0.05797,0.30671,-0.19807
-0.26669,0.95665,-0.11699,-0.13069,0.12216,0.07864
-0.20958,0.96502,-0.1575,-0.38321,0.06756,0.30649
-0.17848,0.96657,-0.18407,-0.10586,-0.66818,0.28251
-0.16991,0.96439,-0.20268,0.20028,-0.71117,0.20671
-0.16413,0.96112,-0.22206,0.37191,-0.65524,0.11372
-0.14749,0.95487,-0.25779,0.39994,-0.12219,0.08659
-0.12654,0.94812,-0.29161,0.23207,-0.08558,0.25606
-0.10304,0.94376,-0.31415,0.06216,-0.09975,0.39006
-0.07936,0.93997,-0.33189,-0.63363,-0.01201,0.27704
-0.06558,0.93807,-0.34017,-0.59272,-0.05581,0.2394
-0.05656,0.93763,-0.34298,-0.23731,-0.09504,0.32576
-0.04561,0.9362,-0.34848,-0.23553,0.02493,0.33276
-0.0402,0.93438,-0.354,-0.92879,0.21999,-0.03887
-0.04828,0.9297,-0.36512,-0.99255,0.43538,0.2853
-0.06548,0.93192,-0.35669,-0.42947,0.28361,0.27487
-0.09748,0.93856,-0.33104,-0.36132,0.38611,0.36198
-0.14434,0.9469,-0.28731,-0.38246,0.50623,0.35523
-0.20188,0.95056,-0.23595,-0.25633,1.02657,0.23134
-0.26803,0.94522,-0.18629,0.02999,1.25183,-0.16477
-0.31104,0.939,-0.14672,0.64585,1.29939,0.10932
-0.33282,0.9364,-0.11123,0.73598,0.92067,0.39868
-0.36573,0.92765,-0.0755,0.49688,0.41308,0.43003
-0.39987,0.91571,-0.03953,0.08093,-0.11054,-0.12044
-0.44161,0.89719,-0.00366,-0.1343,-0.34736,0.03564
-0.48038,0.87681,0.02083,0.12433,-0.48188,-0.11862
-0.51329,0.8567,0.05085,0.28986,-0.57493,-0.23477
-0.53973,0.83731,0.08708,0.60399,-0.64917,-0.32545
-0.55651,0.8216,0.12353,0.76743,-0.83187,-0.28876
-0.56291,0.81206,0.15385,0.73588,-0.85539,-0.26794
-0.55836,0.81062,0.17639,0.67538,-0.94824,-0.28233
-0.54181,0.82069,0.18139,0.62251,-1.02975,-0.06211
-0.51549,0.84199,0.15907,0.34536,-0.79956,0.17175
-0.49024,0.86188,0.12964,-0.41425,-0.02308,0.48163
-0.47619,0.86811,0.14005,-0.73433,0.78573,0.62246
-0.48924,0.85084,0.19157,-0.33652,2.54928,1.43525
-0.519,0.82937,0.2068,0.12152,-1.25334,0.08058
-0.54037,0.81651,0.20318,0.30124,-1.23811,0.19622
-0.55183,0.8198,0.15298,0.01296,0.99342,0.11085
-0.54042,0.83542,0.10004,1.29414,2.56685,-0.9977
-0.5329,0.83887,0.11088,0.5145,-0.15644,0.66521
-0.52461,0.84482,0.1051,0.58331,-0.39145,0.28465
-0.49769,0.86358,0.0808,0.45318,-0.28565,-0.59516
-0.44685,0.89416,0.02822,0.31888,-0.14744,-0.93928
-0.38724,0.92144,-0.03148,0.13961,0.32144,-0.66831
-0.32875,0.94051,-0.08578,-0.22088,0.27553,0.04037
-0.27894,0.9509,-0.13404,-0.39357,0.19887,0.35119
-0.24906,0.95289,-0.17309,-0.42561,-0.1836,0.53897
-0.23869,0.95043,-0.19925,0.40234,-0.59063,0.29365
-0.23343,0.94754,-0.21834,0.55257,-0.5921,0.23378
-0.22067,0.94434,-0.24397,0.6373,-0.47492,0.05625
-0.19925,0.94,-0.27693,0.20867,-0.03172,0.10809
-0.17488,0.9348,-0.30913,0.08275,-0.10946,0.24807
-0.15001,0.92993,-0.33574,-0.26982,-0.1522,0.51119
-0.12632,0.92717,-0.35269,-0.51047,-0.02588,0.40973
-0.10919,0.92708,-0.3586,-0.27577,0.01118,0.30878
-0.09654,0.9264,-0.36394,-0.18363,0.20928,0.31262
-0.08414,0.92644,-0.3669,-0.57678,0.10609,0.04323
-0.08049,0.92399,-0.37385,-0.91255,0.14913,-0.06742
-0.09356,0.91798,-0.38542,-0.70017,0.21837,0.46076
-0.11363,0.92476,-0.36319,-0.32265,0.07033,0.18854
-0.14966,0.9306,-0.33404,-0.17695,0.10917,0.31601
-0.19789,0.93636,-0.28992,-0.36908,0.77239,0.66393
-0.25588,0.93448,-0.24751,-0.25385,1.31206,-0.06279
-0.30759,0.92978,-0.2022,0.06784,1.31602,-0.27276
-0.33521,0.92753,-0.16527,0.48869,1.00596,0.07045
-0.35527,0.92462,-0.13728,0.53868,0.81793,0.54957
-0.38972,0.91461,-0.10763,0.42238,0.36798,0.19279
-0.43516,0.89765,-0.06968,0.05053,-0.0381,0.15669
-0.47924,0.87666,-0.04221,0.15133,-0.36062,0.01411
-0.5187,0.85476,-0.01793,0.19409,-0.41366,-0.13776
-0.55489,0.83177,0.01533,0.55797,-0.66107,-0.34153
-0.58062,0.81208,0.05828,0.69788,-0.96625,-0.23427
-0.59213,0.79985,0.09797,0.75195,-0.99627,-0.22994
-0.5923,0.79534,0.12886,0.78679,-1.05039,-0.22969
-0.58214,0.80001,0.1452,0.68938,-1.02086,-0.07584
-0.56049,0.8165,0.13846,0.633,-0.96233,0.05878
-0.52756,0.8421,0.11194,-0.24836,-0.04874,0.66128
-0.5004,0.85962,0.10317,-1.12178,1.89603,0.75123
-0.49735,0.85546,0.14429,-1.13535,3.05201,1.02365
-0.51628,0.83849,0.1743,0.02624,-0.05889,0.44733
-0.54205,0.8216,0.17647,0.67611,-0.93656,0.41816
-0.56014,0.81548,0.14568,0.60656,0.25065,0.15191
-0.55398,0.82712,0.09473,1.5028,1.78538,-0.07546
-0.53735,0.8377,0.09751,0.00334,-0.4088,0.12243
-0.52358,0.84768,0.08541,0.27594,-0.23426,-0.22233
-0.49834,0.86519,0.05559,0.41522,-0.0932,-0.69551
-0.44954,0.89323,0.00628,0.38591,0.06738,-0.84838
-0.39178,0.91878,-0.04844,0.18839,0.22858,-0.45495
-0.33245,0.93838,-0.09442,-0.03495,0.07233,-0.05699
-0.27158,0.95204,-0.1409,-0.33216,0.14842,0.32106
-0.22668,0.95583,-0.18705,-0.43454,-0.25478,0.56818
-0.20555,0.95401,-0.2182,0.22068,-0.68022,0.26637
-0.19843,0.95096,-0.23726,0.3622,-0.63338,0.24057
-0.18695,0.947,-0.2612,0.49676,-0.41562,0.12553
-0.16819,0.94069,-0.29462,0.24761,-0.09581,0.02383
-0.14687,0.93285,-0.32897,-0.09003,-0.14232,0.46596
-0.12278,0.92679,-0.35492,-0.11412,-0.13627,0.49192
-0.09838,0.92285,-0.37238,-0.44646,-0.02491,0.29044
-0.08166,0.92095,-0.38101,-0.263,0.00564,0.29233
-0.06812,0.91873,-0.38897,-0.24615,0.05739,0.39089
-0.05778,0.91634,-0.3962,-0.48096,0.29237,0.35425
-0.0512,0.91708,-0.39539,-1.03008,0.2708,0.05981
-0.0582,0.91541,-0.39829,-0.96624,0.24118,0.24889
-0.08077,0.92119,-0.38063,-0.51965,0.15672,0.25479
-0.12315,0.927,-0.35425,-0.33648,0.37596,0.35241
-0.1816,0.9331,-0.3104,-0.43047,0.99174,0.51461
-0.24699,0.93158,-0.26672,-0.15952,1.44294,0.0967
-0.30038,0.92762,-0.22199,0.42476,1.36498,-0.12304
-0.3184,0.92999,-0.18368,0.77888,1.0902,0.20438
-0.33208,0.93161,-0.14772,0.754,0.6097,0.52025
-0.36083,0.92622,-0.10915,0.43297,0.03635,0.13845
-0.39385,0.91723,-0.05967,0.0613,-0.24178,-0.10621
-0.43363,0.90079,-0.02303,0.03343,-0.38865,0.04703
-0.47347,0.88078,-0.00549,0.20683,-0.54753,-0.14109
-0.51014,0.85984,0.02038,0.53856,-0.66625,-0.24209
-0.53831,0.841,0.05411,0.67763,-0.88032,-0.17872
-0.55439,0.82765,0.0873,0.71376,-0.97889,-0.18407
-0.55712,0.82228,0.11605,0.7067,-0.97596,-0.20116
-0.5468,0.82667,0.1327,0.57015,-0.92865,0.0236
-0.52308,0.84311,0.12465,0.38455,-0.7119,0.26668
-0.49049,0.86611,0.0962,0.07382,-0.42645,0.46121
-0.46471,0.88104,0.08829,-0.96046,1.99483,0.77078
-0.46321,0.8762,0.13306,-0.95644,2.98148,1.18944
-0.48689,0.85847,0.16113,-0.21987,0.95316,0.97455
-0.50981,0.84536,0.15954,0.50973,0.37471,0.10375
-0.51772,0.84516,0.13283,0.89199,2.38533,-0.27631
-0.51864,0.84809,0.10839,1.02557,1.8659,-0.58883
-0.52216,0.84879,0.08305,0.66942,-0.7354,-0.39772
-0.50816,0.85963,0.05287,0.65547,-0.45903,0.21272
-0.47055,0.88201,0.02519,0.35058,-0.17647,-0.84001
-0.40823,0.91263,-0.02124,0.14085,0.40001,-0.83435
-0.34205,0.93685,-0.07276,-0.11703,0.44194,-0.22311
-0.27622,0.95355,-0.12019,-0.28248,0.08245,0.20919
-0.22204,0.96144,-0.16225,-0.46878,-0.18113,0.47057
-0.19447,0.96165,-0.19338,-0.0546,-0.58606,0.36855
-0.18805,0.95783,-0.21723,0.48264,-0.59382,0.22606
-0.18171,0.95385,-0.23903,0.66144,-0.41124,0.13817
-0.16487,0.94873,-0.26966,0.39648,-0.1576,0.04659
-0.14442,0.94122,-0.30534,0.11822,-0.09436,0.2358
-0.1263,0.9341,-0.33393,-0.17659,-0.24646,0.4789
-0.10536,0.92874,-0.35543,-0.48228,-0.248,0.29981
-0.08965,0.92471,-0.36994,-0.50687,-0.1315,0.18466
-0.08087,0.92079,-0.38158,-0.32038,0.26403,0.2712
-0.07149,0.9152,-0.39661,-0.15233,0.4506,0.41331
-0.06046,0.91238,-0.40486,-0.21222,0.46709,0.42773
-0.05542,0.91287,-0.40446,-1.19493,0.3458,0.17184
-0.0646,0.91131,-0.40662,-0.94393,0.28739,0.41115
-0.08571,0.91959,-0.3834,-0.58026,0.15427,0.36976
-0.12526,0.92697,-0.3536,-0.23433,0.266,0.30926
-0.17467,0.93483,-0.30917,-0.26036,0.65694,0.53555
-0.23072,0.93625,-0.26494,-0.07975,1.1223,0.15869
-0.28072,0.93313,-0.22461,0.34965,1.22467,-0.22808
-0.30491,0.93435,-0.18442,0.63966,1.07386,0.11963
-0.3258,0.93368,-0.14858,0.67297,0.83623,0.5835
-0.35902,0.92579,-0.11841,0.47762,0.32235,0.23871
-0.39475,0.91519,-0.08114,0.2026,-0.09253,-0.09811
-0.43539,0.89868,-0.053,-0.00851,-0.28781,0.15484
-0.4769,0.87822,-0.03586,0.19946,-0.43294,-0.04834
-0.51691,0.85599,-0.00875,0.34914,-0.55359,-0.21805
-0.54799,0.83592,0.03064,0.53618,-0.7384,-0.2774
-0.56402,0.82251,0.07313,0.67333,-1.05208,-0.22349
-0.56538,0.81726,0.11147,0.71629,-1.04793,-0.24503
-0.55349,0.82079,0.14123,0.63178,-1.00376,-0.15375
-0.52832,0.83548,0.15113,0.45781,-0.87269,0.21919
-0.4957,0.85677,0.14214,-0.35452,-0.13363,0.71569
-0.47316,0.86924,0.14328,-0.90228,1.2902,0.83491
-0.46285,0.86921,0.17389,-0.36813,2.55822,1.27248
-0.47691,0.85639,0.19786,0.23249,0.00884,0.35218
-0.49937,0.84264,0.20142,0.44621,-0.42321,0.37694
-0.51814,0.83496,0.18536,0.19689,2.17614,0.0175
-0.52953,0.83363,0.15701,0.65552,0.64741,-0.21007
-0.5407,0.82814,0.14771,0.67385,-0.85037,0.19042
-0.53053,0.83824,0.12605,0.81744,-0.61578,0.22051
-0.49765,0.86206,0.09586,0.33661,-0.17218,-1.07622
-0.44299,0.89539,0.04505,0.18764,0.37166,-0.82132
-0.37739,0.92603,-0.00618,-0.11298,0.84869,-0.40433
-0.32055,0.9456,-0.0555,-0.54699,0.24108,0.35262
-0.27322,0.95783,-0.08898,-0.36282,-0.20824,0.34589
-0.24313,0.96352,-0.11187,-0.05972,-0.38635,0.1878
-0.23072,0.96241,-0.14325,0.28661,-0.5253,0.07797
-0.22267,0.95932,-0.17356,0.59047,-0.51815,0.19236
-0.2065,0.95765,-0.20063,0.55582,-0.38569,0.19918
-0.18004,0.9556,-0.23324,0.24596,-0.12847,0.19705
-0.14942,0.9512,-0.26996,0.11538,-0.08188,0.24036
-0.11958,0.94517,-0.30388,-0.03971,-0.15629,0.34362
-0.09231,0.93957,-0.32966,-0.34608,-0.07008,0.44249
-0.07023,0.93571,-0.34571,-0.43767,-0.05836,0.41475
-0.05765,0.93385,-0.35298,-0.32852,-0.1054,0.39578
-0.04904,0.93256,-0.35766,-0.31861,0.15119,0.25388
-0.03712,0.9325,-0.35925,-0.88808,0.29463,-0.14989
-0.03777,0.9262,-0.37513,-1.39488,0.61067,0.21752
-0.05194,0.925,-0.37638,-0.53543,0.23254,0.09353
-0.08235,0.93047,-0.35699,-0.42438,0.28102,0.13698
-0.12879,0.93467,-0.33136,-0.38053,0.31676,0.10008
-0.18164,0.94065,-0.28666,-0.23339,1.05135,0.43992
-0.23978,0.94075,-0.23976,0.08646,1.24083,-0.18988
-0.2835,0.9398,-0.19077,0.54119,1.39081,-0.25967
-0.29339,0.94326,-0.15547,0.87347,1.22439,-0.01803
-0.30038,0.94557,-0.12517,0.8157,0.75225,0.51732
-0.32664,0.94114,-0.08696,0.38653,0.15586,-0.00057
-0.35493,0.93368,-0.04749,0.00244,-0.21014,0.10478
-0.39297,0.91927,-0.02255,-0.00956,-0.41082,-0.06242
-0.43436,0.90072,-0.00512,0.18834,-0.60115,-0.21283
-0.47227,0.88118,0.02206,0.42431,-0.78561,-0.27636
-0.49831,0.86494,0.05966,0.61107,-0.94734,-0.31787
-0.51237,0.85331,0.09661,0.70996,-1.10276,-0.288
-0.51566,0.84751,0.12576,0.76646,-1.09728,-0.23396
-0.50922,0.84923,0.13966,0.70934,-1.03749,-0.10911
-0.49084,0.86082,0.13439,0.49409,-0.98288,0.05092
-0.46486,0.87836,0.11125,-0.10153,-0.46294,0.55185
-0.44835,0.8884,0.09862,-1.18271,1.26628,1.16886
-0.44811,0.88257,0.14231,-1.01856,3.0531,1.23174
-0.46524,0.86778,0.17467,-0.12579,0.51645,0.82631
-0.48397,0.85582,0.1826,0.20996,-1.09041,0.20427
-0.49645,0.85403,0.15544,0.29546,0.02492,0.33359
-0.49427,0.86424,0.09371,0.73141,2.15807,-0.87585
-0.48791,0.86939,0.07809,1.19044,1.02413,0.59365
-0.48185,0.87304,0.07501,0.45212,-0.35894,0.5607
-0.4591,0.88597,0.06541,0.30153,-0.2357,-0.63763
-0.41473,0.90939,0.03176,0.28716,-0.13041,-1.06078
-0.35247,0.93552,-0.02362,0.20298,0.37532,-0.72247
-0.28541,0.95534,-0.07659,-0.06568,0.23553,-0.15492
-0.21974,0.96734,-0.12635,-0.28448,0.15388,0.11913
-0.16831,0.97115,-0.16892,-0.65333,-0.28754,0.59915
-0.14035,0.97032,-0.19689,0.0011,-0.68279,0.30498
-0.13385,0.96709,-0.21638,0.40134,-0.70673,0.12484
-0.12879,0.96228,-0.23965,0.61196,-0.46934,0.08945
-0.1119,0.95383,-0.27873,0.54357,-0.03744,0.23243
-0.08895,0.94653,-0.31009,0.06899,-0.02533,0.53615
-0.06235,0.94103,-0.33251,-0.53647,-0.05949,0.4735
-0.03923,0.93629,-0.34902,-0.65981,-0.04596,0.18276
-0.03017,0.93427,-0.35529,-0.44269,-0.08861,0.26256
-0.02798,0.93215,-0.36097,-0.25581,0.01241,0.27018
-0.0242,0.9305,-0.36549,-0.33539,0.08409,0.07515
-0.02421,0.9267,-0.37503,-0.98301,0.42677,-0.00931
-0.03418,0.92006,-0.39027,-0.82498,0.57285,0.80036
-0.05092,0.92657,-0.37265,-0.537,0.1809,0.03526
-0.08618,0.93176,-0.3527,-0.4394,0.20119,0.17036
-0.13673,0.94074,-0.31034,-0.49773,0.53233,0.50414
-0.19308,0.94656,-0.25834,-0.05068,1.00692,0.33363
-0.25379,0.9445,-0.20859,0.2506,1.3039,-0.10089
-0.28865,0.94313,-0.16483,0.89885,1.38188,0.06448
-0.30651,0.94317,-0.12836,0.87638,0.77367,0.40493
-0.33277,0.93794,-0.09761,0.42539,0.27572,0.37888
-0.36202,0.92965,-0.06839,0.01615,-0.03102,-0.02358
-0.40544,0.91309,-0.04334,-0.241,-0.2547,0.04295
-0.45288,0.8911,-0.02875,0.01747,-0.51407,-0.06007
-0.49585,0.86839,-0.00545,0.26399,-0.65475,-0.1313
-0.52669,0.84956,0.02903,0.53632,-0.92436,-0.27212
-0.54374,0.8368,0.06404,0.67991,-1.04293,-0.21966
-0.54973,0.83016,0.09287,0.67988,-0.92387,-0.24757
-0.54737,0.82912,0.11375,0.72436,-0.98481,-0.18897
-0.53487,0.83695,0.11585,0.64928,-1.01358,0.01384
-0.50949,0.85565,0.09099,0.45972,-0.8148,0.24026
-0.4787,0.87589,0.06054,-0.33921,0.09195,0.63398
-0.46617,0.8813,0.07734,-1.06919,2.51149,0.90335
-0.48497,0.86505,0.12843,-0.58669,2.27721,1.38354
-0.51352,0.84686,0.13823,-0.18541,-0.44997,0.46875
-0.52826,0.83947,0.12732,0.72335,-0.92224,0.42684
-0.52712,0.8456,0.08422,0.71804,2.19045,-0.61245
-0.51227,0.85745,0.04838,1.2144,1.99714,-0.59671
-0.50548,0.86192,0.03971,0.33785,-0.43319,-0.06633
-0.49191,0.87045,0.01844,0.44668,-0.30142,0.06591
-0.46083,0.88744,-0.00932,0.40234,-0.32658,-0.6186
-0.40369,0.91309,-0.05747,0.41024,0.10513,-0.69657
-0.33753,0.93551,-0.10434,0.21528,0.33745,-0.31474
-0.27168,0.95135,-0.14532,-0.05339,0.18058,0.02229
-0.21302,0.9599,-0.18221,-0.40438,0.12611,0.35357
-0.17044,0.961,-0.21779,-0.34006,-0.39686,0.41331
-0.14924,0.95853,-0.24277,0.20242,-0.65885,0.22936
-0.14232,0.95601,-0.25649,0.30281,-0.54124,0.20892
-0.13194,0.95121,-0.2789,0.38716,-0.20767,0.06854
-0.11417,0.9433,-0.31167,0.19617,-0.09057,0.08591
-0.09353,0.93403,-0.34472,-0.07574,-0.1181,0.5617
-0.06994,0.92733,-0.36766,-0.5694,-0.20862,0.50309
-0.04873,0.92318,-0.38126,-0.58825,-0.1417,0.18528
-0.04035,0.92132,-0.3867,-0.50369,-0.02226,0.21184
-0.03643,0.91763,-0.39575,-0.45358,0.21115,0.30517
-0.03453,0.91159,-0.40964,-0.41689,0.45837,0.24367
-0.03661,0.90804,-0.41728,-0.85519,0.58079,0.28109
-0.04754,0.90553,-0.4216,-0.8685,0.4678,0.36655
-0.0748,0.91199,-0.40334,-0.6446,0.51526,0.25739
-0.12217,0.91972,-0.37307,-0.47024,0.42462,0.06532
-0.17611,0.92866,-0.32645,-0.29372,0.78951,0.85445
-0.22266,0.93605,-0.27244,0.03863,1.01039,0.27856
-0.26654,0.93764,-0.2231,0.5094,1.03672,-0.19966
-0.28458,0.94242,-0.17564,0.9033,0.77843,0.10603
-0.29649,0.94578,-0.13258,0.68736,0.40973,0.47421
-0.32193,0.94239,-0.09089,0.20973,0.06886,0.00698
-0.35654,0.93312,-0.04655,-0.19762,0.02109,0.07378
-0.40028,0.91614,-0.02143,-0.08843,-0.20536,0.00293
-0.44497,0.89554,-0.00391,0.11373,-0.45559,-0.19021
-0.48504,0.87394,0.03108,0.2259,-0.54995,-0.29175
-0.51243,0.8556,0.07319,0.69148,-1.00599,-0.2319
-0.5261,0.84318,0.1107,0.70515,-0.99357,-0.26941
-0.5286,0.83764,0.13762,0.79325,-0.9853,-0.18116
-0.52081,0.84047,0.14949,0.57819,-0.8978,-0.04192
-0.50175,0.85359,0.1401,0.53123,-0.86731,0.08239
-0.47567,0.8723,0.11322,0.37454,-0.79885,0.28285
-0.45377,0.88601,0.09518,-0.84521,1.58954,0.81153
-0.44083,0.88877,0.12549,-0.75743,2.8162,1.2201
-0.45249,0.8776,0.15835,-0.11457,1.15492,1.12885
-0.47044,0.86477,0.17562,0.12723,-0.73779,0.25352
-0.48422,0.86054,0.15808,-0.26028,0.99255,0.38318
-0.4925,0.86246,0.1166,0.52459,2.08163,-0.93125
-0.50405,0.85901,0.08957,0.80066,-0.82859,0.15693
-0.49552,0.86497,0.07919,0.68202,-0.58919,0.45348
-0.46564,0.88175,0.07548,0.45611,-0.23972,-0.29916
-0.41453,0.90935,0.03527,0.1247,0.08583,-0.83993
-0.35342,0.93515,-0.02398,0.0636,0.06003,-0.78068
-0.29799,0.95155,-0.07577,-0.30002,0.51129,0.02357
-0.25332,0.96162,-0.1054,-0.40711,-0.02711,0.39204
-0.22204,0.96666,-0.12748,-0.22057,-0.24555,0.25819
-0.2034,0.96605,-0.15931,0.07492,-0.39445,0.24236
-0.19138,0.963,-0.18973,0.4027,-0.51177,0.17319
-0.17445,0.96084,-0.21528,0.50304,-0.48286,0.2519
-0.15034,0.95732,-0.24683,0.29931,-0.27431,0.19023
-0.12175,0.95142,-0.28281,0.07825,-0.09726,0.22397
-0.09597,0.94429,-0.31479,-0.02485,-0.1314,0.29485
-0.07192,0.93711,-0.34153,-0.29237,-0.14971,0.4569
-0.05302,0.93171,-0.35929,-0.46951,-0.05885,0.39359
-0.0414,0.92886,-0.3681,-0.3775,-0.17309,0.39059
-0.03207,0.92651,-0.37488,-0.23418,0.13522,0.26812
-0.02274,0.92546,-0.37816,-0.62559,0.21365,-0.0521
-0.02199,0.92021,-0.3908,-1.14898,0.55823,0.13833
-0.03336,0.91704,-0.39739,-0.74044,0.22415,0.87168
-0.05573,0.92635,-0.37251,-0.42399,0.21508,0.25343
-0.09717,0.93462,-0.3421,-0.40206,0.57269,0.49953
-0.1502,0.94452,-0.29209,-0.32438,0.78944,0.51925
-0.21398,0.94603,-0.2434,0.06957,1.3243,-0.16772
-0.26369,0.9445,-0.1959,0.29854,1.51126,-0.20301
-0.28357,0.94621,-0.1558,0.6384,1.02103,0.20888
-0.30868,0.94358,-0.11983,0.51121,0.55611,0.49355
-0.34027,0.9366,-0.08363,0.21568,0.06929,0.0402
-0.37904,0.92442,-0.04205,-0.0436,-0.22215,0.05337
-0.42186,0.90654,-0.01457,0.09975,-0.44484,-0.04843
-0.46257,0.88656,0.00629,0.24458,-0.6077,-0.16562
-0.49757,0.86676,0.0338,0.50348,-0.79628,-0.27074
-0.52234,0.85017,0.06607,0.69848,-0.93814,-0.24623
-0.53566,0.8392,0.09383,0.69876,-0.91969,-0.20287
-0.53819,0.83498,0.11467,0.67591,-0.96468,-0.24297
-0.52846,0.84019,0.12168,0.5998,-1.07613,-0.0888
-0.50404,0.85743,0.10369,0.49735,-0.9472,0.17108
-0.46859,0.88073,0.0688,-0.00376,-0.36903,0.61403
-0.44577,0.89297,0.06225,-1.35646,2.77798,0.91979
-0.45635,0.88298,0.10992,-1.23516,3.11255,1.14868
-0.48421,0.86528,0.12974,-0.40309,0.22912,0.77073
-0.50665,0.85226,0.13018,0.4081,-1.33029,0.33865
-0.51757,0.85049,0.09373,0.47986,0.51496,0.22357
-0.50245,0.86394,0.03371,1.03838,2.22778,-0.95832
-0.48738,0.87245,0.0358,0.7359,0.45288,0.94148
-0.47809,0.87785,0.02825,0.25438,-0.59381,-0.06321
-0.45563,0.89007,0.01291,0.4227,-0.27345,-0.33785
-0.40733,0.91291,-0.02602,0.40033,-0.02033,-0.7214
-0.34354,0.93576,-0.07955,0.28086,0.23407,-0.55572
-0.27963,0.95121,-0.13038,0.10653,0.32676,-0.40208
-0.22144,0.95915,-0.17606,-0.53229,0.19997,0.35139
-0.17861,0.95973,-0.21684,-0.634,-0.0256,0.52925
-0.15783,0.95733,-0.24209,-0.50181,-0.31267,0.54176
-0.14996,0.95485,-0.25646,0.52162,-0.5959,0.17366
-0.13886,0.95103,-0.27616,0.57773,-0.49122,0.09049
-0.1198,0.94367,-0.30844,0.54244,-0.12551,0.00557
-0.09511,0.93603,-0.33881,0.25143,-0.09138,0.28817
-0.06794,0.92983,-0.36166,-0.38782,-0.17435,0.66456
-0.04437,0.9249,-0.37759,-0.68857,-0.15931,0.29559
-0.03448,0.92224,-0.38507,-0.52736,-0.06065,0.22537
-0.02861,0.91846,-0.39448,-0.44623,0.13416,0.33038
-0.02383,0.91442,-0.40407,-0.42112,0.31608,0.33891
-0.01944,0.91339,-0.40663,-1.03676,0.35697,0.10217
-0.02705,0.90928,-0.41531,-0.91613,0.4495,0.43797
-0.04105,0.91664,-0.39761,-0.38934,0.21101,0.32864
-0.07027,0.92713,-0.36809,-0.32251,0.39558,0.35457
-0.11302,0.93994,-0.32209,-0.28406,0.45882,0.31631
-0.16363,0.94956,-0.26752,-0.28369,0.85124,0.11583
-0.22108,0.95112,-0.21561,0.15582,1.19461,-0.16925
-0.25586,0.95181,-0.16909,0.34375,1.23686,-0.09005
-0.27546,0.95242,-0.13046,0.59405,0.8653,0.32286
-0.30743,0.94675,-0.09563,0.41101,0.3009,0.34175
-0.34418,0.93687,-0.06174,0.0001,-0.04966,0.09256
-0.38878,0.92076,-0.03226,-0.02257,-0.36026,0.08951
-0.43172,0.90194,-0.01043,0.11698,-0.48992,-0.15528
-0.47114,0.88174,0.02362,0.29429,-0.65271,-0.30822
-0.49912,0.86401,0.066,0.60955,-1.01794,-0.34269
-0.51443,0.85143,0.1021,0.73376,-1.08811,-0.18324
-0.51801,0.84562,0.12882,0.6328,-0.91822,-0.21433
-0.50975,0.84783,0.14606,0.59501,-1.05915,-0.16984
-0.49198,0.85875,0.14317,0.39701,-0.98495,0.06997
-0.46799,0.87699,0.1089,-0.01065,-0.61373,0.4758
-0.44621,0.89187,0.07385,-0.81628,0.23936,0.79552
-0.43007,0.89867,0.08614,-0.84181,2.30728,0.89797
-0.44576,0.88618,0.12642,-0.06075,2.00395,1.16916
-0.47742,0.86658,0.14526,0.02799,-0.43578,0.27419
-0.50036,0.855,0.13638,0.25352,-1.22991,0.23071
-0.5014,0.86249,0.06865,0.14776,1.06767,0.00391
-0.48033,0.87677,0.02343,1.3641,2.06712,-0.47225
-0.47127,0.88127,0.03551,0.28334,-0.19015,0.51153
-0.45532,0.88973,0.03248,0.26361,-0.26948,0.34704
-0.41562,0.90951,0.00688,0.2096,-0.31758,-0.37693
-0.35579,0.93328,-0.04905,0.29875,0.26199,-0.79307
-0.29186,0.95085,-0.10345,0.12637,0.31914,-0.4859
-0.22426,0.96222,-0.15441,-0.05841,0.21056,-0.21837
-0.1635,0.96548,-0.20275,-0.83749,0.03368,0.64492
-0.13071,0.9653,-0.22608,-0.20021,-0.63542,0.25339
-0.12675,0.96336,-0.23635,0.16356,-0.68889,0.22856
-0.12735,0.95878,-0.254,0.67807,-0.30427,0.14513
-0.11735,0.95032,-0.2883,0.70327,-0.1742,0.28098
-0.09552,0.94338,-0.31766,0.53493,-0.12427,0.414
-0.07116,0.93772,-0.34001,-0.53727,-0.17599,0.376
-0.04798,0.93144,-0.36072,-0.56045,-0.1697,0.39671
-0.03716,0.92718,-0.37276,-0.55176,-0.01803,0.26536
-0.03671,0.92332,-0.38228,-0.30571,0.13735,0.2955
-0.03889,0.91975,-0.39056,-0.25971,0.14239,0.24528
-0.0359,0.91893,-0.39278,-0.73621,0.18657,-0.08131
-0.03958,0.91182,-0.40867,-1.20869,0.8128,0.17191
-0.05299,0.90924,-0.41289,-0.47736,0.37453,1.10895
-0.07782,0.92066,-0.38253,-0.4119,0.23756,0.32962
-0.11689,0.93138,-0.34476,-0.27942,0.27009,0.48267
-0.16637,0.94273,-0.2891,-0.30469,0.69878,0.40936
-0.22753,0.94424,-0.23798,-0.00386,1.41228,-0.22967
-0.2702,0.94424,-0.18817,0.41278,1.4681,-0.06409
-0.29004,0.94595,-0.1451,0.5811,1.12893,0.32105
-0.31853,0.94169,-0.10843,0.45536,0.40362,0.33145
-0.35399,0.93219,-0.07556,0.07166,-0.0602,0.05485
-0.39679,0.91698,-0.04124,0.00073,-0.44951,-0.04922
-0.44187,0.89695,-0.01511,0.07563,-0.51331,-0.19523
-0.48326,0.87528,0.01854,0.38943,-0.87618,-0.28188
-0.51338,0.85612,0.05909,0.54386,-1.11854,-0.34286
-0.53041,0.84224,0.0964,0.70909,-1.10712,-0.21361
-0.53622,0.8346,0.12616,0.65127,-1.00386,-0.21051
-0.53128,0.83426,0.1475,0.57159,-1.08731,-0.05642
-0.51684,0.84288,0.14977,0.42828,-1.07609,0.19444
-0.49485,0.86022,0.12301,-0.28531,-0.47625,0.56232
-0.47612,0.87512,0.08645,-0.89191,0.93591,0.72739
-0.45841,0.88456,0.08603,-0.74279,3.34943,1.21871
-0.46552,0.87727,0.117,0.02213,0.84614,0.75022
-0.49351,0.85939,0.13377,0.09903,-1.22477,0.21186
-0.5145,0.84864,0.12285,0.4717,0.13634,0.02031
-0.51121,0.85781,0.05315,0.91323,1.98525,-0.70914
-0.48374,0.87519,0.00486,0.93989,1.02724,0.81399
-0.4725,0.88122,0.01396,0.1188,-0.73654,-0.14635
-0.45873,0.88857,-0.0023,0.25013,-0.35801,-0.02026
-0.42799,0.90344,-0.02486,0.36914,-0.11351,-0.60701
-0.37478,0.92449,-0.06973,0.31293,0.22702,-0.61375
-0.30957,0.94334,-0.11947,0.11984,0.19255,-0.16851
-0.24451,0.95595,-0.16241,-0.18123,0.05328,0.0477
-0.19021,0.96057,-0.20279,-0.58108,-0.00189,0.56962
-0.15343,0.95765,-0.24367,-0.39752,-0.45258,0.58632
-0.1386,0.9541,-0.26549,0.16568,-0.55926,0.30204
-0.13598,0.95073,-0.27862,0.33219,-0.53233,0.2441
-0.12585,0.94472,-0.30276,0.29033,-0.21273,0.2075
-0.10508,0.9354,-0.33763,0.26956,-0.2034,0.24236
-0.08358,0.92571,-0.36889,-0.21537,-0.23542,0.46933
-0.06299,0.91754,-0.39262,-0.70251,0.06169,0.40486
-0.05251,0.91416,-0.40193,-0.71299,0.06507,0.41417
-0.05866,0.91315,-0.40337,-0.43936,0.08156,0.31356
-0.06521,0.91117,-0.40683,-0.42896,0.12125,-0.01033
-0.06354,0.90896,-0.41201,-0.64578,0.3664,-0.07415
-0.06746,0.89811,-0.43456,-0.77725,0.81791,0.23524
-0.07789,0.8963,-0.43655,-0.26309,0.26061,0.74171
-0.10177,0.90828,-0.40579,-0.27765,0.22735,0.52855
-0.13891,0.92104,-0.36386,-0.3061,0.24231,0.57337
-0.18334,0.93261,-0.31085,-0.29467,0.84078,0.51208
-0.24015,0.93574,-0.2583,0.0951,1.5087,-0.25649
-0.27426,0.93828,-0.21074,0.48269,1.22278,-0.06364
-0.28559,0.94138,-0.17953,0.41987,0.62664,0.6521
-0.30728,0.9402,-0.14698,0.0869,0.11427,0.04174
-0.3429,0.9335,-0.10487,-0.20702,-0.33105,0.18348
-0.38414,0.92071,-0.06881,0.10269,-0.50951,-0.0189
-0.42104,0.90574,-0.04849,0.21729,-0.51571,-0.1596
-0.45813,0.88865,-0.02031,0.52728,-0.66375,-0.27648
-0.49109,0.87094,0.01713,0.67772,-0.92087,-0.17532
-0.51161,0.85765,0.05187,0.65234,-0.9482,-0.12708
-0.52028,0.85025,0.07987,0.63271,-0.89371,-0.12757
-0.51884,0.84925,0.09786,0.5229,-0.93023,-0.07515
-0.50499,0.85777,0.09597,0.44446,-0.87013,0.18461
-0.47805,0.87544,0.07121,-0.03927,-0.58629,0.62992
-0.44867,0.89296,0.03626,-1.0228,0.58342,0.95766
-0.42697,0.90364,0.03351,-1.19014,1.55223,0.64916
-0.43381,0.89849,0.06734,-0.23737,1.15181,1.14371
-0.46231,0.88331,0.0776,-0.00314,-0.9043,0.35009
-0.48316,0.87233,0.07475,0.33687,-0.35389,0.17853
-0.4817,0.87599,0.02472,0.46287,1.3796,-0.33179
-0.44704,0.89387,-0.03403,1.45595,1.63888,0.07707
-0.42907,0.90306,-0.01972,0.21782,-0.59726,0.28965
-0.41859,0.90783,-0.02502,0.25799,-0.32795,0.00155
-0.39616,0.91718,-0.04289,0.36167,-0.27845,-0.39139
-0.34986,0.93304,-0.08388,0.38996,-0.14929,-0.56896
-0.28743,0.94811,-0.13594,0.22,0.12224,-0.41712
-0.2236,0.95811,-0.17897,-0.10486,0.21567,-0.09415
-0.16728,0.96111,-0.21975,-0.54633,0.29812,0.32159
-0.12442,0.95509,-0.26894,-0.70337,-0.20284,0.74643
-0.10243,0.94831,-0.30036,0.04731,-0.58317,0.34012
-0.09875,0.94405,-0.31467,0.35948,-0.5145,0.17501
-0.09468,0.93896,-0.33074,0.48222,-0.29684,0.0658
-0.08188,0.92941,-0.35986,0.33847,-0.05567,0.16824
-0.05689,0.91737,-0.39395,-0.03873,-0.11392,0.5082
-0.02784,0.90843,-0.41711,-0.60911,-0.33902,0.58636
-0.00301,0.90521,-0.42494,-0.63919,-0.22235,0.24701
0.01087,0.90449,-0.42635,-0.53819,-0.02034,0.17602
0.01677,0.9,-0.43557,-0.4205,0.22666,0.31252
0.01975,0.89238,-0.45085,-0.46859,0.29721,0.3104
0.02012,0.88898,-0.4575,-0.96722,0.24333,0.25209
0.00996,0.88644,-0.46273,-0.92999,0.22556,0.12305
-0.02149,0.88783,-0.45967,-0.49722,0.41214,0.45421
-0.07846,0.89449,-0.44016,-0.48628,0.65175,0.43811
-0.14719,0.90433,-0.40065,-0.35879,1.0173,0.82317
-0.20084,0.91183,-0.3581,0.08321,1.65911,0.72969
-0.22843,0.92223,-0.31196,0.60598,1.51941,-0.1502
-0.22682,0.9372,-0.26497,1.02298,0.77946,0.69442
-0.22777,0.94786,-0.22291,0.58146,0.31404,0.4846
-0.25327,0.95187,-0.17261,0.01455,0.06899,-0.24083
-0.29171,0.94926,-0.11747,-0.07728,-0.0788,-0.15743
-0.33794,0.93663,-0.09233,-0.07015,-0.50721,-0.19759
-0.38833,0.91906,-0.06727,0.11227,-0.74996,-0.14478
-0.42755,0.90389,-0.01382,0.34866,-0.99695,-0.16344
-0.44774,0.89331,0.03912,0.38482,-1.24023,-0.13711
-0.45177,0.88901,0.07462,0.43065,-1.02054,-0.1762
-0.44272,0.89135,0.09745,0.40752,-0.89396,-0.032
-0.42211,0.89999,0.10884,0.21685,-0.90243,0.24718
-0.39238,0.91454,0.09824,0.01361,-0.94727,0.35759
-0.36019,0.93008,0.07226,-0.44957,-0.11094,0.98569
-0.32677,0.94263,0.06836,-0.32284,1.37126,1.20032
-0.31224,0.94496,0.09773,-0.04836,2.0139,1.23594
-0.32709,0.93725,0.1207,0.29886,0.48773,0.40187
-0.34521,0.92961,0.12905,0.31934,1.09798,0.4018
-0.35002,0.92905,0.11978,0.54738,1.68965,0.14152
-0.36452,0.92516,0.10582,0.36664,-0.97163,-0.315
-0.35913,0.93088,0.06695,0.49672,-0.8792,-0.06087
-0.32846,0.94406,0.02925,0.52385,-0.76204,0.28397
-0.2755,0.96128,-0.00688,0.03761,0.20308,-0.70683
-0.20581,0.9769,-0.05756,-0.25057,0.68837,-0.29138
-0.14058,0.9841,-0.10855,-0.59181,0.39618,0.24412
-0.0858,0.98652,-0.13933,-0.40409,-0.20524,0.23034
-0.04214,0.98637,-0.15905,-0.21805,-0.43919,0.1238
-0.01406,0.98254,-0.18552,-0.14657,-0.45112,0.07401
0.00057,0.97725,-0.2121,0.19486,-0.56291,0.12204
0.0172,0.97179,-0.2352,0.25297,-0.45275,0.15174
0.03729,0.96497,-0.25969,0.17853,-0.31516,0.20628
0.05942,0.95642,-0.28588,-0.10416,-0.0802,0.23966
0.0839,0.94733,-0.30908,-0.49646,-0.20336,0.28634
0.10915,0.93776,-0.32967,-0.63411,-0.18966,0.27555
0.13014,0.92981,-0.34426,-0.73294,-0.09055,0.22946
0.1416,0.92585,-0.35036,-0.65703,0.20507,0.35734
0.14683,0.92352,-0.35433,-0.66226,0.2074,0.3613
0.15325,0.92224,-0.35496,-0.72893,0.10929,0.13706
0.15765,0.91984,-0.35921,-1.17604,0.45311,0.05843
0.1473,0.91863,-0.36664,-0.8756,0.32373,0.37702
0.12519,0.92945,-0.34705,-0.60662,0.18119,0.25997
0.08377,0.94578,-0.31382,-0.5186,0.3693,0.32693
0.03095,0.96687,-0.25339,-0.46517,0.80953,0.74435
-0.02809,0.98159,-0.18892,-0.06385,1.16857,-0.10393
-0.0775,0.98801,-0.13354,0.33904,1.23588,-0.35523
-0.10004,0.99129,-0.08564,0.59779,1.0585,-0.0057
-0.11767,0.99209,-0.04361,0.11227,0.24553,0.45592
-0.14754,0.989,-0.00987,-0.45773,0.08945,-0.04226
-0.19424,0.98076,0.01935,-0.53598,-0.06569,-0.09409
-0.24936,0.96752,0.04144,-0.19735,-0.63816,-0.20799
-0.29397,0.95387,0.06087,0.05438,-0.6573,-0.23575
-0.32876,0.94058,0.08499,0.29066,-0.67642,-0.29942
-0.35447,0.92818,0.11327,0.52178,-0.93807,-0.26667
-0.36912,0.91897,0.13874,0.57268,-0.98046,-0.24848
-0.37221,0.91502,0.15555,0.58491,-0.97085,-0.2948
-0.36319,0.91712,0.16425,0.48368,-1.01899,-0.1385
-0.34099,0.92721,0.15492,0.37138,-0.94665,0.15281
-0.30669,0.94397,0.1219,0.19622,-0.83989,0.34959
-0.27392,0.95725,0.09295,-0.82734,0.85633,0.62021
-0.2518,0.96176,0.10771,-1.0817,3.03245,1.31052
-0.26162,0.95463,0.14227,-0.71071,2.37147,1.41496
-0.28393,0.94594,0.15676,0.1909,-0.86979,0.25094
-0.29578,0.94207,0.15819,-0.14348,1.11265,0.1528
-0.29558,0.94546,0.13687,0.24767,2.10598,-0.50532
-0.29457,0.94814,0.11937,0.46663,-1.26519,0.12277
-0.28248,0.95361,0.10407,0.37672,-0.50431,0.46409
-0.25802,0.96028,0.10626,0.20904,-0.16708,-0.69878
-0.20833,0.9743,0.0857,-0.04157,0.10015,-1.01579
-0.14607,0.9885,0.03913,-0.2387,0.35636,-0.64823
-0.08498,0.99629,-0.01365,-0.47525,0.06415,0.03614
-0.03021,0.9977,-0.06066,-0.64911,-0.11953,0.30212
0.00757,0.99567,-0.0926,-0.51045,-0.34193,0.26751
0.02676,0.99218,-0.12193,-0.09483,-0.62903,0.17482
0.03752,0.98813,-0.14895,0.23574,-0.63066,0.08486
0.05122,0.98345,-0.17375,0.26033,-0.39723,0.13939
0.07407,0.97575,-0.20599,0.05393,-0.01496,0.163
0.09791,0.96595,-0.23946,-0.05883,0.09999,0.24807
0.11941,0.95776,-0.26158,-0.73588,-0.10194,0.39829
0.14011,0.95164,-0.2734,-0.80598,-0.04411,0.22844
0.14779,0.94954,-0.27663,-0.74906,-0.08103,0.11678
0.14762,0.94871,-0.27956,-0.39367,-0.0198,0.17983
0.14969,0.94667,-0.28532,-0.41086,0.13466,0.16336
0.15401,0.94457,-0.28995,-0.52999,0.17714,0.11188
0.1531,0.9419,-0.29895,-1.17445,0.46527,0.23132
0.13741,0.94413,-0.29955,-0.79648,0.14922,0.61838
0.10823,0.95921,-0.26114,-0.59446,0.03095,0.477
0.05895,0.97663,-0.20666,-0.53139,0.54929,0.2401
-0.00283,0.98933,-0.14564,-0.43538,0.88193,-0.08792
-0.06713,0.99289,-0.0983,-0.083,1.50139,-0.32995
-0.1033,0.99297,-0.05776,0.1708,1.21571,-0.16073
-0.12678,0.99165,-0.02335,0.19482,0.5448,0.4126
-0.16417,0.98639,0.00864,-0.03848,0.18304,0.13794
-0.21038,0.977,0.03475,-0.15069,-0.24375,-0.05847
-0.25547,0.96502,0.05892,-0.05471,-0.43355,-0.09711
-0.29327,0.95266,0.08017,0.09211,-0.65386,-0.19716
-0.32553,0.94013,0.10089,0.30237,-0.75255,-0.33348
-0.351,0.9282,0.12349,0.43622,-0.87718,-0.37876
-0.36662,0.91883,0.14606,0.55133,-1.01266,-0.29824
-0.37013,0.91454,0.16313,0.55317,-0.95084,-0.30096
-0.36181,0.91595,0.17355,0.57902,-1.00999,-0.28191
-0.34208,0.92452,0.16806,0.35631,-0.94112,0.03354
-0.31458,0.93919,0.13768,-0.17271,-0.50413,0.41388
-0.28767,0.95211,0.10352,-0.53401,0.0215,0.68946
-0.27232,0.95543,0.114,-1.09968,3.0602,1.21187
-0.28856,0.94501,0.15388,-0.36644,0.46996,0.96111
-0.31908,0.93281,0.16746,-0.38597,-0.66478,0.3055
-0.33699,0.92527,0.17409,-0.03926,0.11012,0.40826
-0.34447,0.92838,0.13943,0.23274,2.52976,-0.79013
-0.33632,0.93642,0.09999,0.86456,0.3661,0.31241
-0.34277,0.93433,0.09759,0.46701,-0.83448,0.35587
-0.33107,0.93846,0.09835,0.29717,-0.35793,-0.35278
-0.2918,0.95328,0.07811,0.18009,-0.26941,-1.08687
-0.22958,0.97303,0.02227,0.14012,0.4086,-0.7966
-0.166,0.98522,-0.04218,-0.2491,0.19782,-0.07461
-0.10465,0.98974,-0.09723,-0.45214,0.02825,0.18847
-0.05668,0.98962,-0.13206,-0.62318,-0.03465,0.40558
-0.0273,0.98725,-0.15679,0.08682,-0.51667,0.11719
-0.01224,0.9838,-0.17883,0.25613,-0.54008,0.14807
0.00024,0.98009,-0.19852,0.31599,-0.47961,0.18972
0.02064,0.97507,-0.22093,0.15101,-0.14795,0.10704
0.04671,0.96688,-0.25091,0.02868,-0.0902,0.12249
0.07379,0.95641,-0.28253,-0.23017,-0.3025,0.3308
0.10115,0.9473,-0.30396,-0.76682,-0.21152,0.40991
0.12911,0.93975,-0.31654,-0.79478,-0.20397,0.42248
0.14278,0.93698,-0.31888,-0.61698,0.01735,0.14705
0.14617,0.93562,-0.32131,-0.62354,0.41824,0.22829
0.14622,0.9316,-0.33277,-0.65811,0.52493,0.19353
0.14679,0.92825,-0.34177,-1.09361,0.35448,0.21712
0.13887,0.9271,-0.34814,-0.89676,0.24931,0.3784
0.12115,0.93564,-0.3315,-0.6688,0.1459,0.05924
0.08633,0.94957,-0.30142,-0.53625,0.3327,0.26828
0.03782,0.96749,-0.25006,-0.66832,0.58824,0.53181
-0.02217,0.98168,-0.18923,-0.44432,1.00044,0.23061
-0.08036,0.98657,-0.14216,0.05872,1.23756,-0.28442
-0.11052,0.98871,-0.10113,0.40141,1.0516,-0.1436
-0.12415,0.99029,-0.06254,0.49655,0.90415,-0.07988
-0.15189,0.98809,-0.02443,-0.23887,0.06611,0.08368
-0.1896,0.98177,0.01309,-0.41854,-0.20856,0.06499
-0.23617,0.97054,0.04759,-0.22358,-0.40589,-0.04051
-0.27636,0.95804,0.07608,0.0467,-0.70859,-0.35945
-0.30936,0.94502,0.10592,0.41344,-0.94592,-0.46577
-0.33052,0.93335,0.14004,0.58366,-1.05966,-0.47906
-0.34054,0.92456,0.17095,0.67942,-1.08969,-0.25226
-0.33966,0.92117,0.18992,0.50553,-1.03021,-0.21192
-0.32947,0.92359,0.19601,0.42458,-0.98834,-0.14764
-0.31485,0.93183,0.18043,0.0598,-0.78306,0.2729
-0.2953,0.94554,0.13694,-0.4563,-0.28102,0.62029
-0.27444,0.95613,0.10243,-0.85545,0.30258,0.73318
-0.26395,0.95675,0.12233,-0.91867,2.75573,1.16438
-0.28225,0.9449,0.16583,-0.16176,0.32551,0.83301
-0.31231,0.93208,0.18355,0.29752,-0.39686,0.54634
-0.33249,0.92759,0.17036,0.14597,2.71745,0.06113
-0.34966,0.92405,0.15448,0.18001,-0.19918,-0.79156
-0.37915,0.91915,0.10676,0.9173,-1.56303,-0.3347
-0.36856,0.9262,0.0795,0.94956,-0.54758,1.00691
-0.32822,0.94159,0.07534,0.37354,-0.14479,-1.02358
-0.25783,0.96535,0.04018,0.03148,0.38383,-0.74873
-0.17532,0.98446,-0.00942,-0.37657,0.67757,-0.29345
-0.1013,0.9933,-0.05562,-0.70923,0.14647,0.16614
-0.0401,0.99564,-0.08416,-0.68174,-0.21996,0.209
-0.00169,0.99379,-0.11121,-0.46388,-0.50687,0.12944
0.01554,0.98938,-0.14449,0.06506,-0.66043,0.05472
0.0251,0.98434,-0.17447,0.0555,-0.65539,0.0847
0.03739,0.97802,-0.20511,0.28262,-0.45222,0.09636
0.05451,0.96862,-0.24249,0.19971,0.01994,0.2236
0.07527,0.95735,-0.27895,0.14382,0.12357,0.40767
0.10417,0.94738,-0.30267,-0.60123,-0.11586,0.37739
0.132,0.93899,-0.3176,-0.76729,-0.09142,0.17808
0.14501,0.93501,-0.32362,-0.51872,-0.08086,0.31526
0.15225,0.93393,-0.32342,-0.37054,0.10392,0.2955
0.16225,0.93372,-0.31912,-0.73546,0.11039,-0.11503
0.16382,0.92947,-0.33051,-1.42775,0.40036,-0.05161
0.15129,0.92677,-0.3438,-1.0267,0.40648,0.78802
0.13318,0.93729,-0.3221,-0.86851,0.16201,-0.093
0.095,0.95079,-0.2949,-0.66527,0.20108,0.41884
0.04052,0.96991,-0.24005,-0.6475,0.58668,0.54053
-0.02581,0.98272,-0.18329,-0.34178,1.06362,-0.0303
-0.08588,0.98661,-0.13866,0.13378,1.31553,-0.28119
-0.11617,0.98863,-0.09547,0.44348,1.26581,-0.04601
-0.14306,0.98816,-0.0553,0.36986,0.60001,0.476
-0.17933,0.98353,-0.02235,-0.01898,0.08199,-0.022
-0.21752,0.976,0.01017,-0.27361,-0.25455,0.0776
-0.26757,0.96264,0.0415,0.06278,-0.51971,-0.05022
-0.3113,0.94823,0.06275,0.13819,-0.57041,-0.17495
-0.34991,0.93283,0.08593,0.41346,-0.9738,-0.36007
-0.37854,0.91826,0.11617,0.57655,-1.3294,-0.30586
-0.39412,0.90756,0.14491,0.52841,-1.26146,-0.29963
-0.39647,0.90259,0.16774,0.44687,-1.03987,-0.33287
-0.38535,0.90451,0.18266,0.45032,-1.03984,-0.12826
-0.36164,0.91558,0.17585,0.4028,-1.00655,0.02684
-0.32792,0.9329,0.14888,-0.57147,-0.17013,0.74039
-0.3028,0.94239,0.14219,-1.01947,1.48483,0.90087
-0.29678,0.93929,0.17218,-0.88977,3.01229,1.22031
-0.32354,0.92691,0.19014,-0.09521,-0.11685,0.4458
-0.35419,0.91369,0.19928,0.10489,-1.17019,0.52243
-0.37234,0.90778,0.19313,-0.46783,0.92329,0.47795
-0.37938,0.91404,0.14349,0.70229,2.19089,-1.12268
-0.3771,0.91836,0.11998,0.83758,-0.56519,0.39174
-0.36715,0.92306,0.11473,0.68767,-0.80959,0.20685
-0.33911,0.93447,0.10844,0.16858,-0.26092,-0.87923
-0.29377,0.95334,0.06957,0.14425,-0.12746,-0.80411
-0.22461,0.97433,0.01484,0.04689,0.07791,-0.67854
-0.14914,0.988,-0.04019,-0.35771,0.38734,0.0108
-0.0756,0.99392,-0.08005,-0.70305,-0.12278,0.23039
-0.01664,0.9945,-0.10334,-0.76201,-0.12337,0.25368
0.01745,0.99082,-0.13407,-0.37826,-0.63657,0.05349
0.02813,0.98664,-0.16047,0.24433,-0.62862,0.11987
0.0325,0.98284,-0.18156,0.36296,-0.53426,0.06321
0.04598,0.97625,-0.21173,0.36326,-0.2032,0.21018
0.07138,0.96617,-0.24784,0.25084,-0.1443,0.32398
0.10566,0.95334,-0.2828,-0.01405,-0.16352,0.37991
0.13929,0.94258,-0.30356,-0.72567,-0.00215,0.5105
0.16265,0.93915,-0.30257,-0.79168,0.02259,0.20636
0.16829,0.94183,-0.2909,-0.69883,0.06445,0.12566
0.16938,0.9436,-0.28448,-0.7685,0.19109,-0.13477
0.17179,0.93764,-0.30218,-1.48708,0.57055,-0.0845
0.16312,0.93442,-0.31663,-1.11721,0.53862,1.31045
0.14552,0.94653,-0.28793,-0.78453,0.17096,-0.27894
0.1082,0.96003,-0.25812,-0.40535,0.11473,0.33713
0.05493,0.97734,-0.20443,-0.45741,0.49149,0.46636
-0.0095,0.98837,-0.15176,-0.45757,1.10434,-0.05994
-0.06659,0.9919,-0.10817,-0.01683,1.30351,-0.26805
-0.09992,0.99281,-0.06595,0.16423,1.18175,-0.21592
-0.12852,0.99117,-0.03256,0.22343,0.40287,0.43097
-0.16576,0.98615,-0.00508,-0.0984,0.0547,-0.01569
-0.21162,0.97705,0.02407,-0.11841,-0.35701,-0.01015
-0.26129,0.9638,0.05303,0.20997,-0.65963,-0.11411
-0.30261,0.95046,0.07107,0.29817,-0.73177,-0.22518
-0.34119,0.9358,0.08871,0.43305,-0.87673,-0.31539
-0.36839,0.92291,0.11194,0.59859,-1.2029,-0.27238
-0.38189,0.9145,0.13356,0.60975,-1.09271,-0.18997
-0.38247,0.9121,0.14762,0.54885,-1.05497,-0.17492
-0.37117,0.91619,0.1511,0.36455,-0.89414,0.07127
-0.35043,0.92687,0.13457,-0.12154,-0.65043,0.46309
-0.32913,0.93813,0.10766,-0.60411,-0.26077,0.68922
-0.31807,0.94115,0.11432,-1.37285,2.63463,0.94193
-0.32312,0.93182,0.16521,-0.51729,1.20165,0.88107
-0.34432,0.92065,0.18399,-0.31413,-0.12528,0.34603
-0.36603,0.91212,0.18455,-0.04228,-1.27195,0.31828
-0.37877,0.91335,0.14939,0.22034,1.1157,-0.54671
-0.36352,0.9282,0.07932,1.51285,2.53144,-0.36066
-0.34055,0.93603,0.08868,0.13291,0.00519,0.60926
-0.33434,0.9384,0.08734,0.04779,-0.49745,0.30617
-0.31136,0.94774,0.06956,0.09027,-0.54251,-0.30967
-0.25973,0.96529,0.02743,0.32898,-0.23326,-1.01856
-0.18797,0.98186,-0.02466,0.12467,0.27598,-0.64433
-0.11429,0.99043,-0.07737,-0.10787,0.20612,-0.39742
-0.04307,0.99039,-0.13144,-0.79442,0.17496,0.50198
0.00784,0.9849,-0.17293,-0.7665,-0.52003,0.55889
0.02673,0.98022,-0.19608,0.04059,-0.74119,0.27341
0.02349,0.97719,-0.21105,0.42756,-0.60563,0.11267
0.0272,0.97159,-0.23512,0.53819,-0.19174,0.06642
0.04925,0.96157,-0.27011,0.47446,-0.07613,0.21376
0.07453,0.95222,-0.29618,-0.33129,-0.26081,0.40438
0.10082,0.9435,-0.31565,-0.77077,0.09733,0.22873
0.11998,0.93751,-0.32662,-0.78993,0.10332,0.23971
0.12884,0.93498,-0.33048,-0.58035,0.1644,0.3177
0.13768,0.93215,-0.33487,-0.94379,0.35439,0.16848
0.14817,0.92882,-0.33961,-0.95427,0.35772,0.17323
0.14402,0.92325,-0.35618,-1.38067,0.63342,0.41736
0.12526,0.92862,-0.34925,-0.53296,0.34465,0.21357
0.08557,0.9426,-0.32276,-0.52482,0.26167,-0.25608
0.02823,0.95769,-0.2864,-0.32452,0.48056,0.18202
-0.03314,0.97093,-0.23706,-0.46816,1.10772,0.75293
-0.0908,0.97845,-0.18544,0.02508,1.22617,0.00982
-0.12298,0.98283,-0.13756,0.44362,1.07387,-0.1229
-0.13653,0.98665,-0.08882,0.68377,0.76665,0.02451
-0.1604,0.98605,-0.04453,0.62187,0.47578,0.37857
-0.18998,0.98179,-0.00132,-0.29897,-0.1622,-0.00195
-0.23274,0.97171,0.04001,-0.08333,-0.501,-0.07826
-0.27639,0.95867,0.06753,0.08344,-0.66224,-0.18661
-0.31333,0.94509,0.09292,0.32289,-0.95372,-0.37046
-0.34094,0.9318,0.12454,0.53585,-1.17779,-0.39256
-0.35933,0.92018,0.15541,0.649,-1.18394,-0.29712
-0.36813,0.91283,0.17668,0.51708,-1.04708,-0.26352
-0.36541,0.91167,0.18797,0.45825,-0.98485,-0.08879
-0.35365,0.91828,0.17803,0.37872,-0.93409,0.0682
-0.33769,0.93058,0.14133,-0.55723,-0.06749,0.68286
-0.32392,0.93934,0.11276,-1.04542,1.75736,0.62566
-0.31694,0.93796,0.14061,-1.07889,2.67991,0.91731
-0.3308,0.92786,0.17216,-0.28774,-0.16007,0.51601
-0.3518,0.91879,0.17905,0.09786,-1.00824,0.31776
-0.36848,0.91486,0.16508,0.20559,-0.35286,0.55669
-0.37267,0.92148,0.10954,0.75531,2.44936,-1.34552
-0.37049,0.9256,0.07742,0.55856,-0.44359,0.70601
-0.36743,0.92749,0.06901,0.50848,-0.71246,0.39845
-0.34447,0.93619,0.06985,0.27927,-0.31124,-0.50454
-0.29831,0.95306,0.05184,0.29028,-0.41304,-0.80641
-0.22942,0.97331,0.00597,0.26662,-0.18686,-0.68445
-0.1554,0.98679,-0.04574,-0.09771,0.33553,-0.37734
-0.08191,0.99205,-0.09549,-0.47362,0.18525,0.02545
-0.02147,0.98928,-0.14441,-0.72081,0.14159,0.45806
0.01473,0.98515,-0.17108,-0.36484,-0.69811,0.32293
0.02505,0.98169,-0.18885,0.25927,-0.68237,0.07782
0.02849,0.97688,-0.21188,0.3711,-0.59602,0.02911
0.04322,0.96765,-0.24856,0.52314,-0.21123,0.13488
0.06436,0.95667,-0.28397,-0.30532,0.10899,0.63816
0.09067,0.94571,-0.31211,-0.7298,0.13905,0.62842
0.11749,0.93628,-0.33103,-0.95137,-0.00087,0.2676
0.12577,0.93306,-0.33701,-0.54793,-0.13784,0.3662
0.12577,0.93236,-0.33895,-0.39542,0.00137,0.25866
0.12925,0.9312,-0.34082,-0.34281,0.16353,-0.08902
0.13012,0.92483,-0.35742,-1.27514,0.84969,0.3417
0.12061,0.91612,-0.38233,-1.26563,0.8584,0.36661
0.1067,0.92305,-0.36959,-0.74167,0.38493,-0.0325
0.07171,0.93205,-0.35517,-0.6647,0.40302,-0.02065
0.02052,0.94525,-0.32569,-0.6082,0.40062,0.44459
-0.03217,0.96098,-0.27474,-0.18321,0.82662,0.77566
-0.08689,0.97082,-0.22351,0.23282,1.29899,-0.10332
-0.12313,0.97681,-0.17518,0.635,1.40538,-0.08414
-0.13968,0.98137,-0.1319,0.76764,0.75059,0.18445
-0.16025,0.98287,-0.09101,0.07259,-0.01499,0.16451
-0.18521,0.98119,-0.05445,-0.24525,-0.10974,0.05483
-0.22493,0.97404,-0.02554,-0.23536,-0.36091,-0.03151
-0.2749,0.96145,-0.00658,-0.08907,-0.64384,-0.18119
-0.32209,0.94661,0.01374,0.21296,-0.94015,-0.27951
-0.35885,0.9323,0.04522,0.48396,-1.25275,-0.28107
-0.38227,0.92061,0.07967,0.5933,-1.19743,-0.18383
-0.39448,0.91263,0.10719,0.58582,-1.06397,-0.18063
-0.39739,0.90889,0.12649,0.51639,-0.91036,-0.08244
-0.39135,0.91087,0.13103,0.38527,-0.84718,0.16247
-0.37422,0.92083,0.10968,0.29159,-0.79052,0.38294
-0.35127,0.93331,0.07441,-1.03207,0.57003,0.72912
-0.33652,0.93892,0.07195,-1.21489,1.61325,0.45924
-0.34971,0.92981,0.11471,-0.94216,2.43538,1.22145
-0.3787,0.91527,0.13736,0.19895,-0.9538,0.36995
-0.39619,0.90711,0.14207,0.28657,-0.25532,0.34087
-0.40227,0.90924,0.10708,-0.04886,0.99725,0.08518
-0.38856,0.91897,0.06714,0.82247,0.65195,0.21232
-0.38015,0.9228,0.06259,0.32076,-0.69481,0.14717
-0.36322,0.92984,0.05892,0.25354,-0.49682,0.43052
-0.32835,0.94326,0.04948,0.18887,-0.2698,-0.58722
-0.26836,0.96319,0.0157,0.17558,-0.10769,-0.66472
-0.19776,0.97979,-0.03007,0.02606,0.2192,-0.66138
-0.12971,0.9883,-0.08029,-0.52563,0.16496,0.1564
-0.06829,0.98927,-0.12917,-0.72876,0.11498,0.41159
-0.02836,0.98532,-0.16836,-0.78497,-0.11996,0.50186
-0.01372,0.98077,-0.19466,0.0336,-0.70575,0.25462
-0.01374,0.97652,-0.215,0.39014,-0.58054,0.21248
-0.00725,0.97066,-0.24035,0.46201,-0.50466,0.1257
0.01324,0.96188,-0.27317,0.38783,-0.05309,0.28763
0.04214,0.95164,-0.30431,-0.30965,-0.17958,0.42078
0.07454,0.94035,-0.33194,-0.34206,-0.16829,0.44841
0.10369,0.93215,-0.3469,-0.71183,-0.15766,0.33852
0.12141,0.93065,-0.34518,-0.63582,-0.00673,0.15107
0.12563,0.9317,-0.34081,-0.64004,-0.00778,0.1467
0.12928,0.92908,-0.34654,-0.93258,0.38182,-0.24743
0.12372,0.91939,-0.37337,-1.01233,0.607,1.1408
0.11076,0.92062,-0.37441,-0.81239,0.44066,0.90762
0.09457,0.93355,-0.34575,-0.62977,0.03429,0.00405
0.06619,0.9501,-0.30485,-0.35092,-0.15583,0.52987
0.02049,0.96957,-0.24397,-0.37375,0.33119,0.48657
-0.04899,0.98092,-0.18816,-0.35823,1.21926,-0.20015
-0.11541,0.9829,-0.14344,0.1038,1.76665,-0.10685
-0.1436,0.9846,-0.09966,0.38806,1.41093,0.00731
-0.16703,0.98417,-0.05922,0.48013,0.76922,0.42258
-0.2,0.97927,-0.03194,-0.19705,0.0947,0.0818
-0.24344,0.9699,-0.00556,-0.35061,-0.3626,0.06457
-0.29023,0.95673,0.02106,-0.05494,-0.56136,-0.10373
-0.32915,0.9433,0.04298,0.1207,-0.63377,-0.25119
-0.36423,0.92884,0.06777,0.34836,-0.78963,-0.34905
-0.39049,0.91558,0.09604,0.71141,-1.28379,-0.32054
-0.40568,0.90589,0.12157,0.73132,-1.24947,-0.28266
-0.40881,0.90185,0.1398,0.72561,-1.28959,-0.28664
-0.39829,0.90533,0.14743,0.62116,-1.19656,-0.05939
-0.37607,0.91756,0.12904,0.09093,-0.67818,0.29397
-0.35336,0.93046,0.09681,-0.5053,-0.10875,0.66713
-0.34346,0.93368,0.10136,-1.3475,3.72561,1.40319
-0.35675,0.92297,0.14438,-0.2228,0.61664,1.19596
-0.38491,0.90857,0.16231,-0.10642,-0.64574,0.22536
-0.40504,0.89812,0.17123,-0.32059,-1.20876,0.27489
-0.418,0.90026,0.12164,0.25398,1.12056,-0.29204
-0.39185,0.91813,0.05898,0.65662,2.30348,-1.07784
-0.36754,0.92665,0.0789,0.36301,-0.37369,0.60399
-0.35659,0.93006,0.0885,0.16857,-0.52843,0.27233
-0.33086,0.94102,0.07073,0.14739,-0.44948,-0.38929
-0.28136,0.95935,0.02224,0.34338,-0.04046,-0.79592
-0.21521,0.97589,-0.03635,0.11798,0.28894,-0.57626
-0.14827,0.98475,-0.09096,-0.10053,0.12548,-0.35179
-0.08257,0.98658,-0.14083,-0.76322,0.16739,0.57312
-0.0343,0.98327,-0.17891,-0.75655,-0.35071,0.48521
-0.01604,0.97935,-0.20154,-0.4017,-0.60546,0.31723
-0.01713,0.9755,-0.21934,0.44219,-0.60976,0.08018
-0.01236,0.96931,-0.24554,0.60913,-0.31634,0.04005
0.00885,0.95839,-0.28534,0.59764,-0.16615,0.19319
0.03789,0.94751,-0.31747,-0.40708,-0.0515,0.56775
0.07114,0.93751,-0.34059,-0.72615,0.01962,0.50746
0.1009,0.93112,-0.35047,-0.88794,0.02257,0.38451
0.11477,0.93078,-0.34709,-0.69431,0.06893,0.201
0.11675,0.93068,-0.34671,-0.60636,0.28443,0.07243
0.11885,0.92834,-0.35222,-0.84232,0.32601,-0.13574
0.11385,0.92155,-0.37119,-1.33402,0.66246,0.26264
0.09873,0.92175,-0.37502,-0.81026,0.41776,0.55483
0.06463,0.93261,-0.35504,-0.74525,0.4856,0.10793
0.0102,0.94484,-0.32737,-0.45609,0.5384,0.14894
-0.04919,0.95984,-0.2762,-0.40624,0.85918,0.90193
-0.10807,0.96949,-0.22002,-0.18371,0.98701,0.44528
-0.15207,0.97402,-0.16781,0.50261,1.1291,-0.09061
-0.16992,0.9783,-0.11851,0.77525,0.63546,0.30221
-0.19038,0.9788,-0.07555,0.6596,0.35395,0.42853
-0.21772,0.9752,-0.03988,-0.14408,0.01231,0.03839
-0.25178,0.96771,-0.01204,-0.36857,-0.2447,0.01921
-0.30158,0.95342,0.00672,-0.14363,-0.61032,-0.14395
-0.34681,0.93757,0.02615,0.09387,-0.76003,-0.24686
-0.38043,0.9231,0.05621,0.42826,-1.05274,-0.30011
-0.40115,0.91165,0.0893,0.56287,-1.19029,-0.23226
-0.40969,0.90472,0.11679,0.5837,-1.13244,-0.23621
-0.4083,0.90291,0.13431,0.53112,-1.15833,-0.15716
-0.3981,0.90705,0.137,0.47844,-1.14456,-0.12258
-0.37725,0.9183,0.12007,0.16901,-0.78196,0.18236
-0.35305,0.93072,0.09549,-0.8323,0.51327,0.81093
-0.33839,0.93585,0.09833,-1.11757,1.74569,0.93182
-0.34938,0.92576,0.14455,-0.28258,1.3546,1.23795
-0.3759,0.91272,0.16013,-0.06804,-0.88768,0.29068
-0.39565,0.90323,0.16623,0.15393,-1.32694,0.22148
-0.40688,0.90224,0.14287,0.20399,0.44327,-0.06877
-0.39519,0.91553,0.07504,0.90944,2.13724,-0.91415
-0.36473,0.92963,0.05256,1.23512,2.13212,-0.01591
-0.36059,0.93016,0.06912,0.0986,-0.73027,-0.00656
-0.34326,0.93725,0.06114,0.21642,-0.4885,-0.18509
-0.30567,0.95144,0.03635,0.24253,-0.47952,-0.48217
-0.24625,0.96919,-0.0048,0.21593,0.09157,-0.83188
-0.18076,0.98231,-0.04893,-0.08105,0.28217,-0.44104
-0.11527,0.98872,-0.09565,-0.29779,0.28159,-0.2294
-0.05901,0.98614,-0.15508,-0.84637,-0.02335,0.64089
-0.02207,0.97977,-0.19891,-0.34232,-0.62352,0.54995
-0.01258,0.97526,-0.22069,0.01373,-0.64344,0.41594
-0.0104,0.97159,-0.23645,0.53999,-0.47169,0.11731
0.00688,0.96418,-0.26516,0.55946,-0.10288,0.09689
0.03518,0.9543,-0.29676,0.33038,-0.06394,0.22359
0.06122,0.94521,-0.32068,-0.46239,-0.29334,0.4691
0.08832,0.93599,-0.34077,-0.70673,-0.0873,0.34779
0.10852,0.93051,-0.34981,-0.53546,-0.01999,0.26882
0.12402,0.92802,-0.35128,-0.4892,0.1635,0.25786
0.13606,0.92517,-0.35432,-0.54297,0.35913,0.20376
0.14471,0.92196,-0.35923,-1.05698,0.25762,-0.07774
0.14178,0.91733,-0.37203,-1.39524,0.47116,0.57997
0.13212,0.92415,-0.35844,-0.75721,0.41529,0.1836
0.10469,0.93666,-0.33422,-0.5639,0.38855,0.05267
0.05777,0.95175,-0.30139,-0.5322,0.33591,0.20981
0.00171,0.96855,-0.2488,-0.25991,0.90919,0.27608
-0.05897,0.9788,-0.19614,0.03382,1.02068,-0.06096
-0.11038,0.98251,-0.14998,0.42612,1.14827,-0.12393
-0.13869,0.98409,-0.11102,0.59053,0.78428,0.32564
-0.16633,0.98329,-0.07404,0.22343,0.10912,0.37934
-0.19637,0.97964,-0.04165,-0.28064,-0.08597,0.03439
-0.23853,0.97102,-0.01525,-0.40462,-0.28632,0.03764
-0.29089,0.95675,0.00371,-0.19371,-0.47382,-0.15767
-0.3345,0.94201,0.02671,0.17261,-0.79095,-0.24146
-0.3674,0.92839,0.05576,0.49735,-1.03621,-0.31054
-0.38864,0.91716,0.08822,0.6158,-1.14556,-0.29765
-0.40104,0.90891,0.11426,0.61149,-0.93346,-0.23931
-0.40579,0.90453,0.13098,0.56453,-0.95224,-0.22193
-0.40018,0.90575,0.13958,0.53511,-0.98555,-0.13995
-0.38534,0.9137,0.12911,0.32592,-0.83524,0.41487
-0.3624,0.92751,0.09159,-0.47192,-0.17583,0.76751
-0.34483,0.93656,0.06284,-1.07788,1.46513,0.54306
-0.33711,0.93763,0.08485,-0.74522,2.62465,1.2836
-0.35617,0.92722,0.11582,-0.1935,0.02008,0.61251
-0.38798,0.91297,0.12631,4e-05,-0.86807,0.4169
-0.40961,0.9055,0.11082,-0.05527,1.69113,0.1676
-0.41032,0.90926,0.06985,1.23173,1.96944,-0.84809
-0.41496,0.90759,0.06394,0.66442,-0.1586,0.60647
-0.40983,0.91048,0.05532,0.41766,-0.45301,0.22286
-0.37768,0.92521,0.03674,0.30962,-0.40105,-1.10857
-0.31572,0.94876,-0.01299,0.29232,-0.27307,-1.05607
-0.24296,0.9674,-0.0715,0.00674,0.58106,-0.28767
-0.17258,0.97762,-0.12029,-0.40754,0.21967,0.24832
-0.11158,0.98233,-0.15024,-0.589,0.13325,0.3499
-0.07141,0.98137,-0.17837,-0.43082,-0.40073,0.2615
-0.05428,0.97642,-0.20893,0.17413,-0.71994,0.14223
-0.05093,0.97101,-0.23354,0.37915,-0.70437,0.20479
-0.04018,0.96399,-0.26288,0.49776,-0.15734,0.23925
-0.01591,0.95402,-0.29933,0.34962,-0.04969,0.23508
0.01262,0.94378,-0.33033,0.20185,-0.02523,0.34172
0.0428,0.93475,-0.35271,-0.72117,-0.02986,0.55617
0.06922,0.92867,-0.36438,-0.83006,-0.11199,0.2644
0.07974,0.92719,-0.366,-0.73276,-0.16898,0.26661
0.0825,0.92522,-0.37035,-0.59893,0.06813,0.33187
0.08739,0.9219,-0.37745,-0.70146,0.17187,0.1803
0.09039,0.91866,-0.38458,-1.26653,0.46312,-0.0351
0.0796,0.91301,-0.40009,-0.8209,0.41203,0.4986
0.05798,0.92208,-0.38263,-0.47712,0.06852,0.15708
0.0181,0.93557,-0.35267,-0.4385,0.16996,0.17815
-0.03573,0.9521,-0.3037,-0.63768,0.74314,0.67908
-0.0977,0.96445,-0.24554,-0.31607,1.1896,0.05021
-0.15739,0.96847,-0.19312,0.00755,1.32865,-0.26907
-0.18566,0.9708,-0.15188,0.52355,1.20936,-0.03257
-0.19815,0.97302,-0.11815,0.57836,0.49002,0.66994
-0.22431,0.97096,-0.08318,-0.1091,-0.007,0.07576
-0.26262,0.96353,-0.05141,-0.4259,-0.24263,0.16597
-0.31263,0.94958,-0.02357,-0.08967,-0.58198,-0.07418
-0.35067,0.9365,0.00255,0.08875,-0.62712,-0.16138
-0.38339,0.92302,0.0323,0.42761,-0.91969,-0.28828
-0.40855,0.91053,0.06339,0.6443,-1.19351,-0.27435
-0.42271,0.90156,0.09226,0.65686,-1.19364,-0.27988
-0.4267,0.89725,0.11345,0.63703,-0.99027,-0.25509
-0.42105,0.89816,0.12658,0.63254,-1.04352,-0.08143
-0.40442,0.90644,0.12173,0.57823,-1.01517,0.09632
-0.37822,0.9215,0.0882,-0.11717,-0.29928,0.68347
-0.35474,0.93307,0.05952,-0.97601,1.36304,0.83307
-0.34742,0.93399,0.08347,-1.08136,2.5425,1.05917
-0.36853,0.92267,0.11343,-0.29796,0.17633,0.62111
-0.40029,0.90825,0.12181,0.41236,-0.78632,0.59852
-0.42345,0.89853,0.11549,0.26612,0.37935,0.61644
-0.43029,0.89842,0.08774,1.07038,2.34534,-1.02057
-0.44268,0.89313,0.07963,0.67921,-1.30247,0.00623
-0.44077,0.89545,0.06234,0.73826,-0.97704,0.19355
-0.41354,0.90923,0.04783,0.36898,-0.23285,-1.10205
-0.35606,0.93445,0.00356,0.18268,0.15545,-0.65391
-0.28158,0.95806,-0.05328,-0.01603,0.50262,-0.56702
-0.21312,0.97187,-0.10023,-0.60621,0.35593,0.09756
-0.15731,0.97907,-0.12912,-0.59401,-0.08394,0.24054
-0.12086,0.9797,-0.15993,-0.49764,-0.25126,0.29058
-0.1075,0.9752,-0.19346,0.19328,-0.58389,0.2107
-0.10437,0.96952,-0.22168,0.62248,-0.59307,0.30232
-0.09182,0.96367,-0.25081,0.569,-0.45467,0.16868
-0.06534,0.9561,-0.28566,0.19465,-0.11452,0.13361
-0.03853,0.94585,-0.32231,-0.10628,-0.13925,0.49417
-0.01254,0.93564,-0.35272,-0.13227,-0.12905,0.52458
0.01511,0.92905,-0.36965,-0.63548,-0.15863,0.4316
0.03339,0.92666,-0.37441,-0.54912,-0.03759,0.30373
0.03904,0.9255,-0.37672,-0.55477,-0.03644,0.30604
0.04079,0.92255,-0.3837,-0.5165,0.17199,0.27695
0.04511,0.92175,-0.38516,-1.14959,0.2535,0.11709
0.04423,0.92103,-0.38696,-1.33644,0.40558,0.21234
0.02642,0.92277,-0.38444,-0.82791,0.03858,0.23985
-0.00705,0.93554,-0.35314,-0.54898,0.37728,0.47502
-0.05991,0.9522,-0.29954,-0.5386,0.64743,0.50285
-0.12534,0.9633,-0.23738,-0.24395,1.25542,0.27513
-0.19111,0.96319,-0.18907,0.27264,1.41658,-0.38179
-0.22178,0.96384,-0.14775,0.45328,1.20253,-0.2621
-0.23405,0.96524,-0.11633,0.70173,0.87555,0.59233
-0.25678,0.96221,-0.09057,-0.06173,0.15383,-0.01482
-0.28811,0.95499,-0.0706,-0.357,-0.00338,0.02033
-0.33798,0.93982,-0.04998,-0.10958,-0.6549,-0.00448
-0.37517,0.92634,-0.03375,0.18991,-0.70124,-0.08857
-0.40375,0.91478,-0.0128,0.35858,-0.68626,-0.16589
-0.42761,0.90386,0.01328,0.72537,-1.06448,-0.24629
-0.44356,0.89532,0.04066,0.7614,-0.97932,-0.18987
-0.45215,0.88975,0.06241,0.72494,-0.93722,-0.18695
-0.44992,0.88971,0.0774,0.67161,-1.01739,0.03397
-0.43359,0.89791,0.07586,0.53585,-0.86687,0.25106
-0.40454,0.91305,0.05174,0.01041,-0.34503,0.55324
-0.36989,0.92883,0.02116,-1.03903,1.48694,0.9515
-0.36625,0.92962,0.04074,-1.38707,3.189,0.97824
-0.39755,0.91324,0.08914,-0.59032,1.67322,1.32059
-0.43383,0.89552,0.0991,-0.02167,-1.39876,0.46674
-0.45302,0.88661,0.09316,0.20315,0.28765,0.42344
-0.45551,0.88908,0.04531,0.11006,1.55628,-0.27799
-0.44465,0.89565,0.00974,1.21142,0.67779,0.87552
-0.44513,0.89537,0.01322,0.4417,-0.88623,0.29049
-0.42982,0.9029,0.00511,0.44177,-0.42628,0.33992
-0.38976,0.92073,-0.01837,0.32509,-0.16599,-0.93881
-0.32834,0.94234,-0.06477,0.21346,0.42647,-0.5467
-0.25987,0.95873,-0.11534,0.01692,0.47862,-0.30403
-0.19365,0.96748,-0.16276,-0.48301,0.26449,0.26847
-0.14477,0.96778,-0.20602,-0.61945,-0.34417,0.5632
-0.11766,0.96306,-0.24223,-0.40776,-0.55085,0.41971
-0.11409,0.95811,-0.26268,0.4152,-0.71303,0.17781
-0.11212,0.95266,-0.28259,0.68958,-0.23233,0.14783
-0.09594,0.9427,-0.31955,0.65588,-0.05375,0.30234
-0.06727,0.93277,-0.35415,-0.00079,-0.01124,0.40908
-0.04145,0.92534,-0.37687,-0.73187,-0.0029,0.54777
-0.01437,0.9191,-0.39376,-0.78009,0.05263,0.4257
0.0014,0.91646,-0.40013,-0.52575,0.03011,0.30508
0.00787,0.91613,-0.40081,-0.36661,-0.04416,0.36672
0.01294,0.91474,-0.40384,-0.37167,-0.04277,0.36975
0.01679,0.91384,-0.40573,-0.89376,0.14384,-0.05201
0.01019,0.90963,-0.4153,-1.05197,0.48849,0.36117
-0.00722,0.90665,-0.42182,-1.03456,0.49147,0.3677
-0.03607,0.91735,-0.39644,-0.52916,0.50483,0.2371
-0.08111,0.93188,-0.35359,-0.57073,0.78379,0.73196
-0.13282,0.94484,-0.29938,-0.39437,1.03282,0.62059
-0.19207,0.94977,-0.24709,0.16806,1.26374,-0.207
-0.22908,0.95287,-0.1989,0.52592,1.03047,-0.00708
-0.24024,0.95684,-0.16354,0.70772,0.85137,0.23087
-0.26144,0.95636,-0.13048,0.46588,0.43057,0.56527
-0.29145,0.95157,-0.09785,-0.31067,-0.0945,0.08881
-0.3364,0.93935,-0.06673,-0.26573,-0.08228,0.0577
-0.38066,0.92354,-0.04658,0.00966,-0.60492,-0.03103
-0.41761,0.90835,-0.02254,0.37752,-0.82042,-0.175
-0.44714,0.89443,0.00727,0.54051,-0.9381,-0.25337
-0.46522,0.88427,0.04042,0.66612,-1.02387,-0.18687
-0.47314,0.87842,0.06718,0.6435,-0.93119,-0.21907
-0.47139,0.87771,0.08611,0.64364,-0.98465,-0.18695
-0.4586,0.8843,0.08772,0.55543,-0.92759,0.16416
-0.43324,0.89923,0.06069,0.17111,-0.53142,0.61495
-0.39861,0.91675,0.02583,-0.34705,0.06813,0.88396
-0.38374,0.92262,0.03894,-1.65781,3.36863,0.85377
-0.41456,0.90565,0.08902,-0.69796,0.40755,0.90584
-0.45727,0.88331,0.10331,-0.4883,-0.72799,0.45361
-0.48274,0.86948,0.10472,1.03599,0.10696,0.57953
-0.49214,0.86768,0.07017,1.12316,2.78607,-1.10954
-0.47602,0.87747,0.05872,1.81552,1.86987,-0.4386
-0.46406,0.88401,0.05633,0.42583,-0.49262,0.03148
-0.44515,0.89455,0.04023,0.19178,-0.10044,-0.84928
-0.40458,0.91448,-0.00575,0.14941,-0.04279,-0.80637
-0.33855,0.93841,-0.06904,-0.23243,0.48885,-0.14327
-0.26964,0.95502,-0.12344,-0.42909,0.37454,0.03375
-0.20915,0.96522,-0.15687,-0.4986,0.12168,0.16812
-0.16886,0.968,-0.18566,-0.33077,-0.2198,0.2587
-0.15232,0.96364,-0.21954,0.15549,-0.55197,0.29639
-0.1491,0.95774,-0.24596,0.61575,-0.65543,0.30483
-0.14356,0.952,-0.27032,0.8179,-0.55355,0.2785
-0.12111,0.94463,-0.30496,0.6348,-0.12284,0.17916
-0.0889,0.93739,-0.33673,0.18872,-0.0604,0.25134
-0.05555,0.92912,-0.36559,-0.282,-0.19032,0.42417
-0.02203,0.92192,-0.38676,-0.59312,-0.06958,0.54524
0.00409,0.91959,-0.39285,-0.62171,-0.09422,0.58796
0.02078,0.91998,-0.39141,-0.6464,0.00505,0.30989
0.02523,0.92132,-0.38799,-1.0684,0.23913,-0.0774
0.02517,0.91996,-0.39121,-1.06834,0.24049,-0.07419
0.01473,0.91115,-0.41182,-0.56841,0.29814,0.95052
-0.00409,0.91705,-0.39874,-0.4413,0.10858,0.04696
-0.03639,0.92865,-0.36917,-0.409,0.09699,0.01739
-0.08434,0.94236,-0.32381,-0.45671,0.96047,0.70877
-0.14503,0.95212,-0.26915,-0.35334,1.32019,0.33658
-0.20478,0.95403,-0.21886,-0.06507,1.51598,0.00791
-0.2335,0.95647,-0.17505,0.52113,1.11956,-0.07651
-0.24904,0.95788,-0.14296,0.5257,0.50454,0.70087
-0.27559,0.95421,-0.1163,0.29111,0.23956,0.50625
-0.30984,0.946,-0.09529,-0.33959,-0.22908,-0.02703
-0.36254,0.92905,-0.07366,-0.06705,-0.58782,-0.00894
-0.4064,0.91177,-0.05937,0.11132,-0.60081,-0.02432
-0.44433,0.89495,-0.04034,0.37902,-0.62184,-0.08196
-0.47633,0.87918,-0.01237,0.64284,-0.97166,-0.19454
-0.49674,0.86767,0.02,0.66538,-1.00945,-0.2066
-0.50548,0.86147,0.04863,0.67184,-1.01909,-0.2126
-0.50212,0.86182,0.07172,0.6073,-1.05914,-0.04516
-0.48432,0.87141,0.07795,0.56315,-1.0168,0.06246
-0.45527,0.88805,0.06408,-0.15077,-0.24766,0.62407
-0.43047,0.90122,0.04992,-0.94428,1.48855,0.88398
-0.42355,0.90227,0.0807,-1.01588,2.77096,1.11049
-0.44222,0.88976,0.11297,-0.08294,0.12079,0.72203
-0.46765,0.87575,0.11982,0.29713,-1.10656,0.33242
-0.48079,0.8698,0.11085,0.50214,-0.23821,0.44414
-0.48065,0.87487,0.05974,1.14312,2.92084,-1.32021
-0.48016,0.876,0.04547,0.56303,-0.92475,0.61224
-0.47809,0.87764,0.03435,0.47467,-1.06761,0.24693
-0.45727,0.88892,0.027,0.2286,-0.34502,-1.07232
-0.41018,0.91196,-0.00945,0.2002,0.0545,-0.94244
-0.34568,0.93583,-0.06872,0.11491,0.4692,-0.58693
-0.27812,0.95263,-0.12307,-0.4197,0.3431,0.30735
-0.222,0.96325,-0.15119,-0.56261,-0.0233,0.3945
-0.18963,0.96682,-0.17116,-0.24922,-0.44047,0.34301
-0.17548,0.96331,-0.20306,0.25106,-0.61471,0.20587
-0.17512,0.9576,-0.22877,0.70939,-0.69338,0.10426
-0.17041,0.95171,-0.25534,0.85953,-0.57037,0.10947
-0.1479,0.9456,-0.28975,0.62882,-0.10651,0.33716
-0.11439,0.93928,-0.32351,0.09855,-0.06651,0.41899
-0.07787,0.9334,-0.35028,-0.47401,0.0014,0.52892
-0.04557,0.9302,-0.3642,-0.81076,-0.05102,0.46059
-0.02591,0.92971,-0.36737,-0.74901,-0.15792,0.25374
-0.02301,0.92904,-0.36927,-0.64158,0.01533,0.23399
-0.02209,0.92577,-0.37744,-0.74092,0.17607,-0.03744
-0.02706,0.9192,-0.39286,-0.93588,0.55865,0.43853
-0.04274,0.91305,-0.4056,-0.9202,0.5648,0.45127
-0.06662,0.92064,-0.38468,-0.47635,0.25953,0.11795
-0.10804,0.92587,-0.36207,-0.39528,0.54736,0.52707
-0.16315,0.93414,-0.31742,-0.34017,0.53908,0.48242
-0.22284,0.93701,-0.269,0.07545,1.2293,0.05081
-0.26987,0.93726,-0.22072,0.34969,1.36037,-0.21437
-0.28734,0.94083,-0.17962,0.7006,1.23823,-0.05918
-0.30386,0.94178,-0.14393,0.73277,0.62977,0.53797
-0.32926,0.93736,-0.11379,0.20616,0.1895,0.28756
-0.3614,0.92844,-0.08592,0.01466,0.08343,0.07472
-0.40989,0.90976,-0.06573,-0.19321,-0.33925,-0.00875
-0.45314,0.89021,-0.04672,0.10139,-0.54303,-0.13203
-0.49056,0.87125,-0.01634,0.26443,-0.61622,-0.15955
-0.51835,0.85493,0.02026,0.70057,-1.09402,-0.25263
-0.53403,0.84371,0.05435,0.72603,-1.01806,-0.2046
-0.54026,0.83759,0.081,0.71695,-0.96156,-0.25207
-0.53787,0.83726,0.09839,0.66696,-0.94507,-0.0238
-0.52535,0.84559,0.09479,0.57845,-0.85572,0.23532
-0.50078,0.86308,0.06565,0.32997,-0.64836,0.4264
-0.47711,0.87789,0.04088,-1.03752,1.51127,0.78415
-0.46855,0.88088,0.06714,-1.0605,2.75338,1.0378
-0.48598,0.86764,0.10495,-0.3169,1.66823,1.42303
-0.51081,0.85182,0.11603,0.52031,-0.84294,0.50763
-0.52354,0.84541,0.10577,0.19139,1.33889,0.16871
-0.51907,0.85302,0.05408,0.64323,2.46412,-0.70856
-0.51869,0.85444,0.02991,0.70686,-1.0159,0.67265
-0.51351,0.85807,0.0049,0.48683,-0.50454,0.41901
-0.49021,0.87146,-0.01608,0.49649,-0.23956,0.36328
-0.43841,0.89763,-0.04524,0.37838,0.06121,-0.89845
-0.36899,0.92565,-0.08375,0.08399,0.4916,-0.52038
-0.29898,0.94704,-0.11714,-0.10553,0.36801,-0.22714
-0.23099,0.96083,-0.15313,-0.4783,0.04132,0.26873
-0.18042,0.96374,-0.1966,-0.54964,-0.43855,0.45709
-0.15414,0.959,-0.2378,-0.29932,-0.69957,0.39397
-0.15086,0.95268,-0.26388,0.54518,-0.7298,0.17797
-0.14603,0.94509,-0.29237,0.68162,-0.40334,0.17336
-0.12848,0.93481,-0.33109,0.38542,0.26548,0.52474
-0.10917,0.92749,-0.35756,-0.55227,0.07482,0.56801
-0.08364,0.92289,-0.37587,-0.71525,-0.02427,0.34657
-0.06622,0.91822,-0.39049,-0.7319,-0.08013,0.20774
-0.0658,0.91424,-0.3998,-0.36447,-0.16802,0.41172
-0.0629,0.91173,-0.40593,-0.20703,0.04923,0.32985
-0.05721,0.91203,-0.40611,-0.21271,0.04894,0.33003
-0.06072,0.91077,-0.40843,-0.98118,0.71896,0.14645
-0.07458,0.90095,-0.42746,-0.35592,0.30817,0.862
-0.0925,0.9064,-0.41217,-0.51628,0.17139,0.48153
-0.12426,0.91493,-0.38401,-0.57785,0.55122,0.40329
-0.17472,0.92555,-0.33589,-0.29694,0.88182,0.64595
-0.2331,0.9306,-0.28221,-0.23857,0.87677,0.59227
-0.28708,0.92945,-0.23176,0.49226,1.39817,-0.11931
-0.30897,0.9326,-0.18653,0.74117,1.07981,0.16346
-0.3233,0.93489,-0.14649,0.81041,0.9157,0.31594
-0.34806,0.93048,-0.11432,0.29752,0.16248,0.22718
-0.37935,0.92135,-0.08483,-0.26806,-0.21911,0.1836
-0.42338,0.90341,-0.06775,-0.20442,-0.36234,0.09414
-0.46772,0.88214,-0.05539,0.09902,-0.57026,-0.12567
-0.50804,0.86086,-0.02839,0.49531,-0.906,-0.26156
-0.53788,0.84299,0.0071,0.65773,-1.07999,-0.25835
-0.55343,0.83183,0.04216,0.74684,-1.14028,-0.21207
-0.55845,0.82648,0.07108,0.70381,-0.93032,-0.18098
-0.55506,0.82675,0.09157,0.68237,-0.94787,-0.12152
-0.5422,0.83536,0.09048,0.53248,-0.84555,0.19654
-0.51651,0.85401,0.06227,-0.0294,-0.21088,0.62653
-0.48818,0.87195,0.03719,-0.59672,0.48451,0.79693
-0.47666,0.87699,0.0606,-0.96597,2.99744,1.23915
-0.49791,0.86111,0.10276,-0.27717,0.36113,0.96368
-0.52648,0.84243,0.11459,-0.04731,-0.63709,0.45933
-0.53927,0.8354,0.10624,0.42134,0.66161,0.24606
-0.53517,0.84284,0.05661,1.06314,2.5001,-1.02309
-0.51884,0.85465,0.01946,1.50334,1.83554,-0.56015
-0.51176,0.85903,0.01288,0.3008,-0.46161,0.00269
-0.49674,0.86789,-0.00445,0.40706,-0.17897,-0.16662
-0.45946,0.8877,-0.02972,0.35748,-0.20496,-0.5871
-0.39772,0.91465,-0.07227,0.23016,0.21103,-0.63964
-0.33172,0.93631,-0.11526,-0.06202,0.29322,-0.24001
-0.2677,0.95089,-0.15541,-0.20424,0.21026,0.00481
-0.21487,0.95624,-0.19857,-0.56118,-0.07021,0.53994
-0.18293,0.95437,-0.23606,-0.13569,-0.66715,0.40886
-0.17379,0.95011,-0.25901,0.19405,-0.72382,0.34686
-0.17025,0.94549,-0.27759,0.66432,-0.55885,0.14164
-0.15179,0.93716,-0.31414,0.54658,-0.01535,0.18677
-0.12681,0.9285,-0.349,0.37821,0.11578,0.32379
-0.10187,0.92208,-0.37334,-0.36784,-0.00027,0.67925
-0.0734,0.91659,-0.39304,-0.71211,-0.03292,0.36164
-0.05748,0.91434,-0.40084,-0.56543,-0.17248,0.33425
-0.052,0.91391,-0.40258,-0.398,-0.07974,0.36504
-0.04795,0.91245,-0.40638,-0.46319,0.13953,0.12148
-0.04271,0.91161,-0.40882,-0.46843,0.14036,0.12392
-0.04711,0.90363,-0.42572,-1.0778,0.54423,0.18732
-0.06057,0.90063,-0.43034,-0.48264,0.27519,0.24046
-0.08542,0.90988,-0.40598,-0.4578,0.26595,0.2161
-0.12979,0.91875,-0.37291,-0.42973,0.60925,0.31594
-0.18127,0.92942,-0.32142,-0.20797,1.07135,0.11659
-0.23871,0.93276,-0.27014,-0.15052,1.06802,0.06531
-0.28191,0.93385,-0.2201,0.55611,1.24048,-0.00813
-0.30182,0.93705,-0.17563,0.78685,1.0059,0.34143
-0.32793,0.935,-0.13507,0.71033,0.47179,0.53748
-0.35798,0.92828,-0.10069,0.27326,-0.03128,0.09628
-0.39449,0.91631,-0.06895,-0.15955,-0.38794,0.09582
-0.43878,0.89733,-0.04765,-0.11527,-0.36896,0.07452
-0.48096,0.87639,-0.02477,0.08613,-0.48784,-0.11711
-0.51492,0.85719,0.00873,0.58613,-0.9458,-0.25015
-0.53704,0.84235,0.04493,0.60826,-0.93096,-0.28635
-0.54761,0.83327,0.07598,0.67321,-0.91803,-0.17044
-0.54896,0.82997,0.09895,0.63801,-0.9832,-0.11764
-0.54134,0.83383,0.10802,0.56171,-1.01755,-0.03309
-0.52298,0.84729,0.09265,0.25986,-0.74239,0.3134
-0.49591,0.86632,0.05963,-0.08605,-0.37517,0.47081
-0.4726,0.8798,0.05101,-0.82272,1.13778,0.5925
-0.47622,0.87397,0.0969,-0.26658,2.08237,1.49093
-0.50354,0.85505,0.12379,-0.11182,-0.518,0.55537
-0.52884,0.83933,0.12589,0.43497,-1.0394,0.49914
-0.53971,0.83668,0.09311,0.4587,2.25589,-0.37256
-0.53247,0.84497,0.04991,1.23738,0.81576,-0.25672
-0.52919,0.84713,0.04824,0.57908,-0.74096,0.55046
-0.52089,0.85315,0.02815,0.56019,-0.30658,0.07001
-0.49514,0.86881,-0.00017,0.34528,-0.22178,-0.79355
-0.44346,0.89505,-0.04712,0.26379,-0.10294,-0.8327
-0.38323,0.91875,-0.09502,-0.04795,0.42576,-0.17223
-0.32223,0.93711,-0.13415,-0.27669,0.17892,0.3324
-0.26945,0.94917,-0.16271,-0.39444,0.08556,0.38991
-0.23759,0.95202,-0.19291,-0.215,-0.3559,0.288
-0.22401,0.94811,-0.22564,0.24824,-0.56377,0.20145
-0.21658,0.9439,-0.24931,0.51835,-0.50263,0.19219
-0.20378,0.93965,-0.27482,0.55394,-0.32078,0.14958
-0.18108,0.93358,-0.30924,0.42824,-0.07268,0.15233
-0.15411,0.92656,-0.34312,0.33966,0.00732,0.45779
-0.12274,0.92331,-0.36391,-0.23813,-0.10979,0.65948
-0.08521,0.92142,-0.37911,-0.50541,-0.16872,0.17135
-0.05886,0.91994,-0.38761,-0.44645,-0.10178,0.24363
-0.0424,0.91717,-0.39624,-0.47936,0.0537,0.44377
-0.03304,0.91547,-0.40103,-0.43728,0.09987,0.34863
-0.02552,0.91585,-0.4007,-0.87568,0.13665,-0.0916
-0.02726,0.91075,-0.41204,-1.15711,0.41201,0.19355
-0.0417,0.91212,-0.40781,-0.6464,0.21015,0.47079
-0.07403,0.9185,-0.38843,-0.60999,0.49028,0.28629
-0.12539,0.92734,-0.35258,-0.46642,0.60865,0.40753
-0.18667,0.93398,-0.30469,-0.14671,0.90379,0.55209
-0.25032,0.93453,-0.25296,0.43012,1.2618,-0.14871
-0.28955,0.93496,-0.20497,0.73744,1.21316,0.06132
-0.3054,0.93761,-0.16616,0.78621,0.65849,0.54917
-0.32965,0.93504,-0.13049,0.55722,0.38371,0.51553
-0.35832,0.92817,-0.10048,-0.23309,-0.01014,0.20854
-0.40028,0.91293,-0.07958,-0.2856,-0.27304,0.04436
-0.4474,0.89188,-0.0662,-0.23848,-0.25199,0.03098
-0.48948,0.87112,-0.03943,0.28451,-0.7711,-0.19943
-0.51971,0.85433,-0.00326,0.64477,-1.07455,-0.21364
-0.53813,0.84227,0.03161,0.66319,-1.06249,-0.24851
-0.547,0.83504,0.05921,0.71852,-1.00516,-0.22106
-0.54884,0.83209,0.08004,0.68626,-0.97312,-0.16366
-0.54244,0.83539,0.08875,0.64417,-0.97931,-0.07408
-0.52599,0.84729,0.07379,0.41135,-0.72969,0.31775
-0.49914,0.86556,0.04075,-0.40072,0.1439,0.64881
-0.47717,0.87836,0.02804,-0.91661,2.57321,0.90301
-0.4858,0.87073,0.07636,-0.46093,2.40404,1.58241
-0.5187,0.84815,0.10769,-0.10686,-0.58003,0.6643
-0.54433,0.83187,0.10815,0.28884,-1.4861,0.36601
-0.5519,0.82951,0.08558,0.53588,1.09199,-0.05257
-0.53666,0.84334,0.02792,1.3778,2.9394,-0.76366
-0.50986,0.85968,0.0315,1.36432,2.41952,0.57106
-0.50802,0.8607,0.03337,0.53213,-0.81393,-0.15329
-0.49549,0.86854,0.0111,0.44504,-0.59591,-0.66533
-0.45759,0.88831,-0.03894,0.40463,-0.33293,-0.8587
-0.39983,0.91081,-0.10274,0.17941,0.37665,-0.52206
-0.33422,0.92906,-0.15859,-0.21314,0.57659,0.08965
-0.27639,0.93982,-0.20088,-0.62655,0.42334,0.49504
-0.23964,0.94091,-0.23927,-0.49142,-0.23547,0.56268
-0.22236,0.93587,-0.27332,0.23504,-0.63974,0.35097
-0.21619,0.93129,-0.29318,0.60964,-0.63094,0.19269
-0.20849,0.92639,-0.3136,0.71793,-0.32792,0.11687
-0.18744,0.91821,-0.34893,0.61557,-0.00786,0.15067
-0.15558,0.91153,-0.38067,0.19748,-0.02803,0.60409
-0.12094,0.9079,-0.40136,-0.34093,-0.23634,0.54492
-0.08523,0.90606,-0.41447,-0.42034,-0.26171,0.32623
-0.05868,0.90604,-0.41911,-0.4569,-0.06421,0.34352
-0.04317,0.90295,-0.42758,-0.53524,0.17091,0.22621
-0.03747,0.89992,-0.43444,-1.10096,0.37164,0.03548
-0.03858,0.89521,-0.44397,-1.09984,0.37635,0.04501
-0.05009,0.89467,-0.44392,-0.78623,0.26802,1.07882
-0.06953,0.90851,-0.41203,-0.36467,0.17152,0.5682
-0.10886,0.92022,-0.37595,-0.32534,0.15981,0.53213
-0.16436,0.93289,-0.32046,-0.26738,1.27958,0.02963
-0.23818,0.93454,-0.2644,0.06951,1.54311,-0.26624
-0.29487,0.9314,-0.21341,0.3479,1.62899,-0.27913
-0.31489,0.93345,-0.17179,0.77876,1.30827,0.4194
-0.33687,0.9323,-0.1317,0.49293,0.43732,0.53494
-0.36941,0.92363,-0.10215,0.52548,0.44598,0.50539
-0.41107,0.90865,-0.07325,-0.22638,-0.20335,0.06078
-0.45456,0.88923,-0.05133,-0.05372,-0.44359,-0.15741
-0.49711,0.86745,-0.02028,-0.01118,-0.4218,-0.18846
-0.53151,0.84688,0.01667,0.74097,-1.18023,-0.33364
-0.55327,0.83114,0.05563,0.85392,-1.17371,-0.22468
-0.56321,0.82153,0.08885,0.76204,-0.97941,-0.28064
-0.56379,0.81759,0.11702,0.79287,-1.13306,-0.21868
-0.55452,0.82206,0.12933,0.73854,-1.0838,0.03497
-0.53419,0.83881,0.10505,0.60501,-1.04011,0.15884
-0.50573,0.86037,0.06323,-0.7473,0.45186,0.96219
-0.48888,0.87002,0.06373,-1.2324,3.03513,1.07005
-0.49845,0.8599,0.11006,-0.82473,3.32465,1.22949
-0.52607,0.84098,0.12653,0.41944,-0.62513,0.30751
-0.54498,0.82907,0.12504,0.49783,0.78421,0.38699
-0.54678,0.83155,0.09775,0.35979,2.07296,0.44157
-0.54603,0.83355,0.08391,0.48961,-0.52621,0.28854
-0.54838,0.83357,0.06658,0.90771,-0.983,-0.23545
-0.52789,0.84815,0.04445,0.95283,-0.71361,0.3696
-0.48201,0.87611,0.01037,0.28158,0.01992,-1.0643
-0.41148,0.91062,-0.03823,0.03279,0.67,-0.72689
-0.34094,0.93603,-0.08718,-0.19092,0.72698,-0.32698
-0.27908,0.95164,-0.12847,-0.57861,0.02523,0.52107
-0.23411,0.9605,-0.15047,-0.3687,-0.32449,0.41171
-0.21698,0.96012,-0.1763,-0.18423,-0.48677,0.33183
-0.21481,0.95343,-0.21172,0.61685,-0.67406,0.19152
-0.20783,0.94675,-0.24591,0.82286,-0.51065,0.3346
-0.18354,0.9416,-0.28231,0.32041,-0.08111,0.32155
-0.15779,0.93495,-0.31776,-0.02191,-0.06952,0.37963
-0.13394,0.92841,-0.34657,-0.15148,-0.12373,0.46964
-0.10952,0.92297,-0.36895,-0.36219,-0.14604,0.47422
-0.09197,0.91953,-0.38211,-0.50755,-0.03832,0.2728
-0.0834,0.91743,-0.38906,-0.1052,-0.04971,0.36277
-0.07469,0.91624,-0.39361,-0.11391,-0.04852,0.36732
-0.06186,0.91731,-0.39333,-0.93065,0.16498,-0.12961
-0.05927,0.91544,-0.39807,-1.28263,0.52365,0.25594
-0.0699,0.90773,-0.41368,-1.272,0.53136,0.27155
-0.09475,0.91423,-0.39395,-0.48624,0.39908,0.36617
-0.13865,0.91995,-0.3667,-0.57925,0.47452,0.39006
-0.19526,0.92729,-0.31938,-0.49613,0.72415,0.7097
-0.25873,0.92702,-0.27147,-0.03097,1.25951,0.01849
-0.31265,0.92357,-0.22196,0.4467,1.51394,-0.11261
-0.33272,0.92554,-0.18076,0.66748,1.3457,0.03717
-0.34781,0.92649,-0.14371,0.81943,0.69116,0.49233
-0.37532,0.92033,-0.11016,0.22813,-0.00433,0.13697
-0.4063,0.91017,-0.0807,0.03655,-0.13107,0.1606
-0.44766,0.89191,-0.06398,0.06006,-0.49628,0.00634
-0.48783,0.87149,-0.05019,0.21046,-0.61049,-0.09289
-0.52398,0.85136,-0.02518,0.35624,-0.71846,-0.14627
-0.55111,0.83442,0.00409,0.6002,-1.09987,-0.15024
-0.56724,0.82295,0.03172,0.65368,-1.1379,-0.17353
-0.57198,0.81833,0.05629,0.64519,-1.06623,-0.21666
-0.56616,0.82088,0.07493,0.61641,-0.89403,-0.07576
-0.54891,0.83255,0.07459,0.34391,-0.68356,0.18554
-0.52486,0.84909,0.05969,-0.01768,-0.37541,0.45493
-0.50214,0.86323,0.05183,-0.76026,2.25085,1.19403
-0.50296,0.85983,0.08783,-0.15414,2.0005,1.47399
-0.52264,0.84483,0.11446,0.05733,0.46655,0.95576
-0.53831,0.83315,0.12683,0.18478,-1.10773,0.12926
-0.54587,0.83068,0.10952,0.46606,-0.53152,0.40005
-0.5404,0.84069,0.03477,0.41387,2.04781,-0.56838
-0.5248,0.85097,0.02099,0.52045,0.30006,0.72611
-0.52395,0.85135,0.02612,0.49184,-0.69484,0.38085
-0.50942,0.8604,0.01428,0.44502,-0.53236,-0.26458
-0.47223,0.8807,-0.03684,0.50458,0.06938,-0.88733
-0.41464,0.90406,-0.10362,0.30394,0.38417,-0.53194
-0.34911,0.92426,-0.1545,-0.07106,0.53381,-0.01704
-0.29262,0.93556,-0.19772,-0.57603,0.30841,0.5532
-0.25157,0.93694,-0.2426,-0.47731,-0.29871,0.52564
-0.22989,0.93468,-0.27113,-0.12665,-0.52746,0.34651
-0.22573,0.93138,-0.28562,0.70217,-0.45593,0.1237
-0.21769,0.92602,-0.30836,0.63529,-0.33168,0.11104
-0.19533,0.91699,-0.34781,0.59809,-0.21161,0.0976
-0.1656,0.90907,-0.38231,0.11465,-0.12332,0.68362
-0.12964,0.90632,-0.40221,-0.63768,0.0481,0.75992
-0.09551,0.90756,-0.40892,-0.77634,-0.02839,0.6021
-0.07573,0.90905,-0.40974,-0.49195,-0.1224,0.26927
-0.06655,0.9066,-0.41672,-0.69637,0.2054,0.0768
-0.06074,0.90227,-0.42687,-0.70219,0.20973,0.08695
-0.06781,0.89359,-0.44373,-0.74582,0.41113,0.68323
-0.09038,0.89598,-0.43481,-0.54472,0.48086,0.01496
-0.13422,0.90041,-0.41382,-0.50089,0.47642,-0.00603
-0.19053,0.90623,-0.37742,-0.14923,1.04499,0.89873
-0.24135,0.91496,-0.32343,0.06032,1.24644,0.56334
-0.29464,0.91655,-0.27041,0.37499,1.43092,0.07594
-0.32632,0.91865,-0.22268,0.93164,1.21385,0.17592
-0.34066,0.9233,-0.17738,0.99485,0.74748,0.54285
-0.36178,0.92194,-0.13834,0.44419,0.19728,0.43152
-0.38541,0.9162,-0.10971,-0.02102,0.10908,0.07732
-0.42828,0.89874,-0.09409,-0.37023,-0.06518,-0.00571
-0.48509,0.87063,-0.0818,-0.30102,-0.25431,-0.04317
-0.53279,0.84445,-0.0551,0.14595,-0.62203,-0.00923
-0.5661,0.82402,-0.02276,0.64794,-0.90528,-0.20116
-0.58641,0.80991,0.01269,0.69986,-0.9464,-0.20687
-0.595,0.8025,0.04437,0.81502,-0.98241,-0.26576
-0.59424,0.80141,0.06793,0.78725,-1.10267,-0.17191
-0.5822,0.80931,0.0779,0.72578,-1.09129,-0.06505
-0.55702,0.82794,0.06516,0.3645,-0.66067,0.33152
-0.52617,0.84962,0.03583,-0.65631,0.52522,0.76515
-0.50656,0.86151,0.03455,-0.99584,1.58609,0.97791
-0.51191,0.85472,0.086,-0.61974,2.86001,1.3204
-0.53772,0.83623,0.1076,0.02124,-0.61373,0.39753
-0.55958,0.82241,0.10252,0.29998,-1.2223,0.21125
-0.56572,0.82126,0.07406,0.4634,1.00935,-0.15117
-0.5447,0.83858,0.00907,1.44403,2.44392,-0.50887
-0.51555,0.85675,0.0136,1.34746,1.87701,0.72769
-0.5076,0.86136,0.02008,0.27061,-0.22916,-0.03641
-0.48844,0.8726,-7e-05,0.21073,-0.34152,-0.68535
-0.44878,0.89246,-0.04592,0.19968,-0.30067,-0.83801
-0.39404,0.91279,-0.10744,0.1983,0.1709,-0.41033
-0.33532,0.92792,-0.16289,-0.06793,0.349,0.03464
-0.28544,0.93643,-0.20403,-0.40404,0.23046,0.5591
-0.25399,0.93765,-0.23729,-0.2644,-0.24211,0.64002
-0.23886,0.93442,-0.2642,0.32077,-0.53269,0.3352
-0.23353,0.93027,-0.28295,0.62211,-0.52791,0.1844
-0.22526,0.92489,-0.30633,0.68478,-0.2768,0.14468
-0.20333,0.91798,-0.34053,0.48924,-0.0717,0.18686
-0.17525,0.91155,-0.37196,0.11725,-0.1593,0.43002
-0.14385,0.9061,-0.39786,-0.43896,0.08967,0.63717
-0.11353,0.90407,-0.41202,-0.38287,0.04454,0.61008
-0.08914,0.9055,-0.41488,-0.34092,-0.0455,0.49947
-0.0724,0.90575,-0.41759,-0.46866,0.13017,0.21752
-0.06241,0.90465,-0.42155,-1.28915,0.40214,-0.07184
-0.06809,0.89507,-0.44069,-1.11639,0.40233,0.42938
-0.08389,0.8955,-0.43709,-0.37341,0.34399,-0.09505
-0.11055,0.90367,-0.41371,-0.22866,0.41403,0.22699
-0.15103,0.91075,-0.38435,-0.25069,0.53505,0.4557
-0.2004,0.91873,-0.34025,-0.22258,1.12319,0.3451
-0.25917,0.92008,-0.29375,0.11445,1.24026,-0.02424
-0.30396,0.92128,-0.24258,0.3472,1.2772,-0.12726
-0.32319,0.92478,-0.20081,0.68404,0.97676,0.30054
-0.34205,0.92515,-0.16464,0.3594,0.20225,0.2639
-0.37331,0.91848,-0.13052,0.39066,0.20892,0.22977
-0.41401,0.90578,-0.09031,-0.07148,-0.42331,0.04581
-0.45729,0.88705,-0.06348,0.11962,-0.52575,-0.05494
-0.49927,0.86545,-0.04159,0.22362,-0.57246,-0.12053
-0.53395,0.84547,-0.00882,0.64535,-0.95849,-0.20926
-0.5577,0.82959,0.02739,0.7133,-1.04287,-0.1168
-0.57022,0.81947,0.05759,0.71762,-1.0333,-0.15679
-0.57226,0.81616,0.07995,0.67933,-1.116,-0.04772
-0.56285,0.82222,0.08455,0.59334,-1.03731,0.1294
-0.54219,0.8381,0.06023,0.38131,-0.86509,0.2938
-0.52029,0.85354,0.02774,-1.10555,0.93531,0.6748
-0.50985,0.85946,0.03704,-1.06478,2.95247,1.24464
-0.52582,0.8462,0.08634,-0.42967,2.32302,1.52433
-0.5502,0.82843,0.10474,0.4207,-0.89844,0.39192
-0.56565,0.8184,0.10126,0.41732,0.71407,0.3702
-0.56646,0.82227,0.05469,0.16353,1.85902,-0.02421
-0.55536,0.83123,0.02488,0.83586,-0.05326,0.63232
-0.55647,0.83059,0.02128,0.75941,-0.56712,0.14016
-0.5453,0.83818,0.01002,0.81306,-0.37903,0.32481
-0.50642,0.86193,-0.0249,0.35273,-0.09355,-0.94811
-0.44074,0.89392,-0.08149,0.163,0.6033,-0.67733
-0.37207,0.91812,-0.13644,-0.07095,0.65486,-0.33993
-0.30766,0.93407,-0.18127,-0.52579,0.21356,0.48789
-0.25851,0.94239,-0.21231,-0.45577,-0.26612,0.43954
-0.23166,0.94168,-0.24406,0.02153,-0.63879,0.19762
-0.22442,0.93669,-0.26878,0.54228,-0.67688,0.27443
-0.2195,0.93061,-0.29289,0.73746,-0.46764,0.21132
-0.20397,0.92313,-0.3259,0.50054,-0.17411,0.27457
-0.1768,0.9146,-0.36366,0.35104,-0.04152,0.28116
-0.14955,0.90751,-0.39249,-0.16012,-0.06621,0.62645
-0.11887,0.90411,-0.41043,-0.65053,-0.04025,0.65928
-0.095,0.90412,-0.41658,-0.5016,0.00303,0.30479
-0.08938,0.90376,-0.4186,-0.20931,0.1207,0.32189
-0.08556,0.90355,-0.41985,-0.17956,0.17328,0.16495
-0.07844,0.90363,-0.42106,-0.88146,0.36379,-0.05404
-0.07995,0.89499,-0.43885,-1.07398,0.50038,0.37167
-0.09287,0.89585,-0.43454,-0.51415,0.23825,0.5349
-0.11909,0.90414,-0.4103,-0.43778,0.2213,0.42389
-0.15782,0.91536,-0.37042,-0.38355,0.4393,0.7554
-0.2068,0.92502,-0.31871,-0.26289,0.73337,0.35797
-0.27129,0.92432,-0.2684,0.1344,1.43544,-0.14244
-0.31506,0.92216,-0.22437,0.53654,1.50005,0.07134
-0.33198,0.92358,-0.19181,0.69515,1.23949,0.26891
-0.35728,0.91956,-0.16356,0.62406,0.55317,0.52539
-0.39216,0.90965,-0.13688,-0.0726,-0.17392,0.15607
-0.43596,0.89316,-0.11044,-0.02881,-0.15743,0.12963
-0.47971,0.87256,-0.09224,0.11592,-0.54119,-0.05316
-0.5187,0.85255,-0.06406,0.46815,-0.76907,-0.19276
-0.55017,0.83463,-0.02644,0.66381,-0.8905,-0.23315
-0.57045,0.82129,0.00834,0.75919,-0.91884,-0.09176
-0.58025,0.81365,0.03574,0.75762,-0.78913,-0.12283
-0.5813,0.8117,0.05689,0.71891,-0.80468,-0.11202
-0.57177,0.81804,0.06242,0.60871,-0.80792,0.06768
-0.54798,0.83551,0.04043,0.28633,-0.56929,0.42982
-0.51094,0.85959,0.00626,-0.08057,-0.16518,0.59818
-0.4903,0.87146,0.01259,-1.40931,3.27621,1.16015
-0.51397,0.85489,0.07068,-0.71129,1.11482,1.17459
-0.5523,0.82909,0.08701,-0.50554,-0.37277,0.59627
-0.56964,0.81816,0.07819,0.64208,0.31427,0.20373
-0.5633,0.82544,0.03663,1.10033,2.2761,-0.59836
-0.53793,0.84273,0.0207,1.67361,2.06039,-0.18584
-0.52572,0.85006,0.03177,0.17752,-0.73424,-0.06175
-0.51351,0.85788,0.01852,0.32462,-0.1542,-0.50976
-0.4851,0.87428,-0.01776,0.25227,-0.06531,-0.75073
-0.43339,0.89846,-0.0702,0.27527,0.34603,-0.48386
-0.37488,0.91974,-0.11635,0.04756,0.22352,-0.04956
-0.31423,0.93741,-0.15005,-0.10968,0.17726,0.15591
-0.26404,0.94715,-0.18219,-0.4653,-0.01113,0.45108
-0.23698,0.94674,-0.21797,-0.09119,-0.50647,0.24484
-0.22903,0.94214,-0.24479,0.19738,-0.62417,0.21448
-0.22245,0.93698,-0.26942,0.6912,-0.47437,0.13386
-0.2061,0.93062,-0.30245,0.55659,-0.1844,0.18526
-0.18129,0.92307,-0.33922,0.51865,0.03407,0.31464
-0.15483,0.91709,-0.36738,0.02287,-0.02003,0.62891
-0.12199,0.91389,-0.3872,-0.50397,0.00028,0.50396
-0.0939,0.91329,-0.39634,-0.59157,-0.12734,0.33499
-0.07814,0.91393,-0.39827,-0.50664,-0.0615,0.32975
-0.0727,0.91316,-0.40106,-0.48623,0.14408,0.21797
-0.06985,0.91306,-0.40179,-0.79116,0.30309,-0.1211
-0.07393,0.90632,-0.41607,-0.94186,0.61121,0.1897
-0.08442,0.90318,-0.42088,-0.47857,0.30962,1.10391
-0.09957,0.91439,-0.3924,-0.40644,0.03315,0.15446
-0.13166,0.92274,-0.36223,-0.3139,0.17316,0.63181
-0.18099,0.93265,-0.3121,-0.27312,0.42395,0.61265
-0.24406,0.93266,-0.26567,0.04328,1.05729,-0.11103
-0.29785,0.929,-0.21962,0.36356,1.3784,-0.06845
-0.32329,0.92866,-0.18185,0.52812,1.25481,0.20723
-0.34764,0.92525,-0.15187,0.52983,0.75749,0.49389
-0.37869,0.91615,-0.13137,0.2089,0.27721,0.22851
-0.41959,0.9013,-0.10768,-0.05486,-0.34928,0.14256
-0.46251,0.88227,-0.08761,-0.01195,-0.33026,0.12249
-0.50081,0.86299,-0.06666,0.30802,-0.54095,-0.09221
-0.53712,0.84264,-0.03809,0.61121,-0.77291,-0.2068
-0.56518,0.82494,-0.00622,0.70758,-0.86774,-0.20989
-0.58122,0.81342,0.023,0.76064,-0.81217,-0.10895
-0.5869,0.80832,0.04649,0.74604,-0.94054,-0.09769
-0.58206,0.81081,0.06145,0.67603,-1.01012,-0.02907
-0.5643,0.8238,0.05399,0.58006,-0.93334,0.1552
-0.53107,0.84706,0.0211,-0.15582,-0.07828,0.59862
-0.49509,0.86881,-0.0064,-0.73576,0.73367,0.70618
-0.49495,0.86834,0.03171,-1.4055,3.20736,0.94839
-0.52518,0.84805,0.07058,-0.56645,0.77122,1.01443
-0.55256,0.82977,0.0784,0.24692,-0.67413,0.65025
-0.55912,0.82755,0.05035,0.79681,2.35452,-0.28108
-0.54524,0.83818,0.0127,1.13495,0.70114,-0.19177
-0.54589,0.83785,0.00411,0.70655,-1.02913,0.23701
-0.53628,0.84393,-0.01317,0.58975,-0.40416,0.3712
-0.50731,0.86113,-0.03298,0.43845,-0.05084,-0.83703
-0.44864,0.88996,-0.08185,0.32704,0.255,-0.75334
-0.37933,0.91531,-0.13532,-0.06204,0.51023,-0.15053
-0.31,0.93462,-0.1743,-0.29123,0.34663,0.13021
-0.25383,0.94619,-0.20075,-0.59592,-0.14295,0.39765
-0.22317,0.94875,-0.22374,-0.15912,-0.53828,0.22832
-0.21611,0.94598,-0.24169,0.41867,-0.70564,0.12902
-0.21451,0.94096,-0.26188,0.78322,-0.52777,0.10575
-0.20258,0.93296,-0.29757,0.74921,-0.11378,0.26818
-0.17564,0.92623,-0.33355,0.38619,0.17145,0.44257
-0.14803,0.922,-0.35777,-0.08868,0.00163,0.59707
-0.11795,0.91894,-0.37634,-0.54065,-0.10974,0.36063
-0.09495,0.9176,-0.386,-0.49479,-0.1454,0.24774
-0.08218,0.91694,-0.39048,-0.41996,-0.03156,0.34656
-0.07303,0.91511,-0.39654,-0.41417,0.13676,0.24728
-0.0659,0.9137,-0.401,-0.85871,0.25617,-0.02106
-0.07038,0.90718,-0.41482,-0.97424,0.4216,0.59409
-0.0807,0.90895,-0.40901,-0.48279,0.28785,0.40132
-0.10128,0.91554,-0.38927,-0.34763,0.16393,0.05329
-0.14097,0.91948,-0.36701,-0.32133,0.32979,0.31212
-0.19193,0.92582,-0.32562,-0.4583,0.63295,0.58415
-0.25234,0.92529,-0.28314,0.15354,1.26122,-0.00693
-0.30832,0.92101,-0.23807,0.20952,1.2655,-0.052
-0.33825,0.91984,-0.19871,0.78585,1.24651,0.1264
-0.35868,0.91836,-0.16718,0.6939,0.42328,0.5424
-0.38674,0.91141,-0.14059,0.44414,0.13087,0.20895
-0.41961,0.9011,-0.1093,-0.10712,-0.22455,0.17721
-0.4638,0.88174,-0.08618,0.03976,-0.39689,0.03483
-0.5085,0.85804,-0.07207,0.13529,-0.41596,-0.04854
-0.54892,0.83458,-0.04642,0.52417,-0.58129,-0.18228
-0.58042,0.81423,-0.01181,0.64983,-0.74956,-0.14676
-0.59892,0.8004,0.02567,0.71015,-0.79967,-0.13411
-0.60438,0.7945,0.05918,0.72668,-0.93334,-0.14479
-0.59572,0.79908,0.08117,0.65272,-0.83679,0.05777
-0.5755,0.81418,0.0769,0.5802,-0.85555,0.17184
-0.54371,0.83795,0.04704,0.30136,-0.68368,0.36371
-0.51198,0.85868,0.02327,-0.75245,1.25574,0.8242
-0.50354,0.86242,0.05166,-0.85682,2.65679,1.14977
-0.52563,0.84522,0.09653,-0.03095,0.31039,0.65955
-0.55449,0.82509,0.10853,0.65768,-1.01494,0.0888
-0.56384,0.82024,0.09636,0.52538,0.11802,0.03944
-0.5506,0.8331,0.05281,0.8544,2.00879,-0.8304
-0.55642,0.83038,0.02939,0.53897,-0.55081,0.16618
-0.56393,0.82578,0.00798,0.69287,-0.77369,-0.07089
-0.5479,0.83644,-0.01312,0.52091,-0.39995,-0.66487
-0.50292,0.86302,-0.04768,0.46567,-0.27119,-0.87183
-0.43965,0.89301,-0.09611,0.26805,0.64075,-0.43709
-0.37473,0.91693,-0.13718,-0.09396,0.66071,0.22939
-0.32261,0.93157,-0.16761,-0.50217,0.15276,0.54878
-0.28874,0.93785,-0.19254,-0.26894,-0.43087,0.33567
-0.27259,0.93707,-0.21816,0.26315,-0.62099,0.10684
-0.26583,0.93404,-0.23854,0.55695,-0.60959,0.01216
-0.25521,0.92874,-0.26892,0.68706,-0.34106,-0.0172
-0.23401,0.92055,-0.31278,0.68463,0.19655,0.32474
-0.20747,0.91661,-0.34174,0.15504,0.16855,0.55391
-0.17624,0.91469,-0.3637,-0.40669,-0.09125,0.39031
-0.14644,0.91316,-0.38039,-0.49293,-0.13859,0.16771
-0.12708,0.91144,-0.39131,-0.18538,-0.03093,0.24971
-0.10883,0.90972,-0.40071,-0.2578,-0.15165,0.28696
-0.09651,0.90878,-0.40596,-0.56894,0.00113,0.08431
-0.09568,0.90526,-0.41395,-0.73944,0.16417,0.07568
-0.10509,0.90088,-0.42115,-0.33711,0.37881,0.61337
-0.11554,0.90353,-0.41265,-0.00563,0.23787,0.07232
-0.13884,0.90603,-0.39978,-0.11567,0.26557,0.27323
-0.1801,0.90868,-0.37664,-0.11525,0.23371,0.24449
-0.22944,0.91268,-0.33819,0.05739,0.91764,0.64406
-0.28214,0.91291,-0.29494,0.7023,1.67742,0.20419
-0.32972,0.90834,-0.25732,0.74988,1.682,0.16657
-0.35205,0.90597,-0.23512,1.06403,1.41984,0.33883
-0.36908,0.90419,-0.215,0.42371,0.30408,0.50565
-0.3863,0.89993,-0.20224,0.44093,0.30834,0.49289
-0.40237,0.89448,-0.19494,-0.25629,0.02288,0.15728
-0.42951,0.88102,-0.19831,-0.07116,-0.17104,0.0207
-0.46501,0.86324,-0.19644,0.12979,-0.26505,-0.02392
-0.4975,0.84777,-0.1838,0.5453,-0.58218,0.14634
-0.52112,0.83774,-0.16315,0.75431,-0.81144,0.16863
-0.53531,0.8323,-0.1439,0.72309,-0.86418,0.13319
-0.53759,0.83235,-0.13487,0.63017,-1.0312,0.07224
-0.52473,0.8398,-0.13928,0.65985,-0.94082,0.22479
-0.49483,0.8561,-0.14915,0.58229,-0.86267,0.34292
-0.45373,0.87704,-0.15789,0.24518,-0.51467,0.46534
-0.41999,0.89196,-0.1674,-0.97981,0.80874,0.30801
-0.41976,0.88874,-0.18423,-1.07833,1.27497,0.36542
-0.44196,0.87833,-0.18224,-0.31554,0.58096,1.10964
-0.46054,0.86951,-0.17846,-0.1798,-0.00567,0.81353
-0.46028,0.86585,-0.19607,0.55284,0.08434,0.14867
-0.45271,0.85729,-0.24517,0.60551,1.50193,-0.55401
-0.44183,0.84841,-0.29152,0.82461,1.43922,-0.16737
-0.4341,0.84755,-0.30531,0.32072,0.60405,0.78445
-0.42988,0.8581,-0.28081,0.46957,-0.27726,0.66994
-0.4113,0.87459,-0.25676,0.72533,-0.16228,0.07707
-0.37567,0.88945,-0.2603,0.76236,0.19107,-0.48999
-0.34137,0.9005,-0.26938,0.45916,0.47336,-0.61043
-0.31774,0.90553,-0.28116,0.14454,0.41434,0.03539
-0.28583,0.90446,-0.31663,-0.05674,0.24314,0.23977
-0.24606,0.89835,-0.36389,-0.19883,-0.07053,0.43672
-0.20884,0.88863,-0.40832,0.02081,-0.22908,0.92962
-0.18255,0.88921,-0.41951,0.23344,-0.30189,0.8743
-0.1657,0.89565,-0.41274,-0.02651,-0.25171,0.26172
-0.14824,0.9,-0.4099,-0.01465,-0.28262,0.1206
-0.13115,0.89903,-0.41779,-0.05232,-0.26365,0.15722
-0.11638,0.89324,-0.43425,-0.22667,-0.07234,0.35246
-0.10879,0.88552,-0.45169,-0.2429,-0.0118,0.42795
-0.10653,0.88064,-0.46166,-0.22088,-0.05422,0.41019
-0.11073,0.87992,-0.46205,-0.21741,-0.01462,0.38496
-0.12127,0.88303,-0.45337,-0.14849,0.27483,0.48345
-0.13493,0.8927,-0.42997,-0.30622,0.44346,0.68616
-0.1582,0.90954,-0.38432,-0.0412,1.09897,0.7065
-0.19114,0.92511,-0.32809,0.2544,1.12747,0.56881
-0.21782,0.93562,-0.27778,0.41642,1.15094,0.26178
-0.23334,0.94279,-0.23813,0.3848,0.58282,-0.03055
-0.23846,0.94917,-0.20547,0.14185,0.27573,0.3363
-0.25114,0.95207,-0.17465,0.15453,0.27283,0.30547
-0.26699,0.95294,-0.14363,0.07717,-0.20629,0.1234
-0.27672,0.95351,-0.11934,-0.02798,-0.28467,0.08836
-0.28219,0.95372,-0.10387,-0.12738,-0.35618,0.00341
-0.28287,0.95474,-0.09199,0.05,-0.43461,0.09458
-0.27456,0.95808,-0.08179,0.19664,-0.52184,0.06533
-0.25703,0.96355,-0.07415,0.22802,-0.56336,0.03218
-0.23155,0.97009,-0.07288,0.25824,-0.70017,0.04662
-0.19425,0.97762,-0.08075,0.27861,-0.6905,0.26949
-0.14279,0.98521,-0.09471,0.11653,-0.45793,0.26816
-0.09429,0.98975,-0.10725,-0.41018,0.08552,0.16715
-0.07637,0.99173,-0.10316,-1.99587,0.70159,0.48403
-0.09308,0.98993,-0.1067,-2.05106,0.19175,0.21762
-0.11201,0.98752,-0.11067,-0.44158,-0.57804,0.04658
-0.12093,0.98662,-0.10938,-0.1332,-0.43581,0.12892
-0.11524,0.98747,-0.10775,0.11828,-0.18161,0.18223
-0.0901,0.98938,-0.11408,0.28879,0.69564,0.58314
-0.05536,0.9921,-0.11253,0.1334,0.65647,0.51692
-0.03231,0.99437,-0.10089,-0.25885,0.23369,0.09299
-0.01894,0.99473,-0.10074,-0.42322,-0.39309,-0.01396
0.00331,0.9956,-0.09359,-0.38412,-0.38959,0.00326
0.03164,0.99665,-0.07543,-0.59011,-0.06685,-0.36721
0.05578,0.99638,-0.0641,-0.74882,0.30647,-0.39875
0.06554,0.99533,-0.07092,-0.65274,0.10145,-0.19348
0.06413,0.99346,-0.09448,-0.39131,-0.24117,-0.21603
0.05664,0.98972,-0.13135,-0.11812,-0.33351,-0.07735
0.04948,0.98276,-0.17813,0.24395,-0.2779,0.60091
0.04882,0.97837,-0.20099,0.11208,-0.11375,0.30852
0.05354,0.97451,-0.21785,-0.00778,0.06641,0.05106
0.06565,0.96794,-0.24243,0.07876,-0.11707,0.26248
0.08259,0.96119,-0.26322,-0.02054,-0.20803,0.36039
0.10385,0.95359,-0.28262,-0.35395,-0.09983,0.29187
0.12794,0.94337,-0.30609,-0.42696,-0.01099,0.01022
0.14446,0.93154,-0.33372,-0.19806,-0.06774,0.19612
0.15708,0.92149,-0.35522,-0.38122,-0.0106,0.51576
0.16542,0.91527,-0.3673,-0.80294,0.16667,0.06545
0.16618,0.91187,-0.37533,-0.82179,0.25629,0.02919
0.16444,0.91009,-0.38039,-0.8029,0.43793,0.42023
0.1613,0.91303,-0.37464,-0.85296,0.26156,0.12028
0.14815,0.92394,-0.35268,-0.69224,0.1374,-0.11148
0.11198,0.93888,-0.32552,-0.47033,0.24145,0.24676
0.06123,0.95446,-0.29199,-0.44151,0.7698,0.39888
0.00707,0.96813,-0.25037,-0.26817,0.94641,0.3529
-0.03995,0.97637,-0.21236,0.18624,1.1007,-0.02046
-0.07187,0.98136,-0.17825,0.43614,0.61758,0.21841
-0.09683,0.98427,-0.14779,0.4611,0.61467,0.18795
-0.12475,0.98512,-0.11824,-0.10289,0.19046,0.22586
-0.15963,0.98283,-0.09252,-0.2801,0.19869,0.05891
-0.21024,0.97463,-0.07682,-0.28989,0.1544,0.01101
-0.26777,0.9612,-0.06621,0.0357,-0.09782,-0.05142
-0.32047,0.94573,-0.05374,0.28506,-0.48536,-0.06525
-0.36708,0.92945,-0.03714,0.32938,-0.60714,-0.09935
-0.40456,0.91434,-0.01772,0.37603,-0.80969,-0.15777
-0.42944,0.90308,0.00613,0.54763,-0.75325,-0.16535
-0.44461,0.89524,0.0295,0.60057,-0.72076,-0.15024
-0.45222,0.89073,0.04584,0.6352,-0.67306,-0.01247
-0.45254,0.89028,0.05101,0.36226,-0.52373,0.19354
-0.44708,0.89334,0.0455,0.20518,-0.4086,0.32951
-0.44157,0.89656,0.03453,-0.6408,0.57074,0.94688
-0.43849,0.89779,0.04114,-0.7676,0.89182,0.86798
-0.44019,0.89507,0.07127,-0.76942,1.05671,0.77393
-0.44811,0.88937,0.09067,-0.61817,-0.22559,0.16476
-0.46179,0.88205,0.09349,-0.50674,-0.57893,0.21509
-0.47725,0.87607,0.06885,-0.23671,-0.67587,0.42033
-0.47601,0.87935,-0.01263,1.79401,3.11084,-0.27997
-0.45252,0.89103,-0.03581,1.24488,2.85883,2.1067
-0.45788,0.88901,0.00225,0.21213,-0.09453,0.98039
-0.45011,0.89296,-0.00358,0.53669,-0.86075,-0.35951
-0.41397,0.90948,-0.03844,0.59281,-0.64353,-0.67717
-0.34814,0.9333,-0.08806,0.63019,0.05935,-0.8041
-0.27392,0.95375,-0.12382,-0.07876,0.53203,-0.2358
-0.20334,0.9656,-0.16205,-0.75444,0.42113,0.60219
-0.14301,0.96878,-0.20251,-1.03316,-0.12723,0.56612
-0.11417,0.96757,-0.22532,-0.27759,-0.77439,0.31732
-0.1153,0.96293,-0.24388,0.36427,-0.65963,0.14562
-0.12397,0.95663,-0.26363,0.68131,-0.44044,0.12717
-0.12142,0.94627,-0.29972,0.64268,0.06646,0.32936
-0.10706,0.93669,-0.33338,0.11455,0.04837,0.57371
-0.08961,0.92903,-0.35899,-0.26619,-0.21208,0.43701
-0.07181,0.92032,-0.38451,-0.38799,-0.12337,0.45871
-0.05798,0.91466,-0.40004,-0.26499,-0.07248,0.53111
-0.04153,0.9136,-0.40448,-0.35726,0.00856,0.36901
-0.02966,0.91295,-0.40699,-0.50957,0.17622,0.1504
-0.02673,0.91147,-0.4105,-0.77632,0.3083,-0.14648
-0.03628,0.90485,-0.42418,-0.80694,0.58137,0.30887
-0.0582,0.90591,-0.41944,-0.49444,0.55728,0.38609
-0.0956,0.91436,-0.39346,-0.45693,0.53784,-0.02369
-0.14864,0.92226,-0.35685,-0.3398,0.5283,0.24115
-0.20132,0.92778,-0.31417,-0.18067,0.87824,0.83438
-0.25394,0.92961,-0.26709,0.43535,1.0981,-0.16762
-0.29661,0.92988,-0.21757,0.47802,1.09783,-0.21714
-0.32097,0.92999,-0.17917,0.83445,0.86159,0.11211
-0.34391,0.9275,-0.14652,0.1531,0.19321,0.26069
-0.37301,0.9219,-0.1047,-0.03736,0.19315,0.11743
-0.41453,0.90748,-0.06813,-0.00924,-0.22503,0.14273
-0.45918,0.8872,-0.04504,0.22564,-0.47305,-0.0779
-0.49964,0.86612,-0.01398,0.33286,-0.54024,-0.13847
-0.53319,0.84566,0.02369,0.56696,-0.82088,-0.24574
-0.55509,0.82944,0.06249,0.73429,-1.03751,-0.20703
-0.56602,0.81879,0.09587,0.73907,-0.92528,-0.20972
-0.56819,0.81403,0.12044,0.73522,-0.78913,-0.15656
-0.56202,0.81654,0.13188,0.7055,-0.6819,0.03875
-0.5475,0.82753,0.12424,0.64558,-0.61699,0.17819
-0.52634,0.84475,0.09673,-0.07971,-0.00714,0.66029
-0.50374,0.86131,0.06623,-0.45086,0.53397,0.70742
-0.48937,0.86871,0.07646,-0.66462,1.97066,0.82686
-0.50072,0.85842,0.11133,-0.31711,0.48182,0.70962
-0.52128,0.8441,0.12555,-0.04845,-0.80855,0.34753
-0.53396,0.83643,0.12353,0.27592,-0.93916,0.416
-0.5349,0.84062,0.08505,1.17344,1.78798,-0.92274
-0.51861,0.85435,0.03348,1.617,1.59955,-0.24553
-0.50238,0.86297,0.05387,1.0438,0.76795,1.02016
-0.49412,0.86761,0.05552,0.38986,-0.29552,-0.03834
-0.47523,0.87914,0.03565,0.33759,-0.32143,-0.64338
-0.43444,0.90061,-0.01291,0.33174,-0.17525,-0.81294
-0.3806,0.92233,-0.06671,0.18742,0.23848,-0.43561
-0.3234,0.94022,-0.10674,-0.11179,0.24185,0.04718
-0.27486,0.95048,-0.14507,-0.35275,0.17742,0.36008
-0.2447,0.95193,-0.18423,-0.27613,-0.50221,0.48164
-0.23377,0.94792,-0.21632,0.34958,-0.55681,0.19752
-0.23219,0.94195,-0.24254,0.7641,-0.46984,0.04439
-0.22519,0.93498,-0.27404,0.8676,-0.2037,0.10798
-0.20239,0.92823,-0.31212,0.51353,0.11225,0.40399
-0.17721,0.92273,-0.34231,-0.03403,0.18129,0.67983
-0.15056,0.91978,-0.36239,-0.53636,0.11077,0.60142
-0.1269,0.91796,-0.37584,-0.47335,-0.24707,0.19409
-0.11758,0.91728,-0.38049,-0.38678,-0.25073,0.259
-0.11165,0.91495,-0.38782,-0.40605,0.00809,0.2255
-0.10777,0.91293,-0.39362,-0.9309,0.25783,-0.10871
-0.11224,0.90939,-0.40052,-1.0084,0.62731,0.10662
-0.12367,0.90042,-0.41707,-0.27628,0.53421,0.80924
-0.14039,0.90748,-0.39594,-0.37111,0.43372,0.24354
-0.17641,0.91071,-0.37347,-0.39575,0.43186,0.17574
-0.2246,0.91634,-0.33148,-0.35406,0.63614,0.7061
-0.27612,0.91791,-0.28494,0.21068,0.96687,0.00727
-0.32793,0.91499,-0.23505,0.42653,1.11705,-0.14758
-0.35754,0.91458,-0.18898,0.73799,1.24112,-0.03775
-0.37288,0.91425,-0.15843,0.68158,0.46004,0.56337
-0.3971,0.9083,-0.13154,0.44423,0.22686,0.26626
-0.43112,0.89728,-0.09503,-0.02743,0.0753,0.134
-0.47654,0.87646,-0.06878,0.01933,-0.2853,0.02504
-0.51756,0.85427,-0.04859,0.10263,-0.32773,-0.04349
-0.55491,0.83175,-0.01622,0.30475,-0.43435,-0.14076
-0.58314,0.81211,0.02079,0.71552,-0.80806,-0.19883
-0.60067,0.7975,0.05657,0.75681,-0.81063,-0.20795
-0.6085,0.78885,0.08626,0.77026,-0.79305,-0.21819
-0.60733,0.78696,0.10885,0.66768,-0.86429,-0.13265
-0.59629,0.79396,0.1186,0.6118,-0.85845,-0.01575
-0.57702,0.80999,0.10472,0.14478,-0.58007,0.46288
-0.55438,0.82907,0.07287,-0.18209,-0.2664,0.60082
-0.53107,0.84517,0.06042,-0.51602,1.11104,0.61881
-0.52683,0.84396,0.10089,-0.20478,1.81061,1.29584
-0.54616,0.82746,0.13047,-0.18532,-0.51244,0.35328
-0.56806,0.81058,0.14234,-0.03904,-1.07389,0.06193
-0.58089,0.80689,0.10723,0.8676,1.85807,-0.7856
-0.57426,0.818,0.03313,1.60405,2.13678,-0.65392
-0.5614,0.82696,0.0312,1.2914,1.43394,0.72393
-0.55631,0.83011,0.03785,0.41421,-0.2977,-0.05749
-0.53949,0.84147,0.02969,0.46383,-0.33453,-0.44868
-0.50335,0.86408,0.00151,0.43862,-0.27172,-0.60936
-0.45301,0.89047,-0.04295,0.30513,0.24724,-0.67456
-0.40019,0.91299,-0.07931,0.00549,0.42032,-0.14944
-0.34979,0.92916,-0.1196,-0.37991,0.32531,0.34076
-0.31137,0.93575,-0.16557,-0.43069,-0.20631,0.62658
-0.29284,0.93579,-0.19632,0.23087,-0.52779,0.31896
-0.28909,0.93307,-0.21404,0.66238,-0.43545,0.15796
-0.28402,0.92912,-0.23679,0.83003,-0.27793,0.0317
-0.26359,0.92471,-0.27464,0.68812,-0.0466,0.20389
-0.23776,0.92132,-0.30763,0.19607,-0.14292,0.47943
-0.21485,0.91829,-0.33254,-0.2574,-0.1481,0.5389
-0.19156,0.91492,-0.35528,-0.43486,-0.01748,0.31717
-0.17878,0.91301,-0.36667,-0.28344,-0.08905,0.30387
-0.17281,0.91126,-0.37381,-0.34906,0.03339,0.29089
-0.17284,0.9081,-0.38143,-0.33549,0.23033,0.22267
-0.17207,0.90802,-0.38195,-0.69612,0.32178,-0.10615
-0.17885,0.90258,-0.39161,-0.83094,0.61037,0.31904
-0.19113,0.90151,-0.38825,-0.23915,0.31019,1.0328
-0.20446,0.91192,-0.3558,-0.29258,-0.0029,0.14863
-0.23087,0.91938,-0.31849,-0.12968,0.0297,0.69448
-0.27305,0.92368,-0.26882,-0.19489,0.86592,0.08568
-0.33215,0.91701,-0.22084,-0.04689,1.22363,-0.22844
-0.38378,0.90639,-0.17654,0.27932,1.33222,-0.19382
-0.40888,0.90018,-0.14997,0.34636,0.81059,0.41764
-0.4357,0.89072,-0.12949,0.34371,0.69534,0.49543
-0.47534,0.87371,-0.10332,0.09825,0.33996,0.20589
-0.52302,0.84944,-0.0701,0.26973,-0.32217,0.08945
-0.56108,0.82673,-0.04136,0.31517,-0.35128,-0.00649
-0.5944,0.80415,-0.00611,0.38254,-0.30436,-0.09087
-0.62405,0.78073,0.03176,0.7272,-0.61757,-0.2805
-0.64418,0.76155,0.07114,0.83547,-0.72534,-0.27027
-0.6534,0.74937,0.10729,0.81511,-0.71037,-0.21723
-0.65216,0.74516,0.13933,0.85267,-0.86468,-0.26973
-0.63877,0.75213,0.16211,0.73253,-0.8396,-0.00113
-0.61632,0.77118,0.15945,0.47002,-0.63039,0.28495
-0.58986,0.79664,0.13197,0.17574,-0.3937,0.50988
-0.56813,0.81558,0.10979,-0.49853,0.71692,0.79499
-0.56379,0.81356,0.14238,-0.60341,2.54277,1.11266
-0.58242,0.79343,0.17679,-0.08715,-0.08992,0.36893
-0.60435,0.77423,0.18796,0.07803,-0.97822,0.13855
-0.61634,0.76794,0.17434,0.48885,0.14916,0.37633
-0.62015,0.77904,0.09221,0.82061,2.67509,-1.43082
-0.59791,0.80037,0.04366,1.57863,3.20463,-0.42292
-0.59696,0.80151,0.03487,0.48394,-0.86464,0.09497
-0.58506,0.81074,0.02007,0.53595,-0.34338,-0.25107
-0.55159,0.83411,0.0016,0.56303,-0.19674,-0.51644
-0.49741,0.86692,-0.03212,0.31732,0.29547,-0.36334
-0.43438,0.89865,-0.06115,0.12589,0.36589,-0.27724
-0.3787,0.92177,-0.08317,-0.13129,0.38604,-0.0742
-0.33902,0.93297,-0.12098,-0.46425,-0.27333,0.53834
-0.3202,0.93392,-0.15895,0.18702,-0.4717,0.24789
-0.31974,0.92989,-0.18183,0.47125,-0.45553,0.18358
-0.31571,0.92573,-0.20819,0.72735,-0.16937,0.04892
-0.29854,0.92224,-0.24565,0.26669,-0.01872,0.37477
-0.27899,0.91977,-0.27602,0.24715,-0.01625,0.40514
-0.25766,0.91763,-0.30258,-0.27595,-0.15008,0.49459
-0.23772,0.91507,-0.32578,-0.29315,-0.1214,0.31431
-0.22414,0.91264,-0.34182,-0.24871,-0.0851,0.27288
-0.21624,0.90967,-0.35458,-0.31641,0.00552,0.39653
-0.21449,0.90677,-0.36299,-0.4034,0.17238,0.31954
-0.21271,0.9076,-0.36196,-0.56137,0.17039,-0.00445
-0.22004,0.90657,-0.36014,-0.57411,0.47395,0.04394
-0.23427,0.9024,-0.36164,-0.02238,0.12879,0.29303
-0.25963,0.9039,-0.33993,-0.0831,0.3531,0.59235
-0.30191,0.90301,-0.30564,-0.39645,0.72953,0.5081
-0.35398,0.89869,-0.25895,0.00327,1.0359,0.06541
-0.40697,0.88954,-0.20759,0.33104,1.18056,-0.23041
-0.43918,0.88445,-0.1577,0.67007,1.06649,-0.07343
-0.44973,0.88445,-0.12442,0.80024,0.56908,0.47624
-0.46878,0.87837,-0.09333,0.72621,0.41564,0.34313
-0.49595,0.86682,-0.05157,0.21528,0.10871,-0.0024
-0.53076,0.84733,-0.01806,0.00284,-0.21732,0.10423
-0.56754,0.82334,-0.00178,0.14249,-0.28049,-0.04605
-0.60111,0.79867,0.02817,0.24778,-0.38199,-0.25471
-0.62764,0.7754,0.06938,0.7354,-0.86485,-0.29046
-0.64204,0.75884,0.10925,0.86044,-0.94367,-0.26822
-0.64679,0.74968,0.14011,0.84547,-0.7902,-0.22262
-0.64373,0.74801,0.16152,0.7565,-0.79586,-0.08446
-0.63454,0.75493,0.16563,0.6711,-0.78682,0.04893
-0.62146,0.77071,0.14066,0.14059,-0.42289,0.60492
-0.60849,0.78821,0.092,-0.25433,-0.15596,0.70317
-0.58979,0.80506,0.06333,-0.64156,1.11992,0.43614
-0.59023,0.80087,0.10112,-0.28784,1.69697,1.10402
-0.61504,0.77773,0.12984,-0.16775,-0.5812,0.39009
-0.64054,0.75812,0.12233,0.06958,-0.92661,0.17549
-0.64397,0.76304,0.05541,1.216,2.86367,-0.92763
-0.63501,0.77133,0.04264,0.97049,0.17992,1.39989
-0.63257,0.77192,0.06311,0.558,-0.8863,0.23628
-0.61733,0.78484,0.05406,0.57691,-0.23376,-0.93899
-0.57856,0.81549,0.01557,0.5577,-0.05142,-1.15825
-0.5242,0.85034,-0.04613,0.49433,0.60082,-0.78547
-0.46174,0.88104,-0.10276,-0.0274,0.24602,0.11924
-0.39656,0.90648,-0.14498,-0.27855,0.2436,0.43552
-0.34707,0.92107,-0.17653,-0.50962,0.13619,0.62922
-0.32267,0.92611,-0.19544,0.2348,-0.62413,0.15413
-0.31844,0.92617,-0.20199,0.56882,-0.65591,-0.03037
-0.31839,0.92223,-0.21935,0.83402,-0.45342,-0.02984
-0.3106,0.91353,-0.26264,0.94796,0.10262,0.19084
-0.28922,0.91209,-0.2906,0.41199,0.13969,0.70256
-0.2618,0.91465,-0.30801,-0.4256,-0.15451,0.47787
-0.23309,0.91389,-0.33238,-0.48402,-0.23003,0.03039
-0.21557,0.91307,-0.34618,-0.36712,-0.02799,0.21912
-0.20397,0.91122,-0.35787,-0.3504,0.13169,0.40204
-0.19673,0.9103,-0.36422,-0.21836,0.09593,0.46031
-0.19031,0.91112,-0.36557,-0.56867,0.12027,-0.03693
-0.19396,0.90777,-0.37192,-0.91184,0.35927,0.01619
-0.20894,0.90257,-0.37644,-0.27201,0.44994,0.78149
-0.23105,0.90752,-0.35073,-0.1777,0.1529,0.19758
-0.26774,0.90747,-0.32376,-0.1136,0.26253,0.40945
-0.3139,0.90743,-0.27934,-0.14743,0.55959,0.64425
-0.36848,0.90029,-0.23172,0.18484,1.16711,-0.09441
-0.42043,0.88923,-0.18026,0.50164,1.40151,-0.31084
-0.44708,0.88156,-0.15157,0.83224,1.17691,0.07659
-0.4674,0.87475,-0.12785,0.53345,0.51885,0.57199
-0.49492,0.86256,-0.1051,0.35299,0.34554,0.26681
-0.52899,0.84427,-0.08593,-0.01929,-0.00412,0.12255
-0.567,0.82046,-0.07318,0.12526,-0.47305,-0.00917
-0.59972,0.79835,-0.05446,0.21526,-0.48599,-0.04895
-0.62849,0.77737,-0.02629,0.5816,-0.68561,-0.16431
-0.64956,0.76028,0.00679,0.75709,-0.82411,-0.13875
-0.66092,0.74945,0.03885,0.76085,-0.74801,-0.12368
-0.66575,0.7431,0.06759,0.75464,-0.70421,-0.15458
-0.66269,0.74325,0.09179,0.72036,-0.88229,0.02865
-0.64802,0.75539,0.09719,0.70619,-0.80213,0.11405
-0.62178,0.77951,0.07583,0.42902,-0.57549,0.32978
-0.58991,0.8065,0.03955,-0.52046,1.44681,0.40667
-0.58014,0.81215,0.06204,-0.80695,2.99791,0.85239
-0.60904,0.78352,0.12308,-0.32536,1.84424,1.4531
-0.64464,0.75297,0.13214,0.37194,-0.90904,0.45036
-0.66317,0.74092,0.10599,0.64202,0.24089,0.28877
-0.66004,0.74891,0.05903,1.66105,2.32403,-0.76512
-0.6534,0.75484,0.0573,0.77788,-0.68439,0.23894
-0.64195,0.76532,0.04672,0.66734,-0.59637,-0.04927
-0.61929,0.78468,0.02743,0.54307,-0.14886,-0.69479
-0.57352,0.81912,-0.0109,0.47296,0.39757,-0.80397
-0.51858,0.85283,-0.06122,0.35365,0.63374,-0.65434
-0.45992,0.88226,-0.10043,0.00568,0.27893,0.06472
-0.40426,0.90528,-0.1305,-0.17511,0.1755,0.2611
-0.367,0.91659,-0.15867,-0.33787,-0.11436,0.35783
-0.351,0.91761,-0.18649,0.58275,-0.599,0.1569
-0.34624,0.91524,-0.20606,0.75369,-0.51414,0.12841
-0.33735,0.912,-0.23333,0.78321,-0.39274,0.13847
-0.31828,0.9082,-0.27178,0.47354,0.07137,0.20814
-0.29797,0.90544,-0.3023,0.16253,-0.02986,0.46511
-0.27749,0.90366,-0.32618,-0.07026,-0.06278,0.57743
-0.25743,0.901,-0.34918,-0.50786,0.08379,0.29994
-0.25084,0.89783,-0.36191,-0.28581,-0.01811,0.3451
-0.24938,0.89468,-0.37062,-0.04194,-0.14983,0.4281
-0.24488,0.89439,-0.37429,-0.0614,0.0219,0.29701
-0.23769,0.89855,-0.36893,-0.50926,0.05531,-0.03021
-0.23846,0.89695,-0.37232,-0.87728,0.48594,0.0768
-0.24959,0.8872,-0.38805,-0.22688,0.34112,0.3666
-0.26952,0.88993,-0.36795,-0.15351,0.27548,0.47517
-0.30844,0.88901,-0.33841,-0.35521,0.46522,0.33802
-0.35553,0.88745,-0.29333,-0.23365,0.78672,0.67191
-0.40658,0.87964,-0.24684,0.26396,1.28662,0.06527
-0.45043,0.87066,-0.19764,0.5733,1.44856,-0.19085
-0.46597,0.86929,-0.16492,0.95809,1.02139,0.15722
-0.47795,0.86713,-0.14014,0.87613,0.51959,0.65709
-0.49866,0.8593,-0.11377,0.54332,0.25333,0.41485
-0.5303,0.84387,-0.08163,-0.17428,-0.14313,0.13282
-0.56996,0.81879,-0.06873,0.14625,-0.37173,-0.02618
-0.60566,0.79415,-0.04997,0.24373,-0.32038,-0.05602
-0.63844,0.76949,-0.01686,0.59591,-0.46873,-0.17297
-0.66052,0.75049,0.02191,0.80531,-0.84729,-0.10296
-0.67103,0.73926,0.0567,0.81582,-0.83606,-0.13776
-0.67251,0.73514,0.08546,0.79877,-0.74342,-0.13403
-0.66429,0.74029,0.10341,0.63322,-0.77802,0.03868
-0.64608,0.75718,0.09617,0.5895,-0.76837,0.15548
-0.61611,0.78527,0.06128,0.18215,-0.25977,0.48074
-0.58011,0.81407,0.02753,-0.52542,1.29166,0.63162
-0.56619,0.82267,0.05138,-0.8673,2.69163,0.94766
-0.59343,0.79789,0.10585,-0.62625,0.28986,0.80194
-0.6281,0.76845,0.12235,0.0864,-1.15421,0.21234
-0.64549,0.75598,0.10872,0.90679,-0.78878,0.31335
-0.64051,0.76454,0.07228,1.34522,2.19878,-0.45298
-0.6213,0.78124,0.06035,0.68516,0.53119,0.34744
-0.60866,0.79099,0.06216,0.14912,-0.35072,-0.35482
-0.59603,0.80204,0.03827,0.46035,-0.01547,-0.8165
-0.56461,0.82534,-0.00464,0.51312,0.25929,-0.78888
-0.51571,0.85469,-0.05947,0.48907,0.42491,-0.61425
-0.45916,0.88244,-0.10231,0.14312,0.3408,0.02602
-0.40387,0.90493,-0.13413,-0.08582,0.313,0.24406
-0.36155,0.91758,-0.16533,-0.33868,0.03596,0.34845
-0.33599,0.92084,-0.19788,0.19941,-0.58892,0.0923
-0.32705,0.91885,-0.22079,0.5935,-0.58032,0.05601
-0.32091,0.91414,-0.24772,0.69954,-0.30923,0.06255
-0.30912,0.90574,-0.28997,0.73615,0.12566,0.2875
-0.29237,0.90228,-0.31687,0.32515,0.03647,0.76029
-0.26791,0.90281,-0.33639,-0.23136,-0.1619,0.45408
-0.24415,0.90269,-0.35432,-0.27927,-0.20538,0.16235
-0.22903,0.90271,-0.36423,-0.22657,-0.10945,0.22996
-0.21847,0.9004,-0.37623,-0.31624,0.01304,0.3432
-0.21078,0.89616,-0.39046,-0.50579,0.22374,0.30874
-0.20812,0.89683,-0.39036,-0.90803,0.14183,0.11397
-0.21281,0.8969,-0.38765,-1.00909,0.42594,0.16866
-0.23403,0.89397,-0.38215,-0.10961,0.15788,0.2243
-0.27096,0.89353,-0.35802,-0.14022,0.38059,0.45094
-0.32602,0.89031,-0.31788,-0.26837,0.6355,0.35196
-0.38364,0.88139,-0.27561,0.01614,1.21442,0.59349
-0.43753,0.86977,-0.22819,0.59135,1.57008,-0.06831
-0.46189,0.86727,-0.18573,0.82628,1.44215,-0.04845
-0.46688,0.87049,-0.15576,0.89556,0.40589,0.60528
-0.4819,0.86651,-0.13011,0.33606,0.0741,0.07817
-0.50637,0.8565,-0.09996,0.056,0.08865,0.04924
-0.54858,0.83249,-0.07759,-0.25416,-0.08707,0.08655
-0.58973,0.80503,-0.06439,0.02284,-0.36641,-0.03924
-0.62265,0.78174,-0.03437,0.21986,-0.40752,-0.08328
-0.64715,0.76236,0.00035,0.60787,-0.65312,-0.19683
-0.6604,0.75008,0.03546,0.82136,-0.82799,-0.18539
-0.66437,0.74459,0.06477,0.85029,-0.83653,-0.21858
-0.66035,0.74621,0.0843,0.86251,-0.9308,-0.16898
-0.64709,0.75761,0.08545,0.766,-0.79664,0.07491
-0.62259,0.77976,0.066,0.63765,-0.65117,0.19424
-0.59192,0.80483,0.04331,-0.46655,1.22758,0.82031
-0.57825,0.81299,0.06837,-0.72533,2.55882,1.05531
-0.5968,0.79055,0.1373,-0.9686,3.13346,1.13788
-0.62461,0.7666,0.14893,0.35736,-1.62773,0.03791
-0.63759,0.75945,0.12929,0.8943,0.27646,0.09241
-0.63702,0.76762,0.07048,0.56634,1.62454,0.04948
-0.62081,0.78345,0.02833,0.58683,1.00327,0.46313
-0.61838,0.78535,0.02882,0.29788,-0.82437,-0.16333
-0.61013,0.79213,0.01633,0.62267,-0.68296,0.30541
-0.58372,0.81194,-0.0037,0.62916,-0.07187,-0.7615
-0.53567,0.84304,-0.04827,0.4672,0.27919,-0.60861
-0.4785,0.8727,-0.09708,0.18767,0.4996,-0.32579
-0.42073,0.89699,-0.13558,-0.11351,0.47474,0.09438
-0.37509,0.90926,-0.18042,-0.37244,0.05662,0.58336
-0.34775,0.91036,-0.22428,0.10882,-0.51185,0.51387
-0.33692,0.90861,-0.24678,0.62913,-0.52191,0.19298
-0.33046,0.90654,-0.26264,0.78444,-0.30156,0.1272
-0.3159,0.90272,-0.29206,0.66963,0.02878,0.12129
-0.29008,0.89987,-0.32571,0.26261,-0.14949,0.43566
-0.26532,0.89931,-0.34763,-0.24812,-0.26428,0.46584
-0.2404,0.89845,-0.36742,-0.35106,-0.27485,0.25467
-0.22625,0.89695,-0.37984,-0.3101,-0.19099,0.18848
-0.22327,0.89366,-0.38927,-0.28093,0.03205,0.32379
-0.22667,0.88568,-0.4052,-0.21411,0.3875,0.31607
-0.2286,0.87915,-0.41814,-0.35815,0.44083,0.29213
-0.22892,0.87812,-0.42012,-0.75014,0.43441,0.3535
-0.23808,0.87765,-0.41599,-0.57425,0.24923,0.47869
-0.25257,0.88621,-0.38838,-0.08497,0.04494,0.67451
-0.28192,0.89427,-0.34756,-0.06961,0.19147,0.7969
-0.32597,0.89599,-0.30157,-0.08331,0.76392,0.57087
-0.38778,0.88648,-0.25253,0.0297,1.6458,-0.32688
-0.43359,0.87839,-0.20109,0.39874,1.34496,-0.26121
-0.45001,0.87567,-0.1752,0.49497,0.89067,0.26564
-0.46577,0.871,-0.15625,0.45199,0.75672,0.64559
-0.50308,0.85483,-0.12715,-0.12404,0.07733,0.10447
-0.54766,0.8314,-0.09396,0.08111,-0.23521,0.12717
-0.58081,0.81135,-0.06604,0.31564,-0.37854,-0.04993
-0.61154,0.79068,-0.02877,0.53546,-0.53456,-0.19203
-0.63629,0.77133,0.01301,0.70812,-0.6622,-0.23707
-0.65182,0.75667,0.05078,0.90894,-0.84818,-0.16181
-0.65901,0.74794,0.07926,0.8256,-0.7413,-0.13873
-0.65907,0.74525,0.10106,0.82929,-0.78193,-0.17542
-0.64886,0.75281,0.11065,0.77478,-0.98354,-0.04966
-0.62664,0.77329,0.09656,0.36537,-0.70416,0.31616
-0.59642,0.80001,0.06519,-0.04138,-0.37042,0.52377
-0.57077,0.81942,0.05255,-0.85883,1.12685,0.61809
-0.57599,0.8097,0.1123,-1.00091,3.13746,1.19636
-0.60257,0.78533,0.14195,-0.04049,0.60366,0.93976
-0.62654,0.76587,0.1445,0.30094,-1.21074,0.16756
-0.63817,0.76191,0.11057,0.2018,1.35268,-0.18878
-0.62894,0.77655,0.0375,0.78592,2.32227,-0.79313
-0.61657,0.78618,0.04192,0.475,-0.40051,0.38898
-0.61335,0.78911,0.03321,0.49754,-0.29036,0.20505
-0.59788,0.80149,0.01234,0.41932,-0.26961,-0.31899
-0.56142,0.82695,-0.03091,0.40412,0.20595,-0.89046
-0.51035,0.85543,-0.08821,0.27289,0.41563,-0.3094
-0.4535,0.88141,-0.1321,0.07118,0.42592,0.03275
-0.40301,0.90174,-0.15636,-0.33367,0.23018,0.42054
-0.36785,0.91249,-0.179,-0.21928,-0.2216,0.31399
-0.3488,0.91376,-0.20826,0.3325,-0.54348,0.1637
-0.34372,0.91054,-0.22972,0.72627,-0.54149,0.0967
-0.34048,0.90565,-0.25273,0.81642,-0.3404,0.10889
-0.32788,0.89969,-0.28818,0.71371,-0.0437,0.20673
-0.30534,0.8975,-0.31821,0.13591,-0.14219,0.55894
-0.27732,0.89865,-0.33987,-0.19835,-0.2068,0.52691
-0.24716,0.89959,-0.36007,-0.35018,-0.17861,0.3625
-0.22506,0.90091,-0.37107,-0.27039,0.04162,0.29049
-0.20996,0.90043,-0.38098,-0.3106,0.09458,0.35257
-0.20359,0.89881,-0.38818,-0.37445,0.10545,0.34482
-0.19885,0.89994,-0.38803,-0.89428,0.21647,-0.0233
-0.20284,0.89473,-0.39789,-0.9209,0.48294,0.16455
-0.22143,0.89204,-0.39399,-0.50008,0.33838,0.35154
-0.25479,0.89496,-0.36624,-0.33722,0.54076,0.34155
-0.30325,0.89745,-0.32035,-0.16573,0.83169,0.78696
-0.35554,0.89484,-0.26991,0.06239,1.08992,0.48834
-0.40918,0.88547,-0.22027,0.56974,1.41428,-0.29052
-0.43836,0.88024,-0.18166,0.82278,1.17214,-0.05883
-0.44955,0.88046,-0.15063,0.90423,0.93963,0.559
-0.47032,0.87421,-0.12066,0.20547,0.23421,0.20601
-0.49779,0.86229,-0.09302,-0.17706,-0.05309,0.09649
-0.53866,0.83965,-0.06951,-0.13934,-0.18445,0.04165
-0.57678,0.81539,-0.04959,0.29193,-0.44535,-0.06666
-0.60794,0.79375,-0.01926,0.40588,-0.42809,-0.09855
-0.63313,0.77388,0.01573,0.72653,-0.70456,-0.24177
-0.64909,0.75907,0.04987,0.83043,-0.82015,-0.12044
-0.65718,0.74987,0.07624,0.79275,-0.76082,-0.14436
-0.65865,0.74621,0.09671,0.78397,-0.8052,-0.15238
-0.65058,0.75182,0.10728,0.61806,-0.85683,0.0633
-0.63156,0.76898,0.09895,0.33276,-0.61011,0.30213
-0.60456,0.79307,0.07447,-0.00885,-0.24415,0.48074
-0.57939,0.81277,0.06092,-0.6451,2.55317,0.94781
-0.58066,0.80622,0.11328,-0.20379,1.83166,1.37851
-0.60537,0.78224,0.14708,-0.13012,0.35936,0.88128
-0.62683,0.76394,0.15324,0.32237,-1.00902,0.20646
-0.63944,0.76105,0.10911,0.19061,1.73678,-0.14677
-0.63291,0.77326,0.03845,0.96731,2.98485,-0.99073
-0.62991,0.77509,0.04934,0.70636,-0.70641,0.53094
-0.62467,0.77918,0.05162,0.57732,-0.21228,0.33495
-0.60022,0.79879,0.04068,0.46337,-0.16442,-0.81276
-0.55354,0.83279,-0.00747,0.46852,0.21214,-0.72985
-0.49401,0.86664,-0.06993,0.17885,0.43567,-0.27102
-0.43528,0.89289,-0.1152,-0.05753,0.32353,-0.03501
-0.38552,0.91195,-0.14045,-0.41006,0.08821,0.25623
-0.35333,0.9203,-0.16794,-0.30225,-0.19895,0.37227
-0.34002,0.91931,-0.19813,0.32414,-0.55023,0.26922
-0.33733,0.91544,-0.21947,0.69128,-0.56561,0.16024
-0.33274,0.91085,-0.24421,0.79141,-0.47005,0.14907
-0.31371,0.90687,-0.28138,0.73709,-0.0619,0.15768
-0.28338,0.90685,-0.31195,0.39939,-0.01096,0.38609
-0.24906,0.90879,-0.33477,-0.28647,-0.00135,0.55659
-0.21421,0.91078,-0.35298,-0.48086,-0.07728,0.24757
-0.19156,0.91245,-0.36158,-0.39302,-0.13251,0.31713
-0.18272,0.91105,-0.36958,-0.34285,0.02193,0.27877
-0.17804,0.90961,-0.37538,-0.32906,0.13739,0.05069
-0.177,0.90595,-0.38461,-0.93173,0.38988,0.02473
-0.18598,0.90098,-0.39198,-0.66659,0.40807,1.00941
-0.20416,0.90743,-0.36728,-0.32079,0.17958,-0.14913
-0.24094,0.90824,-0.34212,-0.11717,0.43586,0.34571
-0.29189,0.90931,-0.29657,-0.11254,1.10667,0.49482
-0.34785,0.90418,-0.24792,0.16923,1.34427,-0.08357
-0.39833,0.89596,-0.19642,0.65962,1.37137,-0.27437
-0.42535,0.89154,-0.15568,0.91171,1.13106,0.32676
-0.45263,0.88341,-0.12125,0.81419,0.73933,0.55798
-0.48687,0.86869,-0.09129,0.29438,0.13408,0.15537
-0.52452,0.84879,-0.06649,0.0061,-0.16467,0.12603
-0.56816,0.82144,-0.04921,0.03319,-0.27492,0.04508
-0.61128,0.79099,-0.02585,0.25151,-0.42223,-0.03924
-0.64739,0.76212,0.00753,0.6368,-0.80724,-0.1921
-0.66943,0.74144,0.04604,0.75011,-0.96571,-0.21128
-0.67781,0.73035,0.08462,0.76652,-0.93343,-0.15634
-0.67578,0.72768,0.11745,0.74177,-0.76676,-0.23221
-0.66584,0.73289,0.1397,0.74401,-0.76982,-0.15619
-0.64949,0.74751,0.13919,0.71355,-0.75299,0.11307
-0.62481,0.77313,0.10897,0.25326,-0.29872,0.4641
-0.59683,0.79887,0.07473,-0.18862,0.25021,0.57201
-0.58608,0.80428,0.09817,-0.80363,2.55058,0.81699
-0.60891,0.77893,0.14993,-0.32004,0.64306,0.86971
-0.64039,0.75022,0.16447,-0.19989,-0.36868,0.42205
-0.65504,0.73836,0.16038,0.85388,-0.55975,0.39408
-0.65587,0.74716,0.10763,0.87253,1.52221,-0.77256
-0.6262,0.77728,0.06079,1.51747,2.08357,-0.79822
-0.60097,0.79248,0.10387,-0.2609,-0.13585,-0.06499
-0.59469,0.79688,0.1064,0.18758,-0.19201,-0.30609
-0.57699,0.81376,0.06985,0.33022,-0.24372,-0.74673
-0.53977,0.84176,0.00891,0.4813,0.08758,-0.58666
-0.48759,0.87174,-0.04823,0.25333,0.1466,-0.34511
-0.43143,0.89842,-0.08187,0.07471,0.25565,-0.18382
-0.38833,0.91419,-0.11597,-0.19295,-0.33115,0.58841
-0.36494,0.91817,-0.1542,0.11879,-0.55292,0.47477
-0.35507,0.91712,-0.18112,0.45674,-0.63552,0.34927
-0.35256,0.91343,-0.20332,0.94974,-0.52517,0.08887
-0.34009,0.90977,-0.23801,0.92648,-0.16107,0.09037
-0.31439,0.90942,-0.27222,0.31587,-0.05517,0.41953
-0.28952,0.9097,-0.29769,-0.2965,-0.10593,0.50406
-0.26273,0.90856,-0.32477,-0.46052,-0.08946,0.21488
-0.24769,0.90721,-0.34003,-0.40032,0.00115,0.23767
-0.24368,0.9033,-0.35308,-0.35329,0.12508,0.39347
-0.24166,0.90033,-0.36195,-0.21553,0.14342,0.25944
-0.23795,0.90349,-0.35647,-0.53838,0.05844,-0.01929
-0.23933,0.90443,-0.35315,-0.96283,0.53931,0.02631
-0.26181,0.8981,-0.35337,-0.33344,0.39409,0.19172
-0.30705,0.89328,-0.32829,-0.33338,0.65065,0.43783
-0.36789,0.88637,-0.28106,-0.17594,0.92576,0.46427
-0.42486,0.87485,-0.23265,0.38317,1.31424,0.3748
-0.46614,0.86615,-0.18024,0.66572,1.44389,-0.17561
-0.48031,0.86565,-0.14122,0.99006,0.9521,0.03995
-0.49081,0.86422,-0.11056,0.59199,0.52279,0.51328
-0.5116,0.85519,-0.08316,0.29308,0.3301,0.23793
-0.53715,0.84158,-0.05661,-0.1477,0.16861,0.01936
-0.57535,0.8169,-0.04041,0.0727,-0.31681,-0.03111
-0.61136,0.79102,-0.02269,0.23102,-0.40427,-0.06465
-0.64104,0.76746,0.00792,0.52417,-0.56588,-0.1124
-0.66202,0.74841,0.04007,0.85772,-0.97453,-0.15883
-0.67366,0.73584,0.06859,0.87958,-0.96714,-0.14067
-0.6774,0.72993,0.09125,0.81718,-0.87703,-0.19553
-0.67407,0.73063,0.10863,0.69286,-0.89726,-0.11464
-0.6626,0.74051,0.11221,0.67722,-0.86864,-0.03111
-0.64091,0.76152,0.09656,0.57175,-0.72554,0.18633
-0.61512,0.78486,0.07499,-0.56692,0.99162,0.69885
-0.60252,0.79218,0.09702,-0.81948,2.25008,0.87135
-0.61543,0.77373,0.15028,-0.51896,2.41385,1.30332
-0.63961,0.75166,0.16094,0.45066,-0.76782,0.42332
-0.65396,0.74209,0.1471,0.87026,-0.29049,0.47001
-0.65322,0.75067,0.09892,1.14283,2.91026,-0.78912
-0.6446,0.76039,0.07926,0.83561,0.01631,0.41717
-0.64099,0.76304,0.08303,0.45223,-0.94019,0.09642
-0.62756,0.77604,0.06267,0.63571,-0.26978,-0.1615
-0.59351,0.80409,0.03431,0.55334,0.01492,-0.83149
-0.54137,0.84073,-0.00935,0.44719,0.26335,-0.82004
-0.48451,0.8735,-0.04726,0.06006,0.44507,-0.30028
-0.42512,0.90149,-0.08117,-0.20043,0.25432,0.07943
-0.37744,0.91699,-0.12907,-0.34384,0.06532,0.25814
-0.3503,0.91836,-0.18413,0.20496,-0.75904,0.41112
-0.34421,0.91487,-0.211,0.76355,-0.63519,0.25165
-0.34271,0.91107,-0.22913,0.87788,-0.43615,0.23489
-0.3266,0.90679,-0.26658,0.71135,0.17433,0.31563
-0.30625,0.90488,-0.29564,-0.11514,0.08951,0.55333
-0.28647,0.90359,-0.31851,-0.31636,-0.06805,0.47771
-0.26913,0.90008,-0.34266,-0.45214,-0.08187,0.17605
-0.26243,0.89615,-0.35783,-0.39079,-0.0753,0.21612
-0.25846,0.89315,-0.36807,-0.15097,-0.16023,0.33485
-0.25476,0.89188,-0.37368,-0.03639,-0.06248,0.35825
-0.25178,0.89069,-0.37851,-0.14306,0.09185,0.15973
-0.25536,0.89013,-0.37743,-0.51069,0.3683,-0.06584
-0.26657,0.88337,-0.38549,-0.38636,0.52496,0.1515
-0.2828,0.88035,-0.3808,-0.17805,0.1187,0.37537
-0.31671,0.88105,-0.35133,-0.41179,0.53672,0.72971
-0.36577,0.88003,-0.30292,-0.44008,0.80941,0.48009
-0.42017,0.87129,-0.25357,0.06174,1.2742,0.07222
-0.4682,0.86062,-0.20027,0.41948,1.44328,-0.28144
-0.48765,0.85711,-0.16598,0.8249,1.24611,0.05219
-0.49983,0.85473,-0.14003,0.81862,0.8565,0.75068
-0.52402,0.84441,-0.11123,0.67464,0.61082,0.58529
-0.55661,0.82689,-0.08014,-0.02575,0.00347,0.14105
-0.59266,0.80302,-0.06253,0.26859,-0.39999,-0.06405
-0.62403,0.78046,-0.03819,0.29997,-0.37743,-0.08839
-0.65205,0.75817,0.00153,0.58577,-0.55793,-0.25278
-0.67036,0.74074,0.04391,0.88932,-1.0224,-0.17445
-0.67837,0.73032,0.08022,0.89734,-1.01198,-0.21076
-0.67964,0.7256,0.10759,0.84865,-0.73363,-0.15367
-0.67427,0.72766,0.12599,0.73191,-0.74669,-0.03421
-0.66054,0.74017,0.12583,0.67664,-0.69586,0.06559
-0.63794,0.76299,0.10422,0.28101,-0.35203,0.49014
-0.6085,0.7899,0.07603,-0.3811,0.89351,0.68984
-0.58864,0.80429,0.08134,-0.58256,2.16233,0.84929
-0.60514,0.78416,0.13747,-0.56205,2.46873,1.13266
-0.63545,0.75587,0.15764,0.01148,-1.12037,0.20433
-0.65296,0.74194,0.15218,0.4275,-1.296,0.13727
-0.65754,0.74655,0.10147,0.16454,0.91719,0.16569
-0.64299,0.76488,0.03905,1.32981,2.91739,-0.94583
-0.64032,0.7664,0.05114,0.73988,0.00143,0.85237
-0.63658,0.77049,0.03329,0.46958,-0.5218,0.25477
-0.61529,0.78829,0.00477,0.57474,-0.2143,-0.65104
-0.57047,0.82021,-0.04271,0.55048,-0.04172,-0.8645
-0.51385,0.85376,-0.08398,0.30854,0.48201,-0.42939
-0.45534,0.88358,-0.10929,-0.0233,0.35587,0.06052
-0.40137,0.90507,-0.14053,-0.25737,0.29478,0.31608
-0.36433,0.91353,-0.18089,-0.2712,-0.35533,0.46134
-0.35064,0.91244,-0.21097,0.39351,-0.55254,0.20219
-0.34843,0.90913,-0.2282,0.55417,-0.51544,0.18894
-0.34039,0.9052,-0.25444,0.72628,-0.2235,0.0244
-0.32015,0.9003,-0.29488,0.60088,-0.02485,0.089
-0.29826,0.89767,-0.32437,0.36438,0.04962,0.35806
-0.27574,0.89665,-0.34638,-0.34866,-0.08313,0.42968
-0.25058,0.89519,-0.36857,-0.36174,-0.05861,0.27294
-0.23671,0.89459,-0.37904,-0.24925,-0.05638,0.24571
-0.22976,0.89263,-0.38783,-0.2745,0.04979,0.40181
-0.22787,0.88875,-0.39773,-0.31992,0.1986,0.30156
-0.22864,0.89028,-0.39385,-0.61772,0.13076,0.02845
-0.23798,0.88704,-0.39563,-0.70558,0.38178,0.13765
-0.25944,0.88476,-0.38715,-0.28504,0.24531,0.25591
-0.29956,0.88254,-0.36248,-0.24391,0.5544,0.29657
-0.35366,0.87804,-0.32245,-0.05011,1.08883,0.94655
-0.40379,0.87082,-0.2804,0.16503,1.1918,0.51824
-0.44849,0.86332,-0.23135,0.43388,1.30224,-0.07195
-0.46789,0.86419,-0.18508,0.82582,1.11508,-0.04428
-0.47612,0.86525,-0.15702,0.8916,0.93566,0.48285
-0.496,0.85822,-0.13206,0.66934,0.63873,0.63031
-0.52512,0.84491,-0.1018,-0.03156,0.16598,0.13906
-0.56494,0.82098,-0.08261,0.00566,-0.11423,0.0797
-0.60368,0.79409,-0.07065,0.17074,-0.24804,0.023
-0.64092,0.76659,-0.0394,0.5402,-0.64542,-0.18403
-0.66816,0.744,0.00331,0.6737,-0.83531,-0.24684
-0.68255,0.72933,0.04699,0.79671,-0.99033,-0.18855
-0.68645,0.72225,0.08454,0.81134,-0.79077,-0.23892
-0.68166,0.7223,0.11669,0.81778,-0.77506,-0.24961
-0.66789,0.73196,0.13472,0.81315,-0.79079,-0.07994
-0.6445,0.75386,0.1277,0.60089,-0.58176,0.42058
-0.61528,0.78176,0.10136,0.21443,-0.24646,0.56127
-0.59357,0.7994,0.09289,-0.66449,1.26833,0.68213
-0.59618,0.79078,0.13872,-0.33124,1.80371,1.28499
-0.61643,0.77058,0.1619,0.00715,-0.45415,0.46404
-0.6317,0.75781,0.16331,0.25171,-1.08602,0.30518
-0.63626,0.75916,0.13727,0.10817,1.51155,0.01275
-0.62688,0.77594,0.07022,1.63008,2.52557,-0.94235
-0.61416,0.78501,0.0811,1.33379,1.17029,0.53334
-0.60745,0.78979,0.08507,0.5531,-0.23051,0.19189
-0.58681,0.8064,0.07323,0.4581,-0.15887,-0.76019
-0.54712,0.83645,0.03172,0.39783,-0.03549,-0.92461
-0.49635,0.86788,-0.02045,0.21096,0.32873,-0.60472
-0.44221,0.89491,-0.05986,-0.00583,0.29638,-0.0177
-0.39243,0.91475,-0.09607,-0.17799,0.20244,0.24528
-0.36038,0.92248,-0.13839,-0.20262,-0.48368,0.46058
-0.34749,0.92072,-0.17752,0.41588,-0.55618,0.26833
-0.34708,0.91588,-0.20175,0.65491,-0.54748,0.21272
-0.34126,0.9115,-0.22958,0.84797,-0.18688,0.16788
-0.31663,0.91008,-0.26739,0.77063,-0.11909,0.26947
-0.28862,0.90937,-0.29958,0.13902,-0.06167,0.33943
-0.2606,0.9095,-0.32388,-0.31694,0.05889,0.57731
-0.23418,0.90936,-0.34383,-0.59013,0.02704,0.32878
-0.22004,0.90919,-0.35349,-0.436,-0.16297,0.24396
-0.21646,0.90791,-0.35895,-0.16295,-0.13377,0.31093
-0.21258,0.90654,-0.36469,0.00857,0.03435,0.1823
-0.20634,0.90742,-0.36608,-0.4318,0.11587,-0.11379
-0.20927,0.90231,-0.37689,-0.75706,0.5073,-0.01322
-0.22608,0.89548,-0.3834,-0.43528,0.70779,0.3603
-0.26006,0.89414,-0.36453,-0.3254,0.78757,0.34288
-0.30713,0.89353,-0.32753,-0.13642,0.55387,0.28803
-0.35326,0.89167,-0.28306,0.09665,0.58417,0.60411
-0.40255,0.88327,-0.24039,0.47938,1.02536,-0.04408
-0.44135,0.87563,-0.19616,0.73225,1.37907,0.11108
-0.45818,0.87373,-0.16327,0.75548,1.21101,0.29567
-0.47766,0.86798,-0.13583,0.42135,0.45682,0.45214
-0.50046,0.85903,-0.10773,0.12775,0.18978,0.09715
-0.53667,0.83996,-0.08032,-0.07954,-0.25983,-0.09581
-0.57687,0.81479,-0.05784,-0.03934,-0.23466,-0.11829
-0.60874,0.7929,-0.02719,0.41405,-0.53605,-0.15591
-0.63459,0.77278,0.00998,0.76897,-0.77077,-0.13568
-0.65349,0.75562,0.04463,0.83225,-0.84555,-0.16617
-0.66453,0.7436,0.07383,0.82147,-0.76589,-0.19745
-0.66791,0.73738,0.10081,0.81353,-0.8523,-0.16988
-0.66084,0.74068,0.12117,0.80645,-0.8556,-0.19025
-0.64195,0.75711,0.12122,0.70201,-0.89912,0.10358
-0.61622,0.78065,0.10422,-0.32872,-0.01175,0.46066
-0.5965,0.79727,0.09248,-0.70341,0.75422,0.61466
-0.59323,0.79365,0.13487,-0.6978,3.18643,1.32796
-0.61104,0.77394,0.16624,0.18457,-0.07881,0.54109
-0.63172,0.75435,0.17854,0.18168,-1.00289,0.09798
-0.64457,0.74856,0.15553,0.42078,0.05372,0.18438
-0.64286,0.76137,0.08389,1.35185,2.22503,-0.92918
-0.63184,0.76972,0.09114,1.34083,2.21668,-0.93643
-0.62794,0.76998,0.11329,0.45063,-0.74649,0.34426
-0.61096,0.78456,0.10576,0.48233,-0.25775,-0.74457
-0.57565,0.81585,0.05498,0.40598,-0.18071,-1.03914
-0.52915,0.84845,-0.01128,0.23923,0.44588,-0.62442
-0.47831,0.87582,-0.0644,0.05076,0.44957,-0.28853
-0.4299,0.89675,-0.10502,-0.26936,0.41006,0.3244
-0.39603,0.9077,-0.13866,-0.29565,-0.1532,0.36983
-0.38156,0.90916,-0.16683,0.26829,-0.59562,0.23709
-0.37487,0.90686,-0.19254,0.52741,-0.62862,0.23539
-0.3674,0.9037,-0.21985,0.90854,-0.38733,0.03363
-0.34675,0.9012,-0.26001,0.86207,-0.20973,0.01077
-0.31673,0.90027,-0.29864,0.47973,0.02769,0.41395
-0.28581,0.90114,-0.32597,-0.11202,0.09851,0.65979
-0.25382,0.90372,-0.34476,-0.31124,0.08265,0.59686
-0.22987,0.90776,-0.3509,-0.34282,-0.11879,0.30627
-0.21867,0.90826,-0.35671,-0.3004,0.05053,0.11083
-0.21276,0.90809,-0.36069,-0.47529,0.09197,-0.16885
-0.21317,0.90381,-0.37106,-0.88154,0.35886,0.07693
-0.22403,0.9004,-0.37294,-0.39953,0.277,0.78404
-0.24962,0.90296,-0.34978,-0.41797,0.40667,0.00174
-0.29622,0.89972,-0.32057,-0.13159,0.59384,0.23683
-0.35122,0.89369,-0.2792,-0.11765,1.06915,0.79207
-0.40694,0.88263,-0.2353,0.4106,1.34506,0.06516
-0.45057,0.87255,-0.1888,0.62123,1.461,-0.14575
-0.47263,0.867,-0.15789,0.93587,1.06542,0.22111
-0.49184,0.86028,-0.1342,0.75596,0.51861,0.53375
-0.51344,0.85144,-0.10691,0.47837,0.30894,0.42571
-0.54641,0.83387,-0.0781,-0.07659,0.05015,0.13617
-0.58881,0.80625,-0.05712,0.26847,-0.3156,-0.10471
-0.62778,0.7778,-0.03048,0.3979,-0.32972,-0.1414
-0.66026,0.75096,0.01002,0.67986,-0.58513,-0.23802
-0.6818,0.72961,0.0531,0.8945,-0.90617,-0.13029
-0.69224,0.7159,0.09108,0.9065,-0.85361,-0.12454
-0.69407,0.70941,0.1225,0.89628,-0.84256,-0.19868
-0.68745,0.7123,0.14156,0.72617,-0.82198,-0.06704
-0.67202,0.72734,0.13915,0.67954,-0.80815,0.04165
-0.64592,0.75495,0.11328,0.46071,-0.62633,0.31557
-0.62342,0.77687,0.08841,-1.01639,1.41788,0.8044
-0.62067,0.77447,0.12232,-1.1609,2.84792,0.83749
-0.63977,0.74859,0.17408,-0.38542,1.93428,1.20715
-0.66772,0.7214,0.18363,0.50149,-1.16528,0.31754
-0.68043,0.71235,0.17193,0.834,-0.91856,0.44109
-0.67614,0.72615,0.12467,0.30613,1.26302,0.03717
-0.65175,0.75333,0.08785,1.43923,1.43332,0.35682
-0.63964,0.76061,0.11103,0.55446,0.05375,0.64517
-0.63165,0.76787,0.1067,0.43317,-0.316,0.11614
-0.61285,0.78626,0.07884,0.58233,-0.07746,-0.78209
-0.57407,0.81825,0.03009,0.57565,-0.001,-0.81837
-0.52352,0.85188,-0.01533,0.26489,0.37046,-0.46254
-0.46931,0.88172,-0.04816,-0.01707,0.31393,0.01163
-0.41926,0.90372,-0.08665,-0.25004,0.25833,0.2516
-0.38732,0.91269,-0.13031,-0.25509,-0.41174,0.45592
-0.37628,0.91215,-0.16248,0.41244,-0.56591,0.27074
-0.37468,0.90835,-0.18576,0.55838,-0.5079,0.2393
-0.36544,0.905,-0.21777,0.72595,-0.18013,0.0646
-0.34392,0.90303,-0.25741,0.4835,-0.01519,0.19592
-0.32038,0.90171,-0.2903,0.32953,-0.01586,0.30517
-0.29678,0.90119,-0.31587,-0.17185,0.0839,0.61082
-0.27326,0.90162,-0.33528,-0.31245,0.02128,0.45633
-0.25776,0.90354,-0.34231,-0.30121,-0.06258,0.3479
-0.25174,0.90395,-0.34569,-0.1682,0.029,0.21965
-0.24771,0.90546,-0.34464,-0.23446,0.08715,-0.08526
-0.24844,0.90624,-0.34205,-0.48961,0.1733,-0.34717
-0.25531,0.89464,-0.36665,-0.46526,0.52851,0.19404
-0.27678,0.89322,-0.35433,-0.20043,0.46606,0.70003
-0.31577,0.89064,-0.32719,-0.36593,0.51285,-0.01891
-0.36528,0.88461,-0.28988,-0.16933,0.69902,0.96504
-0.41315,0.87572,-0.24983,0.07459,0.88165,0.47037
-0.46142,0.86356,-0.20333,0.48848,1.22506,-0.26986
-0.48901,0.85828,-0.15565,0.84602,1.26829,-0.14853
-0.50364,0.85516,-0.1227,0.97449,0.84602,0.35451
-0.52645,0.84484,-0.09538,0.79481,0.56224,0.48128
-0.55557,0.82956,-0.05631,0.15015,0.19745,0.07134
-0.59795,0.80105,-0.02779,0.0754,-0.1208,0.07846
-0.63804,0.76997,-0.00667,0.26716,-0.26746,-0.00331
-0.6723,0.73965,0.03063,0.42803,-0.50556,-0.18046
-0.69525,0.71491,0.07437,0.71335,-0.82745,-0.28889
-0.70691,0.6977,0.11614,0.82473,-0.8947,-0.31631
-0.7094,0.68828,0.15174,0.8746,-0.7086,-0.33222
-0.70485,0.68652,0.17852,0.79967,-0.69728,-0.25933
-0.69483,0.6935,0.19047,0.73477,-0.6725,-0.09388
-0.67956,0.71166,0.17813,0.52114,-0.48379,0.40944
-0.65954,0.73768,0.14431,-0.04147,0.07512,0.80313
-0.63844,0.76106,0.1148,-0.43991,0.71416,0.71004
-0.62855,0.76413,0.14499,-0.79552,2.46109,0.98743
-0.64129,0.74309,0.19122,-0.32194,0.28671,0.43396
-0.65979,0.72232,0.20719,-0.07657,-0.43509,0.20989
-0.67554,0.71257,0.18944,0.41468,-0.23041,0.57737
-0.68152,0.72203,0.11915,0.44782,1.73381,-0.49296
-0.66782,0.73641,0.10824,1.90592,1.92025,-0.33509
-0.66067,0.74108,0.11967,0.56248,-0.38265,0.00188
-0.64721,0.75492,0.10593,0.51289,-0.22817,-0.13405
-0.61688,0.78437,0.06495,0.53058,-0.12522,-0.82238
-0.56988,0.82168,0.00887,0.55193,0.20548,-0.7672
-0.51414,0.85702,-0.03433,0.13261,0.34414,-0.09969
-0.45443,0.88871,-0.06067,-0.07539,0.27042,0.10478
-0.40768,0.90942,-0.08214,-0.46997,0.22798,0.38811
-0.38652,0.91561,-0.11073,0.04857,-0.55526,0.1509
-0.38626,0.91249,-0.13478,0.41725,-0.59398,0.14256
-0.38623,0.90837,-0.1603,0.85187,-0.544,0.08687
-0.37111,0.90712,-0.1985,0.7799,-0.08657,0.15563
-0.34474,0.90851,-0.23613,0.59692,0.0139,0.25571
-0.31791,0.91005,-0.26597,-0.19076,0.17673,0.71867
-0.29202,0.91128,-0.29034,-0.39041,0.18522,0.64825
-0.27294,0.91172,-0.30703,-0.46014,0.0886,0.44291
-0.2675,0.91172,-0.31179,-0.19371,-0.14756,0.18793
-0.2672,0.91054,-0.31546,-0.13653,-0.02898,0.19118
-0.26537,0.91181,-0.31335,-0.25745,0.14752,-0.21417
-0.27001,0.90705,-0.32304,-0.61808,0.7124,-0.00311
-0.27847,0.89861,-0.33906,-0.17524,0.47978,0.77099
-0.29917,0.89931,-0.31896,-0.31468,0.50891,0.07556
-0.33682,0.89454,-0.29384,-0.21837,0.30547,-0.00898
-0.38348,0.88693,-0.25747,-0.27027,0.46269,0.8198
-0.4334,0.87466,-0.21711,0.15592,0.77416,0.29414
-0.48003,0.86075,-0.16938,0.5876,1.14026,-0.17348
-0.50683,0.85267,-0.12675,0.86706,1.20127,-0.09404
-0.52414,0.84593,-0.0984,0.96127,1.04581,-0.01646
-0.54639,0.83456,-0.07048,0.48247,0.20882,0.17814
-0.57478,0.81756,-0.03484,0.09048,0.08347,0.16088
-0.61115,0.79137,-0.01501,0.10211,-0.13799,0.05469
-0.64534,0.76389,-0.0013,0.24416,-0.30707,-0.13206
-0.67437,0.73761,0.03388,0.48674,-0.44165,-0.26758
-0.69357,0.716,0.07938,0.80647,-0.71303,-0.30498
-0.70336,0.70076,0.11924,0.91921,-0.75635,-0.1894
-0.70509,0.69317,0.14954,0.83338,-0.67068,-0.1772
-0.70023,0.69357,0.16924,0.774,-0.70098,-0.10862
-0.68902,0.70473,0.16915,0.65912,-0.69983,0.05982
-0.6688,0.72859,0.14783,0.24443,-0.3352,0.4222
-0.64354,0.75612,0.11888,-0.25847,0.10763,0.45702
-0.62967,0.76562,0.13165,-0.88934,2.09076,0.54157
-0.64065,0.74475,0.18687,-0.57888,2.26593,1.14868
-0.66297,0.71886,0.20906,-0.12141,-0.07775,0.576
-0.67661,0.70645,0.20766,0.57643,-0.65633,0.23843
-0.68347,0.71223,0.16,0.54766,0.38186,-0.0753
-0.66966,0.7373,0.08909,1.02847,2.03415,-0.91581
-0.64776,0.75405,0.10872,1.30468,1.60274,0.64215
-0.64196,0.7582,0.11406,0.38156,-0.38496,-0.0618
-0.62929,0.77122,0.096,0.45672,-0.35455,-0.10177
-0.59717,0.80008,0.057,0.5414,0.06153,-0.83431
-0.55005,0.83503,0.01245,0.37226,0.40999,-0.69252
-0.49655,0.86789,-0.01393,0.20743,0.44059,-0.41847
-0.44536,0.89445,-0.04024,-0.06209,0.31919,0.03915
-0.41164,0.90769,-0.08152,-0.20315,-0.39808,0.53855
-0.39933,0.90971,-0.11382,0.10612,-0.55962,0.35797
-0.39989,0.90722,-0.13049,0.61574,-0.49318,0.1329
-0.39648,0.90451,-0.15702,0.8559,-0.28157,-0.12759
-0.37771,0.90476,-0.19682,0.78399,-0.07746,0.0044
-0.3531,0.90754,-0.22737,0.25553,0.06657,0.43861
-0.32647,0.91087,-0.25244,0.04135,0.05474,0.59009
-0.3018,0.91319,-0.27387,-0.45924,0.05446,0.39942
-0.28903,0.91386,-0.28515,-0.38576,-0.15358,0.17773
-0.28718,0.91322,-0.28906,-0.31875,-0.14743,0.16565
-0.28876,0.91192,-0.29158,-0.14491,0.06567,0.05906
-0.29074,0.91168,-0.29035,-0.51088,0.26196,-0.31722
-0.3009,0.90173,-0.31039,-0.44631,0.72388,0.23188
-0.31463,0.89992,-0.3019,-0.04031,0.2731,0.48716
-0.33905,0.89903,-0.2771,-0.19911,0.31845,0.10441
-0.37938,0.892,-0.24579,-0.13506,0.28626,0.42557
-0.43067,0.87906,-0.20438,-0.0785,0.69308,0.61139
-0.48736,0.85844,-0.15985,0.56929,1.46628,-0.18327
-0.52734,0.8421,-0.113,0.90147,1.2897,-0.04802
-0.54209,0.83612,-0.08396,0.96674,1.03945,0.09324
-0.55788,0.82753,-0.06298,0.58002,0.36499,0.28806
-0.57648,0.81637,-0.03462,0.11243,0.10787,-0.05347
-0.60539,0.79592,-0.00348,-0.05785,0.00936,0.0992
-0.64419,0.7648,0.00962,0.17584,-0.37036,-0.12567
-0.67612,0.7361,0.03176,0.47453,-0.35517,-0.17771
-0.70101,0.70976,0.06949,0.67296,-0.49819,-0.25949
-0.71719,0.68836,0.10861,0.94225,-0.78925,-0.22117
-0.72476,0.67425,0.14179,0.91296,-0.68513,-0.20797
-0.72513,0.66772,0.1683,0.89858,-0.6737,-0.23116
-0.71734,0.67139,0.18613,0.75286,-0.76777,-0.03015
-0.70127,0.68935,0.18169,0.58422,-0.69606,0.19691
-0.67626,0.72135,0.14937,0.33649,-0.52982,0.36105
-0.6515,0.75029,0.11226,-0.75984,1.42865,0.31807
-0.64034,0.75439,0.14443,-0.83679,3.05821,1.18441
-0.65435,0.73081,0.19428,-0.32836,1.84128,1.25705
-0.67838,0.70752,0.19801,0.27536,-0.90883,0.21161
-0.69409,0.69763,0.17762,0.7916,-0.39797,0.06295
-0.69268,0.71193,0.11555,0.66008,0.7081,0.00544
-0.66494,0.74454,0.0593,1.3794,2.4359,-0.20748
-0.64714,0.75847,0.07696,0.29819,-0.46595,0.00156
-0.63938,0.76575,0.06941,0.42411,-0.40491,-0.0802
-0.62356,0.78037,0.04686,0.64794,-0.22371,-0.42031
-0.58871,0.80833,0.00519,0.71496,0.10085,-0.63872
-0.54001,0.84097,-0.0339,0.61336,0.23735,-0.6169
-0.48615,0.87216,-0.05473,0.1194,0.50881,-0.20895
-0.43803,0.89507,-0.08347,-0.26235,-0.13882,0.34812
-0.40358,0.90406,-0.14071,-0.19304,-0.54543,0.60482
-0.38916,0.90484,-0.17268,0.45407,-0.48279,0.29532
-0.39028,0.90234,-0.18293,0.71655,-0.18929,-0.06348
-0.38427,0.89876,-0.21111,0.64657,-0.03886,-0.0328
-0.36728,0.89652,-0.2477,0.38356,-0.01259,0.32581
-0.34773,0.89793,-0.26983,-0.09445,-0.15963,0.55666
-0.32591,0.89952,-0.29093,-0.24373,-0.21806,0.28098
-0.30962,0.90027,-0.30603,-0.07963,-0.08293,0.15295
-0.29893,0.89911,-0.31974,-0.06469,0.05018,0.30568
-0.29338,0.89584,-0.33375,-0.10216,0.23991,0.35516
-0.28966,0.89574,-0.33727,-0.22995,0.16513,0.13474
-0.28983,0.89598,-0.33647,-0.6899,0.39079,-0.05866
-0.29798,0.88907,-0.34751,-0.3566,0.41109,0.31865
-0.31209,0.89049,-0.3311,-0.07518,0.11697,0.30621
-0.34172,0.88899,-0.30482,-0.10996,0.25835,0.51817
-0.3862,0.88257,-0.26816,-0.19113,0.42004,0.59308
-0.43931,0.86904,-0.22754,-0.05025,1.02716,0.17364
-0.49459,0.8509,-0.17703,0.58065,1.4569,-0.16043
-0.52338,0.84066,-0.13916,0.76033,1.37991,-0.03469
-0.53716,0.83474,-0.12108,0.83568,1.04064,0.45549
-0.56002,0.82217,-0.10204,0.34092,0.30844,0.06452
-0.59137,0.80325,-0.07123,0.14255,0.11869,0.03102
-0.62968,0.77558,-0.04451,0.22901,-0.30659,-0.06063
-0.66289,0.74839,-0.0221,0.37867,-0.24285,-0.07704
-0.69307,0.72074,0.01361,0.51433,-0.27505,-0.19421
-0.71572,0.69609,0.05653,0.88595,-0.66445,-0.22327
-0.72746,0.67937,0.09617,0.86591,-0.71215,-0.14563
-0.73035,0.67079,0.12896,0.86765,-0.7134,-0.15333
-0.72523,0.67107,0.15397,0.78701,-0.80233,-0.11408
-0.71152,0.68367,0.16226,0.7195,-0.81102,-0.02981
-0.68779,0.71116,0.14559,0.63022,-0.82546,0.22795
-0.65731,0.74489,0.1144,-0.77093,1.28417,0.57838
-0.63797,0.76231,0.10897,-1.0533,2.79796,0.86279
-0.64645,0.74281,0.17415,-1.07904,3.23094,1.09517
-0.67216,0.71244,0.20155,0.04655,-0.59286,0.3621
-0.69388,0.69502,0.18836,0.59092,0.81217,0.06608
-0.69571,0.70426,0.14144,0.72323,1.98375,0.22787
-0.69156,0.71041,0.1306,0.6776,-0.29628,0.28263
-0.69224,0.71261,0.11396,0.65339,-0.57828,-0.29533
-0.68093,0.72779,0.08154,0.75826,-0.43386,0.15314
-0.65369,0.75555,0.04279,0.60594,-0.11647,-0.79328
-0.60209,0.79838,-0.00865,0.51841,0.47099,-0.73349
-0.54264,0.83876,-0.04496,0.20293,0.60603,-0.23191
-0.4862,0.87153,-0.06359,-0.16437,0.22689,0.27549
-0.43983,0.89471,-0.07769,-0.22623,-0.15196,0.17994
-0.41317,0.90448,-0.10584,-0.06402,-0.33246,0.11602
-0.40519,0.90331,-0.14089,0.68501,-0.50536,0.11243
-0.40055,0.90053,-0.16912,0.70283,-0.3459,0.10988
-0.38801,0.89982,-0.19941,0.58881,-0.20572,0.09431
-0.37217,0.89804,-0.23454,0.36007,0.07417,0.13881
-0.35481,0.8953,-0.26935,0.30347,-0.03815,0.33773
-0.33748,0.89371,-0.2956,0.01984,-0.09847,0.47951
-0.31894,0.89317,-0.31705,-0.21332,0.06723,0.30486
-0.30754,0.89328,-0.32783,-0.15146,0.04451,0.20544
-0.30039,0.89237,-0.33681,-0.06142,0.07022,0.33889
-0.29406,0.89212,-0.34299,-0.10304,0.21628,0.20396
-0.28891,0.89556,-0.33837,-0.58423,0.27297,-0.0853
-0.29538,0.89084,-0.34518,-0.80457,0.5064,0.15454
-0.31253,0.88687,-0.34026,-0.23057,0.25421,0.4584
-0.34167,0.88627,-0.31271,-0.14145,0.42306,0.3778
-0.38403,0.8813,-0.27538,-0.11568,0.43136,0.51281
-0.43047,0.87141,-0.23522,0.05165,0.67271,0.56372
-0.48138,0.85536,-0.19138,0.50206,1.12245,-0.19346
-0.51647,0.84407,-0.14425,0.63106,1.1848,-0.12998
-0.53314,0.83836,-0.11361,0.64503,0.81764,0.33637
-0.55381,0.82774,-0.09025,0.35523,0.34977,0.17056
-0.58263,0.81085,-0.05535,0.13265,0.25806,0.05899
-0.62129,0.7832,-0.02438,0.27242,-0.18773,0.12303
-0.65636,0.75441,-0.00708,0.39749,-0.27244,-0.06164
-0.68711,0.72609,0.02587,0.44052,-0.22973,-0.17908
-0.7117,0.69914,0.06847,0.78769,-0.60846,-0.32188
-0.72586,0.67874,0.1115,0.86069,-0.75846,-0.24762
-0.73072,0.66668,0.14695,0.84267,-0.68581,-0.2413
-0.72852,0.66236,0.17474,0.84354,-0.70428,-0.22958
-0.71879,0.66849,0.19096,0.73935,-0.75606,-0.02099
-0.70191,0.68801,0.18431,0.49072,-0.60934,0.20877
-0.68061,0.7156,0.15713,-0.14918,0.08988,0.56535
-0.66028,0.73811,0.13866,-0.60179,1.84626,0.72001
-0.65366,0.73577,0.1771,-0.64372,2.81418,1.0576
-0.66705,0.71571,0.20686,-0.00587,-0.00054,0.44993
-0.68521,0.69784,0.20857,0.44268,-0.5982,0.25037
-0.69524,0.69852,0.16947,0.22298,0.5056,0.18025
-0.69028,0.71616,0.10305,1.18897,2.34777,-0.80642
-0.68921,0.71788,0.09814,0.81558,-0.7424,0.21053
-0.68573,0.72306,0.08339,0.84099,-0.70309,-0.06157
-0.66746,0.74123,0.07125,0.76856,-0.12435,-0.60121
-0.62674,0.77826,0.03891,0.70524,-6e-05,-0.68856
-0.57194,0.82025,-0.00848,0.41082,0.56966,-0.57988
-0.51423,0.85647,-0.04508,0.14248,0.3628,-0.17647
-0.45868,0.88539,-0.07544,-0.29024,0.16273,0.38259
-0.41818,0.90129,-0.11312,-0.3085,-0.094,0.47178
-0.39947,0.90463,-0.14854,0.23043,-0.54892,0.26646
-0.39425,0.90291,-0.17122,0.68546,-0.51957,0.03062
-0.38489,0.90145,-0.19809,0.6597,-0.44468,-0.02022
-0.36619,0.89987,-0.23693,0.40324,0.01729,0.04852
-0.34567,0.89745,-0.27405,0.31039,0.14961,0.47455
-0.32432,0.89991,-0.2915,-0.14661,0.10216,0.91746
-0.29623,0.90257,-0.31244,-0.52351,-0.03742,0.31953
-0.28124,0.9026,-0.3259,-0.29877,-0.18069,0.06411
-0.27668,0.90123,-0.33352,-0.13787,-0.0527,0.25457
-0.27481,0.89839,-0.34259,-0.05278,0.14432,0.3029
-0.27428,0.89775,-0.34471,-0.39439,0.21906,-0.12448
-0.28002,0.89574,-0.3453,-0.59808,0.53954,-0.1292
-0.28889,0.88562,-0.36361,-0.34946,0.76018,0.24333
-0.30495,0.88669,-0.34753,-0.31463,0.47526,0.22528
-0.33813,0.88471,-0.32085,-0.26048,0.33037,0.06216
-0.38486,0.87917,-0.28097,-0.23387,0.29839,0.45258
-0.43491,0.86691,-0.24354,0.32032,0.95836,0.14555
-0.48769,0.85045,-0.19718,0.56741,1.19267,-0.14555
-0.51815,0.84159,-0.15247,1.03559,1.14262,0.05785
-0.52944,0.83909,-0.12498,0.95735,0.61558,0.43194
-0.54829,0.82986,-0.10348,0.68366,0.35227,0.37255
-0.571,0.81767,-0.07333,-0.06072,0.11319,0.19908
-0.61031,0.79055,-0.05046,-0.02366,-0.13416,-0.00662
-0.64997,0.75931,-0.03146,0.11779,-0.23305,-0.11113
-0.68318,0.73019,0.00972,0.58264,-0.49114,-0.28566
-0.70665,0.70483,0.06206,0.73908,-0.59616,-0.36186
-0.71972,0.6854,0.11061,0.96128,-0.78372,-0.24649
-0.72413,0.67356,0.14815,0.91579,-0.68249,-0.16354
-0.72117,0.67026,0.17509,0.84157,-0.68207,-0.16038
-0.71139,0.67762,0.18641,0.66421,-0.70867,-0.04345
-0.69457,0.69766,0.17562,0.27048,-0.59534,0.31351
-0.67699,0.71946,0.15511,-0.23056,-0.25718,0.54575
-0.66389,0.73251,0.15063,-0.72012,1.1852,0.55198
-0.66214,0.72123,0.20345,-0.15976,2.11127,1.25394
-0.67753,0.69889,0.22913,0.16537,-0.48689,0.25101
-0.69229,0.68208,0.23558,0.31322,-0.88121,0.12574
-0.70562,0.68158,0.19377,0.57041,0.5269,-0.05495
-0.69973,0.70759,0.09848,0.60758,1.49612,-0.32103
-0.67961,0.72982,0.07418,1.48603,2.02797,-0.32494
-0.67296,0.73508,0.08236,0.57556,-0.4516,0.01094
-0.66,0.74808,0.06901,0.58553,-0.2743,-0.13495
-0.62975,0.77591,0.03711,0.63228,-0.22307,-0.40954
-0.5792,0.81506,-0.01413,0.58698,0.31868,-0.75197
-0.52231,0.85107,-0.05362,0.26202,0.42492,-0.46666
-0.46574,0.88122,-0.08084,0.04256,0.37755,-0.26543
-0.4176,0.90002,-0.12482,-0.3949,-0.02544,0.534
-0.38794,0.90547,-0.17213,-0.01549,-0.62359,0.52372
-0.38143,0.9042,-0.19216,0.50647,-0.53395,0.21268
-0.37922,0.90063,-0.21227,0.71779,-0.37719,-0.00172
-0.3661,0.89663,-0.24904,0.67052,-0.00701,0.04872
-0.34488,0.89445,-0.28465,0.45216,0.09165,0.38055
-0.32278,0.89451,-0.30929,-0.11662,0.03696,0.7459
-0.29536,0.89406,-0.33677,-0.37099,-0.08101,0.16843
-0.27952,0.89326,-0.35207,-0.29195,-0.12226,0.18604
-0.27497,0.8912,-0.36076,-0.27833,0.00756,0.24063
-0.27872,0.88708,-0.36796,-0.18507,0.24982,0.24192
-0.28209,0.8852,-0.36992,-0.28595,0.38924,0.04979
-0.28898,0.87934,-0.37849,-0.54917,0.74241,0.08884
-0.30113,0.87393,-0.38153,-0.30036,0.45817,0.36131
-0.32769,0.87405,-0.35867,-0.37209,0.58591,0.05963
-0.37324,0.86756,-0.32868,-0.14693,0.52711,0.05515
-0.41956,0.85869,-0.29431,0.05482,0.67646,0.94079
-0.45923,0.8488,-0.26199,0.32744,0.96564,0.41806
-0.49452,0.83987,-0.22374,0.69961,1.11824,-0.19647
-0.51163,0.83949,-0.18302,1.07794,0.76525,0.04979
-0.52586,0.83615,-0.15594,0.92255,0.52631,0.34443
-0.54353,0.82904,-0.13145,0.45322,0.13517,0.29938
-0.57014,0.81614,-0.09406,-0.03412,0.03374,0.12281
-0.60751,0.79113,-0.07094,0.05701,-0.08552,0.03049
-0.64475,0.76245,-0.05438,0.31447,-0.31121,-0.15595
-0.67914,0.73387,-0.01413,0.68654,-0.61144,-0.20855
-0.70267,0.7106,0.03602,0.77129,-0.70274,-0.25819
-0.71361,0.69542,0.0845,0.86612,-0.71494,-0.13766
-0.71396,0.68888,0.12531,0.84518,-0.68307,-0.14598
-0.70545,0.69167,0.15468,0.77549,-0.65539,-0.12891
-0.68911,0.70486,0.16821,0.60899,-0.58485,0.05202
-0.66757,0.72574,0.16627,0.07045,-0.31729,0.60719
-0.65206,0.74094,0.16069,-0.3353,0.05802,0.89525
-0.64129,0.74827,0.16979,-0.35018,2.47796,1.0628
-0.64577,0.73461,0.20816,-0.25738,2.35452,1.15961
-0.66131,0.71441,0.22867,0.03129,0.09186,0.40456
-0.67298,0.7034,0.22872,0.2512,0.08781,0.48231
-0.68525,0.70716,0.1742,0.49836,2.17296,-0.29962
-0.68459,0.71875,0.12139,1.20992,2.74733,-0.93562
-0.6879,0.71661,0.11518,0.78761,-0.73059,-0.21437
-0.68181,0.72678,0.08322,0.85776,-0.41537,0.1842
-0.65907,0.75061,0.04702,0.75775,-0.32663,-0.38788
-0.61496,0.78856,0.00194,0.64495,0.21811,-0.71623
-0.5575,0.82931,-0.03783,0.41367,0.63053,-0.37711
-0.49783,0.86478,-0.06574,0.18872,0.53244,-0.05601
-0.44237,0.89227,-0.09034,-0.35783,0.19193,0.46239
-0.4049,0.90606,-0.12293,-0.22738,-0.17771,0.28581
-0.3918,0.90671,-0.15608,0.26648,-0.46247,0.07553
-0.38822,0.90379,-0.18012,0.63195,-0.46479,0.10683
-0.37677,0.90229,-0.20957,0.67465,-0.42313,0.06597
-0.35633,0.90111,-0.24704,0.36244,-0.02562,0.12834
-0.33333,0.89911,-0.28371,0.28509,0.0706,0.34795
-0.31086,0.89969,-0.30646,0.01408,-0.07827,0.67519
-0.28464,0.89996,-0.33022,-0.2916,-0.19194,0.33846
-0.26671,0.89849,-0.34867,-0.10959,0.02906,0.20402
-0.25852,0.89546,-0.36239,-0.07402,0.16073,0.32477
-0.25292,0.89214,-0.37432,-0.02457,0.28547,0.3964
-0.24619,0.89462,-0.37288,-0.27874,0.25405,0.19613
-0.24669,0.89632,-0.36845,-0.81662,0.35757,-0.05344
-0.25604,0.89014,-0.37695,-0.83452,0.50004,0.1193
-0.28043,0.89007,-0.35934,-0.28087,0.66377,0.28015
-0.3234,0.88595,-0.33243,-0.16387,0.50778,-0.05154
-0.37123,0.8789,-0.29952,-0.11308,0.58425,0.1694
-0.41434,0.87108,-0.26371,0.1236,0.74808,0.69804
-0.45728,0.86089,-0.22308,0.51504,1.09071,-0.09478
-0.48534,0.85636,-0.17632,0.69675,1.14254,-0.22106
-0.50082,0.85339,-0.14458,0.97398,0.67719,0.10024
-0.51944,0.84655,-0.11632,0.34448,0.09612,0.09238
-0.54756,0.83351,-0.07378,0.11998,0.09528,-0.01175
-0.58842,0.8076,-0.03913,0.02284,-0.05284,0.11339
-0.62814,0.77795,-0.01531,0.29583,-0.2767,-0.09383
-0.66302,0.74818,0.02482,0.3997,-0.3548,-0.23774
-0.68757,0.72239,0.07351,0.6849,-0.65079,-0.29879
-0.7013,0.70291,0.11872,0.87641,-0.76844,-0.23881
-0.70577,0.69137,0.15454,0.89485,-0.68976,-0.21846
-0.70253,0.68831,0.18075,0.81176,-0.66672,-0.18541
-0.69257,0.69525,0.19227,0.69312,-0.64972,-0.05967
-0.67724,0.71332,0.18034,0.53223,-0.50235,0.28031
-0.65772,0.73918,0.14496,0.1212,-0.22408,0.59722
-0.63689,0.76186,0.11807,-0.50697,0.81726,0.59208
-0.62647,0.76296,0.15943,-0.7277,2.62402,0.94387
-0.63806,0.74396,0.1985,-0.14345,0.01199,0.35815
-0.65842,0.72417,0.20509,0.20374,-0.66788,0.1345
-0.67259,0.72121,0.16576,0.164,0.2662,0.12405
-0.67209,0.73364,0.10037,0.68835,2.06504,-0.43272
-0.67015,0.73783,0.0806,0.77002,-0.30688,0.65626
-0.66526,0.74328,0.07049,0.7441,-0.54598,0.30585
-0.64958,0.75828,0.05527,0.68882,-0.22201,0.41643
-0.61765,0.78596,0.02784,0.67274,-0.16674,-0.59727
-0.56903,0.82218,-0.01466,0.61977,0.03571,-0.70953
-0.51529,0.85576,-0.04639,0.18657,0.32448,-0.13938
-0.46052,0.88478,-0.07122,-0.02739,0.3076,0.00405
-0.41378,0.90397,-0.10778,-0.36119,0.12974,0.45121
-0.38528,0.91088,-0.14786,-0.11007,-0.4036,0.36519
-0.37963,0.90942,-0.1698,-0.11572,-0.40214,0.38713
-0.37923,0.90572,-0.18934,0.66175,-0.3594,-0.01226
-0.36991,0.90221,-0.22179,0.65041,-0.10724,-0.08566
-0.35211,0.89889,-0.26081,0.52536,0.02076,0.05085
-0.33358,0.89917,-0.28322,0.16837,0.00906,0.75123
-0.30863,0.90085,-0.30531,-0.25063,-0.10999,0.4402
-0.28802,0.9005,-0.32578,-0.17975,-0.06557,0.09763
-0.27753,0.89907,-0.33859,-0.09361,0.07091,0.25259
-0.26993,0.89592,-0.35278,-0.08973,0.29452,0.37654
-0.2635,0.89552,-0.35861,-0.15483,0.38731,0.3069
-0.25928,0.89871,-0.35369,-0.69705,0.31394,-0.14417
-0.26559,0.89369,-0.36163,-0.64064,0.45421,0.2541
-0.27711,0.89597,-0.34706,-0.10719,0.2695,0.35794
-0.30435,0.89504,-0.32601,-0.14342,0.37195,0.12784
-0.34564,0.89118,-0.29382,-0.13344,0.42037,0.61955
-0.39193,0.88278,-0.25901,-0.0899,0.67422,0.65847
-0.44118,0.86997,-0.22025,0.08971,0.83985,0.2948
-0.47971,0.85989,-0.17454,0.64499,1.19818,-0.09169
-0.4973,0.85611,-0.14059,0.946,0.77595,0.16096
-0.51475,0.84951,-0.1156,0.84794,0.48068,0.39258
-0.53791,0.83851,-0.0869,0.44488,0.13265,0.00731
-0.57277,0.81794,-0.05392,-0.01218,-0.06805,0.13015
-0.61669,0.78648,-0.03392,0.09497,-0.13773,0.01952
-0.65614,0.75459,-0.00852,0.36992,-0.28745,-0.19248
-0.68874,0.72434,0.03113,0.7062,-0.54308,-0.24802
-0.711,0.69945,0.07243,0.84963,-0.65575,-0.23181
-0.72286,0.68231,0.10917,0.97248,-0.73587,-0.17958
-0.72612,0.67327,0.13949,0.9288,-0.73002,-0.18541
-0.72149,0.67377,0.15962,0.80316,-0.67519,-0.13365
-0.70913,0.6863,0.16164,0.60733,-0.56243,0.07449
-0.68985,0.70981,0.14238,0.28034,-0.34217,0.40756
-0.66774,0.73614,0.11057,-0.2036,0.14484,0.72189
-0.64897,0.75109,0.12119,-0.65518,1.49036,0.56408
-0.65129,0.73899,0.17235,-0.77301,2.06591,0.9641
-0.66925,0.71903,0.18736,-0.23961,0.04281,0.26772
-0.68513,0.70974,0.1639,0.48843,0.0862,0.15734
-0.68574,0.71854,0.11599,0.90518,2.73956,-0.54023
-0.6935,0.71446,0.09273,0.82778,1.34187,-0.63207
-0.70045,0.71026,0.06996,0.90533,-0.6947,0.34882
-0.68805,0.72382,0.05176,0.88736,-0.30001,0.17693
-0.65578,0.75456,0.02441,0.79196,-0.28967,-0.39194
-0.60199,0.79824,-0.02072,0.62398,0.68431,-0.55722
-0.54029,0.83972,-0.05433,0.40563,0.5914,-0.27816
-0.47812,0.87487,-0.07752,0.14185,0.39918,-0.01957
-0.42378,0.89972,-0.10445,-0.45635,0.13394,0.47506
-0.38981,0.91078,-0.13608,-0.45058,-0.15399,0.39592
-0.38134,0.91067,-0.15893,0.06912,-0.53991,0.10164
-0.3796,0.90742,-0.18029,0.67656,-0.40088,-0.01792
-0.3703,0.90315,-0.21727,0.63211,-0.2244,0.05075
-0.35289,0.89935,-0.25814,0.48492,0.05798,0.24596
-0.33413,0.89935,-0.28203,0.27124,0.13087,0.64172
-0.31146,0.90152,-0.30041,-0.37462,0.03488,0.66441
-0.29101,0.90124,-0.32107,-0.52439,-0.10725,0.1244
-0.28565,0.89977,-0.32987,-0.16888,-0.13874,0.12334
-0.28356,0.89677,-0.33971,0.01336,0.10107,0.28421
-0.28124,0.89638,-0.34265,-0.009,0.0867,0.1403
-0.28483,0.89748,-0.33674,-0.4252,0.15798,-0.24765
-0.29405,0.88869,-0.35181,-0.39455,0.68701,0.02976
-0.30478,0.88107,-0.36169,0.02894,0.51819,0.53475
-0.32536,0.88314,-0.33795,-0.34717,0.46225,0.33059
-0.36297,0.87925,-0.30849,-0.29713,0.34889,0.18265
-0.40926,0.87246,-0.26706,-0.06433,0.47671,0.74246
-0.4555,0.86043,-0.22841,0.34781,0.78056,0.45091
-0.49925,0.84751,-0.1802,0.66689,1.29914,-0.21352
-0.52348,0.84124,-0.13526,0.91576,1.28707,-0.11073
-0.5398,0.83453,-0.11033,0.95519,0.723,0.32063
-0.55883,0.82539,-0.0803,0.24051,0.2437,0.08386
-0.58545,0.80964,-0.04147,0.07998,0.18732,0.10101
-0.62177,0.78297,-0.01886,0.07795,-0.06437,0.08188
-0.65708,0.75381,-0.0029,0.32926,-0.29089,-0.12668
-0.68716,0.72583,0.03144,0.46502,-0.36097,-0.17268
-0.70772,0.70272,0.07293,0.75165,-0.70542,-0.30233
-0.7187,0.68647,0.11059,0.92462,-0.77039,-0.19382
-0.72193,0.67748,0.14084,0.9101,-0.68287,-0.18675
-0.7189,0.67572,0.16303,0.84334,-0.62201,-0.15111
-0.70986,0.68339,0.17052,0.66869,-0.61984,0.05318
-0.69413,0.70318,0.15401,0.62494,-0.60108,0.18423
-0.66896,0.73412,0.11647,0.35695,-0.47925,0.48313
-0.64343,0.76031,0.089,-0.83836,1.41674,0.46992
-0.63929,0.75865,0.12548,-1.06406,2.73242,0.77424
-0.66041,0.73075,0.17281,-0.43338,1.78495,1.07415
-0.68561,0.70439,0.18376,0.51135,-0.9836,0.3347
-0.69779,0.69745,0.16325,0.75396,-0.8586,0.33057
-0.69252,0.71497,0.09609,0.56525,1.06581,-0.05221
-0.67214,0.73846,0.05388,1.49207,1.95762,-0.81184
-0.66378,0.74445,0.07204,0.66401,0.37917,1.04283
-0.65552,0.75333,0.05283,0.34373,-0.19881,-0.09985
-0.63397,0.77316,0.01766,0.42419,-0.22637,-0.33284
-0.59396,0.80393,-0.03023,0.61937,-0.09192,-0.57623
-0.54292,0.83692,-0.06921,0.50917,0.38665,-0.32594
-0.48796,0.86805,-0.09154,0.18653,0.23811,-0.02324
-0.43523,0.8927,-0.1169,-0.03522,0.22921,0.1034
-0.39567,0.90431,-0.1602,-0.30622,-0.26761,0.46667
-0.3799,0.90561,-0.18852,0.31281,-0.55254,0.25213
-0.37883,0.90285,-0.20335,0.48085,-0.45671,0.21155
-0.37151,0.89935,-0.23053,0.66221,-0.2209,-0.05944
-0.35362,0.8946,-0.27321,0.55968,-0.06097,0.00542
-0.33639,0.89203,-0.30188,0.50375,0.00695,0.26191
-0.3156,0.89262,-0.32193,-0.23567,0.03442,0.70857
-0.29248,0.89135,-0.34634,-0.39299,0.03301,0.22467
-0.2826,0.88979,-0.35834,-0.34127,-0.01981,0.10397
-0.28022,0.88769,-0.36536,-0.09485,-0.04742,0.33833
-0.27833,0.88416,-0.37522,-0.01762,0.15533,0.31041
-0.27628,0.8857,-0.3731,-0.17657,0.12577,0.05831
-0.28193,0.88279,-0.37576,-0.6522,0.54846,-0.01483
-0.29084,0.87279,-0.39199,-0.22418,0.54396,0.33486
-0.30504,0.87789,-0.36914,-0.10089,0.25462,0.43159
-0.33547,0.87711,-0.34371,-0.20031,0.35475,0.28147
-0.37467,0.87626,-0.30296,-0.11081,0.58649,0.71414
-0.41876,0.86935,-0.26243,0.08427,0.75814,0.36524
-0.46517,0.85908,-0.21354,0.5,1.30427,-0.07184
-0.49061,0.85389,-0.17373,0.77796,1.37665,0.0391
-0.50511,0.85,-0.14952,0.87329,0.93809,0.36029
-0.52666,0.84048,-0.12738,0.54932,0.47849,0.39659
-0.55273,0.82745,-0.09904,0.06809,0.17421,0.09173
-0.58779,0.8054,-0.07637,-0.11059,-0.14325,0.04589
-0.6241,0.77906,-0.05972,0.11691,-0.33163,-0.10258
-0.65713,0.75317,-0.03031,0.56916,-0.48765,-0.2165
-0.68151,0.73169,0.01261,0.73664,-0.60799,-0.28839
-0.6957,0.71603,0.05748,0.91251,-0.78648,-0.21666
-0.70178,0.70551,0.09878,0.90376,-0.70284,-0.19493
-0.69947,0.70168,0.13559,0.88361,-0.66457,-0.24387
-0.68836,0.7083,0.15647,0.76718,-0.7427,-0.11559
-0.66995,0.72754,0.14784,0.59591,-0.69731,0.25967
-0.64658,0.75423,0.11428,0.37331,-0.51897,0.45922
-0.62601,0.77512,0.0854,-0.47932,0.37263,0.79114
-0.61775,0.77779,0.11587,-0.76082,2.55667,0.94802
-0.63458,0.75645,0.1584,-0.24379,1.76517,1.37354
-0.65922,0.73225,0.17097,-0.01508,-0.54748,0.18471
-0.67318,0.72558,0.14269,0.35994,0.73265,0.11318
-0.66884,0.73956,0.07551,0.57385,1.66405,0.03342
-0.65844,0.75087,0.05141,0.70901,0.38101,0.7778
-0.65473,0.75406,0.0522,0.42169,-0.37137,-0.13108
-0.64122,0.76632,0.03979,0.5768,-0.17948,0.24429
-0.60643,0.79509,0.00897,0.54652,-0.13546,-0.77676
-0.55501,0.83083,-0.04107,0.49515,0.06677,-0.80952
-0.49909,0.86288,-0.07969,0.33312,0.36454,-0.47382
-0.44356,0.88929,-0.11141,-0.30948,0.26633,0.40406
-0.39893,0.90473,-0.14938,-0.44385,0.00939,0.60212
-0.37416,0.90963,-0.1805,0.02646,-0.53246,0.32608
-0.36868,0.90767,-0.20051,0.53298,-0.58042,0.12993
-0.36615,0.90334,-0.22339,0.73227,-0.43441,-0.01355
-0.35753,0.89764,-0.25772,0.62193,-0.04728,0.05934
-0.34253,0.89159,-0.2962,0.54277,0.09719,0.24936
-0.32284,0.89044,-0.32076,0.11633,0.02696,0.81346
-0.29519,0.89248,-0.34109,-0.33698,-0.07699,0.37561
-0.27592,0.89434,-0.35217,-0.2769,-0.06899,0.12694
-0.26528,0.89401,-0.36107,-0.12415,-0.0103,0.34236
-0.25687,0.89289,-0.36981,-0.10265,0.08668,0.35372
-0.252,0.89478,-0.3686,-0.29161,0.08215,0.2228
-0.25349,0.8968,-0.36261,-0.76842,0.16887,-0.08495
-0.2667,0.8901,-0.36958,-0.72424,0.3422,0.09068
-0.2929,0.8884,-0.35349,-0.0581,0.26061,0.81284
-0.33708,0.88651,-0.31698,-0.18667,0.52072,0.33958
-0.39194,0.87948,-0.26998,-0.18765,0.87636,0.43525
-0.45086,0.86457,-0.22189,0.47587,1.50889,-0.2625
-0.49341,0.85171,-0.17643,0.65418,1.47449,-0.21791
-0.50745,0.84857,-0.14975,0.90987,1.10097,0.21463
-0.52423,0.84284,-0.12167,0.8938,0.66905,0.66113
-0.54711,0.83178,-0.09384,0.18018,0.13375,-0.01223
-0.58078,0.81123,-0.06779,-0.03622,0.02648,0.18371
-0.6207,0.78233,-0.05181,0.05886,-0.17282,0.00763
-0.65541,0.75488,-0.02424,0.38016,-0.30888,-0.11985
-0.68328,0.73006,0.01201,0.58591,-0.44922,-0.14496
-0.70016,0.71228,0.04941,0.80192,-0.73812,-0.21503
-0.70687,0.70259,0.08185,0.85055,-0.74794,-0.1498
-0.70733,0.69842,0.10908,0.8411,-0.73024,-0.20463
-0.70097,0.70129,0.12975,0.77717,-0.81661,-0.18073
-0.68584,0.71537,0.1337,0.77139,-0.73542,0.04525
-0.65996,0.74297,0.11159,0.70577,-0.68379,0.23029
-0.62731,0.77542,0.07217,-0.18136,0.39328,0.72257
-0.61203,0.78798,0.06721,-0.71085,1.5593,0.90813
-0.6332,0.76116,0.14031,-1.23885,3.54848,0.95863
-0.66809,0.72561,0.16473,-0.28172,-0.6647,0.32637
-0.6896,0.7076,0.15409,0.7328,-0.34531,0.28642
-0.68985,0.71602,0.1069,0.46388,0.79289,0.34
-0.67209,0.73657,0.07591,1.78767,1.65009,-0.15664
-0.66536,0.74147,0.08669,0.37555,-0.79061,-0.00113
-0.65752,0.74983,0.07368,0.34288,-0.9452,-0.18357
-0.64094,0.76569,0.05397,0.52417,-0.07093,-0.68934
-0.60358,0.79721,0.01188,0.55366,0.15732,-0.74309
-0.55705,0.8299,-0.03112,0.33764,0.78363,-0.34813
-0.51202,0.85659,-0.06389,0.0387,0.33352,0.12333
-0.47439,0.87492,-0.09727,-0.14609,0.0233,0.35025
-0.45005,0.88275,-0.13495,0.0878,-0.18747,0.08869
-0.43932,0.8826,-0.16739,0.44946,-0.3602,0.13464
-0.43073,0.88101,-0.19566,0.73121,-0.33749,0.23024
-0.41441,0.88166,-0.2257,0.67561,-0.2349,0.16273
-0.38995,0.8844,-0.25648,0.46517,0.04276,0.08515
-0.36142,0.8876,-0.28553,0.3897,-0.02848,0.17077
-0.33005,0.89236,-0.30784,0.19821,-0.11077,0.62533
-0.29455,0.89799,-0.32687,-0.18982,-0.10541,0.38663
-0.26398,0.90187,-0.34196,-0.23662,-0.04303,0.19359
-0.24257,0.90311,-0.35434,-0.39102,0.07117,0.3664
