gravity.x,gravity.y,gravity.z,userAcceleration.x,userAcceleration.y,userAcceleration.z
-0.30803,0.9024,0.30131,-0.07575,0.05346,-0.16257
-0.30982,0.89732,0.31434,-0.29116,0.48862,0.16361
-0.30387,0.8991,0.31506,0.26411,0.271,-0.43048
-0.29996,0.90483,0.30214,0.48781,0.07823,-0.68709
-0.29879,0.90735,0.29568,0.21365,0.39049,-0.50764
-0.297,0.90796,0.29559,-0.03341,0.04864,-0.09647
-0.30228,0.90733,0.29218,-0.02814,0.04928,-0.09305
-0.31698,0.90314,0.28955,0.02517,-0.14538,-0.51561
-0.33605,0.89673,0.28799,-0.19052,0.09421,-0.2685
-0.34745,0.89698,0.2733,-0.09614,0.31442,-0.14807
-0.35289,0.90261,0.24648,0.09146,0.27783,-0.06189
-0.36361,0.90464,0.22224,-0.11522,-0.21728,-0.09352
-0.3719,0.90459,0.20834,-0.10239,-0.32426,-0.15603
-0.37483,0.90629,0.19525,0.13567,-0.44636,-0.21841
-0.37499,0.91013,0.17618,0.23642,-0.34412,-0.15938
-0.3711,0.91576,0.15382,0.21374,-0.18637,-0.08681
-0.36782,0.92041,0.13244,0.16199,-0.10913,0.01269
-0.37081,0.92188,0.11233,0.06255,-0.33703,-0.10539
-0.37252,0.92372,0.08921,0.02652,-0.3233,-0.09317
-0.36745,0.92791,0.0629,-0.0494,-0.22669,-0.07249
-0.35502,0.93397,0.04056,0.02618,0.05863,0.1064
-0.34046,0.93997,0.02296,0.00895,0.12242,0.12781
-0.32827,0.94453,0.00946,-0.17126,0.10646,0.23159
-0.31933,0.94764,-0.0013,-0.41204,0.11463,0.17281
-0.31392,0.94939,-0.01042,-0.53601,0.13304,0.08856
-0.31217,0.94986,-0.01767,-0.46071,0.20345,0.21224
-0.31259,0.94956,-0.02457,-0.24618,0.46055,0.07211
-0.31311,0.94921,-0.03071,-0.25202,0.58439,-0.00162
-0.3142,0.94891,-0.02898,-0.12681,0.15163,-0.11015
-0.31619,0.94844,-0.02185,0.00112,-0.06269,-0.29883
-0.3178,0.9481,-0.00963,0.09105,-0.12231,-0.33899
-0.32039,0.94718,0.01364,0.16158,0.09559,-0.16002
-0.32893,0.94334,0.04357,-0.06918,0.42658,-0.1903
-0.33843,0.93779,0.07747,-0.0073,0.53572,-0.14925
-0.34832,0.93114,0.10792,0.12293,0.381,-0.11236
-0.35449,0.9252,0.13537,0.19017,0.30698,-0.047
-0.35762,0.91946,0.16335,0.22917,0.30432,-0.08733
-0.35747,0.91414,0.19118,0.15105,0.03155,-0.08475
-0.35615,0.90851,0.21853,0.06069,-0.0901,-0.07539
-0.35568,0.90208,0.24438,0.02199,-0.08926,-0.09343
-0.35918,0.89436,0.26661,-0.05731,-0.23213,-0.14981
-0.36258,0.88784,0.28331,0.02586,-0.43494,-0.16602
-0.35983,0.8853,0.29451,0.02066,-0.53151,-0.12759
-0.34942,0.88784,0.29936,0.23677,-0.62802,-0.12627
-0.33582,0.89346,0.29823,0.33929,-0.59699,-0.12206
-0.32415,0.90004,0.29126,0.30544,-0.46434,0.00451
-0.31526,0.90663,0.28039,0.18466,-0.37465,0.10278
-0.30924,0.91166,0.27062,0.0158,-0.23694,0.19421
-0.30968,0.91351,0.26377,-0.13166,-0.10263,0.21127
-0.31141,0.91379,0.26074,-0.28957,0.37135,-0.00899
-0.30237,0.91474,0.26797,-0.21769,0.64773,0.0729
-0.2921,0.91506,0.27808,-0.02318,0.92393,0.31284
-0.29478,0.91524,0.27463,0.1673,0.34239,0.41873
-0.30395,0.91223,0.27467,-0.13241,0.54062,0.03603
-0.30836,0.90422,0.29545,-0.12799,0.54863,0.01525
-0.30191,0.90501,0.29964,0.44932,-0.07425,-0.40879
-0.29332,0.91192,0.28697,0.3055,-0.28953,-0.40124
-0.2828,0.91641,0.28318,0.29498,-0.29402,-0.39746
-0.27528,0.91465,0.29601,-0.40717,0.3451,-0.15568
-0.27796,0.91274,0.29939,-0.53414,0.20796,-0.43513
-0.2833,0.91557,0.28539,-0.5288,0.20513,-0.42114
-0.28965,0.91898,0.26751,-0.05465,-0.09925,-0.129
-0.29324,0.92146,0.25478,0.0982,0.01227,-0.21099
-0.29471,0.92474,0.24082,0.09967,0.00899,-0.19702
-0.2998,0.92743,0.22356,0.16725,-0.10461,-0.10659
-0.30642,0.92941,0.20566,0.11469,-0.18511,-0.13673
-0.31306,0.93046,0.1903,0.11512,-0.15115,-0.19299
-0.32142,0.93122,0.17175,0.1428,-0.21018,-0.21841
-0.32957,0.93227,0.14913,0.16745,-0.46604,-0.09086
-0.33552,0.93364,0.12543,0.15078,-0.46664,-0.07913
-0.33719,0.93589,0.10199,-0.02009,-0.29058,-0.14398
-0.33569,0.93888,0.07623,-0.15195,0.00326,0.01478
-0.33271,0.9416,0.05183,-0.15746,-0.01272,0.05792
-0.32803,0.94396,0.03632,-0.10499,-0.18084,0.07881
-0.32291,0.94613,0.02371,-0.00891,-0.18474,0.22048
-0.31585,0.94871,0.01294,0.00164,-0.12031,0.22145
-0.30552,0.95218,-0.00019,-0.22303,0.13765,0.1166
-0.297,0.95477,-0.01416,-0.47418,0.25085,0.0566
-0.29547,0.95503,-0.02435,-0.54315,0.20695,0.10181
-0.29709,0.95425,-0.03358,-0.34184,0.31204,0.14648
-0.29712,0.95387,-0.04284,-0.39276,0.52448,0.03059
-0.29934,0.95312,-0.04413,-0.32909,0.39965,-0.08111
-0.3047,0.95158,-0.04052,-0.13449,0.03066,-0.25579
-0.31172,0.94964,-0.03174,0.10342,-0.13175,-0.30392
-0.31789,0.94805,-0.01129,0.16094,0.12731,-0.18726
-0.32512,0.94546,0.01952,-0.06132,0.4551,-0.26711
-0.33214,0.94177,0.05232,0.02478,0.61881,-0.19084
-0.33929,0.93711,0.08181,0.06888,0.55985,-0.11996
-0.34352,0.93283,0.10869,0.12372,0.40165,-0.12394
-0.34519,0.92848,0.13696,0.09434,0.26653,-0.22763
-0.34306,0.92465,0.1653,0.07078,0.00416,-0.12427
-0.33915,0.92061,0.19349,0.1026,-0.16218,-0.09417
-0.33727,0.9155,0.21928,0.12644,-0.20963,-0.0979
-0.34158,0.90893,0.23904,0.1651,-0.26337,-0.08499
-0.34943,0.90189,0.25391,0.14785,-0.44652,-0.13935
-0.35161,0.89747,0.26628,0.06908,-0.60497,-0.09145
-0.34508,0.89798,0.27302,0.20151,-0.62104,-0.12985
-0.33547,0.90118,0.27444,0.269,-0.66497,-0.08702
-0.326,0.90563,0.27117,0.20372,-0.45579,0.03742
-0.31705,0.9107,0.26475,0.19477,-0.46085,0.04384
-0.3096,0.91492,0.25894,0.06997,-0.28901,0.19695
-0.30636,0.91685,0.25594,0.00474,-0.07448,0.28351
-0.30817,0.91571,0.25786,0.00654,-0.07333,0.28158
-0.30832,0.91453,0.26185,-0.4153,0.56553,0.30194
-0.30396,0.91528,0.26431,-0.1378,0.60743,0.47308
-0.30441,0.91618,0.26064,0.03515,0.37351,0.46836
-0.31149,0.9143,0.25887,0.13675,0.87127,-0.06565
-0.31845,0.90697,0.27563,0.04113,0.92573,-0.16342
-0.32084,0.90617,0.2755,0.53199,0.52706,-0.33591
-0.31801,0.91085,0.26307,0.35152,-0.23789,-0.7453
-0.30572,0.91245,0.27195,-0.16236,-0.05286,-0.20881
-0.29675,0.9106,0.28762,-0.40317,-0.02129,-0.08727
-0.30796,0.90765,0.28517,-0.37517,0.01302,-0.37028
-0.32786,0.90549,0.2694,-0.30851,0.07348,-0.16169
-0.33918,0.90591,0.25352,-0.21984,0.15308,-0.09904
-0.33751,0.91034,0.23949,0.02168,0.25626,-0.10747
-0.33678,0.91528,0.22098,0.15375,-0.02548,-0.14641
-0.34876,0.9154,0.20098,0.1579,-0.22215,-0.11202
-0.36619,0.91248,0.1824,0.09512,-0.45287,-0.15347
-0.37713,0.91115,0.16604,0.05234,-0.31346,-0.13735
-0.38019,0.91292,0.1484,0.03426,-0.20247,-0.09124
-0.38151,0.91467,0.13346,0.05634,-0.09337,-0.01255
-0.38801,0.91377,0.12023,0.13662,-0.45399,-0.0922
-0.39389,0.91354,0.10145,0.1538,-0.56579,-0.09275
-0.39081,0.91741,0.07493,0.11461,-0.39094,-0.13531
-0.37802,0.92468,0.04543,0.087,-0.19439,-0.07335
-0.36184,0.93198,0.02162,0.11558,0.10493,0.09095
-0.34874,0.9372,0.00502,0.01847,0.07798,0.13018
-0.33778,0.94119,-0.0072,0.0075,0.07399,0.14239
-0.32826,0.94444,-0.0165,-0.35216,0.27361,0.11817
-0.32399,0.94574,-0.02421,-0.47668,0.06898,0.16947
-0.32317,0.94585,-0.03031,-0.41505,0.09248,0.24935
-0.32274,0.94573,-0.03778,-0.32235,0.50665,0.09379
-0.32463,0.94496,-0.04066,-0.26566,0.44952,-0.12013
-0.32907,0.94355,-0.0376,-0.18907,0.11146,-0.35202
-0.33303,0.94253,-0.02688,0.04999,-0.00487,-0.40838
-0.33854,0.94094,-0.00284,0.43777,0.16923,-0.16003
-0.35074,0.93599,0.02971,0.17537,0.51141,-0.23311
-0.36029,0.93052,0.06571,0.16705,0.66291,-0.08198
-0.36564,0.92594,0.09456,0.06347,0.52051,0.00632
-0.36968,0.92126,0.12085,-0.03718,0.34527,-0.0225
-0.37251,0.91595,0.14921,0.10324,0.16843,-0.14309
-0.37047,0.91217,0.17517,0.12853,0.04044,-0.09236
-0.36848,0.90808,0.199,0.04858,-0.02589,-0.05031
-0.36855,0.90261,0.22237,-0.02915,-0.05016,-0.07102
-0.37102,0.89605,0.24379,0.00498,-0.14869,-0.09588
-0.3763,0.88875,0.26174,0.08885,-0.42873,-0.15748
-0.37902,0.88392,0.27389,0.15328,-0.68726,-0.19871
-0.37197,0.88571,0.27776,0.1984,-0.79392,-0.13529
-0.35793,0.89285,0.2733,0.31886,-0.58345,-0.0785
-0.34365,0.90071,0.26572,0.30459,-0.59131,-0.07091
-0.33323,0.9075,0.2557,0.23259,-0.39923,0.11855
-0.32694,0.91188,0.24815,0.04944,-0.21939,0.13164
-0.32514,0.9139,0.24303,-0.03842,-0.21154,0.13252
-0.32612,0.91461,0.239,-0.15778,0.11162,0.18018
-0.32353,0.91501,0.24099,-0.15291,0.96802,0.2032
-0.31677,0.91512,0.24937,0.00134,1.01969,0.35684
-0.31372,0.91642,0.24849,0.26058,0.3701,0.46962
-0.31411,0.91579,0.2503,0.11889,0.69536,0.06864
-0.31567,0.91037,0.26751,-0.1228,0.72832,0.13143
-0.31459,0.91063,0.2679,0.30638,0.07988,-0.25301
-0.31227,0.91418,0.25835,0.21529,-0.19569,-0.47367
-0.30494,0.91496,0.26427,0.12051,-0.04038,-0.40874
-0.29972,0.91259,0.27809,-0.29384,0.53008,-0.16748
-0.30459,0.91134,0.2769,-0.41346,0.19734,-0.45479
-0.31059,0.91346,0.26289,-0.14471,-0.15998,-0.24397
-0.31705,0.91458,0.25099,-0.00439,-0.27361,-0.20214
-0.32157,0.9154,0.24209,0.082,-0.19807,-0.21167
-0.32572,0.918,0.22618,0.16092,-0.00542,-0.26093
-0.33224,0.92064,0.20502,0.1332,0.04045,0.03439
-0.33938,0.92165,0.18809,0.14181,-0.01388,-0.02103
-0.3492,0.92004,0.17771,0.11917,-0.07726,-0.09434
-0.3637,0.9169,0.16434,0.12226,-0.45289,-0.1286
-0.3785,0.91407,0.14559,0.1268,-0.57322,-0.05171
-0.38571,0.91449,0.12213,0.02591,-0.4991,-0.04185
-0.38621,0.91743,0.09563,-0.0246,-0.3722,-0.10321
-0.38068,0.92241,0.06503,0.01812,-0.20471,-0.06218
-0.36817,0.92905,0.03608,0.04954,-0.0821,-0.03364
-0.35449,0.93493,0.01512,0.10328,0.04645,0.08525
-0.34137,0.93992,0.00024,0.01653,0.04104,0.1392
-0.32853,0.94442,-0.01142,-0.04571,0.08904,0.19393
-0.3152,0.94878,-0.02131,-0.3927,0.16931,0.18888
-0.30642,0.95143,-0.02964,-0.56881,0.14756,0.10795
-0.30485,0.95169,-0.03669,-0.59434,0.12317,0.11571
-0.3045,0.95151,-0.04357,-0.3561,0.4236,0.02472
-0.30676,0.95061,-0.04712,-0.28121,0.61631,-0.10025
-0.31307,0.94874,-0.04318,-0.13795,0.3989,-0.17612
-0.32122,0.94637,-0.03463,0.02041,-0.12479,-0.43143
-0.32977,0.94396,-0.01367,0.01455,-0.00719,-0.30536
-0.33876,0.94064,0.02057,-0.025,0.53173,-0.12577
-0.34712,0.93608,0.05697,0.19605,0.81593,-0.09378
-0.35549,0.93052,0.088,0.07204,0.49319,-0.04751
-0.35866,0.92638,0.11478,0.04298,0.23062,-0.06426
-0.35891,0.92252,0.14187,0.0277,0.12653,-0.15238
-0.35511,0.9199,0.1663,0.06753,-0.01832,-0.07395
-0.34926,0.91743,0.19059,0.05244,-0.07451,-0.05869
-0.34447,0.91375,0.2154,0.07282,-0.19324,-0.10529
-0.34381,0.90865,0.23693,0.09036,-0.2314,-0.15549
-0.34526,0.90336,0.2544,0.16629,-0.40894,-0.19572
-0.34381,0.90007,0.2677,0.14717,-0.55624,-0.18726
-0.33518,0.90137,0.27417,0.13164,-0.60718,-0.1323
-0.32199,0.90684,0.27194,0.24388,-0.67596,-0.14639
-0.30951,0.91338,0.26445,0.34747,-0.54825,-0.07619
-0.30283,0.91889,0.25283,0.27537,-0.42655,0.04225
-0.30114,0.92252,0.24135,0.11463,-0.28415,0.12107
-0.30487,0.92329,0.23362,-0.00284,-0.07052,0.20506
-0.3091,0.9222,0.23234,-0.18956,0.46758,0.2327
-0.30044,0.9233,0.23925,-0.19822,0.46649,0.22579
-0.28707,0.92583,0.2458,-0.03675,0.73524,0.44714
-0.28362,0.92772,0.24266,0.03972,0.50254,0.15732
-0.28784,0.92439,0.25025,-0.10225,0.61627,0.06266
-0.29288,0.91869,0.26499,-0.3177,0.50149,0.06628
-0.29618,0.91711,0.26678,0.37366,0.04775,-0.38109
-0.29414,0.92003,0.25887,0.46154,0.0085,-0.48113
-0.28258,0.92141,0.2667,0.18434,0.0113,-0.20915
-0.27359,0.92149,0.27567,-0.48587,-0.03844,-0.3272
-0.27872,0.92035,0.27431,-0.48494,-0.00857,-0.47922
-0.29253,0.9206,0.25867,-0.08273,-0.10111,-0.20923
-0.30049,0.92378,0.23729,-0.02636,-0.07701,-0.09205
-0.29588,0.92927,0.2211,0.14218,0.05083,-0.07565
-0.29028,0.93426,0.20706,0.1291,-0.02765,-0.11526
-0.29762,0.93528,0.19144,0.10779,-0.17712,-0.09253
-0.31587,0.93227,0.17632,0.08944,-0.19254,-0.1126
-0.33517,0.92849,0.15983,0.06641,-0.236,-0.13658
-0.34994,0.92653,0.13809,0.07046,-0.31967,-0.04877
-0.36042,0.92545,0.11667,0.07243,-0.42861,0.01213
-0.36501,0.92592,0.09703,0.02131,-0.53626,-0.14337
-0.36133,0.92984,0.0695,-0.02095,-0.3986,-0.17461
-0.35132,0.93575,0.03047,-0.02382,-0.27663,-0.10681
-0.33937,0.94064,-0.00393,0.08581,-0.01941,-0.01139
-0.3275,0.94442,-0.02836,0.10507,0.08369,0.18685
-0.31569,0.94785,-0.04367,0.12353,0.13688,0.27686
-0.3026,0.95148,-0.05566,-0.09973,0.27842,0.25473
-0.28926,0.95503,-0.06505,-0.42651,0.26709,0.11275
-0.28267,0.95668,-0.06969,-0.55785,0.20586,0.12989
-0.28531,0.95549,-0.07505,-0.65295,0.3911,-0.13527
-0.29512,0.95249,-0.07515,-0.41161,0.38671,-0.16253
-0.30703,0.94897,-0.07189,-0.25698,0.23123,-0.29501
-0.31384,0.94769,-0.05809,0.16403,0.09482,-0.39827
-0.31842,0.94754,-0.02751,0.28227,0.69467,-0.0983
-0.32864,0.9444,0.00898,0.29249,0.69781,-0.13478
-0.33838,0.93999,0.04349,0.03478,0.54502,-0.01731
-0.3439,0.93622,0.07225,-0.02846,0.40164,0.00721
-0.34714,0.93232,0.10124,-0.11775,0.25579,-0.07574
-0.34668,0.9292,0.12798,-0.04355,0.15768,-0.15659
-0.34237,0.92714,0.15224,0.06549,-0.02913,-0.05074
-0.33811,0.92421,0.17748,0.08809,-0.13497,-0.03768
-0.33653,0.91973,0.20203,0.07833,-0.25366,-0.10001
-0.34026,0.91353,0.22288,0.09838,-0.44188,-0.15367
-0.34703,0.90649,0.24048,0.09056,-0.66508,-0.20537
-0.34899,0.90234,0.25293,0.18372,-0.7891,-0.16804
-0.34176,0.90422,0.25607,0.41177,-0.74832,-0.14865
-0.33085,0.90979,0.25061,0.4342,-0.67218,-0.14311
-0.32188,0.91589,0.23982,0.41173,-0.50922,-0.06605
-0.31653,0.9212,0.22622,0.20538,-0.27138,0.14898
-0.31324,0.92408,0.21895,0.10451,-0.18033,0.18483
-0.31357,0.92355,0.22073,-0.11374,0.09411,0.31832
-0.31597,0.92224,0.22276,-0.4101,0.54628,0.34863
-0.31323,0.92197,0.2277,-0.45814,0.72099,0.30346
-0.3098,0.92172,0.2333,-0.0552,0.58327,0.34435
-0.31112,0.91884,0.24274,0.12016,1.08443,0.218
-0.31838,0.91271,0.25607,-0.15889,1.24401,0.09965
-0.32528,0.90896,0.26068,0.65857,0.297,-0.58376
-0.32989,0.90749,0.26003,0.42999,-0.08321,-0.60088
-0.32182,0.90844,0.26675,0.17083,-0.39547,-0.3475
-0.31503,0.90809,0.2759,-0.26293,-0.19329,-0.2654
-0.32557,0.90297,0.28041,-0.39436,-0.08217,-0.32129
-0.34164,0.90152,0.26557,-0.43022,-0.05406,-0.27607
-0.34299,0.9079,0.24093,0.01479,0.43063,-0.06655
-0.3395,0.91507,0.21763,0.12541,0.41078,-0.0429
-0.34579,0.91696,0.19896,0.22687,0.076,-0.14168
-0.36106,0.91476,0.18119,0.25859,-0.52635,-0.18753
-0.37718,0.91239,0.15892,0.24512,-0.51672,-0.16599
-0.38631,0.91209,0.13727,0.22774,-0.4329,-0.11372
-0.38663,0.91445,0.11948,0.01237,-0.04314,-0.10918
-0.38689,0.91656,0.10109,-0.01995,-0.08334,-0.09743
-0.39024,0.91743,0.07759,0.13097,-0.51858,-0.10454
-0.3853,0.92166,0.04553,0.24006,-0.3612,-0.20735
-0.37083,0.9285,0.01876,0.22761,-0.05065,0.00335
-0.35892,0.93335,0.00488,-0.06894,0.25209,0.26168
-0.35248,0.93579,-0.00648,-0.18196,-0.10885,0.14961
-0.3426,0.93931,-0.01736,-0.20873,0.10477,0.25504
-0.32704,0.94463,-0.02658,-0.27377,0.27301,0.26744
-0.31571,0.9482,-0.03508,-0.48444,0.14944,0.15523
-0.31231,0.94901,-0.04279,-0.50953,0.23256,0.20908
-0.31193,0.94877,-0.0502,-0.31527,0.36074,0.05754
-0.3128,0.94825,-0.05443,-0.29247,0.61268,-0.07313
-0.31277,0.94858,-0.04857,-0.09759,0.18388,-0.21205
-0.31191,0.94941,-0.03639,0.1553,-0.1438,-0.30989
-0.31181,0.95003,-0.01433,0.25194,-0.07045,-0.21263
-0.32051,0.94704,0.01912,-0.19915,0.45852,-0.29794
-0.3324,0.94128,0.05903,-0.12606,0.59035,-0.19508
-0.34513,0.934,0.09226,-0.00283,0.48633,-0.10554
-0.35369,0.92756,0.12047,0.13669,0.40213,0.03152
-0.35778,0.92194,0.14831,0.13336,0.39115,-0.03451
-0.35816,0.91716,0.1747,0.10451,0.18527,-0.14193
-0.35471,0.91312,0.20095,0.03391,-0.04127,-0.14448
-0.3496,0.90912,0.22641,0.00086,-0.21539,-0.1316
-0.34664,0.90487,0.24705,0.06935,-0.30508,-0.13207
-0.34747,0.89944,0.26504,0.16573,-0.3869,-0.16768
-0.34616,0.8952,0.28068,0.17962,-0.60935,-0.17741
-0.33621,0.89719,0.28634,0.25351,-0.68941,-0.19274
-0.32422,0.90285,0.28237,0.40998,-0.62532,-0.1451
-0.31581,0.90786,0.27574,0.41713,-0.47854,-0.08404
-0.31105,0.91147,0.26917,0.27458,-0.33943,0.05551
-0.30658,0.91394,0.26589,0.04556,-0.22573,0.15394
-0.30159,0.91567,0.26566,-0.04962,-0.19618,0.17408
-0.29767,0.91711,0.26511,-0.13583,-0.0391,0.16969
-0.29382,0.91874,0.26377,-0.21267,0.41604,0.21771
-0.28807,0.91956,0.26721,-0.22077,0.63851,0.23221
-0.28728,0.91912,0.26955,0.04273,0.57897,0.46031
-0.29049,0.91609,0.27635,0.02542,1.06346,0.11901
-0.29777,0.90814,0.29426,-0.24587,1.15903,0.08508
-0.30775,0.90468,0.29464,0.1626,0.33544,-0.22497
-0.31302,0.90687,0.28212,0.3721,-0.58518,-0.50043
-0.30405,0.90848,0.28671,0.26363,-0.42563,-0.548
-0.29682,0.90546,0.30334,-0.45394,0.27755,-0.02005
-0.30393,0.90256,0.30494,-0.64396,0.37411,-0.28795
-0.31452,0.90514,0.28596,-0.15119,0.19651,-0.23524
-0.32395,0.90903,0.26212,0.15924,-0.06789,-0.08635
-0.32911,0.9114,0.24702,0.19532,-0.1334,-0.21348
-0.33097,0.9144,0.23307,0.19434,-0.15446,-0.25905
-0.33649,0.91691,0.21455,0.15926,-0.33348,-0.12002
-0.34307,0.91853,0.19644,0.10694,-0.20195,-0.14844
-0.34943,0.91983,0.17828,0.04734,-0.10889,-0.18124
-0.35582,0.9212,0.15735,0.10214,-0.23112,-0.04679
-0.3625,0.92189,0.13674,0.19952,-0.59835,-0.07701
-0.36515,0.92392,0.11408,0.1849,-0.66034,-0.16961
-0.35846,0.93008,0.08019,-0.01503,-0.18809,-0.06915
-0.34793,0.93634,0.04691,-0.08971,0.08634,0.0225
-0.33995,0.94006,0.02666,-0.09005,0.1318,-0.0087
-0.33475,0.94222,0.01203,0.03469,-0.00504,0.1638
-0.32669,0.94512,0.00067,-0.03415,-0.00024,0.25347
-0.3145,0.94919,-0.01047,-0.13602,-0.00339,0.23541
-0.30531,0.95205,-0.01939,-0.51726,0.27539,0.15655
-0.30553,0.95177,-0.02756,-0.52231,0.12583,0.10573
-0.30782,0.95078,-0.03521,-0.45427,0.15813,0.17702
-0.30935,0.95,-0.0423,-0.32948,0.59561,-0.00111
-0.31196,0.94925,-0.03979,-0.12877,0.30502,-0.14246
-0.31928,0.94709,-0.03265,0.09339,-0.08176,-0.25231
-0.32711,0.94481,-0.01768,0.11364,-0.18887,-0.39037
-0.33997,0.94037,0.0103,-0.1335,0.12448,-0.34715
-0.3527,0.93459,0.04608,-0.14157,0.71112,-0.02786
-0.36144,0.92904,0.07897,0.33656,0.8871,-0.0387
-0.37199,0.92205,0.10685,0.27356,0.42977,-0.0229
-0.37588,0.91707,0.13296,0.07633,0.24048,-0.15936
-0.37417,0.9138,0.15794,0.09186,0.1624,-0.1842
-0.37048,0.91052,0.1835,0.03152,0.01406,-0.10186
-0.36792,0.90618,0.20843,0.02234,-0.16705,-0.11041
-0.36641,0.90132,0.23094,0.08432,-0.29157,-0.06649
-0.36657,0.89546,0.25248,0.05858,-0.26126,-0.15394
-0.36728,0.88962,0.2714,0.06229,-0.36918,-0.20793
-0.36365,0.88702,0.28448,0.07317,-0.66059,-0.20002
-0.35093,0.8914,0.28676,0.3294,-0.74093,-0.09198
-0.33677,0.8987,0.28087,0.44766,-0.56083,-0.08461
-0.32799,0.90498,0.27093,0.36148,-0.45105,-0.00706
-0.32241,0.90981,0.26127,0.10552,-0.31951,0.09858
-0.32002,0.91223,0.25573,0.00466,-0.23671,0.12524
-0.32111,0.91216,0.25461,-0.08945,0.04394,0.23448
-0.31871,0.91202,0.25809,-0.29381,0.62516,0.22492
-0.30925,0.91274,0.2669,-0.23704,0.84339,0.30256
-0.30436,0.91415,0.26772,0.12543,0.17346,0.15597
-0.30688,0.91497,0.26195,0.058,0.37734,-0.1238
-0.31236,0.90893,0.27614,-0.04587,0.69672,-0.01586
-0.31583,0.90526,0.28411,0.10181,0.34232,-0.25642
-0.31422,0.90943,0.27237,0.40388,-0.05969,-0.3869
-0.30528,0.91309,0.27027,0.45378,-0.20441,-0.55784
-0.29539,0.91248,0.28302,-0.49471,0.26008,-0.11094
-0.29599,0.91222,0.28322,-0.54943,0.12975,-0.40845
-0.30659,0.91232,0.27139,-0.38883,0.01836,-0.5177
-0.32125,0.91315,0.25087,0.02654,-0.1319,-0.2691
-0.32922,0.9154,0.23156,0.20381,0.0257,-0.08807
-0.3312,0.91908,0.21347,0.25356,0.02806,-0.07118
-0.33619,0.92144,0.19469,0.17404,-0.15334,-0.08462
-0.34709,0.92097,0.177,0.11247,-0.24366,-0.09689
-0.3591,0.91959,0.1593,0.01511,-0.22883,-0.19451
-0.36826,0.91934,0.13846,0.12499,-0.27441,-0.06871
-0.37319,0.92024,0.11774,0.18856,-0.4279,-0.0133
-0.37436,0.92212,0.09761,0.16487,-0.47172,-0.04422
-0.3704,0.92614,0.07105,0.02068,-0.3662,-0.09344
-0.36194,0.9314,0.03846,-0.06847,-0.12564,0.0288
-0.35127,0.93618,0.0124,-0.10383,0.01601,0.0761
-0.34166,0.9398,-0.00589,-0.02333,-0.04708,0.06964
-0.33246,0.94291,-0.01937,-0.02504,-0.0019,0.1733
-0.32043,0.9468,-0.02953,-0.14601,0.15217,0.24519
-0.30612,0.95117,-0.0392,-0.26447,0.27082,0.23876
-0.29723,0.95364,-0.04698,-0.40111,0.24021,0.15272
-0.29606,0.95364,-0.05378,-0.49638,0.11768,0.13124
-0.29644,0.95313,-0.06039,-0.36944,0.30734,0.03758
-0.29771,0.95258,-0.06279,-0.31832,0.58696,-0.06369
-0.29984,0.95229,-0.05673,-0.06446,0.21867,-0.17544
-0.30233,0.95206,-0.0465,-0.01256,-0.08224,-0.51738
-0.30873,0.95086,-0.02296,0.0033,0.25499,-0.17255
-0.32206,0.94661,0.01347,0.01663,0.25925,-0.20898
-0.33657,0.94025,0.05135,0.13494,0.66219,-0.15988
-0.34473,0.93509,0.08215,0.11132,0.25032,0.01374
-0.34663,0.93158,0.10952,0.07922,0.24939,-0.08861
-0.34672,0.92765,0.1387,0.06775,0.16824,-0.1664
-0.34463,0.92413,0.16491,0.06324,-0.09793,-0.04328
-0.33923,0.92119,0.19055,0.03706,-0.18369,-0.05928
-0.33621,0.91695,0.21481,0.06665,-0.29648,-0.10839
-0.33601,0.91231,0.234,0.09528,-0.44066,-0.1211
-0.33623,0.90797,0.25003,0.13873,-0.53035,-0.1355
-0.3367,0.90445,0.26187,0.08599,-0.67548,-0.1491
-0.33023,0.90574,0.26565,0.17274,-0.70275,-0.13009
-0.31764,0.91182,0.26012,0.29744,-0.63942,-0.12226
-0.3052,0.91923,0.24868,0.33816,-0.45603,-0.07985
-0.29698,0.92562,0.23452,0.21675,-0.27009,0.0875
-0.2939,0.9293,0.22359,0.16165,-0.17302,0.16041
-0.29643,0.929,0.22151,0.08625,0.06337,0.27294
-0.3015,0.92577,0.22807,-0.33907,0.61965,0.22801
-0.2971,0.92419,0.23997,-0.52132,0.85395,0.2555
-0.28729,0.92526,0.24765,-0.25445,0.57407,0.54086
-0.2861,0.92622,0.24544,-0.025,0.01398,0.22817
-0.29497,0.92354,0.24504,-0.11503,0.3809,-0.10553
-0.30367,0.91514,0.2651,-0.2479,0.61231,0.00146
-0.30422,0.91252,0.27339,0.45559,0.30001,-0.48722
-0.30469,0.91723,0.25658,0.61536,-0.15278,-0.45994
-0.30704,0.91973,0.24452,0.29497,0.07029,-0.27891
-0.30329,0.9189,0.2522,-0.3263,0.12347,-0.18929
-0.30031,0.91808,0.25868,-0.39918,0.08844,-0.47661
-0.30432,0.91856,0.25222,-0.21068,-0.10913,-0.32389
-0.31244,0.9213,0.23144,-0.06636,-0.04918,-0.21847
-0.31946,0.92424,0.20906,0.13753,0.09008,-0.11835
-0.32514,0.92654,0.18917,0.17457,-0.08528,-0.20011
-0.33362,0.92751,0.16853,0.17413,-0.26117,-0.13352
-0.34271,0.92757,0.14883,0.19238,-0.28012,-0.12381
-0.34951,0.92744,0.13298,0.15248,-0.24012,-0.17158
-0.35671,0.92691,0.11652,0.11709,-0.23323,-0.20211
-0.36205,0.92737,0.09421,0.11377,-0.33575,-0.07213
-0.36598,0.92809,0.06847,0.07382,-0.53388,-0.07387
-0.36644,0.92963,0.03862,0.09785,-0.41551,-0.18854
-0.35854,0.9335,0.00355,0.06214,0.0821,-0.05529
-0.34738,0.93748,-0.02082,-0.09304,0.14289,0.25213
-0.33743,0.94073,-0.03372,-0.0844,0.00217,0.27286
-0.32738,0.9439,-0.04301,-0.13849,-0.04571,0.28995
-0.31391,0.94817,-0.04911,-0.25533,0.15271,0.36933
-0.2996,0.95237,-0.05664,-0.55996,0.14098,0.12255
-0.2924,0.95417,-0.06355,-0.57395,0.12195,0.20097
-0.29393,0.95325,-0.07001,-0.44441,0.55661,-0.04639
-0.29988,0.95082,-0.07742,-0.36837,0.56715,-0.06931
-0.30724,0.94859,-0.0759,-0.09146,0.2155,-0.19029
-0.31488,0.94659,-0.06926,0.02092,0.05643,-0.45027
-0.31971,0.94599,-0.0536,0.16828,0.11213,-0.35203
-0.32389,0.9458,-0.02316,0.24649,0.55486,-0.29666
-0.33539,0.94198,0.01272,0.1064,0.62676,-0.0967
-0.34647,0.9369,0.04632,0.09354,0.45186,-0.00515
-0.35169,0.93331,0.07226,0.09876,0.45545,-0.03109
-0.35145,0.93076,0.1007,0.10659,0.16355,-0.10721
-0.34765,0.92858,0.12981,0.16766,-0.0517,-0.07938
-0.34109,0.92622,0.16048,0.16109,-0.04934,-0.11005
-0.33649,0.92194,0.19178,0.01583,-0.35721,-0.15815
-0.33337,0.9176,0.21647,0.00558,-0.35265,-0.12895
-0.33038,0.91431,0.23423,-0.00701,-0.52751,-0.09256
-0.32723,0.91235,0.24599,0.07628,-0.60721,-0.10436
-0.32036,0.91354,0.25056,0.26911,-0.7037,-0.09227
-0.31379,0.91611,0.24951,0.39016,-0.75035,-0.09976
-0.30779,0.919,0.24634,0.42139,-0.53882,-0.05861
-0.30464,0.92178,0.23977,0.30549,-0.39465,0.0646
-0.30517,0.92287,0.23486,0.15513,-0.22647,0.18009
-0.30919,0.92106,0.23667,-0.02976,-0.00273,0.29394
-0.31451,0.91712,0.24485,-0.47335,0.46231,0.2056
-0.30942,0.91645,0.25367,-0.53439,0.61208,0.20534
-0.29684,0.91895,0.25958,-0.15198,0.74503,0.56508
-0.29503,0.92024,0.25709,0.04489,0.14505,0.37969
-0.30368,0.91839,0.25359,0.03649,0.28072,-0.04661
-0.31282,0.91,0.27206,-0.21193,0.50206,0.00844
-0.31288,0.90796,0.27874,0.58418,0.01868,-0.66901
-0.30572,0.91565,0.26094,0.7496,-0.00057,-0.77603
-0.29669,0.92017,0.2554,0.10908,0.59693,0.01238
-0.28633,0.92125,0.26323,-0.11432,0.27619,0.14735
-0.28937,0.92013,0.26381,-0.25975,-0.1529,-0.41219
-0.30305,0.9166,0.26074,-0.30132,-0.30927,-0.35222
-0.31877,0.91455,0.24891,-0.31598,-0.17925,-0.16812
-0.32521,0.91765,0.22831,0.07881,0.32476,-0.05163
-0.32386,0.9238,0.20415,0.17231,0.11303,-0.13592
-0.33008,0.92644,0.18092,0.17824,-0.2177,-0.05604
-0.34556,0.92404,0.16347,0.2378,-0.4094,-0.14267
-0.36089,0.92076,0.14809,0.25122,-0.41312,-0.16973
-0.36825,0.92075,0.12875,0.22742,-0.39527,-0.10795
-0.36647,0.92399,0.10921,0.00385,-0.22407,0.00652
-0.36291,0.92739,0.09063,-0.07234,-0.34342,-0.12838
-0.36074,0.93037,0.0652,0.00149,-0.49599,-0.16387
-0.35171,0.93555,0.03211,0.04158,-0.12393,-0.02721
-0.33739,0.94133,0.0071,0.02263,0.14298,0.12396
-0.32634,0.94521,-0.00779,0.01687,0.07371,0.19239
-0.31726,0.94817,-0.01714,-0.03867,0.0799,0.24256
-0.30461,0.95211,-0.02614,-0.42679,0.28193,0.15313
-0.29155,0.95594,-0.03409,-0.57646,0.21217,0.13166
-0.28658,0.95719,-0.04052,-0.66169,0.09613,0.12252
-0.28617,0.957,-0.04741,-0.42751,0.45498,0.05616
-0.289,0.95584,-0.05321,-0.21938,0.2186,-0.1943
-0.29519,0.954,-0.05224,-0.21318,0.22044,-0.19527
-0.30402,0.95152,-0.04636,-0.11498,-0.12491,-0.46723
-0.31381,0.94893,-0.03219,0.13153,0.3555,-0.25374
-0.32033,0.94729,-0.00243,0.28583,0.70969,-0.18948
-0.32833,0.94401,0.03201,0.27777,0.7017,-0.12933
-0.3396,0.9383,0.06512,0.07508,0.25648,-0.08105
-0.34506,0.93391,0.09336,0.03784,0.20416,-0.05797
-0.34603,0.93048,0.1202,0.01489,0.17455,-0.10509
-0.3432,0.9279,0.14554,0.02074,-0.01821,-0.00064
-0.33982,0.92436,0.17338,0.00801,-0.13388,-0.03068
-0.33929,0.91833,0.20377,-0.062,-0.22767,-0.07325
-0.34139,0.91111,0.23086,-0.00962,-0.23187,-0.12164
-0.34649,0.9035,0.2522,0.12071,-0.41847,-0.15706
-0.35266,0.89557,0.2712,0.22981,-0.64318,-0.20597
-0.35075,0.89073,0.28905,0.37439,-0.83142,-0.09686
-0.33979,0.89141,0.29984,0.43562,-0.7939,-0.14283
-0.32777,0.8956,0.30075,0.39869,-0.57428,-0.10218
-0.31839,0.90178,0.29222,0.03511,-0.39121,0.04188
-0.31008,0.90819,0.2811,-0.06605,-0.25392,0.1717
-0.30295,0.91285,0.27366,-0.12956,0.07779,0.42965
-0.29833,0.91517,0.27099,-0.36268,0.58324,0.31024
-0.2945,0.91511,0.27534,-0.40548,0.70711,0.32415
-0.29144,0.91463,0.28017,-0.05387,0.40936,0.49142
-0.29113,0.91527,0.27837,0.06938,0.37017,0.21143
-0.29584,0.91161,0.28534,0.0369,0.74084,0.09631
-0.30262,0.90715,0.29237,0.6315,0.41935,-0.25461
-0.30939,0.9097,0.27693,0.78533,-0.02836,-0.34952
-0.3069,0.91441,0.2639,0.30168,-0.3733,-0.44005
-0.29464,0.91593,0.27246,-0.01706,0.09008,-0.16779
-0.28897,0.91224,0.29032,-0.479,0.39435,-0.1476
-0.29807,0.90969,0.28912,-0.63177,0.28716,-0.36372
-0.31269,0.9109,0.26919,-0.09421,-0.17565,-0.15136
-0.32403,0.91137,0.25373,-0.05561,-0.20961,-0.17657
-0.32798,0.91329,0.24146,-0.02767,-0.20794,-0.21721
-0.33468,0.91634,0.21976,0.22265,-0.19714,-0.1548
-0.3444,0.91859,0.19382,0.3703,-0.227,-0.05803
-0.34827,0.92156,0.17147,0.37667,-0.18319,-0.02825
-0.34834,0.92474,0.15325,0.13722,-0.07976,-0.12655
-0.35335,0.92567,0.13512,0.00954,-0.30439,-0.054
-0.36274,0.92469,0.11551,0.0174,-0.47634,-0.05956
-0.36913,0.92472,0.09278,0.01986,-0.58502,-0.05268
-0.36787,0.92778,0.06232,-0.04082,-0.45043,-0.05494
-0.35706,0.93368,0.02704,-0.08071,-0.2739,0.03102
-0.34088,0.9401,-0.00087,0.02269,0.17204,-0.00306
-0.32563,0.94527,-0.02001,0.10229,0.27071,0.14098
-0.31165,0.94959,-0.03369,0.0883,0.2664,0.15466
-0.29959,0.95313,-0.04215,-0.63758,0.33859,0.05405
-0.29339,0.95468,-0.04988,-0.73477,0.34961,-0.02393
-0.29803,0.95283,-0.05719,-0.73014,0.35146,-0.01661
-0.31008,0.94869,-0.06188,-0.57222,0.6353,-0.47317
-0.32491,0.94385,-0.05966,-0.30255,0.58192,-0.41633
-0.33902,0.93965,-0.04585,0.38949,0.34615,-0.14098
-0.34743,0.93752,-0.01803,1.05561,0.51423,0.18522
-0.35622,0.93421,0.01846,0.33622,0.34337,-0.17619
-0.35144,0.93484,0.05038,-0.15813,0.16909,-0.25506
-0.34424,0.93574,0.07656,-0.36766,0.01389,-0.12335
-0.34063,0.93433,0.10478,-0.23319,0.04025,-0.00778
-0.33695,0.93172,0.13544,0.13441,0.03308,0.00879
-0.33457,0.92753,0.1665,0.35578,-0.09492,0.00246
-0.33652,0.92106,0.19591,0.23138,-0.31164,-0.124
-0.33657,0.91497,0.22255,0.11877,-0.37178,-0.1266
-0.33716,0.90968,0.24242,-0.01379,-0.59334,-0.12723
-0.33903,0.90581,0.25405,-0.07836,-0.72153,-0.05256
-0.33798,0.9058,0.25546,-0.0051,-0.75116,-0.05028
-0.32843,0.91135,0.2481,0.15804,-0.74571,-0.00155
-0.3144,0.91936,0.23643,0.25735,-0.49539,-0.12683
-0.30394,0.92508,0.22763,0.22954,-0.42151,-0.04559
-0.30047,0.92741,0.2227,0.12968,-0.12796,0.31643
-0.30367,0.92592,0.22455,0.17145,0.06651,0.45503
-0.30894,0.92155,0.23509,0.03181,0.38547,0.29026
-0.3037,0.91924,0.25049,-0.29622,0.84988,0.35487
-0.29422,0.9215,0.25347,0.06209,0.46296,0.50389
-0.29412,0.92413,0.24383,0.1604,0.21642,0.60019
-0.30335,0.92265,0.23807,0.15769,0.41926,-0.28669
-0.30796,0.91437,0.2628,-0.26684,0.52094,-0.14929
-0.30245,0.91605,0.26335,0.04261,0.23497,-0.36154
-0.29185,0.92539,0.24178,0.47546,0.11987,-0.62505
-0.2851,0.92568,0.24861,0.07038,0.67776,-0.00762
-0.28654,0.92111,0.2635,-0.22343,0.43728,0.08741
-0.29206,0.92022,0.26053,-0.43859,-0.08037,-0.50566
-0.30177,0.9196,0.25147,-0.36023,-0.31018,-0.3385
-0.31443,0.91999,0.23392,-0.2159,-0.2259,-0.32941
-0.32099,0.92351,0.20994,0.32933,0.1691,-0.11082
-0.32261,0.92908,0.18086,0.32645,0.08446,-0.0518
-0.32726,0.93189,0.1564,0.24776,-0.01555,0.08378
-0.34002,0.92969,0.1416,0.01957,-0.29433,-0.15559
-0.35395,0.92612,0.13038,0.00764,-0.40479,-0.22484
-0.36478,0.92438,0.11152,0.1189,-0.51073,-0.11703
-0.36686,0.926,0.08894,0.23264,-0.5592,-0.05528
-0.36058,0.9306,0.06271,0.08515,-0.3878,-0.21388
-0.35267,0.93528,0.0292,0.01491,-0.08675,-0.07635
-0.34199,0.93968,0.00455,-0.05544,0.27173,0.07639
-0.3343,0.94245,-0.00369,-0.04583,0.04569,0.16632
-0.32881,0.94433,-0.01013,0.02137,-0.11709,0.32466
-0.31855,0.94775,-0.01634,-0.14716,0.14223,0.26254
-0.30188,0.95306,-0.02282,-0.4209,0.21611,0.27036
-0.2909,0.95625,-0.03063,-0.64644,0.14227,0.04197
-0.29055,0.95611,-0.03763,-0.65075,0.10439,0.16239
-0.29144,0.95561,-0.04309,-0.34823,0.46653,-0.03131
-0.29268,0.95519,-0.04383,-0.1432,0.47034,-0.08088
-0.29294,0.95536,-0.03794,0.16235,-0.01394,-0.18444
-0.29284,0.95587,-0.02328,0.15971,-0.21813,-0.23895
-0.29604,0.95516,0.00238,-0.06461,0.04037,-0.33471
-0.30459,0.95184,0.03471,-0.27764,0.56978,-0.23506
-0.31693,0.94588,0.06967,0.03916,0.74407,-0.10755
-0.32948,0.93904,0.09809,0.11962,0.63661,0.08401
-0.3372,0.93299,0.12573,0.12367,0.49305,7e-05
-0.34226,0.92733,0.1513,0.06493,0.10799,-0.16918
-0.34372,0.92311,0.17235,0.01662,-0.00857,-0.14647
-0.34082,0.92028,0.1921,-0.04986,-0.18819,-0.0713
-0.33753,0.91768,0.20955,0.03817,-0.33739,-0.07218
-0.33724,0.91449,0.2235,0.12452,-0.38376,-0.12076
-0.33807,0.91125,0.23519,0.11988,-0.53127,-0.1903
-0.33159,0.9123,0.24027,0.12288,-0.76399,-0.21356
-0.31851,0.91763,0.23766,0.16592,-0.84582,-0.17858
-0.30644,0.9237,0.22989,0.32421,-0.78443,-0.11019
-0.30297,0.9268,0.22185,0.40402,-0.32828,-0.02455
-0.3062,0.92699,0.21659,0.37261,-0.26949,0.03338
-0.31121,0.92467,0.21932,0.24738,-0.0925,0.18075
-0.3148,0.92085,0.23,-0.03669,0.27243,0.4013
-0.31553,0.91814,0.23966,-0.47738,0.64622,0.38299
-0.30912,0.91809,0.24805,-0.5166,0.55566,0.48519
-0.3043,0.91912,0.25017,-0.32695,0.29604,0.61076
-0.30701,0.91914,0.24678,-0.11056,0.26697,-0.11038
-0.31123,0.91312,0.26328,-0.30095,0.76034,0.11457
-0.31369,0.90659,0.28224,0.0681,0.79966,-0.13179
-0.31541,0.91054,0.2672,0.5338,0.40569,-0.43189
-0.3156,0.91515,0.25074,0.70935,-0.26826,-0.603
-0.30784,0.91579,0.25796,0.04983,0.19305,-0.10039
-0.29937,0.9143,0.27277,-0.3278,0.20887,-0.05821
-0.30119,0.91405,0.27159,-0.53993,0.02676,-0.53429
-0.31266,0.9152,0.25421,-0.00398,0.00092,-0.25153
-0.33167,0.91476,0.23061,0.16409,0.00823,-0.15447
-0.34737,0.91371,0.21084,0.2542,-0.05374,-0.17388
-0.35641,0.9146,0.19093,0.26422,-0.22809,-0.1917
-0.36329,0.916,0.17012,0.29923,-0.25809,-0.08915
-0.36649,0.91777,0.15285,0.13456,-0.13845,-0.07549
-0.36886,0.91918,0.13796,-0.07847,-0.15177,-0.14055
-0.37444,0.91931,0.12103,-0.12538,-0.20604,-0.09672
-0.38227,0.91858,0.10028,0.02514,-0.59729,-0.00386
-0.3876,0.91872,0.07551,0.05352,-0.61493,-0.09429
-0.38304,0.92269,0.0436,0.05098,-0.50001,-0.07143
-0.37137,0.92839,0.01257,-0.01383,0.24041,0.06101
-0.36078,0.93261,-0.00693,-0.00202,0.17669,0.12767
-0.35272,0.93551,-0.01962,0.03573,-0.02716,0.13522
-0.34321,0.93881,-0.0285,-0.12842,0.1257,0.30423
-0.33128,0.94283,-0.03628,-0.36989,0.27124,0.24133
-0.32227,0.94561,-0.04413,-0.46308,0.19854,0.168
-0.31993,0.94597,-0.0526,-0.4684,0.18779,0.21823
-0.31954,0.94565,-0.06012,-0.35047,0.2449,0.20279
-0.31957,0.94522,-0.06647,-0.26054,0.58982,0.04123
-0.32165,0.94468,-0.064,-0.10599,0.2387,-0.2052
-0.32515,0.94407,-0.05469,0.04265,-0.17895,-0.30344
-0.32841,0.94382,-0.03656,0.06567,-0.27974,-0.34874
-0.3351,0.94215,-0.00675,-0.21302,0.36852,-0.28589
-0.34017,0.93991,0.02877,0.20533,0.85768,-0.127
-0.3507,0.93446,0.06148,0.23212,0.7196,-0.07654
-0.35962,0.92845,0.09294,0.23738,0.48916,0.0876
-0.3627,0.92344,0.12523,0.20746,0.21433,-0.19768
-0.36181,0.91953,0.15344,0.21166,0.03632,-0.16796
-0.35994,0.91547,0.17982,0.13372,-0.21245,-0.08694
-0.36058,0.90993,0.20488,0.034,-0.34743,-0.0872
-0.3648,0.90384,0.22353,0.02563,-0.34863,-0.1104
-0.36857,0.899,0.2365,-0.01077,-0.43791,-0.09137
-0.36668,0.89773,0.24414,0.08285,-0.60526,-0.12379
-0.35694,0.90123,0.24569,0.30234,-0.66458,-0.12679
-0.34356,0.90715,0.24295,0.35021,-0.7218,-0.05444
-0.33071,0.91366,0.23629,0.39484,-0.54626,-0.0458
-0.32334,0.9182,0.22877,0.22367,-0.31717,0.12285
-0.32113,0.92006,0.22438,0.10651,-0.17132,0.187
-0.32308,0.9186,0.22752,-0.02916,0.03306,0.40688
-0.32777,0.91468,0.23644,-0.30964,0.36262,0.33998
-0.32634,0.91177,0.24929,-0.443,1.02082,0.41657
-0.3253,0.91001,0.25696,-0.11681,0.53261,0.51246
-0.3277,0.91,0.25396,0.22143,0.30363,0.00635
-0.32849,0.90629,0.2659,-0.1373,0.94516,0.11044
-0.32865,0.90107,0.2829,0.14633,0.71115,-0.17705
-0.32923,0.90367,0.27379,0.50463,0.24981,-0.34484
-0.32949,0.90494,0.26924,0.22326,-0.37194,-0.72871
-0.32468,0.90315,0.28085,-0.14428,0.14609,-0.03358
-0.32416,0.90262,0.28316,-0.35043,0.22313,-0.08574
-0.32957,0.90501,0.2689,-0.12973,-0.01168,-0.38252
-0.33838,0.90741,0.24916,0.05684,-0.07219,-0.20763
-0.34639,0.90947,0.2299,0.09069,-0.00462,-0.16725
-0.34973,0.91349,0.20785,0.14105,0.0968,-0.1194
-0.35564,0.91631,0.18404,0.14148,-0.23072,-0.05121
-0.36928,0.91493,0.16279,0.11458,-0.3028,-0.05064
-0.38146,0.91283,0.1456,0.0262,-0.33569,-0.11629
-0.38855,0.91252,0.12769,0.06618,-0.35526,-0.04736
-0.39319,0.91288,0.10969,0.07082,-0.35561,-0.02937
-0.39631,0.91338,0.093,0.05029,-0.47678,-0.09356
-0.3955,0.91559,0.07245,0.06252,-0.38719,-0.04978
-0.38934,0.91993,0.04597,0.05637,-0.39153,-0.0233
-0.3778,0.92566,0.02006,-0.04041,0.05144,0.12382
-0.36592,0.93063,-0.00046,-0.02472,0.00858,0.05475
-0.3555,0.93454,-0.01513,0.06362,0.02289,0.083
-0.34458,0.93837,-0.02666,-0.07501,0.29434,0.21959
-0.33289,0.94224,-0.03669,-0.33095,0.38192,0.2702
-0.32389,0.94499,-0.04542,-0.49764,0.26143,0.25361
-0.31991,0.94587,-0.05441,-0.56371,0.27213,0.15053
-0.32044,0.94512,-0.06365,-0.35647,0.53488,-0.18603
-0.32254,0.94436,-0.06424,-0.23996,0.41684,-0.22544
-0.32416,0.94418,-0.05854,-0.04044,0.17565,-0.25368
-0.32533,0.94448,-0.04568,0.21828,0.03933,-0.18541
-0.32867,0.94432,-0.01478,0.26541,0.22791,-0.04374
-0.33705,0.94124,0.02087,0.07651,0.48387,-0.27088
-0.34292,0.9376,0.05737,-0.03466,0.4585,-0.10912
-0.34599,0.93437,0.08497,-0.01809,0.39247,-0.11529
-0.34626,0.93142,0.11191,0.00445,0.23841,-0.05118
-0.34451,0.92869,0.13715,0.19482,-0.00087,-0.13179
-0.33942,0.92654,0.16212,0.20816,-0.1064,-0.10905
-0.33526,0.92306,0.18851,0.12386,-0.22857,-0.11556
-0.33676,0.9175,0.21159,0.12492,-0.23715,-0.151
-0.34353,0.91077,0.22903,0.08058,-0.41576,-0.07856
-0.35065,0.90462,0.24224,0.01828,-0.54355,-0.0892
-0.35118,0.90149,0.25291,0.00516,-0.59541,-0.10416
-0.34204,0.90429,0.25544,0.24527,-0.8019,-0.10056
-0.33015,0.90988,0.25117,0.36219,-0.65155,-0.01632
-0.32022,0.91493,0.24564,0.34645,-0.3962,0.11404
-0.31498,0.9177,0.24206,0.15461,-0.27721,0.16223
-0.3122,0.91795,0.24469,-0.07546,-0.1408,0.21316
-0.31082,0.91767,0.24749,-0.2262,0.09542,0.30785
-0.30714,0.91826,0.24988,-0.50905,0.71526,0.32919
-0.29989,0.91898,0.25594,-0.23744,1.01743,0.48982
-0.29762,0.91945,0.25694,0.11344,0.2997,0.57613
-0.30226,0.91922,0.25228,0.17737,0.07587,-0.015
-0.30858,0.9141,0.26301,0.02543,0.48643,-0.06941
-0.31284,0.909,0.27538,0.02426,0.31877,-0.18962
-0.3096,0.91624,0.25419,0.72342,-0.11835,-0.49182
-0.30053,0.92286,0.24079,0.38529,0.70856,-0.34145
-0.28614,0.92239,0.2594,-0.05484,0.8244,0.24795
-0.28255,0.92248,0.26298,-0.53927,0.39041,0.01871
-0.29183,0.9219,0.25479,-0.37225,-0.37154,-0.47105
-0.31433,0.91778,0.24258,-0.27021,-0.24646,-0.16949
-0.33164,0.91586,0.22624,-0.15544,-0.06145,-0.10754
-0.33009,0.92146,0.20476,0.2581,0.14396,-0.10691
-0.32168,0.93006,0.17744,0.24989,-0.05654,0.02041
-0.324,0.93292,0.15702,0.27508,-0.15915,-0.00296
-0.33515,0.93101,0.14443,0.2166,-0.33696,-0.21123
-0.3494,0.92841,0.12624,0.20155,-0.44943,-0.14614
-0.35876,0.92768,0.1033,0.18307,-0.45516,-0.1237
-0.36072,0.92889,0.08377,-0.01355,-0.21951,-0.08314
-0.36042,0.93059,0.06383,-0.01927,-0.24634,0.02919
-0.35848,0.93256,0.04236,-0.0878,-0.26459,0.08283
-0.35387,0.93501,0.02272,-0.11899,-0.36977,0.09704
-0.34527,0.93849,0.00244,-0.05846,-0.171,0.06053
-0.33288,0.94278,-0.01794,0.00809,0.06124,0.11087
-0.31784,0.94756,-0.03296,0.09558,0.40347,0.22593
-0.29907,0.95315,-0.04508,-0.35909,0.43398,0.20096
-0.28613,0.95672,-0.05293,-0.60955,0.24162,0.18138
-0.2837,0.95715,-0.05799,-0.6004,0.03986,0.19132
-0.28507,0.9565,-0.0618,-0.51511,0.4629,-0.0487
-0.28808,0.95565,-0.06091,-0.44072,0.51163,0.0245
-0.28881,0.9559,-0.05311,0.06064,-0.18673,-0.30088
-0.28876,0.95676,-0.03482,0.0518,-0.07777,-0.34605
-0.29344,0.95594,-0.0066,-0.08968,0.18343,-0.43009
-0.30223,0.9528,0.02826,-0.01979,0.81322,-0.09673
-0.3156,0.94716,0.05707,0.12714,0.84019,-0.07294
-0.32673,0.94144,0.08316,0.26617,0.71152,0.0948
-0.33491,0.93525,0.11453,0.25494,0.38822,-0.14944
-0.34157,0.92899,0.14239,0.2313,0.18563,-0.23658
-0.34442,0.92406,0.16572,-0.01259,-0.08582,-0.18375
-0.3423,0.92049,0.18841,-0.19489,-0.24749,-0.00073
-0.34049,0.91607,0.2118,-0.1387,-0.31798,-0.05053
-0.34495,0.90873,0.23493,0.10721,-0.53879,-0.13134
-0.3482,0.90277,0.25246,0.25764,-0.75611,-0.23186
-0.34405,0.9017,0.2618,0.31889,-0.8429,-0.25608
-0.33218,0.90626,0.26138,0.43826,-0.84106,-0.23397
-0.31835,0.91344,0.25349,0.40552,-0.59844,-0.1544
-0.30906,0.91941,0.24318,0.30306,-0.34126,0.07806
-0.30715,0.92174,0.23669,0.18874,-0.10521,0.27436
-0.31054,0.91946,0.24111,0.04455,0.17695,0.37633
-0.31467,0.9152,0.25172,-0.34589,0.4069,0.36701
-0.30981,0.9151,0.25802,-0.62352,0.73372,0.31995
-0.30299,0.91577,0.26369,-0.25415,0.44866,0.58144
-0.30707,0.91532,0.2605,-0.09872,0.04482,0.67034
-0.32089,0.91208,0.25515,-0.05017,0.16542,-0.37574
-0.3356,0.90156,0.273,-0.20907,0.53069,0.02307
-0.34127,0.8994,0.27309,0.13946,0.34277,-0.44208
-0.33403,0.91055,0.24349,0.89543,0.07656,-0.74167
-0.32319,0.91528,0.24037,0.51848,0.73977,-0.4128
-0.31289,0.9148,0.25534,-0.16137,0.17239,0.27633
-0.31626,0.914,0.25406,-0.231,-0.21039,-0.39167
-0.33236,0.90937,0.25009,-0.35261,-0.40298,-0.37703
-0.35066,0.90672,0.23423,-0.37344,0.08846,-0.13675
-0.35614,0.91102,0.20777,-0.19633,0.31551,-0.081
-0.35017,0.9195,0.17854,0.23066,0.24514,-0.02978
-0.35331,0.92314,0.15148,0.34979,-0.28131,-0.02842
-0.36512,0.9212,0.13437,0.32648,-0.42063,-0.04716
-0.3768,0.91843,0.12031,0.19675,-0.54822,-0.17147
-0.38574,0.91711,0.10045,0.0484,-0.3076,-0.19832
-0.38575,0.91953,0.07503,-0.01205,-0.21804,-0.13696
-0.38208,0.92289,0.04763,0.21858,-0.50489,-0.18035
-0.37308,0.9276,0.01821,0.2804,-0.23493,-0.08312
-0.35604,0.93441,-0.00929,0.21228,-0.02743,0.03098
-0.34272,0.93908,-0.02536,0.04337,0.09289,0.21585
-0.33425,0.94187,-0.03375,-0.09001,0.18258,0.18269
-0.32331,0.94529,-0.04321,-0.12904,0.26581,0.18831
-0.30886,0.94955,-0.0541,-0.21288,0.26552,0.14435
-0.29572,0.95322,-0.06242,-0.62779,0.198,0.23902
-0.29186,0.95394,-0.06926,-0.57592,0.21628,0.40616
-0.29113,0.95347,-0.0782,-0.39764,0.38715,0.21023
-0.29345,0.95234,-0.08315,-0.43578,0.29022,-0.16397
-0.29592,0.9521,-0.07682,-0.26322,0.07948,-0.15731
-0.29853,0.9523,-0.06308,-0.0155,-0.08302,-0.34643
-0.30445,0.95178,-0.03738,-0.10015,0.30616,-0.32049
-0.31598,0.94875,-0.00201,-0.22572,0.49382,-0.35108
-0.32889,0.94374,0.0339,0.20511,0.50657,-0.02156
-0.33946,0.93834,0.06525,0.25064,0.45179,0.06672
-0.34302,0.9344,0.09592,0.22191,0.40961,0.02647
-0.34018,0.93191,0.12568,0.07274,0.10873,-0.18005
-0.33354,0.93034,0.15224,0.06083,-0.01717,-0.15044
-0.32596,0.92856,0.17747,-0.0142,-0.2486,-0.0705
-0.31959,0.92624,0.19975,0.06903,-0.28223,-0.09154
-0.31808,0.92265,0.21796,0.19135,-0.34114,-0.14496
-0.32032,0.91851,0.23173,0.25553,-0.45116,-0.20239
-0.32206,0.91605,0.23895,0.20197,-0.70775,-0.21183
-0.31873,0.91756,0.23761,0.24422,-0.84723,-0.16508
-0.31136,0.922,0.23005,0.37281,-0.8371,-0.0928
-0.30586,0.92613,0.22068,0.34137,-0.51193,0.05079
-0.30312,0.92887,0.21277,0.21183,-0.31428,0.11781
-0.30553,0.92783,0.2139,0.09976,-0.06186,0.21525
-0.31616,0.92236,0.22192,-0.27679,0.3268,0.11752
-0.3192,0.91832,0.23401,-0.4843,0.77345,0.10535
-0.31051,0.91729,0.24923,-0.50592,1.21741,0.34687
-0.30843,0.91792,0.24951,0.07654,0.50731,0.74596
-0.31523,0.91587,0.24856,0.1988,0.50045,-0.03349
-0.32981,0.90605,0.26507,0.0758,0.48365,0.02408
-0.33785,0.90268,0.26645,0.38922,-0.01599,-0.25905
-0.33637,0.906,0.25689,0.42844,-0.10184,-0.71562
-0.32734,0.90874,0.25883,0.25696,0.21774,-0.48852
-0.31872,0.90966,0.26627,-0.28712,0.42458,-0.16315
-0.32121,0.91044,0.26055,-0.38751,0.01668,-0.48734
-0.32985,0.90995,0.25129,-0.37887,0.01717,-0.47808
-0.34026,0.90999,0.23687,-0.14957,-0.15359,-0.17161
-0.34796,0.91147,0.21934,0.0055,0.02565,-0.15141
-0.35301,0.91512,0.19467,0.01056,0.022,-0.12673
-0.36236,0.91692,0.16706,0.27227,-0.20264,0.00344
-0.37266,0.91647,0.1455,0.27236,-0.30357,-0.06557
-0.37788,0.91637,0.13204,0.27758,-0.30347,-0.05211
-0.37876,0.91786,0.11844,0.22176,-0.36791,-0.04358
-0.37616,0.92091,0.10198,0.11276,-0.38545,-0.00098
-0.37197,0.92434,0.08485,0.02025,-0.39314,0.0254
-0.36848,0.92762,0.06088,-0.0435,-0.56268,-0.07662
-0.35981,0.9325,0.03088,-0.06985,-0.14377,0.04334
-0.34601,0.93819,0.00717,-0.07871,0.07884,0.09909
-0.33284,0.94291,-0.00988,-0.05783,0.12151,0.08773
-0.32086,0.94685,-0.02229,-0.06476,0.06628,0.2524
-0.30948,0.95034,-0.03227,-0.15167,0.10915,0.29336
-0.30069,0.95282,-0.04119,-0.56531,0.3904,0.18148
-0.30116,0.95225,-0.05002,-0.52498,0.281,0.32136
-0.30299,0.95117,-0.05864,-0.36144,0.29544,0.39813
-0.30272,0.95063,-0.06801,-0.21713,0.44286,-0.13949
-0.30464,0.95003,-0.06792,-0.12894,0.13859,-0.18493
-0.30986,0.94871,-0.06252,-0.0284,-0.03411,-0.18124
-0.31303,0.9484,-0.05014,0.17202,-0.28799,-0.28362
-0.31412,0.94909,-0.02314,-0.04869,0.37106,-0.27682
-0.31575,0.94877,0.01031,-0.01717,0.65844,-0.25198
-0.3248,0.94473,0.04432,0.07057,0.52233,-0.13619
-0.33369,0.93975,0.07408,0.2106,0.47097,0.04098
-0.33946,0.93481,0.10425,0.20679,0.38563,-0.07895
-0.34189,0.93055,0.13098,0.26256,0.15621,-0.14686
-0.34129,0.92723,0.15404,0.14625,-0.11575,-0.12111
-0.33859,0.92394,0.17791,-0.03612,-0.25004,-0.08489
-0.33637,0.92052,0.19866,-0.05568,-0.4117,-0.05895
-0.33691,0.91666,0.21491,-0.0181,-0.44532,-0.07647
-0.33792,0.91308,0.22815,0.04132,-0.44256,-0.10881
-0.33484,0.91221,0.23605,0.13789,-0.67954,-0.15634
-0.3264,0.91506,0.23683,0.26952,-0.80994,-0.10261
-0.31561,0.92042,0.2306,0.32782,-0.83653,-0.0694
-0.30798,0.92545,0.22057,0.31241,-0.47792,0.04986
-0.30511,0.92867,0.21082,0.12246,-0.35608,0.0911
-0.30731,0.92851,0.20831,0.00524,-0.28213,0.14831
-0.3128,0.92539,0.21395,-0.11016,0.25897,0.44279
-0.31073,0.92342,0.22517,-0.47522,1.05325,0.34435
-0.30209,0.92358,0.23601,-0.19957,1.03095,0.54812
-0.3021,0.92467,0.23169,0.13883,0.36645,0.63435
-0.30962,0.92315,0.22781,0.16388,0.49185,0.01472
-0.31657,0.91627,0.24533,-0.32697,0.56635,0.17079
-0.31858,0.91449,0.24935,0.38457,0.09196,-0.40581
-0.31664,0.91753,0.24051,0.63978,0.0309,-0.64474
-0.30896,0.92001,0.241,0.34691,0.35381,-0.29252
-0.30235,0.92068,0.24675,-0.13622,0.16678,0.04997
-0.308,0.91964,0.24363,-0.43053,-0.11755,-0.47554
-0.32148,0.91809,0.23177,-0.32828,-0.22772,-0.35731
-0.33282,0.91874,0.21238,-0.12542,-0.19857,-0.15115
-0.33449,0.92303,0.19001,0.08246,0.09693,-0.09084
-0.33326,0.92867,0.16273,0.16903,0.0632,-0.14332
-0.3398,0.93037,0.13752,0.21515,-0.12935,-0.03777
-0.35427,0.9275,0.11916,0.23043,-0.30894,-0.053
-0.3668,0.92448,0.10371,0.17591,-0.37659,-0.12058
-0.37228,0.92424,0.08456,0.1993,-0.44594,-0.0968
-0.36976,0.92686,0.06467,0.17838,-0.39321,-0.03203
-0.36375,0.93062,0.03992,0.12994,-0.39586,-0.09636
-0.35406,0.93519,0.00511,0.07406,-0.3661,-0.12137
-0.33891,0.94052,-0.02296,-0.04074,0.13481,0.06073
-0.32707,0.94428,-0.03648,-0.12714,0.18057,0.13049
-0.31968,0.94636,-0.04671,-0.04528,0.01806,0.25196
-0.30786,0.94986,-0.05443,-0.20729,0.26175,0.31446
-0.29037,0.95498,-0.0605,-0.37052,0.28998,0.21255
-0.27995,0.95778,-0.06529,-0.6249,0.25476,0.1651
-0.27947,0.95746,-0.07165,-0.48574,0.27847,0.14162
-0.28412,0.95552,-0.07891,-0.4604,0.56239,0.00959
-0.29083,0.95352,-0.0786,-0.24475,0.38388,-0.11486
-0.29856,0.95158,-0.07301,-0.06793,0.04317,-0.41263
-0.30566,0.95037,-0.05777,0.10353,-0.03291,-0.27574
-0.31317,0.94928,-0.02751,0.10415,0.44941,-0.16122
-0.32227,0.94662,0.00506,0.09565,0.6228,-0.28083
-0.33086,0.94299,0.03557,0.04322,0.54041,-0.09535
-0.33511,0.94025,0.05996,0.04242,0.45732,0.00246
-0.33763,0.9372,0.08736,-0.01667,0.34263,-0.14574
-0.33632,0.93484,0.11375,0.07515,0.06968,-0.11645
-0.33029,0.93377,0.13764,0.06632,-0.13563,-0.05389
-0.32564,0.93138,0.16266,0.0732,-0.21769,-0.07422
-0.32551,0.92711,0.18567,0.11817,-0.50714,-0.10686
-0.32967,0.92192,0.20332,0.10787,-0.62566,-0.06811
-0.33533,0.91696,0.21611,0.12121,-0.64643,-0.08346
-0.33551,0.91505,0.22379,0.19936,-0.75681,-0.10994
-0.32858,0.91674,0.22714,0.31352,-0.81476,-0.09321
-0.32029,0.91953,0.22768,0.3697,-0.50092,0.0265
-0.31563,0.92178,0.22507,0.29423,-0.43045,0.08619
-0.31406,0.92281,0.22303,0.07533,-0.2732,0.15607
-0.31566,0.92142,0.22652,-0.19161,0.12157,0.33408
-0.31774,0.91954,0.23118,-0.23475,0.31125,0.35605
-0.31068,0.92028,0.23772,-0.35388,1.00525,0.43159
-0.29813,0.9226,0.2447,-0.00895,0.51374,0.69712
-0.29329,0.92555,0.23938,0.05593,0.25838,0.62698
-0.29669,0.92445,0.23941,-0.1582,0.56009,-0.01819
-0.30263,0.91831,0.25509,-0.2827,0.52536,0.09998
-0.30667,0.91805,0.25117,0.44691,0.05385,-0.35275
-0.30664,0.92267,0.23369,0.48716,-0.07837,-0.63369
-0.29936,0.92496,0.2341,0.14942,0.46518,0.03031
-0.29129,0.92379,0.24843,-0.18882,0.40416,0.1747
-0.29657,0.92273,0.24613,-0.35786,-0.19741,-0.4031
-0.30838,0.92234,0.23271,-0.27708,-0.2261,-0.2199
-0.31965,0.92382,0.21058,-0.15635,-0.18209,-0.12181
-0.32322,0.92771,0.18667,0.1995,-0.06109,-0.12413
-0.32301,0.93279,0.15976,0.20881,-0.14733,-0.15662
-0.3277,0.9353,0.13334,0.20202,-0.24959,-0.02456
-0.33481,0.93549,0.11282,0.21074,-0.24286,-0.13194
-0.34,0.93537,0.09716,0.15291,-0.22747,-0.11517
-0.34224,0.93629,0.07877,0.17491,-0.30892,-0.01757
-0.34176,0.93772,0.06202,0.1329,-0.46119,0.0419
-0.34123,0.93893,0.04404,0.02735,-0.50158,-0.11954
-0.33639,0.94158,0.01503,-0.04404,-0.31936,0.01306
-0.32571,0.94534,-0.01481,-0.14005,-0.00607,0.08059
-0.31376,0.9489,-0.03335,-0.16594,0.12341,0.08041
-0.30307,0.95183,-0.04629,0.04269,0.17598,0.10019
-0.28894,0.95572,-0.05555,-0.08989,0.35652,0.13868
-0.27119,0.96066,-0.05956,-0.3875,0.39256,0.16736
-0.25995,0.96371,-0.06041,-0.54416,0.09396,0.32002
-0.25681,0.9643,-0.06429,-0.57889,0.19585,0.16866
-0.26183,0.96249,-0.07092,-0.63458,0.55949,0.16061
-0.27256,0.95945,-0.07168,-0.34553,0.05572,-0.15838
-0.28587,0.95593,-0.06662,-0.16689,-0.07384,-0.4049
-0.30261,0.9518,-0.04963,-0.07662,0.36704,-0.27601
-0.31926,0.94748,-0.01767,-0.15538,0.57801,-0.32074
-0.32877,0.94416,0.02068,0.10793,0.7287,-0.10268
-0.33463,0.94097,0.0507,0.43817,0.53797,0.06391
-0.34305,0.93593,0.07946,0.3763,0.4198,0.00785
-0.3469,0.93136,0.11044,0.15853,0.22253,-0.25601
-0.34311,0.92915,0.13757,0.06818,-0.14739,-0.09515
-0.33708,0.92701,0.1643,0.05979,-0.23652,-0.07488
-0.33513,0.92261,0.19091,0.05875,-0.31444,-0.11328
-0.33834,0.91604,0.21531,0.06235,-0.34744,-0.11654
-0.34441,0.90853,0.23648,0.08179,-0.38933,-0.1633
-0.34899,0.90245,0.2525,0.0561,-0.56404,-0.09481
-0.3458,0.90192,0.25868,0.25381,-0.72227,-0.13885
-0.33609,0.90648,0.25554,0.30362,-0.79701,-0.07897
-0.32477,0.91307,0.24657,0.30161,-0.52416,0.01963
-0.31573,0.91922,0.23518,0.23853,-0.43871,0.07043
-0.31136,0.9226,0.22765,-0.00166,-0.20322,0.26082
-0.31615,0.9212,0.22673,0.0554,-0.02088,0.36349
-0.32343,0.91775,0.23042,-0.28019,0.54687,0.25522
-0.31226,0.91856,0.24228,-0.47494,0.96042,0.28623
-0.29431,0.92334,0.24655,0.05044,0.50972,0.67044
-0.29042,0.92731,0.23603,0.18721,0.07944,0.15316
-0.29902,0.92469,0.23555,0.15289,0.18496,-0.217
-0.31083,0.91481,0.25782,-0.11216,0.2964,-0.1354
-0.31471,0.91391,0.2563,0.65128,-0.07667,-0.5955
-0.30991,0.92031,0.23861,0.69535,-0.02586,-0.57931
-0.30048,0.92254,0.24207,0.09255,0.6764,0.09187
-0.29543,0.92097,0.25395,-0.47886,0.10523,-0.18465
-0.30131,0.92016,0.24994,-0.49793,-0.0578,-0.40261
-0.3124,0.92004,0.23642,-0.2459,-0.25561,-0.2889
-0.32323,0.92151,0.21517,-0.05908,-0.02683,-0.14109
-0.32788,0.92565,0.18877,0.11113,0.06169,-0.10315
-0.33073,0.93035,0.15818,0.33093,-0.09169,-0.10327
-0.33893,0.93142,0.13243,0.25413,-0.24826,0.00839
-0.34955,0.92972,0.11572,0.21617,-0.26705,-0.03363
-0.35746,0.92835,0.10175,0.12726,-0.38468,-0.12993
-0.3603,0.92892,0.08524,0.18946,-0.54946,0.02154
-0.35753,0.93142,0.06777,0.13489,-0.52892,0.02768
-0.35251,0.93488,0.04137,-0.00406,-0.50548,-0.10227
-0.34347,0.93914,0.00354,0.01095,-0.2298,-0.00633
-0.32898,0.94407,-0.02182,-0.05063,0.20899,0.12349
-0.31496,0.94841,-0.03589,-0.0501,0.13269,0.11276
-0.30202,0.95212,-0.04715,-0.11343,0.10036,0.26471
-0.28724,0.95629,-0.05441,-0.26293,0.32935,0.37741
-0.27336,0.95995,-0.06108,-0.55201,0.18299,0.16664
-0.2699,0.96049,-0.06768,-0.78874,0.12102,0.10016
-0.27759,0.95771,-0.0755,-0.67166,0.60961,0.08343
-0.29087,0.95366,-0.07674,-0.40348,0.33351,-0.23308
-0.30618,0.94904,-0.07451,-0.17477,0.17627,-0.44644
-0.32062,0.9451,-0.06292,0.09722,-0.03177,-0.45994
-0.33138,0.94294,-0.03197,0.25577,0.20776,0.05853
-0.33378,0.94263,-0.00065,0.40937,0.83267,-0.08959
-0.33588,0.94134,0.03197,0.40755,0.90611,-0.15668
-0.34213,0.93751,0.06319,-0.05385,0.40209,-0.11565
-0.34552,0.93399,0.09075,-0.14932,0.18248,-0.14111
-0.34433,0.9322,0.11138,-0.00206,0.07784,-0.08567
-0.33765,0.93185,0.13267,0.05642,-0.0562,0.00161
-0.33336,0.92956,0.15734,0.10155,-0.25571,-0.07707
-0.33388,0.92511,0.18072,0.09229,-0.33285,-0.10585
-0.33608,0.92026,0.20031,0.20554,-0.45066,-0.12858
-0.34093,0.91534,0.21418,0.22263,-0.70825,-0.1675
-0.34449,0.91235,0.22115,0.2631,-0.74131,-0.16673
-0.34134,0.91355,0.22105,0.35985,-0.83949,-0.10665
-0.33501,0.91746,0.21447,0.40764,-0.62231,0.01451
-0.32921,0.9209,0.20859,0.20447,-0.41883,0.10566
-0.32677,0.92192,0.20797,-0.02379,-0.20242,0.20552
-0.32988,0.91959,0.21328,-0.12114,-0.0656,0.28347
-0.33597,0.91591,0.21953,-0.375,0.5807,0.38233
-0.33005,0.91631,0.22669,-0.38131,1.15174,0.37998
-0.31809,0.9191,0.23245,0.02107,0.46916,0.63603
-0.31391,0.92144,0.22885,0.12842,0.27229,0.17889
-0.31855,0.91892,0.23252,-0.12294,0.77271,0.10163
-0.33009,0.91194,0.24365,-0.28131,0.71823,0.15568
-0.3379,0.91056,0.23804,0.43281,-0.0187,-0.40678
-0.3344,0.91364,0.23107,0.43801,0.04041,-0.54662
-0.32289,0.91623,0.23709,0.11643,0.36877,0.00062
-0.31733,0.91666,0.24287,-0.12912,0.24944,-0.03353
-0.32471,0.91511,0.23895,-0.41908,-0.08135,-0.41089
-0.33551,0.91556,0.22166,-0.2538,-0.17274,-0.26431
-0.34215,0.91853,0.19797,-0.12023,-0.0913,-0.10944
-0.34351,0.92279,0.17444,0.19968,0.06515,-0.13074
-0.34504,0.92657,0.14956,0.22475,-0.13904,-0.09756
-0.3527,0.92718,0.1261,0.21203,-0.24957,-0.02179
-0.36261,0.92565,0.10795,0.13452,-0.30854,-0.093
-0.36956,0.92463,0.0919,0.10858,-0.29314,-0.09409
-0.3711,0.9256,0.07416,0.12669,-0.32157,-0.02767
-0.36823,0.92794,0.05745,0.14445,-0.51467,0.00036
-0.36294,0.93115,0.03459,0.05929,-0.40593,-0.10073
-0.35319,0.93553,0.00106,0.04954,-0.41031,-0.06721
-0.34057,0.9399,-0.02394,-0.16464,0.15765,0.14638
-0.33103,0.94289,-0.03682,-0.12541,0.04265,0.11787
-0.32286,0.94521,-0.04798,0.00909,0.0165,0.16286
-0.30943,0.94919,-0.05704,-0.11123,0.30435,0.32042
-0.29242,0.95413,-0.06405,-0.33104,0.44274,0.26144
-0.28392,0.95628,-0.06988,-0.63796,0.16455,0.18286
-0.28372,0.95592,-0.07541,-0.55792,0.10762,0.37327
-0.2845,0.95516,-0.08189,-0.41074,0.56177,0.08094
-0.2878,0.95421,-0.08133,-0.28947,0.29368,-0.06337
-0.29276,0.95316,-0.0758,-0.08148,-0.1922,-0.32343
-0.29722,0.95277,-0.06209,-0.0552,0.02429,-0.36444
-0.30485,0.95176,-0.03451,-0.16874,0.43771,-0.33739
-0.31243,0.94992,-0.00045,0.07938,0.90175,-0.21436
-0.32413,0.94559,0.02777,0.24741,0.58823,-0.01151
-0.3304,0.94219,0.05548,0.28026,0.48104,0.10829
-0.33246,0.93903,0.08755,0.18886,0.35971,-0.07075
-0.33111,0.93631,0.11685,0.083,-0.06428,-0.19653
-0.32569,0.93461,0.14277,0.03571,-0.18156,-0.116
-0.32081,0.93168,0.17033,-0.03662,-0.28861,-0.08406
-0.32053,0.92682,0.19551,0.06701,-0.47012,-0.16948
-0.32565,0.9207,0.21499,0.0697,-0.5488,-0.14658
-0.33059,0.91599,0.2272,0.21363,-0.7653,-0.18401
-0.33098,0.91426,0.23355,0.22011,-0.79995,-0.13987
-0.32442,0.91657,0.23371,0.32131,-0.70966,0.0086
-0.31384,0.92154,0.22853,0.26009,-0.38725,0.1847
-0.30532,0.92498,0.22617,0.16892,-0.17603,0.30476
-0.30394,0.92391,0.23231,0.06261,-0.04525,0.354
-0.31414,0.9193,0.23698,-0.12297,0.20545,0.31029
-0.3205,0.91593,0.24146,-0.41599,0.66381,0.36413
-0.30976,0.91871,0.24492,-0.17488,0.56577,0.60517
-0.30051,0.92223,0.24319,0.07791,0.24819,0.51682
-0.30496,0.92074,0.24332,0.11338,0.65615,-0.13271
-0.3168,0.91272,0.25794,-0.11177,0.61323,0.02829
-0.32605,0.91093,0.25271,0.67056,-0.13629,-0.51249
-0.32572,0.91522,0.23714,0.70562,0.1422,-0.73756
-0.31866,0.91668,0.24108,0.08369,0.75509,0.02613
-0.31242,0.91654,0.24963,-0.5289,-0.14513,-0.33257
-0.31789,0.91615,0.24409,-0.50266,-0.25817,-0.42535
-0.33066,0.9152,0.23029,-0.46164,-0.32908,-0.34844
-0.34049,0.91671,0.20899,-0.00973,-0.05773,-0.1745
-0.3419,0.92216,0.18078,0.28989,0.13047,-0.15378
-0.34043,0.92851,0.14813,0.31567,0.07554,-0.10844
-0.34626,0.92996,0.12344,0.32238,-0.23472,-0.0235
-0.35842,0.92707,0.10968,0.18117,-0.38662,-0.18158
-0.36951,0.92451,0.0933,0.14376,-0.43096,-0.15011
-0.37075,0.9257,0.07478,0.16311,-0.42214,-0.02979
-0.36459,0.92951,0.05531,0.02613,-0.46945,-0.11115
-0.35806,0.93337,0.02428,0.03756,-0.52775,-0.11029
-0.34507,0.93852,-0.00871,-0.06637,0.14911,0.12765
-0.32933,0.94384,-0.02595,-0.12067,0.13659,0.163
-0.31905,0.94699,-0.03729,-0.13095,0.13344,0.17435
-0.30835,0.95007,-0.04749,-0.04149,0.2215,0.24559
-0.29016,0.95544,-0.05389,-0.30974,0.32372,0.26014
-0.27201,0.96049,-0.05859,-0.32789,0.31867,0.26485
-0.26588,0.96182,-0.06459,-0.77398,-0.00365,0.2099
-0.26702,0.96096,-0.07228,-0.48207,0.48447,-0.04832
-0.27113,0.95928,-0.07897,-0.47796,0.48615,-0.04163
-0.27348,0.95884,-0.07622,-0.14491,0.15708,-0.25198
-0.27568,0.95894,-0.06633,0.06219,-0.15087,-0.35073
-0.27967,0.95899,-0.04582,0.11341,-0.08643,-0.29345
-0.29034,0.95676,-0.01655,-0.19484,0.59223,-0.38704
-0.30372,0.95257,0.01833,0.0879,0.81596,-0.17121
-0.31712,0.94723,0.04643,0.23103,0.65673,-0.11386
-0.32423,0.94286,0.07643,0.24919,0.46754,0.08809
-0.32642,0.93888,0.10916,0.07871,0.11106,-0.19786
-0.32354,0.93602,0.13834,0.00976,-0.04165,-0.16348
-0.31673,0.93369,0.16692,-0.13465,-0.21963,-0.06518
-0.31085,0.93058,0.19325,-0.06514,-0.42628,-0.07452
-0.30914,0.92671,0.21355,0.0117,-0.51463,-0.07377
-0.31027,0.92344,0.22572,0.15385,-0.58845,-0.08292
-0.31043,0.92262,0.22882,0.30463,-0.7627,-0.2151
-0.30913,0.92411,0.22453,0.28082,-0.82461,-0.1937
-0.30468,0.92796,0.21452,0.33284,-0.90736,-0.08444
-0.30028,0.93192,0.20327,0.34287,-0.34571,0.12068
-0.30122,0.93207,0.20118,0.23793,-0.06595,0.31614
-0.30865,0.92573,0.21847,-0.15564,0.05795,0.0192
-0.32025,0.91797,0.23395,-0.41603,0.36613,0.06294
-0.32225,0.91486,0.2432,-0.59746,0.76397,0.35827
-0.3177,0.91643,0.24329,-0.17569,0.50363,0.71797
-0.3178,0.91746,0.23923,0.02111,0.09853,0.82594
-0.3231,0.91691,0.23418,-0.01318,-0.01284,0.33468
-0.32944,0.9099,0.25201,-0.28543,0.55633,-0.0872
-0.33378,0.90735,0.25548,0.16337,0.14583,-0.25
-0.33264,0.91453,0.2301,0.6858,-0.06729,-0.46635
-0.33119,0.91939,0.21214,0.53186,0.60224,-0.50296
-0.32258,0.91991,0.22286,0.13215,0.77467,0.28115
-0.31706,0.92081,0.22704,-0.19822,0.06279,0.02241
-0.31899,0.92075,0.22457,-0.26737,-0.44304,-0.43081
-0.33094,0.91886,0.21478,-0.2217,-0.37058,-0.28856
-0.34534,0.91909,0.18966,-0.21678,-0.14424,-0.18893
-0.35477,0.9215,0.15793,0.04134,0.22279,-0.02535
-0.35864,0.92477,0.12703,0.26031,-0.07347,0.02651
-0.36561,0.92469,0.10599,0.28886,-0.20829,-0.00661
-0.3735,0.92291,0.09327,0.24591,-0.42128,-0.09009
-0.3782,0.92258,0.07605,0.25783,-0.49226,-0.09988
-0.37375,0.92587,0.0552,0.13047,-0.28716,-0.02368
-0.36556,0.9301,0.03544,0.01427,-0.21014,0.00863
-0.3592,0.9332,0.00914,-0.02042,-0.44837,-0.04219
-0.34778,0.93742,-0.01621,-0.08678,-0.14583,0.12606
-0.33611,0.94136,-0.02917,-0.15638,0.05553,0.21965
-0.32764,0.94394,-0.04011,-0.02995,0.01273,0.13792
-0.31694,0.94704,-0.05136,0.02896,0.16371,0.27708
-0.30123,0.9517,-0.0592,-0.26174,0.43432,0.26897
-0.28899,0.9551,-0.06517,-0.5561,0.27494,0.22472
-0.28597,0.95548,-0.07251,-0.57908,0.10618,0.27432
-0.28872,0.95404,-0.08016,-0.55056,0.61745,0.11585
-0.29563,0.95176,-0.08207,-0.28863,0.14561,-0.29686
-0.3021,0.95019,-0.07653,-0.15896,0.02085,-0.30022
-0.30838,0.94924,-0.06175,0.08479,-0.09513,-0.3969
-0.31752,0.94768,-0.03258,0.01505,0.55361,-0.23149
-0.32619,0.94529,0.0003,0.08786,0.74763,-0.21412
-0.33548,0.94148,0.0323,0.26012,0.74131,-0.14671
-0.34208,0.9377,0.06055,0.13813,0.29419,0.01465
-0.34371,0.93484,0.08893,0.10234,0.25117,-0.11998
-0.33851,0.93405,0.11366,0.13942,0.07521,-0.20537
-0.32877,0.93445,0.1367,0.03367,-0.19287,-0.00646
-0.32035,0.93351,0.16094,0.03374,-0.21807,-0.04628
-0.31729,0.93057,0.18255,0.08343,-0.31223,-0.08601
-0.31934,0.92651,0.19889,0.15719,-0.5162,-0.11274
-0.32456,0.92234,0.20954,0.14192,-0.64744,-0.08503
-0.32656,0.92076,0.21337,0.23465,-0.88772,-0.09165
-0.32244,0.92273,0.2111,0.30337,-0.91863,-0.03814
-0.31253,0.92775,0.20388,0.35411,-0.78452,0.03332
-0.30527,0.9315,0.1977,0.24527,-0.2335,0.20023
-0.30421,0.93103,0.2015,0.14277,-0.15332,0.23983
-0.31134,0.92613,0.21288,-0.06295,0.02292,0.39306
-0.3167,0.92127,0.22567,-0.59908,0.79821,0.29999
-0.30765,0.92131,0.23768,-0.42032,0.9177,0.41859
-0.29579,0.92436,0.24089,-0.10497,0.73521,0.54566
-0.29409,0.92667,0.234,0.20284,0.19195,0.15635
-0.29837,0.92419,0.23837,0.04517,0.61318,-0.09645
-0.30276,0.91882,0.25312,0.19286,0.30517,-0.14737
-0.30144,0.92249,0.24104,0.69462,-0.16015,-0.60381
-0.29315,0.92687,0.23437,0.33983,0.26549,-0.70588
-0.28088,0.92682,0.24914,-0.09818,0.65947,0.25963
-0.28188,0.92643,0.24947,-0.52136,-0.01339,-0.312
-0.29302,0.9264,0.2364,-0.49622,-0.32658,-0.44576
-0.30666,0.9262,0.21927,-0.34867,-0.33574,-0.19222
-0.31303,0.92874,0.19856,-0.09896,-0.10215,-0.08654
-0.30944,0.93535,0.17126,0.14164,0.03872,-0.10096
-0.30511,0.94208,0.13912,0.22164,-0.04484,-0.02036
-0.30834,0.9444,0.11397,0.26902,-0.21334,0.02548
-0.31715,0.94307,0.1,0.27887,-0.35422,-0.13371
-0.326,0.94156,0.08461,0.23422,-0.52434,-0.20522
-0.32704,0.94288,0.06325,0.22158,-0.51816,-0.08316
-0.32018,0.94646,0.0409,0.05497,-0.22516,0.02202
-0.31232,0.94983,0.01542,-0.01321,-0.21276,-0.00201
-0.30398,0.95262,-0.00937,-0.0865,-0.20091,0.05132
-0.29441,0.95524,-0.02843,-0.15293,-0.12187,0.06308
-0.28229,0.95823,-0.0455,-0.17533,-0.04632,0.09567
-0.26613,0.96222,-0.05731,-0.19841,0.41675,0.3345
-0.24869,0.96632,-0.06602,-0.30428,0.4296,0.32881
-0.2349,0.96944,-0.07056,-0.5308,0.38844,0.26194
-0.23056,0.97049,-0.07045,-0.96617,0.06778,0.29225
-0.23221,0.96991,-0.07301,-0.56199,0.40093,-0.07673
-0.24097,0.96762,-0.07489,-0.43506,0.40983,-0.07598
-0.25284,0.96508,-0.06837,-0.10254,0.06788,-0.25443
-0.26374,0.96296,-0.0558,0.1516,-0.18853,-0.28686
-0.27366,0.9613,-0.03126,0.1122,0.03195,-0.24993
-0.28293,0.95913,-0.00068,-0.21457,0.59332,-0.37593
-0.29346,0.95546,0.03094,0.01506,0.58977,-0.18754
-0.30167,0.95159,0.05871,0.12819,0.52194,-0.08239
-0.30388,0.94837,0.09064,0.15564,0.37193,-0.04093
-0.30273,0.94515,0.12252,0.13556,0.27087,-0.16808
-0.30063,0.94158,0.15168,0.04576,-0.18464,-0.12342
-0.29971,0.93748,0.17682,-0.03165,-0.30627,-0.11436
-0.29959,0.9337,0.19596,0.06755,-0.40774,-0.1107
-0.30272,0.92986,0.209,0.07154,-0.45835,-0.09519
-0.30634,0.92702,0.21624,0.20108,-0.67166,-0.15111
-0.30633,0.92618,0.21981,0.22833,-0.85269,-0.15441
-0.3,0.92849,0.21879,0.28645,-0.86578,-0.13036
-0.29237,0.93226,0.21301,0.35868,-0.53471,-0.00711
-0.29005,0.93435,0.20694,0.30429,-0.44121,0.07209
-0.29307,0.9338,0.20513,0.10226,-0.14009,0.176
-0.29927,0.93095,0.20911,0.04947,0.07567,0.30955
-0.3019,0.92823,0.21727,-0.32684,0.48736,0.26813
-0.29159,0.92931,0.22653,-0.53758,1.04956,0.34735
-0.28282,0.93084,0.23133,-0.15661,0.57714,0.72837
-0.28537,0.9315,0.22546,0.03785,0.13876,0.55231
-0.29468,0.92853,0.22575,0.03277,0.24187,-0.26953
-0.30412,0.91972,0.24817,-0.32925,0.43469,0.09352
-0.30799,0.91917,0.24539,0.48484,0.00171,-0.48732
-0.30777,0.92405,0.22667,0.73732,0.09492,-0.70273
-0.30447,0.92602,0.22301,0.31468,0.7448,-0.36625
-0.29688,0.92703,0.22898,-0.24543,0.20892,0.08667
-0.2955,0.92872,0.22386,-0.32563,-0.2735,-0.42867
-0.30374,0.92797,0.21581,-0.26722,-0.46052,-0.32926
-0.31891,0.92631,0.2005,-0.14752,-0.03055,-0.11816
-0.33146,0.92716,0.17457,-0.04934,0.11935,-0.09216
-0.33785,0.9305,0.14138,0.11473,0.07781,0.00865
-0.34671,0.93136,0.11106,0.24643,-0.26609,-0.03258
-0.35808,0.92867,0.09649,0.26224,-0.33273,-0.084
-0.36538,0.92678,0.08687,0.27764,-0.472,-0.11413
-0.36564,0.92801,0.07117,0.25018,-0.4119,-0.01326
-0.35823,0.932,0.05489,0.13791,-0.24851,0.02767
-0.35436,0.93453,0.03228,-0.01437,-0.32845,-0.06211
-0.35061,0.9365,0.00028,-0.0973,-0.22636,0.02302
-0.339,0.94045,-0.0245,-0.11027,0.03663,0.09014
-0.32636,0.94437,-0.04026,-0.05074,0.18167,0.13713
-0.31442,0.94776,-0.0535,-0.01736,0.17158,0.27358
-0.29961,0.95186,-0.06454,-0.16983,0.328,0.33221
-0.28553,0.95566,-0.07173,-0.55675,0.48261,0.20918
-0.28158,0.9563,-0.07852,-0.6531,0.04487,0.26625
-0.28438,0.95485,-0.0858,-0.53026,0.19412,0.21051
-0.29357,0.95158,-0.09101,-0.43637,0.55758,0.03065
-0.30532,0.94806,-0.08901,-0.08199,0.00515,-0.2513
-0.31681,0.94509,-0.08004,0.04408,-0.10312,-0.32155
-0.32794,0.94299,-0.0565,-0.05219,0.55631,-0.20818
-0.33507,0.94184,-0.02533,-0.00218,0.76521,-0.2162
-0.33882,0.9408,0.00738,0.16382,0.92139,-0.19728
-0.34564,0.9377,0.03505,0.19155,0.55487,0.04532
-0.34969,0.9347,0.0634,0.18926,0.47325,0.05486
-0.34864,0.93299,0.0891,0.16848,0.27125,-0.22382
-0.34282,0.93277,0.11125,0.14057,-0.13662,-0.06012
-0.33781,0.9315,0.13471,0.12619,-0.24768,-0.06905
-0.33772,0.92802,0.1571,0.08671,-0.35971,-0.12506
-0.3434,0.92292,0.17395,0.03702,-0.61895,-0.05588
-0.35235,0.91729,0.18546,0.0277,-0.68814,-0.0418
-0.35461,0.91533,0.19076,0.11073,-0.6999,-0.08466
-0.34973,0.91715,0.19098,0.28147,-0.92301,-0.01325
-0.34078,0.92103,0.18849,0.44405,-0.65098,0.0631
-0.33625,0.92317,0.18613,0.42574,-0.47066,0.15318
-0.33737,0.92259,0.18699,0.17499,-0.10275,0.28629
-0.34335,0.91813,0.19777,-0.07525,0.15499,0.51672
-0.34874,0.91334,0.21012,-0.4283,0.44131,0.41619
-0.34327,0.91323,0.2194,-0.61024,0.87294,0.38867
-0.33448,0.91516,0.22484,-0.10905,0.51642,0.60961
-0.33431,0.91571,0.22284,0.1868,0.23458,0.54649
-0.3393,0.91278,0.22731,0.23047,0.82791,-0.12977
-0.34458,0.90779,0.23904,-0.0704,0.47551,-0.06167
-0.34094,0.91246,0.22614,0.72563,-0.31707,-0.45055
-0.33297,0.91775,0.21637,0.63831,-0.18802,-0.58965
-0.32821,0.91805,0.22232,0.31498,0.47479,-0.09021
-0.33391,0.91434,0.22902,-0.25325,0.43878,-0.10692
-0.34533,0.91283,0.2178,-0.52794,-0.02541,-0.48982
-0.35367,0.9137,0.20005,-0.32579,-0.23426,-0.15107
-0.36047,0.91503,0.18093,-0.04279,-0.25314,-0.16567
-0.36651,0.91707,0.15688,0.09263,-0.18991,-0.18069
-0.37401,0.919,0.12453,0.19665,-0.26059,-0.02843
-0.37757,0.92098,0.09595,0.23159,-0.26821,0.00326
-0.37477,0.92367,0.07966,0.27834,-0.24731,-0.00211
-0.37269,0.92555,0.06646,0.27735,-0.4388,-0.03364
-0.37201,0.92691,0.04912,0.23763,-0.49357,-0.03291
-0.36846,0.92924,0.02685,0.07329,-0.41209,-0.1076
-0.36397,0.93137,-0.00622,0.00131,-0.27117,0.05925
-0.35567,0.93391,-0.0357,-0.0177,-0.07519,0.14561
-0.34527,0.93713,-0.05035,-0.1451,0.14478,0.20381
-0.33566,0.93985,-0.06317,-0.0606,0.10425,0.19031
-0.32218,0.94352,-0.07712,-0.06016,0.26088,0.28877
-0.30391,0.94863,-0.08782,-0.16491,0.48436,0.26542
-0.29204,0.95168,-0.09475,-0.56244,0.17019,0.19698
-0.29085,0.95136,-0.10141,-0.60423,0.19706,0.13024
-0.29819,0.94876,-0.10445,-0.43264,0.32654,-0.10804
-0.31074,0.94489,-0.10297,-0.30044,0.12978,-0.24995
-0.32501,0.94097,-0.0944,0.05077,-0.03939,-0.34287
-0.33932,0.93813,-0.06885,0.13406,0.28494,-0.06377
-0.34943,0.93629,-0.03492,0.11869,0.82213,-0.16983
-0.35485,0.9349,-0.0009,0.25946,0.99959,-0.19763
-0.36157,0.93192,0.02746,0.05998,0.42735,-0.05105
-0.36438,0.92971,0.05325,0.01228,0.31294,-0.1003
-0.36268,0.92869,0.07717,0.07057,0.24029,-0.18513
-0.35511,0.92939,0.10043,0.20011,-0.13938,-0.00197
-0.34497,0.9299,0.12741,0.1634,-0.26689,-0.05374
-0.33868,0.9282,0.15397,0.14358,-0.31872,-0.07983
-0.3392,0.92442,0.17424,0.10427,-0.48028,-0.10577
-0.34498,0.91958,0.18792,0.11086,-0.71168,-0.09861
-0.3516,0.91526,0.19654,0.13473,-0.82101,-0.10612
-0.35215,0.91452,0.19902,0.26931,-1.00221,0.0154
-0.34544,0.9181,0.19424,0.40313,-0.67269,0.0625
-0.33949,0.9216,0.18804,0.37657,-0.50519,0.1419
-0.33907,0.92225,0.1856,0.14172,-0.15928,0.27857
-0.34656,0.91853,0.19014,-0.05865,-0.00908,0.48957
-0.35333,0.91418,0.19845,-0.4169,0.44522,0.29927
-0.34454,0.91422,0.21317,-0.58423,1.11614,0.23161
-0.33311,0.91639,0.22186,-0.27318,1.19272,0.38328
-0.3335,0.91802,0.21439,0.21476,0.18764,0.55065
-0.34178,0.91498,0.21439,0.31937,0.39702,-0.12892
-0.35203,0.90724,0.23011,0.36964,-0.00256,-0.30423
-0.35148,0.90937,0.22241,0.66648,-0.27386,-0.56391
-0.34288,0.91496,0.21269,0.65773,0.10282,-0.79013
-0.33241,0.91651,0.22242,-0.16516,0.87185,0.22221
-0.33166,0.91583,0.22632,-0.29523,0.30912,-0.12709
-0.33914,0.9151,0.21803,-0.3326,-0.22131,-0.43309
-0.34836,0.91443,0.20598,-0.28238,-0.41731,-0.23416
-0.35548,0.91539,0.18883,-0.18076,-0.24176,-0.17078
-0.35768,0.91872,0.16725,0.10037,0.11408,-0.13055
-0.35857,0.92319,0.13823,0.28374,0.05687,-0.01454
-0.36319,0.92492,0.11217,0.21949,-0.05571,0.04968
-0.37367,0.92234,0.0981,0.12441,-0.25207,-0.066
-0.38408,0.91951,0.08329,0.20671,-0.54467,-0.14145
-0.38743,0.91988,0.06061,0.30521,-0.6515,-0.09288
-0.38092,0.92376,0.03921,0.20694,-0.48236,-0.08502
-0.37011,0.92892,0.01015,0.02645,-0.19857,-0.112
-0.35986,0.93267,-0.02453,-0.01177,-0.13956,-0.0023
-0.34672,0.93686,-0.04516,-0.06971,0.05586,0.21662
-0.3342,0.94089,-0.05473,-0.15463,0.09539,0.24098
-0.32355,0.94412,-0.0626,-0.16386,0.19356,0.20811
-0.31199,0.94749,-0.06995,-0.1534,0.36277,0.2874
-0.29826,0.95162,-0.07366,-0.3355,0.2605,0.21259
-0.29136,0.95359,-0.07574,-0.69689,0.07982,0.31009
-0.2931,0.95264,-0.08085,-0.58432,0.35556,0.14812
-0.29983,0.95064,-0.07973,-0.23977,0.23529,-0.13778
-0.30514,0.94946,-0.07333,-0.13056,0.11105,-0.18468
-0.30707,0.94977,-0.06016,0.11969,-0.11595,-0.30355
-0.31095,0.94973,-0.03592,0.04436,0.02143,-0.2849
-0.31923,0.94762,-0.00882,-0.13219,0.26408,-0.33656
-0.32658,0.94491,0.02123,0.18515,0.77424,-0.01351
-0.33791,0.93987,0.04922,0.13782,0.66602,0.05487
-0.34545,0.93526,0.07688,0.11608,0.57537,0.04159
-0.3488,0.93145,0.10346,0.15231,0.16888,-0.19209
-0.34771,0.9291,0.12579,0.1485,0.006,-0.19241
-0.34253,0.9276,0.14898,0.01754,-0.21559,-0.05427
-0.33798,0.9255,0.17079,0.05865,-0.50992,-0.08028
-0.33736,0.92269,0.18653,0.08362,-0.56991,-0.07526
-0.3387,0.92051,0.19469,0.1187,-0.60535,-0.10575
-0.34066,0.91896,0.19853,0.28461,-0.79099,-0.09514
-0.34084,0.91897,0.19817,0.38784,-0.80533,-0.06095
-0.33668,0.92145,0.19374,0.50495,-0.59238,-0.00235
-0.33357,0.92388,0.18742,0.36729,-0.34367,0.16949
-0.33513,0.92347,0.1867,0.1449,-0.17312,0.3043
-0.34194,0.91917,0.19536,-0.14393,0.05152,0.37674
-0.35049,0.91382,0.20506,-0.42675,0.37286,0.54288
-0.34859,0.91317,0.21113,-0.75711,0.92657,0.42506
-0.33835,0.91612,0.21496,-0.29591,0.43734,0.60352
-0.33472,0.91841,0.21084,0.09525,0.24036,0.20459
-0.34157,0.91582,0.21111,0.13944,0.58945,-0.10024
-0.35462,0.90714,0.2265,0.08541,0.81701,0.01657
-0.36254,0.90494,0.22273,0.55844,-0.02237,-0.32302
-0.36297,0.90909,0.20438,0.75084,-0.30996,-0.68658
-0.35887,0.91208,0.19818,0.74674,-0.31296,-0.68038
-0.34781,0.9129,0.21353,-0.35032,0.63236,0.12195
-0.34496,0.91355,0.21537,-0.36336,0.0485,-0.52216
-0.35249,0.91418,0.19995,-0.35582,0.04787,-0.50675
-0.36232,0.91474,0.17868,-0.09439,-0.27391,-0.11746
-0.37051,0.91549,0.15674,0.01583,-0.09463,-0.07091
-0.37717,0.91683,0.13088,0.07852,-0.11385,-0.06864
-0.38496,0.91704,0.10395,0.21739,-0.1893,0.02972
-0.38908,0.91731,0.08436,0.24845,-0.26183,0.01811
-0.38993,0.91808,0.0711,0.26362,-0.32353,-0.0254
-0.38838,0.91996,0.05294,0.17184,-0.38923,-0.08112
-0.38325,0.92307,0.03191,0.01632,-0.35398,0.02281
-0.37811,0.92571,0.00778,-0.01775,-0.40758,-0.01134
-0.36961,0.9289,-0.02232,-0.03966,-0.41042,0.01235
-0.35691,0.933,-0.04579,-0.08734,0.13388,0.22241
-0.34562,0.93633,-0.06168,-0.06982,0.16554,0.17083
-0.33469,0.93929,-0.07547,0.0118,0.10348,0.25358
-0.31932,0.94354,-0.08796,-0.29256,0.46385,0.29951
-0.30534,0.94731,-0.09666,-0.35849,0.54618,0.27666
-0.29905,0.94854,-0.10396,-0.43439,0.25677,0.15866
-0.29661,0.94865,-0.10986,-0.4739,0.38822,0.01015
-0.29933,0.9474,-0.11318,-0.47929,0.60836,-0.00677
-0.30491,0.94644,-0.10606,0.0359,-0.08914,-0.2494
-0.31154,0.94593,-0.0902,0.10995,-0.16706,-0.2347
-0.31865,0.94609,-0.05792,0.02835,0.1913,-0.13476
-0.32435,0.94566,-0.02207,-0.0892,0.53146,-0.30216
-0.32656,0.94511,0.01015,-0.07142,0.56205,-0.31706
-0.32773,0.94403,0.03689,-0.01444,0.41902,0.14958
-0.32726,0.94256,0.06666,0.00571,0.43882,0.10872
-0.32423,0.94098,0.09692,0.13508,0.19482,-0.1854
-0.31715,0.94041,0.12253,0.20529,-0.10084,-0.07429
-0.3093,0.93953,0.1469,0.1739,-0.24217,-0.07622
-0.30601,0.93699,0.16845,0.10244,-0.3707,-0.09922
-0.30888,0.93278,0.18565,0.07222,-0.46796,-0.05595
-0.31665,0.92751,0.19855,0.0311,-0.66736,-0.05783
-0.32093,0.92476,0.20442,0.0803,-0.87209,-0.08743
-0.31767,0.92653,0.20144,0.13553,-1.11431,-0.03134
-0.30902,0.93126,0.19293,0.32649,-0.83661,0.02099
-0.30572,0.93385,0.18551,0.28915,-0.42105,0.21035
-0.30966,0.93269,0.18485,0.09751,-0.14213,0.28141
-0.31594,0.9283,0.19597,-0.28042,0.37527,0.34525
-0.31016,0.92668,0.2122,-0.55567,0.6861,0.31697
-0.29358,0.92989,0.22154,-0.70827,0.96939,0.30736
-0.28667,0.93248,0.2197,0.00408,0.45861,0.66601
-0.29215,0.93282,0.21084,0.13617,0.30993,-0.21063
-0.29972,0.92686,0.22598,0.03864,0.52852,-0.17466
-0.30545,0.9211,0.24131,0.35014,0.06599,-0.3496
-0.30392,0.92663,0.22124,0.78096,-0.24122,-0.568
-0.29713,0.9313,0.2106,0.58109,-0.10145,-0.7014
-0.28646,0.93031,0.22899,-0.33882,0.58393,0.30014
-0.28068,0.93058,0.23494,-0.64217,0.07302,-0.48967
-0.28354,0.93244,0.2239,-0.49809,-0.1246,-0.45705
-0.2962,0.93254,0.2064,-0.2938,-0.33826,-0.16714
-0.30973,0.93283,0.18402,-0.01755,-0.12616,-0.09662
-0.31567,0.93577,0.15702,-0.01161,-0.1291,-0.06962
-0.31942,0.93936,0.12468,0.15583,-0.08622,-0.03921
-0.32221,0.94158,0.09785,0.28417,-0.24616,-0.0153
-0.32205,0.94299,0.08385,0.27383,-0.25686,-0.04683
-0.32077,0.94437,0.07241,0.19885,-0.31763,-0.08311
-0.31931,0.94588,0.05768,0.14075,-0.47931,-0.00876
-0.3183,0.94711,0.04041,0.04333,-0.43156,-0.00536
-0.31715,0.94826,0.01358,-0.09396,-0.38865,-0.03869
-0.31048,0.95038,-0.01879,-0.07586,-0.16547,0.04525
-0.29634,0.95422,-0.04023,-0.10138,0.06571,0.09534
-0.28203,0.95794,-0.05276,-0.10099,0.24859,0.21195
-0.26734,0.96148,-0.06369,-0.12898,0.27582,0.36761
-0.24918,0.96583,-0.07114,-0.25152,0.40516,0.33742
-0.23601,0.96888,-0.07446,-0.85066,-0.10032,0.25297
-0.23362,0.96921,-0.07758,-0.8354,0.0386,0.15821
-0.23889,0.96748,-0.08298,-0.83705,0.41295,0.05727
-0.24935,0.96482,-0.08324,-0.17772,0.09283,-0.28854
-0.26231,0.96188,-0.07715,-0.03325,0.03211,-0.30291
-0.27436,0.95997,-0.05624,0.02158,0.08244,-0.40253
-0.28483,0.95827,-0.02393,-0.06509,0.66957,-0.20768
-0.2906,0.95677,0.01053,0.08581,0.71158,-0.14713
-0.29685,0.95403,0.04093,0.36399,0.50384,-0.04679
-0.30334,0.94992,0.07489,0.2915,0.36299,-0.02078
-0.30601,0.94588,0.10788,0.15812,0.17387,-0.23726
-0.30544,0.94293,0.13252,0.05513,-0.04349,-0.17605
-0.30497,0.93974,0.15446,-0.10593,-0.21755,-0.1775
-0.30598,0.93618,0.17297,-0.10929,-0.39391,-0.14032
-0.31073,0.93268,0.18311,0.17559,-0.54831,-0.00197
-0.32128,0.92889,0.18416,0.38511,-0.64934,0.09816
-0.33249,0.92551,0.18123,0.39705,-0.72066,-0.01743
-0.33799,0.92394,0.17909,0.17344,-0.87163,-0.04975
-0.33192,0.92611,0.17923,0.01018,-0.86413,0.00557
-0.32098,0.92979,0.18011,0.11776,-0.4396,0.07587
-0.31525,0.93084,0.1847,0.06458,-0.15998,0.23966
-0.31693,0.92842,0.1938,-0.02827,0.05592,0.28095
-0.32037,0.92507,0.20389,-0.16852,0.40592,0.3414
-0.31624,0.92517,0.20983,-0.40521,0.82413,0.26472
-0.30736,0.9276,0.21228,-0.29874,0.48997,0.44898
-0.30437,0.92902,0.21034,0.02143,0.08283,0.60586
-0.312,0.92792,0.20392,0.07657,0.11715,0.11597
-0.31901,0.92153,0.22131,0.15339,0.60921,-0.24568
-0.32325,0.9168,0.23443,-0.03983,0.54373,-0.0801
-0.32125,0.9238,0.20825,0.70076,-0.00258,-0.49577
-0.31752,0.92797,0.19496,0.54572,-0.10786,-0.5858
-0.31344,0.92585,0.21102,-0.26204,0.38859,0.2499
-0.31515,0.9239,0.21695,-0.56654,0.08657,-0.06236
-0.31908,0.925,0.20622,-0.48595,-0.17993,-0.40448
-0.32591,0.92647,0.18818,-0.20443,-0.21037,-0.14451
-0.33525,0.92744,0.16562,-0.12236,-0.09233,-0.08011
-0.34386,0.92884,0.13779,0.06098,0.02308,-0.02328
-0.35301,0.92939,0.10764,0.25849,-0.21486,0.01813
-0.35899,0.92935,0.08604,0.33165,-0.26928,0.01502
-0.36025,0.93006,0.07198,0.39134,-0.34211,-0.08088
-0.35932,0.93146,0.05691,0.23506,-0.3884,-0.08459
-0.35604,0.93359,0.04007,0.18031,-0.35559,-0.04021
-0.35396,0.93501,0.02113,0.07791,-0.36465,0.00712
-0.35147,0.93615,-0.00838,0.06352,-0.46944,-0.0679
-0.34186,0.93876,-0.04284,0.03714,-0.23049,0.00404
-0.3295,0.94185,-0.06583,-0.12984,0.19042,0.1581
-0.31735,0.9449,-0.08017,-0.10528,0.16377,0.21083
-0.30408,0.94818,-0.09198,-0.18444,0.3409,0.39313
-0.28757,0.95245,-0.10057,-0.53736,0.45798,0.21733
-0.27662,0.95511,-0.10591,-0.68572,0.36288,0.20944
-0.27592,0.95476,-0.11077,-0.63844,0.15747,0.13225
-0.28413,0.95169,-0.11637,-0.56861,0.55671,-0.07515
-0.29774,0.94776,-0.11433,-0.29249,0.35616,-0.1563
-0.31406,0.94347,-0.10586,0.08041,0.01405,-0.25338
-0.32731,0.94133,-0.08211,0.16688,0.08038,-0.17054
-0.33597,0.94062,-0.04822,0.0345,0.33644,-0.26878
-0.33725,0.94132,-0.01233,-0.01714,0.85386,-0.15016
-0.34126,0.93983,0.01542,0.10832,0.55288,-0.05449
-0.34555,0.93735,0.04399,0.11935,0.37916,0.02111
-0.34641,0.93531,0.07189,0.13595,0.1972,-0.11884
-0.34251,0.93462,0.09564,0.21517,-0.21753,-0.01956
-0.33476,0.93456,0.12045,0.16303,-0.28339,-0.04365
-0.32959,0.93291,0.14498,0.12713,-0.33416,-0.05386
-0.32951,0.92972,0.16438,0.053,-0.40915,-0.07006
-0.33714,0.92434,0.17863,0.03037,-0.55482,-0.07056
-0.34527,0.91963,0.18717,0.06907,-0.69388,-0.09828
-0.34754,0.91819,0.19002,0.22127,-0.96967,-0.05028
-0.34182,0.92122,0.18569,0.43447,-0.66142,0.01028
-0.33594,0.92471,0.17894,0.36927,-0.49927,0.08599
-0.33511,0.92569,0.17543,0.27858,-0.35902,0.13161
-0.34092,0.92299,0.17839,-0.02664,0.06918,0.48761
-0.34955,0.91765,0.18895,-0.17262,0.25186,0.47848
-0.34466,0.91651,0.20293,-0.60082,0.93377,0.2926
-0.33358,0.91861,0.21179,-0.06739,0.54822,0.67554
-0.33144,0.92022,0.20809,0.0546,0.387,0.52427
-0.33932,0.91631,0.2126,0.19119,0.69601,0.00246
-0.35125,0.9096,0.22184,0.41451,0.20145,-0.20533
-0.35575,0.91069,0.20988,0.70321,-0.20598,-0.39041
-0.34916,0.91558,0.19942,0.70836,-0.27195,-0.59055
-0.34071,0.91658,0.20917,0.0954,0.53443,0.10185
-0.34009,0.91429,0.21996,-0.19708,0.48833,0.09501
-0.3502,0.91295,0.20942,-0.40891,0.08231,-0.4992
-0.36002,0.91326,0.19054,-0.17984,-0.23271,-0.13161
-0.3686,0.91446,0.16692,-0.0826,-0.23503,-0.09593
-0.37137,0.91717,0.14439,0.08477,-0.11244,-0.09337
-0.3741,0.91966,0.11932,0.19571,-0.149,-0.02073
-0.37892,0.92061,0.09414,0.2287,-0.19879,0.0512
-0.38254,0.9209,0.07468,0.23215,-0.24393,0.02142
-0.38559,0.92079,0.05861,0.16059,-0.24838,-0.03278
-0.38821,0.92063,0.04115,0.15663,-0.29693,0.02392
-0.38947,0.92073,0.02328,-0.0176,-0.59227,-0.22697
-0.3873,0.92194,-0.00146,-0.00565,-0.58699,-0.24504
-0.37869,0.92476,-0.03718,0.05371,-0.46195,-0.15222
-0.36492,0.92874,-0.06519,0.13197,0.19202,0.0627
-0.35035,0.9329,-0.08315,0.04449,0.15895,0.25282
-0.33472,0.93742,-0.09577,-0.29499,0.30859,0.43596
-0.32053,0.94106,-0.10792,-0.3827,0.43838,0.22547
-0.30767,0.9442,-0.11747,-0.28225,0.33763,0.21878
-0.29826,0.9467,-0.12152,-0.57382,0.30369,0.30648
-0.29427,0.94727,-0.12673,-0.60768,0.5465,-0.07178
-0.297,0.94664,-0.12503,-0.4953,0.39324,-0.16865
-0.3039,0.9455,-0.11683,-0.19404,0.05838,-0.32573
-0.31155,0.94479,-0.10141,0.1423,0.11676,-0.28025
-0.31933,0.9451,-0.06923,0.28872,0.50835,0.11568
-0.3273,0.94425,-0.03521,0.06567,0.49216,-0.28112
-0.32864,0.94443,-0.00375,-0.02739,0.44897,-0.03427
-0.32852,0.94417,0.02412,-0.06334,0.35928,0.04524
-0.32999,0.94234,0.05547,-0.14153,0.32851,-0.13467
-0.32992,0.94023,0.08415,0.02661,0.14795,-0.07277
-0.32823,0.93838,0.10805,0.26029,-0.11233,-0.03223
-0.32863,0.9349,0.13388,0.37706,-0.2527,-0.18548
-0.33191,0.92944,0.16107,0.33526,-0.37727,-0.19749
-0.3375,0.92352,0.18214,0.16763,-0.51344,-0.1027
-0.34202,0.91872,0.19732,0.13864,-0.58466,-0.09229
-0.34305,0.91693,0.20376,0.11004,-0.74804,0.01416
-0.33774,0.91945,0.20126,0.28714,-0.75598,-0.03662
-0.32866,0.92387,0.19598,0.30095,-0.67433,-0.00897
-0.32276,0.92709,0.19053,0.2275,-0.4931,0.18934
-0.31909,0.92904,0.18719,0.12198,-0.20815,0.2876
-0.31693,0.92879,0.192,0.12258,-0.0579,0.3559
-0.31937,0.92546,0.20368,-0.00381,0.03491,0.41012
-0.31935,0.92199,0.21889,-0.56539,0.77027,0.42254
-0.31445,0.92105,0.22967,-0.51969,1.04794,0.53316
-0.31496,0.92269,0.22226,-0.0482,0.45873,0.66695
-0.32498,0.92077,0.21572,0.24227,0.54266,-0.08899
-0.33202,0.9137,0.23427,0.06067,0.76027,0.23457
-0.33043,0.91573,0.2285,0.43616,0.43208,-0.28982
-0.32279,0.92213,0.21318,0.42388,-0.05416,-0.66689
-0.31449,0.92248,0.2238,0.23873,0.06154,-0.55418
-0.31383,0.91801,0.24232,-0.10061,0.25857,0.14719
-0.32358,0.91576,0.23801,-0.68486,-0.09297,-0.51755
-0.3339,0.91639,0.22069,-0.55858,-0.11812,-0.2954
-0.34245,0.91837,0.19823,-0.18549,-0.15695,-0.03579
-0.34212,0.92282,0.17697,0.20357,0.00738,-0.09263
-0.33979,0.92831,0.15082,0.26216,0.02332,-0.09691
-0.34045,0.93161,0.12716,0.32113,-0.16476,0.08481
-0.34424,0.93215,0.11208,0.25496,-0.26606,0.00445
-0.34819,0.93212,0.09942,-0.0532,-0.37719,-0.18436
-0.35059,0.93293,0.08185,0.0205,-0.3779,-0.0504
-0.35206,0.93381,0.06349,0.11815,-0.42341,-0.01926
-0.35511,0.93395,0.03996,0.1265,-0.54972,-0.08044
-0.35512,0.93477,0.00809,0.0117,-0.3544,0.02695
-0.35007,0.9364,-0.02407,-0.04799,-0.22517,0.04162
-0.34364,0.93767,-0.05165,-0.17072,-0.0395,0.13897
-0.33544,0.93906,-0.07498,-0.0656,0.04081,0.17863
-0.32213,0.94217,-0.09231,0.04458,0.3118,0.25569
-0.30309,0.94697,-0.10656,-0.05171,0.45134,0.22882
-0.2836,0.95191,-0.11578,-0.47989,0.36083,0.26601
-0.27368,0.9542,-0.12075,-0.72943,0.28797,0.23204
-0.27138,0.9545,-0.12354,-0.49246,0.32938,0.14466
-0.27398,0.95378,-0.12339,-0.3997,0.36295,-0.16497
-0.27916,0.95362,-0.11252,-0.23842,0.10223,-0.15671
-0.28562,0.95323,-0.09876,-0.09299,-0.10086,-0.20827
-0.29247,0.95342,-0.07367,0.1081,-0.15303,-0.14309
-0.29683,0.95416,-0.03794,-0.08767,0.53554,-0.15131
-0.30212,0.95325,-0.00348,0.02271,0.68447,-0.16737
-0.31183,0.94979,0.02513,0.01736,0.43584,-0.09821
-0.31729,0.94679,0.05373,0.14234,0.46122,-0.00291
-0.31951,0.94396,0.08261,0.15725,0.41802,-0.09407
-0.32137,0.94071,0.10839,0.18469,0.1565,-0.03872
-0.32416,0.93646,0.13393,0.07909,-0.17335,-0.07703
-0.33122,0.9303,0.1575,0.09529,-0.30397,-0.11112
-0.34315,0.92287,0.17473,0.06591,-0.48447,-0.05105
-0.35272,0.91658,0.18825,0.13056,-0.62129,-0.0395
-0.35468,0.91383,0.19768,0.15117,-0.73943,-0.06882
-0.34532,0.91709,0.19917,0.17022,-0.84899,-0.02513
-0.33069,0.92369,0.19343,0.26561,-0.77819,-0.0888
-0.31941,0.92922,0.18575,0.26646,-0.62523,-0.03678
-0.3139,0.93242,0.17896,0.18162,-0.4736,0.12449
-0.3132,0.93341,0.17498,0.02926,-0.18021,0.23535
-0.316,0.93198,0.17753,0.00074,-0.12533,0.3144
-0.31727,0.93044,0.18327,-0.1709,0.07698,0.24794
-0.30991,0.93147,0.19049,-0.42727,1.28084,0.46713
-0.30679,0.93204,0.19274,-0.21548,1.22184,0.52441
-0.31144,0.93215,0.18456,0.18574,0.27205,0.72937
-0.32043,0.92937,0.18321,0.09263,0.16864,-0.38537
-0.32692,0.9218,0.20827,-0.05289,0.53961,-0.06425
-0.32755,0.92344,0.19986,-0.08272,0.15634,-0.24416
-0.32267,0.92985,0.17671,0.7038,0.15443,-0.56685
-0.3189,0.93085,0.1783,0.42292,0.56428,-0.47705
-0.31443,0.93039,0.18833,-0.29209,0.21933,0.06708
-0.31444,0.93153,0.18258,-0.32937,-0.16266,-0.35188
-0.32212,0.93063,0.17362,-0.34092,-0.35162,-0.22418
-0.33298,0.92954,0.15828,-0.24407,-0.28272,-0.14331
-0.33776,0.93176,0.13306,-0.06553,-0.11299,-0.09892
-0.33805,0.93586,0.09925,0.26402,0.00879,-0.04098
-0.34074,0.93763,0.06874,0.2915,-0.21213,0.11295
-0.34537,0.93685,0.0547,0.20904,-0.33146,-0.05059
-0.34956,0.93583,0.04484,0.12759,-0.35207,-0.131
-0.35076,0.93608,0.02639,0.14405,-0.54034,-0.03688
-0.34548,0.93838,0.0077,0.13054,-0.40652,-0.00451
-0.33577,0.94178,-0.01685,0.10612,-0.32207,-0.05526
-0.32521,0.94431,-0.04993,0.11746,-0.24637,0.02167
-0.3126,0.94715,-0.07184,-0.03674,0.06994,0.26
-0.30137,0.94985,-0.08326,-0.11484,0.15955,0.31763
-0.29058,0.95207,-0.09535,-0.10785,0.17154,0.30249
-0.27321,0.95625,-0.1045,-0.33669,0.3844,0.31893
-0.25565,0.96074,-0.10775,-0.51619,0.4323,0.21773
-0.24972,0.9621,-0.10947,-0.82221,0.03879,0.25517
-0.25264,0.96099,-0.11247,-0.59967,0.43616,0.03228
-0.26167,0.95868,-0.11152,-0.56911,0.60579,0.06651
-0.27167,0.95624,-0.10853,-0.08654,0.00787,-0.30026
-0.27893,0.9555,-0.09593,0.08498,-0.19132,-0.28833
-0.28508,0.95591,-0.07025,0.08795,-0.1123,-0.25556
-0.29085,0.95594,-0.03951,-0.01943,0.80074,-0.29319
-0.30247,0.95312,-0.00695,0.1531,0.82752,-0.15753
-0.31398,0.94913,0.02326,0.19261,0.48126,0.0082
-0.32114,0.94547,0.05417,0.15411,0.40166,-0.04059
-0.32314,0.94286,0.08104,0.1012,0.21325,-0.12897
-0.32122,0.94113,0.10518,0.03738,-0.111,-0.04063
-0.31891,0.93864,0.13124,3e-05,-0.26286,-0.03322
-0.321,0.93439,0.15443,0.0269,-0.517,-0.07373
-0.32764,0.92926,0.17055,0.12362,-0.54229,-0.0535
-0.33411,0.92545,0.17858,0.18998,-0.65121,-0.0351
-0.33638,0.92426,0.18045,0.29248,-0.75967,-0.04721
-0.33542,0.92545,0.17609,0.27624,-0.84912,-0.04587
-0.32939,0.92866,0.17047,0.28691,-0.84011,-0.06776
-0.32542,0.93052,0.16792,0.21468,-0.43635,0.0852
-0.32641,0.92974,0.17032,0.06269,-0.22768,0.13164
-0.33238,0.9256,0.18097,-0.02092,-0.00435,0.35922
-0.33583,0.92187,0.19322,-0.12352,0.71034,0.49081
-0.32546,0.9232,0.20431,-0.29851,0.92795,0.36107
-0.30937,0.92804,0.20735,-0.25862,0.37817,0.4575
-0.30182,0.93106,0.20492,-0.0508,0.1271,0.65087
-0.31022,0.92823,0.20522,-0.06207,0.17946,0.20998
-0.32596,0.91768,0.22709,-0.19031,0.63194,0.19264
-0.33898,0.91224,0.22995,-0.18928,0.31985,-0.01535
-0.33886,0.91889,0.20194,0.94678,0.12838,-0.7338
-0.33063,0.92288,0.19733,0.04195,0.71335,0.05094
-0.31506,0.92555,0.20989,-0.23427,0.22952,0.13885
-0.31165,0.92728,0.20734,-0.20489,-0.09502,-0.23969
-0.3251,0.92446,0.19911,-0.25363,-0.39002,-0.47657
-0.34412,0.92114,0.18181,-0.27447,-0.3361,-0.27996
-0.35327,0.92258,0.15498,-0.2143,0.01013,0.0137
-0.35112,0.92839,0.12153,0.12663,0.16293,0.02469
-0.35292,0.93117,0.09132,0.18948,-0.15053,0.06377
-0.36067,0.92962,0.07546,0.19882,-0.26621,0.05696
-0.36664,0.92807,0.06499,0.14388,-0.51149,-0.10514
-0.37098,0.92742,0.04723,0.22384,-0.5928,-0.09655
-0.37072,0.92834,0.02694,0.18536,-0.52798,-0.05869
-0.36766,0.92994,0.00455,0.0713,-0.33796,0.02815
-0.36484,0.93081,-0.02151,0.04771,-0.38268,-0.00974
-0.35503,0.93385,-0.04295,0.00327,-0.30292,0.01573
-0.34397,0.93729,-0.05605,-0.18152,0.13926,0.21784
-0.33645,0.93931,-0.06688,-0.04049,-0.07389,0.12784
-0.32497,0.94238,-0.07927,0.04596,0.09157,0.38562
-0.3093,0.94699,-0.08671,-0.43816,0.56426,0.31868
-0.30103,0.94905,-0.09308,-0.606,0.37276,0.2481
-0.302,0.94793,-0.101,-0.52184,0.1632,0.27401
-0.3024,0.94712,-0.10723,-0.40689,0.13545,0.27501
-0.30214,0.94643,-0.11386,-0.22833,0.453,-0.04308
-0.30064,0.94744,-0.10929,-0.07059,0.1854,-0.11546
-0.29514,0.95041,-0.09788,0.17806,-0.20269,-0.21009
-0.29182,0.95361,-0.07374,0.01501,0.3933,-0.44122
-0.30349,0.95192,-0.04143,-0.25377,0.54288,-0.37373
-0.31547,0.94884,-0.01245,-0.14022,0.66115,-0.23994
-0.32399,0.94598,0.01092,0.07995,0.57715,0.10438
-0.32888,0.94347,0.04096,0.2438,0.59544,0.31602
-0.33196,0.94021,0.07601,0.20867,0.39571,-0.03516
-0.33297,0.9368,0.10723,0.15625,-0.06905,-0.12807
-0.3332,0.93315,0.13482,0.0879,-0.13985,-0.13582
-0.33526,0.92882,0.15768,-0.02188,-0.56081,-0.09869
-0.3391,0.92466,0.17316,-0.0348,-0.57856,0.03761
-0.34284,0.92121,0.18387,0.05259,-0.63428,-0.04931
-0.34147,0.92012,0.1917,0.14273,-0.81814,-0.08266
-0.33592,0.92152,0.19473,0.34466,-0.97471,-0.05658
-0.32592,0.92554,0.19265,0.41014,-0.72095,-0.02127
-0.31761,0.92937,0.18804,0.33509,-0.42716,0.1408
-0.31422,0.93119,0.18472,0.12214,0.01531,0.32208
-0.31778,0.92903,0.18944,0.0343,0.05368,0.41106
-0.32535,0.92424,0.19974,-0.19497,0.24668,0.30467
-0.32693,0.92131,0.21041,-0.47487,0.83397,0.48167
-0.32339,0.92131,0.21579,-0.26619,0.63089,0.56342
-0.32161,0.92284,0.21188,0.13882,0.2463,0.69417
-0.32689,0.9225,0.2052,0.31162,0.64284,-0.09773
-0.3347,0.91638,0.2195,0.05317,0.77073,0.04324
-0.33712,0.91616,0.21671,0.50751,0.2544,-0.3865
-0.33273,0.92307,0.19285,0.7639,0.24586,-0.89704
-0.32772,0.92418,0.19609,0.48905,0.46631,-0.64261
-0.32417,0.92159,0.21344,-0.28378,-0.16507,-0.35756
-0.33344,0.91919,0.20946,-0.44979,-0.24971,-0.39399
-0.34784,0.91595,0.20003,-0.62665,-0.30232,-0.17084
-0.35626,0.91625,0.18314,-0.35709,-0.01027,-0.1299
-0.35121,0.92271,0.15884,-0.14213,0.10669,-0.07004
-0.34004,0.93123,0.13099,0.21496,-0.02931,0.06309
-0.34032,0.93451,0.10407,0.26617,-0.32911,0.09451
-0.35309,0.93185,0.08339,0.22662,-0.45973,0.02174
-0.36551,0.92867,0.0628,0.16667,-0.56038,-0.14024
-0.36974,0.92831,0.03872,0.19372,-0.39787,-0.01069
-0.36445,0.93101,0.01902,0.11996,-0.16879,0.10255
-0.35544,0.93468,0.00129,0.0302,-0.35615,0.00089
-0.34796,0.93721,-0.02287,-0.00047,-0.55033,-0.0228
-0.33789,0.93977,-0.05136,-0.02273,-0.15396,0.18533
-0.32501,0.94259,-0.07658,-0.078,0.28499,0.22733
-0.31439,0.94451,-0.09505,0.03644,0.06752,0.12711
-0.30292,0.94687,-0.10793,0.07854,0.44104,0.39803
-0.28547,0.95151,-0.11447,-0.23913,0.53101,0.414
-0.26995,0.95561,-0.11794,-0.71416,0.13166,0.26064
-0.26458,0.9566,-0.12202,-0.70016,0.07785,0.25631
-0.26432,0.95608,-0.12658,-0.426,0.23948,-0.05758
-0.26519,0.95519,-0.13137,-0.32915,0.49415,-0.10601
-0.26068,0.95746,-0.12363,0.15315,-0.03718,-0.25987
-0.25147,0.96184,-0.10768,0.25622,-0.02031,-0.26845
-0.25503,0.9635,-0.08123,-0.28594,0.15349,-0.29968
-0.26549,0.96275,-0.051,-0.06688,0.66118,-0.14576
-0.27681,0.9607,-0.01988,0.07158,0.69294,-0.09227
-0.28636,0.95807,0.0082,0.09175,0.54182,0.17875
-0.29156,0.95571,0.03974,0.07751,0.4645,-0.00325
-0.2949,0.95273,0.07286,0.09243,0.14439,-0.13743
-0.29693,0.94962,0.10011,0.06282,-0.12871,-0.10135
-0.29728,0.94658,0.12481,0.04331,-0.27216,-0.10063
-0.29817,0.94313,0.14685,0.08272,-0.54688,-0.09633
-0.30162,0.93917,0.16416,0.13827,-0.63241,-0.09379
-0.30432,0.9358,0.17787,0.17973,-0.74598,-0.13362
-0.30259,0.9345,0.18738,0.27036,-0.77638,-0.19466
-0.29612,0.93619,0.18929,0.35354,-0.83571,-0.14825
-0.2891,0.93973,0.18243,0.33871,-0.69366,-0.0407
-0.28335,0.94329,0.17286,0.24047,-0.34754,0.14354
-0.28077,0.94477,0.16893,0.12279,-0.12142,0.32832
-0.28446,0.94297,0.17277,-0.04763,0.13711,0.38651
-0.28954,0.94009,0.1799,-0.22816,0.31301,0.40967
-0.28355,0.94064,0.18646,-0.59218,0.69978,0.33957
-0.27145,0.94339,0.19049,0.01893,0.38243,0.70858
-0.27138,0.94406,0.18723,0.08949,0.31234,0.44894
-0.28115,0.94045,0.19096,-0.20237,0.80619,0.00811
-0.29133,0.93314,0.21058,0.274,0.38382,-0.27238
-0.29457,0.93408,0.20171,0.63958,-0.14252,-0.34342
-0.28624,0.94162,0.17716,0.47404,-0.27667,-0.56247
-0.27287,0.94473,0.18161,0.24268,0.06845,-0.35433
-0.2678,0.94062,0.20851,-0.42115,0.37693,0.18968
-0.28163,0.93698,0.20669,-0.56421,0.05327,-0.47719
-0.29541,0.9379,0.18178,-0.35517,-0.02777,-0.16303
-0.30471,0.93989,0.15405,0.09291,-0.13404,0.023
-0.30938,0.94146,0.13379,0.26375,-0.18351,-0.14843
-0.31448,0.94291,0.10945,0.28801,-0.23996,-0.13107
-0.32004,0.94387,0.08159,0.31233,-0.37165,-0.0112
-0.32106,0.94524,0.05834,0.19205,-0.24244,0.01084
-0.32022,0.94637,0.04254,0.03005,-0.17177,-0.10519
-0.32093,0.94674,0.02569,0.03075,-0.17214,-0.08834
-0.323,0.94635,0.00803,0.10053,-0.68378,-0.10707
-0.32147,0.94683,-0.01215,0.07391,-0.53661,-0.10279
-0.312,0.94905,-0.04387,0.04967,-0.28726,-0.02124
-0.30115,0.95067,-0.07427,-0.01032,0.15149,0.15495
-0.29072,0.95234,-0.09223,0.0007,0.17068,0.19538
-0.27851,0.95456,-0.10595,0.03289,0.16545,0.24955
-0.26318,0.95791,-0.11455,-0.24188,0.42186,0.33487
-0.24611,0.96174,-0.12022,-0.86586,0.31728,0.24402
-0.23617,0.96385,-0.12327,-0.95414,0.13419,0.26349
-0.23842,0.96267,-0.12801,-0.83268,0.50863,-0.02522
-0.24971,0.95934,-0.13149,-0.4681,0.39564,-0.16293
-0.2658,0.95528,-0.1295,-0.25276,0.21802,-0.24265
-0.2817,0.95191,-0.12034,0.07545,-0.00272,-0.30391
-0.29516,0.95084,-0.09356,0.12788,0.22624,-0.05148
-0.30008,0.9521,-0.05851,0.03336,0.46068,-0.11539
-0.29873,0.95401,-0.02421,0.12974,0.70652,-0.16828
-0.30479,0.95236,0.00837,0.0354,0.30067,-0.01637
-0.3083,0.95049,0.03864,0.02278,0.31697,-0.06208
-0.30782,0.9492,0.06502,0.18249,0.02149,0.03462
-0.30422,0.94845,0.08858,0.1762,-0.07472,0.04086
-0.30055,0.94666,0.11605,0.15507,-0.31949,-0.03154
-0.304,0.94183,0.14319,0.18033,-0.40022,-0.06418
-0.31224,0.93539,0.16589,0.00073,-0.5679,-0.04268
-0.31741,0.93,0.18522,-0.05959,-0.5885,-0.06132
-0.31494,0.92771,0.20033,0.03482,-0.68946,-0.07857
-0.30581,0.92923,0.2073,0.24628,-0.82735,0.00652
-0.29578,0.93266,0.20645,0.32564,-0.75985,0.06461
-0.28982,0.93585,0.20038,0.31573,-0.49498,0.12145
-0.28723,0.93767,0.19553,0.04313,-0.219,0.28703
-0.28823,0.93739,0.19541,-0.03084,-0.08526,0.35307
-0.29463,0.9348,0.19825,-0.20006,1.01498,0.27089
-0.2967,0.93126,0.21139,-0.12514,1.27733,0.42652
-0.28879,0.92982,0.22802,-0.05884,0.94243,0.64376
-0.28389,0.93263,0.22265,-0.00194,0.16997,0.01461
-0.29065,0.93008,0.22459,-0.06982,0.35538,-0.09525
-0.29811,0.92272,0.24429,0.16684,0.3719,-0.04367
-0.30074,0.9238,0.23688,0.65754,-0.18128,-0.26529
-0.30154,0.92838,0.21714,0.35565,-0.39812,-0.49688
-0.30214,0.92797,0.21802,0.10375,0.15914,-0.30831
-0.30563,0.92297,0.23383,-0.49884,0.45522,-0.17979
-0.31781,0.91975,0.23024,-0.38781,0.30189,-0.31012
-0.32919,0.92107,0.20792,0.08965,-0.10278,-0.05568
-0.33975,0.92123,0.18936,0.04707,-0.14166,-0.09242
-0.3438,0.92212,0.17734,-0.00582,-0.0598,-0.07256
-0.3475,0.92413,0.1587,0.06097,-0.12259,-0.05622
-0.35572,0.92492,0.134,0.16336,-0.21825,0.01084
-0.3641,0.92512,0.10748,0.1069,-0.32285,-0.10228
-0.37154,0.92466,0.08317,0.04389,-0.46926,-0.1361
-0.38059,0.92282,0.05923,0.14101,-0.55742,-0.12548
-0.38576,0.92195,0.03406,0.14518,-0.36719,-0.05885
-0.38236,0.92393,0.01069,0.17231,-0.1465,0.00659
-0.37466,0.92707,-0.01166,0.267,-0.27041,0.06247
-0.36209,0.93125,-0.0403,0.1685,-0.21337,0.10372
-0.34524,0.9362,-0.0657,0.01275,0.03118,0.21813
-0.32888,0.94079,-0.08194,-0.18788,0.0942,0.2647
-0.31556,0.94424,-0.09384,-0.35073,0.30059,0.34308
-0.30447,0.94674,-0.10463,-0.32712,0.25642,0.3512
-0.29453,0.94886,-0.11348,-0.46336,0.13549,0.2506
-0.28931,0.94957,-0.12073,-0.42632,0.11543,0.36895
-0.28817,0.949,-0.1278,-0.32574,0.29879,0.19253
-0.29204,0.94686,-0.1347,-0.26366,0.62214,0.04283
-0.29994,0.94462,-0.13305,-0.10649,-0.10366,-0.34323
-0.31056,0.94217,-0.12585,-0.10879,-0.14795,-0.44352
-0.32561,0.93985,-0.10306,-0.29814,0.21901,-0.35566
-0.34244,0.93717,-0.06642,-0.05989,0.67551,-0.09928
-0.35058,0.93614,-0.02656,0.1143,0.69214,-0.05744
-0.34955,0.93689,0.00496,0.3223,0.57334,0.02952
-0.34459,0.93804,0.03618,0.22151,0.36253,-0.10915
-0.34095,0.93779,0.06529,0.09742,0.25685,-0.18995
-0.33879,0.93645,0.09083,0.03471,0.03824,0.00797
-0.3376,0.93412,0.11582,0.01677,-0.30318,-0.02181
-0.34085,0.92942,0.14126,0.04544,-0.33427,-0.09225
-0.34891,0.92329,0.16052,0.08102,-0.49603,-0.09903
-0.35415,0.91927,0.1717,0.12461,-0.77436,-0.09293
-0.35436,0.91842,0.17579,0.11819,-0.89217,-0.05465
-0.34544,0.92217,0.17389,0.34763,-0.78174,0.01007
-0.33124,0.92866,0.16684,0.35643,-0.61636,0.06973
-0.32026,0.93426,0.15667,0.31442,-0.48089,0.09721
-0.31553,0.93728,0.14799,0.08035,-0.22319,0.22879
-0.31832,0.93647,0.14717,0.03576,-0.1336,0.29952
-0.32576,0.93306,0.15245,0.00527,0.06102,0.44612
-0.32381,0.9317,0.16445,-0.42622,1.12996,0.31956
-0.31195,0.93353,0.17654,-0.19478,0.71689,0.63677
-0.30518,0.93618,0.17432,-0.0365,0.39008,0.78651
-0.30931,0.93645,0.16539,0.07389,0.25583,-0.2076
-0.31833,0.92988,0.18425,-0.36543,0.65844,0.29709
-0.32348,0.92511,0.1987,-0.13733,0.42802,-0.02237
-0.31869,0.93152,0.17514,0.79501,-0.20886,-0.55341
-0.31182,0.93606,0.16286,0.35854,0.26984,-0.43491
-0.30272,0.93617,0.17863,-0.33126,0.44615,0.25512
-0.29738,0.93666,0.18493,-0.56352,0.05867,-0.36004
-0.30045,0.93788,0.17341,-0.29051,-0.22362,-0.23725
-0.31097,0.9374,0.15663,-0.09612,-0.30911,-0.11478
-0.32002,0.93736,0.13749,0.00077,-0.12527,-0.01967
-0.32204,0.93998,0.11266,0.10706,-0.04232,-0.0606
-0.32414,0.94244,0.08189,0.15718,-0.11697,0.05964
-0.33154,0.9417,0.05704,0.15095,-0.21997,0.01134
-0.33883,0.93985,0.04298,0.11282,-0.26097,-0.09326
-0.34301,0.93893,0.02695,0.2443,-0.41099,-0.05516
-0.34268,0.93943,0.00318,0.2515,-0.58288,0.05778
-0.33693,0.94131,-0.01959,0.11022,-0.49056,-0.13034
-0.32605,0.94421,-0.04617,0.01285,-0.26554,-0.12906
-0.31171,0.947,-0.07744,0.00327,0.05187,0.17872
-0.29658,0.9499,-0.09848,-0.16094,0.1146,0.27732
-0.28451,0.95237,-0.10957,-0.26921,-0.08769,0.30705
-0.27445,0.95409,-0.11983,-0.20963,-0.00892,0.31785
-0.26123,0.95616,-0.13219,-0.49597,0.31396,0.28502
-0.24766,0.9586,-0.1404,-0.58948,0.27411,0.32877
-0.24034,0.95981,-0.14483,-0.69215,0.08293,0.32284
-0.24052,0.95913,-0.14896,-0.49281,0.43462,-0.0642
-0.24912,0.95632,-0.15283,-0.40762,0.39275,-0.08216
-0.26314,0.953,-0.15003,-0.08473,-0.01931,-0.43254
-0.27961,0.94979,-0.14033,0.03489,0.11979,-0.39731
-0.29458,0.94868,-0.11491,-0.10977,0.40882,-0.45623
-0.30188,0.95037,-0.07512,0.05262,0.84773,-0.1891
-0.3011,0.95274,-0.03994,0.56201,0.73836,-0.0034
-0.30817,0.95126,-0.01031,0.40433,0.55378,0.21818
-0.31298,0.94954,0.01958,0.05213,0.50012,-0.03025
-0.3164,0.94739,0.04814,-0.09681,0.09923,-0.12134
-0.32096,0.94409,0.07517,-0.21942,-0.03604,-0.03261
-0.32457,0.94064,0.09907,-0.08969,-0.25725,-0.02732
-0.3292,0.93684,0.118,0.04054,-0.37925,-0.01531
-0.33502,0.93293,0.13183,0.22872,-0.43863,0.00198
-0.34216,0.9287,0.14285,0.33074,-0.70647,-0.07872
-0.34799,0.9255,0.14935,0.30585,-0.89042,-0.05894
-0.34911,0.92463,0.15212,0.25243,-1.02305,-0.03885
-0.34298,0.92741,0.14913,0.34822,-0.71105,0.04388
-0.33375,0.9317,0.14321,0.32925,-0.55937,0.10238
-0.33141,0.93306,0.13975,0.13946,-0.20589,0.26485
-0.33718,0.92993,0.14667,-0.01172,0.00289,0.43166
-0.34393,0.92483,0.16237,-0.26743,0.37191,0.41522
-0.34062,0.92296,0.17912,-0.45493,0.72751,0.31026
-0.33216,0.92409,0.18893,-0.23164,0.57521,0.56621
-0.33169,0.92485,0.18602,0.15224,0.18347,0.45571
-0.3379,0.92235,0.1872,0.11895,0.37096,0.01638
-0.34575,0.91452,0.20994,-0.18724,0.78058,0.01838
-0.35032,0.91293,0.20927,0.60671,0.02416,-0.36118
-0.34497,0.91859,0.19273,0.7033,-0.17602,-0.44783
-0.33583,0.92053,0.19951,0.18004,0.13453,-0.20317
-0.33048,0.91935,0.21342,-0.38673,0.17509,-0.1037
-0.33378,0.91906,0.20947,-0.47461,0.09968,-0.36445
-0.3405,0.92029,0.19256,-0.24397,-0.09144,-0.12999
-0.34624,0.92197,0.17333,-0.09037,-0.05776,-0.07424
-0.34795,0.92449,0.15562,0.03376,-0.00221,-0.12601
-0.34838,0.92775,0.13371,0.10964,-0.09993,-0.11938
-0.35208,0.92951,0.10956,0.18105,-0.28059,-0.04897
-0.3551,0.93062,0.08834,0.20592,-0.34737,-0.08294
-0.35299,0.93291,0.07097,0.20784,-0.2979,-0.0524
-0.34888,0.93556,0.0545,0.18596,-0.21951,0.07117
-0.34671,0.93712,0.03945,0.07643,-0.21459,0.1277
-0.34867,0.93687,0.02576,0.00355,-0.41676,0.06346
-0.35008,0.93667,0.00744,-0.04167,-0.49961,-0.0023
-0.34346,0.93894,-0.02004,-0.04631,-0.40489,-0.02314
-0.32835,0.94325,-0.04925,0.05827,-0.07532,0.07453
-0.30884,0.94853,-0.06983,0.12395,0.22621,0.17795
-0.28938,0.95357,-0.08325,0.00741,0.23007,0.31551
-0.27371,0.95725,-0.09342,-0.31739,0.23425,0.31138
-0.2625,0.95951,-0.10196,-0.80874,0.1574,0.20429
-0.25824,0.95989,-0.10905,-0.76746,0.10499,0.29747
-0.25657,0.95939,-0.11712,-0.53008,0.20158,0.44303
-0.25386,0.9589,-0.12663,-0.2391,0.56256,0.12453
-0.25546,0.95807,-0.12963,-0.14918,0.31181,0.07151
-0.26024,0.95748,-0.12443,0.07025,-0.18169,-0.11894
-0.26525,0.95749,-0.11325,0.06172,-0.27962,-0.32927
-0.27319,0.95757,-0.09167,-0.42368,0.36368,-0.38127
-0.2862,0.95623,-0.06069,-0.30203,0.68732,-0.202
-0.30166,0.95291,-0.03063,-0.11893,0.75387,-0.23335
-0.31603,0.94873,-0.00156,0.1381,0.74764,0.09734
-0.32513,0.94517,0.03004,0.4539,0.47296,0.0006
-0.33097,0.94187,0.05743,0.37141,0.20841,-0.10957
-0.33454,0.93874,0.0826,0.18666,-0.10574,-0.14658
-0.33678,0.93548,0.10684,-0.20928,-0.23073,0.02089
-0.33937,0.932,0.12712,-0.08265,-0.38586,0.00833
-0.34358,0.92822,0.14255,0.01218,-0.44923,0.01827
-0.34713,0.92553,0.15116,0.24643,-0.62762,-0.07611
-0.34824,0.92419,0.15673,0.29736,-0.86102,-0.14225
-0.34705,0.92455,0.15722,0.32102,-0.97057,-0.12274
-0.34244,0.92758,0.14934,0.34584,-0.74616,0.0204
-0.33809,0.93114,0.13649,0.26134,-0.29026,0.18632
-0.33796,0.9321,0.1301,0.19406,-0.13567,0.2886
-0.34413,0.92893,0.13649,-0.009,0.07492,0.54848
-0.35099,0.92471,0.14724,-0.40641,0.61148,0.49064
-0.34571,0.92536,0.15541,-0.55276,0.88743,0.43178
-0.33884,0.92722,0.15943,-0.14973,0.35021,0.68675
-0.34066,0.92678,0.15808,-0.01724,0.58875,-0.05221
-0.35157,0.92014,0.17234,-0.08334,0.87071,-0.09922
-0.36673,0.91256,0.18085,0.3217,0.26222,-0.33463
-0.3717,0.91382,0.16352,0.69009,-0.27728,-0.46067
-0.36489,0.9181,0.1546,0.68328,-0.28157,-0.45176
-0.3573,0.9189,0.1671,-0.03114,0.32268,0.11156
-0.35502,0.9185,0.17403,-0.46659,0.1411,-0.31797
-0.35606,0.91967,0.16552,-0.35288,0.03773,-0.2907
-0.35691,0.92255,0.14655,-0.08921,-0.02358,-0.05707
-0.36125,0.92474,0.11967,0.0979,-0.04982,-0.05659
-0.36728,0.92561,0.09123,0.12285,-0.13153,-0.05819
-0.37733,0.9239,0.06327,0.21259,-0.33135,0.00631
-0.38628,0.92152,0.03946,0.33978,-0.40094,-0.03748
-0.38782,0.92145,0.02239,0.36288,-0.37868,-0.01563
-0.38413,0.92325,0.00532,0.29271,-0.33685,0.02807
-0.37863,0.92549,-0.00942,0.09826,-0.48463,-0.00393
-0.37421,0.92695,-0.02638,0.04195,-0.52165,-0.11603
-0.36629,0.92885,-0.05507,-0.02047,-0.25124,0.09222
-0.35266,0.93219,-0.08147,-0.1359,0.12932,0.26152
-0.34061,0.93546,-0.09421,-0.21428,0.00196,0.18997
-0.33159,0.9376,-0.1045,-0.21799,-0.00969,0.25134
-0.31993,0.94042,-0.11498,-0.34355,0.44436,0.34447
-0.30463,0.94458,-0.12226,-0.34477,0.28839,0.28173
-0.29429,0.94702,-0.12857,-0.49157,0.14178,0.19029
-0.29426,0.94617,-0.13471,-0.43804,0.57612,-0.11036
-0.30455,0.94218,-0.13973,-0.19743,0.35839,-0.08268
-0.31944,0.9378,-0.13592,0.03152,-0.0331,-0.16677
-0.33567,0.9332,-0.12818,0.12109,-0.16715,-0.15516
-0.35065,0.93047,-0.10603,0.09729,0.04386,-0.21055
-0.35793,0.93103,-0.07105,-0.0572,0.81389,-0.0951
-0.35792,0.93305,-0.03571,0.17611,0.89657,-0.08845
-0.36272,0.93185,-0.00778,0.1695,0.73838,0.02037
-0.37012,0.92872,0.02146,0.1314,0.46445,-0.08298
-0.37423,0.92616,0.04639,0.25074,0.11699,-0.03594
-0.37384,0.92486,0.06961,0.27754,-0.02916,-0.00297
-0.37378,0.92246,0.09653,0.12581,-0.1888,-0.0748
-0.37756,0.91767,0.12367,0.06102,-0.33306,-0.06341
-0.38303,0.91215,0.14574,0.06055,-0.32391,-0.06827
-0.38805,0.90724,0.16219,0.07137,-0.55864,-0.01427
-0.38976,0.90475,0.1717,0.22464,-0.74047,-0.04917
-0.38701,0.90528,0.17507,0.29598,-0.8639,-0.04392
-0.38041,0.90869,0.17183,0.38252,-1.03101,0.00643
-0.37133,0.91366,0.16525,0.32528,-0.54906,0.13535
-0.36502,0.91684,0.16169,0.25195,-0.42651,0.19931
-0.36307,0.91696,0.16533,0.07897,-0.15489,0.31715
-0.36589,0.91402,0.1751,-0.14368,0.02005,0.36719
-0.3679,0.91106,0.18598,-0.29892,0.20033,0.36283
-0.36262,0.91235,0.18999,-0.33579,0.81438,0.43911
-0.35607,0.91543,0.18753,0.10341,0.30128,0.55952
-0.35669,0.91713,0.17778,0.2059,0.10411,0.30695
-0.36341,0.91557,0.17213,0.12287,0.65874,-0.01847
-0.36887,0.91081,0.18527,-0.04996,0.57105,-0.00582
-0.36639,0.91278,0.18046,0.56683,-0.0362,-0.45561
-0.36033,0.91777,0.1668,0.49962,0.03738,-0.43172
-0.35463,0.91997,0.16688,0.12247,0.47066,0.01492
-0.35261,0.91956,0.1733,-0.32229,0.14394,-0.02061
-0.35531,0.91942,0.16851,-0.52203,-0.0551,-0.33408
-0.36049,0.91954,0.15638,-0.31202,-0.24371,-0.14139
-0.366,0.92006,0.13964,-0.03723,-0.11279,-0.05059
-0.36714,0.92261,0.11814,0.18846,0.07984,-0.06892
-0.36475,0.92673,0.08998,0.29558,-0.01428,-0.04239
-0.36115,0.93027,0.06434,0.29666,-0.18309,0.05403
-0.36096,0.9313,0.04862,0.22891,-0.27482,-0.01698
-0.36347,0.93098,0.03373,0.12602,-0.31207,-0.09457
-0.36676,0.93022,0.01243,0.11423,-0.32179,-0.05483
-0.36557,0.9307,-0.01105,0.04324,-0.35886,0.08488
-0.36077,0.93199,-0.03487,0.0698,-0.5159,0.00796
-0.35254,0.93372,-0.06211,0.08195,-0.50759,0.01602
-0.33897,0.93665,-0.0881,-0.01136,-0.22722,0.11408
-0.32335,0.94048,-0.10448,-0.21092,0.1679,0.25692
-0.31057,0.94335,-0.11663,-0.11471,0.08979,0.26457
-0.29696,0.94629,-0.12777,-0.00712,0.25133,0.50712
-0.27455,0.95195,-0.13561,-0.23518,0.29959,0.35248
-0.25393,0.95673,-0.14198,-0.73872,0.26348,0.22375
-0.24667,0.95777,-0.14768,-0.49435,0.13822,0.25545
-0.24743,0.9567,-0.15324,-0.38822,0.38377,0.08784
-0.25393,0.95478,-0.15456,-0.40298,0.5098,-0.08076
-0.26048,0.95432,-0.14627,-0.01252,-0.04513,-0.17479
-0.26591,0.95538,-0.1285,0.0537,-0.04722,-0.2037
-0.2715,0.95735,-0.09867,-0.08548,0.24267,-0.22541
-0.27818,0.95861,-0.06048,-0.00263,0.76988,-0.0035
-0.2889,0.95698,-0.02645,0.06435,0.59699,0.06947
-0.29876,0.95431,0.00159,0.19092,0.50315,0.1447
-0.30489,0.95183,0.0319,0.20266,0.3001,-0.03618
-0.30664,0.94993,0.0598,0.15567,0.0494,-0.04347
-0.30626,0.94805,0.08581,0.0439,-0.16722,-0.03978
-0.30743,0.94505,0.11103,0.02181,-0.32239,-0.07917
-0.31046,0.94126,0.13272,0.09162,-0.48357,-0.08769
-0.3162,0.93685,0.14932,0.16204,-0.62918,-0.09544
-0.32279,0.93299,0.15903,0.18816,-0.74887,-0.11643
-0.32436,0.9323,0.15994,0.28019,-0.8951,-0.10774
-0.32131,0.93444,0.15347,0.27902,-0.96216,0.00965
-0.31381,0.93873,0.14241,0.33524,-0.54847,0.13255
-0.30803,0.94177,0.13472,0.23084,-0.24635,0.24347
-0.3094,0.94116,0.13583,0.07626,-0.04692,0.33527
-0.31752,0.93722,0.14412,-0.09944,0.17887,0.42952
-0.32011,0.93497,0.15271,-0.48355,0.89056,0.39907
-0.31346,0.93589,0.16069,-0.34067,0.67881,0.52664
-0.30779,0.93737,0.16298,0.01415,0.28925,0.61091
-0.31069,0.9358,0.16646,-0.13514,0.96402,0.02751
-0.32158,0.92774,0.18935,-0.22281,0.98582,0.10896
-0.33112,0.92362,0.19299,0.65133,0.24566,-0.34442
-0.32812,0.92846,0.17397,0.66693,-0.40443,-0.47776
-0.31682,0.93222,0.17482,0.15744,-0.02676,-0.2824
-0.30894,0.93191,0.18993,-0.38014,0.05712,-0.00696
-0.31281,0.93138,0.18612,-0.43524,-0.00285,-0.33595
-0.32075,0.93265,0.16508,-0.27851,0.00789,-0.17004
-0.32684,0.93482,0.13878,-0.03827,0.03399,0.04346
-0.33063,0.93688,0.11358,0.15882,-0.11509,-0.0623
-0.33276,0.93896,0.08715,0.18527,-0.21558,-0.0155
-0.34098,0.93804,0.06143,0.27815,-0.35731,0.06107
-0.34888,0.93632,0.03943,0.23912,-0.36786,0.04446
-0.35099,0.93609,0.02277,0.1673,-0.34382,0.01281
-0.34959,0.93687,0.00595,0.02948,-0.29289,-0.00736
-0.34847,0.93725,-0.0103,0.05451,-0.53919,0.02889
-0.34857,0.9368,-0.02956,0.06998,-0.60334,-0.04082
-0.34234,0.93766,-0.05974,0.05301,-0.09206,0.06956
-0.32825,0.94031,-0.08972,0.00232,0.17784,0.21846
-0.31442,0.94355,-0.10409,-0.12857,0.21934,0.26638
-0.3025,0.94621,-0.11465,-0.06237,0.04204,0.31251
-0.28777,0.94952,-0.12475,-0.16892,0.19879,0.39774
-0.27156,0.95334,-0.13179,-0.52669,0.29922,0.25523
-0.26365,0.95466,-0.13815,-0.66459,0.13895,0.17062
-0.26472,0.95326,-0.14556,-0.73784,0.6116,0.03222
-0.2725,0.95089,-0.14673,-0.29963,0.2879,-0.16077
-0.28171,0.94856,-0.14441,-0.04325,0.12119,-0.18451
-0.28882,0.94792,-0.13418,0.12773,-0.05791,-0.20751
-0.29553,0.94886,-0.1109,-0.07024,0.25558,-0.3147
-0.30154,0.95027,-0.0777,0.08265,0.66559,-0.0148
-0.30523,0.95119,-0.04516,0.27375,0.80734,-0.13245
-0.31282,0.94969,-0.01397,0.16589,0.50615,0.05019
-0.31649,0.94845,0.01592,0.04435,0.40704,-0.12534
-0.31559,0.94793,0.04239,0.0407,0.10498,-0.05667
-0.31067,0.94825,0.06533,0.00138,-0.10754,0.083
-0.30501,0.94807,0.09,0.03194,-0.23062,0.03446
-0.30491,0.94553,0.11388,0.08822,-0.44357,-0.00295
-0.31024,0.94152,0.13139,0.17031,-0.4932,-0.03547
-0.31753,0.93729,0.14364,0.16059,-0.7058,-0.00896
-0.32259,0.93438,0.15114,0.23186,-0.87679,-0.09673
-0.32263,0.93426,0.15175,0.25168,-1.05305,-0.04032
-0.31714,0.93726,0.1447,0.31255,-0.95538,0.02905
-0.30923,0.94132,0.13512,0.13522,-0.33593,0.24845
-0.30804,0.94237,0.13043,0.06284,-0.19863,0.33405
-0.31658,0.9389,0.13492,-0.06932,0.04269,0.39907
-0.32496,0.93419,0.14717,-0.64284,0.92511,0.39519
-0.31902,0.93368,0.16255,-0.63347,1.12004,0.46567
-0.31069,0.93503,0.17072,-0.03174,0.61677,0.71759
-0.31384,0.9345,0.16788,0.1931,0.19762,0.50247
-0.32473,0.93039,0.16999,0.21728,0.32816,0.03925
-0.33585,0.92325,0.18646,-0.08063,0.35131,0.04906
-0.33953,0.92214,0.18531,0.56668,-0.07923,-0.70087
-0.33829,0.92386,0.17893,0.42933,0.17597,-0.64329
-0.33347,0.92508,0.18163,0.15939,0.81781,0.0324
-0.32853,0.92724,0.17962,-0.12431,-0.16973,-0.30191
-0.33153,0.92743,0.17298,-0.26546,-0.34066,-0.43064
-0.33779,0.92607,0.16807,-0.37531,-0.40413,-0.29557
-0.34425,0.92625,0.15333,-0.13613,0.03039,-0.16015
-0.34671,0.92975,0.12378,-0.01377,0.17064,-0.09189
-0.3474,0.93379,0.08554,0.26044,0.05419,0.09797
-0.34992,0.93519,0.05419,0.31317,-0.29023,0.04483
-0.35371,0.93455,0.03824,0.25273,-0.36388,-0.03759
-0.35685,0.9338,0.0254,0.21943,-0.49793,-0.02714
-0.35837,0.93353,0.00824,0.1589,-0.47084,-0.06972
-0.35273,0.93564,-0.01154,0.02067,-0.28387,-0.05758
-0.34682,0.93698,-0.04194,-0.02496,-0.29032,0.04944
-0.34003,0.93736,-0.07558,0.00968,-0.06997,0.08762
-0.32844,0.93968,-0.09543,-0.05066,0.0571,0.17409
-0.31818,0.94181,-0.10828,-0.05103,0.03501,0.21941
-0.3077,0.94366,-0.12168,-0.05282,0.22428,0.27958
-0.29229,0.94718,-0.1319,-0.04891,0.35086,0.39267
-0.27353,0.95192,-0.13784,-0.40279,0.27168,0.2915
-0.2606,0.95479,-0.14298,-0.7025,0.21504,0.22768
-0.26124,0.95356,-0.14983,-0.84558,0.30854,0.12138
-0.27358,0.94903,-0.15642,-0.32168,0.29647,-0.17043
-0.28789,0.94511,-0.15447,-0.22603,0.23098,-0.20915
-0.29784,0.94294,-0.14877,-0.07729,0.10786,-0.39972
-0.30376,0.94374,-0.13061,0.24416,0.22707,0.08413
-0.3066,0.94699,-0.09579,0.27254,0.54137,0.08507
-0.31128,0.94837,-0.06056,0.19688,0.64632,-0.2935
-0.31699,0.94802,-0.02722,0.02579,0.33816,-0.10111
-0.3187,0.94784,1e-05,0.02673,0.33919,-0.09499
-0.31796,0.94773,0.02608,0.03542,0.25044,-0.03005
-0.31594,0.94747,0.04943,0.16355,0.04248,0.04052
-0.3146,0.94626,0.07477,0.15421,-0.17259,-0.01518
-0.31767,0.94266,0.10218,0.1445,-0.37462,-0.11077
-0.3244,0.9374,0.12658,0.11367,-0.51523,-0.0571
-0.33137,0.9323,0.14486,0.13092,-0.6096,-0.0798
-0.33502,0.92879,0.15836,0.123,-0.72991,-0.08482
-0.33135,0.92888,0.1654,0.17383,-0.84488,-0.03201
-0.32057,0.93276,0.16478,0.30317,-0.83651,0.03012
-0.31112,0.93646,0.16188,0.3162,-0.49726,0.21029
-0.30766,0.93809,0.15904,0.20987,-0.33679,0.28518
-0.30901,0.93752,0.15982,0.04827,-0.1917,0.2401
-0.31299,0.93531,0.16491,-0.24088,0.00194,0.29231
-0.31196,0.93427,0.17258,-0.54556,0.53944,0.31912
-0.30411,0.93541,0.18025,-0.55341,0.5383,0.31145
-0.30179,0.93567,0.1828,0.04096,0.56504,0.77578
-0.30763,0.93515,0.17559,0.17849,0.02738,0.71359
-0.31725,0.93301,0.16975,-0.03213,0.16892,-0.15171
-0.32457,0.92702,0.18778,-0.13825,0.2343,0.16055
-0.32595,0.92598,0.19048,0.15415,0.05832,-0.20867
-0.32427,0.9317,0.16356,0.7154,0.11597,-0.67769
-0.32111,0.93532,0.14843,0.58549,0.53107,-0.61751
-0.30806,0.93727,0.16309,0.03992,1.06827,0.37595
-0.30069,0.93928,0.16522,-0.44535,-0.35106,-0.39416
-0.30731,0.93844,0.1577,-0.37014,-0.47214,-0.33636
-0.32791,0.93336,0.14587,-0.33333,-0.44169,-0.07914
-0.34494,0.93058,0.12252,-0.16352,-0.19045,-0.06467
-0.34956,0.93234,0.09226,0.13502,0.04898,0.04505
-0.34618,0.93612,0.06179,0.27338,-0.02903,0.03342
-0.34347,0.93824,0.04134,0.40145,-0.19208,-0.00749
-0.34327,0.9388,0.02803,0.35875,-0.35088,-0.06698
-0.34543,0.93837,0.0101,0.29661,-0.49456,-0.11533
-0.34407,0.93885,-0.01181,0.11113,-0.33412,0.00789
-0.34164,0.9392,-0.03388,-0.04829,-0.2147,0.08512
-0.33903,0.93868,-0.06263,-0.02943,-0.43904,0.00408
-0.32958,0.93971,-0.09111,-0.0588,-0.23265,0.09999
-0.31519,0.94271,-0.1092,-0.05224,0.15379,0.27803
-0.29907,0.94631,-0.12261,-0.04204,0.1874,0.23971
-0.28176,0.95031,-0.13232,-0.20968,0.24318,0.48777
-0.26419,0.95442,-0.13879,-0.37534,0.33158,0.42773
-0.25399,0.95635,-0.14439,-0.74718,0.04679,0.24722
-0.25291,0.95575,-0.15016,-0.70456,0.03273,0.24806
-0.25881,0.95305,-0.15711,-0.45052,0.59634,-0.00041
-0.26744,0.95102,-0.15495,-0.1088,0.13823,-0.12425
-0.27545,0.94998,-0.14708,-0.03912,0.03026,-0.20304
-0.28517,0.94981,-0.12846,-0.12944,0.24782,-0.24056
-0.29909,0.94931,-0.09662,-0.23098,0.65528,-0.20033
-0.30934,0.94893,-0.06176,-0.02197,0.78095,-0.09928
-0.31854,0.94737,-0.0315,0.28278,0.58352,0.0356
-0.32415,0.94599,0.00012,0.20016,0.43846,0.0147
-0.32423,0.94553,0.02876,0.11188,0.21524,-0.1258
-0.32183,0.94527,0.05351,0.08413,-0.07358,0.00696
-0.31936,0.9443,0.07924,0.08946,-0.28901,0.00906
-0.31944,0.94182,0.10437,0.14516,-0.45783,-0.04552
-0.32348,0.93774,0.12637,0.14606,-0.52406,-0.02869
-0.32871,0.9333,0.14442,0.15595,-0.70044,-0.05911
-0.3326,0.9296,0.15871,0.18062,-0.78787,-0.06475
-0.32959,0.92943,0.16582,0.21341,-0.88551,-0.03905
-0.32053,0.93309,0.163,0.3501,-0.98091,0.01292
-0.31293,0.93695,0.15545,0.25019,-0.54713,0.09176
-0.31108,0.93865,0.14876,0.14334,-0.43323,0.14459
-0.31549,0.93752,0.14658,0.02376,-0.02566,0.41172
-0.32296,0.9343,0.15081,-0.26465,0.71246,0.38425
-0.32086,0.93357,0.15956,-0.45835,0.97234,0.28226
-0.31213,0.93508,0.1678,-0.03183,0.44979,0.72871
-0.30696,0.93704,0.16643,0.06473,0.12801,0.70823
-0.31244,0.93679,0.1574,0.0254,0.11871,0.17776
-0.32404,0.93069,0.16963,0.00216,0.47873,-0.0538
-0.33087,0.92427,0.19032,-0.06652,0.34533,-0.04569
-0.32676,0.92931,0.17197,0.74604,-0.06914,-0.50167
-0.318,0.93536,0.15472,0.68583,0.22121,-0.70624
-0.30567,0.93696,0.16921,0.08383,0.77132,0.13781
-0.29794,0.93863,0.17368,-0.47306,0.01002,-0.24071
-0.29966,0.93955,0.16556,-0.30488,-0.26099,-0.39615
-0.31281,0.93775,0.1508,-0.21233,-0.34464,-0.12963
-0.32704,0.93628,0.12804,-0.13277,-0.07756,-0.04634
-0.33033,0.93856,0.09977,0.10558,0.12672,-0.00349
-0.32908,0.94183,0.06803,0.21699,-0.06093,-0.00641
-0.33392,0.94152,0.04473,0.28159,-0.27395,0.09166
-0.34235,0.93898,0.0329,0.26816,-0.38829,-0.01963
-0.3502,0.93649,0.01762,0.20384,-0.56587,-0.06883
-0.35175,0.93607,-0.00273,0.17975,-0.51524,0.01653
-0.34914,0.93669,-0.02614,-0.01947,-0.35918,-0.00456
-0.34553,0.93668,-0.05671,0.00905,-0.34786,0.02172
-0.33493,0.9384,-0.0849,-0.00655,-0.14456,0.12698
-0.32326,0.94087,-0.10118,-0.08412,-0.04224,0.31928
-0.31355,0.94266,-0.11422,-0.05067,-0.07523,0.2641
-0.30107,0.94524,-0.12595,-0.0658,0.03406,0.29889
-0.28314,0.94926,-0.13679,-0.24973,0.39957,0.3845
-0.26665,0.95249,-0.1471,-0.30716,0.37319,0.3967
-0.25963,0.95332,-0.15408,-0.7296,0.1466,0.2814
-0.25987,0.95222,-0.16036,-0.67669,0.5166,0.00817
-0.26551,0.95016,-0.16334,-0.50093,0.3615,-0.17734
-0.27314,0.94847,-0.16057,-0.13337,0.0497,-0.27728
-0.28214,0.94724,-0.15204,0.01575,-0.03345,-0.42669
-0.29347,0.94759,-0.12619,0.0295,0.40104,-0.08328
-0.29958,0.94947,-0.09346,0.33467,0.91494,-0.0723
-0.30465,0.95038,-0.06272,0.44621,0.77947,-0.05943
-0.3099,0.95026,-0.03048,0.28245,0.41642,0.11097
-0.31169,0.95016,0.00349,-0.02608,0.32437,-0.11003
-0.31088,0.94994,0.03068,-0.04598,0.09787,-0.03246
-0.3078,0.9499,0.05403,-0.02786,-0.1777,0.08229
-0.30629,0.94842,0.08153,0.05295,-0.25828,-0.0051
-0.30895,0.945,0.10726,0.08357,-0.46994,-0.05904
-0.31704,0.93994,0.12637,0.07965,-0.66209,-0.08136
-0.32416,0.93576,0.13873,0.09314,-0.81486,-0.06198
-0.3263,0.93422,0.14401,0.2042,-0.88636,0.01521
-0.31998,0.93686,0.14098,0.34139,-0.84142,0.05868
-0.30943,0.94175,0.13166,0.36242,-0.68021,0.08954
-0.30246,0.94541,0.12116,0.2641,-0.4073,0.18548
-0.30109,0.94626,0.11789,0.06153,-0.07723,0.37763
-0.30677,0.94355,0.12483,0.02109,0.02851,0.48831
-0.31223,0.94032,0.13524,-0.2913,0.35952,0.32548
-0.30668,0.94034,0.14721,-0.56084,1.03243,0.39637
-0.29954,0.94199,0.15134,-0.13495,0.75662,0.72087
-0.30274,0.94214,0.14384,0.12525,0.10988,0.73333
-0.31339,0.93856,0.14443,0.18233,0.24202,-0.16807
-0.32303,0.93142,0.16755,-0.11985,0.48874,0.06967
-0.32152,0.93295,0.16184,0.37,-0.08225,-0.39655
-0.3138,0.93911,0.13987,0.65293,-0.31721,-0.49546
-0.30789,0.94123,0.1388,0.27191,0.46496,-0.43574
-0.30467,0.93945,0.15682,-0.10703,0.90928,0.38598
-0.30397,0.94078,0.14998,-0.42084,0.08712,-0.30744
-0.30322,0.94266,0.13939,-0.3279,-0.31973,-0.24224
-0.31019,0.94182,0.12935,-0.38808,-0.44083,-0.17018
-0.32127,0.94106,0.10562,0.04698,-0.13273,-0.09604
-0.32712,0.94248,0.06861,0.26007,-0.05953,0.03503
-0.32678,0.94455,0.03183,0.42801,-0.0773,0.17917
-0.32385,0.94601,0.01235,0.24567,-0.25665,0.03631
-0.32394,0.94606,0.00152,0.15257,-0.35843,-0.06095
-0.32423,0.94582,-0.01638,0.19569,-0.60421,-0.02013
-0.31787,0.94735,-0.03823,0.14426,-0.50108,0.07389
-0.30803,0.94911,-0.06545,-0.04805,-0.27514,0.03249
-0.30021,0.94873,-0.0988,-0.09101,-0.2648,0.12448
-0.29008,0.94887,-0.12441,-0.12321,-0.0383,0.21415
-0.27728,0.95085,-0.13778,-0.23326,0.06394,0.23229
-0.26444,0.9525,-0.15097,-0.06176,0.32068,0.50114
-0.25143,0.95431,-0.16143,-0.11204,0.40417,0.47521
-0.23586,0.95709,-0.1683,-0.31814,0.38672,0.31553
-0.22826,0.9582,-0.17241,-0.70425,0.11316,0.36022
-0.22754,0.95745,-0.17749,-0.56288,0.20006,0.28919
-0.23283,0.95575,-0.17972,-0.50023,0.72573,0.05326
-0.2385,0.95548,-0.17365,-0.16482,0.01968,-0.3493
-0.2437,0.95639,-0.16094,0.0847,0.01678,-0.34182
-0.25608,0.95724,-0.13448,0.09525,0.4162,-0.13565
-0.27523,0.95595,-0.10186,0.08605,0.65395,-0.13636
-0.28802,0.95512,-0.06906,0.17619,0.63152,-0.00506
-0.29321,0.95511,-0.04213,0.13647,0.48079,0.07274
-0.29467,0.95552,-0.01119,0.00019,0.43745,-0.01791
-0.29457,0.95545,0.01814,0.078,0.18304,-0.05727
-0.29457,0.95463,0.04346,0.11661,-0.0691,-0.02292
-0.29752,0.95228,0.06794,0.08138,-0.23437,-0.00272
-0.30299,0.94864,0.09086,0.06185,-0.39105,-0.0397
-0.30997,0.9443,0.11037,0.12162,-0.58528,-0.08088
-0.3169,0.94044,0.123,0.15918,-0.70334,-0.07278
-0.31971,0.93902,0.1265,0.26157,-0.9204,-0.04815
-0.31744,0.94021,0.12329,0.27887,-0.9933,-0.01883
-0.31256,0.94259,0.11748,0.29416,-0.89509,0.05311
-0.30842,0.94473,0.11109,0.2501,-0.47073,0.20616
-0.31035,0.94464,0.1064,0.09045,-0.24683,0.28842
-0.31735,0.94202,0.10886,-0.06645,-0.05146,0.49825
-0.3213,0.93964,0.11752,-0.25614,0.33378,0.50406
-0.31178,0.94151,0.1278,-0.45588,0.90526,0.24776
-0.30268,0.94299,0.13828,-0.00865,0.89291,0.70739
-0.30428,0.94278,0.13617,0.11478,0.25038,0.08241
-0.31567,0.9388,0.13773,0.09768,0.40539,-0.29592
-0.32928,0.93008,0.1628,-0.22518,0.38989,0.03396
-0.33332,0.9295,0.15783,0.8518,-0.07441,-0.57564
-0.32594,0.93545,0.1366,0.84886,0.03801,-0.63846
-0.31694,0.93714,0.14593,0.21638,0.60837,-0.22433
-0.3124,0.93615,0.16123,-0.43614,-0.04476,-0.25701
-0.31582,0.93579,0.15662,-0.46993,-0.12529,-0.42719
-0.32271,0.9356,0.14309,-0.37843,-0.23776,-0.06825
-0.32957,0.93656,0.11922,-0.21461,-0.13158,-0.04342
-0.33049,0.9395,0.08992,0.20384,0.10342,-0.03086
-0.33071,0.94194,0.05789,0.30469,-0.08299,0.06042
-0.33701,0.94087,0.03415,0.29645,-0.28364,0.11244
-0.34503,0.93831,0.02232,0.27446,-0.34481,0.06874
-0.35099,0.93626,0.01379,0.15594,-0.5305,-0.1155
-0.35208,0.93595,-0.00145,0.17162,-0.51587,0.00291
-0.34815,0.93716,-0.02234,0.08956,-0.41896,0.07141
-0.34407,0.93763,-0.04933,-0.07498,-0.38612,0.01851
-0.33766,0.93795,-0.07881,-0.07777,-0.27067,0.16696
-0.32501,0.94001,-0.10355,-0.07558,-0.10283,0.26203
-0.31018,0.94279,-0.1221,-0.03128,0.08646,0.17146
-0.29356,0.94605,-0.13709,-0.07395,0.2259,0.32555
-0.27414,0.95018,-0.1483,-0.14295,0.31981,0.43785
-0.25736,0.95366,-0.15581,-0.64797,0.30331,0.27244
-0.25136,0.95438,-0.16112,-0.72444,0.19709,0.14775
-0.2567,0.95164,-0.16872,-0.71585,0.46973,0.00437
-0.26936,0.94812,-0.16881,-0.31366,0.30472,-0.19513
-0.28392,0.94474,-0.16381,-0.04283,0.22752,-0.26852
-0.29416,0.94373,-0.15109,0.09151,0.14105,-0.34249
-0.30121,0.94595,-0.1201,0.22334,0.50699,0.00211
-0.30574,0.948,-0.08828,0.25634,0.79918,-0.20217
-0.31166,0.94845,-0.05742,0.14501,0.69098,-0.1855
-0.31436,0.94883,-0.02964,0.02919,0.40223,-0.01696
-0.31555,0.94889,-0.00256,0.00076,0.32548,-0.04229
-0.31515,0.94883,0.01956,0.04136,0.0711,0.03433
-0.31454,0.94821,0.04407,0.17955,-0.11216,0.07255
-0.31811,0.94533,0.07165,0.1733,-0.23078,-0.0441
-0.32736,0.93997,0.09625,0.10967,-0.52559,0.02537
-0.33896,0.93378,0.11457,0.04775,-0.66254,0.01052
-0.34863,0.92831,0.12912,0.1461,-0.80368,-0.06652
-0.35332,0.92535,0.13737,0.22076,-0.9154,-0.12318
-0.34917,0.92638,0.14101,0.19433,-0.91768,0.01933
-0.33899,0.93043,0.13914,0.28078,-0.38743,0.2016
-0.33246,0.93347,0.13444,0.25304,-0.29698,0.27846
-0.32959,0.93472,0.13283,0.14467,-0.18994,0.28979
-0.32768,0.9347,0.13762,-0.03606,-0.14344,0.33852
-0.32576,0.93463,0.14254,-0.32672,0.02569,0.36644
-0.32342,0.93513,0.14459,-0.41265,0.51383,0.44902
-0.32352,0.93485,0.14614,-0.23223,1.05456,0.59527
-0.32994,0.93315,0.14263,0.05363,0.4516,0.57383
-0.33561,0.93036,0.14752,0.33513,0.75625,-0.00534
-0.33869,0.92671,0.16267,0.1,0.61534,-0.16458
-0.33431,0.92933,0.15671,0.49986,0.15272,-0.33924
-0.32908,0.93274,0.14721,0.45288,-0.33917,-0.31245
-0.32465,0.93456,0.14553,0.30179,-0.1765,-0.33802
-0.3222,0.93412,0.15357,0.04186,0.17155,-0.02918
-0.32382,0.93384,0.15186,-0.41699,0.07591,-0.19651
-0.32069,0.93716,0.13731,-0.27418,0.09291,-0.09309
-0.32109,0.93962,0.11826,-0.16756,0.04692,-0.0622
-0.32878,0.93935,0.09747,0.03503,-0.14032,-0.09895
-0.34125,0.93723,0.07155,0.22788,-0.36931,-0.00683
-0.35158,0.93504,0.04558,0.285,-0.41297,0.05607
-0.35199,0.93559,0.02753,0.2772,-0.32667,-0.01848
-0.34679,0.93781,0.01477,0.20456,-0.24093,0.00774
-0.34387,0.939,6e-05,0.10521,-0.13021,0.08066
-0.34492,0.93848,-0.01599,0.13022,-0.60271,0.02335
-0.34507,0.9378,-0.03798,0.06533,-0.72672,-0.13813
-0.33638,0.9391,-0.07007,0.03008,-0.4763,-0.02393
-0.32277,0.94135,-0.09827,0.04212,0.18614,0.07721
-0.30933,0.94337,-0.1198,0.12087,0.10929,0.24436
-0.29046,0.94718,-0.1359,-0.11316,0.28402,0.34651
-0.26739,0.95237,-0.1465,-0.51786,0.27135,0.31544
-0.24958,0.95572,-0.15583,-0.66591,0.23649,0.30376
-0.24181,0.95657,-0.16273,-0.65021,0.21009,0.28808
-0.23888,0.95597,-0.1704,-0.56342,0.23707,0.20493
-0.23886,0.95463,-0.17781,-0.43607,0.54012,0.05044
-0.24211,0.9539,-0.17732,-0.15213,0.26165,-0.15798
-0.24943,0.95299,-0.17195,-0.08178,0.04748,-0.32031
-0.26044,0.95255,-0.15747,0.0341,-0.02572,-0.27871
-0.27382,0.95373,-0.12409,0.20884,0.46273,0.08468
-0.28947,0.95323,-0.08677,0.18545,0.74165,-0.21763
-0.301,0.95208,-0.05405,-0.01887,0.50964,-0.0649
-0.3035,0.95228,-0.03198,0.01974,0.36164,0.09428
-0.30429,0.95254,-0.00739,-0.07466,0.32842,0.03078
-0.30372,0.95258,0.01801,0.05715,0.11493,0.00243
-0.30001,0.95289,0.04431,0.10505,-0.1013,0.06288
-0.29775,0.95194,0.07157,0.11496,-0.21336,-0.01217
-0.30239,0.9484,0.09523,0.18399,-0.4988,-0.02523
-0.3096,0.94419,0.11242,0.17269,-0.57861,-0.05662
-0.31461,0.94118,0.12316,0.10685,-0.72797,-0.00723
-0.31367,0.941,0.1269,0.14333,-0.8565,0.04066
-0.30639,0.94373,0.12435,0.195,-0.92341,0.07054
-0.29892,0.94679,0.11923,0.37658,-0.76507,0.02734
-0.29603,0.94803,0.11653,0.33955,-0.46927,0.19566
-0.29807,0.94729,0.11738,0.18032,-0.30716,0.21306
-0.30511,0.94443,0.12222,-0.04827,-0.21309,0.28755
-0.31243,0.94142,0.12685,-0.22754,0.03218,0.36993
-0.31077,0.94052,0.13719,-0.39814,0.93811,0.39647
-0.30509,0.9408,0.14763,-0.2633,1.05733,0.56353
-0.30143,0.94237,0.14511,0.15601,0.05777,0.60883
-0.30519,0.94173,0.14131,0.10177,0.07996,0.10535
-0.31163,0.936,0.16358,-0.02585,0.75636,0.0564
-0.31774,0.93225,0.17297,0.47112,0.1085,-0.2475
-0.31992,0.93527,0.15126,0.67112,-0.23274,-0.40866
-0.31854,0.93634,0.14755,0.35829,-0.16003,-0.7051
-0.31039,0.93583,0.16686,-0.37412,0.37975,0.24726
-0.30658,0.93697,0.16753,-0.51045,0.23924,-0.1181
-0.30857,0.93875,0.15331,-0.14721,-0.17808,-0.07653
-0.31484,0.93952,0.13472,-0.03911,-0.14086,-0.05305
-0.32088,0.94026,0.11368,0.06605,-0.05151,2e-05
-0.32535,0.94149,0.08779,0.15822,-0.12365,0.02289
-0.3319,0.94129,0.06161,0.16504,-0.28012,0.11242
-0.33888,0.93983,0.04299,0.15756,-0.33267,0.07938
-0.34376,0.93857,0.02981,0.09248,-0.40125,-0.07779
-0.34554,0.93831,0.01237,0.13429,-0.45069,-0.04371
-0.34289,0.93933,-0.0081,0.17136,-0.49952,0.0012
-0.33844,0.94036,-0.03415,0.04184,-0.44713,-0.00967
-0.33198,0.94082,-0.06796,0.0088,-0.2725,0.0854
-0.32111,0.94227,-0.09488,-0.08077,0.06198,0.18124
-0.3103,0.94419,-0.11043,-0.08445,0.07921,0.21045
-0.29902,0.94638,-0.12222,0.01457,0.04772,0.24452
-0.28207,0.95032,-0.13156,-0.13701,0.25001,0.41989
-0.26084,0.95546,-0.13799,-0.52984,0.33301,0.35324
-0.24861,0.95773,-0.14465,-0.85785,0.15938,0.27906
-0.24802,0.95666,-0.15255,-0.69771,0.19511,0.29258
-0.25176,0.95417,-0.16171,-0.40609,0.5826,0.01452
-0.2586,0.95219,-0.16262,-0.24105,0.35143,-0.16484
-0.26769,0.95052,-0.15757,-0.0917,0.15434,-0.17576
-0.27729,0.95022,-0.14204,0.09997,-0.10602,-0.16683
-0.28392,0.95211,-0.11341,-0.04668,0.25848,-0.20187
-0.28432,0.95532,-0.08061,-0.08467,0.50128,-0.20874
-0.29134,0.9554,-0.04817,0.14455,0.77561,-0.15604
-0.30322,0.95275,-0.01724,0.06497,0.51382,0.04493
-0.31114,0.95028,0.01158,0.06695,0.44008,-0.0634
-0.31377,0.94884,0.03513,0.13582,0.1108,-0.02719
-0.31299,0.94796,0.05807,0.09986,-0.14891,0.0225
-0.31354,0.94589,0.08345,0.05813,-0.24894,-0.00606
-0.31912,0.94148,0.10838,0.0234,-0.35466,-0.01071
-0.32542,0.93666,0.12939,0.06375,-0.43429,8e-05
-0.33077,0.93242,0.14546,0.16912,-0.64975,-0.03951
-0.33171,0.93063,0.15447,0.21146,-0.78436,-0.07554
-0.32579,0.93247,0.156,0.26441,-0.92565,-0.02916
-0.31721,0.93629,0.15072,0.27339,-0.91561,-0.00056
-0.31025,0.9396,0.14446,0.25642,-0.48602,0.10259
-0.30839,0.94063,0.14175,0.13801,-0.13502,0.30067
-0.31289,0.93859,0.14531,0.10265,-0.02148,0.35
-0.31828,0.93578,0.15159,-0.07326,0.14564,0.42859
-0.31466,0.93548,0.16074,-0.43166,0.87214,0.38018
-0.30684,0.93666,0.1688,-0.36259,0.77262,0.56249
-0.30564,0.93743,0.16669,-0.02528,0.41125,0.82097
-0.31382,0.93616,0.1584,0.04255,-0.01833,0.64586
-0.32531,0.93081,0.16657,-0.01694,-0.02448,0.04768
-0.33172,0.92537,0.18335,-0.05302,0.24856,-0.08171
-0.32738,0.931,0.16133,0.47231,0.09561,-0.36871
-0.32318,0.93542,0.14325,0.77981,0.07401,-0.59603
-0.31731,0.93658,0.14871,-0.23932,0.33869,0.13701
-0.31235,0.93781,0.15141,-0.29658,-0.10775,-0.15464
-0.31425,0.93867,0.14184,-0.21157,-0.27621,-0.36096
-0.32543,0.93611,0.13332,-0.23878,-0.42216,-0.11925
-0.33649,0.93413,0.11894,-0.15568,-0.14894,-0.12667
-0.33947,0.93596,0.09339,0.0129,0.14748,-0.0154
-0.33833,0.93904,0.06092,0.19131,0.0466,0.05094
-0.33995,0.93966,0.03802,0.33284,-0.17987,0.06319
-0.3439,0.9386,0.02713,0.25037,-0.33789,-0.07146
-0.34744,0.93757,0.01493,0.19564,-0.42141,-0.1059
-0.34902,0.9371,-0.00177,0.12798,-0.33163,-0.02713
-0.3468,0.9377,-0.02085,-0.00403,-0.16073,0.05626
-0.34499,0.9376,-0.04328,-0.00947,-0.43982,0.01155
-0.34072,0.93751,-0.07048,-0.0577,-0.37775,0.04982
-0.33127,0.93889,-0.09336,-0.10201,-0.24033,0.16155
-0.31848,0.94171,-0.10833,-0.1877,0.05169,0.29571
-0.3058,0.94428,-0.12165,-0.07257,0.04331,0.25839
-0.29063,0.94734,-0.13442,-0.05002,0.10628,0.35027
-0.27198,0.95131,-0.145,-0.3475,0.36315,0.28579
-0.26099,0.95291,-0.15433,-0.49938,0.1438,0.3049
-0.25905,0.9522,-0.1618,-0.43446,0.19361,0.35983
-0.26129,0.9502,-0.16979,-0.58856,0.55674,0.11356
-0.26714,0.94836,-0.17099,-0.49315,0.3902,-0.01641
-0.27447,0.94699,-0.16688,-0.2021,0.09141,-0.09484
-0.28055,0.94695,-0.15673,0.07049,-0.04878,-0.34448
-0.28506,0.94946,-0.13136,0.16015,0.27733,-0.13132
-0.29006,0.95158,-0.10171,0.15456,0.62102,-0.13753
-0.29683,0.95213,-0.07297,0.03835,0.46346,-0.18423
-0.30113,0.95241,-0.04701,0.08406,0.37498,0.10777
-0.30339,0.95268,-0.01863,0.03881,0.36449,0.1254
-0.30413,0.95256,0.01067,0.13947,0.20467,-0.02515
-0.30405,0.9519,0.03758,0.16625,-0.0161,-0.03036
-0.30603,0.94981,0.0646,0.08078,-0.18636,-0.01028
-0.31254,0.94571,0.08904,0.06718,-0.29744,-0.01441
-0.32575,0.93894,0.11074,0.07048,-0.46161,0.08062
-0.34221,0.93046,0.13081,0.08522,-0.53929,0.05516
-0.35433,0.9234,0.14754,0.13286,-0.63864,-0.07834
-0.35683,0.92107,0.15581,0.11391,-0.89242,-0.01599
-0.34958,0.92384,0.15583,0.19865,-0.93298,0.04591
-0.34023,0.92824,0.15029,0.31336,-0.53547,0.09279
-0.33376,0.93157,0.14406,0.19844,-0.34921,0.22393
-0.33217,0.93236,0.14263,0.09686,-0.19628,0.30964
-0.33467,0.9315,0.14242,0.07327,-0.08641,0.44425
-0.33256,0.9323,0.14213,-0.14114,0.22806,0.42834
-0.32121,0.93533,0.14819,-0.4725,1.0147,0.60117
-0.31973,0.93575,0.14875,-0.31421,0.81811,0.78197
-0.32742,0.93397,0.14309,0.12507,0.2578,0.2936
-0.33735,0.92785,0.15894,0.24416,0.53611,-0.12976
-0.34128,0.92688,0.15621,-0.08152,0.37247,-0.02397
-0.33717,0.93155,0.13602,0.71323,-0.08988,-0.61533
-0.32941,0.9339,0.13889,0.28837,0.34187,-0.23562
-0.32313,0.9342,0.15113,-0.01839,0.31556,0.12327
-0.32747,0.93316,0.14814,-0.14172,0.11553,-0.15237
-0.33542,0.93184,0.1384,-0.37448,-0.11608,-0.2028
-0.33965,0.93227,0.12444,-0.2991,-0.14362,-0.04156
-0.34044,0.93403,0.10798,-0.14278,-0.09601,-0.02185
-0.34202,0.93577,0.08563,0.12164,-0.00093,-0.12187
-0.34852,0.93557,0.0568,0.2459,-0.17406,0.02256
-0.35577,0.934,0.03237,0.26791,-0.25427,0.07574
-0.35915,0.93309,0.01826,0.17558,-0.30904,-0.0596
-0.35879,0.9334,0.00441,0.11953,-0.3145,0.08769
-0.35599,0.93441,-0.01173,0.10913,-0.30593,0.11228
-0.35168,0.93571,-0.02717,0.05478,-0.31581,0.10246
-0.34702,0.93643,-0.05161,-0.02647,-0.5769,-0.01519
-0.33684,0.93775,-0.08448,-0.02205,-0.41609,0.07485
-0.31951,0.94113,-0.11034,-0.01914,0.06402,0.25904
-0.30153,0.94493,-0.12718,-0.05739,0.14063,0.28919
-0.28701,0.94765,-0.13984,-0.20249,0.32117,0.42976
-0.27075,0.95123,-0.14779,-0.30962,0.3984,0.44294
-0.25413,0.95485,-0.1538,-0.47661,0.22377,0.38567
-0.24667,0.95583,-0.15979,-0.60598,0.12686,0.26485
-0.24541,0.95497,-0.16668,-0.51397,0.25297,0.13625
-0.24796,0.95366,-0.17037,-0.39433,0.64055,-0.00299
-0.24974,0.95431,-0.16402,-0.05171,0.06597,-0.21217
-0.25217,0.95555,-0.15268,-0.01917,-0.08163,-0.31085
-0.25761,0.95771,-0.12805,0.08452,-0.0639,-0.20726
-0.26775,0.9589,-0.09381,0.01463,0.59866,-0.0758
-0.28044,0.9581,-0.0581,0.0575,0.71845,-0.04641
-0.2884,0.95701,-0.03058,-0.08754,0.4414,0.06204
-0.28971,0.95709,-0.00381,-0.11353,0.41102,0.06791
-0.28878,0.95708,0.02411,-0.0818,0.28975,-0.06253
-0.28546,0.95716,0.0483,0.02928,-0.02712,0.05082
-0.28281,0.95634,0.07355,0.04076,-0.09004,-0.0028
-0.28566,0.95333,0.09765,0.12854,-0.32371,-0.04938
-0.29378,0.94888,0.11531,0.13583,-0.5963,0.00139
-0.30405,0.94375,0.12982,0.13196,-0.67734,-0.004
-0.31187,0.93945,0.14191,0.18676,-0.75649,-0.06809
-0.31476,0.93758,0.1478,0.25632,-0.84678,0.05379
-0.3101,0.93945,0.14576,0.34733,-0.61354,0.03782
-0.30273,0.94277,0.13966,0.30955,-0.43751,0.07492
-0.29858,0.94427,0.13848,0.06276,-0.14694,0.26402
-0.29972,0.94263,0.14696,-0.01194,-0.07143,0.35678
-0.30249,0.9398,0.15887,-0.11354,0.23047,0.43262
-0.2994,0.93964,0.16554,-0.33465,0.57389,0.51204
-0.28708,0.94382,0.16362,-0.3111,0.58452,0.58329
-0.2784,0.94748,0.15731,-0.11555,0.24541,0.7541
-0.28213,0.94688,0.15423,-0.05287,0.42389,0.04737
-0.29499,0.94049,0.16864,-0.20246,0.72345,0.19728
-0.30779,0.93461,0.17817,0.12316,0.27227,-0.09649
-0.31448,0.9364,0.15564,0.67223,-0.40388,-0.30758
-0.31467,0.93879,0.14008,0.45408,-0.20311,-0.56183
-0.30486,0.94024,0.15159,0.10944,0.22663,0.06435
-0.29143,0.94237,0.16424,-0.59122,0.20608,-0.1012
-0.28778,0.94497,0.15552,-0.47609,-0.05629,-0.34772
-0.29559,0.94548,0.13662,-0.28864,-0.1857,-0.06228
-0.30713,0.94495,0.11274,-0.12875,-0.26348,-0.04085
-0.31411,0.94549,0.08583,0.03814,-0.28017,0.03952
-0.31391,0.94754,0.05995,0.21792,-0.25481,0.08329
-0.30825,0.9504,0.04111,0.23043,-0.19808,0.02406
-0.30311,0.95257,0.02681,0.1777,-0.19958,0.01716
-0.303,0.95292,0.01067,0.13681,-0.30683,-0.02034
-0.30499,0.95232,-0.00625,0.16222,-0.52428,0.03174
-0.30598,0.95165,-0.02661,-0.02858,-0.31196,-0.06605
-0.30196,0.95186,-0.05257,-0.0622,-0.19577,0.02124
-0.29477,0.95279,-0.07265,-0.13335,-0.11008,0.19611
-0.28445,0.95479,-0.08631,-0.14122,0.01227,0.21067
-0.27055,0.95756,-0.09931,-0.08063,0.07148,0.25402
-0.2527,0.96127,-0.10994,-0.21292,0.26203,0.32994
-0.23545,0.96433,-0.12089,-0.38515,0.28529,0.39072
-0.22724,0.96497,-0.13108,-0.68078,0.28601,0.20003
-0.22702,0.9638,-0.13978,-0.67939,0.15798,0.34173
-0.23042,0.96144,-0.15009,-0.41361,0.37456,0.05964
-0.23978,0.95856,-0.15377,-0.43157,0.46307,-0.06939
-0.25298,0.95573,-0.15022,-0.19038,-0.08161,-0.21207
-0.26547,0.95416,-0.13817,0.02846,-0.07517,-0.19569
-0.27359,0.9552,-0.11274,-0.0028,0.18879,-0.23921
-0.27317,0.95847,-0.08182,0.02302,0.66273,-0.16795
-0.27781,0.95917,-0.05278,0.1062,0.50367,-0.11956
-0.28603,0.95792,-0.02351,0.12126,0.43708,0.01819
-0.29191,0.95643,0.00396,0.11269,0.26159,-0.02147
-0.29523,0.95505,0.02654,0.11602,0.26297,-0.04405
-0.29711,0.95369,0.04671,0.10866,-0.01605,0.0715
-0.30054,0.9512,0.0698,0.03239,-0.18677,0.0325
-0.30857,0.94674,0.09192,0.01847,-0.27472,-0.01038
-0.31871,0.94179,0.10696,0.03883,-0.4019,-0.01087
-0.32668,0.93765,0.11858,0.12836,-0.71649,0.00039
-0.32988,0.93557,0.12597,0.14978,-0.80653,-0.01602
-0.32543,0.93692,0.12752,0.22092,-0.96615,0.03068
-0.31795,0.93975,0.12552,0.31961,-0.65899,0.00493
-0.31447,0.94143,0.12166,0.2759,-0.5615,0.0696
-0.31551,0.94148,0.11852,0.20418,-0.37555,0.14602
-0.32158,0.9391,0.12106,-0.05275,0.00364,0.41214
-0.32782,0.93643,0.12495,-0.1175,0.228,0.39664
-0.32229,0.93745,0.13152,-0.25698,0.96603,0.41677
-0.30804,0.94098,0.14019,-0.20447,0.72031,0.47787
-0.30038,0.94337,0.14071,-0.01657,0.22722,0.55674
-0.30311,0.94213,0.14313,-0.054,0.65411,0.25506
-0.31345,0.93636,0.15798,-0.29107,0.63426,0.26236
-0.32249,0.93173,0.1669,0.3701,0.15862,-0.35047
-0.3269,0.93102,0.16223,0.48346,-0.01363,-0.31073
-0.32317,0.93375,0.15377,0.3129,-0.17675,-0.07251
-0.31799,0.93573,0.15258,-0.06544,-0.0312,-0.19755
-0.32079,0.93421,0.15594,-0.35218,0.0032,-0.24676
-0.32709,0.93375,0.14528,-0.35997,-0.14702,-0.28561
-0.32648,0.93716,0.12294,-0.11494,0.05382,-0.04708
-0.32378,0.94136,0.09477,0.05634,0.14699,0.05298
-0.32642,0.94288,0.06643,0.13455,-0.07192,0.03974
-0.33535,0.94111,0.04286,0.16697,-0.3417,0.05978
-0.34458,0.93849,0.02203,0.16938,-0.47415,-0.0489
-0.34664,0.93798,0.00217,0.14317,-0.43778,0.00396
-0.34143,0.93974,-0.01694,0.08276,-0.30083,0.03653
-0.33336,0.94229,-0.0308,0.06302,-0.19639,0.21085
-0.32953,0.94308,-0.04469,0.06284,-0.43345,0.12449
-0.32677,0.94258,-0.06893,0.02399,-0.6654,0.04132
-0.31703,0.94273,-0.10357,-0.05529,-0.34044,0.12684
-0.30339,0.94404,-0.12932,-0.09498,0.11167,0.18573
-0.29042,0.9454,-0.14787,0.0055,0.22265,0.10823
-0.27414,0.94835,-0.15956,0.05363,0.32847,0.37143
-0.2539,0.95299,-0.1653,-0.05112,0.47834,0.49052
-0.23885,0.95599,-0.17036,-0.72714,0.11896,0.242
-0.23469,0.95645,-0.17352,-0.84316,-0.02048,0.25397
-0.23577,0.95514,-0.17916,-0.60799,0.11064,0.30041
-0.24126,0.95304,-0.183,-0.30022,0.42979,0.0723
-0.24562,0.95289,-0.17793,-0.1631,0.15299,-0.11136
-0.25115,0.95327,-0.1679,0.06502,-0.23835,-0.29775
-0.26086,0.95429,-0.14582,0.04061,-0.13064,-0.32048
-0.2725,0.95529,-0.11465,0.00533,0.78741,-0.04491
-0.28245,0.95562,-0.08368,0.32629,0.8439,-0.10533
-0.29083,0.95515,-0.05559,0.24096,0.50362,0.17809
-0.29396,0.95548,-0.02523,0.19493,0.45171,0.14875
-0.29385,0.95583,0.0037,0.08221,0.12148,-0.08632
-0.29187,0.95607,0.02677,-0.0249,-0.09163,0.09803
-0.29109,0.95533,0.05089,-0.07769,-0.17864,0.11427
-0.29339,0.95287,0.07712,-0.06169,-0.3326,0.03712
-0.30044,0.94845,0.10073,0.08947,-0.47916,-0.02194
-0.31018,0.94329,0.11815,0.18787,-0.56863,-0.07392
-0.31697,0.93986,0.12713,0.26279,-0.82637,-0.09086
-0.31725,0.93962,0.12822,0.24065,-0.94727,-0.06048
-0.31251,0.9422,0.12072,0.17596,-0.9653,-0.05929
-0.30563,0.9458,0.10971,0.26811,-0.31477,0.23844
-0.30428,0.94709,0.10202,0.24863,-0.18809,0.31342
-0.30692,0.94561,0.10773,0.20487,0.01628,0.35644
-0.31058,0.94269,0.1219,-0.10017,0.18732,0.50839
-0.31006,0.94155,0.13165,-0.46689,0.58514,0.39855
-0.30921,0.94106,0.13698,-0.54255,0.63311,0.43937
-0.31455,0.93945,0.13591,-0.08952,0.12876,0.85629
-0.32674,0.93604,0.13055,0.06318,0.15205,-0.24013
-0.3382,0.92921,0.14888,0.13372,0.55068,-0.09489
-0.34433,0.92698,0.14874,0.24546,0.41454,-0.31031
-0.33853,0.9312,0.13506,0.45218,0.1717,-0.50086
-0.32908,0.93382,0.14021,0.23358,0.31478,-0.10385
-0.32551,0.93439,0.14468,0.06464,0.12254,0.02007
-0.33034,0.93324,0.14113,-0.18093,-0.16932,-0.3251
-0.33843,0.93108,0.13611,-0.30437,-0.32842,-0.26613
-0.34269,0.93123,0.12388,-0.24973,-0.08954,-0.14015
-0.33911,0.93508,0.103,-0.06565,0.20065,-0.10218
-0.33187,0.94046,0.07332,0.15129,0.19373,-0.03653
-0.33106,0.94243,0.04688,0.28371,-0.07855,0.11762
-0.33754,0.94068,0.03427,0.19037,-0.37038,0.01355
-0.34376,0.93872,0.02458,0.08747,-0.50153,-0.07613
-0.34409,0.93888,0.00876,0.08782,-0.48783,-0.00804
-0.33941,0.94059,-0.00796,0.06274,-0.31642,0.09496
-0.33514,0.94179,-0.02618,-0.03478,-0.31896,0.09585
-0.33201,0.94182,-0.05213,0.01344,-0.58313,0.0523
-0.32266,0.94281,-0.08356,-0.01222,-0.14819,0.13924
-0.30809,0.94517,-0.10823,-0.01854,0.05303,0.1915
-0.29397,0.94748,-0.12587,-0.03504,0.15558,0.20125
-0.27979,0.94998,-0.1387,-0.02212,0.07115,0.27672
-0.26093,0.95389,-0.1483,-0.17147,0.17911,0.43112
-0.24334,0.95731,-0.15597,-0.48324,0.26092,0.34031
-0.23716,0.9575,-0.1641,-0.75507,0.03138,0.18475
-0.2381,0.95568,-0.17312,-0.61036,0.1223,0.28303
-0.24311,0.95283,-0.18167,-0.54247,0.6054,0.1757
-0.24779,0.95153,-0.18214,-0.32539,0.38648,-0.06554
-0.25292,0.9509,-0.17834,-0.19506,0.2012,-0.09066
-0.25965,0.95143,-0.16538,0.04519,-0.08468,-0.39056
-0.26761,0.95399,-0.13516,0.01592,0.27393,-0.14965
-0.27648,0.95564,-0.10147,0.20211,0.80233,-0.09709
-0.28764,0.95531,-0.06797,0.10262,0.5527,0.00682
-0.29323,0.95524,-0.03884,0.12871,0.4459,0.04865
-0.29577,0.95519,-0.01032,0.09034,0.31568,0.00299
-0.29697,0.95474,0.01635,0.04332,0.07006,-0.00108
-0.29557,0.95437,0.04234,0.01884,-0.00472,0.02548
-0.29504,0.95307,0.06774,-0.05999,-0.1352,0.0335
-0.29942,0.94989,0.08969,0.03384,-0.40307,0.04694
-0.30958,0.94479,0.10726,0.08859,-0.52372,0.00745
-0.31965,0.93986,0.12022,0.14021,-0.69549,-0.00467
-0.32295,0.93791,0.12648,0.20142,-0.8273,-0.03647
-0.31827,0.93973,0.12483,0.2664,-0.87835,-0.03869
-0.30984,0.94346,0.11771,0.41366,-0.72685,0.01719
-0.30426,0.94648,0.10763,0.31602,-0.49736,0.15
-0.30294,0.94797,0.09776,0.15834,-0.32241,0.21593
-0.30597,0.94732,0.09458,0.00351,-0.10337,0.3119
-0.31011,0.9454,0.10012,-0.13142,0.12459,0.43196
-0.3055,0.94537,0.11367,-0.3814,0.72867,0.29476
-0.29953,0.94546,0.12795,-0.29909,0.99499,0.53964
-0.30234,0.94428,0.12999,-0.12823,0.39581,0.83446
-0.31336,0.94128,0.12558,-0.03164,0.0233,0.51701
-0.32853,0.93444,0.13736,0.01595,0.17532,0.00679
-0.33767,0.92826,0.15582,-0.11257,0.49764,0.18922
-0.33497,0.93124,0.14338,0.62882,0.24146,-0.34772
-0.32929,0.93587,0.12528,0.73106,-0.13422,-0.47782
-0.32222,0.93798,0.12781,0.23175,0.40441,-0.22164
-0.31701,0.93892,0.1338,-0.30921,0.3287,0.00414
-0.31815,0.93957,0.12632,-0.33322,-0.02595,-0.29797
-0.32532,0.93855,0.11519,-0.18473,-0.22303,-0.09111
-0.33321,0.93733,0.10178,-0.11497,-0.14843,-0.0332
-0.33836,0.93745,0.08167,0.02862,0.0361,-0.06424
-0.34619,0.93665,0.05305,0.1692,-0.04026,0.00495
-0.35541,0.93434,0.02606,0.27829,-0.29597,0.0457
-0.35889,0.9333,0.01105,0.26623,-0.32234,-0.0175
-0.35714,0.93404,-0.00161,0.15441,-0.30138,0.01819
-0.35386,0.93507,-0.01983,0.09916,-0.26967,0.01765
-0.35027,0.93585,-0.03843,-0.01867,-0.28364,0.12604
-0.34781,0.93573,-0.0585,-0.004,-0.47935,0.09261
-0.34056,0.93635,-0.08513,0.02063,-0.61222,0.0574
-0.32472,0.93895,-0.11363,-0.05576,-0.18208,0.2475
-0.3077,0.94197,-0.13415,-0.08776,0.01296,0.33178
-0.29363,0.94423,-0.14898,-0.08181,-0.01245,0.31892
-0.28212,0.94555,-0.16224,-0.24006,0.11539,0.39863
-0.27512,0.94587,-0.17209,-0.46326,0.30051,0.34058
-0.27531,0.94436,-0.17989,-0.45818,0.26641,0.26176
-0.27812,0.94216,-0.18701,-0.36587,0.31498,0.281
-0.2755,0.94196,-0.1918,-0.09599,0.30068,0.23459
-0.26946,0.94281,-0.19616,-0.13133,0.42468,-0.00181
-0.26336,0.94618,-0.18807,-0.01542,0.17453,-0.18262
-0.26017,0.9503,-0.17092,0.0363,-0.18748,-0.35795
-0.26714,0.95342,-0.14003,-0.04591,-0.13777,-0.43956
-0.27814,0.95507,-0.10226,-0.26434,0.66128,0.00111
-0.28589,0.95566,-0.07043,-0.02603,0.7137,0.1087
-0.28963,0.95615,-0.04326,0.04094,0.52771,0.34169
-0.29083,0.95669,-0.01162,-0.00544,0.36461,0.18528
-0.29045,0.95664,0.02123,-0.01909,0.17347,-0.08079
-0.28713,0.9566,0.04941,-0.00181,-0.03577,-0.01125
-0.28236,0.95642,0.07424,-0.06518,-0.18713,0.02941
-0.28069,0.95511,0.09458,0.00813,-0.34557,-0.03235
-0.28623,0.95213,0.10723,0.09886,-0.54834,-0.0439
-0.29401,0.949,0.1137,0.17987,-0.74322,-0.03838
-0.299,0.94704,0.11697,0.23615,-0.82268,-0.0676
-0.2975,0.9473,0.11868,0.25575,-0.83527,-0.04569
-0.29133,0.94952,0.11624,0.34838,-0.71197,0.0262
-0.2874,0.95135,0.11094,0.25858,-0.49159,0.22056
-0.28623,0.95183,0.10984,0.13657,-0.32181,0.33678
-0.28861,0.95017,0.1177,-0.10022,-0.21706,0.392
-0.29395,0.94769,0.12428,-0.42334,-0.08487,0.24498
-0.29674,0.94685,0.12403,-0.5003,0.71849,0.44918
-0.29534,0.94724,0.12442,-0.32267,0.93174,0.50606
-0.29635,0.9471,0.12305,0.13056,0.52622,0.54481
-0.29793,0.94557,0.1308,-0.06505,1.15076,0.19397
-0.29857,0.94297,0.14705,-0.19361,1.15657,0.15032
-0.30129,0.9426,0.14385,0.39763,0.25474,-0.1087
-0.30965,0.9414,0.13361,0.33208,-0.64941,-0.3193
-0.31396,0.93975,0.13517,0.05109,-0.631,-0.23845
-0.30909,0.94002,0.14421,-0.34787,0.05871,-0.04535
-0.30969,0.94058,0.1392,-0.46971,0.23504,-0.21882
-0.30872,0.94391,0.11703,-0.19294,0.19607,-0.20968
-0.30975,0.94634,0.09202,0.11656,0.09965,0.02627
-0.3139,0.9467,0.07215,0.1013,-0.1089,-0.02168
-0.31797,0.94666,0.05205,0.08561,-0.25353,-0.01908
-0.32371,0.94562,0.03155,0.09779,-0.39206,0.0314
-0.32616,0.9452,0.01394,0.15008,-0.41302,-0.0223
-0.32358,0.94618,-0.00467,0.14122,-0.32212,0.0661
-0.32087,0.94675,-0.02604,0.08097,-0.28513,0.17458
-0.32055,0.94616,-0.04477,0.04403,-0.38325,0.17008
-0.32047,0.94527,-0.06113,0.01572,-0.61287,0.08072
-0.31338,0.94554,-0.08787,-0.05754,-0.24937,-0.05551
-0.30154,0.94565,-0.12162,-0.01496,-0.07447,0.02578
-0.28958,0.94631,-0.14358,0.0782,0.11138,0.25758
-0.27642,0.94851,-0.15457,0.01895,0.06031,0.30078
-0.26424,0.95084,-0.16145,-0.11195,0.07726,0.34803
-0.25521,0.95164,-0.17096,-0.23908,0.21244,0.45131
-0.24644,0.95197,-0.18164,-0.46653,0.27132,0.18423
-0.24248,0.95142,-0.1897,-0.57905,0.23448,0.25651
-0.2434,0.94929,-0.19894,-0.51267,0.28963,0.27048
-0.24866,0.94708,-0.20294,-0.36447,0.30958,-0.14405
-0.25493,0.94585,-0.2009,-0.28414,0.15103,-0.18421
-0.26199,0.94589,-0.19142,-0.18746,0.03048,-0.28937
-0.26953,0.9482,-0.16809,0.00647,0.09587,-0.28645
-0.27438,0.95179,-0.13707,-0.00291,0.31182,-0.1428
-0.27355,0.95608,-0.10522,0.29888,0.87936,-0.11876
-0.27704,0.95803,-0.07345,0.07483,0.37899,0.02561
-0.27775,0.95962,-0.04433,-0.07304,0.22851,0.0673
-0.27789,0.96044,-0.01744,-0.02823,0.12148,-0.00923
-0.27729,0.96076,0.00515,0.02186,-0.01738,0.00809
-0.27811,0.9601,0.02907,0.03945,-0.16105,0.09468
-0.28144,0.95805,0.05401,0.12346,-0.23956,0.03616
-0.29081,0.95361,0.07768,0.05769,-0.36862,-0.00768
-0.30043,0.94908,0.09468,0.07298,-0.63255,-0.09599
-0.30627,0.9466,0.10063,0.06521,-0.84221,-0.03154
-0.30334,0.94786,0.09758,0.14756,-0.93852,0.05876
-0.29488,0.95103,0.09254,0.33572,-0.79949,0.06907
-0.28713,0.95369,0.08948,0.3808,-0.5213,0.13977
-0.28302,0.95505,0.088,0.27028,-0.35775,0.21771
-0.28197,0.95509,0.09095,0.11383,-0.11961,0.38562
-0.28057,0.95486,0.09738,-0.10245,0.02069,0.41956
-0.27715,0.95495,0.10597,-0.40675,0.47391,0.39089
-0.27705,0.95415,0.11316,-0.32245,0.68685,0.61858
-0.28359,0.95224,0.11305,-0.14751,0.37162,0.76629
-0.29325,0.94995,0.10761,0.06542,-0.06452,0.39186
-0.30188,0.94587,0.11907,-0.03378,0.71006,0.2688
-0.30485,0.94406,0.12563,-0.02451,0.76338,0.13337
-0.29753,0.94827,0.11061,0.39309,0.611,-0.25749
-0.28507,0.95179,0.11315,0.2396,0.14373,-0.465
-0.27226,0.95442,0.12215,-0.02305,0.14311,0.1138
-0.27142,0.95479,0.12115,-0.14768,-0.13755,-0.05221
-0.28331,0.95172,0.11809,-0.34512,-0.24455,-0.25531
-0.29357,0.94969,0.10896,-0.4665,-0.23302,-0.12362
-0.29301,0.95176,0.09094,-0.22701,-0.00604,-0.03658
-0.28578,0.95616,0.06372,0.1035,0.17989,-0.00028
-0.28659,0.95742,0.03434,0.23606,0.04097,0.00308
-0.29714,0.95471,0.01429,0.24766,-0.40244,0.06969
-0.30727,0.9516,0.00312,0.22868,-0.48772,-0.01038
-0.3102,0.95061,-0.00984,0.08744,-0.39795,0.02348
-0.30689,0.95137,-0.02611,-0.00421,-0.26781,0.13075
-0.30283,0.95212,-0.04174,-0.04738,-0.27359,0.11588
-0.30057,0.95149,-0.06552,-0.0083,-0.52864,-0.00422
-0.29163,0.95125,-0.10026,0.05343,-0.30095,0.04598
-0.27527,0.95241,-0.13086,0.04134,0.00443,0.13008
-0.25938,0.95457,-0.14658,-0.04311,0.20155,0.25823
-0.24506,0.9569,-0.1558,-0.13177,0.09281,0.29108
-0.22746,0.9599,-0.16382,-0.20641,0.16791,0.32628
-0.20817,0.96362,-0.16759,-0.38604,0.35436,0.40734
-0.19774,0.96585,-0.16736,-0.83578,0.18492,0.30755
-0.19889,0.9656,-0.16742,-0.76841,0.15253,0.24005
-0.20614,0.96402,-0.16778,-0.68937,0.36934,0.11396
-0.21512,0.96281,-0.16342,-0.24282,0.06835,-0.22302
-0.22419,0.96244,-0.15309,-0.08171,-0.11962,-0.23314
-0.23538,0.96301,-0.13112,0.06427,-0.17022,-0.30667
-0.2464,0.96406,-0.09928,-0.0825,0.51258,0.03891
-0.25306,0.96513,-0.06682,0.0522,0.77334,0.10874
-0.26247,0.96419,-0.03769,0.11421,0.559,0.09388
-0.26785,0.9634,-0.00917,0.01819,0.28066,0.08179
-0.26954,0.96278,0.01951,-0.06107,0.17158,-0.08527
-0.26764,0.96252,0.04355,-0.00723,0.01291,0.02065
-0.26478,0.96205,0.0658,-0.05075,-0.09889,0.04563
-0.26447,0.96047,0.08673,-0.00796,-0.12557,0.01785
-0.27125,0.95668,0.10562,0.07742,-0.28729,-0.05403
-0.28084,0.95208,0.12104,0.06954,-0.53946,-0.07046
-0.28667,0.9491,0.13038,0.08617,-0.79171,-0.15261
-0.28396,0.9499,0.13047,0.16282,-0.89709,-0.12037
-0.27549,0.9535,0.12209,0.24658,-0.90545,-0.03275
-0.26792,0.95709,0.11033,0.37194,-0.54597,0.10951
-0.26656,0.95877,0.09838,0.26193,-0.321,0.25506
-0.26926,0.95852,0.09339,0.1008,-0.15764,0.30616
-0.27198,0.95763,0.09458,-0.06312,-0.02271,0.38547
-0.26933,0.9581,0.09731,-0.27664,0.31471,0.45804
-0.26129,0.95999,0.10064,-0.40579,0.78061,0.46413
-0.26175,0.95963,0.10278,-0.06335,0.55973,0.724
-0.27045,0.95727,0.10226,0.03897,0.22479,0.38939
-0.28268,0.95185,0.11855,-0.05897,0.58111,-0.02933
-0.29155,0.94792,0.12814,-0.36591,0.62404,0.03912
-0.29306,0.94936,0.11313,0.59019,0.09484,-0.1924
-0.28951,0.9511,0.10755,0.61791,-0.14277,-0.11884
-0.28356,0.95096,0.12346,0.28623,-0.07364,0.11586
-0.28264,0.94921,0.13816,-0.52728,-0.04348,-0.25588
-0.28697,0.94824,0.13587,-0.66556,0.0359,-0.33693
-0.29415,0.94919,0.11177,-0.50599,0.1095,-0.21722
-0.30146,0.94971,0.0845,0.21548,0.13148,0.0015
-0.30605,0.94997,0.06218,0.21581,-0.10219,-0.10634
-0.30854,0.95037,0.03965,0.23177,-0.21067,-0.07797
-0.30748,0.95135,0.01939,0.24219,-0.41184,0.02846
-0.29996,0.95393,0.00481,0.16069,-0.21635,0.0482
-0.29148,0.95652,-0.00883,-0.02859,0.02121,-0.01307
-0.29138,0.95628,-0.0246,-0.01413,-0.23875,0.0274
-0.29917,0.95315,-0.04446,0.13155,-0.79207,-0.02473
-0.30077,0.95067,-0.07571,0.19164,-0.80663,-0.00885
-0.29061,0.94986,-0.11529,0.15819,-0.35904,0.04862
-0.27726,0.95017,-0.1424,-0.17059,0.251,0.31978
-0.2642,0.95166,-0.15657,-0.11794,0.07539,0.40757
-0.25044,0.95349,-0.16767,-0.12888,-0.06822,0.42265
-0.23002,0.95728,-0.17516,-0.39537,0.09332,0.4374
-0.21078,0.96037,-0.18233,-0.61896,0.20154,0.25072
-0.20111,0.96104,-0.1896,-0.62727,0.06918,0.22535
-0.19795,0.96055,-0.19532,-0.55071,0.16804,0.35653
-0.19936,0.95865,-0.20305,-0.45603,0.28856,0.27028
-0.20516,0.9573,-0.20364,-0.36567,0.43603,-0.14346
-0.21635,0.95584,-0.19886,-0.13404,0.11519,-0.23989
-0.23021,0.95472,-0.18838,0.05891,-0.01214,-0.37311
-0.24232,0.95664,-0.16157,0.21497,0.22499,-0.02248
-0.25417,0.95893,-0.12584,0.24247,0.67697,-0.12122
-0.26782,0.95949,-0.08733,0.09632,0.55238,-0.04075
-0.27807,0.95885,-0.05709,0.05758,0.42411,0.08633
-0.28607,0.95773,-0.02996,-0.04646,0.36452,0.07304
-0.29265,0.9562,-0.00379,-0.05155,0.25646,0.05521
-0.29533,0.95516,0.02047,0.05178,0.04532,0.05935
-0.29656,0.95391,0.04561,0.03629,-0.15197,0.04556
-0.30015,0.95138,0.06903,0.05792,-0.20722,-0.00563
-0.30892,0.94685,0.08952,0.07817,-0.23595,-0.03654
-0.31903,0.94198,0.10428,0.10949,-0.54002,-0.02212
-0.3247,0.93912,0.11221,0.16511,-0.71682,-0.01583
-0.32301,0.93956,0.11341,0.23542,-0.80141,0.01798
-0.31496,0.94281,0.10903,0.29909,-0.83397,0.01695
-0.30775,0.94581,0.10351,0.37504,-0.5584,0.04734
-0.304,0.94786,0.09548,0.27309,-0.44666,0.07465
-0.30339,0.94842,0.09181,0.07103,-0.30914,0.2131
-0.306,0.94766,0.09099,-0.09595,0.03154,0.38641
-0.30727,0.94712,0.0923,-0.13156,0.2522,0.40351
-0.30044,0.94861,0.09928,-0.23347,0.86728,0.35971
-0.29424,0.9501,0.10352,-0.0973,0.64422,0.61871
-0.29345,0.95063,0.10082,0.12512,0.52827,0.26713
-0.29871,0.94757,0.11341,-0.29363,0.8194,0.35317
-0.30603,0.94406,0.12279,-0.22795,0.70499,0.2483
-0.31178,0.9427,0.11869,0.3849,-0.14799,-0.3144
-0.31102,0.9433,0.11585,0.27718,-0.18544,-0.2669
-0.30336,0.94502,0.12201,0.0025,0.07389,-0.01688
-0.29858,0.94635,0.12345,-0.18791,0.08052,-0.05597
-0.30201,0.94639,0.11453,-0.2783,0.06129,-0.32765
-0.30815,0.94653,0.09541,-0.05465,-0.06279,-0.02856
-0.30986,0.94782,0.07484,0.04148,-0.07164,0.08668
-0.30733,0.94999,0.05526,0.05677,-0.0823,-0.00256
-0.30653,0.95123,0.03424,0.00975,-0.12573,-0.00433
-0.31012,0.95059,0.01336,0.01493,-0.25037,0.05539
-0.31338,0.9496,-0.00501,0.11679,-0.3206,-0.05253
-0.31297,0.94948,-0.02277,0.18435,-0.26407,0.01107
-0.31026,0.9497,-0.04229,0.23938,-0.24681,0.14435
-0.30829,0.94948,-0.05853,0.17444,-0.35234,0.16998
-0.30777,0.94846,-0.07537,0.05177,-0.52649,0.01887
-0.3014,0.94805,-0.10166,-0.10097,-0.2924,0.03898
-0.28934,0.9482,-0.13105,-0.06111,0.05244,0.19185
-0.27931,0.94827,-0.15086,-0.09181,-0.0279,0.25586
-0.27001,0.94905,-0.16245,-0.07878,-0.1163,0.31914
-0.25881,0.95087,-0.16986,-0.1031,0.04053,0.36713
-0.24481,0.95315,-0.17763,-0.19934,0.17226,0.37363
-0.2327,0.95461,-0.1859,-0.4061,0.2984,0.22977
-0.22855,0.95487,-0.18967,-0.76221,0.28859,0.26974
-0.22941,0.95386,-0.19368,-0.52614,0.51131,0.24968
-0.23383,0.95195,-0.19771,-0.49565,0.56129,0.20403
-0.24145,0.95053,-0.19537,-0.26828,0.21014,0.01643
-0.25329,0.94829,-0.19122,-0.16147,0.01783,-0.16161
-0.26782,0.94639,-0.18058,0.06598,-0.19665,-0.29084
-0.28101,0.94739,-0.15319,0.1391,-0.12749,-0.18407
-0.28693,0.9502,-0.1215,0.09296,0.70083,-0.0122
-0.29186,0.95197,-0.09251,0.19181,0.85409,-0.12311
-0.29533,0.95309,-0.06621,0.02665,0.43888,0.13414
-0.29845,0.95363,-0.03876,-0.07518,0.2565,-0.00834
-0.30169,0.95328,-0.01459,-0.03786,0.16462,0.00243
-0.30181,0.95332,0.0084,-0.01772,0.04526,0.05348
-0.30186,0.95273,0.03411,0.00399,-0.15921,0.11651
-0.30707,0.94996,0.05716,0.0766,-0.256,0.03052
-0.31552,0.94598,0.07448,0.14191,-0.41856,-0.00597
-0.32426,0.94181,0.08843,0.15838,-0.68116,-0.00271
-0.3277,0.93962,0.09851,0.19922,-0.74718,-0.04718
-0.32483,0.94011,0.1032,0.25241,-0.8055,-0.04996
-0.31818,0.94238,0.10325,0.31541,-0.69258,-0.06082
-0.31353,0.94441,0.09883,0.29824,-0.44,0.0833
-0.31071,0.94598,0.09255,0.15237,-0.24368,0.33604
-0.3097,0.94654,0.09009,-0.01149,-0.14317,0.45869
-0.31237,0.94583,0.08837,-0.10687,-0.092,0.44624
-0.31449,0.94523,0.08726,-0.31318,0.48798,0.42352
-0.30977,0.94635,0.09185,-0.35374,0.73498,0.2909
-0.30623,0.94709,0.09606,-0.0685,0.59611,0.68705
-0.30775,0.94669,0.09511,0.08443,0.52969,0.06053
-0.31411,0.94236,0.11515,-0.33409,1.00641,0.30608
-0.31981,0.93918,0.12508,-0.20343,0.81015,0.11952
-0.32168,0.94009,0.11286,0.6403,-0.27778,-0.31127
-0.31954,0.94172,0.10504,0.33639,-0.34466,-0.40219
-0.31378,0.94265,0.11367,0.19638,-0.06912,-0.18642
-0.31465,0.94124,0.12263,-0.34678,0.09857,-0.16853
-0.32245,0.93956,0.11501,-0.41766,0.04259,-0.33445
-0.32821,0.93963,0.0967,-0.22851,0.07239,0.02134
-0.33068,0.94056,0.07725,0.0076,0.07061,0.11097
-0.33335,0.94102,0.05784,0.1374,-0.08465,-0.04456
-0.34191,0.93905,0.03542,0.20377,-0.26283,-0.0268
-0.34992,0.93669,0.01174,0.25674,-0.35474,0.07803
-0.34867,0.93721,-0.00623,0.23725,-0.28727,0.09266
-0.34114,0.9398,-0.01925,0.11376,-0.13539,0.0857
-0.33661,0.94107,-0.03241,0.02449,-0.09099,0.0559
-0.33915,0.93953,-0.04743,0.03504,-0.38697,0.11565
-0.343,0.9369,-0.06739,0.12947,-0.65182,0.03056
-0.33906,0.93589,-0.09557,0.0778,-0.44608,0.07267
-0.32667,0.93672,-0.12578,0.0224,-0.10254,0.22238
-0.31186,0.93869,-0.14695,-0.10668,0.11699,0.31202
-0.29825,0.94085,-0.16069,-0.12564,0.13338,0.26483
-0.28297,0.94322,-0.17393,-0.05164,0.04963,0.25222
-0.26347,0.9471,-0.18322,-0.35497,0.39825,0.33709
-0.25005,0.94968,-0.18859,-0.51284,0.39781,0.36112
-0.24693,0.9493,-0.19452,-0.60688,0.06425,0.34259
-0.24912,0.9472,-0.20182,-0.56024,0.5027,0.26086
-0.25607,0.94476,-0.20454,-0.5202,0.55135,0.19359
-0.26564,0.94279,-0.20143,-0.14874,0.18612,-0.08876
-0.27618,0.94164,-0.19241,0.04716,-0.05353,-0.37955
-0.2896,0.94222,-0.16831,0.08251,-0.01594,-0.20425
-0.29868,0.94477,-0.13484,0.05242,0.53115,-0.02017
-0.30541,0.94662,-0.10308,0.47522,0.97971,-0.00728
-0.31238,0.9471,-0.07351,0.21724,0.55823,0.08666
-0.31388,0.94836,-0.04561,-0.03423,0.34216,-0.03845
-0.31252,0.94974,-0.01766,-0.13744,0.19795,-0.08012
-0.30704,0.95166,0.00696,0.06195,-0.11542,0.12894
-0.30495,0.95183,0.0317,0.08123,-0.1527,0.16029
-0.30807,0.94966,0.05671,0.08534,-0.16116,0.112
-0.31491,0.94575,0.07972,0.04904,-0.32706,0.0233
-0.32293,0.94152,0.09606,0.05147,-0.40989,-0.01754
-0.32952,0.93838,0.1041,0.10895,-0.69253,0.02658
-0.33093,0.93784,0.10453,0.21396,-0.85342,0.10805
-0.32666,0.93981,0.1001,0.27762,-0.88471,0.11443
-0.31827,0.94324,0.09476,0.32285,-0.55863,0.12592
-0.312,0.94579,0.09003,0.16024,-0.39745,0.24948
-0.31132,0.94608,0.08942,0.06867,-0.34332,0.25674
-0.31717,0.94397,0.09107,-0.13018,-0.09778,0.40431
-0.32238,0.94185,0.09468,-0.29344,0.41709,0.50616
-0.31936,0.94213,0.10184,-0.39623,0.77724,0.46344
-0.31651,0.943,0.10273,0.03618,0.40097,0.69938
-0.31957,0.94266,0.09617,0.14124,0.04564,0.53875
-0.32845,0.93906,0.10128,0.10633,0.38976,-0.09321
-0.33717,0.93374,0.12007,-0.13275,0.73746,0.24773
-0.34033,0.93378,0.1105,0.43579,0.13737,-0.26956
-0.34351,0.93397,0.09838,0.37691,-0.21188,-0.50618
-0.34582,0.93239,0.10508,0.01448,0.41052,-0.1955
-0.34182,0.93358,0.10756,-0.26271,0.24141,0.04093
-0.33906,0.93554,0.09888,-0.15288,-0.0575,-0.31272
-0.34362,0.93467,0.09106,-0.12751,-0.13029,-0.3049
-0.34926,0.93386,0.07684,-0.07315,-0.11506,-0.07746
-0.34986,0.93535,0.05183,0.0686,0.12881,-0.03524
-0.35006,0.93648,0.02093,0.25248,0.03143,0.03807
-0.35223,0.9359,-0.0016,0.28171,-0.20679,0.19197
-0.35148,0.93607,-0.01433,0.15302,-0.32527,-0.00426
-0.34721,0.93739,-0.02686,0.07996,-0.31798,0.03213
-0.34461,0.93776,-0.04264,0.02563,-0.28062,0.10512
-0.34313,0.93741,-0.05912,-0.02459,-0.34916,0.1522
-0.34283,0.93611,-0.07842,-0.00809,-0.44862,0.19381
-0.34019,0.93479,-0.10207,-0.02514,-0.51798,0.20027
-0.33255,0.93463,-0.12596,-0.0864,-0.26506,0.20055
-0.32279,0.93517,-0.14575,-0.15033,-0.09933,0.25213
-0.31326,0.93564,-0.16259,-0.17467,-0.05417,0.26859
-0.30218,0.93688,-0.1759,0.04673,0.03931,0.27926
-0.28537,0.93996,-0.18715,-0.03472,0.28233,0.42987
-0.26766,0.94365,-0.19457,-0.16903,0.32189,0.41775
-0.26126,0.94412,-0.20093,-0.58034,0.12292,0.28403
-0.26284,0.94217,-0.20787,-0.46865,0.07785,0.26007
-0.26943,0.93863,-0.21531,-0.37542,0.28161,0.15698
-0.27826,0.93606,-0.21529,-0.28882,0.36547,-0.13371
-0.29009,0.93395,-0.20876,0.01754,0.05127,-0.18773
-0.30262,0.93414,-0.18919,0.1894,0.11669,-0.17131
-0.31408,0.93686,-0.15372,0.07764,0.34855,-0.18573
-0.3205,0.94012,-0.11595,0.06876,0.76811,0.06024
-0.32549,0.94141,-0.0882,0.09993,0.67578,0.12731
-0.32907,0.94225,-0.06216,0.06266,0.55564,0.20776
-0.33103,0.94294,-0.03562,-0.01563,0.40863,-0.00181
-0.32986,0.94395,-0.01133,0.0823,0.01967,0.07108
-0.32904,0.94423,0.01213,0.09441,-0.05423,0.05771
-0.33305,0.9423,0.03359,0.09381,-0.113,0.00616
-0.34262,0.93799,0.05253,0.06117,-0.40102,0.05879
-0.35282,0.93318,0.06832,0.10664,-0.55586,0.0276
-0.36033,0.92931,0.08076,0.09873,-0.66846,0.03426
-0.3595,0.92914,0.08626,0.20603,-0.81029,0.03274
-0.3508,0.93252,0.08562,0.22784,-0.81696,0.06387
-0.33863,0.93711,0.08449,0.18752,-0.79967,0.14439
-0.32934,0.94047,0.08385,0.24352,-0.41191,0.26871
-0.32567,0.94203,0.08055,0.1847,-0.33011,0.25756
-0.32622,0.94213,0.07711,0.02684,-0.23597,0.30707
-0.32871,0.94127,0.07705,-0.15126,0.19096,0.36042
-0.32885,0.94071,0.08313,-0.15215,0.55615,0.44404
-0.32445,0.9413,0.09309,-0.12013,1.25549,0.69503
-0.32438,0.94156,0.09062,-0.02338,0.09219,0.86409
-0.3299,0.93997,0.08719,0.03533,-0.15822,0.34076
-0.33352,0.93662,0.1072,0.12466,0.57486,0.11134
-0.32946,0.9357,0.12607,0.24127,0.64004,-0.21868
-0.31897,0.94196,0.10461,0.52922,-0.07587,-0.39796
-0.3109,0.94588,0.09291,0.31882,-0.05501,-0.16412
-0.30912,0.94493,0.10739,-0.03743,0.18724,0.03324
-0.31488,0.94171,0.11841,-0.70648,-0.00039,-0.18945
-0.32184,0.93985,0.11436,-0.61267,-0.023,-0.24488
-0.32628,0.94035,0.09625,-0.32432,0.01297,-0.00862
-0.32669,0.94242,0.07137,0.02713,0.05849,0.03805
-0.32502,0.94467,0.04413,0.21499,-0.03091,-0.01151
-0.32363,0.94602,0.01686,0.28236,-0.2465,0.1033
-0.32155,0.94686,-0.00617,0.30285,-0.34859,0.05487
-0.31811,0.94781,-0.02121,0.21854,-0.28043,0.01044
-0.31522,0.94835,-0.03526,0.11618,-0.24009,0.01203
-0.3146,0.94761,-0.05517,0.021,-0.36152,0.12626
-0.31496,0.94591,-0.0777,0.07343,-0.61309,0.06467
-0.31123,0.94487,-0.1017,-0.02813,-0.42204,-0.02219
-0.29908,0.94537,-0.12969,-0.01739,-0.01107,0.15433
-0.28677,0.94606,-0.15073,-0.09324,-0.00125,0.27423
-0.27673,0.94687,-0.16383,-0.09987,-0.16391,0.37896
-0.2658,0.94816,-0.17415,-0.17386,-0.00828,0.43964
-0.25056,0.95068,-0.18281,-0.33852,0.22436,0.41604
-0.23413,0.95288,-0.19283,-0.38347,0.12707,0.29157
-0.22285,0.95388,-0.20109,-0.59513,0.07891,0.22762
-0.22167,0.95273,-0.20774,-0.57185,0.0641,0.36891
-0.22436,0.95054,-0.21477,-0.36875,0.35028,0.13268
-0.23049,0.94769,-0.2208,-0.31302,0.51072,-0.02813
-0.23869,0.94644,-0.21741,-0.11393,0.24137,-0.20628
-0.25043,0.94646,-0.20368,0.05011,0.03738,-0.27069
-0.2673,0.94748,-0.17555,-0.17857,0.44127,-0.14668
-0.28435,0.94892,-0.1367,-0.11941,0.80606,0.01738
-0.29768,0.94944,-0.09967,0.0788,0.5411,0.13104
-0.30863,0.94883,-0.06664,0.15373,0.4419,0.202
-0.31361,0.94885,-0.03627,0.12875,0.27709,0.03632
-0.31456,0.94919,-0.00874,-0.01366,0.06514,0.03945
-0.31568,0.9487,0.01736,-0.03723,-0.04445,0.01863
-0.31799,0.94714,0.04234,0.01318,-0.37095,0.01045
-0.32063,0.94515,0.0622,0.03778,-0.43096,0.0626
-0.32239,0.94341,0.07755,0.06833,-0.50695,0.04259
-0.32293,0.9422,0.08921,0.14016,-0.688,-0.08371
-0.3216,0.94236,0.09225,0.23655,-0.80273,-0.03972
-0.31832,0.94415,0.08503,0.32184,-0.78351,-0.06592
-0.31427,0.94651,0.07303,0.36543,-0.55952,0.04661
-0.30898,0.94913,0.06054,0.29653,-0.31563,0.27593
-0.30452,0.95115,0.05068,0.20581,-0.27214,0.33868
-0.30245,0.95204,0.04603,0.00508,-0.06642,0.40708
-0.30608,0.95086,0.04642,-0.06968,0.17663,0.43778
-0.30728,0.94984,0.05802,-0.3033,1.06724,0.43841
-0.30737,0.94846,0.07694,-0.18172,0.792,0.87305
-0.30823,0.94817,0.07705,-0.01821,0.13577,0.76232
-0.31753,0.94583,0.0675,-0.15759,-0.36296,-0.19306
-0.33262,0.93951,0.08157,-0.10195,0.19745,0.15393
-0.34375,0.93345,0.10236,0.20899,0.34421,0.03701
-0.34816,0.93332,0.08767,0.57454,0.51926,-0.86671
-0.35106,0.93305,0.07841,0.38036,0.77536,-0.44595
-0.34667,0.93387,0.08765,-0.06439,0.24183,0.31177
-0.34043,0.93593,0.0901,-0.3258,-0.12117,-0.43322
-0.34347,0.93476,0.09073,-0.36579,-0.22947,-0.27837
-0.35098,0.93271,0.08274,-0.31334,-0.25854,-0.07487
-0.35219,0.93398,0.06015,0.01087,0.21431,0.01552
-0.34461,0.93828,0.02916,0.10474,0.31021,0.12483
-0.34021,0.94033,-0.0037,0.10651,0.01124,0.26618
-0.3444,0.93847,-0.02513,0.02641,-0.36551,0.12497
-0.35141,0.9355,-0.03661,0.01088,-0.51042,-0.03045
-0.35431,0.93369,-0.05156,0.24474,-0.67298,-0.07052
-0.3521,0.93286,-0.07595,0.24224,-0.38724,-0.00031
-0.34339,0.93358,-0.10243,0.15755,-0.14492,0.05506
-0.33854,0.9329,-0.12278,0.2026,-0.22024,0.25436
-0.33677,0.9317,-0.13601,0.06679,-0.35953,0.20861
-0.331,0.93221,-0.14629,-0.1118,-0.19433,0.25577
-0.32225,0.93294,-0.16052,-0.18795,-0.17918,0.39659
-0.30994,0.93399,-0.17773,-0.03073,-0.3571,0.17993
-0.29038,0.93642,-0.19693,-0.06373,0.23531,0.26635
-0.27084,0.93926,-0.21077,-0.35306,0.57507,0.36923
-0.25931,0.94054,-0.21936,-0.60148,0.12351,0.40802
-0.25364,0.94094,-0.22423,-0.58108,0.10698,0.44594
-0.25418,0.93897,-0.23174,-0.64537,0.69344,0.20794
-0.26244,0.93597,-0.23468,-0.29641,0.07642,-0.27178
-0.27529,0.93281,-0.2325,-0.11008,0.01715,-0.263
-0.28928,0.93173,-0.21951,0.02499,0.02031,-0.27454
-0.30014,0.93457,-0.191,0.03268,0.44151,-0.15794
-0.30426,0.93976,-0.15576,0.43583,1.01683,0.09137
-0.31165,0.94204,-0.12418,0.26274,0.54673,0.11415
-0.31594,0.94419,-0.0931,0.11431,0.37632,0.05106
-0.31546,0.94679,-0.06363,-0.03838,0.21899,0.00255
-0.31387,0.94868,-0.03826,0.11821,-0.00822,0.1002
-0.31216,0.94992,-0.01339,0.09327,-0.13909,0.1059
-0.31315,0.94953,0.01743,-0.00492,-0.19575,0.07489
-0.316,0.94736,0.05122,0.01037,-0.2819,-0.08779
-0.3252,0.94252,0.07666,0.00957,-0.39998,-0.094
-0.33751,0.93721,0.08781,0.30267,-0.74484,0.02991
-0.34833,0.93327,0.08747,0.34151,-0.844,0.05383
-0.35151,0.93268,0.08079,0.29261,-0.86957,0.05153
-0.34372,0.93629,0.07213,0.20334,-0.6182,0.10095
-0.33379,0.94045,0.06416,0.08774,-0.42215,0.26109
-0.32923,0.94229,0.06065,0.03017,-0.29396,0.36042
-0.3324,0.9413,0.05871,-0.01263,-0.19366,0.38823
-0.33773,0.93931,0.06017,-0.18969,0.10192,0.36903
-0.33659,0.9394,0.06487,-0.28649,0.32709,0.44314
-0.33004,0.94144,0.06883,-0.27283,0.58934,0.58426
-0.33016,0.94154,0.06689,0.11537,0.25312,0.72106
-0.33832,0.93909,0.0602,0.20101,0.10978,0.71182
-0.34986,0.93505,0.05696,0.18213,-0.02963,-0.24975
-0.359,0.93017,0.07674,0.20436,0.20867,-0.3369
-0.35881,0.92966,0.08347,0.10793,0.5739,-0.35713
-0.34358,0.93774,0.05072,0.88221,0.1334,-0.59562
-0.32921,0.94276,0.05297,0.59755,1.08266,0.14913
-0.32243,0.9428,0.08454,-0.70969,-0.19814,-0.23116
-0.32931,0.93933,0.09584,-0.71395,-0.38831,-0.39197
-0.34715,0.93328,0.09194,-0.32276,-0.34742,-0.11405
-0.36432,0.92847,0.07206,-0.20133,-0.08336,0.03689
-0.36507,0.92962,0.05013,0.12343,0.35993,0.10382
-0.34934,0.93656,0.02811,0.30462,0.32702,0.05225
-0.33934,0.94063,0.00616,0.30417,-0.06841,0.03654
-0.3437,0.93901,-0.01017,0.29414,-0.29978,-0.07377
-0.35318,0.93518,-0.02608,0.26056,-0.37389,-0.10421
-0.35644,0.93325,-0.04438,0.29667,-0.48678,-0.00397
-0.35037,0.93437,-0.06463,0.1175,-0.43042,0.08796
-0.34098,0.93594,-0.088,-0.02142,-0.40098,-0.01273
-0.32933,0.93688,-0.11737,-0.03868,-0.38657,0.06501
-0.31349,0.9384,-0.14529,-0.08308,-0.05304,0.10729
-0.29723,0.94034,-0.1655,-0.03251,0.10111,0.2325
-0.2827,0.94307,-0.17517,0.0828,0.19212,0.41903
-0.26413,0.94785,-0.17833,-0.09579,0.25515,0.55842
-0.24315,0.95277,-0.18189,-0.67615,-0.08774,0.21317
-0.22974,0.95561,-0.18443,-0.90196,-0.09971,0.19938
-0.22818,0.95492,-0.18985,-0.74172,0.0924,0.3139
-0.23428,0.95194,-0.19723,-0.30817,0.55108,0.0905
-0.23955,0.95056,-0.19755,-0.1716,0.38815,-0.08016
-0.24446,0.95024,-0.19303,0.09879,0.11009,-0.28013
-0.25388,0.95028,-0.18027,0.20929,0.02003,-0.11781
-0.2672,0.95103,-0.15534,0.20935,0.14936,-0.00068
-0.27708,0.95301,-0.12239,0.37028,0.80267,0.17943
-0.28696,0.95384,-0.08845,0.10466,0.66306,0.10333
-0.29576,0.95341,-0.05928,-0.18309,0.30585,0.10567
-0.30181,0.95276,-0.0338,-0.18674,0.13893,0.04301
-0.30598,0.95198,-0.01012,-0.03641,0.01879,0.07533
-0.30555,0.9521,0.01085,-0.04247,-0.04447,0.10285
-0.30667,0.95132,0.03048,-0.04431,-0.20036,0.14028
-0.3106,0.94916,0.051,0.02018,-0.16408,0.10376
-0.31793,0.94558,0.06917,0.11837,-0.24819,-0.00827
-0.32926,0.94064,0.08228,0.19202,-0.55126,-0.0314
-0.33999,0.93614,0.08962,0.21486,-0.78854,-0.02963
-0.34264,0.93506,0.09075,0.23995,-0.85758,0.03622
-0.33661,0.93773,0.08566,0.33924,-0.59624,0.09479
-0.33014,0.94066,0.07836,0.2903,-0.42366,0.20504
-0.32687,0.94229,0.07231,0.12483,-0.34021,0.25995
-0.32557,0.94294,0.06957,-0.10724,-0.3009,0.25234
-0.32492,0.94326,0.06835,-0.2874,-0.07702,0.26101
-0.32218,0.94436,0.06605,-0.27604,0.39071,0.36527
-0.31951,0.94521,0.06683,-0.12955,0.80479,0.49227
-0.32407,0.94345,0.06969,0.06275,0.43628,0.78911
-0.33181,0.941,0.0663,-0.00547,0.14362,0.0486
-0.3421,0.93695,0.07124,-0.12162,0.30452,-0.02713
-0.34798,0.93297,0.09198,-0.2097,0.60226,0.24822
-0.3458,0.93462,0.08301,0.67814,-0.04447,-0.2656
-0.33519,0.93966,0.06831,0.66752,-0.04951,-0.25089
-0.32318,0.94327,0.07604,0.16481,0.19707,0.02966
-0.31444,0.94541,0.08547,-0.45561,-0.0106,-0.23893
-0.3167,0.94486,0.0832,-0.45661,-0.03906,-0.28686
-0.32797,0.94241,0.06541,-0.33507,-0.015,-0.18263
-0.33768,0.94028,0.0427,-0.06765,-0.01758,0.17489
-0.33855,0.94056,0.02656,0.12648,0.04148,0.15743
-0.33545,0.942,0.0095,0.09694,-0.05408,0.04366
-0.33498,0.94217,-0.00945,0.12083,-0.1875,0.13619
-0.33717,0.94106,-0.02624,0.1711,-0.26231,0.09589
-0.34033,0.93939,-0.04139,0.13525,-0.32143,0.05146
-0.34447,0.93684,-0.06046,0.12637,-0.4421,0.10735
-0.34786,0.93409,-0.08029,0.07149,-0.43763,0.16003
-0.34702,0.93255,-0.09957,0.05905,-0.37234,0.0803
-0.34219,0.93141,-0.12391,0.08677,-0.44983,0.09912
-0.33161,0.9306,-0.15495,0.05399,-0.2053,0.13379
-0.31691,0.93082,-0.18199,0.04553,0.14475,0.20053
-0.30034,0.9325,-0.20055,0.0611,0.14806,0.24819
-0.28294,0.93534,-0.21229,0.10641,0.05908,0.38878
-0.26355,0.93855,-0.22282,-0.31914,0.25576,0.28923
-0.24707,0.94076,-0.23217,-0.5307,0.22753,0.25184
-0.24019,0.94044,-0.24054,-0.66211,0.07288,0.33671
-0.23866,0.93779,-0.25212,-0.65846,0.6763,0.20133
-0.24255,0.93481,-0.25939,-0.57744,0.58718,0.10802
-0.25055,0.93244,-0.26033,-0.15179,0.3631,-0.05318
-0.26399,0.93107,-0.2518,-0.01718,0.05498,-0.16741
-0.28327,0.93083,-0.23087,0.01803,-0.02848,-0.00538
-0.3026,0.93224,-0.19834,-0.01644,0.59785,-0.07728
-0.31313,0.93549,-0.16366,-0.04686,0.83218,-0.02328
-0.31457,0.93933,-0.13669,-0.0813,0.84314,0.00512
-0.31481,0.94249,-0.11215,0.08705,0.39967,0.10851
-0.31857,0.94405,-0.08524,0.16749,0.23219,0.10036
-0.3226,0.94479,-0.05718,0.205,0.13919,0.10976
-0.32671,0.94478,-0.02502,0.06268,-0.18609,0.00896
-0.33677,0.94156,0.0042,0.05758,-0.50296,-0.01388
-0.35303,0.93527,0.02489,0.06601,-0.66899,0.08481
-0.36732,0.9292,0.04037,0.17882,-0.70957,0.07539
-0.37424,0.92571,0.05461,0.32907,-0.65421,0.00569
-0.37077,0.92631,0.06675,0.3934,-0.62902,-0.03967
-0.36302,0.92883,0.07396,0.49641,-0.58914,-0.00929
-0.35409,0.93222,0.07464,0.4049,-0.60649,0.07107
-0.34654,0.9352,0.07278,0.27653,-0.47056,0.2273
-0.34299,0.93646,0.07332,0.14849,-0.21487,0.29171
-0.3464,0.93466,0.07996,-0.03579,0.09716,0.51403
-0.35377,0.93086,0.09123,-0.35523,0.52796,0.65944
-0.35537,0.92886,0.10444,-0.62277,0.69323,0.74381
-0.35058,0.93025,0.10819,-0.25821,0.24691,0.81171
-0.35149,0.93065,0.10161,-0.07356,-0.01567,0.68039
-0.36382,0.92613,0.0995,0.21547,0.53123,0.02263
-0.38061,0.91738,0.11634,-0.12996,0.8611,0.32954
-0.38204,0.91854,0.10155,0.94363,0.10634,-0.58138
-0.37379,0.92402,0.08024,0.90868,0.26369,-0.54917
-0.3636,0.9275,0.0867,0.32129,0.44654,-0.06901
-0.35489,0.93028,0.09278,-0.21832,-0.05168,-0.26503
-0.3582,0.92942,0.08854,-0.40195,-0.20283,-0.3505
-0.36645,0.92725,0.07684,-0.54897,-0.2677,-0.22418
-0.37312,0.9263,0.05218,-0.28694,-0.09515,0.04123
-0.37254,0.92782,0.01838,0.09621,0.02652,0.0916
-0.37182,0.92814,-0.01704,0.31759,-0.05804,0.13279
-0.37329,0.9267,-0.04326,0.33241,-0.27045,0.1963
-0.37334,0.92558,-0.06246,0.22498,-0.47732,0.02235
-0.36863,0.92585,-0.08309,0.11922,-0.45348,0.08208
-0.36208,0.92599,-0.10683,0.1401,-0.34799,0.18369
-0.35713,0.92526,-0.1278,0.1256,-0.44296,0.18578
-0.35554,0.92275,-0.14867,0.0302,-0.5674,0.01686
-0.34854,0.92021,-0.17807,0.03281,0.0561,0.21193
-0.33754,0.91889,-0.20419,0.0097,0.17393,0.33604
-0.32836,0.91944,-0.21633,-0.18179,0.05912,0.40932
-0.31929,0.92025,-0.22623,-0.13611,-0.0067,0.45857
-0.3062,0.92197,-0.23707,-0.24316,0.40186,0.49278
-0.28999,0.92444,-0.24759,-0.32475,0.4664,0.34212
-0.27863,0.92619,-0.25399,-0.4108,0.31633,0.3608
-0.27527,0.92616,-0.25776,-0.57202,0.26953,0.04757
-0.27941,0.92389,-0.2614,-0.48933,0.46961,-0.02761
-0.28735,0.92344,-0.25432,-0.27341,0.28942,-0.08604
-0.28909,0.92657,-0.24057,0.22566,-0.06781,-0.18414
-0.28599,0.93451,-0.21185,0.21416,0.25885,-0.15878
-0.29202,0.94046,-0.17389,-0.16492,0.73688,-0.07528
-0.30247,0.94354,-0.13498,-0.28949,0.68075,-0.01853
-0.30978,0.94518,-0.10318,-0.18186,0.49953,0.1327
-0.31362,0.94668,-0.07358,-0.1198,0.41129,0.14064
-0.31383,0.94851,-0.04265,0.09242,0.36001,0.04476
-0.31309,0.94958,-0.01596,0.22422,0.12084,0.0562
-0.31456,0.94919,0.00858,0.20641,-0.13936,0.01684
-0.32048,0.94673,0.03116,0.24789,-0.21473,0.01397
-0.33209,0.94198,0.04865,0.22714,-0.62064,0.02969
-0.3455,0.93633,0.06238,0.22515,-0.77855,-0.02655
-0.35676,0.93132,0.07311,0.22666,-0.90104,-0.0725
-0.36278,0.92833,0.08108,0.1016,-1.06596,-0.02139
-0.35732,0.93029,0.08284,0.15183,-0.98838,0.12029
-0.34724,0.93437,0.07969,0.30786,-0.49278,0.20582
-0.34347,0.93577,0.0796,0.29695,-0.20884,0.48403
-0.34603,0.93435,0.08498,0.05703,-0.12432,0.50855
-0.34854,0.93238,0.09572,-0.30602,0.1563,0.52553
-0.34747,0.93185,0.10438,-0.49433,0.42055,0.48383
-0.34129,0.93333,0.11131,-0.19183,0.39179,0.56941
-0.339,0.93405,0.11223,-0.19413,0.39107,0.56849
-0.347,0.93201,0.10451,0.07989,0.14897,0.36516
-0.36148,0.92597,0.10897,0.19276,0.92104,0.21936
-0.3739,0.91926,0.12302,0.05186,0.70257,0.04959
-0.36865,0.92407,0.10076,0.71898,-0.07978,-0.37374
-0.3575,0.92965,0.08893,0.50798,-0.19626,-0.37959
-0.35204,0.93071,0.09909,0.11252,0.22363,0.00766
-0.35048,0.93026,0.10839,-0.46005,0.29827,0.01314
-0.34895,0.9316,0.10156,-0.56169,0.10318,-0.12253
-0.35057,0.9328,0.08344,-0.22539,-0.21774,-0.02507
-0.35423,0.93309,0.06197,-0.13105,-0.30428,-0.04697
-0.3587,0.93282,0.03395,0.07836,-0.10966,0.04278
-0.362,0.93216,0.00068,0.24437,-0.1168,0.11637
-0.36101,0.93223,-0.02443,0.35135,-0.16947,0.15739
-0.35235,0.93501,-0.03976,0.34506,-0.30673,0.0723
-0.34196,0.93812,-0.05457,0.14885,-0.29397,0.03986
-0.33621,0.93916,-0.07015,-0.04138,-0.24505,0.09179
-0.33547,0.93802,-0.08694,-0.03041,-0.39618,0.12377
-0.33683,0.9352,-0.10921,-0.00448,-0.53904,0.14052
-0.33178,0.93358,-0.13536,-0.02391,-0.32372,0.08037
-0.31942,0.93408,-0.15951,-0.0106,0.09915,0.18522
-0.30534,0.93593,-0.17545,0.08462,0.27025,0.24314
-0.28932,0.93924,-0.18465,0.08217,0.22636,0.51856
-0.26836,0.94455,-0.18918,-0.37102,0.32715,0.53938
-0.25079,0.94857,-0.19314,-0.63854,0.37669,0.35837
-0.24562,0.94922,-0.19653,-0.94494,0.09055,0.32942
-0.25223,0.94664,-0.20059,-0.768,0.4469,0.31465
-0.26967,0.94115,-0.20369,-0.49084,0.2032,-0.12324
-0.29235,0.93389,-0.20583,-0.09714,-0.05347,-0.33699
-0.31533,0.92839,-0.19656,0.03326,-0.07121,-0.38063
-0.33253,0.92835,-0.16601,0.08838,0.5789,0.00798
-0.3345,0.93334,-0.13026,0.22427,0.98051,-0.04601
-0.32659,0.93979,-0.10051,0.38062,1.05255,-0.1134
-0.32928,0.94169,-0.06907,0.04127,0.29142,0.01326
-0.33352,0.94191,-0.03917,-0.14956,0.26606,-0.07721
-0.33348,0.94252,-0.02059,-0.16011,0.11328,0.1749
-0.33405,0.94254,0.00043,0.02118,-0.075,0.19368
-0.33943,0.94029,0.02482,0.08299,-0.2642,0.01621
-0.34759,0.93639,0.04819,0.19025,-0.5768,0.03991
-0.35488,0.93239,0.06844,0.16779,-0.65463,0.04018
-0.35767,0.93011,0.08327,0.18432,-0.71875,0.00418
-0.356,0.93017,0.08949,0.30255,-0.74748,-0.04803
-0.35027,0.93272,0.08548,0.32978,-0.78032,-0.0062
-0.34395,0.93587,0.07633,0.26516,-0.80684,0.08823
-0.337,0.93908,0.06731,0.30633,-0.38483,0.2682
-0.33487,0.94015,0.06289,0.16605,-0.23928,0.40307
-0.33677,0.93931,0.0652,0.07985,-0.03993,0.47181
-0.34066,0.93767,0.06858,-0.1835,0.16818,0.52473
-0.33763,0.93837,0.0737,-0.56458,0.66139,0.3934
-0.33253,0.93962,0.08067,-0.28851,0.86156,0.68648
-0.33568,0.93896,0.07518,0.06201,0.34591,0.75119
-0.34624,0.9349,0.07774,0.17993,0.50234,-0.12756
-0.35804,0.92816,0.10149,-0.32731,0.65204,0.23904
-0.36357,0.92658,0.09609,0.46268,0.24516,-0.25521
-0.36414,0.92863,0.07082,0.76197,-0.06131,-0.2421
-0.36192,0.92994,0.06488,0.42406,-0.0958,-0.14068
-0.3517,0.93279,0.07858,-0.02597,0.05627,0.07661
-0.34751,0.93406,0.08211,-0.39489,0.05648,-0.24632
-0.34912,0.93414,0.07399,-0.33802,0.04418,-0.04922
-0.353,0.93406,0.05382,-0.12124,0.15241,0.02944
-0.35737,0.93358,0.02618,-0.02056,0.09196,0.01406
-0.3652,0.93091,-0.00227,0.19775,-0.31481,0.03646
-0.37428,0.92691,-0.02687,0.29721,-0.47225,0.06365
-0.37604,0.92547,-0.04557,0.35661,-0.43099,0.05558
-0.36883,0.92743,-0.06182,0.2568,-0.28904,0.09115
-0.35897,0.93019,-0.07655,0.08139,-0.10115,0.07965
-0.35208,0.93141,-0.09213,-0.00092,-0.21037,0.17024
-0.35142,0.92972,-0.10997,0.06221,-0.63448,0.1302
-0.3488,0.92763,-0.13347,0.05278,-0.58982,0.00018
-0.3363,0.92717,-0.16506,0.05376,-0.07449,0.23917
-0.31996,0.9275,-0.19327,-0.01951,0.12369,0.29753
-0.30344,0.92886,-0.21243,-0.04759,0.17283,0.28728
-0.28717,0.93118,-0.22452,0.00409,0.28216,0.45704
-0.26875,0.9348,-0.23215,-0.20389,0.31072,0.45198
-0.24878,0.9389,-0.23783,-0.63897,0.24059,0.31212
-0.24012,0.94002,-0.24223,-0.74784,0.07151,0.35576
-0.24087,0.93758,-0.25079,-0.58814,0.50855,0.1055
-0.25048,0.93318,-0.25771,-0.39623,0.42827,-0.02659
-0.2616,0.93035,-0.25689,-0.16345,0.22352,-0.1001
-0.27249,0.92926,-0.24941,0.04742,0.11716,-0.23594
-0.2842,0.93097,-0.22912,0.11619,0.14564,-0.08674
-0.29686,0.93459,-0.19595,0.00231,0.5068,-0.02924
-0.30732,0.93769,-0.16209,0.0403,0.71574,-0.01569
-0.31597,0.93979,-0.13015,0.03881,0.62822,0.07714
-0.32046,0.94191,-0.1004,-0.04468,0.42784,0.07956
-0.32201,0.94391,-0.07297,-0.05445,0.34973,0.05053
-0.32127,0.94564,-0.05026,0.11431,-0.00935,0.07425
-0.32169,0.94644,-0.02716,0.0797,-0.18056,0.10585
-0.32625,0.94527,-0.00222,0.06731,-0.23807,0.08646
-0.3357,0.94173,0.02065,0.19975,-0.44725,0.0705
-0.34903,0.93621,0.04084,0.1943,-0.55938,0.04563
-0.36,0.93127,0.05575,0.20059,-0.63958,0.00179
-0.36395,0.92917,0.06443,0.22514,-0.97895,0.0671
-0.35855,0.93126,0.06458,0.29602,-0.99223,0.08408
-0.35034,0.93475,0.05894,0.38102,-0.67578,0.12433
-0.34624,0.93674,0.05113,0.26628,-0.46669,0.20682
-0.34684,0.93681,0.04551,0.04835,-0.29601,0.23023
-0.35079,0.9352,0.04821,-0.09687,-0.07547,0.33273
-0.3535,0.93383,0.0545,-0.1615,0.28461,0.57892
-0.34682,0.93594,0.06094,-0.29939,0.94321,0.47964
-0.34084,0.93771,0.06706,-0.03947,0.70062,0.6581
-0.34349,0.93689,0.06508,0.13179,0.17603,0.70546
-0.35367,0.9323,0.07553,0.08159,0.48378,-0.00697
-0.36772,0.92452,0.10009,-0.18456,0.70437,0.11212
-0.37585,0.92175,0.0953,0.30719,0.36523,-0.15773
-0.37396,0.92452,0.07346,0.63531,-0.03118,-0.2988
-0.36502,0.92826,0.07124,0.23877,0.14061,-0.02879
-0.3522,0.9322,0.08328,0.01422,0.20557,0.15125
-0.34898,0.93323,0.08526,-0.28171,0.17147,-0.19096
-0.35455,0.93186,0.07687,-0.27909,0.0894,-0.05908
-0.36379,0.9297,0.05731,-0.14876,0.05644,0.05911
-0.36999,0.92843,0.03309,0.04266,-0.12498,0.01883
-0.37335,0.92765,0.00724,0.12172,-0.21138,0.04085
-0.37622,0.92632,-0.01918,0.1864,-0.32123,0.12005
-0.37327,0.92686,-0.03972,0.2065,-0.3029,0.06663
-0.36511,0.92925,-0.05638,0.10817,-0.23792,0.08989
-0.35789,0.9309,-0.07295,0.11416,-0.20539,0.15602
-0.35593,0.93016,-0.08997,0.09238,-0.33054,0.14891
-0.35824,0.92707,-0.11034,0.17654,-0.64453,0.09818
-0.35588,0.92418,-0.13863,0.11461,-0.5368,0.05782
-0.3423,0.924,-0.17041,0.1055,-0.01157,0.144
-0.32522,0.92563,-0.19345,-0.03059,0.15887,0.24337
-0.30985,0.92795,-0.20707,0.02979,0.0171,0.3332
-0.29536,0.93047,-0.21672,-0.03046,0.11517,0.55283
-0.27612,0.93471,-0.22373,-0.35617,0.26912,0.45153
-0.25879,0.9378,-0.23141,-0.72589,0.0984,0.29548
-0.25338,0.93737,-0.23898,-0.74097,0.0728,0.35407
-0.2558,0.93454,-0.24737,-0.41288,0.3107,0.33216
-0.26251,0.93025,-0.25632,-0.25454,0.48897,-0.08671
-0.27101,0.92783,-0.25626,-0.07187,0.23776,-0.16996
-0.28244,0.92631,-0.24933,0.05696,0.08117,-0.22452
-0.29803,0.92699,-0.22771,0.06224,0.156,-0.17071
-0.31563,0.92939,-0.19131,-0.16042,0.64462,-0.0862
-0.32566,0.93295,-0.15342,-0.07127,0.81977,0.04459
-0.33063,0.93538,-0.12538,0.23173,0.76196,0.10112
-0.33382,0.9375,-0.09815,0.16913,0.42119,0.20013
-0.33564,0.93932,-0.07072,0.05898,0.34359,0.06326
-0.33448,0.94131,-0.0451,0.00836,-0.0281,0.13387
-0.33453,0.94216,-0.01969,0.04238,-0.21702,0.10056
-0.33774,0.94122,0.00474,0.04828,-0.2663,0.07246
-0.34521,0.93817,0.02545,0.19717,-0.42856,0.03369
-0.35701,0.93311,0.04259,0.17049,-0.53747,0.05835
-0.36736,0.92863,0.0517,0.21606,-0.67364,0.01889
-0.37118,0.92701,0.0534,0.26132,-0.86477,0.03988
-0.36667,0.9291,0.04802,0.25681,-0.86686,0.04526
-0.3581,0.93284,0.03946,0.36642,-0.52009,0.21421
-0.35191,0.9355,0.03124,0.32542,-0.41846,0.26571
-0.35076,0.93596,0.03021,0.22036,-0.23383,0.31001
-0.35589,0.93385,0.03522,-0.0445,-0.09802,0.46302
-0.36135,0.93154,0.04043,-0.11126,0.08956,0.40291
-0.35853,0.93201,0.05271,-0.34258,0.89304,0.38058
-0.35327,0.93331,0.06405,0.00398,0.61437,0.80957
-0.35286,0.934,0.0558,0.16852,0.27738,0.93673
-0.36059,0.93132,0.05093,0.18227,0.10497,-0.02197
-0.36811,0.92683,0.0739,-0.1998,0.57545,0.32255
-0.36686,0.92742,0.07266,0.59227,0.03098,-0.24519
-0.35959,0.93158,0.05325,0.71642,-0.09373,-0.37235
-0.35238,0.93407,0.05766,0.3258,0.44434,-0.11658
-0.34403,0.93618,0.072,-0.26172,0.3399,0.17063
-0.33922,0.93835,0.06638,-0.40009,0.13201,-0.13224
-0.34349,0.93746,0.05619,-0.34361,-0.20386,-0.10032
-0.35162,0.93521,0.04157,-0.11669,-0.23446,-0.0165
-0.35543,0.93444,0.02142,0.13901,-0.02909,0.02347
-0.35517,0.93478,-0.0049,0.21141,0.0505,0.01394
-0.35247,0.93527,-0.03167,0.20757,-0.02625,0.18601
-0.34886,0.93568,-0.05263,0.19876,-0.17906,0.0904
-0.34595,0.93542,-0.07275,0.23672,-0.4326,-0.05294
-0.34502,0.93375,-0.09509,0.31002,-0.64693,0.07354
-0.34014,0.9327,-0.11982,0.22404,-0.47852,0.13349
-0.33032,0.93313,-0.14192,0.00506,-0.29023,0.11064
-0.32246,0.93155,-0.16798,-0.11272,-0.38459,0.14134
-0.31119,0.93038,-0.19372,-0.15748,-0.00524,0.35504
-0.2963,0.93195,-0.20892,-0.1898,0.05077,0.42404
-0.28151,0.93411,-0.21949,-0.13646,-0.03901,0.41683
-0.26659,0.93643,-0.22805,-0.29741,0.0554,0.54311
-0.25115,0.93836,-0.23747,-0.3706,0.18027,0.52413
-0.23913,0.93936,-0.24576,-0.44892,0.30308,0.34958
-0.23289,0.93921,-0.25226,-0.47249,0.23609,0.45674
-0.22875,0.9387,-0.25785,-0.43317,0.26154,0.45495
-0.23051,0.9373,-0.26138,-0.35772,0.31668,-0.1261
-0.23436,0.93839,-0.25393,-0.19782,-0.07484,-0.18199
-0.2429,0.94044,-0.23782,-0.09104,-0.26536,-0.1924
-0.25665,0.94371,-0.20862,-0.16937,0.63986,-0.27341
-0.26831,0.9481,-0.17058,-0.08455,0.87684,-0.06474
-0.27416,0.95202,-0.13589,0.21962,0.89579,0.06048
-0.28156,0.95371,-0.10551,0.06365,0.59533,0.2346
-0.28697,0.95516,-0.07278,-0.15407,0.4886,0.01098
-0.29131,0.95558,-0.04451,0.01136,0.2412,-0.02761
-0.29357,0.95577,-0.01719,0.03723,-0.02814,0.14075
-0.29748,0.95464,0.0116,0.06875,-0.17774,0.06921
-0.30548,0.95147,0.03701,0.0851,-0.45645,0.05257
-0.31683,0.9468,0.05627,0.1186,-0.56334,0.04233
-0.32835,0.94191,0.0705,0.21389,-0.76649,-0.01215
-0.3342,0.93938,0.07646,0.27266,-0.96172,-0.06555
-0.33371,0.93979,0.07351,0.24639,-0.94573,-0.02802
-0.32729,0.94272,0.06433,0.26398,-0.8167,0.09177
-0.32127,0.9453,0.05622,0.22733,-0.38395,0.32358
-0.31838,0.94614,0.05851,0.2228,-0.25376,0.38081
-0.32221,0.94405,0.07014,0.19205,-0.02756,0.44784
-0.32842,0.94092,0.08239,-0.3343,0.47156,0.36691
-0.32694,0.93973,0.09995,-0.55915,0.87181,0.49945
-0.32051,0.9409,0.10929,-0.15552,0.47104,0.78128
-0.32087,0.94155,0.10242,0.14692,0.00977,0.41255
-0.32919,0.93835,0.1054,0.24963,0.48189,-0.02894
-0.33836,0.93246,0.12649,-0.08415,0.58043,0.11569
-0.33629,0.93472,0.11481,0.73591,0.24799,-0.37237
-0.33028,0.93828,0.10258,0.47572,-0.00023,-0.25647
-0.32342,0.94025,0.10627,-0.03871,0.08849,-0.02996
-0.31829,0.94182,0.10785,-0.24716,0.08885,-0.08811
-0.32063,0.94182,0.10072,-0.32895,-0.00977,-0.13808
-0.32733,0.94094,0.08633,-0.21965,-0.16285,0.03684
-0.33243,0.94063,0.06833,-0.1114,-0.11942,0.04415
-0.3365,0.9406,0.0448,-0.05773,-0.05308,0.03286
-0.34437,0.9387,0.01517,0.07154,-0.14729,0.10009
-0.3528,0.93561,-0.0117,0.19734,-0.34258,0.13412
-0.35407,0.93466,-0.03203,0.27414,-0.39186,0.0072
-0.34784,0.9362,-0.0502,0.26302,-0.35123,0.03182
-0.34176,0.93722,-0.06928,0.15109,-0.23426,0.09171
-0.33891,0.93672,-0.08758,0.10097,-0.4631,0.1012
-0.33821,0.93482,-0.10812,0.12848,-0.56507,0.13566
-0.33326,0.9327,-0.13782,0.08654,-0.58754,0.13712
-0.32137,0.93122,-0.17186,-0.03497,0.03757,0.21375
-0.30628,0.93139,-0.19666,-0.07522,0.09087,0.25397
-0.29038,0.93311,-0.21206,-0.04995,0.11499,0.31348
-0.27282,0.93609,-0.22201,-0.14451,0.35464,0.51905
-0.25262,0.94058,-0.22689,-0.35186,0.35416,0.47034
-0.2384,0.94329,-0.23097,-0.55437,0.25643,0.33675
-0.23598,0.94282,-0.23532,-0.84525,-0.02591,0.353
-0.23807,0.9405,-0.24238,-0.56411,0.32561,0.25107
-0.24645,0.93679,-0.24833,-0.5284,0.61706,0.12647
-0.25794,0.93431,-0.24598,0.07762,-0.01312,-0.23658
-0.27214,0.93275,-0.23645,0.20262,-0.13291,-0.23204
-0.28953,0.93369,-0.21064,0.27255,-0.10088,-0.11816
-0.30107,0.93749,-0.17449,-0.06497,0.83308,-0.02324
-0.30663,0.94166,-0.1387,-0.00105,0.81819,-0.05685
-0.31592,0.94237,-0.11008,0.04988,0.3705,0.17577
-0.32157,0.94335,-0.08164,0.07495,0.37965,0.16582
-0.32254,0.9447,-0.05899,0.16991,0.31865,0.03509
-0.3219,0.94604,-0.03701,0.12276,-0.05365,0.19527
-0.32425,0.9459,-0.01035,0.06078,-0.1468,0.09185
-0.33223,0.9431,0.01287,0.06164,-0.40924,-0.0066
-0.34414,0.93844,0.02967,0.08428,-0.6029,0.09686
-0.35596,0.93358,0.04103,0.14734,-0.70498,0.09628
-0.36139,0.93117,0.04791,0.22198,-0.70946,0.0726
-0.3592,0.93204,0.04753,0.3635,-0.82788,0.05597
-0.35467,0.9341,0.04061,0.32067,-0.88507,0.12089
-0.34856,0.93673,0.03191,0.35779,-0.65868,0.20565
-0.34695,0.93751,0.02596,0.1566,-0.28834,0.35798
-0.35214,0.93546,0.02988,-0.0338,0.00163,0.54029
-0.35988,0.932,0.04283,-0.27974,0.30987,0.59412
-0.3591,0.93156,0.0567,-0.70595,1.05704,0.56656
-0.35483,0.93275,0.06356,-0.32184,0.61537,0.75857
-0.35678,0.9324,0.05747,0.09384,0.14125,0.5061
-0.36952,0.927,0.06412,0.21415,0.67367,-0.22711
-0.3851,0.91789,0.09563,-0.11092,0.95586,0.22762
-0.38832,0.91817,0.07839,0.83603,0.14586,-0.2889
-0.3803,0.92323,0.05466,0.78613,-0.27434,-0.6081
-0.37439,0.92474,0.06835,0.27882,0.21069,-0.15195
-0.36983,0.92525,0.08433,-0.13183,0.27197,0.2515
-0.36845,0.92667,0.0742,-0.58569,0.03311,-0.38542
-0.37107,0.92704,0.05359,-0.21449,-0.01388,0.02089
-0.37716,0.92578,0.02561,-0.0505,-0.01062,0.09831
-0.38119,0.92447,-0.00511,0.1376,-0.06738,0.15164
-0.38308,0.92304,-0.03505,0.20203,-0.30059,0.26277
-0.38276,0.92199,-0.05833,0.19361,-0.37669,0.18276
-0.38002,0.92207,-0.07317,0.16064,-0.44043,0.11092
-0.37709,0.92169,-0.09096,0.2135,-0.47241,0.13904
-0.37196,0.92153,-0.11135,0.18852,-0.42269,0.18617
-0.36559,0.92154,-0.13072,0.13308,-0.38006,0.2012
-0.35792,0.92044,-0.15701,0.01326,-0.28212,0.18851
-0.34591,0.91996,-0.18439,-0.0089,-0.14458,0.26942
-0.33221,0.92139,-0.20165,-0.07321,0.01265,0.29024
-0.32005,0.92209,-0.21747,-0.12645,-0.01303,0.33786
-0.30828,0.92207,-0.23393,-0.07084,0.17467,0.36845
-0.29345,0.92337,-0.2475,-0.11416,0.70882,0.37369
-0.27895,0.92573,-0.25534,-0.2609,0.65571,0.42239
-0.2722,0.92611,-0.26118,-0.56343,0.53285,0.10831
-0.27622,0.92389,-0.2648,-0.67976,0.53322,-0.04213
-0.2863,0.9212,-0.26346,-0.57626,0.51922,0.16207
-0.29668,0.92022,-0.25526,-0.35476,0.40679,0.31838
-0.3094,0.91956,-0.24219,-0.11948,0.05323,-0.35742
-0.32283,0.9237,-0.20627,-0.18653,0.20954,-0.15453
-0.33026,0.92933,-0.16507,-0.20688,0.65108,0.05224
-0.32797,0.93425,-0.13996,0.07556,0.40498,0.02621
-0.32276,0.93924,-0.11674,0.14024,0.35078,0.26361
-0.31716,0.94447,-0.08585,0.10732,0.3312,0.18197
-0.31608,0.94739,-0.05019,0.20526,0.1759,0.16338
-0.32538,0.94546,-0.01421,0.17873,-0.00734,0.08911
-0.34494,0.93846,0.01661,0.17595,-0.38973,-0.01829
-0.36775,0.9292,0.0364,0.2013,-0.62062,0.06309
-0.38666,0.92075,0.05182,0.13582,-0.71955,0.10408
-0.39653,0.91556,0.06697,0.17335,-0.75985,0.07474
-0.39587,0.91513,0.07616,0.272,-0.77676,0.0428
-0.39021,0.91762,0.07535,0.32427,-0.75142,0.05817
-0.38261,0.92119,0.07072,0.32706,-0.68767,0.12063
-0.37579,0.92396,0.07106,0.1848,-0.43493,0.22557
-0.37412,0.92393,0.07972,-0.05495,-0.24621,0.38256
-0.38039,0.91997,0.09449,-0.1685,0.04803,0.48519
-0.39033,0.91347,0.11487,-0.31037,0.57941,0.66465
-0.39198,0.90948,0.13847,-0.41912,0.62925,0.63011
-0.3863,0.91094,0.14467,-0.13378,0.367,0.5684
-0.39178,0.91029,0.13366,0.08373,0.19393,0.225
-0.40434,0.9038,0.14011,0.42016,0.75962,-0.18208
-0.41289,0.89608,0.16291,0.26485,0.96285,0.36183
-0.40833,0.9025,0.13688,0.63162,0.06935,-0.21751
-0.39896,0.90919,0.11905,0.52564,-0.21695,-0.58859
-0.39699,0.90871,0.12889,0.20075,-0.07169,-0.2005
-0.39745,0.90849,0.12905,-0.29586,0.1905,-0.05805
-0.39442,0.91153,0.11629,0.0093,0.3484,-0.09094
-0.38763,0.91633,0.1003,0.06288,0.21294,-0.01298
-0.38268,0.92023,0.08186,-0.03979,0.01235,0.05016
-0.38003,0.92314,0.05796,-0.25306,-0.41051,0.11324
-0.38599,0.922,0.03,-0.15594,-0.40873,0.09891
-0.39248,0.91974,0.00169,-0.07015,-0.39959,0.14122
-0.38875,0.92101,-0.02432,0.21484,-0.38143,0.09114
-0.3782,0.92438,-0.04962,0.26255,-0.37117,0.09731
-0.37061,0.92565,-0.07612,0.30305,-0.37702,0.102
-0.36861,0.92421,-0.09967,0.36228,-0.35811,0.00512
-0.3667,0.92285,-0.11771,0.33583,-0.35079,0.03705
-0.36007,0.92329,-0.13368,0.26031,-0.30561,0.09948
-0.34975,0.92415,-0.15365,-0.15002,-0.03906,0.20961
-0.342,0.92314,-0.17557,-0.18233,-0.18346,0.24837
-0.33336,0.92209,-0.1965,-0.11415,-0.043,0.17282
-0.32256,0.92183,-0.21488,-0.10933,0.29755,0.2784
-0.31034,0.92273,-0.22857,-0.17135,0.41051,0.33518
-0.29571,0.92502,-0.23849,-0.21712,0.43127,0.51336
-0.28067,0.92829,-0.2439,-0.32559,0.40754,0.5111
-0.26903,0.93051,-0.24851,-0.63934,0.26422,0.34734
-0.26576,0.92962,-0.25526,-0.68225,0.37618,0.07246
-0.27366,0.92696,-0.25658,-0.3575,0.26245,-0.08935
-0.28653,0.92374,-0.25413,-0.26755,0.23199,-0.04196
-0.29991,0.92138,-0.24718,0.04167,-0.10459,-0.14546
-0.31515,0.92118,-0.22825,0.1096,-0.14876,-0.0361
-0.32659,0.92438,-0.19708,-0.04322,0.26616,-0.04523
-0.32546,0.93144,-0.1627,0.06563,0.70099,0.04869
-0.32158,0.93721,-0.13491,0.14652,0.43303,-0.06948
-0.3243,0.93957,-0.10964,-0.01662,0.15557,0.0541
-0.32624,0.94127,-0.08691,0.09256,0.1438,0.09343
-0.32595,0.94309,-0.06566,0.19967,-0.02518,0.15989
-0.32792,0.94367,-0.04404,0.22056,-0.27639,0.0963
-0.3353,0.94186,-0.02143,0.18875,-0.45919,0.00077
-0.34677,0.93792,-0.00522,0.12911,-0.56486,0.07532
-0.35508,0.93481,0.00501,0.10799,-0.57872,0.13955
-0.35934,0.93309,0.01385,0.16146,-0.53525,0.13527
-0.35759,0.93364,0.0207,0.26128,-0.57307,0.19744
-0.35021,0.93637,0.02333,0.41018,-0.50428,0.16709
-0.34263,0.93919,0.02236,0.29853,-0.40243,0.17945
-0.336,0.94159,0.02222,0.16515,-0.29535,0.33946
-0.33171,0.94303,0.02546,0.09393,-0.26367,0.38364
-0.33287,0.94241,0.03216,0.01155,-0.05911,0.43921
-0.34075,0.93927,0.04034,-0.17265,0.06294,0.48441
-0.34552,0.93712,0.04895,-0.51134,0.35075,0.44911
-0.34468,0.93722,0.05286,-0.29674,0.40984,0.69836
-0.34548,0.93718,0.04806,0.05824,0.22253,0.75085
-0.35334,0.9345,0.04287,0.20602,0.42762,-0.10488
-0.36387,0.9295,0.06004,0.05894,0.8368,0.22062
-0.36636,0.92878,0.05586,0.37051,0.22115,-0.23838
-0.358,0.93297,0.03707,0.36215,0.21696,-0.2196
-0.35126,0.93526,0.04344,0.27171,0.30034,-0.29976
-0.34692,0.93578,0.06279,-0.45434,-0.02678,0.02388
-0.34977,0.93476,0.06215,-0.5534,-0.11643,-0.22509
-0.35651,0.93295,0.04985,-0.47592,-0.16931,-0.22252
-0.36348,0.931,0.03306,-0.14499,-0.10179,0.09621
-0.36224,0.932,0.01191,0.02172,-0.01055,0.09405
-0.35691,0.934,-0.01551,0.21082,-0.04804,0.15585
-0.35327,0.93465,-0.03998,0.21756,-0.12463,0.18047
-0.35368,0.93373,-0.05518,0.23426,-0.28768,0.09529
-0.35566,0.93197,-0.07014,0.14559,-0.39196,0.0254
-0.35506,0.93047,-0.09019,0.1483,-0.40185,0.07916
-0.35028,0.93026,-0.10909,0.1235,-0.38479,0.20089
-0.34385,0.92972,-0.13176,0.0946,-0.47934,0.01908
-0.33498,0.92732,-0.16688,0.09116,-0.45314,0.00616
-0.32066,0.92568,-0.20068,0.05345,-0.10137,0.14471
-0.30397,0.92705,-0.21948,-0.08298,0.23599,0.31579
-0.29003,0.92902,-0.22976,-0.08057,0.1682,0.38025
-0.27542,0.93141,-0.23792,-0.14123,0.17598,0.45511
-0.2568,0.93522,-0.24373,-0.46032,0.24532,0.37897
-0.24259,0.93795,-0.24776,-0.76114,0.00248,0.30048
-0.2389,0.93752,-0.25292,-0.73597,-0.01932,0.41098
-0.23898,0.93592,-0.2587,-0.38585,0.44747,0.17598
-0.24457,0.93354,-0.26206,-0.24623,0.49175,0.01245
-0.25037,0.9336,-0.25632,0.05718,-0.06624,-0.21524
-0.25862,0.93496,-0.24281,0.21879,-0.1848,-0.18429
-0.27246,0.93728,-0.21738,-0.0625,0.35163,-0.16324
-0.28721,0.94066,-0.18072,-0.13363,0.73268,0.10923
-0.30028,0.94242,-0.14717,-0.03706,0.76629,0.01191
-0.31329,0.94271,-0.11454,0.10912,0.50652,0.26333
-0.32214,0.94284,-0.08515,0.24829,0.49041,0.15568
-0.32548,0.94349,-0.06213,0.23587,0.28931,0.04681
-0.32888,0.94347,-0.04092,0.06889,0.00314,0.10144
-0.33572,0.94178,-0.01777,-0.00299,-0.11146,0.10148
-0.34382,0.93901,0.00586,-0.08613,-0.37402,0.08392
-0.35291,0.93528,0.02629,0.01219,-0.35111,0.09456
-0.36206,0.93124,0.04111,0.05731,-0.45941,0.10779
-0.36657,0.92913,0.0482,0.23195,-0.59145,0.10589
-0.36576,0.92935,0.05001,0.35204,-0.81965,0.07204
-0.35979,0.93181,0.04739,0.35868,-0.86242,0.07372
-0.35204,0.93509,0.04063,0.33892,-0.83119,0.10263
-0.34646,0.93751,0.0318,0.09571,-0.43947,0.27047
-0.34561,0.93803,0.02508,0.02135,-0.33999,0.3028
-0.35142,0.9359,0.02414,0.00827,-0.22507,0.32247
-0.35608,0.934,0.02893,-0.2226,0.54769,0.39289
-0.3504,0.93583,0.03759,-0.29671,0.8754,0.46185
-0.34644,0.93719,0.0404,-0.20695,0.92594,0.60454
-0.34973,0.9362,0.03459,0.1994,0.18508,0.01584
-0.36011,0.93191,0.04283,0.27483,0.4186,-0.18974
-0.37184,0.92552,0.07157,0.29762,0.875,0.14087
-0.37318,0.92577,0.06045,0.70106,-0.16624,-0.21122
-0.36532,0.92976,0.04547,0.50844,-0.31193,-0.63795
-0.35809,0.93095,0.07128,0.17283,0.43996,0.31449
-0.35479,0.92841,0.1102,-0.50361,0.17803,-0.19012
-0.35947,0.9273,0.10424,-0.61003,0.2222,-0.3535
-0.36905,0.92457,0.09458,-0.31612,-0.08114,-0.16453
-0.37372,0.92433,0.07696,-0.09958,-0.10151,0.10259
-0.37776,0.92445,0.0516,0.02115,-0.00955,0.17575
-0.37809,0.92537,0.02666,0.2462,-0.05753,0.16404
-0.37765,0.92593,0.00338,0.21818,-0.20726,0.17682
-0.37737,0.92588,-0.01783,0.16498,-0.26911,0.10002
-0.37595,0.92586,-0.03776,0.02778,-0.30727,-0.02202
-0.37434,0.92528,-0.06087,0.08931,-0.35663,0.05746
-0.37265,0.92406,-0.08492,0.12068,-0.41546,0.08791
-0.36972,0.92266,-0.10946,0.14668,-0.51405,0.14517
-0.3612,0.92252,-0.13591,0.02898,-0.39913,0.17599
-0.34732,0.92352,-0.16265,-0.15172,-0.25226,0.15494
-0.33205,0.92471,-0.18608,-0.16604,-0.0654,0.22528
-0.31665,0.9265,-0.20327,0.03469,0.10272,0.43976
-0.29999,0.92931,-0.21532,0.06107,0.15649,0.45465
-0.2804,0.93253,-0.22746,-0.23776,0.23386,0.39334
-0.26059,0.93568,-0.23788,-0.71248,0.16015,0.33736
-0.24967,0.9362,-0.24732,-0.64898,0.06816,0.38935
-0.24487,0.93483,-0.25713,-0.41524,0.42897,0.2764
-0.24423,0.9327,-0.26536,-0.40416,0.6384,0.13202
-0.24481,0.93291,-0.26406,-0.2804,0.23715,-0.05177
-0.24705,0.9342,-0.25735,-0.1033,-0.00803,-0.27312
-0.25503,0.93634,-0.24126,0.05581,-0.11227,-0.10786
-0.26426,0.94103,-0.21123,0.02833,0.09879,-0.00337
-0.27446,0.94505,-0.17754,0.20927,0.93957,0.04464
-0.28864,0.94639,-0.14494,0.09598,0.61258,0.12422
-0.29581,0.94814,-0.11621,0.06369,0.39462,0.16508
-0.29909,0.95019,-0.08756,0.01982,0.26387,0.05753
-0.29819,0.95239,-0.06332,0.10573,0.09246,0.07926
-0.29745,0.95388,-0.0402,0.03325,-0.09891,0.17443
-0.30056,0.95361,-0.01612,-0.01765,-0.2139,0.12168
-0.309,0.95103,0.00617,0.0184,-0.3503,0.11016
-0.31913,0.94741,0.02346,0.08839,-0.45534,0.074
-0.32963,0.94346,0.03459,0.10801,-0.66145,0.03851
-0.33432,0.94166,0.0383,0.16454,-0.80008,0.05995
-0.33204,0.94263,0.0342,0.2232,-0.92366,0.16536
-0.3237,0.94579,0.02606,0.34419,-0.66634,0.19862
-0.31616,0.94853,0.01767,0.28462,-0.37426,0.30628
-0.31331,0.94953,0.01423,0.24862,-0.29896,0.37309
-0.31739,0.94814,0.01641,-0.05375,-0.2195,0.45318
-0.32466,0.94557,0.02162,-0.23167,0.07233,0.4727
-0.32502,0.9452,0.03047,-0.47634,0.81249,0.47439
-0.31826,0.94717,0.03936,-0.18033,0.86542,0.69876
-0.317,0.94776,0.03495,0.14548,0.21564,0.66467
-0.32359,0.94568,0.03082,0.31329,0.46301,0.04449
-0.33308,0.94139,0.05298,-0.15316,0.70701,0.13055
-0.3376,0.93919,0.06254,0.32991,0.06804,-0.29124
-0.33532,0.9408,0.04926,0.41901,-0.31786,-0.33957
-0.33358,0.94152,0.04736,0.13739,0.11937,-0.10805
-0.32868,0.94261,0.05856,-0.12856,0.36528,0.19404
-0.32462,0.94394,0.05977,-0.4611,0.1931,-0.14249
-0.3174,0.94693,0.05059,-0.35358,-0.04145,-0.04215
-0.31251,0.94917,0.03725,-0.22309,-0.09039,0.00422
-0.31659,0.94841,0.01597,0.03265,-0.06969,0.00381
-0.32589,0.9453,-0.01347,0.10953,-0.10877,0.08561
-0.33277,0.94201,-0.0431,0.20085,-0.22819,0.20857
-0.33256,0.94087,-0.06442,0.22747,-0.26925,0.09615
-0.3253,0.94242,-0.07743,0.20557,-0.26791,0.06209
-0.31602,0.94438,-0.09084,0.20334,-0.33816,0.14783
-0.30699,0.94574,-0.10636,0.12952,-0.47892,0.22655
-0.29953,0.94609,-0.12316,-0.01804,-0.55898,0.1846
-0.2923,0.94478,-0.14809,-0.21527,-0.4731,0.11672
-0.28208,0.94258,-0.17873,-0.20809,-0.36653,0.18622
-0.26866,0.94149,-0.20348,-0.09564,-0.02721,0.18959
-0.25348,0.94186,-0.22052,-0.03544,0.03498,0.42865
-0.23588,0.94372,-0.23181,-0.0767,0.10082,0.48359
-0.21508,0.94637,-0.24104,-0.37801,0.25801,0.44568
-0.19578,0.94801,-0.25085,-0.63422,0.20136,0.24924
-0.1865,0.94833,-0.25666,-0.80445,0.12868,0.32226
-0.18658,0.9469,-0.2618,-0.53629,0.46411,0.30715
-0.19608,0.94419,-0.26465,-0.49079,0.47105,0.03995
-0.21258,0.9412,-0.26254,-0.4743,0.47404,0.03784
-0.23644,0.93747,-0.2554,-0.07866,-0.12091,-0.35727
-0.26434,0.936,-0.23241,-0.07497,0.48362,-0.07788
-0.27795,0.94006,-0.19749,0.01873,0.77272,0.0643
-0.27522,0.94716,-0.16468,0.65825,1.55122,-0.01126
-0.28251,0.95006,-0.1325,0.21393,0.56935,0.18391
-0.28821,0.95272,-0.09612,0.03496,0.38504,0.16091
-0.29304,0.95369,-0.06761,-0.15098,0.16307,0.00488
-0.29372,0.95495,-0.0422,-0.07835,-0.17336,0.21045
-0.29541,0.95525,-0.01416,-0.02835,-0.24465,0.14678
-0.30268,0.95299,0.01314,0.03101,-0.32329,0.10497
-0.3126,0.94917,0.03636,0.17842,-0.54986,0.01949
-0.32509,0.94411,0.05427,0.22548,-0.71117,-0.01581
-0.33367,0.94056,0.06306,0.29269,-0.83491,0.007
-0.33558,0.94001,0.06111,0.33575,-0.96902,0.08812
-0.33163,0.94206,0.05012,0.3401,-0.72829,0.07902
-0.32433,0.94508,0.03994,0.25153,-0.35211,0.1962
-0.32165,0.94597,0.04074,0.13406,-0.12726,0.40768
-0.32818,0.94322,0.05111,0.00974,0.0161,0.51795
-0.34181,0.93776,0.06114,-0.22981,0.37085,0.53383
-0.34961,0.93406,0.07259,-0.68097,0.99801,0.65471
-0.34612,0.9346,0.08181,-0.60348,0.72737,0.65529
-0.34155,0.93656,0.07859,0.09512,0.04222,0.74156
-0.34534,0.93555,0.07377,0.2819,0.61544,0.15499
-0.35199,0.93178,0.08863,-0.12221,0.77415,0.25933
-0.35107,0.93196,0.09038,0.46672,0.29404,-0.35579
-0.34557,0.9349,0.08071,0.5413,0.0937,-0.27078
-0.33686,0.93807,0.08077,0.36642,0.06027,0.0918
-0.32785,0.94105,0.08309,-0.07206,-0.13928,-0.02301
-0.32917,0.9405,0.08412,-0.53547,-0.3468,-0.2595
-0.3368,0.93864,0.0741,-0.52666,-0.18821,-0.26471
-0.33953,0.93915,0.05178,-0.07326,0.10543,0.03695
-0.33582,0.94159,0.02432,0.30262,0.10703,0.10063
-0.33624,0.94175,-0.00477,0.27878,-0.09577,0.0554
-0.3429,0.93889,-0.02962,0.24224,-0.3851,0.04499
-0.34849,0.93578,-0.05329,0.25462,-0.48473,-0.00854
-0.34566,0.93522,-0.07649,0.24834,-0.44633,0.03036
-0.33602,0.93706,-0.09479,0.0645,-0.09677,0.16596
-0.32738,0.93837,-0.11069,0.00789,-0.14347,0.2204
-0.32657,0.93684,-0.12515,0.03295,-0.35244,0.23503
-0.32773,0.9337,-0.14415,0.05759,-0.55148,0.18892
-0.32113,0.93162,-0.17011,-0.16564,-0.2283,0.23352
-0.31042,0.92972,-0.19807,-0.17987,-0.16208,0.22576
-0.29962,0.92782,-0.22217,-0.16168,-0.10264,0.22186
-0.28645,0.9273,-0.24091,0.02247,0.32493,0.31491
-0.26776,0.92956,-0.25337,-0.06215,0.49633,0.36795
-0.24458,0.93427,-0.25942,-0.16344,0.61154,0.47042
-0.22471,0.93843,-0.26236,-0.68418,0.23216,0.44619
-0.21491,0.94014,-0.26445,-0.71702,0.09729,0.47638
-0.21048,0.93967,-0.26962,-0.6868,0.06073,0.46659
-0.2125,0.93736,-0.27601,-0.39535,0.58817,0.18276
-0.21896,0.93785,-0.2692,-0.21899,0.22731,0.10988
-0.22815,0.93901,-0.25728,-0.13022,0.01416,0.05435
-0.24238,0.94005,-0.23988,0.02923,-0.19078,-0.07021
-0.26043,0.94261,-0.20892,-0.12568,0.23011,-0.07972
-0.27253,0.9461,-0.17492,-0.0362,0.57319,-0.07621
-0.28208,0.94823,-0.14582,0.12831,0.46859,0.05401
-0.28906,0.94996,-0.11826,0.12387,0.46021,0.09475
-0.28952,0.95318,-0.08718,0.23017,0.38657,0.08422
-0.28788,0.95588,-0.05816,0.2189,0.122,0.09098
-0.28963,0.95665,-0.03032,0.14813,-0.02529,0.10086
-0.29662,0.95497,-0.00396,-0.00323,-0.21555,0.07804
-0.31022,0.95048,0.01782,-0.00852,-0.39575,0.09576
-0.32614,0.94465,0.03517,0.01149,-0.44304,0.07011
-0.33912,0.93944,0.04926,0.11869,-0.75883,0.0255
-0.34341,0.93737,0.05812,0.21708,-0.93865,0.05553
-0.33874,0.93897,0.05962,0.28068,-0.94456,0.06645
-0.33147,0.94165,0.05826,0.34659,-0.5199,0.10267
-0.32829,0.94294,0.05532,0.19474,-0.41705,0.21215
-0.32691,0.94351,0.05376,0.12866,-0.196,0.41634
-0.32804,0.94288,0.0577,0.07025,0.04839,0.58548
-0.33117,0.9414,0.06365,-0.18923,0.17213,0.56384
-0.33057,0.94111,0.07077,-0.52571,0.40961,0.52491
-0.32775,0.94166,0.0763,-0.33583,0.43749,0.69839
-0.33138,0.94067,0.07281,-0.07246,0.21029,0.83604
-0.34347,0.93697,0.06394,0.09182,0.20907,-0.03115
-0.35936,0.92996,0.07743,0.00565,0.59086,0.1428
-0.36882,0.92599,0.08056,0.18221,0.31278,-0.22106
-0.36256,0.93016,0.05764,0.98166,0.24164,-0.52268
-0.35273,0.93392,0.05781,0.35629,0.8244,-0.20522
-0.33988,0.93804,0.06738,-0.24316,-0.20001,-0.10801
-0.33463,0.94018,0.06362,-0.31487,-0.29023,-0.3015
-0.34079,0.93839,0.05715,-0.38495,-0.39584,-0.26009
-0.34808,0.93659,0.04011,-0.11941,-0.05184,-0.02491
-0.34814,0.93736,0.01094,-0.11936,-0.05261,0.00426
-0.3412,0.93966,-0.02444,0.16818,0.19088,0.19935
-0.33801,0.93963,-0.05301,0.29052,-0.20561,0.14243
-0.34294,0.93687,-0.06813,0.22721,-0.34962,0.00402
-0.34833,0.93383,-0.08124,0.17967,-0.45124,-0.02683
-0.34813,0.9318,-0.10255,0.21361,-0.47148,0.19646
-0.34134,0.93194,-0.1223,0.14952,-0.3525,0.24575
-0.33288,0.9326,-0.13937,0.05172,-0.25915,0.23442
-0.32629,0.93088,-0.16426,-0.06356,-0.39346,0.19436
-0.31577,0.9294,-0.19102,-0.08952,-0.20862,0.25057
-0.30331,0.92979,-0.20851,-0.14275,0.03442,0.28684
-0.29369,0.93014,-0.22038,-0.04125,0.12847,0.32463
-0.28376,0.93125,-0.22855,0.0714,0.19831,0.46119
-0.26709,0.93449,-0.2353,-0.34153,0.26295,0.30602
-0.25329,0.93715,-0.23996,-0.70614,0.25872,0.41644
-0.25158,0.93548,-0.24812,-0.69754,0.0824,0.32031
-0.25365,0.93272,-0.25628,-0.22345,0.53959,0.22663
-0.25575,0.93056,-0.26197,-0.20651,0.54541,0.06938
-0.25732,0.93102,-0.25878,-0.18469,0.2301,-0.04201
-0.26023,0.93222,-0.25143,-0.06696,-0.31674,-0.21178
-0.26595,0.93526,-0.23352,-0.08526,-0.2726,-0.28282
-0.27826,0.93874,-0.20328,-0.21309,0.40932,-0.04213
-0.28999,0.94155,-0.17134,0.28297,1.0561,0.02767
-0.30525,0.94153,-0.14253,0.29794,0.9828,0.0896
-0.31202,0.94331,-0.11307,0.13856,0.64243,0.22246
-0.31278,0.94618,-0.08299,0.04285,0.16315,-0.05841
-0.31283,0.94811,-0.05649,0.06015,0.02729,0.01478
-0.31418,0.94885,-0.03062,-0.04614,-0.19528,0.14021
-0.32095,0.94706,-0.00545,-0.02559,-0.23173,0.14266
-0.33392,0.94245,0.01603,0.04286,-0.37189,0.15452
-0.34778,0.937,0.03225,0.12472,-0.52926,0.08847
-0.35863,0.93241,0.04437,0.23648,-0.71863,0.039
-0.36399,0.93009,0.04912,0.33201,-0.93316,-0.00638
-0.36324,0.93054,0.04609,0.33426,-1.03036,0.08401
-0.35689,0.9334,0.03702,0.42333,-0.65599,0.14082
-0.35229,0.93555,0.02474,0.32422,-0.43912,0.27805
-0.35254,0.93562,0.01741,0.14597,-0.20617,0.39102
-0.35859,0.93318,0.02352,-0.06072,-0.07762,0.49351
-0.36718,0.92956,0.0327,-0.26728,0.26989,0.42224
-0.36833,0.92871,0.0425,-0.44663,0.70974,0.38299
-0.36674,0.92881,0.05281,-0.18989,0.47589,0.71793
-0.36923,0.92792,0.05096,0.22217,0.08793,0.83027
-0.37661,0.92549,0.04015,0.14333,-0.10389,0.72286
-0.38765,0.92092,0.03996,0.16872,0.27877,-0.21463
-0.39384,0.91679,0.066,0.01284,0.26046,0.11994
-0.38919,0.9197,0.05151,0.37995,-0.08553,-0.25164
-0.38279,0.92341,0.02732,0.69995,-0.11399,-0.50355
-0.37744,0.92537,0.03461,0.16187,1.07694,0.34384
-0.36881,0.92836,0.04581,-0.27021,0.38861,0.20893
-0.36348,0.93074,0.03975,-0.36984,-0.13948,-0.07643
-0.36949,0.92861,0.03363,-0.23966,-0.40491,-0.10182
-0.37906,0.92508,0.02252,-0.16787,-0.25369,-0.00612
-0.38284,0.92379,-0.00174,-0.06735,-0.0719,0.06875
-0.37767,0.92534,-0.03296,0.29528,0.18735,0.15585
-0.37046,0.92698,-0.0586,0.3299,0.08779,0.23787
-0.36706,0.92739,-0.07201,0.31151,-0.05819,0.2184
-0.36645,0.9269,-0.08093,0.17156,-0.39594,-0.00376
-0.36696,0.92516,-0.09691,0.17208,-0.3942,0.01222
-0.36549,0.92345,-0.11677,0.15911,-0.45554,0.16049
-0.36064,0.92294,-0.13452,0.0065,-0.35795,0.14741
-0.35292,0.92287,-0.15403,-0.01572,-0.4233,0.15159
-0.34232,0.9227,-0.17722,-0.05103,-0.18601,0.30799
-0.32581,0.9243,-0.1987,-0.07539,0.1499,0.39336
-0.30763,0.92653,-0.21654,-0.03906,0.1128,0.32686
-0.28952,0.92893,-0.23076,-0.04948,0.20764,0.44783
-0.26899,0.93312,-0.23857,-0.29995,0.40972,0.44751
-0.25294,0.93632,-0.24352,-0.48095,0.23441,0.40656
-0.24486,0.93696,-0.24927,-0.56552,0.05726,0.42389
-0.23844,0.9371,-0.25488,-0.38383,0.13745,0.41715
-0.23051,0.9372,-0.26172,-0.34725,0.31974,0.18758
-0.22639,0.93836,-0.26117,-0.20402,0.22807,0.00451
-0.22317,0.94095,-0.25454,-0.07197,-0.22429,-0.19406
-0.22556,0.94428,-0.23964,-0.198,-0.04736,-0.35446
-0.24067,0.94734,-0.21121,-0.30195,0.54368,0.00352
-0.25874,0.94888,-0.18069,-0.07247,0.8885,0.03801
-0.27111,0.95003,-0.15466,0.06639,0.82123,0.21938
-0.27689,0.95232,-0.128,0.09179,0.49541,0.28292
-0.27979,0.9551,-0.09733,0.02713,0.28619,0.06064
-0.28059,0.95732,-0.0691,0.01342,0.00543,0.00851
-0.27952,0.95904,-0.0456,-0.0272,-0.13777,0.14965
-0.28118,0.95933,-0.02445,0.05184,-0.31278,0.12762
-0.28909,0.95727,-0.00613,0.09982,-0.37681,0.13467
-0.30093,0.9536,0.00806,0.19146,-0.51399,0.09365
-0.31406,0.94922,0.01787,0.25586,-0.67253,0.02383
-0.3226,0.94624,0.02313,0.22969,-0.76746,-0.01761
-0.32298,0.94611,0.02304,0.27785,-0.9309,0.04685
-0.31832,0.94779,0.01837,0.35568,-0.60436,0.10451
-0.31676,0.94842,0.01165,0.30878,-0.37475,0.28367
-0.31834,0.94793,0.00767,0.19746,-0.15063,0.40883
-0.32178,0.94673,0.01123,0.00391,-0.05316,0.4972
-0.32266,0.94641,0.01309,-0.16329,0.07469,0.41338
-0.31741,0.9482,0.01198,-0.36077,0.39085,0.50798
-0.31116,0.95024,0.01372,-0.34362,0.60435,0.56365
-0.3133,0.94951,0.01579,-0.02447,0.30475,0.84446
-0.32273,0.94634,0.01615,0.09026,0.3004,0.23072
-0.33723,0.94077,0.03452,-0.19486,0.64971,0.2677
-0.35092,0.93527,0.04574,-0.03507,0.38135,0.02285
-0.35465,0.93454,0.0289,0.35692,-0.0059,-0.17158
-0.34814,0.93712,0.02393,0.45216,0.60469,-0.15967
-0.33458,0.94129,0.04479,0.10416,0.9079,0.46917
-0.3215,0.94576,0.04623,-0.38831,0.60163,0.30782
-0.31828,0.94725,0.03715,-0.34396,-0.22533,-0.13783
-0.32566,0.94528,0.01899,-0.23318,-0.25367,-0.03101
-0.33508,0.94215,-0.00587,0.06359,-0.01294,0.1179
-0.3385,0.94031,-0.03467,0.2467,0.02183,0.14263
-0.33738,0.93917,-0.06401,0.20738,-0.15432,0.20027
-0.33624,0.93782,-0.08606,0.1985,-0.25285,0.10988
-0.33587,0.93657,-0.1,0.17874,-0.28406,0.01415
-0.33643,0.9343,-0.11781,0.27835,-0.36305,0.0534
-0.33443,0.93193,-0.14013,0.2802,-0.47403,0.18791
-0.3294,0.93026,-0.16149,0.08454,-0.3768,0.07707
-0.32101,0.92891,-0.18456,0.00353,-0.20538,0.1111
-0.31114,0.92717,-0.20862,-0.04473,-0.18926,0.28027
-0.30109,0.92598,-0.22777,-0.16311,-0.22952,0.3537
-0.2901,0.92554,-0.24329,-0.19237,-0.16004,0.41342
-0.27726,0.92611,-0.25577,-0.15787,0.13065,0.34449
-0.2608,0.92729,-0.26849,-0.05738,0.32748,0.36304
-0.2409,0.92912,-0.2805,-0.14331,0.36206,0.41162
-0.22457,0.93162,-0.28572,-0.6992,0.15745,0.46726
-0.21846,0.93162,-0.29041,-0.67012,0.17337,0.3795
-0.22121,0.92884,-0.29716,-0.60424,0.57513,0.16389
-0.22835,0.92709,-0.29723,-0.32522,0.24796,-0.03469
-0.23703,0.92634,-0.29272,-0.11467,0.06435,-0.19269
-0.24873,0.92702,-0.28061,0.071,0.06857,-0.1295
-0.2637,0.93084,-0.25295,0.08326,0.46128,0.12782
-0.27666,0.93499,-0.22186,0.11701,0.80838,0.05577
-0.29184,0.93732,-0.19034,0.0531,0.69293,0.12673
-0.30127,0.93932,-0.16401,0.04464,0.59291,0.15967
-0.30687,0.9421,-0.13511,0.05628,0.31974,0.12228
-0.3104,0.94442,-0.10818,0.13947,0.19128,0.09432
-0.3107,0.94685,-0.08309,0.10359,-0.05681,0.14545
-0.31231,0.94821,-0.05772,0.07191,-0.19943,0.11449
-0.31872,0.94717,-0.03544,0.10102,-0.27044,0.10904
-0.33234,0.94298,-0.01726,0.13831,-0.54372,0.07967
-0.34778,0.93754,-0.00561,0.16492,-0.74862,0.09571
-0.35793,0.93373,-0.00116,0.21615,-0.84172,0.08931
-0.35901,0.93332,-0.00256,0.32643,-0.91514,0.09888
-0.35441,0.93502,-0.0101,0.36573,-0.80772,0.137
-0.34963,0.93664,-0.0209,0.31776,-0.51345,0.24198
-0.3486,0.93679,-0.02969,0.18956,-0.32207,0.34037
-0.35264,0.93519,-0.03213,0.10663,-0.1761,0.49534
-0.3584,0.9331,-0.02891,0.06502,0.00049,0.55961
-0.35626,0.93417,-0.01909,-0.17033,0.60219,0.35106
-0.35136,0.93621,-0.00578,-0.26185,1.10675,0.63095
-0.35161,0.93612,-0.00459,-0.00389,0.49728,0.89677
-0.36058,0.9327,-0.00434,0.26546,0.59736,0.06569
-0.37461,0.92695,0.02028,-0.02221,0.82434,0.21414
-0.38324,0.92332,0.02393,0.54196,-0.16389,-0.12201
-0.37949,0.92518,0.00204,0.64876,-0.37375,-0.5529
-0.37375,0.92747,0.0095,0.41916,0.6005,-0.0337
-0.37362,0.92639,0.0467,-0.60258,0.6668,0.04578
-0.37765,0.92474,0.04691,-0.69645,0.3634,-0.36506
-0.37757,0.92559,0.02646,-0.05071,-0.14769,0.03961
-0.37818,0.92572,0.00143,0.12474,-0.26269,0.13233
-0.37905,0.92519,-0.01803,0.19783,-0.03931,0.13676
-0.37727,0.9252,-0.04047,0.23455,0.0012,0.09728
-0.37451,0.92479,-0.06687,0.12405,-0.14373,0.17508
-0.37252,0.9235,-0.09142,0.0412,-0.19117,0.18628
-0.3726,0.92158,-0.10879,0.05119,-0.22457,0.04696
-0.3738,0.91882,-0.12656,0.26497,-0.43234,0.11892
-0.37125,0.91691,-0.14636,0.3006,-0.71556,0.23124
-0.36227,0.91713,-0.16616,0.09818,-0.57771,0.07008
-0.34815,0.91695,-0.19485,0.03078,-0.303,0.07397
-0.334,0.91561,-0.22379,0.05265,-0.09328,0.26128
-0.32126,0.9159,-0.24062,-0.11682,0.05815,0.4838
-0.31199,0.91652,-0.25026,-0.18217,-0.04593,0.39128
-0.30388,0.91711,-0.25796,-0.2543,0.1057,0.37733
-0.2891,0.91999,-0.26461,-0.21972,0.33373,0.43006
-0.27041,0.92395,-0.2705,-0.32113,0.38982,0.5421
-0.26051,0.92525,-0.27574,-0.67464,0.24989,0.51521
-0.2601,0.9234,-0.28223,-0.64032,0.85081,0.12735
-0.2653,0.92073,-0.2861,-0.57229,0.76152,0.12465
-0.26983,0.92104,-0.28082,-0.44071,0.41586,-0.02764
-0.27878,0.92151,-0.27033,0.02234,-0.07648,-0.11122
-0.29212,0.92462,-0.24438,0.03568,-0.07959,-0.13717
-0.29986,0.93152,-0.20574,0.16169,0.83248,0.10163
-0.30579,0.93715,-0.16798,0.15535,0.50988,0.10047
-0.3167,0.93928,-0.13201,0.1217,0.35309,0.21732
-0.3214,0.94192,-0.09725,0.13532,0.3216,0.21956
-0.32183,0.94435,-0.06784,0.20852,0.09758,0.08167
-0.32071,0.94615,-0.04389,0.23317,0.01571,0.14846
-0.32052,0.94709,-0.01649,0.04746,-0.24054,0.08111
-0.32064,0.94712,0.01084,-0.13566,-0.24842,0.04075
-0.32277,0.94589,0.03297,-0.08757,-0.36627,0.04314
-0.32735,0.94375,0.04639,0.09341,-0.53144,0.07366
-0.33223,0.94173,0.05233,0.21987,-0.71566,0.1465
-0.33225,0.94175,0.05184,0.3933,-0.87858,0.10635
-0.32963,0.94292,0.04713,0.30004,-0.98398,0.09142
-0.32099,0.94624,0.03958,0.22343,-0.72323,0.19208
-0.3137,0.94879,0.03704,0.16686,-0.36807,0.34723
-0.31393,0.94847,0.04267,0.10815,-0.16678,0.47736
-0.32148,0.94563,0.04896,0.06993,-0.0548,0.5303
-0.32674,0.94341,0.05644,-0.22861,0.36445,0.42792
-0.32404,0.94371,0.06619,-0.37173,0.62882,0.68986
-0.32001,0.94512,0.06566,-0.139,0.55183,0.7831
-0.32478,0.94402,0.05752,0.18217,0.28867,0.56953
-0.33098,0.94125,0.06688,0.06128,0.88901,0.30953
-0.33021,0.94033,0.08192,-0.11579,0.80196,0.23613
-0.32232,0.94462,0.06147,0.72969,-0.17548,-0.08343
-0.31241,0.94877,0.04699,0.50108,-0.14369,-0.38112
-0.30313,0.95084,0.06317,0.0392,0.16592,0.1168
-0.30326,0.94977,0.07709,-0.75901,0.1201,-0.24799
-0.31375,0.94728,0.06479,-0.87601,0.13392,-0.23656
-0.32745,0.9442,0.03518,-0.13515,-0.08247,0.17248
-0.33223,0.94313,0.01006,0.23347,-0.22784,0.1895
-0.32906,0.94426,-0.00794,0.25857,-0.19282,0.05364
-0.32336,0.94573,-0.03159,0.2483,-0.22892,0.08742
-0.31976,0.9457,-0.05818,0.19177,-0.23555,0.1767
-0.31724,0.94499,-0.0796,0.05262,-0.16651,0.12232
-0.3156,0.94404,-0.09572,-0.04824,-0.14928,0.04044
-0.31764,0.94163,-0.11139,0.01012,-0.33441,0.19387
-0.32198,0.93851,-0.12453,0.20324,-0.6254,0.17588
-0.32083,0.93724,-0.13646,0.18747,-0.53354,0.16035
-0.30952,0.93817,-0.15498,0.03132,-0.22506,0.1698
-0.2969,0.93767,-0.18055,-0.0819,-0.17161,0.22547
-0.2847,0.93599,-0.207,-0.15262,0.0426,0.28555
-0.27126,0.9359,-0.22468,-0.13647,0.08619,0.30308
-0.25743,0.93691,-0.23645,-0.08357,0.10536,0.32443
-0.23953,0.93867,-0.24801,-0.13506,0.19515,0.40896
-0.21782,0.94187,-0.25576,-0.60145,0.46469,0.40662
-0.20371,0.94435,-0.25824,-0.78829,0.48354,0.4673
-0.19853,0.94468,-0.26103,-0.69093,0.58397,0.12759
-0.20001,0.94339,-0.26456,-0.64965,0.61058,0.14812
-0.20805,0.94184,-0.26387,-0.47836,0.30512,0.104
-0.21981,0.94008,-0.26059,-0.10725,-0.14591,-0.20137
-0.23817,0.93874,-0.24903,-0.09315,-0.06085,-0.18568
-0.25936,0.93984,-0.22229,-0.13539,0.16674,-0.16631
-0.2742,0.94271,-0.18996,0.22085,0.91129,0.07823
-0.28116,0.94582,-0.16236,0.46574,0.99994,0.05417
-0.28948,0.94801,-0.13208,0.4198,0.72433,0.05765
-0.29415,0.95042,-0.10079,0.05623,0.13744,-0.01953
-0.2952,0.95247,-0.07509,0.08062,0.01732,0.07183
-0.29576,0.95388,-0.05101,0.06685,-0.0829,0.14387
-0.30031,0.9535,-0.02489,-0.04363,-0.28926,0.16676
-0.31108,0.95037,-0.00013,-0.03506,-0.31583,0.15145
-0.3268,0.94488,0.01958,-0.0108,-0.54629,0.1279
-0.34035,0.93966,0.03407,0.15581,-0.74661,0.05585
-0.34694,0.93693,0.04197,0.18918,-0.88671,0.03647
-0.34481,0.93774,0.04136,0.31981,-0.97357,0.03968
-0.33821,0.94037,0.03593,0.35749,-0.60467,0.12646
-0.33359,0.94227,0.0284,0.33971,-0.52087,0.20341
-0.33382,0.94236,0.02225,0.17981,-0.30434,0.38162
-0.33863,0.94064,0.02222,-0.00994,-0.18419,0.35853
-0.34377,0.93863,0.02792,-0.13335,-0.07966,0.42104
-0.34103,0.93937,0.03529,-0.62972,0.83298,0.57384
-0.33662,0.94068,0.04221,-0.25259,0.90011,0.68348
-0.34294,0.93844,0.04108,0.04909,0.19187,0.83743
-0.358,0.93315,0.03215,0.09088,-0.2739,0.49136
-0.37887,0.92488,0.03196,0.09069,0.11738,-0.37869
-0.39818,0.91557,0.05612,-0.26822,0.31406,0.24983
-0.40373,0.91383,0.04339,0.53578,0.06778,-0.40294
-0.3959,0.91811,0.01773,0.87393,0.60324,-0.41944
-0.39174,0.91987,0.01883,0.17209,0.95506,0.26974
-0.38248,0.9236,0.0255,-0.18484,-0.03364,0.08398
-0.37962,0.92478,0.0252,-0.23764,-0.24575,-0.26127
-0.38521,0.92255,0.02186,-0.22422,-0.40328,-0.08807
-0.3929,0.91956,0.00369,-0.18078,-0.0414,0.02326
-0.39433,0.9185,-0.0287,0.024,0.33778,0.10581
-0.39395,0.91689,-0.06392,0.25595,0.11892,0.21387
-0.39444,0.91485,-0.08622,0.312,-0.03271,0.22336
-0.39295,0.91454,-0.09585,0.27293,-0.35127,0.01292
-0.38802,0.91546,-0.10648,0.24933,-0.43718,0.07219
-0.37968,0.91645,-0.12625,0.24187,-0.46113,0.08699
-0.36811,0.91799,-0.14755,0.04841,-0.44414,0.21407
-0.35742,0.91845,-0.16935,0.02841,-0.54336,0.1011
-0.34308,0.91847,-0.19668,-0.00803,-0.30458,0.03911
-0.3252,0.91981,-0.2195,-0.04152,-0.03204,0.38763
-0.30723,0.92223,-0.23469,-0.139,0.04466,0.48906
-0.29304,0.92448,-0.24382,-0.19767,0.06564,0.49054
-0.28067,0.92564,-0.25378,-0.25546,0.18302,0.35642
-0.26596,0.92696,-0.26454,-0.35178,0.20012,0.34053
-0.25545,0.92726,-0.2737,-0.61616,0.14018,0.3776
-0.25152,0.92562,-0.28274,-0.5738,0.18296,0.48269
-0.24654,0.92436,-0.29113,-0.32321,0.24487,0.3882
-0.24412,0.92304,-0.2973,-0.28468,0.66737,0.16876
-0.24643,0.92332,-0.29452,-0.07965,0.12435,-0.00117
-0.25154,0.92495,-0.28493,0.13444,-0.18346,-0.06389
-0.25804,0.92904,-0.26512,0.0853,-0.06046,-0.2851
-0.26908,0.93476,-0.23194,-0.17875,0.5578,-0.11549
-0.27845,0.93946,-0.19966,0.02122,0.94146,0.2617
-0.28528,0.94232,-0.17503,0.12124,0.72896,0.4317
-0.28977,0.94552,-0.1483,0.06637,0.55298,0.29657
-0.28908,0.9498,-0.11952,0.05919,0.23421,0.06651
-0.28674,0.95323,-0.09542,0.01965,-0.07689,0.14043
-0.28614,0.9553,-0.07423,-0.0483,-0.13655,0.20628
-0.289,0.95582,-0.05356,-0.03536,-0.15212,0.24274
-0.29946,0.95354,-0.03266,0.00826,-0.41942,0.12503
-0.3139,0.94934,-0.01386,0.07037,-0.5275,0.0775
-0.32699,0.94501,-0.00214,0.16825,-0.82969,0.04404
-0.33179,0.94334,7e-05,0.18382,-1.01307,0.16177
-0.32618,0.94528,-0.00425,0.31275,-0.91318,0.15662
-0.31841,0.94789,-0.00968,0.3155,-0.57341,0.25797
-0.31416,0.94922,-0.01593,0.24003,-0.47576,0.34028
-0.31369,0.94926,-0.0218,0.11753,-0.35447,0.39872
-0.31615,0.94842,-0.02262,-0.03964,-0.18072,0.50756
-0.31855,0.94768,-0.02024,-0.23106,0.19406,0.44291
-0.31899,0.94762,-0.01528,-0.37538,0.96203,0.58657
-0.3239,0.94605,-0.00775,-0.27589,1.20355,0.72386
-0.33236,0.94308,-0.01038,0.22039,0.24166,0.50893
-0.34251,0.93949,-0.00305,0.35443,0.49993,0.01669
-0.35023,0.93646,0.01909,-0.01896,0.66109,-0.00974
-0.34896,0.9371,0.00716,0.61962,0.04621,-0.27995
-0.34248,0.93948,-0.0078,0.54617,-0.07699,-0.23192
-0.33985,0.94045,0.00482,0.16728,0.27845,0.12765
-0.33925,0.94034,0.02522,0.02663,0.37235,0.20982
-0.3416,0.93945,0.0268,-0.60101,0.01779,-0.0819
-0.33798,0.94106,0.01234,-0.60464,0.01618,-0.06744
-0.33439,0.94237,-0.00936,-0.17804,-0.1083,0.21398
-0.33468,0.94172,-0.03352,-0.05572,0.01491,0.13492
-0.33796,0.9391,-0.06194,-0.01024,0.04786,0.19024
-0.33896,0.93655,-0.08919,0.12656,-0.21549,0.23421
-0.33278,0.93684,-0.10757,0.18848,-0.37705,0.02945
-0.32325,0.93887,-0.1184,0.19867,-0.37924,0.02064
-0.31478,0.93949,-0.13508,0.34624,-0.44344,0.03671
-0.30452,0.93957,-0.15636,0.27983,-0.51326,0.16413
-0.29034,0.94009,-0.17866,0.20071,-0.51208,0.22045
-0.27427,0.93961,-0.20467,-0.10901,-0.43519,0.18016
-0.25669,0.93905,-0.22865,-0.2693,-0.2131,0.27125
-0.24107,0.93786,-0.24957,-0.32526,-0.11538,0.277
-0.22549,0.93718,-0.26615,0.01272,0.16005,0.30129
-0.20118,0.94062,-0.27339,0.0654,0.49265,0.6262
-0.17241,0.94593,-0.27474,-0.15158,0.44978,0.6151
-0.15698,0.94807,-0.2766,-1.03431,-0.04624,0.34138
-0.15563,0.94636,-0.28313,-0.84924,0.03359,0.4258
-0.15972,0.94263,-0.29312,-0.42403,0.58218,0.1583
-0.16826,0.94039,-0.29553,-0.28947,0.53459,-0.01091
-0.17682,0.94097,-0.28859,-0.0771,0.00026,-0.14558
-0.19053,0.94307,-0.27259,0.03534,-0.16543,-0.08818
-0.21044,0.94664,-0.24406,-0.18611,0.29765,0.0339
-0.22772,0.95132,-0.20764,-0.02814,0.82148,0.03731
-0.24158,0.95437,-0.17547,0.12126,0.86301,0.07526
-0.25199,0.95668,-0.14576,0.20736,0.80841,0.15763
-0.25882,0.95895,-0.11575,-0.03473,0.36626,0.04886
-0.26282,0.96064,-0.08985,-0.02641,0.17847,0.09093
-0.26748,0.96138,-0.06462,-0.06377,-0.05541,0.19065
-0.27465,0.96076,-0.0386,-0.12047,-0.03513,0.21983
-0.28557,0.95821,-0.01627,-0.02208,-0.16928,0.08829
-0.2981,0.95452,0.00085,0.24823,-0.48437,0.0714
-0.31256,0.94982,0.01141,0.38183,-0.77279,0.06953
-0.32428,0.94584,0.01445,0.38771,-0.90054,-0.05741
-0.33024,0.9438,0.01227,0.26193,-0.954,-0.0473
-0.32843,0.94448,0.00829,0.23845,-0.79967,0.08871
-0.32258,0.94652,0.00345,0.28732,-0.52321,0.29911
-0.3202,0.94734,-4e-05,0.15296,-0.36648,0.44879
-0.32211,0.94667,0.00621,0.03928,-0.27508,0.3883
-0.32795,0.94457,0.01459,-0.17647,0.09439,0.52586
-0.33167,0.94317,0.02014,-0.4764,1.04638,0.59109
-0.33348,0.94244,0.02416,-0.34348,0.50623,0.84503
-0.3369,0.94129,0.02135,-0.04399,0.16255,0.96478
-0.34344,0.93895,0.01988,0.05328,0.22149,-0.05461
-0.35672,0.93328,0.04146,-0.11769,0.9523,0.06118
-0.36518,0.93008,0.0396,0.20609,0.28736,-0.1024
-0.36206,0.9321,0.00821,0.93415,-0.04473,-0.33417
-0.35689,0.93412,0.00542,0.48611,0.44164,-0.23652
-0.34678,0.93761,0.02452,-0.14295,0.43461,0.3477
-0.33995,0.94,0.02858,-0.42786,-0.02483,-0.15518
-0.34103,0.93982,0.02039,-0.44991,-0.18167,0.02141
-0.34478,0.93867,0.00058,-0.40717,-0.16236,0.06869
-0.34617,0.93777,-0.02693,-0.2736,-0.13997,0.06997
-0.34637,0.93617,-0.05981,0.21988,-0.13976,0.164
-0.34645,0.93371,-0.09017,0.26006,-0.22453,0.26636
-0.3439,0.9326,-0.10938,0.24705,-0.33017,0.18995
-0.33873,0.93285,-0.12257,0.11642,-0.32977,0.06327
-0.3351,0.93182,-0.13928,0.11222,-0.31806,0.09102
-0.33254,0.92969,-0.15833,0.18477,-0.40047,0.20548
-0.32923,0.92742,-0.17742,0.14463,-0.53933,0.20187
-0.32086,0.9252,-0.20259,0.05647,-0.4909,0.10243
-0.30579,0.92369,-0.23082,0.01047,-0.06593,0.26449
-0.28844,0.925,-0.2473,-0.09504,0.20082,0.37819
-0.27159,0.92719,-0.25794,-0.06831,0.12128,0.30362
-0.25425,0.92959,-0.26684,-0.05346,0.13939,0.53851
-0.23192,0.93415,-0.27121,-0.42299,0.43477,0.45557
-0.21648,0.93651,-0.2758,-0.80708,0.19007,0.3564
-0.21363,0.93508,-0.28281,-0.84881,0.1719,0.3584
-0.222,0.93086,-0.29018,-0.74891,0.63308,0.20676
-0.23494,0.92699,-0.29236,-0.37097,0.37605,-0.09581
-0.24947,0.9245,-0.28819,-0.13966,0.2566,-0.2215
-0.26671,0.92471,-0.27159,0.20177,0.18205,0.08108
-0.27629,0.93018,-0.24167,0.3221,0.64918,0.03769
-0.27676,0.93805,-0.20845,0.41624,0.91399,0.00688
-0.28343,0.94276,-0.17567,-0.11208,0.44161,0.03654
-0.28369,0.94756,-0.14707,-0.21752,0.31765,0.13708
-0.2845,0.95084,-0.12227,0.03911,0.2067,0.17592
-0.28352,0.95381,-0.09921,0.18888,-0.04149,0.19351
-0.28354,0.95603,-0.07479,0.22876,-0.23444,0.19241
-0.28926,0.95595,-0.04962,0.18536,-0.33799,0.03526
-0.30392,0.95239,-0.02387,-0.00835,-0.47434,0.00777
-0.31989,0.94744,0.00145,-0.08375,-0.58579,0.07143
-0.33323,0.94263,0.01981,-0.0625,-0.65948,0.09847
-0.33764,0.94089,0.02651,0.07464,-0.79354,0.17771
-0.33328,0.94252,0.02376,0.31508,-0.83129,0.28447
-0.32637,0.94511,0.01485,0.50621,-0.53947,0.34303
-0.32434,0.9459,0.00739,0.37138,-0.4168,0.35214
-0.32712,0.94493,0.00912,0.16839,-0.24707,0.33449
-0.33321,0.94264,0.01941,0.01187,0.00368,0.50417
-0.33924,0.94016,0.03149,-0.26722,0.31704,0.51661
-0.33753,0.94032,0.04304,-0.65233,0.89173,0.64536
-0.33323,0.94172,0.04571,-0.36562,0.49169,0.79755
-0.33594,0.94113,0.03743,0.05476,-0.03993,0.85275
-0.34751,0.93706,0.03371,0.25816,0.3486,0.05014
-0.36204,0.93064,0.05296,0.09045,0.6552,0.4823
-0.36591,0.92968,0.04215,0.77692,-0.10684,-0.37929
-0.36327,0.93144,0.02062,0.67029,-0.01381,-0.52318
-0.35992,0.93268,0.0234,0.40487,0.1917,-0.43664
-0.35318,0.93502,0.03109,-0.24898,0.10121,-0.04782
-0.35017,0.9364,0.02271,-0.25199,0.09984,-0.03945
-0.34953,0.93687,0.00906,-0.33053,-0.26449,-0.06938
-0.34795,0.93745,-0.00987,-0.17153,-0.15535,-0.01401
-0.34744,0.93704,-0.03501,-0.06878,-0.07276,0.03092
-0.35088,0.93384,-0.06928,0.00217,-0.04288,0.08121
-0.35317,0.93013,-0.10054,0.3097,-0.24806,0.22052
-0.35037,0.92887,-0.12011,0.31883,-0.28217,0.19913
-0.34344,0.92972,-0.13285,0.23434,-0.30957,0.17507
-0.33525,0.93087,-0.14516,0.13991,-0.3236,0.19679
-0.32777,0.93123,-0.15923,0.01843,-0.36817,0.22919
-0.32098,0.93064,-0.17568,-0.09492,-0.47557,0.26261
-0.31281,0.92841,-0.20047,-0.13592,-0.5774,0.16523
-0.30068,0.92556,-0.23,-0.12392,-0.31823,0.28812
-0.28561,0.92542,-0.24901,-0.14044,0.20846,0.35763
-0.27312,0.92555,-0.26219,-0.12617,0.22205,0.28723
-0.26078,0.92511,-0.27596,0.04293,0.19449,0.52661
-0.24087,0.92765,-0.28536,-0.17722,0.59902,0.54746
-0.2238,0.93017,-0.291,-0.52233,0.53185,0.46029
-0.21588,0.93037,-0.29629,-0.53025,0.53165,0.46557
-0.22082,0.92767,-0.30109,-0.61989,0.51775,0.12015
-0.23242,0.92517,-0.30005,-0.43452,0.27947,0.00575
-0.24586,0.92399,-0.29288,-0.17645,0.118,-0.04681
-0.25994,0.92545,-0.27559,0.06642,0.16535,-0.07677
-0.27252,0.93104,-0.24266,0.04741,0.34973,-0.0364
-0.27696,0.93756,-0.21035,0.35762,0.84021,0.03102
-0.28099,0.94247,-0.18106,0.10348,0.53148,0.06819
-0.28057,0.9477,-0.15205,-0.10574,0.39553,0.07432
-0.27723,0.9526,-0.12523,0.02889,0.19898,0.04255
-0.27173,0.95693,-0.1021,0.06876,-0.04021,0.15709
-0.26748,0.96056,-0.07592,0.0818,-0.18532,0.15493
-0.26941,0.96181,-0.04805,0.0894,-0.40624,0.11542
-0.27597,0.96085,-0.02412,0.06478,-0.52303,0.08592
-0.28657,0.95802,-0.00698,0.06832,-0.5677,0.09139
-0.30064,0.95372,0.0033,0.18147,-0.76166,0.07299
-0.31256,0.94983,0.01021,0.16614,-1.03618,0.19925
-0.31368,0.9494,0.01466,0.22344,-1.08815,0.27615
-0.30676,0.95162,0.01709,0.29837,-0.49863,0.23697
-0.30505,0.95205,0.02277,0.12722,-0.29119,0.35563
-0.31146,0.9495,0.0378,-0.07532,-0.09786,0.56476
-0.32359,0.94463,0.05417,-0.22399,0.19207,0.59458
-0.3328,0.94069,0.06579,-0.46755,0.55071,0.66967
-0.32862,0.94189,0.06945,-0.26707,0.25653,0.84425
-0.32035,0.94515,0.06365,-0.09015,0.13118,0.88926
-0.32089,0.9455,0.05502,0.00176,0.06843,0.90433
-0.33063,0.94217,0.05456,0.0658,0.43947,-0.13711
-0.34345,0.9363,0.07325,-0.092,0.5897,0.22199
-0.34647,0.93633,0.05678,-0.05075,0.3746,-0.00639
-0.34253,0.93906,0.02865,0.59854,0.28186,-0.51859
-0.34052,0.9395,0.03704,0.34728,0.43056,-0.20966
-0.33488,0.94051,0.05726,0.02822,0.44305,0.19553
-0.33381,0.94118,0.05229,-0.38944,-0.34205,-0.30522
-0.33791,0.94036,0.03893,-0.37547,-0.29493,-0.12438
-0.34366,0.93887,0.01999,-0.3386,-0.17253,0.14011
-0.34429,0.93882,-0.00751,-0.01797,0.01377,0.11851
-0.33993,0.93953,-0.04127,0.09142,-0.02729,0.19577
-0.33452,0.93981,-0.06958,0.16273,-0.11652,0.24929
-0.32814,0.9407,-0.08596,0.21553,-0.35284,0.05929
-0.32301,0.941,-0.10078,0.15211,-0.35613,0.05035
-0.32087,0.93955,-0.11946,0.10884,-0.37032,0.08228
-0.32049,0.93701,-0.13887,0.00495,-0.35589,0.19193
-0.31902,0.93428,-0.15917,-0.00346,-0.37831,0.19215
-0.31307,0.93184,-0.18344,-0.00184,-0.35469,0.12344
-0.30239,0.93006,-0.20865,-0.01835,-0.24996,0.20679
-0.29018,0.9286,-0.23124,-0.09046,-0.0386,0.3216
-0.27738,0.92797,-0.24883,-0.14364,0.18891,0.37528
-0.26309,0.92884,-0.26082,-0.11521,0.21562,0.52407
-0.24483,0.93064,-0.27195,-0.1327,0.19414,0.51025
-0.2272,0.93221,-0.28168,-0.50972,0.28875,0.37003
-0.21572,0.93316,-0.28752,-0.75593,0.12547,0.39236
-0.2097,0.9331,-0.29211,-0.71509,0.05075,0.40301
-0.20854,0.93159,-0.29771,-0.49215,0.52112,0.162
-0.21343,0.9307,-0.29702,-0.34583,0.18102,-0.05828
-0.21868,0.9314,-0.29097,-0.08662,-0.07892,-0.04077
-0.22647,0.93399,-0.27632,0.03178,-0.10123,0.03305
-0.23704,0.93845,-0.2512,-0.04108,0.02679,0.02627
-0.24629,0.94366,-0.22099,-0.32498,0.35743,-0.44221
-0.26161,0.94665,-0.18814,-0.00286,0.85958,0.24652
-0.27,0.94922,-0.16141,0.48101,0.99304,0.23273
-0.27443,0.95252,-0.13178,0.36702,0.4634,0.07838
-0.27803,0.95444,-0.10832,0.18729,0.08818,-0.00323
-0.28184,0.95556,-0.0863,-0.03842,-0.14109,0.08709
-0.28865,0.95543,-0.06173,-0.11789,-0.30109,0.13833
-0.29707,0.95407,-0.03858,-0.11157,-0.45599,0.17081
-0.30769,0.9513,-0.01843,0.0332,-0.46759,0.16448
-0.31761,0.94821,-0.00192,0.10533,-0.50122,0.12032
-0.32452,0.94582,0.00917,0.17894,-0.67785,0.06591
-0.32643,0.94513,0.0124,0.25526,-0.89838,0.07208
-0.32313,0.9463,0.00856,0.24747,-0.97359,0.11895
-0.31737,0.94829,0.00164,0.30539,-0.54469,0.23982
-0.31614,0.9487,-0.00211,0.1854,-0.31116,0.38869
-0.32122,0.94699,0.00311,0.08374,-0.16695,0.52492
-0.32912,0.94422,0.01025,-0.07165,-0.03159,0.50422
-0.33072,0.94358,0.0164,-0.36704,0.45898,0.46689
-0.32486,0.94545,0.02368,-0.3871,0.77317,0.55211
-0.32175,0.94649,0.02461,0.06728,0.3489,0.73972
-0.3253,0.94544,0.01722,0.21769,0.23539,0.16503
-0.3358,0.94169,0.02091,0.19904,0.50887,0.11827
-0.34536,0.93775,0.03644,0.03372,0.71935,0.29666
-0.34452,0.93834,0.02828,0.49856,-0.0695,-0.29394
-0.33924,0.9405,0.01894,0.42846,-0.10253,-0.2935
-0.33324,0.94252,0.02401,0.25626,0.02172,-0.18713
-0.32888,0.94393,0.0284,-0.22467,0.04575,-0.03213
-0.32868,0.94411,0.02454,-0.3144,-0.02789,-0.11907
-0.32883,0.94423,0.01651,-0.38719,-0.08252,-0.12389
-0.3297,0.94407,0.00337,-0.07069,-0.02427,0.08113
-0.33152,0.94327,-0.01754,0.06327,0.01072,0.06877
-0.33628,0.9407,-0.04443,0.1419,0.03679,0.08273
-0.33979,0.93795,-0.06901,0.25063,-0.21139,0.20974
-0.33803,0.93713,-0.08665,0.2238,-0.28629,0.08676
-0.33179,0.93808,-0.09953,0.14032,-0.23416,0.11763
-0.3261,0.93841,-0.11414,0.05447,-0.22729,0.09428
-0.32257,0.93759,-0.12982,0.00691,-0.31548,0.20222
-0.32001,0.9358,-0.14781,0.00295,-0.49298,0.19042
-0.31573,0.93366,-0.16901,-0.02687,-0.59393,0.13045
-0.30605,0.93136,-0.1972,-0.07031,-0.50623,0.13574
-0.29132,0.92972,-0.22523,-0.06396,0.15457,0.31013
-0.27487,0.93013,-0.24348,-0.01812,0.13464,0.34764
-0.2602,0.93125,-0.25507,-0.02749,0.07059,0.45668
-0.24339,0.93358,-0.26302,-0.22791,0.26255,0.48212
-0.22665,0.93593,-0.26952,-0.55953,0.29997,0.35407
-0.21759,0.93649,-0.27499,-0.64495,0.10938,0.39522
-0.21483,0.93518,-0.28155,-0.50893,0.24242,0.37188
-0.21475,0.93316,-0.28822,-0.48664,0.62055,0.2233
-0.21505,0.93302,-0.28847,-0.25182,0.35486,0.05022
-0.21717,0.93418,-0.28308,-0.11441,0.15881,-0.02742
-0.22337,0.93604,-0.27188,0.01527,-0.09909,-0.18832
-0.23664,0.93987,-0.24622,-0.05331,0.17318,-0.00159
-0.2491,0.94432,-0.21493,-0.04869,0.62979,0.06661
-0.25413,0.94943,-0.18434,0.1246,0.82259,0.06068
-0.25702,0.95349,-0.15743,-0.11432,0.46856,0.243
-0.25613,0.95775,-0.13074,-0.12978,0.35707,0.1986
-0.25592,0.96106,-0.10411,0.02014,0.12725,0.06963
-0.25529,0.96331,-0.08271,0.05813,0.01354,0.0777
-0.25593,0.96473,-0.06146,0.03376,-0.19839,0.20307
-0.26097,0.96449,-0.04049,0.03797,-0.33973,0.15679
-0.27158,0.96211,-0.02365,0.05092,-0.41635,0.15503
-0.28557,0.95825,-0.01322,0.02588,-0.58533,0.10009
-0.29731,0.95474,-0.00763,0.06739,-0.75348,0.1096
-0.30219,0.95321,-0.00633,0.0778,-0.91786,0.28324
-0.29817,0.95444,-0.01117,0.30198,-0.84189,0.17351
-0.29478,0.95548,-0.01213,0.37182,-0.45018,0.22668
-0.29438,0.95564,-0.00801,0.27269,-0.28342,0.32527
-0.29735,0.95476,0.00117,0.08035,-0.23134,0.50484
-0.30127,0.95348,0.00945,-0.13011,-0.10056,0.53921
-0.30089,0.95352,0.01527,-0.13049,-0.1006,0.53339
-0.29436,0.95552,0.01754,-0.46179,0.66048,0.48823
-0.28981,0.95695,0.01508,-0.13272,0.14963,0.6701
-0.29411,0.95568,0.01219,-0.03426,0.12206,0.74771
-0.30653,0.95178,0.01106,0.0671,0.03314,0.75948
-0.32335,0.94583,0.02864,-0.13151,0.66586,0.24032
-0.33321,0.94211,0.03719,0.06546,0.2323,-0.15052
-0.32748,0.9448,0.00944,0.82783,-0.08463,-0.34901
-0.31707,0.94838,-0.00365,0.59419,0.649,-0.12207
-0.30497,0.9523,0.01005,0.22904,0.75097,0.22941
-0.29354,0.95582,0.01467,-0.46385,-0.14122,-0.33624
-0.29746,0.95468,0.0088,-0.37506,-0.29538,-0.31234
-0.31446,0.94917,-0.01304,-0.2293,-0.2837,-0.09482
-0.32282,0.9457,-0.03758,0.091,0.01335,0.21463
-0.31665,0.94669,-0.05902,0.14471,-0.01055,0.1649
-0.31019,0.94731,-0.07971,0.08243,-0.1109,0.19551
-0.30906,0.94629,-0.09489,0.12946,-0.29972,0.01271
-0.30849,0.94472,-0.11094,0.11112,-0.26015,0.09208
-0.30589,0.94286,-0.13203,0.12765,-0.21014,0.22793
-0.30184,0.94149,-0.1499,0.10722,-0.24645,0.28959
-0.3003,0.93988,-0.16258,-0.01641,-0.42166,0.18857
-0.29789,0.93728,-0.18097,-0.07932,-0.42794,0.13346
-0.28953,0.93468,-0.2062,-0.1239,-0.17589,0.22518
-0.27935,0.93272,-0.22797,-0.12316,-0.04039,0.36658
-0.26939,0.93219,-0.24172,-0.18914,-0.09366,0.38227
-0.25992,0.93227,-0.25161,-0.16505,-0.10063,0.40941
-0.24999,0.93251,-0.26058,-0.12057,0.1354,0.37264
-0.23664,0.93323,-0.27029,-0.14606,0.29728,0.38237
-0.22169,0.93478,-0.27752,-0.38819,0.38594,0.36266
-0.21262,0.93557,-0.28192,-0.53785,0.28312,0.47068
-0.2063,0.93547,-0.28691,-0.42895,0.22717,0.43474
-0.19932,0.93541,-0.29199,-0.44836,0.53621,0.26245
-0.19415,0.93727,-0.28951,-0.38779,0.22017,0.11908
-0.19466,0.93936,-0.28229,-0.29938,0.02945,0.09877
-0.20076,0.94153,-0.27055,-0.04262,-0.12372,-0.1248
-0.21498,0.94492,-0.24677,-0.18694,0.09242,-0.2379
-0.23448,0.94746,-0.21754,-0.25914,0.35084,-0.14619
-0.24913,0.94942,-0.19112,0.0344,0.79396,0.09961
-0.25742,0.9519,-0.1661,0.22927,0.70901,0.30294
-0.26134,0.95549,-0.13685,0.15793,0.35149,0.16642
-0.26427,0.95852,-0.10667,0.10167,0.10578,-0.02451
-0.26575,0.96072,-0.07981,0.03418,-0.11397,0.07016
-0.26741,0.96197,-0.05545,-0.05243,-0.17006,0.11705
-0.2754,0.96069,-0.03458,-0.03942,-0.30176,0.14016
-0.28827,0.95735,-0.01867,0.01956,-0.48667,0.16714
-0.30074,0.95368,-0.00538,0.02099,-0.56412,0.16065
-0.30841,0.95123,0.0048,0.07858,-0.61428,0.10707
-0.31024,0.95061,0.00831,0.1966,-0.92512,0.11826
-0.30409,0.95261,0.00628,0.24405,-0.88625,0.13762
-0.29541,0.95536,-0.00114,0.34262,-0.65724,0.17673
-0.2892,0.95723,-0.00674,0.19362,-0.21837,0.40794
-0.28993,0.95703,-0.00243,0.13694,-0.15585,0.46104
-0.29671,0.95495,0.00387,-0.14003,0.00039,0.5481
-0.29986,0.9539,0.01147,-0.41256,0.62077,0.49483
-0.29552,0.95509,0.02133,-0.47684,0.8846,0.5894
-0.29144,0.95636,0.02022,0.01532,0.323,0.7377
-0.29316,0.95596,0.01286,0.18222,0.36862,0.32152
-0.30032,0.9536,0.02092,0.07678,0.59183,0.37837
-0.30494,0.95201,0.02559,0.30528,0.20122,0.08139
-0.3047,0.9523,0.01599,0.51858,-0.14472,-0.2409
-0.30066,0.95357,0.01649,0.25099,0.06963,-0.1143
-0.2925,0.95591,0.02562,-0.21586,0.20097,0.13438
-0.28835,0.95721,0.0238,-0.43171,0.11632,-0.03586
-0.29264,0.95616,0.0097,-0.5058,-0.14288,-0.19134
-0.29928,0.95407,-0.01218,-0.06551,-0.23331,0.01652
-0.29772,0.95413,-0.03111,0.13162,-0.22545,0.0603
-0.29077,0.95533,-0.0527,0.25595,-0.09495,0.1449
-0.28577,0.95523,-0.07648,0.10607,-0.04041,0.18495
-0.28568,0.95374,-0.09351,0.02615,-0.0998,0.12734
-0.28775,0.95166,-0.1073,0.0083,-0.16808,0.02307
-0.28888,0.94931,-0.12382,0.05912,-0.21649,0.13656
-0.2884,0.94689,-0.14217,0.09943,-0.31841,0.17611
-0.28534,0.94558,-0.15635,0.05941,-0.42881,0.21466
-0.27909,0.94491,-0.17099,-0.02657,-0.40466,0.21759
-0.26901,0.94381,-0.19191,-0.11226,-0.29486,0.25235
-0.25819,0.94187,-0.21496,-0.18519,-0.2486,0.25523
-0.24752,0.94007,-0.23449,-0.23066,-0.09307,0.3119
-0.23719,0.93886,-0.24954,-0.11709,0.05551,0.39772
-0.22274,0.93975,-0.25929,-0.00997,0.16207,0.42626
-0.20084,0.94251,-0.26706,-0.19018,0.21055,0.59191
-0.18007,0.94538,-0.27169,-0.63777,0.31469,0.34827
-0.17226,0.94567,-0.27572,-0.81907,-0.01976,0.24925
-0.17452,0.94329,-0.28238,-0.67665,0.38295,0.14104
-0.1832,0.94099,-0.28454,-0.47178,0.4273,0.09992
-0.19184,0.9397,-0.28311,-0.34939,0.3461,-0.00597
-0.19992,0.93982,-0.27705,-0.07221,0.13819,-0.32033
-0.21053,0.94315,-0.25716,0.17719,0.21734,0.13354
-0.21839,0.9489,-0.22775,0.33803,0.60946,0.14168
-0.22968,0.9535,-0.1951,0.42239,0.87284,0.0393
-0.23665,0.95762,-0.16414,-0.06648,0.38904,0.10693
-0.23686,0.96199,-0.13582,-0.16281,0.27273,0.12602
-0.23682,0.96526,-0.11031,-0.18934,0.21429,0.11512
-0.23452,0.96815,-0.08755,0.01422,-0.05012,0.18661
-0.23392,0.97018,-0.06339,0.01281,-0.12629,0.17763
-0.23756,0.97055,-0.03978,-0.03749,-0.15007,0.15239
-0.24601,0.96908,-0.01839,-0.04339,-0.37301,0.12002
-0.25881,0.96591,-0.00206,-0.04072,-0.47887,0.11698
-0.27133,0.96245,0.0075,0.02446,-0.55293,0.10496
-0.27965,0.96003,0.01036,0.18612,-0.87077,0.13419
-0.27879,0.9603,0.00872,0.20271,-0.90491,0.16842
-0.27159,0.96239,0.00412,0.21634,-0.87476,0.18189
-0.26668,0.96377,0.00137,0.22424,-0.37471,0.30543
-0.26731,0.9636,0.00151,0.18975,-0.32036,0.31171
-0.27141,0.96244,0.00441,0.04704,-0.19582,0.4392
-0.27365,0.96179,0.0066,-0.11615,-0.04947,0.36214
-0.26808,0.96334,0.00966,-0.35936,0.40004,0.56714
-0.26056,0.96537,0.01205,-0.31765,0.37481,0.66229
-0.2613,0.96515,0.01352,-0.05825,0.1546,0.74481
-0.27004,0.96273,0.0141,-0.02419,0.18006,0.56271
-0.28405,0.95845,0.02579,-0.13606,0.71231,0.35893
-0.29499,0.95484,0.03506,-0.03518,0.57914,0.31588
-0.29688,0.95461,0.02345,0.29872,0.25646,0.12091
-0.29548,0.95523,0.014,0.3923,-0.36998,-0.15543
-0.29272,0.95601,0.01836,0.12152,-0.06758,-0.14714
-0.29037,0.95654,0.02639,-0.22858,0.23749,-0.07157
-0.28783,0.9575,0.01817,-0.37238,0.2362,-0.15005
-0.28612,0.95818,-0.00104,-0.00123,0.00131,0.12455
-0.28863,0.9573,-0.01522,-0.02159,-0.21588,0.11309
-0.29152,0.95619,-0.02625,-0.11324,-0.21816,0.05209
-0.29196,0.95537,-0.04477,-0.0305,-0.14914,0.09453
-0.28859,0.95508,-0.06723,0.10442,-0.14691,0.2029
-0.28266,0.9553,-0.08656,0.11846,-0.11888,0.20672
-0.27985,0.95435,-0.10427,0.03668,-0.12086,0.15504
-0.28284,0.95126,-0.1228,0.06488,-0.29784,0.22391
-0.28678,0.94754,-0.14109,0.12516,-0.53978,0.20368
-0.2859,0.94474,-0.16033,0.06803,-0.48656,0.18052
-0.27712,0.94378,-0.18019,-0.08021,-0.22816,0.29217
-0.26629,0.94248,-0.20201,-0.10897,-0.22948,0.23288
-0.25389,0.9412,-0.22283,-0.09154,-0.13847,0.30346
-0.23766,0.94159,-0.23856,-0.05844,0.01793,0.40684
-0.22101,0.94241,-0.25099,-0.06269,-0.00493,0.41966
-0.20547,0.94327,-0.26078,-0.13547,0.02173,0.5153
-0.1922,0.9439,-0.26851,-0.37462,0.17823,0.37604
-0.18364,0.94356,-0.27559,-0.54778,0.16763,0.34296
-0.17848,0.94228,-0.28326,-0.55658,0.09695,0.42137
-0.17211,0.94106,-0.29113,-0.41168,0.20475,0.40183
-0.16622,0.94022,-0.29722,-0.38337,0.6876,0.2986
-0.16065,0.94209,-0.29435,-0.19569,0.07752,-0.03731
-0.15921,0.94451,-0.28728,-0.16609,-0.10299,-0.18322
-0.16963,0.94683,-0.27333,-0.1274,-0.18565,-0.3435
-0.19334,0.94987,-0.24566,-0.22034,0.66881,0.14616
-0.21147,0.95397,-0.2126,0.05737,0.85908,0.1774
-0.22188,0.95781,-0.18263,0.3838,1.05477,0.16049
-0.22641,0.96226,-0.15092,0.02806,0.23418,0.19926
-0.22716,0.96641,-0.12015,-0.07809,0.13406,0.00154
-0.22691,0.96914,-0.0962,-0.07471,0.00429,-0.04332
-0.22578,0.97123,-0.07564,-0.18686,-0.21514,0.23436
-0.22642,0.97252,-0.05407,-0.20507,-0.17987,0.19813
-0.23346,0.97173,-0.03484,-0.15573,-0.2226,0.15655
-0.24457,0.9694,-0.02073,-0.00826,-0.45785,0.13076
-0.25618,0.96653,-0.01316,0.01605,-0.55083,0.09597
-0.26294,0.9647,-0.01378,0.09552,-0.88121,0.17146
-0.26067,0.9652,-0.02052,0.18346,-0.92823,0.20042
-0.25366,0.96687,-0.02837,0.32907,-0.73187,0.18918
-0.24826,0.968,-0.03644,0.22125,-0.40628,0.31378
-0.24568,0.96839,-0.04288,0.16543,-0.34946,0.38136
-0.2472,0.96784,-0.04633,-0.14181,-0.2508,0.4023
-0.25158,0.96675,-0.04552,-0.2103,-0.04747,0.4874
-0.25303,0.96672,-0.0375,-0.29636,0.54276,0.48146
-0.25198,0.96739,-0.02529,-0.19138,1.13207,0.80834
-0.25536,0.96648,-0.02613,-0.01968,0.30452,0.99828
-0.2614,0.96455,-0.03601,-0.02568,-0.17622,0.28543
-0.27434,0.96131,-0.0245,-0.13001,0.07647,-0.03429
-0.28164,0.9595,-0.00302,-0.09266,0.55885,0.19239
-0.27817,0.96034,-0.01847,0.58836,0.11354,-0.31143
-0.27217,0.96174,-0.031,0.14404,0.0673,-0.25541
-0.26747,0.96342,-0.01578,0.00536,0.25786,0.21753
-0.26668,0.96377,-0.00356,-0.29204,0.07253,0.10904
-0.27374,0.96178,-0.00426,-0.40363,-0.04861,-0.14787
-0.28273,0.95911,-0.01229,-0.32892,-0.13314,0.03333
-0.28728,0.95744,-0.02763,-0.16344,-0.01202,0.10798
-0.28683,0.95673,-0.04875,-0.01098,0.12509,0.06381
-0.28388,0.95626,-0.07036,0.09556,0.20501,0.19911
-0.28033,0.95608,-0.08546,0.1671,0.01446,0.1902
-0.27967,0.9555,-0.09372,0.14356,-0.1368,0.14025
-0.27912,0.95464,-0.1036,0.00747,-0.5158,-0.01589
-0.27856,0.95284,-0.1203,0.03342,-0.52367,0.11924
-0.27737,0.95029,-0.14139,0.02887,-0.41768,0.18082
-0.27313,0.94812,-0.16264,0.00847,-0.36708,0.17192
-0.26503,0.94565,-0.18835,0.01269,-0.40177,0.16562
-0.25187,0.94307,-0.21718,0.00091,-0.30782,0.26506
-0.23534,0.94216,-0.23859,-0.04045,-0.20257,0.3019
-0.21634,0.9428,-0.25359,-0.00453,0.15275,0.35047
-0.19451,0.94537,-0.26156,-0.04548,0.17505,0.44592
-0.17084,0.94897,-0.26506,-0.14889,0.1822,0.53316
-0.1559,0.95083,-0.26758,-0.8888,-0.07148,0.28977
-0.15425,0.94988,-0.27186,-0.90376,-0.10491,0.39599
-0.15663,0.94735,-0.27923,-0.71963,0.00556,0.4746
-0.16097,0.94472,-0.28563,-0.46036,0.51431,0.11166
-0.16461,0.94428,-0.285,-0.34088,0.30542,0.03129
-0.16672,0.94596,-0.2781,-0.25628,0.17429,-0.05794
-0.17335,0.94936,-0.262,-0.09284,0.08564,-0.14772
-0.18259,0.9559,-0.22999,0.00316,0.31627,0.02496
-0.19469,0.96148,-0.194,0.28339,0.83945,0.13525
-0.20873,0.96481,-0.15985,0.0864,0.72072,0.17436
-0.21326,0.9678,-0.13368,-0.2156,0.28524,0.14243
-0.21693,0.96985,-0.11093,-0.19703,0.1432,0.14365
-0.2182,0.9717,-0.0904,-0.13916,0.00493,0.20071
-0.21903,0.97318,-0.07022,-0.15813,-0.16086,0.233
-0.22148,0.97386,-0.05019,-0.13695,-0.10164,0.23744
-0.22882,0.97296,-0.03092,-0.01381,-0.13388,0.16508
-0.24422,0.96959,-0.0149,0.12968,-0.48696,0.08611
-0.26064,0.96541,-0.00521,0.12715,-0.73317,0.05293
-0.2703,0.96276,-0.00228,0.13423,-0.93365,0.11202
-0.27013,0.96279,-0.00645,0.17477,-0.78892,0.16598
-0.26296,0.9647,-0.01361,0.22135,-0.54264,0.23012
-0.25751,0.96605,-0.02048,0.18621,-0.46203,0.26354
-0.25575,0.9663,-0.02876,0.12923,-0.39451,0.28193
-0.25766,0.96561,-0.03452,-0.08588,-0.18689,0.5086
-0.26001,0.96493,-0.03572,-0.18613,0.25098,0.43269
-0.25693,0.96581,-0.03431,-0.19332,0.58544,0.45157
-0.251,0.96754,-0.02897,-0.10474,0.66664,0.77169
-0.25173,0.96734,-0.02932,-0.00101,0.10227,0.93435
-0.25935,0.96512,-0.0354,-0.12119,0.21974,0.24806
-0.27487,0.96124,-0.02091,-0.31389,0.40891,0.42134
-0.2855,0.95837,-0.00109,0.0147,0.37345,0.04643
-0.2864,0.95808,-0.00592,0.42222,0.0197,-0.1808
-0.28228,0.95914,-0.01859,0.35449,-0.07346,-0.16688
-0.27575,0.96111,-0.01402,0.1159,0.21999,0.16879
-0.26848,0.96327,-0.00381,-0.29611,0.15714,-0.07632
-0.2656,0.96406,-0.00432,-0.43218,0.0001,-0.20416
-0.26795,0.96331,-0.01428,-0.2329,-0.14736,-0.03149
-0.27302,0.96145,-0.03229,-0.03097,-0.08252,0.04705
-0.27467,0.96008,-0.05274,0.05612,0.07007,0.06055
-0.27444,0.95872,-0.07424,0.11453,0.00524,0.18169
-0.27501,0.95693,-0.09288,0.13283,-0.17467,0.26021
-0.27526,0.9558,-0.10325,0.11969,-0.23125,0.20628
-0.27443,0.9551,-0.11163,-0.01442,-0.27515,0.07658
-0.27424,0.95309,-0.12803,0.00825,-0.27386,0.13367
-0.27476,0.9501,-0.1476,-0.00798,-0.38528,0.26373
-0.2747,0.94695,-0.16673,-0.02312,-0.53913,0.13339
-0.2691,0.94434,-0.1892,-0.05662,-0.52763,0.13524
-0.25449,0.94247,-0.21673,-0.05231,-0.07125,0.26465
-0.23656,0.94098,-0.24202,-0.073,-0.03217,0.34608
-0.21865,0.94068,-0.25942,-0.07567,-0.08109,0.37102
-0.20119,0.94071,-0.27306,-0.1224,0.00661,0.41128
-0.18171,0.94154,-0.28365,-0.27262,0.22633,0.47973
-0.16217,0.94278,-0.29128,-0.34862,0.17966,0.45905
-0.14808,0.9436,-0.29611,-0.6524,0.05399,0.34651
-0.1413,0.94356,-0.29952,-0.71612,0.05171,0.45158
-0.13925,0.94199,-0.30536,-0.62338,0.41337,0.2168
-0.14156,0.94085,-0.3078,-0.5159,0.39583,0.01176
-0.14534,0.94197,-0.30258,-0.23846,0.09493,-0.14015
-0.15329,0.94391,-0.29244,-0.0587,0.06695,-0.31616
-0.17076,0.94669,-0.27312,-0.0272,0.26499,-0.11561
-0.18852,0.95198,-0.2412,0.18086,0.69776,0.234
-0.19783,0.95816,-0.20681,0.53707,0.96555,0.1013
-0.20486,0.96362,-0.17158,-0.13339,0.22366,0.19912
-0.20539,0.96858,-0.14013,-0.28565,0.13763,0.13463
-0.2062,0.97193,-0.11322,-0.28402,0.14183,0.12901
-0.20641,0.9742,-0.09118,-0.21528,0.0136,0.22334
-0.20748,0.97575,-0.06954,-0.16696,-0.05115,0.26328
-0.2106,0.97648,-0.04602,-0.0538,-0.0709,0.16837
-0.22039,0.9751,-0.0243,0.08828,-0.33592,0.08692
-0.23623,0.97165,-0.00839,0.15539,-0.65307,0.07102
-0.25262,0.96755,-0.00204,0.20235,-0.80581,0.03212
-0.26442,0.96438,-0.00463,0.11063,-0.89395,0.16147
-0.26351,0.96458,-0.01144,0.23644,-0.69121,0.14421
-0.25539,0.96667,-0.01741,0.19906,-0.48332,0.24866
-0.25005,0.96803,-0.01941,0.13242,-0.41181,0.35306
-0.24924,0.96819,-0.02144,0.00891,-0.41717,0.39297
-0.25201,0.96739,-0.02512,-0.16852,-0.31503,0.37901
-0.25412,0.96673,-0.02869,-0.20854,0.14792,0.42069
-0.25097,0.9676,-0.02704,-0.29214,0.72089,0.39721
-0.24545,0.96917,-0.02108,-0.04658,0.74874,0.81928
-0.24584,0.96897,-0.02511,0.07406,0.19266,0.94465
-0.25163,0.96719,-0.03468,-0.02222,-0.0932,0.31962
-0.26541,0.96368,-0.02934,-0.15973,0.28462,0.33623
-0.27573,0.9612,-0.00679,-0.35409,0.41536,0.24143
-0.27621,0.961,-0.01249,0.48354,0.0026,-0.35707
-0.27471,0.96109,-0.02862,0.37163,0.23489,-0.38868
-0.27033,0.96232,-0.0289,0.20977,0.53742,-0.12334
-0.25773,0.96584,-0.02651,-0.26853,-0.19915,-0.18363
-0.25271,0.96721,-0.02493,-0.27355,-0.20051,-0.18522
-0.26022,0.9652,-0.02556,-0.23693,-0.2297,-0.04334
-0.26949,0.96224,-0.03796,-0.19746,0.03307,0.13498
-0.26903,0.96141,-0.0574,-0.0935,0.22834,0.16027
-0.26668,0.96032,-0.08152,0.10247,0.13071,0.16123
-0.27049,0.9571,-0.10383,0.11299,-0.28583,0.1773
-0.27432,0.95454,-0.11652,0.13875,-0.34175,0.11499
-0.27402,0.95362,-0.12447,0.1444,-0.3766,0.09877
-0.2707,0.95303,-0.13577,-0.01279,-0.22723,0.14707
-0.26695,0.95186,-0.15057,-0.12486,-0.11033,0.13943
-0.26414,0.94943,-0.16966,-0.16802,-0.26116,0.26595
-0.26296,0.94587,-0.19018,-0.04657,-0.52529,0.17814
-0.2558,0.94292,-0.2132,-0.0534,-0.38065,0.17987
-0.2419,0.94034,-0.23921,-0.1111,-0.02268,0.34413
-0.22696,0.93911,-0.25797,-0.17114,0.04621,0.46752
-0.21178,0.93907,-0.27069,-0.17313,-0.07129,0.40778
-0.19537,0.93939,-0.28171,-0.22986,0.03102,0.44917
-0.17675,0.94079,-0.28924,-0.32429,0.20638,0.44981
-0.16123,0.94212,-0.29394,-0.45643,0.09673,0.37247
-0.15234,0.94239,-0.29777,-0.52829,0.00751,0.39549
-0.14783,0.94155,-0.30266,-0.50331,0.17112,0.28852
-0.14822,0.93989,-0.30761,-0.54441,0.49264,0.07709
-0.14897,0.94112,-0.30346,-0.16192,0.20927,-0.09042
-0.15122,0.94343,-0.29505,-0.11432,0.1531,-0.2657
-0.16115,0.94673,-0.27878,-0.12919,0.13361,-0.25517
-0.17853,0.95235,-0.24727,0.11448,0.73874,0.27785
-0.1908,0.95839,-0.21226,0.19099,0.8607,0.17184
-0.19847,0.96379,-0.17803,-0.1332,0.33458,0.23093
-0.2001,0.96852,-0.14802,-0.22231,0.10646,0.13681
-0.20321,0.97171,-0.1203,-0.18718,0.06745,0.15315
-0.20592,0.97385,-0.09582,-0.13485,-0.00979,0.2048
-0.20799,0.97532,-0.07399,-0.10942,-0.14693,0.24979
-0.21069,0.97606,-0.05369,-0.01486,-0.15044,0.19051
-0.21737,0.97541,-0.03615,0.08698,-0.24633,0.13352
-0.23183,0.9725,-0.022,0.13205,-0.50552,0.11796
-0.24777,0.96872,-0.0126,0.1702,-0.6883,0.10502
-0.25725,0.9663,-0.0079,0.11769,-0.73078,0.1262
-0.25776,0.96616,-0.00865,0.14435,-0.70926,0.16837
-0.25184,0.96765,-0.01456,0.16849,-0.51776,0.20255
-0.24736,0.96862,-0.02369,0.09126,-0.4551,0.28171
-0.24548,0.96882,-0.03317,-0.01434,-0.39991,0.35513
-0.2452,0.96866,-0.03925,-0.20236,-0.36932,0.37966
-0.24461,0.96856,-0.04507,-0.24817,-0.27424,0.33732
-0.24252,0.96899,-0.04718,-0.12565,0.41941,0.31613
-0.23894,0.97029,-0.03766,0.00904,1.1351,0.6507
-0.23814,0.97085,-0.02691,0.12118,1.01158,0.86259
-0.24296,0.96959,-0.02906,0.03672,-0.05679,0.46504
-0.2612,0.96507,-0.01992,-0.21985,0.26194,0.25754
-0.27455,0.96154,0.0061,-0.19774,0.26089,0.27903
-0.27652,0.96099,0.00358,0.4514,-0.07778,-0.1486
-0.26854,0.96323,-0.00732,0.11942,0.61061,-0.0697
-0.26168,0.96514,0.00174,-0.11186,0.78381,0.39713
-0.25506,0.96686,0.01051,-0.34704,0.47739,0.36396
-0.25533,0.96678,0.01113,-0.27949,-0.26284,-0.0763
-0.26405,0.96447,0.00719,-0.18712,-0.31626,-0.10643
-0.27193,0.96227,-0.0082,-0.12473,-0.23583,-0.09738
-0.27203,0.96176,-0.03156,0.17515,0.31102,0.21572
-0.27036,0.9612,-0.05459,0.1494,0.16572,0.26513
-0.27243,0.96005,-0.06379,0.11814,-0.00149,0.28374
-0.27698,0.95834,-0.06968,0.03563,-0.44158,-0.04322
-0.27974,0.95628,-0.08517,0.04323,-0.47419,0.01905
-0.27716,0.95501,-0.10543,0.00267,-0.30802,0.19625
-0.27122,0.95449,-0.12393,-0.0368,-0.28563,0.21201
-0.2651,0.95332,-0.14453,-0.05698,-0.33921,0.22432
-0.25716,0.95139,-0.16941,-0.20868,-0.29566,0.26926
-0.2458,0.94967,-0.19416,-0.25448,-0.19033,0.28559
-0.23267,0.9488,-0.21358,-0.24842,-0.14706,0.33095
-0.2196,0.94834,-0.22893,-0.11269,0.00294,0.39041
-0.20529,0.94899,-0.23927,-0.19901,0.07222,0.45852
-0.18799,0.95044,-0.24761,-0.25783,0.08199,0.44165
-0.17268,0.95163,-0.25411,-0.57613,0.00684,0.33054
-0.16579,0.95134,-0.25971,-0.69128,-0.05446,0.37118
-0.16622,0.94907,-0.26763,-0.52548,0.33433,0.3078
-0.17154,0.94542,-0.277,-0.4333,0.42411,0.12051
-0.17805,0.94271,-0.28209,-0.2219,0.28509,0.09742
-0.18654,0.94098,-0.2824,-0.19083,0.2405,-0.04544
-0.19892,0.94037,-0.27591,0.05249,0.05614,-0.06716
-0.21516,0.94231,-0.25639,0.14272,0.16393,0.16203
-0.2272,0.94699,-0.22709,0.10719,0.34235,0.19182
-0.23039,0.95292,-0.1971,0.10584,0.86129,0.14955
-0.23211,0.95785,-0.16921,-0.25198,0.38094,0.18383
-0.23529,0.96123,-0.14372,-0.21486,0.09817,0.16833
-0.24123,0.96308,-0.11943,-0.01712,0.03736,0.21186
-0.24456,0.96485,-0.0961,-0.03033,-0.04084,0.16196
-0.24727,0.96592,-0.07634,-0.05319,-0.19657,0.20161
-0.25027,0.96636,-0.05912,-0.0845,-0.1523,0.25136
-0.25762,0.96528,-0.04295,-0.05424,-0.23232,0.19569
-0.2696,0.96252,-0.02921,-0.01732,-0.35232,0.14997
-0.28069,0.95957,-0.02034,0.1227,-0.64095,0.122
-0.28619,0.958,-0.01774,0.11695,-0.695,0.17793
-0.28165,0.95929,-0.02054,0.16989,-0.65994,0.17911
-0.27376,0.96145,-0.0255,0.21787,-0.42219,0.21738
-0.26788,0.96283,-0.03428,0.16986,-0.36412,0.28469
-0.26472,0.96325,-0.04521,0.09017,-0.32115,0.34001
-0.26326,0.96315,-0.05492,0.0227,-0.27228,0.39667
-0.26196,0.96306,-0.06219,-0.03759,-0.06047,0.3968
-0.25669,0.96425,-0.06559,-0.15732,0.41102,0.47424
-0.24894,0.96636,-0.06448,-0.21184,0.69752,0.48177
-0.24816,0.9668,-0.06071,-0.03156,0.13131,0.75024
-0.25293,0.96552,-0.0614,-0.01671,0.16496,0.40429
-0.2636,0.9633,-0.0504,-0.02732,0.3064,0.1888
-0.27202,0.96175,-0.03191,0.06441,0.39403,0.08308
-0.27434,0.96112,-0.03099,0.30371,0.20062,-0.07832
-0.27471,0.96093,-0.03342,0.38447,0.081,-0.11603
-0.27059,0.96233,-0.02601,-0.05825,0.05473,0.13483
-0.26191,0.96493,-0.0169,-0.19732,0.03281,0.10043
-0.25657,0.9664,-0.01473,-0.31614,0.03645,-0.02266
-0.2564,0.9663,-0.02226,-0.12646,-0.12745,0.03054
-0.25914,0.9651,-0.03758,0.04922,0.04458,0.08688
-0.26271,0.96329,-0.05502,0.08983,0.05447,0.11298
-0.26723,0.96085,-0.07297,0.03812,-0.10993,0.19336
-0.27133,0.95842,-0.08826,0.02361,-0.17689,0.19221
-0.2744,0.95669,-0.09707,0.00782,-0.21133,0.04548
-0.27606,0.95523,-0.10631,0.05424,-0.17497,0.09477
-0.27562,0.95355,-0.12142,0.03392,-0.21225,0.23849
-0.27407,0.95185,-0.13729,-0.0646,-0.29293,0.19936
-0.27188,0.95038,-0.1511,-0.16693,-0.3167,0.15565
-0.26915,0.94825,-0.16841,-0.19426,-0.28091,0.13998
-0.26413,0.94515,-0.19211,-0.05337,-0.13752,0.19216
-0.25692,0.94224,-0.21484,0.02645,-0.13227,0.26674
-0.24805,0.94057,-0.2319,0.03238,0.05337,0.47825
-0.23474,0.9411,-0.24331,-0.01691,0.18599,0.45396
-0.218,0.94319,-0.25069,-0.19203,0.01377,0.36653
-0.20012,0.94544,-0.25707,-0.31736,0.00206,0.31539
-0.18543,0.94711,-0.26186,-0.43276,0.05731,0.35035
-0.17766,0.94788,-0.26445,-0.51621,-0.08314,0.36426
-0.17452,0.94746,-0.26802,-0.35583,-0.01269,0.38623
