gravity.x,gravity.y,gravity.z,userAcceleration.x,userAcceleration.y,userAcceleration.z
-0.23635,0.89331,0.38226,0.38344,0.19475,-0.49844
-0.24095,0.88239,0.40412,0.37085,0.29179,-0.50452
-0.24931,0.8779,0.4088,0.22271,0.3108,-0.3016
-0.25538,0.87485,0.41159,0.15458,0.36657,-0.25749
-0.2596,0.87438,0.40994,0.08448,0.45508,-0.47854
-0.26351,0.87834,0.39885,0.22541,0.56319,-0.57533
-0.26306,0.88959,0.37338,0.42138,0.64175,-0.47705
-0.25509,0.90898,0.32964,0.36482,0.74092,-0.59551
-0.2395,0.93238,0.27073,0.01567,0.51191,-0.6699
-0.22527,0.95518,0.19204,-0.21597,0.30834,-0.38753
-0.20361,0.97123,0.12345,0.07321,0.31655,0.61863
-0.18344,0.98117,0.06034,-0.23716,0.76753,0.95228
-0.17563,0.98445,0.00049,-0.40493,0.80179,0.83916
-0.18408,0.98137,-0.05489,-0.53259,0.64395,0.73445
-0.18304,0.97832,-0.09686,-0.6579,0.19878,-0.34222
-0.16053,0.97622,-0.14567,-0.58052,0.09821,0.06974
-0.13784,0.97139,-0.19338,-0.58581,-0.0612,0.36323
-0.11959,0.9641,-0.23706,0.23546,-0.29499,0.70975
-0.10286,0.95351,-0.28326,0.27414,-0.22446,0.43565
-0.09383,0.93963,-0.32907,0.2262,-0.26223,0.49778
-0.08927,0.92483,-0.36977,0.08054,-0.25968,0.58011
-0.08303,0.91011,-0.40595,-0.08149,-0.4014,0.56202
-0.08095,0.89645,-0.43569,-0.27387,-0.592,0.64493
-0.08516,0.88641,-0.45499,-0.30303,-0.76718,0.69142
-0.09413,0.88174,-0.46224,-0.15504,-0.8875,0.65214
-0.10905,0.88188,-0.45869,-0.03891,-0.90825,0.59942
-0.12567,0.88842,-0.44149,0.01222,-0.87115,0.39864
-0.14358,0.90293,-0.4051,0.10362,-0.62401,0.03632
-0.164,0.9217,-0.35152,0.03111,-0.2095,-0.25441
-0.18301,0.93781,-0.295,-0.14112,0.38603,-0.55651
-0.1904,0.94602,-0.26229,-0.21791,0.56599,-0.92727
-0.19599,0.94854,-0.24871,0.0044,0.2424,-0.8512
-0.20086,0.94956,-0.24079,0.23896,-0.16579,-0.39423
-0.20244,0.95148,-0.23171,0.27099,-0.18124,-0.21235
-0.20688,0.95278,-0.22227,-0.20492,-0.03046,-1.32302
-0.21603,0.95359,-0.20974,-0.27831,0.77503,0.94106
-0.23716,0.95558,-0.17497,-0.56908,0.46115,1.65972
-0.2245,0.96404,-0.1422,-0.68153,0.83822,1.3254
-0.21345,0.9732,-0.0855,-1.27398,1.8338,0.94704
-0.20801,0.97709,-0.04487,0.20169,-0.14792,0.05381
-0.18686,0.97992,-0.0695,0.38788,-0.56848,-0.22505
-0.1854,0.98002,-0.07202,0.30126,0.02113,0.70849
-0.19242,0.97897,-0.06776,0.32239,0.34806,0.75301
-0.20871,0.97685,-0.04695,0.29554,0.53292,0.70601
-0.2154,0.97648,-0.00905,0.16932,0.30709,0.54074
-0.19878,0.97907,0.04355,-0.04821,0.13471,0.29164
-0.16766,0.97982,0.1088,-0.20095,-0.07407,0.22574
-0.13799,0.97422,0.17844,-0.27454,-0.3157,0.09322
-0.12594,0.96168,0.24353,-0.50994,-0.48264,-0.49227
-0.14471,0.94996,0.2768,-0.61069,-0.5477,-1.05445
-0.16149,0.94224,0.29343,-0.23332,-0.23057,-0.47249
-0.17266,0.9311,0.32128,0.07902,-0.12172,0.31618
-0.19384,0.91914,0.34293,0.25148,0.11708,0.22894
-0.21616,0.91209,0.34836,0.36993,0.21624,-0.15711
-0.22631,0.90578,0.35825,0.49039,0.17592,-0.74393
-0.21629,0.89061,0.40001,0.75116,0.38856,-1.51389
-0.20452,0.88281,0.42286,0.37887,0.14962,-0.8042
-0.21365,0.88348,0.41691,-0.03213,-0.0272,-0.15223
-0.22996,0.88513,0.40455,0.2725,-0.06661,-0.59142
-0.24093,0.88854,0.39044,0.57647,0.22194,-0.98871
-0.24839,0.89929,0.35995,0.57679,0.24327,-0.7789
-0.25173,0.91527,0.31449,0.01607,0.25517,-0.37302
-0.25003,0.92998,0.26946,-0.04465,0.51679,-0.43437
-0.25378,0.94515,0.20561,-0.03213,0.58057,-0.46031
-0.25832,0.95719,0.13058,0.26378,0.63362,0.54848
-0.25825,0.96436,0.05748,0.59567,0.96233,0.99616
-0.25099,0.96781,-0.01852,0.55223,1.1763,0.8343
-0.22644,0.97083,-0.07877,0.01785,1.5185,0.31233
-0.18849,0.9759,-0.10996,-0.43689,1.42654,-0.1609
-0.1522,0.97533,-0.15987,-0.77401,0.43901,-0.00838
-0.13012,0.96935,-0.20837,-0.77047,-0.06587,0.67776
-0.12125,0.96151,-0.24655,-0.75696,-0.37242,0.91702
-0.1205,0.94596,-0.30106,-0.26498,-0.45643,0.4535
-0.11905,0.93219,-0.34183,0.15986,-0.45431,0.57801
-0.11444,0.9228,-0.36789,0.26169,-0.38915,0.67339
-0.11122,0.91372,-0.39083,0.15997,-0.41587,0.6878
-0.11932,0.90422,-0.41006,-0.08686,-0.66049,0.86789
-0.13434,0.89695,-0.42123,-0.28069,-0.9599,0.8109
-0.15547,0.89399,-0.42024,-0.24614,-1.01593,0.6889
-0.18133,0.89447,-0.40871,-0.13762,-1.01878,0.56246
-0.20753,0.90024,-0.38275,-0.05687,-0.7919,0.18755
-0.23216,0.91095,-0.34098,0.18598,-0.0216,-0.81963
-0.24335,0.9205,-0.30571,-0.1226,1.32343,-1.98462
-0.24056,0.92272,-0.30118,-0.0618,1.35599,-1.10614
-0.23688,0.92014,-0.31181,-0.74107,1.7519,-1.05756
-0.23824,0.91659,-0.32109,-1.12422,2.49663,0.03221
-0.25746,0.90112,-0.34885,-1.66501,1.8777,-0.43406
-0.22173,0.89601,-0.38471,-0.17622,-2.25207,2.58103
-0.1909,0.90634,-0.37697,-0.79526,-2.32475,1.948
-0.20045,0.9208,-0.33458,0.11247,-1.67156,0.53348
-0.22916,0.93789,-0.26046,1.05993,-0.76899,1.37017
-0.23025,0.95201,-0.20165,0.39378,0.42972,1.39858
-0.24176,0.96025,-0.13949,-0.19115,1.24505,1.05508
-0.2568,0.96221,-0.09054,-0.43589,1.6827,0.74739
-0.2362,0.9687,-0.07631,0.92877,1.05304,-0.63322
-0.23289,0.97154,-0.0433,1.05745,0.23402,-0.1928
-0.24795,0.96877,-0.00139,1.12023,-0.00141,-0.2114
-0.26859,0.96253,0.0372,0.77312,-0.30673,-0.287
-0.2728,0.95976,0.06664,0.31117,-0.26042,-0.13682
-0.26515,0.95962,0.0939,0.12097,-0.27958,0.02856
-0.25532,0.95939,0.11987,-0.02889,-0.19343,0.21579
-0.25143,0.95772,0.13979,-0.11855,-0.08835,0.45604
-0.2509,0.9545,0.16117,-0.1863,-0.08481,0.07238
-0.24785,0.94585,0.20959,-0.4227,-0.02495,-0.57923
-0.24483,0.93556,0.25451,-0.38943,-0.00851,-0.36658
-0.2591,0.93001,0.26063,-0.07218,0.00939,0.02103
-0.27797,0.92191,0.26981,0.11513,0.08631,-0.05507
-0.29162,0.91139,0.29037,0.2483,0.16002,-0.16089
-0.29833,0.89926,0.31986,0.36172,0.14929,-0.37345
-0.3013,0.88735,0.34903,0.35719,0.15004,-0.46979
-0.31049,0.8795,0.36065,0.30582,0.18067,-0.35377
-0.32187,0.87368,0.36479,0.21994,0.28486,-0.3933
-0.33458,0.87007,0.36198,0.42599,0.5423,-0.35223
-0.34707,0.87191,0.3454,0.54176,0.63494,-0.25763
-0.34936,0.88113,0.31866,0.71829,0.89635,-0.07414
-0.33389,0.8979,0.28683,0.00511,0.72243,-0.33271
-0.30894,0.92017,0.2405,-0.65185,0.52506,-0.82236
-0.29743,0.94098,0.16152,-0.4066,0.3817,-0.05082
-0.28037,0.95585,0.08793,-0.09107,0.26195,0.94889
-0.25347,0.96703,0.02431,-0.09115,0.33813,0.81225
-0.22545,0.9737,-0.03261,-0.32886,0.4283,0.45613
-0.20607,0.97538,-0.07853,-0.44405,0.29441,-0.01946
-0.18876,0.97718,-0.09736,-0.07247,0.18874,-0.05039
-0.16522,0.97798,-0.12745,0.11828,0.23234,0.1905
-0.14317,0.97282,-0.182,-0.1304,-0.15154,0.42041
-0.12765,0.96662,-0.22214,0.11777,-0.23398,0.87431
-0.10406,0.96054,-0.25794,0.21124,-0.25027,0.67839
-0.07523,0.95275,-0.29429,0.07344,-0.29136,0.49978
-0.05117,0.94289,-0.32915,-0.01728,-0.32421,0.60446
-0.03448,0.9308,-0.36388,-0.10837,-0.39699,0.6289
-0.02779,0.91738,-0.39704,-0.25622,-0.47176,0.55662
-0.02809,0.9074,-0.41931,-0.35971,-0.53475,0.59148
-0.0375,0.90339,-0.42717,-0.35769,-0.62291,0.66133
-0.05446,0.90532,-0.42123,-0.32083,-0.69058,0.63441
-0.07775,0.9129,-0.4007,-0.18027,-0.81389,0.51728
-0.10224,0.92656,-0.36198,-0.12236,-0.54164,0.1878
-0.12135,0.94175,-0.31363,-0.13892,-0.26103,-0.06277
-0.13008,0.95051,-0.28213,-0.29761,1.37801,-1.49737
-0.13514,0.95186,-0.27511,0.08999,1.17152,-1.2374
-0.1306,0.95353,-0.27152,0.63892,0.38426,-0.70678
-0.12795,0.95723,-0.25948,-0.26991,0.20134,0.08898
-0.1354,0.9614,-0.23953,-0.48389,0.53997,0.33597
-0.14694,0.96375,-0.2227,-0.8029,1.20909,0.29937
-0.13973,0.96353,-0.22823,0.15852,1.25336,-0.58595
-0.12442,0.95911,-0.25421,-0.25534,-0.91921,1.30768
-0.11683,0.95849,-0.26009,-0.5381,-1.08924,0.86689
-0.11912,0.9651,-0.23322,-0.15839,-0.67912,1.07206
-0.13272,0.97234,-0.1922,-0.1498,-0.55574,0.97308
-0.16302,0.97546,-0.14797,-0.1673,-0.44284,0.79726
-0.19624,0.97467,-0.1072,-0.36125,0.55352,0.68006
-0.21075,0.97465,-0.07505,-0.14829,0.59104,0.66671
-0.22233,0.97322,-0.0583,0.26989,0.59298,0.50636
-0.23271,0.97164,-0.04199,0.59933,0.26704,-0.05031
-0.2425,0.97001,0.01622,0.68888,0.00072,-0.45388
-0.23573,0.96784,0.08778,0.35269,-0.22529,0.01214
-0.21596,0.96835,0.12509,0.13827,-0.25542,0.20104
-0.19753,0.97005,0.14134,0.09113,-0.24843,0.35893
-0.18792,0.96892,0.16085,-0.08413,-0.08846,0.26738
-0.18934,0.96347,0.18938,-0.16427,-0.03549,0.17566
-0.19295,0.95289,0.23403,-0.47276,0.10098,-0.91097
-0.19045,0.94179,0.27705,-0.24182,-0.10024,-0.02365
-0.19767,0.93631,0.29023,-0.06366,0.00615,0.24253
-0.21782,0.92865,0.30027,0.17832,0.10974,0.06067
-0.23123,0.92081,0.31406,0.37924,0.16514,-0.38852
-0.23615,0.91079,0.33866,0.45444,0.17465,-0.54773
-0.23582,0.90125,0.36348,0.43838,0.34185,-0.54312
-0.24208,0.89777,0.36796,0.11585,0.30925,-0.2232
-0.25353,0.89519,0.36653,0.17461,0.3562,-0.33208
-0.26355,0.89451,0.36109,0.28595,0.38636,-0.58654
-0.27191,0.8973,0.34772,0.44298,0.52609,-0.64604
-0.2764,0.90572,0.32136,0.53931,0.60136,-0.50634
-0.2724,0.92074,0.27934,0.44237,0.68161,-0.54457
-0.25925,0.94019,0.22098,0.28409,0.44899,-0.45988
-0.24461,0.95917,0.14193,-0.03797,0.37017,-0.24783
-0.2251,0.97232,0.06252,-0.06929,0.50166,0.62041
-0.19931,0.97987,-0.01067,-0.13661,0.57283,0.97602
-0.17761,0.98071,-0.08158,-0.56548,0.88706,0.86585
-0.17493,0.97382,-0.14512,-0.73548,0.43948,0.40757
-0.17451,0.96765,-0.1822,-0.7775,0.05915,-0.39119
-0.16012,0.96817,-0.19234,-0.58907,0.05079,0.03357
-0.13521,0.96013,-0.24469,-0.42272,-0.00158,0.44244
-0.1161,0.94815,-0.29585,0.31065,-0.1914,0.694
-0.09099,0.93787,-0.33485,0.50938,-0.02876,0.75936
-0.06719,0.92463,-0.37489,0.31257,-0.16872,0.50501
-0.05787,0.90755,-0.41594,0.12732,-0.20802,0.64388
-0.05896,0.88847,-0.45512,-0.1596,-0.50189,0.71904
-0.06266,0.8724,-0.48475,-0.2548,-0.56442,0.75428
-0.07227,0.86291,-0.50016,-0.31424,-0.62509,0.80311
-0.08407,0.86152,-0.50071,-0.17646,-0.74639,0.81256
-0.09695,0.86751,-0.48787,-0.11193,-0.78888,0.79978
-0.10943,0.88088,-0.46051,-0.1023,-0.79271,0.70609
-0.12311,0.90085,-0.4163,0.0775,-0.22352,-0.18786
-0.14128,0.92251,-0.35918,0.0128,0.24372,-0.87638
-0.15416,0.93411,-0.32198,-0.09616,0.98928,-1.28452
-0.14937,0.93363,-0.32561,-0.20629,0.40887,-0.57263
-0.14519,0.933,-0.32927,-0.09808,-0.07589,-0.41089
-0.13896,0.9342,-0.32856,-0.25327,-0.57634,-0.13082
-0.13993,0.9407,-0.30902,-0.65893,-0.17172,0.43393
-0.15092,0.94886,-0.27728,-0.82672,0.11335,0.55081
-0.16294,0.95743,-0.23825,0.03831,0.96925,0.12547
-0.16145,0.95958,-0.23051,0.11245,0.98255,-0.55405
-0.16571,0.96045,-0.22374,-0.21792,-0.24111,0.87702
-0.1679,0.96501,-0.2014,-0.15542,-0.59109,0.75971
-0.1668,0.97108,-0.17083,-0.10328,-0.54537,0.6789
-0.17316,0.97691,-0.12515,-0.0594,-0.28989,0.57324
-0.17994,0.98114,-0.07053,-0.02517,0.04631,0.65918
-0.18478,0.98244,-0.0256,0.08968,0.40174,0.71763
-0.18927,0.98191,-0.00544,0.20907,0.43589,0.46489
-0.18511,0.98271,-0.0024,0.35882,0.17984,0.03708
-0.17313,0.98472,0.01828,0.55251,-0.00246,-0.43443
-0.16729,0.98274,0.07885,0.24696,-0.121,-0.1352
-0.15104,0.98016,0.12827,0.18229,-0.19386,0.08746
-0.13336,0.97964,0.15004,0.02506,-0.17164,0.23659
-0.12472,0.97805,0.16688,-0.05661,-0.0061,0.16808
-0.12595,0.97368,0.18991,-0.1249,0.00218,0.06842
-0.13192,0.96686,0.21857,-0.20001,0.04344,-0.27632
-0.13483,0.95683,0.25747,-0.18759,0.03118,-0.48353
-0.13451,0.94724,0.29093,-0.0067,0.00659,-0.26289
-0.14258,0.94211,0.30348,0.02009,0.0134,-0.04531
-0.15752,0.93529,0.31688,0.12864,-0.02039,-0.12662
-0.17132,0.92739,0.33254,0.21098,0.15607,-0.34853
-0.1795,0.91882,0.35147,0.26338,0.0744,-0.46672
-0.1836,0.91026,0.37109,0.29737,0.20137,-0.45651
-0.19434,0.90573,0.37666,0.24979,0.21833,-0.25229
-0.2066,0.90313,0.37638,0.15792,0.29386,-0.36115
-0.21509,0.90088,0.377,0.11627,0.41142,-0.58277
-0.2215,0.90236,0.3697,0.11545,0.42941,-0.72756
-0.22756,0.90813,0.35143,0.34476,0.55028,-0.61201
-0.23617,0.92031,0.31184,0.37397,0.59315,-0.6778
-0.23979,0.93815,0.24974,0.35168,0.61175,-0.7764
-0.23569,0.95675,0.17052,0.20487,0.5487,-0.17343
-0.22287,0.97044,0.09258,0.24295,0.66019,0.49764
-0.20352,0.97896,0.01435,0.35359,0.57769,1.07537
-0.18276,0.98128,-0.06067,-0.52046,0.98495,0.94639
-0.18324,0.97569,-0.12018,-0.6218,0.74513,0.74663
-0.19214,0.96761,-0.16369,-0.70065,0.50622,0.40005
-0.18598,0.9674,-0.17186,-0.52354,-0.01303,0.08249
-0.16947,0.96047,-0.22084,-0.36536,-0.15561,0.32837
-0.15371,0.94937,-0.27399,-0.19033,-0.27468,0.50739
-0.13988,0.93962,-0.31233,0.22698,-0.28025,0.76853
-0.12293,0.9274,-0.35327,0.19777,-0.2837,0.67333
-0.11319,0.91277,-0.39246,0.21649,-0.26298,0.61599
-0.10336,0.89999,-0.42348,0.13365,-0.35314,0.64391
-0.09515,0.88948,-0.44695,-0.06692,-0.57382,0.72345
-0.0948,0.88276,-0.46016,-0.33269,-0.8299,0.83328
-0.10237,0.88186,-0.46025,-0.29401,-0.86514,0.87282
-0.11638,0.8874,-0.44606,-0.15223,-0.8918,0.85586
-0.1348,0.90008,-0.41434,-0.01897,-0.64834,0.36496
-0.16048,0.91954,-0.35873,0.01201,-0.39731,0.02704
-0.19253,0.93757,-0.28962,-0.49597,2.06703,-1.96216
-0.18881,0.93952,-0.28574,0.31358,1.94311,-1.8808
-0.17216,0.9418,-0.28872,0.50507,0.01143,-0.21015
-0.16086,0.94222,-0.29384,-0.14579,-0.57634,0.04864
-0.15697,0.94263,-0.29462,-0.69521,-0.06185,0.2706
-0.16893,0.94666,-0.2744,-0.75955,0.23443,0.60296
-0.17575,0.95313,-0.24625,-0.59791,1.63288,-0.41536
-0.1798,0.95079,-0.25232,-0.14901,0.18393,0.52231
-0.18797,0.94721,-0.25974,-0.05274,-0.89969,1.25687
-0.19216,0.95224,-0.2373,-0.03524,-0.7695,1.00348
-0.18957,0.96109,-0.20089,-0.04905,-0.49236,0.70622
-0.19744,0.96799,-0.15494,-0.11126,-0.20398,0.68772
-0.2095,0.97149,-0.11094,-0.06803,0.0806,0.68411
-0.21427,0.97377,-0.07649,0.0821,0.28731,0.67428
-0.21992,0.97397,-0.05478,0.1902,0.36041,0.55338
-0.22228,0.97405,-0.04248,0.31976,0.2306,0.18986
-0.21633,0.97619,-0.01531,0.48031,0.04027,-0.50839
-0.21044,0.97566,0.06149,0.26173,-0.06571,-0.34527
-0.19517,0.97114,0.13704,0.17292,-0.13423,-0.04567
-0.18223,0.96966,0.16293,0.1627,-0.24788,0.12499
-0.17572,0.96914,0.17286,0.01501,-0.17506,0.01818
-0.17481,0.96631,0.1889,-0.05855,-0.09122,-0.00531
-0.17779,0.95913,0.22011,-0.16792,0.00817,-0.15325
-0.17837,0.94725,0.26624,-0.00442,-0.02425,-0.17364
-0.1812,0.93696,0.29877,-0.00159,-0.01395,-0.20617
-0.19034,0.92981,0.31497,0.07685,0.17325,-0.17434
-0.20233,0.92173,0.33086,0.25098,0.17122,-0.4802
-0.2113,0.91176,0.35218,0.29972,0.21165,-0.56077
-0.21679,0.902,0.37334,0.31285,0.25372,-0.56404
-0.22459,0.8975,0.37952,0.15536,0.28631,-0.25507
-0.23199,0.8955,0.3798,0.10684,0.36065,-0.28191
-0.23766,0.89482,0.3779,0.09011,0.41643,-0.44071
-0.24543,0.89687,0.36792,0.1325,0.45701,-0.54851
-0.25438,0.90243,0.34771,0.37176,0.61996,-0.40707
-0.25806,0.91491,0.31037,0.50296,0.76761,-0.43529
-0.24884,0.93368,0.25752,0.45344,0.85096,-0.59745
-0.23239,0.95417,0.18854,0.13145,0.45554,-0.5561
-0.21411,0.97026,0.1129,-0.06773,0.40915,0.25501
-0.19509,0.97993,0.04085,0.03717,0.42409,0.99867
-0.18115,0.98309,-0.02648,-0.24321,0.54016,0.84494
-0.18268,0.97948,-0.08504,-0.42471,0.27955,0.61955
-0.19065,0.97203,-0.1371,-0.5455,0.24157,0.31412
-0.19307,0.96776,-0.1617,-0.51841,0.10555,-0.28685
-0.18029,0.96425,-0.19418,-0.12924,-0.02656,0.31094
-0.16907,0.95459,-0.24529,-0.01388,-0.12524,0.50698
-0.15713,0.94455,-0.28833,0.16012,-0.22735,0.79654
-0.14767,0.93135,-0.33283,0.17127,-0.43143,0.68888
-0.13845,0.91659,-0.37509,0.19532,-0.42689,0.64783
-0.12539,0.90472,-0.40713,0.16205,-0.36054,0.60252
-0.11379,0.89522,-0.43086,-0.00888,-0.44966,0.67101
-0.1156,0.88736,-0.44634,-0.18435,-0.74247,0.83749
-0.12349,0.88436,-0.45017,-0.25006,-0.87368,0.83184
-0.1379,0.88738,-0.43993,-0.13993,-0.88079,0.70412
-0.15639,0.89763,-0.41207,-0.0688,-0.64436,0.39857
-0.18008,0.9143,-0.36279,-0.09784,0.00123,-0.38719
-0.21335,0.92786,-0.30587,-0.54631,1.72188,-1.79463
-0.2103,0.92626,-0.31275,-0.08944,2.6596,-2.44883
-0.18892,0.93003,-0.31521,0.56469,0.03015,-0.23513
-0.18,0.92943,-0.32212,-0.0267,-0.5287,-0.02018
-0.17816,0.92828,-0.32642,-0.46741,-0.25572,0.12527
-0.1891,0.93324,-0.30546,-0.63474,0.38749,0.49432
-0.19984,0.94155,-0.27119,-0.53492,1.34043,0.02619
-0.20529,0.93987,-0.27293,-0.15748,0.47653,0.23918
-0.20832,0.93641,-0.28235,-0.3715,-0.5387,0.98805
-0.21596,0.9425,-0.25506,-0.26319,-0.66993,0.9107
-0.21696,0.9525,-0.21368,-0.00748,-0.60419,0.90382
-0.22104,0.96057,-0.16862,-0.06009,-0.23874,0.63092
-0.23432,0.96385,-0.12679,0.03704,0.05562,0.73933
-0.24045,0.9663,-0.0919,0.2004,0.30194,0.75209
-0.24573,0.9671,-0.06574,0.27268,0.45287,0.6852
-0.25065,0.96669,-0.05172,0.40906,0.37735,0.17748
-0.2511,0.96764,-0.02472,0.49827,0.1073,-0.5757
-0.24708,0.96831,0.03612,0.32591,-0.06199,-0.39972
-0.23403,0.9685,0.085,0.18973,-0.13383,-0.20883
-0.21664,0.96928,0.1164,0.14719,-0.10405,0.00983
-0.20296,0.96905,0.14047,0.09175,-0.17003,0.26628
-0.19419,0.96784,0.15985,0.06267,-0.22866,0.17468
-0.19062,0.9642,0.1843,-0.15566,-0.15704,-0.06365
-0.19355,0.95525,0.22364,-0.41482,-0.10812,-0.60559
-0.19974,0.94601,0.25525,-0.29144,-0.16276,-0.14563
-0.21019,0.93902,0.27211,0.03593,0.0373,0.09372
-0.22529,0.931,0.28718,0.1697,0.19426,-0.06318
-0.23795,0.92212,0.30504,0.31289,0.15658,-0.32494
-0.24512,0.91008,0.33415,0.44024,0.22566,-0.56261
-0.24824,0.89962,0.35922,0.35808,0.35663,-0.48981
-0.25498,0.89629,0.36281,0.25637,0.4156,-0.34906
-0.26138,0.89506,0.36128,0.30661,0.43485,-0.51682
-0.26605,0.89669,0.35376,0.1967,0.49139,-0.86324
-0.26876,0.90361,0.33354,0.27611,0.56626,-0.80804
-0.27114,0.91777,0.29013,0.3382,0.70128,-0.66447
-0.26727,0.93717,0.22418,0.3085,0.76549,-0.51417
-0.25545,0.95656,0.14043,0.13301,0.69796,0.09583
-0.23049,0.97105,0.06269,0.11823,0.67145,1.2353
-0.19507,0.98071,-0.01177,-0.39232,1.10855,0.99851
-0.17532,0.98187,-0.072,-0.68488,0.84104,0.68716
-0.18026,0.97613,-0.12114,-0.76929,0.29629,0.18899
-0.17852,0.9722,-0.15146,-0.70563,0.19332,-0.57492
-0.15998,0.96835,-0.19154,-0.46274,0.05479,0.4268
-0.14185,0.95626,-0.25582,-0.06094,-0.35044,0.7069
-0.11694,0.94545,-0.30403,0.29784,-0.36348,0.73683
-0.08476,0.93501,-0.34433,0.38271,-0.29161,0.71512
-0.06706,0.91863,-0.38938,0.37726,-0.45577,0.58225
-0.06186,0.90045,-0.43054,0.13965,-0.4123,0.60174
-0.06311,0.88215,-0.46672,-0.07779,-0.53107,0.67116
-0.07429,0.86675,-0.49317,-0.2656,-0.66633,0.86549
-0.09159,0.85773,-0.50586,-0.2355,-0.70402,0.91308
-0.11303,0.85704,-0.50269,-0.16018,-0.84508,0.95134
-0.13185,0.8657,-0.48289,-0.07277,-0.7978,0.76736
-0.14799,0.88338,-0.44467,0.14483,-0.61748,0.34999
-0.16215,0.90737,-0.38779,0.23379,-0.2013,-0.25498
-0.16931,0.92894,-0.32923,-0.19832,2.50616,-2.07885
-0.15224,0.93504,-0.32017,0.06637,2.41919,-2.11368
-0.14209,0.9358,-0.32262,0.44358,0.38789,-0.49666
-0.13524,0.93612,-0.32462,-0.27847,-0.40948,-0.01481
-0.136,0.9365,-0.32321,-0.56186,-0.3658,0.08797
-0.15204,0.94209,-0.29891,-0.97442,0.62775,0.52604
-0.15877,0.94846,-0.27422,0.36128,0.86025,-0.16704
-0.15218,0.9491,-0.27576,0.11944,0.1696,0.26241
-0.14843,0.94763,-0.28278,-0.12966,-0.44962,1.00698
-0.14927,0.95036,-0.27299,-0.18452,-0.64245,0.90844
-0.15432,0.95711,-0.24517,-0.18759,-0.46589,0.84981
-0.17398,0.96352,-0.20335,-0.21297,-0.18702,0.64374
-0.19281,0.96925,-0.15287,-0.25003,-0.03058,0.60302
-0.19263,0.97615,-0.10001,-0.0189,0.25831,0.56502
-0.19419,0.97895,-0.06268,0.18607,0.55097,0.59839
-0.19891,0.97861,-0.0524,0.38549,0.24991,0.31567
-0.19947,0.97902,-0.04155,0.56958,0.02095,-0.26028
-0.19728,0.98024,0.01432,0.35933,-0.11024,-0.24994
-0.18458,0.97904,0.086,0.26429,-0.13291,0.15495
-0.16947,0.97615,0.13565,0.16834,-0.21153,0.14424
-0.15567,0.97393,0.16498,0.10161,-0.26844,-0.02181
-0.14678,0.97041,0.19167,-0.12281,-0.08983,-0.16027
-0.14975,0.96214,0.22771,-0.4209,0.06975,-0.51904
-0.15644,0.95334,0.25818,0.03469,0.02335,-0.00249
-0.16599,0.94564,0.27965,0.15157,0.03589,0.02635
-0.17708,0.93813,0.29755,0.24129,0.16102,-0.09027
-0.18605,0.93003,0.31688,0.34387,0.17899,-0.50998
-0.18831,0.91926,0.34565,0.32402,0.10707,-0.64981
-0.1894,0.91119,0.36585,0.16388,0.3203,-0.3179
-0.19799,0.90895,0.36686,0.1699,0.23698,-0.09492
-0.20788,0.90748,0.36504,0.19819,0.30761,-0.06048
-0.21545,0.90605,0.3642,0.26915,0.3523,-0.36913
-0.21879,0.9065,0.36108,0.2622,0.36839,-0.55195
-0.22136,0.91265,0.34359,0.26983,0.5124,-0.43831
-0.21927,0.92494,0.31048,0.2288,0.68433,-0.46853
-0.20832,0.94243,0.26156,0.11904,0.59174,-0.65317
-0.19632,0.96198,0.18985,-0.09655,0.21299,-0.62489
-0.1869,0.97684,0.10412,-0.15972,0.214,-0.2478
-0.17101,0.98492,0.02589,0.04125,0.58333,0.97974
-0.1502,0.98745,-0.0487,-0.35452,0.91264,1.07513
-0.14393,0.983,-0.11395,-0.49614,0.39548,0.65182
-0.14614,0.97544,-0.16479,-0.64299,0.08714,-0.36476
-0.13629,0.97638,-0.16761,-0.61112,0.26353,-0.48038
-0.11718,0.97217,-0.20283,-0.1903,0.1214,0.45703
-0.10509,0.95852,-0.26491,0.27535,-0.18904,0.72677
-0.08373,0.94703,-0.31004,0.33803,-0.31264,0.53179
-0.06012,0.93437,-0.35118,0.25214,-0.3141,0.51066
-0.05092,0.9179,-0.39353,0.16392,-0.32784,0.59501
-0.04758,0.90094,-0.43133,0.04548,-0.39639,0.69449
-0.04456,0.88546,-0.46256,-0.0901,-0.4304,0.71892
-0.04659,0.87394,-0.48379,-0.29774,-0.61916,0.81024
-0.0529,0.87018,-0.48988,-0.16571,-0.7191,0.82514
-0.06398,0.87444,-0.48089,-0.12336,-0.7806,0.80623
-0.07802,0.88644,-0.45621,-0.10672,-0.74161,0.56397
-0.09483,0.90482,-0.41509,0.13757,-0.57403,0.19899
-0.10895,0.92814,-0.35593,0.16715,-0.04651,-0.65201
-0.11747,0.94666,-0.30005,-0.34356,1.87127,-1.57842
-0.10629,0.95106,-0.29012,-0.10177,1.99011,-1.55842
-0.09712,0.95094,-0.29372,0.09356,0.13716,-0.50731
-0.08977,0.94911,-0.30187,-0.43547,-0.39918,-0.20428
-0.10196,0.94947,-0.29681,-0.92343,0.24268,0.3504
-0.1267,0.9529,-0.27553,-0.62478,0.95207,0.22532
-0.13048,0.95508,-0.26604,0.22556,0.62748,0.21446
-0.13555,0.9533,-0.26986,-0.01902,-0.48634,1.11796
-0.13978,0.95592,-0.25819,-0.19651,-0.67367,0.9263
-0.14092,0.96506,-0.22086,-0.19681,-0.47451,0.86239
-0.14841,0.97412,-0.17044,-0.24595,-0.19486,0.56668
-0.16445,0.9793,-0.118,-0.25403,-0.13391,0.47598
-0.16967,0.9831,-0.0686,-0.03839,0.30654,0.64521
-0.16681,0.9855,-0.03071,0.20123,0.30792,0.59582
-0.16729,0.9858,-0.01401,0.35932,0.1034,0.26552
-0.16498,0.98628,-0.00401,0.51348,0.04079,-0.20638
-0.15913,0.98662,0.0354,0.36696,-0.17781,-0.28108
-0.15117,0.98247,0.10899,0.23715,-0.1525,0.01752
-0.13495,0.97718,0.16397,0.09648,-0.20471,0.28413
-0.12823,0.97307,0.19151,-0.02244,-0.14904,0.07306
-0.13005,0.96928,0.20874,-0.11802,0.07061,-0.10495
-0.13592,0.96188,0.23728,-0.19078,0.13805,-0.53622
-0.13739,0.94819,0.28644,0.0467,0.02204,-0.50019
-0.14071,0.93925,0.31304,0.10299,0.09603,-0.11681
-0.1511,0.93346,0.32527,0.08007,0.10202,-0.05823
-0.1642,0.92538,0.3416,0.08078,0.19602,-0.29776
-0.17056,0.91537,0.36466,0.18621,0.15195,-0.48231
-0.1735,0.90561,0.38698,0.31274,0.24318,-0.3557
-0.1835,0.90134,0.39229,0.26169,0.21424,-0.12941
-0.1938,0.90014,0.39009,0.20513,0.20719,-0.13859
-0.19974,0.89882,0.39013,0.10126,0.35061,-0.24477
-0.20287,0.89934,0.3873,-0.02108,0.52787,-0.40014
-0.20783,0.90386,0.37393,0.12955,0.53086,-0.36447
-0.21141,0.91464,0.34457,0.32581,0.62991,-0.55634
-0.20667,0.93242,0.29641,0.32789,0.77652,-0.77922
-0.19458,0.95416,0.22738,0.11133,0.38822,-0.71956
-0.18442,0.97316,0.1376,-0.1849,0.29822,-0.25301
-0.16857,0.98402,0.05721,-0.08334,0.36332,0.79536
-0.14856,0.98874,-0.0178,-0.06581,0.38935,1.0683
-0.13827,0.98654,-0.08723,-0.50346,0.55886,0.8288
-0.14377,0.97814,-0.15023,-0.59393,0.11543,0.29127
-0.14146,0.97348,-0.17976,-0.61141,0.1055,-0.3864
-0.12474,0.97442,-0.1869,-0.19554,0.32131,0.16324
-0.11207,0.96255,-0.24682,0.17262,-0.05943,0.58943
-0.09858,0.94866,-0.30051,0.41302,-0.16017,0.71456
-0.08339,0.93441,-0.34629,0.27824,-0.23904,0.62303
-0.07412,0.91733,-0.39115,0.19621,-0.28002,0.57945
-0.06933,0.89993,-0.43049,0.15389,-0.24389,0.66812
-0.06701,0.88416,-0.46235,-0.09601,-0.40932,0.74222
-0.07095,0.87075,-0.48657,-0.27109,-0.57235,0.84634
-0.0759,0.86465,-0.49659,-0.25685,-0.72299,0.90403
-0.08232,0.86763,-0.49034,-0.16316,-0.72722,0.85066
-0.09145,0.87935,-0.46731,-0.04803,-0.69125,0.56051
-0.10277,0.89933,-0.42502,0.04921,-0.61205,0.30963
-0.11667,0.92469,-0.36239,0.02933,-0.49398,0.06384
-0.12816,0.94384,-0.30451,-0.19644,2.19767,-1.69178
-0.11169,0.947,-0.30118,0.24413,2.29028,-2.07297
-0.10507,0.94534,-0.30867,0.39859,0.35377,-0.60511
-0.09656,0.94435,-0.31443,0.04213,-0.56537,-0.08885
-0.09758,0.94559,-0.31035,-0.42329,-0.22073,0.28843
-0.10999,0.95088,-0.28935,-0.69868,0.56292,0.22163
-0.10761,0.95438,-0.27851,0.13344,1.28207,-0.56469
-0.10518,0.95136,-0.28954,0.07788,0.54304,-0.12722
-0.10475,0.94786,-0.30097,-0.39526,-0.84317,1.45991
-0.1037,0.95371,-0.28225,-0.27551,-0.84472,1.06999
-0.10259,0.96656,-0.23499,-0.21586,-0.67082,1.07108
-0.11859,0.97665,-0.17912,-0.32588,-0.18025,0.57287
-0.14702,0.98119,-0.12504,-0.4512,0.07568,0.41773
-0.15978,0.98451,-0.07209,-0.22211,0.31063,0.55375
-0.15868,0.98696,-0.02675,0.16985,0.45916,0.64079
-0.16352,0.98651,-0.00721,0.44977,0.24741,0.40081
-0.17272,0.98494,-0.00742,0.52303,0.16603,0.17601
-0.18166,0.98297,0.02762,0.50597,-0.00144,-0.38663
-0.17861,0.97898,0.09834,0.37043,-0.08845,0.05429
-0.16659,0.97518,0.14582,0.29084,-0.2157,0.24279
-0.15608,0.97315,0.1691,0.10708,-0.2953,0.16796
-0.14972,0.97122,0.18518,-0.01358,-0.11339,0.14569
-0.15225,0.96577,0.20996,-0.13225,0.01195,-0.03978
-0.1528,0.95256,0.26317,-0.45189,-0.00729,-0.73913
-0.14814,0.94139,0.30301,-0.09989,-0.01392,-0.07813
-0.15642,0.93591,0.31558,0.09816,0.15404,-0.03393
-0.17401,0.92886,0.32699,0.18168,0.28264,-0.34664
-0.1861,0.92031,0.34406,0.2848,0.12008,-0.55356
-0.19108,0.91148,0.36424,0.31568,0.21999,-0.4501
-0.19941,0.90754,0.36956,0.28376,0.31075,-0.26206
-0.2082,0.90528,0.37027,0.24485,0.32397,-0.19127
-0.21311,0.90299,0.37306,0.25822,0.45428,-0.19552
-0.21663,0.90335,0.37015,0.17445,0.53515,-0.51705
-0.21814,0.9083,0.35692,0.18414,0.60762,-0.58397
-0.21737,0.921,0.32323,0.28675,0.73082,-0.57534
-0.21058,0.94071,0.2659,0.28305,0.73826,-0.63314
-0.19931,0.96165,0.1884,0.04813,0.39538,-0.68469
-0.18519,0.97718,0.104,-0.10143,0.45626,0.28377
-0.16953,0.98522,0.02416,0.02614,0.41728,1.16384
-0.15562,0.98642,-0.05239,-0.26984,0.5795,1.0001
-0.15503,0.9804,-0.12153,-0.39392,0.51492,0.90128
-0.15603,0.97288,-0.17071,-0.68574,0.19385,-0.31739
-0.14393,0.97454,-0.17189,-0.45038,0.20088,-0.14757
-0.12053,0.96957,-0.21304,-0.05551,0.16525,0.40978
-0.09952,0.95805,-0.26875,0.33551,-0.09918,0.67734
-0.07775,0.94548,-0.31624,0.42605,-0.12535,0.74732
-0.06372,0.92875,-0.36518,0.32398,-0.28463,0.59241
-0.05817,0.91076,-0.40882,0.2032,-0.38594,0.63214
-0.05024,0.89479,-0.44365,-0.09971,-0.51269,0.69249
-0.04629,0.88153,-0.46984,-0.23831,-0.57498,0.75623
-0.04918,0.8737,-0.48396,-0.33852,-0.66607,0.82904
-0.05593,0.87389,-0.48288,-0.14565,-0.83469,0.80432
-0.06813,0.88215,-0.46601,-0.09626,-0.81911,0.81077
-0.08373,0.89813,-0.43168,-0.06439,-0.77307,0.63099
-0.10487,0.92034,-0.3768,-0.06732,0.01094,-0.4803
-0.1243,0.93958,-0.31896,-0.14201,0.78926,-1.06941
-0.11011,0.94233,-0.31605,0.1365,2.65229,-2.15414
-0.1015,0.94037,-0.32465,0.48783,0.59755,-1.0146
-0.09486,0.94001,-0.32767,-0.03918,-0.91099,0.10897
-0.09282,0.94117,-0.3249,-0.30382,-0.47265,0.88408
-0.09708,0.95176,-0.29107,-0.71487,0.32095,1.59088
-0.11709,0.96588,-0.23099,-0.99383,1.34787,0.11766
-0.12602,0.96465,-0.23144,-0.22746,1.6992,-1.81382
-0.14802,0.95935,-0.24024,-0.22717,-0.32541,1.33129
-0.15474,0.95627,-0.24818,0.10114,-1.02097,1.1561
-0.14721,0.96072,-0.23524,0.03341,-0.67675,0.89176
-0.15004,0.97029,-0.18978,-0.29016,-0.35318,0.76211
-0.16091,0.97943,-0.12173,-0.42233,-0.07292,0.62521
-0.16492,0.98434,-0.06214,0.0164,0.48242,0.78146
-0.17896,0.98311,-0.03818,0.35524,0.42326,0.63474
-0.20093,0.97893,-0.03628,0.43379,0.28851,0.19001
-0.20999,0.97769,-0.00411,0.51169,-0.06843,-0.57659
-0.20357,0.9744,0.09536,0.46498,-0.04427,-0.37272
-0.19445,0.96529,0.17433,0.14538,-0.15717,-0.13708
-0.18998,0.96362,0.18795,0.15313,-0.12237,-0.33809
-0.18279,0.96342,0.19594,-0.06035,-0.02143,-0.38938
-0.17869,0.95732,0.22714,-0.28631,0.04685,-0.23464
-0.18077,0.9484,0.26047,-0.166,-0.2092,0.05693
-0.19056,0.94096,0.27975,-0.01291,-0.19903,0.17701
-0.20592,0.93304,0.29498,0.12098,0.07842,-0.17318
-0.217,0.92348,0.31634,0.16782,0.2098,-0.27522
-0.22265,0.91231,0.34366,0.37092,0.16841,-0.56937
-0.22777,0.90207,0.36658,0.43169,0.18547,-0.61383
-0.23548,0.89667,0.37486,0.24212,0.32927,-0.32193
-0.24404,0.89343,0.37712,0.13886,0.39149,-0.37638
-0.25371,0.8925,0.37291,0.13541,0.47448,-0.44437
-0.26286,0.896,0.35787,0.29724,0.59973,-0.68235
-0.26748,0.90599,0.32806,0.47278,0.4979,-0.57121
-0.26273,0.92501,0.27443,0.39143,0.54409,-0.54846
-0.24702,0.9474,0.20347,0.30266,0.58185,-0.46956
-0.22624,0.9668,0.11877,-0.03946,0.76269,0.35448
-0.19713,0.97948,0.04178,-0.04166,0.79623,1.01737
-0.167,0.98533,-0.03503,-0.06887,0.78182,1.27163
-0.14664,0.98367,-0.1043,-0.51549,0.74182,0.80457
-0.13411,0.97857,-0.1562,-0.70986,0.31359,-0.15365
-0.11201,0.98049,-0.16151,-0.76144,0.19821,-0.37637
-0.0836,0.976,-0.20104,-0.29431,0.00152,0.56276
-0.06108,0.96435,-0.25748,-0.15575,-0.26061,0.64847
-0.03783,0.95385,-0.29787,0.05554,-0.33206,0.75144
-0.01242,0.9395,-0.3423,0.58805,-0.30126,0.6451
0.00607,0.9227,-0.38547,0.45094,-0.38771,0.62188
0.01884,0.90665,-0.42146,0.29263,-0.30393,0.67321
0.02498,0.8926,-0.45015,-0.47311,-0.68947,0.78415
0.01641,0.88185,-0.47123,-0.41144,-0.7359,0.98623
-0.00123,0.8785,-0.47773,-0.27505,-0.82442,1.02592
-0.02118,0.88434,-0.46635,-0.2617,-0.91564,0.97207
-0.04024,0.89919,-0.43571,-0.24572,-0.86253,0.72367
-0.06488,0.92115,-0.38376,-0.05025,-0.31595,0.15335
-0.08817,0.94304,-0.32077,-0.2048,0.94484,-1.06933
-0.09342,0.94964,-0.29909,-0.36782,2.35223,-2.22476
-0.07041,0.94791,-0.31064,0.9894,0.74809,-0.81453
-0.05256,0.95059,-0.30596,0.53911,-0.29376,-0.21038
-0.04403,0.95356,-0.29796,-0.22236,-0.7356,0.35725
-0.05631,0.95938,-0.27643,-0.81341,0.35521,0.95788
-0.0776,0.96943,-0.23274,-0.09884,1.25522,-0.14194
-0.07428,0.97026,-0.23035,0.12806,0.87684,-0.59468
-0.07596,0.96516,-0.25036,-0.47766,-0.68021,1.20405
-0.07901,0.96525,-0.24908,-0.3134,-0.91515,0.8213
-0.08461,0.97165,-0.22074,-0.2909,-0.59171,0.9773
-0.10058,0.97875,-0.17866,-0.36061,-0.31214,0.71271
-0.12152,0.98406,-0.12978,-0.44348,-0.06229,0.55411
-0.13466,0.98795,-0.0762,-0.38815,0.19798,0.45163
-0.13861,0.98969,-0.03593,-0.05118,0.37065,0.50359
-0.14584,0.98899,-0.02491,0.31746,0.23786,0.45139
-0.15652,0.98729,-0.0273,0.49101,0.01579,-0.02954
-0.16619,0.98602,0.01124,0.51292,-0.20859,-0.39654
-0.16483,0.98236,0.08822,0.38848,-0.07677,0.0771
-0.15167,0.97744,0.14699,0.30206,-0.03755,0.40145
-0.14429,0.97296,0.18033,0.11507,-0.09083,0.05606
-0.13772,0.96954,0.20249,-0.06656,-0.00252,-0.33105
-0.1433,0.96313,0.22766,-0.29308,0.03345,-0.75631
-0.14871,0.95608,0.25254,-0.13283,-0.02844,-0.14083
-0.15951,0.94952,0.27011,0.1118,-0.11617,0.2436
-0.17641,0.9437,0.2798,0.12869,-0.11036,0.23392
-0.19149,0.93714,0.2917,0.23655,0.21868,-0.32881
-0.19376,0.92492,0.32704,0.38749,0.16611,-0.51444
-0.18714,0.91115,0.36711,0.3162,0.30141,-0.53702
-0.19422,0.90818,0.37077,0.19041,0.31782,-0.37582
-0.20714,0.9051,0.37132,0.2516,0.49269,-0.30357
-0.21511,0.90444,0.36837,0.25791,0.51115,-0.38902
-0.21867,0.90817,0.35692,0.26122,0.54363,-0.48148
-0.2175,0.91896,0.32892,0.39313,0.70721,-0.48201
-0.20532,0.93782,0.27986,0.32288,0.8474,-0.4906
-0.18591,0.95894,0.21413,0.05652,0.58317,-0.53274
-0.16901,0.9773,0.1277,-0.24612,0.43807,-0.30588
-0.14686,0.98803,0.04716,-0.21351,0.54234,0.59931
-0.12291,0.99207,-0.02592,-0.33859,0.7375,0.98514
-0.1124,0.9893,-0.093,-0.54397,0.25736,0.69725
-0.11436,0.98076,-0.1582,-0.57734,0.08753,0.44679
-0.11138,0.97599,-0.18718,-0.54141,0.07815,-0.48427
-0.09287,0.97315,-0.21058,-0.19887,0.13148,0.3903
-0.07539,0.95981,-0.27033,-0.00641,-0.01153,0.62849
-0.05855,0.94333,-0.32665,0.37603,-0.06175,0.79715
-0.04218,0.92329,-0.38178,0.22072,-0.20362,0.6597
-0.03203,0.89966,-0.4354,0.14119,-0.21039,0.65435
-0.02491,0.87612,-0.48145,-0.04133,-0.30155,0.6599
-0.0218,0.85313,-0.52124,-0.23104,-0.40717,0.7565
-0.02605,0.83299,-0.55268,-0.29609,-0.49824,0.80088
-0.03627,0.82132,-0.56931,-0.15809,-0.59625,0.84784
-0.05156,0.81986,-0.57024,-0.16243,-0.69803,0.87048
-0.06667,0.82899,-0.55527,-0.03848,-0.66148,0.69485
-0.08281,0.84671,-0.52556,0.23743,-0.58753,0.16362
-0.09377,0.87071,-0.48277,0.21935,-0.29985,-0.69817
-0.08864,0.89498,-0.43721,0.06021,0.96864,-1.44614
-0.0718,0.90875,-0.41111,-0.19805,1.64308,-1.45896
-0.07438,0.91581,-0.39466,0.03644,0.24925,-0.46516
-0.07651,0.92031,-0.38362,-0.04507,-0.37403,-0.02565
-0.08203,0.92357,-0.37455,-0.68328,0.3643,0.39278
-0.09224,0.92988,-0.3561,-0.35899,0.28475,0.52308
-0.10335,0.94109,-0.32198,0.23031,1.02228,-0.49017
-0.08847,0.94879,-0.30324,-0.16904,0.02693,0.33822
-0.09038,0.95275,-0.29,-0.24887,-0.63849,1.1292
-0.088,0.95843,-0.27141,-0.36553,-0.39033,0.68042
-0.08881,0.96826,-0.23359,-0.34451,-0.20407,0.6024
-0.10134,0.97835,-0.18045,-0.42759,-0.03926,0.50641
-0.1167,0.98515,-0.12585,-0.29823,-0.02429,0.42081
-0.1236,0.98949,-0.07501,-0.03027,0.10164,0.53675
-0.12734,0.99127,-0.03412,0.22872,0.23975,0.61151
-0.13503,0.99069,-0.01722,0.42568,0.17225,0.38578
-0.14351,0.98949,-0.01764,0.51126,0.09683,0.0615
-0.14491,0.9894,-0.00876,0.42915,-0.07973,-0.36095
-0.14086,0.98915,0.04163,0.34531,-0.07826,-0.27824
-0.12954,0.98612,0.10382,0.25628,-0.16523,0.22891
-0.11698,0.98222,0.14677,0.11084,-0.19015,0.01286
-0.10575,0.97881,0.17528,0.04841,-0.12467,0.00376
-0.09952,0.97401,0.20344,-0.02742,-0.03027,-0.0736
-0.0995,0.96562,0.24011,-0.37626,-0.16185,-0.46691
-0.10444,0.95706,0.27038,-0.24027,-0.10072,-0.0952
-0.11015,0.95128,0.28796,-0.0683,-0.00487,0.13338
-0.12445,0.94457,0.30379,0.20455,0.21144,-0.13237
-0.13898,0.93694,0.32064,0.25376,0.30445,-0.32036
-0.14556,0.92569,0.34914,0.29194,0.27285,-0.50448
-0.14347,0.91366,0.38029,0.14077,0.28789,-0.26612
-0.15203,0.91174,0.38157,0.15051,0.28498,-0.23807
-0.16534,0.90916,0.3822,0.20028,0.31121,-0.20698
-0.17434,0.90719,0.38288,0.23055,0.56728,-0.35532
-0.17799,0.9091,0.37662,0.26303,0.64487,-0.32091
-0.17662,0.91688,0.35793,0.30874,0.62378,-0.26374
-0.16666,0.93206,0.32165,0.07059,0.7125,-0.73547
-0.14839,0.95193,0.26795,-0.10539,0.49621,-0.89838
-0.13412,0.97253,0.19022,-0.37412,0.30134,-0.33015
-0.12643,0.98672,0.10192,-0.08568,0.27637,0.96918
-0.11488,0.99303,0.02609,-0.08388,0.35171,1.03989
-0.10164,0.99374,-0.04622,-0.53792,0.41478,0.75699
-0.10147,0.98859,-0.11131,-0.64024,0.226,0.01055
-0.10033,0.98087,-0.1668,-0.6266,0.2978,-0.51658
-0.09321,0.98043,-0.17334,-0.18551,0.28841,0.22957
-0.08461,0.97176,-0.22023,0.02156,-0.10294,0.54894
-0.06965,0.95713,-0.28113,0.0954,-0.09609,0.66939
-0.05215,0.94336,-0.32764,0.13557,-0.22976,0.63733
-0.04107,0.9255,-0.37651,0.16558,-0.29946,0.55992
-0.03346,0.90576,-0.42247,0.19621,-0.30319,0.60876
-0.02529,0.88673,-0.46159,-0.0057,-0.52802,0.61642
-0.02146,0.8686,-0.49503,-0.13524,-0.65364,0.72692
-0.0255,0.85444,-0.51892,-0.14572,-0.72359,0.74622
-0.03515,0.84789,-0.52901,-0.09037,-0.70111,0.79221
-0.05018,0.84939,-0.52537,-0.09763,-0.69399,0.74623
-0.06855,0.85802,-0.50902,0.08541,-0.65611,0.16925
-0.08715,0.87632,-0.47377,0.12159,-0.41454,-0.79577
-0.10208,0.90347,-0.41631,-0.30846,0.84008,-1.44938
-0.10187,0.92202,-0.37349,-0.65216,1.78262,-1.32066
-0.08976,0.92862,-0.36,0.15755,0.32922,-0.50403
-0.08459,0.92653,-0.36656,-0.17984,-0.24892,-0.33388
-0.086,0.91798,-0.38717,-0.2895,-0.35973,-0.23934
-0.10371,0.91604,-0.38744,-0.09479,0.1083,1.30179
-0.1187,0.93595,-0.33151,0.05536,1.02658,0.30202
-0.09607,0.94804,-0.30328,-0.51246,1.62261,-1.01862
-0.10801,0.94622,-0.30495,-0.31368,-0.4195,1.44591
-0.11463,0.95116,-0.28662,-0.14685,-0.63004,0.82013
-0.11203,0.96271,-0.24622,-0.11946,-0.65667,0.9241
-0.10958,0.97408,-0.19786,0.04247,-0.3234,0.67547
-0.12398,0.98069,-0.15123,-0.10042,-0.07766,0.52004
-0.14131,0.98383,-0.10997,-0.13185,0.19033,0.55698
-0.14926,0.98595,-0.07491,0.15126,0.43267,0.68695
-0.1568,0.98596,-0.05733,0.39819,0.18615,0.25819
-0.15946,0.98585,-0.05162,0.43144,0.09295,0.04814
-0.15448,0.98755,-0.02931,0.43723,-0.07123,-0.22071
-0.14434,0.98876,0.03889,0.18062,-0.18353,0.21466
-0.12727,0.985,0.11646,0.09183,-0.19848,0.33073
-0.11481,0.97874,0.16988,-0.03805,-0.25665,-0.12803
-0.10936,0.97373,0.19967,-0.16535,-0.10308,-0.25381
-0.11269,0.96938,0.21812,-0.22955,0.05553,-0.30446
-0.11871,0.9627,0.2431,0.0419,0.00735,-0.23654
-0.12172,0.95461,0.27182,0.14885,0.03509,-0.09958
-0.12745,0.94691,0.29513,0.14825,0.09676,-0.07603
-0.13775,0.93999,0.31214,0.19226,0.24252,-0.17622
-0.148,0.93202,0.33078,0.23532,0.15582,-0.48887
-0.15406,0.9221,0.35494,0.19871,0.29949,-0.63272
-0.15986,0.91626,0.36729,0.14057,0.28781,-0.25405
-0.16822,0.91454,0.36783,0.19589,0.2707,-0.1756
-0.17784,0.91427,0.36396,0.25825,0.28583,-0.27384
-0.18518,0.91589,0.35614,0.1463,0.55753,-0.75384
-0.18808,0.92184,0.33884,0.17908,0.60681,-0.61772
-0.18758,0.93572,0.2987,0.26273,0.60286,-0.59838
-0.18105,0.95479,0.23573,0.15252,0.58172,-0.60095
-0.17205,0.97329,0.15192,0.09534,0.4755,-0.28895
-0.15626,0.9854,0.0675,0.17592,0.65626,0.94024
-0.13006,0.99145,-0.01006,-0.17323,0.8865,0.94799
-0.10717,0.99108,-0.07914,-0.4846,0.66268,0.72169
-0.10332,0.98556,-0.13413,-0.57854,0.27331,0.46972
-0.1027,0.9783,-0.17993,-0.45098,0.00437,-0.25032
-0.08777,0.9776,-0.19129,-0.31328,0.16196,-0.09837
-0.06835,0.97087,-0.22961,-0.01689,-0.09714,0.53575
-0.0509,0.95733,-0.28446,0.06769,-0.34992,0.81228
-0.0318,0.94373,-0.32918,0.10615,-0.38632,0.72242
-0.02329,0.92686,-0.37468,0.2524,-0.30129,0.70084
-0.02421,0.90814,-0.41795,0.13937,-0.27686,0.66504
-0.013,0.89221,-0.45142,-0.12553,-0.33113,0.57339
-0.00837,0.87741,-0.47966,-0.32833,-0.47028,0.81551
-0.01795,0.86604,-0.49965,-0.32294,-0.70201,0.93319
-0.03222,0.86241,-0.50518,-0.20963,-0.80966,0.92648
-0.04748,0.86725,-0.49559,-0.16944,-0.80648,0.86438
-0.06236,0.88012,-0.47063,-0.08463,-0.59968,0.41695
-0.07907,0.89956,-0.42957,-0.02967,-0.04467,-0.54246
-0.10258,0.91614,-0.38751,-0.04769,0.52185,-1.37148
-0.10823,0.91686,-0.38425,0.3921,1.99191,-1.44066
-0.10486,0.91414,-0.39158,-0.02775,-0.4374,-0.42276
-0.09769,0.91298,-0.39612,-0.10189,-0.58737,-0.27398
-0.09229,0.91624,-0.38985,-0.43104,-0.12907,0.42621
-0.09547,0.92408,-0.37007,-0.76204,0.51456,0.46604
-0.10529,0.93135,-0.34855,-0.20117,1.09283,-0.50149
-0.10036,0.93478,-0.34074,0.59095,0.76956,-0.52567
-0.11023,0.93504,-0.33696,-0.26149,-0.86567,1.5036
-0.11269,0.93618,-0.33295,-0.38638,-0.73075,1.04485
-0.10793,0.94726,-0.30173,-0.45662,-0.37179,0.68413
-0.11223,0.96362,-0.24254,-0.23764,-0.20642,0.86476
-0.12892,0.97389,-0.18685,-0.21482,-0.0493,0.6233
-0.14732,0.97915,-0.13984,-0.22087,0.12244,0.41828
-0.15551,0.98403,-0.08652,-0.07513,0.29127,0.40768
-0.15682,0.98701,-0.03485,0.23619,0.31153,0.49287
-0.16421,0.9864,-0.00632,0.47622,0.19018,0.28752
-0.17492,0.98457,0.00298,0.59971,-0.10023,-0.38213
-0.18281,0.98251,0.03524,0.41986,-0.11058,-0.31749
-0.17296,0.98147,0.08232,0.22859,-0.1127,0.16787
-0.15956,0.98009,0.11811,0.15505,-0.21814,-0.02871
-0.14698,0.97788,0.14879,0.12055,-0.17911,0.04293
-0.13482,0.97505,0.17633,-0.02683,0.03354,-0.09688
-0.12763,0.97003,0.20675,-0.27287,0.04224,-0.46042
-0.12997,0.96335,0.23461,-0.24161,-0.03649,-0.33239
-0.13719,0.95776,0.25268,-0.02821,-0.01515,0.03587
-0.14931,0.95237,0.26588,0.10808,0.06686,0.16882
-0.16334,0.94705,0.27641,0.1659,0.19237,0.07063
-0.17703,0.93978,0.29234,0.27473,0.12098,-0.05416
-0.18746,0.93051,0.31462,0.38736,0.15272,-0.42456
-0.19189,0.91689,0.34997,0.29569,0.27913,-0.45549
-0.19094,0.90681,0.37578,0.2033,0.36708,-0.23969
-0.19977,0.90443,0.37694,0.23463,0.48901,-0.28897
-0.21081,0.90218,0.37631,0.24096,0.51379,-0.3654
-0.2195,0.90361,0.36782,0.27797,0.681,-0.24536
-0.2198,0.91142,0.34784,0.31717,0.75496,-0.14691
-0.21102,0.92552,0.31443,0.2007,0.86165,-0.25552
-0.19516,0.94273,0.27048,-0.02347,0.38837,-0.70014
-0.1798,0.96114,0.20944,-0.25536,0.22465,-0.71202
-0.17183,0.977,0.12626,-0.21455,0.27975,0.37954
-0.16212,0.98535,0.05272,0.01648,0.25338,0.93407
-0.15061,0.98847,-0.0149,-0.17048,0.26322,0.7711
-0.14455,0.98614,-0.08141,-0.34033,0.06321,0.42797
-0.13927,0.9803,-0.14,-0.40756,0.05133,0.05932
-0.12295,0.97978,-0.15781,-0.14237,0.17519,0.00243
-0.10401,0.97928,-0.17372,0.00149,0.29794,0.19061
-0.0824,0.97001,-0.22866,0.17525,-0.06777,0.64408
-0.05941,0.95741,-0.28255,0.03653,-0.22067,0.55664
-0.03851,0.94331,-0.32965,-0.00896,-0.24093,0.53592
-0.0214,0.92718,-0.374,-0.02733,-0.24819,0.57694
-0.0071,0.91015,-0.41422,-0.1058,-0.41426,0.60323
0.00334,0.89404,-0.44798,-0.11624,-0.39816,0.63699
0.00227,0.87967,-0.47557,-0.30589,-0.63327,0.75575
-0.00486,0.87093,-0.49138,-0.24029,-0.67183,0.71268
-0.01637,0.87066,-0.49161,-0.18242,-0.67335,0.64621
-0.03519,0.87879,-0.4759,-0.12534,-0.66277,0.48847
-0.05999,0.89411,-0.44381,0.13848,-0.08513,-0.8008
-0.08577,0.91021,-0.40515,0.21354,0.49685,-1.343
-0.09237,0.91875,-0.38388,-0.13165,1.82635,-1.13216
-0.08332,0.92406,-0.37305,0.12797,0.80954,-0.68781
-0.07737,0.92456,-0.37309,0.07929,0.0152,-0.26284
-0.07572,0.92008,-0.38434,-0.30575,-0.50318,0.04364
-0.08119,0.9129,-0.40001,-0.00303,-0.84065,0.02162
-0.08546,0.92219,-0.37716,-0.00906,-0.52517,1.73462
-0.08868,0.94794,-0.30583,-0.16747,0.21134,1.58659
-0.07114,0.96761,-0.2422,-0.46878,3.13455,-3.42907
-0.07357,0.96655,-0.24567,-0.46253,-0.06644,1.27959
-0.08141,0.96554,-0.24717,-0.30868,-0.68168,0.63702
-0.08373,0.96738,-0.23906,-0.28271,-0.70441,0.52084
-0.09743,0.97336,-0.20751,-0.18051,-0.52799,0.77625
-0.11373,0.97928,-0.16751,-0.23051,-0.04577,0.73077
-0.12252,0.98435,-0.12665,-0.2071,0.23544,0.73023
-0.13004,0.98747,-0.08929,0.04428,0.5885,0.7762
-0.14783,0.98654,-0.0699,0.45433,0.43667,0.48797
-0.16166,0.98487,-0.06232,0.58361,0.06943,-0.0816
-0.16148,0.9864,-0.03062,0.38135,-0.17416,-0.31994
-0.15072,0.98695,0.05662,0.19987,-0.0664,0.15993
-0.13841,0.97999,0.14301,0.04316,-0.25578,-0.06378
-0.13062,0.97452,0.18228,0.04688,-0.26966,-0.05266
-0.1223,0.97249,0.19823,-0.23227,-0.08972,-0.24448
-0.12298,0.9678,0.21958,-0.37182,-0.08316,-0.19706
-0.12986,0.96028,0.24697,-0.16038,-0.17669,0.01878
-0.13812,0.95266,0.27082,0.10026,-0.05502,0.06057
-0.15082,0.94462,0.29142,0.15537,0.09049,0.01553
-0.16268,0.93583,0.31265,0.1625,0.2893,-0.24878
-0.1721,0.92576,0.33664,0.24953,0.34368,-0.68447
-0.17632,0.91436,0.36446,0.39913,0.26493,-0.66077
-0.18234,0.90677,0.38013,0.35309,0.3109,-0.3604
-0.19245,0.90379,0.38224,0.19738,0.34561,-0.38302
-0.19997,0.90135,0.38414,0.23596,0.5043,-0.4937
-0.20823,0.90165,0.37901,0.31069,0.56576,-0.5368
-0.21407,0.90696,0.36273,0.42866,0.72876,-0.44702
-0.20962,0.92051,0.3297,0.24916,0.60257,-0.51928
-0.19416,0.9412,0.27647,0.20098,0.46227,-0.49636
-0.17429,0.9634,0.20363,0.13911,0.34402,-0.44185
-0.1514,0.98055,0.12488,-0.12988,0.82403,0.31117
-0.1293,0.99029,0.05094,-0.15484,0.69107,1.17752
-0.11231,0.99343,-0.02166,-0.28262,0.72009,1.14466
-0.10517,0.99031,-0.09058,-0.68584,0.22076,-0.27143
-0.09831,0.98432,-0.1464,-0.74738,0.27721,-0.57216
-0.08257,0.98433,-0.15581,-0.60535,0.2833,-0.48553
-0.07069,0.97688,-0.20172,-0.04528,-0.2052,0.76815
-0.06264,0.96257,-0.26366,0.07193,-0.30901,0.84107
-0.04866,0.94857,-0.31279,0.17523,-0.32317,0.79785
-0.0357,0.93175,-0.36134,0.33778,-0.30774,0.55531
-0.03119,0.91218,-0.40859,0.29219,-0.25848,0.66527
-0.02303,0.89218,-0.45109,0.24133,-0.25991,0.73242
-0.01325,0.87382,-0.48606,-0.27813,-0.56068,0.79987
-0.01572,0.85797,-0.51346,-0.37123,-0.64183,0.908
-0.02724,0.8492,-0.52737,-0.26336,-0.71329,0.98235
-0.04544,0.84886,-0.52665,-0.17286,-0.7428,0.94314
-0.06514,0.85694,-0.51127,-0.1118,-0.73371,0.61511
-0.08072,0.87509,-0.47717,0.13862,-0.34949,-0.29101
-0.09251,0.90132,-0.42316,0.06998,0.85163,-1.32208
-0.09425,0.92108,-0.37778,-0.15622,1.95235,-1.79339
-0.08128,0.92572,-0.36936,0.0254,0.34825,-0.39299
-0.076,0.92814,-0.36438,0.01766,-0.09799,-0.35814
-0.07378,0.92769,-0.36598,-0.26774,-0.55191,-0.07651
-0.08136,0.92929,-0.36026,-0.53415,0.06,0.85252
-0.09646,0.94126,-0.3236,-0.31612,0.51623,1.03243
-0.11066,0.95852,-0.26265,-0.05087,1.29966,0.19235
-0.09595,0.96138,-0.25796,-0.08503,0.13265,0.39954
-0.10961,0.95995,-0.25782,-0.17287,-0.68171,1.15772
-0.11,0.96365,-0.24343,-0.17872,-0.58808,0.72749
-0.11119,0.97112,-0.21108,-0.12576,-0.39522,0.6838
-0.11957,0.97844,-0.16839,-0.10526,-0.36314,0.5785
-0.12835,0.98402,-0.12337,-0.11611,-0.04321,0.65219
-0.13005,0.98823,-0.0805,0.00826,0.36674,0.74621
-0.13364,0.98983,-0.04863,0.23481,0.44328,0.61961
-0.14383,0.98899,-0.03473,0.37777,0.19983,0.29605
-0.15145,0.98808,-0.02728,0.42691,-0.08632,-0.04082
-0.149,0.98882,0.0051,0.26138,-0.22988,-0.29549
-0.13713,0.98701,0.08357,0.14669,-0.06428,0.04726
-0.12397,0.97784,0.16865,0.02,-0.15257,-0.03915
-0.12103,0.97103,0.206,0.03419,-0.23106,-0.24956
-0.11878,0.97007,0.21174,0.00099,-0.13316,-0.23098
-0.12043,0.96606,0.22849,-0.111,-0.03004,-0.13621
-0.12257,0.95846,0.25753,0.00138,-0.07604,-0.06748
-0.12648,0.94991,0.28577,0.03566,-0.10695,-0.01886
-0.13475,0.94188,0.30772,0.03769,0.17798,-0.11624
-0.14486,0.93279,0.33001,0.14107,0.14396,-0.46673
-0.14768,0.92083,0.36089,0.35518,0.23342,-0.74798
-0.14893,0.91099,0.38459,0.32781,0.42752,-0.42751
-0.15775,0.90781,0.38856,0.24447,0.4115,-0.24013
-0.16742,0.90643,0.38772,0.21821,0.49588,-0.31212
-0.17266,0.90751,0.38288,0.109,0.67858,-0.80028
-0.17507,0.91453,0.36464,0.33629,0.71236,-0.46625
-0.17562,0.92991,0.32312,0.36518,0.81978,-0.44515
-0.16615,0.95106,0.26049,0.30384,0.80838,-0.47544
-0.15321,0.9719,0.17864,-0.16556,0.54599,0.26643
-0.14053,0.98589,0.09085,-0.0411,0.53787,1.04932
-0.12439,0.99219,0.00897,0.02739,0.51193,1.2366
-0.10806,0.99212,-0.06324,-0.46964,0.45433,0.51287
-0.09917,0.98698,-0.12659,-0.59717,0.37861,0.06633
-0.08793,0.98337,-0.15886,-0.68369,0.3502,-0.35769
-0.07515,0.9807,-0.18046,-0.2242,0.07153,0.53677
-0.07081,0.96731,-0.24349,0.0084,-0.32551,0.74419
-0.06531,0.95062,-0.30341,0.28276,-0.29972,0.75391
-0.05248,0.9351,-0.35047,0.30974,-0.31629,0.66873
-0.04465,0.91531,-0.40026,0.32762,-0.34663,0.65554
-0.03626,0.89522,-0.44414,0.15848,-0.33,0.67156
-0.02417,0.87675,-0.48033,0.03134,-0.35473,0.68571
-0.01766,0.86157,-0.50732,-0.19493,-0.47099,0.7816
-0.02008,0.85172,-0.52361,-0.33304,-0.72654,0.92876
-0.02871,0.84902,-0.52758,-0.25181,-0.7448,0.89616
-0.04541,0.85442,-0.51759,-0.02111,-0.73176,0.52143
-0.06511,0.87002,-0.4887,0.12944,-0.53283,-0.02621
-0.08634,0.89655,-0.43443,0.03265,0.4685,-1.24641
-0.09849,0.91694,-0.38667,-0.10308,2.51588,-1.99028
-0.07819,0.92049,-0.38286,0.18205,0.65901,-0.64187
-0.07579,0.92039,-0.38358,-0.14316,-0.3072,-0.23069
-0.07359,0.91626,-0.39376,-0.53504,-0.12285,0.1597
-0.085,0.91762,-0.38826,-0.4426,0.62705,0.4595
-0.09262,0.92974,-0.35636,0.09706,0.94161,0.14986
-0.08628,0.93835,-0.33474,-0.12775,0.19362,0.30184
-0.08532,0.93763,-0.33699,-0.27891,-0.81821,1.27418
-0.081,0.94349,-0.32133,-0.36694,-0.59585,0.7939
-0.07811,0.95655,-0.2809,-0.36551,-0.14998,0.89928
-0.08874,0.9703,-0.22503,-0.28333,-0.02183,0.66515
-0.11358,0.9776,-0.17715,-0.24275,0.00134,0.43762
-0.13312,0.98087,-0.14198,-0.19613,0.03552,0.45422
-0.14008,0.98371,-0.11263,0.15758,0.43705,0.62302
-0.14417,0.98496,-0.09519,0.57327,0.3262,0.32703
-0.14883,0.98458,-0.0919,0.63882,0.13435,0.13042
-0.15302,0.98512,-0.07814,0.71308,-0.06726,-0.18347
-0.15267,0.98811,-0.01778,0.27028,-0.19508,0.23785
-0.13866,0.98882,0.05476,0.21176,-0.21773,0.29955
-0.1216,0.9873,0.10216,0.13904,-0.24766,0.28698
-0.10769,0.98523,0.13305,-0.07851,-0.05144,-0.09626
-0.1003,0.98154,0.16279,-0.19949,0.03157,-0.29331
-0.09828,0.97505,0.199,-0.32526,0.08823,-0.45991
-0.1024,0.9678,0.22991,-0.0287,-0.07605,0.10071
-0.11092,0.96332,0.24431,0.0918,-0.02627,0.10533
-0.12496,0.95919,0.2536,0.15889,0.0488,0.04435
-0.13784,0.95355,0.26781,0.29461,0.09062,-0.28467
-0.14579,0.94511,0.29239,0.32629,0.09006,-0.37149
-0.14958,0.93435,0.32343,0.34138,0.1412,-0.46038
-0.15404,0.92931,0.33561,0.21447,0.31288,-0.10088
-0.1601,0.92727,0.33841,0.17681,0.41837,-0.21611
-0.1646,0.92479,0.34301,0.10469,0.41068,-0.52593
-0.16898,0.92449,0.34169,0.14661,0.37796,-0.54315
-0.17741,0.92761,0.32872,0.22282,0.46576,-0.45013
-0.18376,0.93532,0.3023,0.35591,0.68676,-0.44395
-0.18143,0.94776,0.26232,0.24998,0.51446,-0.64352
-0.17216,0.96341,0.20538,0.14411,0.33195,-0.7174
-0.16458,0.97833,0.12557,-0.06235,0.37074,0.19161
-0.15576,0.98701,0.03909,0.08901,0.47713,1.0878
-0.14158,0.98894,-0.044,-0.02203,0.51911,1.06855
-0.12822,0.98459,-0.1189,-0.44611,0.47484,0.6716
-0.1239,0.97512,-0.18379,-0.60623,0.21774,-0.22124
-0.11451,0.96919,-0.21807,-0.58568,0.16385,0.07244
-0.10209,0.97109,-0.21577,-0.26369,0.09863,0.2943
-0.09549,0.96075,-0.26043,0.11406,-0.16041,0.49779
-0.09101,0.94211,-0.32271,0.40398,-0.23238,0.58063
-0.07706,0.92773,-0.3652,0.37649,-0.23068,0.67854
-0.06892,0.91082,-0.407,0.23588,-0.31225,0.6259
-0.06182,0.89281,-0.44617,0.04151,-0.33782,0.64011
-0.05251,0.87575,-0.47989,-0.07676,-0.35207,0.66926
-0.04847,0.86049,-0.50716,-0.16938,-0.54832,0.8045
-0.04994,0.85062,-0.5234,-0.19733,-0.70902,0.76744
-0.05528,0.84857,-0.52618,-0.14544,-0.68518,0.71373
-0.06751,0.85544,-0.51347,-0.06831,-0.65162,0.46541
-0.08464,0.87111,-0.48374,0.08389,-0.53099,-0.03895
-0.10215,0.89482,-0.43457,0.03886,-0.28696,-0.5407
-0.10728,0.9142,-0.3908,-0.31517,2.1006,-1.40362
-0.0832,0.9185,-0.38656,0.01085,0.92148,-1.02276
-0.07697,0.91749,-0.39022,0.0732,-0.14355,-0.45992
-0.07761,0.91355,-0.39924,-0.46478,0.06313,0.35465
-0.09176,0.91444,-0.39417,-0.45786,0.4887,0.30788
-0.10104,0.9231,-0.37103,-0.22607,0.7251,0.22828
-0.09498,0.93106,-0.35227,-0.20945,0.1414,0.41524
-0.09615,0.93095,-0.35225,-0.27956,-0.43226,1.01976
-0.09855,0.93094,-0.35162,-0.35067,-0.65559,1.03399
-0.10224,0.94009,-0.32522,-0.22009,-0.22822,0.99752
-0.10717,0.95488,-0.27696,-0.18055,-0.10335,0.89889
-0.12104,0.96563,-0.22998,-0.15233,-0.03096,0.73271
-0.13759,0.97295,-0.18553,-0.17836,0.10929,0.53133
-0.14653,0.98026,-0.13272,-0.09719,0.24765,0.51483
-0.14904,0.98513,-0.08546,0.24162,0.48701,0.54138
-0.15203,0.98627,-0.06434,0.52331,0.24484,0.27095
-0.15555,0.98611,-0.0582,0.69861,-0.07085,-0.36276
-0.16515,0.98607,-0.01939,0.42278,-0.18355,-0.32268
-0.16159,0.98621,0.03559,0.31765,-0.10636,-0.07734
-0.14856,0.98661,0.06726,0.23471,-0.11228,0.00486
-0.1338,0.98713,0.08752,0.19278,-0.19178,0.16771
-0.12028,0.98664,0.10985,0.13877,-0.14241,0.18193
-0.11086,0.98453,0.13562,-0.0003,-0.09333,0.04726
-0.11135,0.97949,0.16788,-0.22528,-0.06666,-0.26506
-0.11756,0.97098,0.20823,-0.21229,-0.04071,-0.22547
-0.12065,0.96175,0.24588,-0.1151,0.01499,-0.21954
-0.12836,0.95491,0.26768,0.09215,0.19469,-0.13621
-0.13874,0.94846,0.28489,0.20054,0.14966,-0.18505
-0.14937,0.94079,0.30428,0.37435,0.14283,-0.37705
-0.15922,0.93421,0.31918,0.28941,0.23739,-0.21827
-0.16893,0.92975,0.32714,0.25104,0.34545,-0.15506
-0.17848,0.92565,0.33362,0.22198,0.50135,-0.12848
-0.18827,0.92253,0.33687,0.441,0.46946,-0.48556
-0.19648,0.92396,0.32812,0.49952,0.60144,-0.31842
-0.19608,0.93202,0.30474,0.43242,0.68346,-0.34826
-0.18154,0.94603,0.26845,0.17488,0.61527,-0.58377
-0.16097,0.96273,0.21731,-0.18258,0.3323,-0.7929
-0.14802,0.97899,0.1402,-0.42093,0.33511,-0.01855
-0.14015,0.98844,0.0577,-0.17873,0.43177,1.07136
-0.12775,0.99154,-0.02281,-0.21586,0.59149,0.89198
-0.11472,0.98838,-0.09962,-0.43656,0.43097,0.56651
-0.11275,0.9799,-0.16454,-0.62506,0.24408,-0.03244
-0.10702,0.974,-0.19963,-0.57499,0.16644,0.07236
-0.0967,0.97331,-0.20811,-0.46459,0.11069,-0.01286
-0.09228,0.96285,-0.25377,0.11065,-0.10869,0.59613
-0.0879,0.94553,-0.31343,0.37647,-0.18834,0.63071
-0.06924,0.93257,-0.35426,0.30701,-0.26328,0.6555
-0.05035,0.91825,-0.39278,0.24377,-0.32161,0.67145
-0.03546,0.90222,-0.4298,0.09144,-0.39102,0.64834
-0.02426,0.88563,-0.46375,0.00718,-0.43014,0.67142
-0.01779,0.87213,-0.48894,-0.1316,-0.58801,0.67741
-0.02124,0.86428,-0.50256,-0.10433,-0.62139,0.79771
-0.02821,0.86461,-0.50165,-0.18027,-0.66411,0.7226
-0.0403,0.87247,-0.48699,-0.10171,-0.6238,0.49899
-0.05949,0.88673,-0.45844,0.18318,-0.55334,0.19527
-0.07614,0.90677,-0.41468,0.12529,-0.08197,-0.66254
-0.07649,0.92705,-0.36705,-0.32606,1.57823,-1.33746
-0.0513,0.9355,-0.34956,-0.5398,1.76752,-1.53408
-0.04004,0.93595,-0.34985,0.12062,0.16603,-0.56805
-0.03598,0.93268,-0.35889,-0.35597,-0.4195,-0.24401
-0.05389,0.93067,-0.36185,-0.5401,0.33186,0.57969
-0.0814,0.93539,-0.3441,0.14975,1.05115,0.39194
-0.07099,0.94068,-0.33178,0.30408,0.51016,0.01488
-0.06336,0.94339,-0.32557,-0.47268,-0.30466,0.91729
-0.06385,0.94386,-0.32411,-0.36726,-0.56735,0.84346
-0.07287,0.95121,-0.29979,-0.31999,-0.58146,0.74832
-0.08167,0.96359,-0.25459,-0.21108,-0.28827,0.92995
-0.09988,0.97369,-0.20478,-0.25533,-0.09428,0.69093
-0.11992,0.98066,-0.15466,-0.22417,0.0738,0.49388
-0.12915,0.98651,-0.10052,0.02062,0.4485,0.63114
-0.13372,0.98918,-0.06021,0.38767,0.42808,0.57788
-0.14347,0.98843,-0.04915,0.55302,0.17582,0.12308
-0.15306,0.98723,-0.04398,0.6327,-0.12365,-0.45653
-0.16029,0.98704,0.00603,0.44635,-0.04163,-0.12993
-0.15653,0.985,0.07246,0.37489,-0.15048,-0.00035
-0.14229,0.98423,0.105,0.25068,-0.21887,0.17415
-0.12595,0.98467,0.12064,0.17345,-0.1842,0.13975
-0.11105,0.98394,0.13966,0.02232,-0.04785,0.03949
-0.10176,0.98127,0.16354,-0.23259,0.06396,-0.29808
-0.10236,0.97396,0.20227,-0.37964,-0.04595,-0.38552
-0.10749,0.96466,0.24054,-0.2496,-0.16714,0.17228
-0.11614,0.95948,0.25669,-0.05912,0.00716,0.21455
-0.13171,0.95445,0.26768,0.11943,0.21081,-0.17848
-0.14465,0.94729,0.28584,0.3112,0.16076,-0.45333
-0.14816,0.93535,0.32119,0.37231,0.27977,-0.60076
-0.14649,0.92452,0.35183,0.23174,0.2853,-0.26093
-0.1576,0.92207,0.35347,0.23462,0.38296,-0.19609
-0.17033,0.91993,0.35312,0.25918,0.46213,-0.28849
-0.17671,0.9186,0.35345,0.27332,0.41607,-0.47695
-0.18218,0.91966,0.34786,0.29801,0.35245,-0.47224
-0.18494,0.92663,0.32732,0.3234,0.63169,-0.32922
-0.17994,0.93884,0.29357,0.31839,0.61948,-0.29547
-0.16717,0.95477,0.24588,0.03374,0.32865,-0.68241
-0.15435,0.97167,0.17893,-0.21129,0.20861,-0.61239
-0.14899,0.98448,0.09263,-0.2387,0.31018,-0.02642
-0.14058,0.99003,0.00857,-0.02078,0.53062,1.06251
-0.12684,0.98945,-0.06996,-0.39516,0.4438,0.64213
-0.1187,0.98314,-0.13904,-0.49849,0.31602,0.43555
-0.11125,0.97519,-0.19133,-0.62475,0.21827,-0.24244
-0.09724,0.97507,-0.19942,-0.2223,0.09814,0.15833
-0.08647,0.97174,-0.21963,-0.23307,0.10147,0.17854
-0.08124,0.95583,-0.28246,0.32399,-0.21272,0.60545
-0.06735,0.94073,-0.33239,0.4913,-0.18942,0.60589
-0.0503,0.92657,-0.37272,0.35758,-0.29878,0.65343
-0.04074,0.90903,-0.41473,0.15576,-0.31895,0.65217
-0.03058,0.89137,-0.45224,-0.03343,-0.35818,0.67873
-0.02384,0.87557,-0.4825,-0.19892,-0.42525,0.73894
-0.02517,0.86474,-0.50158,-0.21417,-0.5787,0.8404
-0.02998,0.86146,-0.50694,-0.1625,-0.65824,0.8092
-0.03776,0.86662,-0.49754,-0.16653,-0.70767,0.73034
-0.04931,0.88015,-0.47211,-0.09437,-0.69531,0.45727
-0.06305,0.90212,-0.42684,0.04633,-0.49599,0.00863
-0.07262,0.92735,-0.36707,-0.03266,0.37696,-0.8351
-0.06758,0.94203,-0.32863,0.00622,2.21849,-1.84074
-0.04913,0.9419,-0.33227,0.28743,1.20152,-1.39378
-0.04624,0.9379,-0.34379,0.12926,-0.24421,-0.39095
-0.04724,0.93433,-0.35326,-0.36226,-0.36247,0.57925
-0.06243,0.93689,-0.34401,-0.43092,0.04151,0.88557
-0.07215,0.94601,-0.31598,0.08975,0.72513,0.66652
-0.05877,0.95542,-0.28931,-0.13326,1.10042,-1.20222
-0.05259,0.95347,-0.29684,-0.36947,0.16933,0.16412
-0.04941,0.94988,-0.30866,-0.42156,-0.9137,0.89228
-0.04481,0.95342,-0.29829,-0.29694,-0.6928,0.87494
-0.04755,0.96387,-0.26206,-0.2874,-0.31977,0.88825
-0.06428,0.97652,-0.20558,-0.38942,-0.17012,0.66933
-0.087,0.98587,-0.14309,-0.47255,0.15362,0.43353
-0.09819,0.99188,-0.08076,-0.23172,0.50171,0.56889
-0.10206,0.99413,-0.03574,0.26583,0.38664,0.63748
-0.1139,0.99311,-0.0272,0.47447,0.06408,0.2617
-0.13138,0.99091,-0.02875,0.56822,-0.02524,-0.11217
-0.14285,0.9897,0.00807,0.51021,-0.06249,-0.13218
-0.14223,0.98622,0.08437,0.40412,-0.01091,0.08277
-0.13143,0.98197,0.13581,0.29741,-0.09061,0.1157
-0.11958,0.98014,0.15817,0.24007,-0.20963,-0.03715
-0.10544,0.97874,0.17587,0.08105,-0.16433,-0.08745
-0.09504,0.97524,0.19964,-0.18127,0.04459,-0.34124
-0.09076,0.96668,0.23933,-0.27423,0.1241,-0.43234
-0.09514,0.95552,0.27913,-0.21343,-0.14804,0.07486
-0.10441,0.94937,0.29626,0.00132,0.12497,-0.01067
-0.11834,0.94405,0.3078,0.07646,0.25625,-0.21596
-0.12206,0.93362,0.3368,0.34476,0.13198,-0.63144
-0.11516,0.92276,0.36774,0.26338,0.34509,-0.32581
-0.12425,0.92173,0.36736,0.18739,0.34075,-0.22134
-0.14169,0.92029,0.36466,0.21652,0.4081,-0.14043
-0.15156,0.92005,0.36128,0.28381,0.49475,-0.37396
-0.15341,0.92207,0.3553,0.32181,0.51526,-0.50696
-0.15372,0.92965,0.33483,0.32133,0.63059,-0.46608
-0.14738,0.94369,0.29617,0.16455,0.76638,-0.61503
-0.1332,0.96179,0.23918,-0.08577,0.43013,-0.9198
-0.12439,0.97994,0.15565,-0.3333,0.19798,-0.59927
-0.12304,0.99037,0.06338,-0.09317,0.39864,0.80035
-0.11438,0.99318,-0.02212,0.03453,0.43243,1.08131
-0.09548,0.99009,-0.1029,-0.3985,0.51954,0.60638
-0.07832,0.98223,-0.17056,-0.54522,0.48631,0.33149
-0.06471,0.976,-0.20793,-0.66709,0.43131,-0.12195
-0.04978,0.97681,-0.2082,-0.28834,0.34798,-0.18674
-0.04883,0.96634,-0.25256,-0.08602,0.05902,0.61245
-0.0457,0.94678,-0.31861,0.31316,-0.18656,0.53856
-0.02654,0.93192,-0.36169,0.29961,-0.28677,0.65793
-0.01382,0.91565,-0.40172,0.21488,-0.38987,0.7088
-0.01145,0.89624,-0.44341,0.05233,-0.40631,0.76901
-0.00632,0.87704,-0.48037,-0.14048,-0.47466,0.70927
-0.00165,0.86099,-0.50862,-0.20756,-0.5545,0.85126
-0.00368,0.85149,-0.52436,-0.26977,-0.74055,0.86252
-0.00856,0.85049,-0.52592,-0.19976,-0.68546,0.8009
-0.01916,0.85815,-0.51303,-0.07406,-0.67297,0.58876
-0.03455,0.87401,-0.48467,0.14191,-0.55687,0.22005
-0.05011,0.89914,-0.43478,0.03202,0.02615,-0.58085
-0.05788,0.9258,-0.37354,-0.34046,2.05718,-1.42616
-0.03473,0.93513,-0.35259,-0.2689,2.46,-1.86175
-0.0212,0.93303,-0.35916,0.22779,0.03827,-0.46611
-0.01867,0.92801,-0.37207,-0.38727,-0.84215,-0.13333
-0.02724,0.9231,-0.38358,-0.17159,-0.45119,0.50572
-0.04063,0.92781,-0.37081,-0.19799,-0.08968,1.15708
-0.04713,0.94405,-0.32642,0.031,0.41126,1.25182
-0.04252,0.96544,-0.25711,0.10905,2.64872,-2.38434
-0.02713,0.96519,-0.26014,-0.50075,0.07847,1.09531
-0.03733,0.96275,-0.26778,-0.42115,-0.8389,1.04059
-0.03354,0.96243,-0.26943,-0.30872,-0.8573,0.81912
-0.03042,0.97022,-0.24029,-0.29244,-0.75089,0.87353
-0.03762,0.9819,-0.18558,-0.47336,-0.13229,0.62836
-0.05175,0.9905,-0.12738,-0.50277,0.15011,0.59923
-0.06245,0.99517,-0.0757,-0.45572,0.33418,0.58978
-0.07142,0.99659,-0.04107,0.10463,0.42153,0.63628
-0.08778,0.99563,-0.03166,0.29595,0.32271,0.59575
-0.10356,0.99424,-0.02747,0.56272,0.02546,-0.02969
-0.10846,0.99397,0.01548,0.49169,-0.14357,-0.0677
-0.10706,0.98911,0.10095,0.3864,-0.07695,-0.01695
-0.09916,0.98207,0.16028,0.2171,-0.11975,0.05873
-0.08985,0.97976,0.17882,0.15552,-0.0697,-0.07744
-0.08117,0.97824,0.19088,0.07507,-0.08205,-0.09351
-0.07501,0.97285,0.21891,-0.18955,0.13544,-0.21932
-0.07453,0.96198,0.26273,-0.21603,-0.06801,-0.25156
-0.07742,0.95243,0.29474,-0.16202,-0.15247,-0.08504
-0.08472,0.94752,0.30824,-0.01907,0.11709,-0.11264
-0.09548,0.94126,0.32388,0.16097,0.14129,-0.42355
-0.09815,0.93123,0.35093,0.38452,0.2257,-0.55419
-0.09989,0.92366,0.36995,0.29937,0.3476,-0.34494
-0.10923,0.92135,0.37304,0.15824,0.41561,-0.2658
-0.11822,0.91993,0.37382,0.12716,0.47104,-0.28683
-0.12117,0.92014,0.37236,0.07181,0.47073,-0.34936
-0.12443,0.92296,0.36419,0.14759,0.50674,-0.5552
-0.13078,0.93144,0.33955,0.2239,0.52187,-0.5536
-0.13238,0.9461,0.29556,0.29368,0.56373,-0.59032
-0.12685,0.96491,0.22987,0.05341,0.2541,-0.61263
-0.11962,0.98192,0.14667,-0.05602,0.27745,-0.33635
-0.10969,0.99213,0.06032,0.0729,0.50374,1.04972
-0.09626,0.99512,-0.02147,-0.21599,0.66363,0.91998
-0.08625,0.99178,-0.09449,-0.472,0.48073,0.65512
-0.08615,0.98334,-0.16007,-0.69955,0.25925,-0.13588
-0.08096,0.97604,-0.20195,-0.60969,0.20121,-0.18035
-0.06864,0.97713,-0.20126,-0.36245,0.03656,0.33118
-0.06176,0.96661,-0.24867,0.03359,-0.19598,0.62056
-0.05522,0.949,-0.31039,0.37699,-0.24432,0.73959
-0.04424,0.93398,-0.35458,0.45828,-0.27486,0.70988
-0.03749,0.91532,-0.40096,0.30698,-0.19692,0.59194
-0.03005,0.89674,-0.44152,0.12803,-0.24203,0.61767
-0.0183,0.88086,-0.47302,-0.13969,-0.37551,0.71187
-0.01637,0.86688,-0.49824,-0.342,-0.68796,0.90263
-0.02149,0.85787,-0.51341,-0.22213,-0.73852,0.9125
-0.03188,0.85697,-0.51438,-0.09444,-0.7464,0.86463
-0.04753,0.86526,-0.49906,0.02262,-0.7156,0.55271
-0.06231,0.88467,-0.46203,0.11379,-0.50311,0.12443
-0.07517,0.9142,-0.39823,-0.12523,0.38858,-0.76844
-0.07633,0.93665,-0.34184,-0.37823,1.56102,-1.5822
-0.05013,0.93737,-0.34469,0.45137,1.00809,-1.21456
-0.04619,0.93458,-0.35272,0.25426,0.15927,-0.47019
-0.04233,0.9314,-0.36152,-0.25043,-0.83061,0.13615
-0.04867,0.93304,-0.35645,-0.40751,-0.25076,0.91214
-0.0577,0.94465,-0.32296,-0.3987,0.07594,1.14455
-0.06875,0.96163,-0.26559,-0.12221,1.6571,-0.26454
-0.06148,0.96365,-0.25998,-0.29434,1.00957,-1.03995
-0.0828,0.95957,-0.269,-0.31764,-0.20747,1.10356
-0.0938,0.95966,-0.26504,-0.0592,-0.84543,1.02531
-0.09487,0.96566,-0.24186,-0.03866,-0.56879,0.94442
-0.09687,0.976,-0.19501,-0.21578,-0.32152,0.74392
-0.09945,0.9845,-0.14444,-0.28541,0.09118,0.72543
-0.09657,0.9899,-0.10378,-0.10042,0.42313,0.71876
-0.10238,0.99143,-0.08113,0.17858,0.43628,0.61331
-0.118,0.99028,-0.07354,0.32615,0.22267,0.25933
-0.12704,0.99034,-0.05551,0.42525,-0.04529,-0.24096
-0.1235,0.99228,0.01131,0.31993,-0.20004,-0.35796
-0.11234,0.98838,0.10237,0.2153,-0.14144,-0.24185
-0.1014,0.98519,0.13827,0.17413,-0.12012,0.07748
-0.0888,0.98515,0.14694,0.09182,-0.10331,0.10328
-0.07896,0.98378,0.16101,0.04733,-0.10071,0.15441
-0.07429,0.97955,0.18694,-0.24769,-0.01623,-0.32932
-0.0731,0.97117,0.22689,-0.26523,-0.02724,-0.44744
-0.06979,0.9613,0.26651,-0.11383,-0.10885,0.01165
-0.07375,0.95514,0.2868,0.07938,0.17311,-0.09774
-0.08503,0.94933,0.30253,0.14858,0.30654,-0.29984
-0.09215,0.94185,0.32313,0.33931,0.16778,-0.57183
-0.09328,0.933,0.34755,0.24346,0.35082,-0.34563
-0.09599,0.9288,0.35792,0.14134,0.306,-0.25567
-0.10486,0.92761,0.3585,0.08854,0.33427,-0.32942
-0.1123,0.92759,0.3563,0.04687,0.38837,-0.52242
-0.11516,0.92996,0.34914,0.0213,0.42262,-0.61005
-0.1185,0.93694,0.32876,0.22557,0.55489,-0.51344
-0.12416,0.95067,0.28426,0.33871,0.63445,-0.69349
-0.12353,0.96869,0.21534,0.21372,0.45841,-0.66309
-0.11754,0.98505,0.12591,-0.00618,0.50386,0.04266
-0.10773,0.99353,0.03572,0.03908,0.58699,1.00793
-0.09279,0.9945,-0.04839,-0.21087,0.81232,0.954
-0.07795,0.98919,-0.12416,-0.45075,0.65796,0.75793
-0.06993,0.97956,-0.18859,-0.62871,0.35287,0.43017
-0.05527,0.97031,-0.23544,-0.49328,0.14677,-0.14168
-0.03294,0.97072,-0.23793,-0.08566,0.22151,-0.01667
-0.02408,0.96091,-0.27581,0.27448,-0.04463,0.50105
-0.01959,0.94031,-0.33976,0.32177,-0.18089,0.65058
-0.00875,0.9223,-0.38638,0.28585,-0.20106,0.72569
-0.00853,0.90146,-0.43277,0.17554,-0.41121,0.78331
-0.01532,0.87905,-0.47647,0.12273,-0.42672,0.82642
-0.01644,0.8599,-0.51018,-0.14435,-0.49827,0.73335
-0.02294,0.84413,-0.53564,-0.23452,-0.64314,0.88759
-0.03145,0.83528,-0.54892,-0.22424,-0.70439,0.88156
-0.04231,0.83612,-0.54691,-0.07131,-0.68269,0.76227
-0.05752,0.84686,-0.52868,-0.11006,-0.67455,0.64018
-0.07202,0.86742,-0.49234,-0.03187,-0.52678,0.23652
-0.08495,0.89695,-0.4339,-0.24281,0.083,-0.43604
-0.09926,0.92222,-0.37369,-0.39065,2.09191,-1.55307
-0.07993,0.92469,-0.37224,0.54371,1.67448,-1.50434
-0.0692,0.91998,-0.3858,0.22517,-0.04585,-0.39005
-0.06419,0.91259,-0.40379,-0.19474,-0.62254,-0.1064
-0.06749,0.90877,-0.4118,-0.24492,-0.46602,0.51959
-0.07485,0.91798,-0.38948,-0.16857,0.35175,0.66373
-0.07112,0.93516,-0.347,0.33629,1.39425,0.0696
-0.05162,0.94268,-0.32966,-0.0634,1.59041,-1.26584
-0.06407,0.93513,-0.34845,-0.40405,-0.7698,1.82062
-0.06125,0.93255,-0.35581,-0.43658,-0.93484,0.67876
-0.06071,0.94199,-0.3301,-0.32009,-0.59531,0.8638
-0.06575,0.95803,-0.27901,-0.21994,-0.28388,0.96032
-0.08036,0.97177,-0.2218,-0.22839,-0.16913,0.65333
-0.09453,0.98113,-0.16866,-0.2444,0.34982,0.58593
-0.09965,0.98787,-0.11908,0.11343,0.52185,0.6597
-0.10394,0.99096,-0.08481,0.42152,0.31787,0.48018
-0.11748,0.99003,-0.07759,0.50345,0.06526,0.02868
-0.13095,0.98891,-0.06996,0.55019,-0.21105,-0.43494
-0.13549,0.99071,-0.01146,0.34577,-0.12147,-0.05142
-0.12682,0.98966,0.06699,0.1573,-0.18678,0.11352
-0.11312,0.98774,0.10754,0.11683,-0.16657,0.00286
-0.09597,0.98746,0.12534,0.06609,-0.10158,-0.06223
-0.08097,0.98558,0.14852,-0.07685,-0.02634,-0.24075
-0.06913,0.98104,0.18104,-0.26147,0.00851,-0.46494
-0.06764,0.97522,0.21061,-0.21233,-0.0891,-0.13235
-0.07108,0.97067,0.22965,-0.02334,-0.0924,0.17506
-0.08106,0.9667,0.24273,0.02551,-0.02092,0.1588
-0.09598,0.96245,0.25389,0.08696,0.17239,0.05616
-0.10987,0.95657,0.26998,0.2034,0.1149,-0.20191
-0.11776,0.94705,0.29868,0.26712,0.13481,-0.38284
-0.11827,0.93462,0.33538,0.1988,0.23037,-0.37025
-0.12325,0.92983,0.34672,0.22587,0.41504,-0.19784
-0.13391,0.92837,0.34667,0.24084,0.4684,-0.1776
-0.14016,0.92705,0.34772,0.14285,0.43498,-0.45731
-0.14385,0.92865,0.34191,0.26377,0.58963,-0.44399
-0.14549,0.936,0.32051,0.36801,0.62887,-0.37754
-0.13971,0.94953,0.28082,0.3277,0.75784,-0.53855
-0.12658,0.96611,0.22494,0.17223,0.57765,-0.68145
-0.11739,0.9826,0.14392,-0.20135,0.33259,-0.20816
-0.11102,0.9921,0.05832,-0.00637,0.32812,0.91482
-0.10105,0.99462,-0.02244,0.03312,0.35622,1.04876
-0.0911,0.99095,-0.09859,-0.33657,0.52965,0.74113
-0.09356,0.9821,-0.16343,-0.60254,0.22799,-0.34294
-0.09488,0.9746,-0.20285,-0.5534,0.20236,-0.16798
-0.08992,0.97343,-0.21057,-0.36858,0.2215,0.12575
-0.08995,0.96034,-0.26392,-0.03618,-0.07661,0.69203
-0.08599,0.94023,-0.32948,0.26856,-0.18851,0.72513
-0.07831,0.9232,-0.37626,0.34472,-0.2046,0.75965
-0.07878,0.90112,-0.42634,0.27789,-0.32663,0.64166
-0.07735,0.87792,-0.47252,0.23481,-0.36162,0.66481
-0.06433,0.85923,-0.50753,0.02518,-0.41692,0.65425
-0.05725,0.84281,-0.53515,-0.10698,-0.58715,0.82804
-0.0572,0.83274,-0.5507,-0.12399,-0.74016,0.9257
-0.06213,0.83185,-0.5515,-0.11263,-0.71358,0.87435
-0.07253,0.8401,-0.53756,-0.09425,-0.65428,0.63799
-0.08585,0.85708,-0.50797,0.09226,-0.60114,0.15638
-0.09995,0.88311,-0.45839,0.06025,-0.11916,-0.85788
-0.1054,0.90796,-0.40557,-0.1195,1.72808,-1.73847
-0.08725,0.91347,-0.39743,-0.33646,1.56928,-0.98291
-0.07942,0.91257,-0.40112,-0.04557,-0.0395,-0.37175
-0.07669,0.90652,-0.41513,-0.24803,-0.55941,-0.17537
-0.08872,0.90335,-0.41962,-0.54627,-0.01781,0.53954
-0.10679,0.91211,-0.39578,-0.56156,0.27543,0.72088
-0.10672,0.92582,-0.36257,0.16999,1.60406,-1.07449
-0.10305,0.92493,-0.3659,0.20544,0.57243,0.04659
-0.10979,0.9243,-0.36554,-0.0255,-0.39488,1.4607
-0.10006,0.93394,-0.34314,-0.16651,-0.55361,0.9061
-0.08719,0.95042,-0.2985,-0.16482,-0.28063,0.8567
-0.0826,0.9664,-0.24338,-0.20193,-0.11412,0.62662
-0.09435,0.97798,-0.18612,-0.36842,0.18335,0.48495
-0.1059,0.98496,-0.13646,-0.31401,0.28934,0.49807
-0.1091,0.98913,-0.09857,0.21579,0.35607,0.63415
-0.11849,0.98987,-0.07814,0.45571,0.17976,0.34668
-0.13248,0.98872,-0.06977,0.51372,0.08592,0.13221
-0.14324,0.98886,-0.04031,0.53172,-0.20481,-0.25402
-0.14608,0.98875,0.03203,0.24015,-0.11549,0.12915
-0.13483,0.98622,0.09586,0.18804,-0.11892,0.24002
-0.12269,0.98432,0.12671,0.20384,-0.20433,-0.08635
-0.11087,0.98263,0.14877,0.20563,-0.18173,-0.04043
-0.10107,0.97934,0.17513,0.01744,-0.11652,-0.0846
-0.09431,0.97392,0.20633,-0.15899,0.09927,-0.35615
-0.09109,0.96621,0.24112,-0.24355,0.08246,-0.1588
-0.09311,0.95785,0.27175,-0.24861,0.00152,0.18905
-0.10232,0.9508,0.29241,-0.07329,0.23798,-0.07823
-0.11438,0.94353,0.3109,0.27143,0.21451,-0.63236
-0.12252,0.93544,0.33156,0.34972,0.21993,-0.41365
-0.13234,0.93003,0.34281,0.34275,0.31097,-0.10645
-0.14439,0.92729,0.34537,0.3193,0.36381,-0.07839
-0.15222,0.92407,0.35058,0.32141,0.50769,-0.34059
-0.15891,0.92281,0.35094,0.32308,0.56385,-0.49989
-0.16561,0.92725,0.3358,0.39222,0.60046,-0.33929
-0.1644,0.93816,0.30467,0.45226,0.66673,-0.27253
-0.15201,0.95415,0.25782,0.25005,0.67556,-0.29165
-0.13312,0.97067,0.20015,-0.07867,0.33328,-0.83549
-0.12233,0.9855,0.11758,-0.29978,0.24919,-0.71554
-0.11961,0.99238,0.0295,-0.13442,0.28451,1.14628
-0.11426,0.99211,-0.05157,-0.22134,0.42731,0.95593
-0.11052,0.98615,-0.12364,-0.44329,0.27017,0.61186
-0.10642,0.97653,-0.18722,-0.69461,0.25508,-0.35513
-0.09604,0.9732,-0.20894,-0.50475,0.24415,0.0587
-0.09315,0.96901,-0.22879,0.01708,0.11905,0.4069
-0.09876,0.95251,-0.28805,0.32734,-0.06252,0.76348
-0.08957,0.9336,-0.34694,0.54359,-0.08192,0.60463
-0.0689,0.91766,-0.39135,0.34575,-0.16741,0.6531
-0.0543,0.9,-0.43249,0.145,-0.29856,0.66584
-0.04308,0.88137,-0.47045,-0.04026,-0.46755,0.72438
-0.03482,0.86426,-0.50183,-0.10802,-0.52962,0.75671
-0.03531,0.85224,-0.52196,-0.17963,-0.63103,0.83286
-0.03837,0.84799,-0.52862,-0.16274,-0.70121,0.88578
-0.04488,0.85214,-0.52138,-0.16019,-0.7341,0.78801
-0.05765,0.86428,-0.49969,-0.04656,-0.68543,0.55727
-0.07187,0.88572,-0.45862,0.00822,-0.5026,0.01328
-0.08663,0.91307,-0.39848,-0.09559,0.34135,-1.25545
-0.08597,0.9242,-0.37209,-0.16194,2.11639,-1.47451
-0.07155,0.92244,-0.37946,0.18865,0.18595,-0.56996
-0.05943,0.91973,-0.38803,0.05601,-0.29836,-0.51791
-0.05797,0.91553,-0.39804,-0.25658,-0.49425,0.3879
-0.07369,0.91812,-0.38938,-0.26025,-0.11765,0.54638
-0.08818,0.93228,-0.35081,-0.00876,0.43477,1.20993
-0.08165,0.94962,-0.30256,0.00973,1.99741,-1.48585
-0.06719,0.94564,-0.3182,-0.26711,0.9678,-0.54872
-0.07458,0.94156,-0.32847,-0.54044,-0.78104,1.09967
-0.07312,0.94735,-0.31174,-0.33145,-0.76058,0.88644
-0.06728,0.96241,-0.26312,-0.25317,-0.59492,0.9261
-0.07226,0.97607,-0.20508,-0.24663,-0.18968,0.62339
-0.08414,0.9846,-0.15318,-0.37883,0.23785,0.54799
-0.08913,0.99026,-0.10693,-0.10231,0.48763,0.64081
-0.09232,0.99266,-0.078,0.1437,0.52975,0.69439
-0.10432,0.99159,-0.07655,0.56739,0.19899,0.32371
-0.11792,0.99048,-0.07099,0.70511,-0.13756,-0.18822
-0.12325,0.99222,-0.0171,0.48414,-0.25634,-0.17505
-0.11766,0.99046,0.07172,0.27737,-0.08259,0.10722
-0.10648,0.98595,0.12863,0.16008,-0.11324,-0.03171
-0.09573,0.9841,0.14956,0.15484,-0.16762,-0.13525
-0.08374,0.98249,0.1664,0.04232,-0.10545,-0.17537
-0.07739,0.9785,0.19114,-0.20191,0.13766,-0.46335
-0.0779,0.97204,0.22148,-0.26072,0.08342,-0.35318
-0.08522,0.96548,0.24611,-0.16075,-0.12497,0.19677
-0.0968,0.95992,0.263,0.04948,0.12988,-0.00597
-0.11018,0.95433,0.27767,0.22979,0.17114,-0.30628
-0.11561,0.94534,0.3049,0.43652,0.22086,-0.49616
-0.11428,0.93492,0.33593,0.23899,0.3298,-0.25795
-0.12179,0.93133,0.34318,0.2069,0.39093,-0.20285
-0.13317,0.92895,0.34541,0.2052,0.48048,-0.18133
-0.14048,0.92739,0.34671,0.17277,0.44674,-0.58431
-0.14828,0.92924,0.33838,0.27521,0.49062,-0.56333
-0.1528,0.93739,0.31296,0.35922,0.52487,-0.4851
-0.14867,0.95108,0.2708,0.19811,0.56616,-0.43598
-0.13839,0.96712,0.21332,0.08975,0.29545,-0.56777
-0.13098,0.98185,0.13716,-0.05583,0.18738,-0.65003
-0.12974,0.99029,0.04983,0.08665,0.40746,1.06905
-0.1238,0.99167,-0.03529,0.01952,0.45123,1.02078
-0.1135,0.9871,-0.11292,-0.13807,0.51597,0.97944
-0.10774,0.97749,-0.18137,-0.57196,0.29932,-0.15936
-0.09857,0.9704,-0.22047,-0.58351,0.27387,-0.0593
-0.08597,0.97059,-0.22486,-0.52181,0.20017,0.131
-0.07568,0.96348,-0.25686,0.04943,-0.11605,0.71126
-0.06877,0.94536,-0.3187,0.24917,-0.1974,0.71704
-0.05999,0.92753,-0.3689,0.4605,-0.22996,0.68117
-0.04844,0.9109,-0.40976,0.34623,-0.24966,0.61815
-0.03531,0.89348,-0.44771,0.23327,-0.24463,0.65019
-0.02143,0.87705,-0.47991,-0.17531,-0.47344,0.74264
-0.01649,0.8638,-0.50355,-0.35843,-0.64589,0.90868
-0.02047,0.85616,-0.51629,-0.35589,-0.71458,0.94803
-0.02674,0.85703,-0.51456,-0.14412,-0.72448,0.76516
-0.03691,0.86729,-0.49643,-0.11394,-0.65495,0.5791
-0.04993,0.88631,-0.46039,-0.07228,-0.58665,0.39092
-0.06602,0.91243,-0.40386,-0.06059,0.31861,-0.66849
-0.07874,0.93407,-0.3483,-0.30266,2.54417,-2.0728
-0.05851,0.93254,-0.35629,0.20376,2.23404,-2.0902
-0.04649,0.92857,-0.36822,0.29986,-0.27876,-0.3663
-0.04037,0.92751,-0.37159,-0.13373,-0.67164,0.15585
-0.04459,0.92863,-0.3683,-0.27556,-0.45631,0.49269
-0.05653,0.93787,-0.34234,-0.12259,0.78559,1.03846
-0.06504,0.9517,-0.30004,0.22706,1.51017,-0.47092
-0.05418,0.95124,-0.30365,-0.32517,0.04116,0.62841
-0.05369,0.94614,-0.31926,-0.50833,-0.72284,0.77799
-0.05429,0.94946,-0.30914,-0.3532,-0.67494,0.87735
-0.0564,0.96175,-0.26803,-0.29631,-0.40785,1.009
-0.06568,0.97495,-0.21248,-0.39848,-0.23253,0.71045
-0.07594,0.98371,-0.16291,-0.41609,0.09136,0.5886
-0.07717,0.98979,-0.11978,-0.32357,0.20753,0.57782
-0.08072,0.99272,-0.08935,0.2349,0.3761,0.69474
-0.09844,0.99182,-0.08119,0.45567,0.18188,0.32206
-0.11903,0.9903,-0.07168,0.51739,0.00139,0.09905
-0.13196,0.99114,-0.01496,0.47506,-0.21607,-0.34053
-0.13169,0.9884,0.07553,0.2,0.01277,-0.1289
-0.12481,0.98563,0.11376,0.17445,-0.06624,-0.16285
-0.11281,0.98604,0.12241,0.17667,-0.04084,-0.17005
-0.10102,0.98482,0.14109,0.10489,-0.13518,-0.01014
-0.09098,0.98225,0.164,-0.03585,-0.01472,-0.09271
-0.08674,0.97799,0.18974,-0.1631,0.0131,-0.10731
-0.09017,0.97167,0.21842,-0.15713,-0.11776,0.11817
-0.09803,0.9663,0.23798,-0.0513,0.01909,0.17733
-0.11058,0.96185,0.25023,0.07396,0.12392,-0.10446
-0.11713,0.95441,0.27455,0.35402,0.16688,-0.52328
-0.11305,0.9432,0.31239,0.27772,0.27459,-0.53439
-0.11512,0.93883,0.32454,0.15895,0.31762,-0.32581
-0.12714,0.93668,0.32629,0.16257,0.48317,-0.18383
-0.13589,0.93434,0.32944,0.12936,0.45986,-0.33384
-0.14207,0.93414,0.32741,0.10798,0.40282,-0.4906
-0.14987,0.93815,0.31208,0.37173,0.52222,-0.40924
-0.15201,0.94733,0.28186,0.37058,0.68544,-0.39575
-0.14522,0.96064,0.23681,0.20819,0.5235,-0.60095
-0.13394,0.97564,0.17372,-0.12761,0.22097,-0.64447
-0.12677,0.98784,0.08994,-0.17929,0.41336,0.29736
-0.12098,0.99264,0.00551,-0.00093,0.44177,1.05853
-0.10983,0.9912,-0.07387,-0.24698,0.56312,0.99277
-0.10234,0.98439,-0.14317,-0.45479,0.35289,0.69
-0.09879,0.97304,-0.20839,-0.61886,0.24396,-0.24446
-0.08562,0.96641,-0.24232,-0.52189,0.19033,-0.17953
-0.07697,0.96537,-0.24925,-0.18915,0.0768,0.48584
-0.07618,0.95072,-0.30053,0.17745,-0.15087,0.74491
-0.078,0.92936,-0.36083,0.53036,-0.19463,0.66958
-0.06442,0.91258,-0.40378,0.4441,-0.2003,0.65178
-0.04771,0.89495,-0.4436,0.24583,-0.2245,0.60241
-0.0331,0.87606,-0.48106,0.06924,-0.20031,0.71835
-0.02149,0.85779,-0.51354,-0.14049,-0.33301,0.7868
-0.01642,0.8419,-0.53938,-0.24011,-0.57295,0.84377
-0.01806,0.83126,-0.55559,-0.16815,-0.65375,0.8335
-0.02518,0.82933,-0.55818,-0.1337,-0.67348,0.75937
-0.03821,0.83665,-0.54639,-0.03341,-0.64924,0.58755
-0.05343,0.85299,-0.51918,0.16299,-0.51209,0.06735
-0.06397,0.8764,-0.47731,0.09086,0.0528,-0.731
-0.05229,0.89834,-0.43617,-0.18483,1.44828,-1.44623
-0.03062,0.90668,-0.42069,-0.32731,1.16633,-1.15339
-0.03207,0.90828,-0.41713,-0.03834,0.08986,-0.54648
-0.04041,0.90721,-0.41873,0.058,-0.17883,-0.11351
-0.0532,0.90934,-0.41264,0.10975,-0.04305,0.26538
-0.05717,0.91254,-0.40497,0.04843,0.18674,0.28653
-0.06849,0.92394,-0.37634,-0.23911,0.52412,0.63718
-0.07341,0.93969,-0.33405,0.39632,1.1085,-0.59231
-0.05951,0.9412,-0.33255,-0.5781,-0.38738,1.0584
-0.06206,0.9437,-0.32493,-0.43045,-0.35257,0.96349
-0.07385,0.95234,-0.29596,-0.40347,-0.41527,0.56322
-0.08244,0.96705,-0.24084,-0.31385,-0.25956,0.74891
-0.09288,0.97853,-0.18397,-0.2715,-0.12689,0.49565
-0.105,0.98489,-0.13771,-0.29546,-0.00095,0.35486
-0.11106,0.98883,-0.09935,-0.11857,0.25262,0.41307
-0.11546,0.99052,-0.07429,0.26963,0.39331,0.4306
-0.12593,0.98981,-0.06632,0.56504,0.21104,0.16608
-0.13983,0.98916,-0.04469,0.79709,-0.0456,-0.36701
-0.1517,0.98798,0.02949,0.5047,-0.19965,-0.12879
-0.14676,0.98466,0.09431,0.34131,-0.12233,0.02466
-0.13442,0.98427,0.11456,0.25399,-0.19098,-0.01046
-0.11766,0.98472,0.12835,0.20508,-0.19813,0.1661
-0.1025,0.98418,0.14445,-0.02826,0.00813,-0.00553
-0.09432,0.9813,0.16778,-0.33066,0.16734,-0.35398
-0.09024,0.97425,0.2066,-0.3759,-0.02382,0.03536
-0.09469,0.96631,0.23931,-0.28423,-0.19684,0.2616
-0.10637,0.96045,0.25731,0.00142,0.20781,0.05737
-0.12044,0.95344,0.27646,0.21189,0.29294,-0.26209
-0.12522,0.94274,0.30911,0.41557,0.15202,-0.76501
-0.1212,0.93015,0.34657,0.32454,0.31173,-0.56963
-0.12866,0.92553,0.35613,0.22669,0.30307,-0.31094
-0.14657,0.92343,0.35466,0.18275,0.43078,-0.24623
-0.16155,0.92319,0.34871,0.26412,0.45217,-0.37727
-0.17187,0.92558,0.33727,0.52456,0.58054,-0.49311
-0.17158,0.93357,0.31463,0.49625,0.67623,-0.30739
-0.16044,0.94761,0.27618,0.15956,0.73552,-0.34179
-0.1439,0.96415,0.22291,-0.1084,0.38146,-0.67847
-0.13285,0.97989,0.14882,-0.25065,0.51236,0.07863
-0.1285,0.98975,0.06216,-0.02603,0.51138,1.09731
-0.11934,0.99255,-0.02437,-0.12576,0.61077,0.86591
-0.1061,0.98876,-0.10531,-0.38156,0.44656,0.43498
-0.09635,0.98111,-0.16775,-0.6134,0.33036,-0.08908
-0.08866,0.977,-0.1939,-0.56665,0.14725,0.08357
-0.08238,0.97325,-0.21445,-0.30994,-0.05131,0.29144
-0.07974,0.96084,-0.26536,-0.1462,-0.2798,0.79368
-0.07879,0.94142,-0.32788,0.18894,-0.38127,0.72679
-0.07949,0.92198,-0.37899,0.47828,-0.32615,0.70665
-0.08025,0.90175,-0.42474,0.45624,-0.28133,0.65434
-0.06533,0.88318,-0.46445,0.253,-0.30996,0.52564
-0.05199,0.86428,-0.50032,0.03783,-0.32672,0.72517
-0.0517,0.84805,-0.52738,-0.06548,-0.41747,0.82922
-0.05586,0.84003,-0.53966,-0.14009,-0.53462,0.98235
-0.06214,0.84078,-0.53779,-0.19415,-0.61669,0.92337
-0.07128,0.84971,-0.52241,-0.12647,-0.58674,0.6152
-0.0836,0.86714,-0.49099,0.0627,-0.56065,0.156
-0.09077,0.89099,-0.44484,0.07297,-0.03595,-0.77225
-0.08164,0.9129,-0.39992,-0.34693,1.82562,-1.79965
-0.05257,0.91637,-0.39686,-0.30374,1.54051,-1.4372
-0.04521,0.91647,-0.39753,-0.05454,-0.06369,-0.43335
-0.03799,0.91881,-0.39285,-0.45568,-0.30582,-0.00097
-0.05545,0.92417,-0.37793,-0.75437,0.76159,0.72621
-0.07814,0.92726,-0.36617,0.49553,0.4437,0.40735
-0.08011,0.92788,-0.36416,0.24457,-0.05407,0.49575
-0.07739,0.93262,-0.35245,0.11073,-0.18592,0.50147
-0.07101,0.93959,-0.33485,-0.35145,-0.36738,0.78989
-0.06426,0.95182,-0.29983,-0.32548,-0.29636,0.83398
-0.06312,0.96597,-0.25083,-0.29659,-0.25321,0.80028
-0.07182,0.97806,-0.1955,-0.26691,-0.14768,0.54371
-0.08177,0.98688,-0.1392,-0.1868,0.05263,0.549
-0.08851,0.99226,-0.08707,0.12723,0.45843,0.62579
-0.09665,0.99387,-0.05364,0.47453,0.32593,0.44707
-0.10848,0.99331,-0.03944,0.64875,0.11527,-0.01253
-0.11622,0.99315,-0.01186,0.65023,-0.22276,-0.42417
-0.12507,0.99036,0.05947,0.30211,-0.09633,-0.16129
-0.12296,0.98644,0.10862,0.30773,-0.07227,-0.12518
-0.11282,0.98457,0.13369,0.18976,-0.19797,-0.15861
-0.09909,0.98239,0.15833,0.11461,-0.25795,0.01714
-0.08527,0.97931,0.18347,0.02641,-0.1362,0.04316
-0.07884,0.97456,0.20978,-0.09729,0.02262,-0.05916
-0.08389,0.96791,0.23686,-0.21196,-0.00285,-0.20194
-0.09075,0.96076,0.26209,-0.22455,0.08499,0.02085
-0.09935,0.95413,0.28241,-0.04547,0.23655,-0.05177
-0.10758,0.94658,0.30397,0.27979,0.20428,-0.68463
-0.10667,0.93667,0.33354,0.40334,0.20353,-0.57309
-0.1125,0.93233,0.34364,0.31689,0.29759,-0.13722
-0.12779,0.93135,0.34094,0.22651,0.42909,-0.08274
-0.13593,0.92867,0.34508,0.1799,0.58432,-0.16921
-0.14212,0.92775,0.34506,0.37265,0.59384,-0.31569
-0.14387,0.93304,0.32973,0.47164,0.56659,-0.30263
-0.13462,0.9441,0.30088,0.33714,0.74242,-0.22112
-0.11799,0.95928,0.25661,0.05946,0.58574,-0.4139
-0.09988,0.97418,0.20242,-0.35638,0.33601,-0.70949
-0.09409,0.98826,0.12029,-0.40823,0.39763,-0.12941
-0.09727,0.99471,0.03287,-0.32227,0.37309,0.61882
-0.09647,0.994,-0.05133,-0.18005,0.45093,0.95169
-0.09533,0.98707,-0.12882,-0.28203,0.42434,0.81791
-0.09576,0.97685,-0.19126,-0.55509,0.08057,-0.28455
-0.08811,0.97301,-0.21327,-0.40133,0.14415,0.1732
-0.08174,0.9694,-0.23144,0.01337,0.17665,0.34527
-0.08311,0.95368,-0.28909,0.28712,-0.06528,0.80084
-0.07419,0.93401,-0.34945,0.34418,-0.15018,0.7803
-0.05496,0.91459,-0.40062,0.25096,-0.19154,0.62982
-0.03952,0.89348,-0.44735,0.21068,-0.23309,0.58113
-0.02668,0.87165,-0.4894,0.12987,-0.20206,0.658
-0.01587,0.85136,-0.52433,-0.14505,-0.45582,0.74557
-0.01367,0.83559,-0.54917,-0.26256,-0.6269,0.94285
-0.01792,0.82724,-0.56156,-0.19067,-0.61543,1.01814
-0.02411,0.82869,-0.55918,-0.27633,-0.65714,0.87339
-0.03404,0.84021,-0.54118,-0.04719,-0.67261,0.45496
-0.04611,0.86107,-0.50638,0.09794,-0.53965,-0.22945
-0.05582,0.88635,-0.45963,0.12516,0.34818,-1.26266
-0.03631,0.89932,-0.43577,-0.3607,2.07712,-1.6972
-0.03124,0.90131,-0.43203,-0.04884,0.69846,-0.88049
-0.03676,0.90261,-0.42888,-0.08589,-0.34127,0.20961
-0.05034,0.90455,-0.42336,-0.31704,0.36659,0.64988
-0.05923,0.91026,-0.40976,-0.02756,0.60879,0.6605
-0.05838,0.92389,-0.37816,0.01635,1.05267,-0.27281
-0.04164,0.93164,-0.36097,-0.37369,-0.04788,0.47787
-0.04271,0.93274,-0.358,-0.35905,-0.73952,1.14104
-0.04052,0.94275,-0.33102,-0.25185,-0.67915,0.85438
-0.03582,0.95956,-0.27921,-0.22413,-0.23055,0.8566
-0.04369,0.97497,-0.21796,-0.29316,-0.03361,0.65101
-0.06447,0.98401,-0.166,-0.32116,0.11296,0.47752
-0.07535,0.98962,-0.12231,-0.06942,0.29593,0.54852
-0.07892,0.9933,-0.08438,0.32276,0.47335,0.58533
-0.09021,0.99387,-0.06386,0.5505,0.27229,0.23987
-0.10715,0.99302,-0.04917,0.73854,-0.14246,-0.46266
-0.12065,0.99267,0.00604,0.42801,-0.16615,-0.24942
-0.12182,0.99005,0.07032,0.28926,-0.16987,0.03383
-0.11057,0.98849,0.10313,0.23161,-0.18059,0.05469
-0.0955,0.98741,0.12606,0.18119,-0.23925,0.15811
-0.07884,0.98579,0.14828,0.03682,-0.16322,0.02104
-0.06689,0.98228,0.175,-0.22673,0.03751,-0.45801
-0.06319,0.97587,0.20897,-0.34036,0.06245,-0.32343
-0.0645,0.96974,0.23544,-0.20772,-0.12127,0.29369
-0.07433,0.96491,0.2518,-0.10898,0.01943,0.22557
-0.09087,0.96047,0.26308,0.20543,0.18985,-0.37799
-0.10177,0.95377,0.28275,0.33627,0.26158,-0.5407
-0.09756,0.93965,0.32791,0.39184,0.35018,-0.63519
-0.09188,0.92991,0.3561,0.21566,0.4378,-0.39911
-0.10839,0.92999,0.3512,0.2719,0.54425,-0.29688
-0.122,0.93006,0.34652,0.23404,0.46746,-0.4777
-0.12587,0.93277,0.33776,0.17275,0.42685,-0.73144
-0.12603,0.94188,0.31138,0.31524,0.56802,-0.54257
-0.12095,0.95708,0.26335,0.2402,0.71451,-0.64902
-0.11249,0.97486,0.19228,0.10692,0.37125,-0.70068
-0.10677,0.98944,0.09791,-0.09007,0.48367,0.26338
-0.09808,0.99513,0.00856,0.09425,0.51659,1.18613
-0.08078,0.99398,-0.07396,-0.18312,0.79287,1.02361
-0.06637,0.98728,-0.14444,-0.4063,0.55893,0.57588
-0.05285,0.97833,-0.20016,-0.6816,0.52817,-0.23316
-0.04047,0.97529,-0.21716,-0.49919,0.2322,0.02351
-0.03776,0.968,-0.24806,-0.29046,0.08356,0.51775
-0.03875,0.9486,-0.31407,-0.14049,-0.08738,0.85597
-0.02836,0.92629,-0.37573,0.45887,-0.29267,0.67252
-0.01681,0.9058,-0.42335,0.43335,-0.25944,0.75186
-0.01548,0.88197,-0.47104,0.39882,-0.28606,0.77963
-0.01038,0.85804,-0.51347,-0.04541,-0.48268,0.81533
-0.00748,0.83699,-0.54716,-0.36374,-0.63692,0.93397
-0.01307,0.82224,-0.56898,-0.28802,-0.66704,1.08186
-0.02412,0.8169,-0.57627,-0.14744,-0.71361,1.01629
-0.03967,0.82222,-0.56777,-0.1533,-0.70295,0.82499
-0.05277,0.83975,-0.54039,0.05607,-0.65846,0.36443
-0.0636,0.86836,-0.49183,0.08394,-0.24822,-0.4458
-0.0678,0.90129,-0.42787,-0.20472,1.81772,-1.8257
-0.04855,0.91261,-0.40593,-0.12746,2.29804,-1.86567
-0.03751,0.91137,-0.40986,0.08817,0.06531,-0.45408
-0.03765,0.90851,-0.41615,-0.53828,-0.60318,0.04777
-0.05579,0.90462,-0.42255,-0.57484,0.35726,0.88683
-0.07887,0.91272,-0.40089,-0.38023,0.55892,0.90225
-0.07261,0.92561,-0.37142,0.54736,1.01501,-0.32105
-0.04999,0.93317,-0.35592,-0.39567,-0.11576,0.44214
-0.04865,0.93347,-0.35533,-0.33052,-0.63809,1.23882
-0.05166,0.93803,-0.34266,-0.29885,-0.59813,0.89501
-0.06027,0.94916,-0.30894,-0.1951,-0.25722,0.88396
-0.07023,0.96324,-0.25927,-0.13192,-0.17621,0.65882
-0.08355,0.97604,-0.20087,-0.15721,-0.13904,0.57204
-0.09245,0.98574,-0.14057,-0.14912,0.35353,0.49026
-0.09397,0.99115,-0.09364,0.19214,0.51408,0.58696
-0.09636,0.99269,-0.0726,0.44957,0.25341,0.30242
-0.10258,0.99289,-0.06023,0.64277,-0.05089,-0.26041
-0.10701,0.99418,-0.01203,0.54834,-0.1914,-0.32276
-0.10903,0.99209,0.062,0.36799,-0.16266,-0.00857
-0.09984,0.98979,0.10164,0.24804,-0.22088,-0.08391
-0.08522,0.98841,0.12554,0.16365,-0.16966,-0.02935
-0.06775,0.98586,0.15319,0.0742,-0.10059,0.05528
-0.05527,0.98147,0.18344,-0.07385,-0.02884,-0.07026
-0.05127,0.97479,0.21711,-0.21759,0.0508,-0.26046
-0.05176,0.96695,0.24961,-0.21459,-0.06053,-0.06505
-0.05592,0.96007,0.27407,-0.17225,0.04434,-0.0097
-0.06515,0.95334,0.29475,0.0558,0.14194,-0.35114
-0.07118,0.94404,0.32203,0.21064,0.19151,-0.56913
-0.07395,0.93628,0.34334,0.32766,0.44086,-0.31561
-0.08169,0.93349,0.34915,0.23431,0.43845,-0.23796
-0.08827,0.93255,0.35004,0.20201,0.499,-0.27742
-0.09078,0.93475,0.34349,0.01827,0.558,-0.68083
-0.09267,0.94124,0.32475,0.16094,0.61592,-0.66392
-0.09458,0.95502,0.281,0.26193,0.61515,-0.57061
-0.09117,0.97254,0.21408,0.2234,0.56831,-0.60063
-0.085,0.98793,0.12939,-0.08384,0.39949,-0.35754
-0.0798,0.99586,0.04327,0.02385,0.41776,0.97506
-0.07209,0.99674,-0.03611,0.01458,0.52101,0.92305
-0.06372,0.9929,-0.10039,-0.25954,0.56889,0.84905
-0.06424,0.98501,-0.16004,-0.47533,0.46723,0.52959
-0.06148,0.97657,-0.20622,-0.62178,0.42846,-0.56718
-0.05633,0.9713,-0.23107,-0.39582,0.24408,-0.08121
-0.05163,0.95777,-0.28284,-0.16369,-0.17155,0.69123
-0.03795,0.9426,-0.33174,0.14966,-0.24219,0.82914
-0.02146,0.92703,-0.37436,0.34232,-0.31532,0.76535
-0.01937,0.9068,-0.4211,0.36702,-0.32459,0.71382
-0.01886,0.88562,-0.46402,0.36173,-0.27806,0.75062
-0.00484,0.86866,-0.49537,0.00607,-0.45097,0.78445
-4e-05,0.85337,-0.5213,-0.39669,-0.67948,0.91522
-0.006,0.84381,-0.53661,-0.27891,-0.72013,1.09589
-0.02319,0.84279,-0.53774,-0.1624,-0.72566,0.9958
-0.04942,0.85099,-0.52285,-0.0292,-0.78539,0.56513
-0.07429,0.87162,-0.48451,0.08609,-0.51755,0.07506
-0.09179,0.90098,-0.42403,-0.13604,0.85081,-1.26662
-0.0806,0.91483,-0.39571,-0.27361,2.5414,-2.12621
-0.0606,0.91451,-0.39998,0.04809,0.44361,-0.41463
-0.05749,0.91122,-0.40787,-0.26695,-0.56048,-0.22451
-0.06325,0.90464,-0.42145,-0.31308,-0.76586,0.14429
-0.07715,0.91166,-0.40362,-0.18085,0.46871,1.09405
-0.0744,0.93027,-0.35925,0.38597,1.65349,-0.02118
-0.05124,0.93862,-0.3411,0.05429,2.09397,-1.46479
-0.05824,0.93359,-0.35357,-0.34985,-0.75765,1.63837
-0.05836,0.93558,-0.34825,-0.2186,-0.79089,1.04776
-0.05618,0.94629,-0.31837,-0.19973,-0.72181,1.02972
-0.05767,0.962,-0.26688,-0.13526,-0.32491,0.66327
-0.07799,0.9743,-0.2113,-0.25772,0.0147,0.60324
-0.0922,0.98175,-0.16625,-0.16812,0.50306,0.67907
-0.09665,0.98616,-0.13466,0.18948,0.51366,0.64691
-0.10745,0.98699,-0.11954,0.39465,0.27017,0.30205
-0.12061,0.98698,-0.10633,0.5741,-0.01381,-0.3398
-0.12941,0.99056,-0.04496,0.50341,-0.16675,-0.34874
-0.12932,0.99052,0.04616,0.1882,-0.26287,0.03892
-0.12075,0.98876,0.08801,0.19988,-0.32775,-0.02646
-0.10647,0.98897,0.10286,0.19821,-0.20983,0.01375
-0.09247,0.98814,0.12252,0.15942,-0.16934,0.27612
-0.08082,0.98559,0.1485,-0.02831,0.00954,-0.0167
-0.07405,0.98098,0.17934,-0.23002,0.09158,-0.297
-0.07068,0.97363,0.21686,-0.25037,-0.00343,-0.11787
-0.07235,0.96616,0.24752,-0.21149,-0.03719,0.08046
-0.07965,0.95996,0.26853,0.00113,0.12683,-0.15221
-0.0883,0.95228,0.29212,0.20923,0.17285,-0.46107
-0.09481,0.94402,0.31594,0.25151,0.30035,-0.48319
-0.09994,0.93806,0.33171,0.25642,0.36059,-0.41262
-0.10697,0.93437,0.33982,0.33943,0.37662,-0.18658
-0.11615,0.93262,0.34162,0.34935,0.41447,-0.28486
-0.12287,0.9338,0.33601,0.35149,0.4255,-0.40637
-0.12236,0.93955,0.31978,0.26175,0.75645,-0.38791
-0.11641,0.95134,0.28528,0.2778,0.81954,-0.32908
-0.10716,0.96723,0.23012,0.27261,0.83414,-0.29277
-0.09669,0.98288,0.15676,-0.18499,0.27754,-0.52931
-0.09361,0.99351,0.06442,-0.20323,0.37296,0.25353
-0.09094,0.99551,-0.02591,-0.13003,0.39054,0.946
-0.08231,0.99085,-0.10693,-0.33338,0.55377,0.76335
-0.0788,0.98098,-0.17738,-0.53021,0.33281,0.1889
-0.0743,0.97055,-0.22914,-0.61635,0.24462,-0.13327
-0.06785,0.96718,-0.24483,-0.24001,0.22422,0.07414
-0.07086,0.95747,-0.27968,-0.04782,-0.0691,0.71253
-0.07132,0.93546,-0.34614,0.36177,-0.17067,0.64584
-0.06574,0.91385,-0.40068,0.39283,-0.20116,0.71662
-0.05774,0.89354,-0.44525,0.32741,-0.24414,0.73067
-0.04975,0.87272,-0.48566,0.26562,-0.33772,0.73293
-0.03949,0.85381,-0.51908,0.00332,-0.47663,0.73419
-0.03454,0.83829,-0.54412,-0.12433,-0.52159,0.79807
-0.0385,0.82824,-0.55904,-0.18466,-0.63296,0.99705
-0.04516,0.8264,-0.56127,-0.13863,-0.65214,0.92264
-0.05497,0.83334,-0.55001,-0.09835,-0.64801,0.70145
-0.06848,0.85045,-0.52158,0.06703,-0.64616,0.27179
-0.08092,0.87898,-0.46994,-0.00305,-0.18502,-0.4921
-0.08443,0.9072,-0.41212,-0.29213,1.83808,-1.81953
-0.05774,0.91126,-0.40776,-0.00063,1.81823,-1.5427
-0.05245,0.90888,-0.41373,0.15935,0.06879,-0.4608
-0.05161,0.90471,-0.42289,-0.21641,-0.60145,-0.04855
-0.06064,0.90395,-0.4233,-0.51765,0.09385,0.64763
-0.07281,0.91377,-0.39964,-0.45663,0.88257,0.74525
-0.07524,0.92512,-0.37214,0.1801,0.96774,0.06562
-0.064,0.93014,-0.36156,-0.08358,0.37996,-0.35208
-0.06995,0.93025,-0.36017,-0.20959,-0.69957,1.38607
-0.06713,0.93692,-0.34302,-0.22244,-0.71631,1.19719
-0.05897,0.95049,-0.30509,-0.18272,-0.31313,0.81562
-0.06002,0.96615,-0.25086,-0.21032,-0.20036,0.66402
-0.0707,0.97832,-0.19462,-0.21145,-0.22621,0.55384
-0.07723,0.98666,-0.14325,-0.15229,0.21701,0.60062
-0.08132,0.99111,-0.10524,0.15249,0.51323,0.72348
-0.09297,0.9915,-0.09097,0.40112,0.29184,0.47689
-0.10705,0.99052,-0.08596,0.51334,0.02874,0.09521
-0.10868,0.9928,-0.05026,0.44697,-0.15809,-0.17064
-0.10447,0.99402,0.0316,0.34537,-0.04887,-0.02429
-0.09349,0.99095,0.09621,0.26384,-0.0365,0.09302
-0.07983,0.9889,0.1252,0.15168,-0.33578,0.01899
-0.06348,0.98724,0.14596,0.07883,-0.26047,0.03783
-0.0539,0.98407,0.16937,-0.06107,-0.09854,-0.11074
-0.05208,0.97918,0.19616,-0.30791,0.05715,0.00048
-0.05572,0.97332,0.22253,-0.25106,-0.04876,0.17754
-0.06553,0.96779,0.24302,-0.15607,-0.09693,0.15465
-0.07779,0.96274,0.25895,0.11714,0.18156,-0.26416
-0.08602,0.95555,0.28196,0.16585,0.09953,-0.41851
-0.09055,0.94783,0.30559,0.19944,0.25479,-0.36441
-0.10129,0.94393,0.31417,0.26166,0.29239,-0.20194
-0.11306,0.94009,0.32159,0.40086,0.37575,-0.2464
-0.12178,0.93738,0.32628,0.46886,0.47497,-0.27643
-0.12875,0.9379,0.32209,0.44743,0.46292,-0.32637
-0.12832,0.94282,0.30757,0.36454,0.58602,-0.31608
-0.1183,0.95267,0.28002,0.11541,0.80336,-0.25467
-0.10474,0.96597,0.23645,-0.11446,0.39232,-0.58992
-0.0933,0.98014,0.17494,-0.23421,0.26434,-0.76205
-0.09427,0.9915,0.08958,-0.22907,0.44838,0.54661
-0.09578,0.99538,0.00454,0.03639,0.31829,1.08012
-0.08541,0.99342,-0.07618,-0.17872,0.39524,0.83636
-0.07106,0.98604,-0.15051,-0.42322,0.3497,0.3652
-0.05813,0.97674,-0.20634,-0.59246,0.29045,-0.07013
-0.04407,0.97294,-0.22678,-0.48727,0.23235,0.20705
-0.03454,0.96893,-0.24486,-0.09818,0.06817,0.25152
-0.03654,0.9551,-0.29399,0.02771,-0.1788,0.68893
-0.03504,0.93545,-0.35172,0.37017,-0.26946,0.66205
-0.01995,0.91909,-0.39353,0.40487,-0.23784,0.71247
-0.00405,0.9029,-0.42983,0.27303,-0.2815,0.68801
0.01051,0.88415,-0.46707,0.08312,-0.29262,0.68373
0.01849,0.86531,-0.50088,-0.15907,-0.42873,0.73419
0.0177,0.84967,-0.52701,-0.32601,-0.66345,0.74672
0.01036,0.84123,-0.54058,-0.18355,-0.68086,0.83054
0.00143,0.84155,-0.54017,-0.15574,-0.6782,0.75326
-0.0107,0.85002,-0.52663,-0.12624,-0.60761,0.49466
-0.02881,0.8664,-0.4985,-0.04159,-0.5859,0.32948
-0.04549,0.88865,-0.45631,0.08109,0.02534,-0.96819
-0.05217,0.90712,-0.41761,-0.24744,1.5609,-1.32712
-0.04074,0.9114,-0.40949,-0.5084,1.31582,-1.01452
-0.03396,0.90936,-0.4146,-0.00541,0.15585,-0.45441
-0.02866,0.90387,-0.42684,-0.15416,-0.31952,-0.36269
-0.03311,0.89786,-0.43902,-0.35028,-0.17909,0.05945
-0.0485,0.89728,-0.43877,-0.5508,0.61253,0.49206
-0.08091,0.90952,-0.4077,0.40522,1.04181,-0.03034
-0.06974,0.91602,-0.39502,0.09433,0.98878,-0.55762
-0.08188,0.91747,-0.38928,0.0863,0.22215,0.46885
-0.08105,0.92595,-0.36881,-0.27061,-0.40935,0.71347
-0.0701,0.94232,-0.32727,-0.22578,-0.39248,0.83635
-0.05852,0.9601,-0.27346,-0.20336,-0.29718,0.88894
-0.06177,0.97385,-0.21858,-0.2025,-0.12557,0.46256
-0.07191,0.98297,-0.16908,-0.19745,-0.05825,0.40397
-0.07418,0.98968,-0.12254,-0.16675,0.06507,0.41001
-0.07607,0.99325,-0.08742,0.32267,0.33615,0.5051
-0.0874,0.99349,-0.07298,0.42263,0.22691,0.40741
-0.10245,0.99274,-0.06281,0.46105,0.09991,0.19776
-0.10698,0.99402,-0.0213,0.28972,-0.13369,-0.15528
-0.0965,0.99375,0.05597,0.22115,-0.04026,0.06142
-0.08471,0.99057,0.10759,0.25757,-0.166,-0.15318
-0.07101,0.98906,0.1292,0.22029,-0.17288,0.00412
-0.05508,0.98756,0.14718,-0.03397,0.01047,-0.00762
-0.04578,0.98347,0.1751,-0.25935,0.10423,-0.27923
-0.04109,0.97703,0.20905,-0.28246,-0.02891,-0.09523
-0.04202,0.97139,0.23368,-0.21866,-0.0941,0.1173
-0.05303,0.96753,0.24707,0.00045,-0.04682,0.12583
-0.06934,0.96382,0.25734,0.04432,0.21704,0.02847
-0.08302,0.95802,0.27438,0.08577,0.23137,-0.11482
-0.08589,0.94767,0.30744,0.31271,0.10963,-0.62529
-0.07994,0.93404,0.34807,0.26851,0.32192,-0.61886
-0.08498,0.93021,0.35703,0.17221,0.23154,-0.20023
-0.10374,0.92867,0.35606,0.17499,0.37336,-0.23527
-0.11569,0.92863,0.35248,0.08651,0.38143,-0.54
-0.11934,0.93032,0.34675,0.07219,0.59854,-0.6278
-0.12336,0.93726,0.32603,0.21949,0.60394,-0.42002
-0.12799,0.95079,0.28213,0.24071,0.65361,-0.46903
-0.12692,0.96774,0.21759,0.18474,0.41049,-0.53926
-0.12338,0.98282,0.13718,0.05827,0.41761,-0.11034
-0.11776,0.99161,0.05314,0.13098,0.45279,0.9855
-0.10602,0.99398,-0.02743,0.01676,0.5859,0.98083
-0.0882,0.99102,-0.10046,-0.25081,0.53187,0.72879
-0.06906,0.98361,-0.1665,-0.4453,0.41905,0.3409
-0.04783,0.97575,-0.21357,-0.52015,0.2235,-0.1067
-0.03101,0.97438,-0.22272,-0.34193,0.11786,0.1659
-0.02268,0.97048,-0.24009,-0.17701,-0.00199,0.54807
-0.01673,0.95488,-0.29651,0.04846,-0.28073,0.72063
-0.00636,0.93576,-0.35257,0.29993,-0.38055,0.58901
0.00501,0.91927,-0.39357,0.36776,-0.29859,0.67464
0.00841,0.90179,-0.43208,0.2733,-0.31938,0.66925
0.01691,0.88503,-0.46521,0.07325,-0.33384,0.65314
0.02032,0.8704,-0.49191,-0.25316,-0.47474,0.79899
0.01311,0.86033,-0.50956,-0.3558,-0.57201,0.8613
1e-05,0.85821,-0.51328,-0.15658,-0.6694,0.89533
-0.01875,0.86495,-0.5015,-0.071,-0.69028,0.81489
-0.03889,0.88033,-0.47275,-0.0696,-0.6627,0.69722
-0.05815,0.90375,-0.42409,0.00639,-0.2953,0.02931
-0.07394,0.92698,-0.36773,-0.06447,0.85666,-0.99464
-0.06297,0.93178,-0.3575,-0.126,2.05028,-1.62786
-0.04262,0.9252,-0.37707,0.57239,0.73885,-1.19164
-0.03489,0.92139,-0.38705,-0.18184,-0.61927,0.09957
-0.03321,0.91917,-0.39244,-0.36956,-0.57564,0.36744
-0.04728,0.9222,-0.38378,-0.55352,0.28101,0.84141
-0.0607,0.9317,-0.35811,0.07169,0.98711,0.58845
-0.04896,0.93687,-0.34623,0.51536,1.3471,-0.98796
-0.04783,0.9307,-0.36263,-0.36541,-0.28774,0.99689
-0.04188,0.92625,-0.37457,-0.47792,-0.99471,1.08509
-0.0407,0.93515,-0.35189,-0.36867,-0.73373,0.92539
-0.04271,0.9522,-0.30247,-0.23247,-0.23783,1.0239
-0.05607,0.96729,-0.24736,-0.22063,-0.12284,0.75392
-0.07396,0.97708,-0.19955,-0.36414,0.17924,0.45996
-0.08326,0.98325,-0.16206,-0.27586,0.55067,0.44278
-0.08933,0.98608,-0.14018,0.2154,0.48519,0.50903
-0.10763,0.98578,-0.12898,0.53223,0.23727,0.29923
-0.12818,0.98657,-0.10115,0.66775,-0.22198,-0.28269
-0.13787,0.99016,-0.02347,0.38387,-0.19585,-0.01457
-0.12716,0.99008,0.0597,0.23899,-0.13126,0.19337
-0.11255,0.98884,0.09756,0.17355,-0.19451,-0.01602
-0.09357,0.98853,0.11849,0.1216,-0.2278,0.03804
-0.077,0.98729,0.13898,0.03159,-0.11906,-0.04496
-0.07139,0.98342,0.16662,-0.40277,0.07589,-0.6059
-0.07349,0.9789,0.19062,-0.33635,-0.05548,0.18962
-0.0817,0.97437,0.20952,-0.21237,-0.12505,0.36668
-0.0962,0.96937,0.22594,0.07208,0.06992,0.17583
-0.11033,0.96376,0.24286,0.23005,0.20078,-0.04687
-0.11919,0.95564,0.26931,0.37402,0.14638,-0.39447
-0.11637,0.942,0.31476,0.31806,0.24236,-0.77022
-0.1099,0.93365,0.34087,0.0817,0.29084,-0.33429
-0.12126,0.93219,0.34103,0.16377,0.45345,-0.23231
-0.13585,0.9316,0.3371,0.21576,0.42177,-0.30164
-0.14601,0.93275,0.3296,0.30435,0.38897,-0.54674
-0.15109,0.93676,0.31563,0.39352,0.61983,-0.39748
-0.14955,0.94687,0.28469,0.3768,0.66897,-0.35488
-0.14091,0.96114,0.23733,0.34444,0.48836,-0.49696
-0.12999,0.97697,0.16912,0.14522,0.28845,-0.40316
-0.12086,0.98912,0.08377,-0.03803,0.56467,0.28958
-0.10759,0.99419,0.00058,-0.09688,0.62288,1.00788
-0.09129,0.99279,-0.07754,-0.17474,0.72086,1.09141
-0.0799,0.98598,-0.14644,-0.438,0.36964,0.64252
-0.06443,0.9763,-0.20658,-0.57639,0.1876,-0.01353
-0.04519,0.97152,-0.23257,-0.57344,0.10721,-0.09775
-0.03329,0.96992,-0.24113,-0.21528,0.01632,0.22201
-0.02913,0.95631,-0.29087,0.13193,-0.25267,0.78513
-0.02914,0.93365,-0.35697,0.31046,-0.34264,0.6713
-0.0201,0.91463,-0.40379,0.4997,-0.30534,0.63587
-0.01322,0.89608,-0.44368,0.27197,-0.2024,0.67746
-0.00586,0.8752,-0.48371,0.18527,-0.1946,0.73676
-0.00211,0.85567,-0.5175,0.03359,-0.23283,0.80957
-0.00661,0.84095,-0.54107,-0.35469,-0.57543,0.96181
-0.01822,0.83383,-0.55171,-0.21397,-0.57437,0.97819
-0.03272,0.8355,-0.54852,-0.1517,-0.63081,0.96378
-0.04417,0.84748,-0.52899,-0.15916,-0.66686,0.75545
-0.05383,0.8694,-0.49117,0.0265,-0.51954,0.37072
-0.06211,0.89765,-0.43629,0.08753,-0.06286,-0.24329
-0.05635,0.92032,-0.38706,-0.15378,1.42575,-1.37451
-0.02442,0.92289,-0.38428,0.13219,2.10528,-2.169
-0.01883,0.92098,-0.38914,0.24235,0.30992,-0.75701
-0.01069,0.92275,-0.38523,-0.12066,-0.55625,-0.07745
-0.01759,0.92747,-0.37348,-0.68224,0.04849,0.45647
-0.03671,0.9365,-0.34873,-0.44523,0.82093,0.85251
-0.03859,0.94247,-0.33203,0.20556,0.78788,0.39427
-0.03408,0.94236,-0.33285,-0.14774,0.13058,0.16075
-0.03241,0.94352,-0.3297,-0.39718,-0.56727,0.89919
-0.0322,0.95245,-0.30296,-0.26797,-0.43812,0.94935
-0.03492,0.96459,-0.2614,-0.18633,-0.33656,0.79088
-0.04446,0.97683,-0.20933,-0.25182,-0.16605,0.63144
-0.05618,0.98668,-0.15263,-0.3035,0.16812,0.49435
-0.06292,0.99309,-0.09894,-0.03921,0.4432,0.58159
-0.07092,0.99519,-0.0674,0.36064,0.2422,0.53863
-0.08688,0.99478,-0.05339,0.50838,0.02127,0.2239
-0.10017,0.9945,-0.03031,0.53074,-0.20036,-0.13196
-0.10268,0.9943,0.02821,0.29904,-0.13665,-0.16861
-0.09759,0.99118,0.08951,0.27622,-0.01436,-0.03407
-0.08742,0.98928,0.11685,0.27474,-0.04657,-0.13542
-0.07451,0.98812,0.13433,0.12822,-0.10371,-0.13322
-0.06192,0.9863,0.15284,0.00677,-0.07588,-0.0846
-0.05312,0.98312,0.17503,-0.07047,0.04771,0.0245
-0.05217,0.97757,0.204,-0.14826,-0.02695,-0.02425
-0.05608,0.97194,0.2284,-0.09699,-0.08371,-0.02346
-0.06303,0.96805,0.24268,-0.05303,0.07979,-0.0178
-0.07279,0.96435,0.25437,-0.01283,0.17633,-0.11698
-0.07768,0.95824,0.27519,0.11244,0.11711,-0.27947
-0.0784,0.94953,0.30367,0.21967,0.2351,-0.43426
-0.0862,0.94594,0.31264,0.16545,0.2301,-0.34932
-0.10056,0.94503,0.3111,0.15439,0.4033,-0.16028
-0.11289,0.94349,0.31155,0.1677,0.40672,-0.25283
-0.12247,0.94315,0.30894,0.2005,0.37234,-0.35937
-0.13042,0.94677,0.29426,0.4551,0.54989,-0.38931
-0.1312,0.95524,0.2651,0.45588,0.54142,-0.36015
-0.12274,0.96752,0.22093,0.27055,0.60009,-0.54165
-0.1129,0.98071,0.15951,-0.18273,0.2491,-0.7391
-0.11084,0.99097,0.07534,-0.22231,0.3356,-0.08434
-0.10997,0.99388,-0.00924,0.02247,0.39721,1.12811
-0.10099,0.99079,-0.09007,-0.17015,0.46671,0.87822
-0.08601,0.98277,-0.16355,-0.27256,0.39772,0.69454
-0.06619,0.97247,-0.22339,-0.36974,0.3595,0.40056
-0.04723,0.9687,-0.24368,-0.36001,0.19672,0.33339
-0.0385,0.9675,-0.2499,-0.20587,0.08865,0.28219
-0.03872,0.9574,-0.28613,-0.0118,-0.05585,0.60257
-0.03275,0.93898,-0.34238,0.232,-0.21572,0.63057
-0.02036,0.92126,-0.38839,0.2919,-0.25261,0.57
-0.01315,0.90374,-0.42787,0.28123,-0.31727,0.68057
-0.00373,0.88612,-0.46343,0.11097,-0.30934,0.66858
0.00395,0.86963,-0.49368,-0.00369,-0.29654,0.7187
0.00316,0.85629,-0.51649,-0.34157,-0.56443,0.88227
-0.0006,0.8491,-0.52822,-0.265,-0.5652,0.88638
-0.00764,0.85,-0.52673,-0.19502,-0.62386,0.71444
-0.02213,0.8588,-0.51182,-0.122,-0.52663,0.53552
-0.04239,0.87595,-0.48052,-0.05462,-0.28251,0.08849
-0.05895,0.89899,-0.43398,-0.04788,0.5257,-0.678
-0.04781,0.9135,-0.404,-0.11856,1.94531,-1.95211
-0.01912,0.90986,-0.41446,0.46611,0.91855,-1.32315
-0.01045,0.90772,-0.41944,0.14524,-0.2932,-0.25857
-0.00705,0.90788,-0.41915,-0.19284,-0.6402,0.27091
-0.0175,0.90707,-0.42061,0.13153,-0.23385,0.51697
-0.02243,0.9138,-0.40553,0.01625,0.4169,1.17439
-0.03031,0.93366,-0.35684,0.12852,0.74247,1.05908
-0.00729,0.94733,-0.32015,-0.1955,2.04929,-2.22862
0.00639,0.94219,-0.33499,-0.74885,-0.67307,1.49718
0.00577,0.93924,-0.3432,-0.63482,-0.8056,0.63577
0.00324,0.9479,-0.31854,-0.4462,-0.49289,0.92358
-0.00227,0.96343,-0.26791,-0.35596,-0.35186,0.82617
-0.01264,0.97576,-0.21843,-0.36036,-0.13555,0.53566
-0.02307,0.98477,-0.17227,-0.39856,0.27916,0.42027
-0.03137,0.99055,-0.13341,-0.11707,0.58954,0.51828
-0.04621,0.99169,-0.11996,0.3987,0.43981,0.54248
-0.07235,0.99056,-0.11634,0.63587,0.09325,0.15412
-0.0975,0.99227,-0.07665,0.76899,-0.33958,-0.26051
-0.10995,0.99384,0.01314,0.55543,-0.34864,-0.10085
-0.10098,0.99218,0.07322,0.29809,-0.15978,0.0915
-0.08451,0.99149,0.0989,0.28163,-0.15909,0.06581
-0.066,0.99034,0.12187,0.15346,-0.16412,0.04396
-0.05004,0.98796,0.1463,-0.06539,-0.04923,-0.223
-0.04245,0.98336,0.17654,-0.20134,0.00887,-0.43849
-0.03966,0.97785,0.20547,-0.32379,0.06476,-0.46104
-0.04658,0.97285,0.22666,-0.21524,-0.0021,0.21191
-0.05989,0.96764,0.24507,-0.04928,0.11012,0.05657
-0.07333,0.96162,0.26437,0.19241,0.15488,-0.31178
-0.07995,0.95232,0.29441,0.40495,0.14221,-0.58152
-0.08315,0.9452,0.31569,0.27569,0.26747,-0.27636
-0.09469,0.94321,0.31837,0.1844,0.29757,-0.14643
-0.1065,0.94111,0.32085,0.21374,0.42945,-0.18614
-0.11414,0.94095,0.31868,0.18502,0.38248,-0.44193
-0.12113,0.94361,0.30807,0.2497,0.38032,-0.52779
-0.12513,0.95129,0.2817,0.3993,0.50116,-0.39966
-0.12032,0.96316,0.24047,0.37927,0.67683,-0.29211
-0.10823,0.97691,0.18413,0.17266,0.47398,-0.39524
-0.09839,0.98944,0.10634,-0.2433,0.27109,-0.40347
-0.09084,0.99566,0.01957,-0.25085,0.26487,-0.3167
-0.07981,0.99496,-0.06061,-0.22512,0.58865,1.06519
-0.06374,0.98885,-0.13455,-0.32049,0.59796,0.96254
-0.04799,0.97895,-0.19836,-0.62875,0.43487,-0.04018
-0.03126,0.97232,-0.23153,-0.61861,0.3143,-0.14573
-0.01834,0.9712,-0.23752,-0.1079,0.11265,0.17885
-0.02006,0.9592,-0.282,0.03941,-0.13138,0.75389
-0.02488,0.93612,-0.35077,0.33767,-0.24266,0.58237
-0.01453,0.91602,-0.40086,0.32913,-0.18486,0.67994
-0.00201,0.89802,-0.43993,0.1668,-0.29419,0.6761
0.00415,0.87593,-0.48241,0.11453,-0.24916,0.69473
0.00926,0.85319,-0.5215,-0.04939,-0.37564,0.68999
0.00984,0.83277,-0.55353,-0.27255,-0.54598,0.71558
0.0009,0.818,-0.57521,-0.23283,-0.60773,0.846
-0.01255,0.81234,-0.58304,-0.14009,-0.64648,0.82884
-0.03004,0.81596,-0.57732,-0.07898,-0.59187,0.71972
-0.04469,0.82975,-0.55634,0.09517,-0.54789,0.48691
-0.05452,0.8534,-0.51838,0.31118,-0.41191,0.09083
-0.05062,0.88145,-0.46955,0.04303,0.1664,-0.87448
-0.02737,0.90433,-0.42593,-0.45769,1.57462,-1.5893
-0.00913,0.91272,-0.40846,-0.29317,1.45907,-1.17081
-0.0089,0.91326,-0.40726,0.24376,0.17345,-0.48152
-0.01192,0.91095,-0.41233,-0.24941,-0.28816,0.04907
-0.0268,0.90928,-0.41531,-0.50855,0.01679,0.47519
-0.04763,0.91398,-0.40294,-0.3523,0.45013,0.35728
-0.04785,0.92473,-0.3776,0.17094,0.65305,0.28363
-0.02876,0.93447,-0.35487,-0.29672,0.00431,0.96107
-0.01588,0.93665,-0.34988,-0.48743,-0.41546,1.2597
-0.00686,0.94245,-0.33425,-0.51485,-0.44419,0.87081
-0.00738,0.95638,-0.292,-0.30463,-0.34893,0.73856
-0.01065,0.97255,-0.2324,-0.30136,-0.3651,0.67897
-0.01703,0.98367,-0.17912,-0.29653,-0.08679,0.69845
-0.02248,0.98967,-0.14155,0.02704,0.42133,0.7767
-0.034,0.99199,-0.12157,0.03856,0.419,0.75671
-0.05241,0.99172,-0.11713,0.43989,0.21819,0.44149
-0.06828,0.9923,-0.10321,0.47991,0.11092,0.24309
-0.07155,0.99624,-0.0486,0.49689,-0.27278,-0.27536
-0.06173,0.99736,0.03793,0.32648,-0.21082,-0.14172
-0.04761,0.99499,0.0878,0.13232,-0.24085,-0.00996
-0.0295,0.99339,0.11087,0.10933,-0.22387,-0.04463
-0.01146,0.99058,0.13638,0.03621,-0.09051,0.08735
-0.00232,0.98545,0.16987,-0.0577,-0.03425,-0.05012
0.00038,0.9779,0.209,-0.20353,0.02432,-0.24324
7e-05,0.97044,0.24129,-0.273,0.04375,-0.23404
-0.00517,0.96427,0.26481,-0.13934,0.05677,0.03143
-0.01545,0.9581,0.28598,0.07414,0.19084,-0.12959
-0.02228,0.95186,0.30569,0.24242,0.21154,-0.6223
-0.02523,0.94554,0.32448,0.26296,0.16847,-0.25628
-0.03414,0.94428,0.32734,0.19497,0.21426,-0.1486
-0.04437,0.9443,0.32605,0.07398,0.25376,-0.0728
-0.05338,0.94357,0.3268,0.03142,0.35274,-0.15227
-0.05894,0.94378,0.32524,0.00504,0.36004,-0.25407
-0.06324,0.94634,0.3169,0.15126,0.47986,-0.33086
-0.06623,0.95295,0.29577,0.27549,0.54899,-0.44104
-0.06332,0.96367,0.25943,0.23897,0.66974,-0.63251
-0.05649,0.97735,0.20391,0.04079,0.3975,-0.79512
-0.0526,0.99087,0.12403,-0.2372,0.14946,-0.59255
-0.05306,0.998,0.03415,-0.12373,0.33565,0.55568
-0.05169,0.99739,-0.05024,0.03184,0.37737,1.04343
-0.04274,0.99059,-0.12998,-0.22076,0.60689,0.98734
-0.03246,0.97867,-0.20283,-0.42481,0.49567,0.54728
-0.0198,0.96616,-0.25714,-0.57852,0.41065,-0.35324
-0.00679,0.96477,-0.26298,-0.36187,0.31628,0.22047
-0.00163,0.96052,-0.2782,-0.0495,0.15904,0.45879
-0.00106,0.93847,-0.34535,0.11815,-0.12781,0.69784
0.00547,0.91379,-0.40613,0.23071,-0.18935,0.65875
0.02088,0.89474,-0.44608,0.21423,-0.28952,0.65352
0.0323,0.8746,-0.48376,0.17392,-0.30599,0.69292
0.03544,0.85357,-0.51977,0.05984,-0.37868,0.73135
0.03413,0.83469,-0.54966,-0.11395,-0.55168,0.78619
0.02659,0.82075,-0.57065,-0.25147,-0.71446,0.85859
0.01619,0.81616,-0.57759,-0.16881,-0.74115,0.90054
0.00335,0.82242,-0.56887,-0.11154,-0.7041,0.86161
-0.01222,0.83756,-0.5462,-0.01944,-0.54116,0.57243
-0.02879,0.86027,-0.50902,0.08014,-0.38372,0.09293
-0.04273,0.88715,-0.45949,0.03037,0.39911,-1.16839
-0.03052,0.90058,-0.43361,-0.19237,2.30058,-1.68487
-0.01307,0.90351,-0.42836,-0.08855,1.03608,-0.72017
-0.01016,0.90529,-0.42465,-0.18976,0.02403,-0.21852
-0.02096,0.90825,-0.41788,-0.83974,0.58157,0.13575
-0.04777,0.91322,-0.40465,-0.26895,0.48157,0.55016
-0.05744,0.91616,-0.39666,0.02071,0.95061,0.35997
-0.05763,0.92348,-0.37929,0.11485,0.91151,0.27724
-0.06549,0.9333,-0.35307,0.12267,-0.79006,1.17039
-0.05412,0.94551,-0.32103,0.1113,-0.80228,1.13836
-0.03676,0.95995,-0.27772,-0.06833,-0.49445,0.74557
-0.03511,0.9753,-0.21807,-0.19733,-0.07396,0.50333
-0.05421,0.98665,-0.15349,-0.26665,0.01504,0.37892
-0.06781,0.99327,-0.09382,-0.274,0.23882,0.28944
-0.06767,0.99663,-0.04614,0.23068,0.23204,0.31143
-0.07135,0.99731,-0.01616,0.37104,0.20815,0.22864
-0.08351,0.9965,-0.00147,0.53542,0.165,0.04421
-0.09392,0.99533,0.02204,0.43015,0.01729,-0.29481
-0.0937,0.99392,0.05768,0.43088,-0.03301,-0.2055
-0.08568,0.99279,0.08375,0.31918,-0.14269,0.02215
-0.07254,0.99244,0.09887,0.22815,-0.20051,0.22371
-0.0575,0.99175,0.11445,0.12182,-0.1908,0.19911
-0.04069,0.98994,0.13542,0.00507,-0.02031,0.09067
-0.02971,0.98556,0.16664,-0.11742,0.04072,-0.10573
-0.02164,0.97947,0.20035,-0.15672,-0.01726,-0.10832
-0.02007,0.97444,0.22372,-0.158,-0.11959,0.1211
-0.02668,0.9713,0.23633,-0.13792,-0.00728,0.14816
-0.03906,0.96753,0.24968,-0.11185,0.12302,0.09878
-0.04804,0.96082,0.27295,0.11315,0.15187,-0.39727
-0.04661,0.94946,0.31037,0.25927,0.16455,-0.65085
-0.04144,0.94052,0.33717,0.02129,0.27432,-0.41834
-0.05548,0.94144,0.33257,0.13653,0.31145,-0.2334
-0.0742,0.94276,0.32509,0.19665,0.30883,-0.25511
-0.08048,0.94409,0.31969,0.12468,0.26159,-0.48681
-0.08131,0.94727,0.3099,0.1632,0.58607,-0.55305
-0.08348,0.95739,0.27642,0.26836,0.55454,-0.54858
-0.08256,0.97242,0.21808,0.21743,0.57511,-0.75914
-0.07846,0.9877,0.13516,0.03254,0.49684,-0.47188
-0.07496,0.99623,0.04338,0.05538,0.58276,0.60649
-0.06369,0.99698,-0.04418,0.09897,0.63368,1.05176
-0.04128,0.99103,-0.12707,-0.23682,0.81322,1.018
-0.01761,0.98017,-0.19735,-0.47869,0.63584,0.64529
0.00581,0.96844,-0.24917,-0.64435,0.36334,-0.03938
0.02482,0.96494,-0.26126,-0.35485,0.13705,0.07579
0.02341,0.96123,-0.27474,-0.04996,0.11113,0.33102
0.01312,0.93795,-0.3465,0.1442,-0.11404,0.84232
0.01858,0.91085,-0.41231,0.29958,-0.31411,0.68178
0.03039,0.88992,-0.45509,0.18754,-0.35633,0.72893
0.02824,0.86687,-0.49772,0.19714,-0.23989,0.79521
0.02127,0.84344,-0.53679,0.16202,-0.29202,0.8419
0.01186,0.82334,-0.56742,-0.33068,-0.53431,0.86485
-0.00443,0.81017,-0.58618,-0.31439,-0.52114,0.88362
-0.02626,0.80665,-0.59044,-0.1402,-0.62151,0.98065
-0.04917,0.8135,-0.57948,-0.03944,-0.73587,0.94655
-0.06503,0.8325,-0.55018,-0.02358,-0.75488,0.91725
-0.07038,0.86379,-0.4989,0.01563,-0.55091,0.4037
-0.06809,0.89912,-0.43236,0.01899,0.00416,-0.32461
-0.06458,0.92175,-0.38235,-0.10122,0.73529,-0.99784
-0.04482,0.92146,-0.38587,0.38019,2.27437,-1.90585
-0.03487,0.91536,-0.40111,0.43743,0.19174,-0.56799
-0.02519,0.91159,-0.41032,0.0746,-0.2559,-0.22023
-0.0295,0.90801,-0.41789,-0.48985,-0.57669,0.1764
-0.04006,0.91448,-0.40263,-0.39463,0.04615,0.64184
-0.0474,0.93297,-0.35681,-0.23368,0.30951,1.19055
-0.04376,0.94584,-0.32164,0.1248,1.20298,-0.22133
-0.04816,0.93976,-0.33842,-0.21951,1.19438,-0.23534
-0.05937,0.94123,-0.33249,-0.28394,-0.60325,1.19664
-0.05185,0.94722,-0.31635,-0.11836,-0.671,1.07634
-0.04374,0.95795,-0.28354,-0.07041,-0.49885,0.7777
-0.04849,0.96929,-0.24105,-0.16252,-0.26051,0.66055
-0.05255,0.97895,-0.19719,-0.21586,0.52299,0.70444
-0.05424,0.98505,-0.16342,-0.02831,0.53397,0.70047
-0.06699,0.98788,-0.13997,0.24597,0.30103,0.61818
-0.08426,0.98948,-0.11754,0.34086,-0.12153,0.20819
-0.08856,0.99326,-0.0746,0.32249,-0.24365,0.06358
-0.07683,0.99703,-0.0024,0.05623,-0.30645,0.14791
-0.06115,0.99616,0.06241,0.02084,-0.18461,0.20355
-0.04813,0.99468,0.091,0.0366,-0.11685,0.06046
-0.03661,0.99317,0.11065,0.01205,-0.024,0.07719
-0.03207,0.98982,0.13861,-0.03975,-0.068,0.04259
-0.03118,0.98433,0.17349,-0.05929,-0.04758,-0.06373
-0.03324,0.97645,0.21313,-0.07321,0.00796,-0.17908
-0.03545,0.96722,0.25142,0.00972,0.24667,-0.46002
-0.03874,0.9609,0.27413,0.11336,0.26679,-0.42078
-0.04647,0.95627,0.28874,0.22109,0.11232,-0.43913
-0.05615,0.95188,0.30125,0.15086,0.21342,-0.25643
-0.06297,0.95103,0.30257,0.08466,0.12935,-0.19666
-0.06825,0.95097,0.30161,0.13678,0.21678,-0.18009
-0.07561,0.95171,0.2975,0.13364,0.31537,-0.2441
-0.08152,0.95408,0.28819,0.1113,0.42546,-0.37283
-0.08397,0.9575,0.2759,0.14708,0.54536,-0.41082
-0.08294,0.96481,0.24946,0.31634,0.71051,-0.62489
-0.07917,0.97604,0.20261,0.16584,0.71121,-0.77483
-0.075,0.98832,0.13259,-0.11064,0.30638,-0.48237
-0.07719,0.99609,0.04278,-0.04771,0.52241,0.31611
-0.07497,0.99616,-0.04504,0.09361,0.61346,0.9501
-0.06093,0.99002,-0.127,-0.10649,0.68419,0.9823
-0.04001,0.97931,-0.19834,-0.31985,0.38405,0.71975
-0.02029,0.96632,-0.25652,-0.4436,0.2466,0.45862
0.00094,0.95622,-0.29261,-0.38818,0.04345,0.1283
0.01723,0.95657,-0.29096,-0.0574,-0.05157,0.03373
0.02094,0.95446,-0.29759,0.16453,0.04847,0.40945
0.0221,0.93384,-0.35699,0.18414,-0.22333,0.53348
0.02964,0.91439,-0.40373,0.09362,-0.35014,0.66878
0.03219,0.89806,-0.43868,0.09775,-0.36323,0.71935
0.02733,0.87978,-0.47458,0.08494,-0.31577,0.73238
0.02442,0.86206,-0.50621,-0.09064,-0.33862,0.63757
0.02148,0.84824,-0.52917,-0.27779,-0.43132,0.75161
0.01471,0.84043,-0.54172,-0.32899,-0.49666,0.79801
0.00379,0.84106,-0.54092,-0.1379,-0.57891,0.80539
-0.01031,0.8498,-0.527,-0.15883,-0.57586,0.73223
-0.0242,0.86588,-0.49966,-0.08472,-0.47869,0.40743
-0.03731,0.8893,-0.45579,-0.0175,-0.23137,-0.16175
-0.04971,0.91453,-0.40143,-0.21729,0.92507,-1.04546
-0.04925,0.92476,-0.37734,0.21349,1.899,-1.55212
-0.02514,0.92548,-0.37796,0.48275,0.55566,-0.91631
-0.01799,0.92367,-0.38275,0.0395,-0.29969,-0.22474
-0.01231,0.91988,-0.39199,-0.33721,-0.48157,0.18983
-0.01885,0.91927,-0.39315,-0.44796,-0.0635,0.61204
-0.03068,0.92977,-0.36685,-0.30392,0.44342,0.77488
-0.03799,0.94727,-0.31815,0.28418,1.36294,-0.18637
-0.02437,0.94975,-0.31203,0.06373,0.96858,-0.27924
-0.02805,0.94673,-0.32078,-0.51036,-0.5215,1.29513
-0.02417,0.94871,-0.3152,-0.37993,-0.70011,0.7182
-0.02041,0.9597,-0.28026,-0.29601,-0.42999,0.83293
-0.02659,0.97231,-0.23216,-0.31727,-0.29013,0.58993
-0.03797,0.98133,-0.18853,-0.3273,-0.06789,0.53306
-0.04346,0.98786,-0.14908,-0.08684,0.47576,0.68053
-0.04954,0.99184,-0.11743,0.25775,0.35628,0.59383
-0.06475,0.99272,-0.10153,0.37537,0.2396,0.44799
-0.08213,0.9926,-0.0893,0.51358,-0.17299,-0.13818
-0.08714,0.99517,-0.04502,0.32789,-0.18844,-0.0375
-0.08003,0.99601,0.03923,0.188,-0.12345,0.35054
-0.07005,0.99276,0.09743,0.14298,-0.23362,-0.01758
-0.05697,0.99061,0.12419,0.15516,-0.12594,-0.01798
-0.04337,0.98833,0.14597,0.03406,-0.04871,-0.06286
-0.0345,0.98443,0.1723,-0.16982,-0.00196,-0.37768
-0.03024,0.97976,0.19783,-0.20561,0.04128,-0.22252
-0.0285,0.97444,0.22278,-0.10114,-0.00902,0.12149
-0.03423,0.96854,0.24646,-0.00065,0.06183,0.02025
-0.04679,0.96363,0.26306,0.10547,0.13288,-0.24057
-0.05591,0.95737,0.28335,0.26715,0.11578,-0.49924
-0.05667,0.94704,0.31605,0.35561,0.24204,-0.46538
-0.05922,0.94149,0.33175,0.30066,0.3279,-0.2375
-0.06904,0.93989,0.3344,0.2494,0.45411,-0.14957
-0.07585,0.93856,0.33663,0.14594,0.43056,-0.37334
-0.07847,0.93902,0.33476,0.08955,0.52387,-0.53143
-0.08121,0.94439,0.3186,0.24763,0.59362,-0.4149
-0.08127,0.95549,0.28356,0.31326,0.70295,-0.40052
-0.07436,0.9703,0.23012,0.07079,0.41692,-0.52824
-0.06739,0.98486,0.15962,-0.10343,0.27301,-0.52306
-0.06495,0.99535,0.07107,-0.14752,0.52861,0.5129
-0.05677,0.99828,-0.01407,-0.03777,0.52177,1.09346
-0.04039,0.99486,-0.09278,-0.17534,0.55997,1.0731
-0.02434,0.98633,-0.1629,-0.55469,0.46908,0.26643
-0.01253,0.9776,-0.21008,-0.57366,0.3395,-0.0592
-0.00124,0.97557,-0.21965,-0.45286,0.2617,-0.14239
-0.00049,0.96722,-0.25391,-0.11545,-0.03313,0.66485
-0.01142,0.94582,-0.32448,0.20655,-0.23753,0.79189
-0.01801,0.92146,-0.38805,0.39859,-0.31786,0.70017
-0.0111,0.90076,-0.43417,0.38669,-0.24095,0.73716
-0.00516,0.87835,-0.47798,0.14154,-0.29723,0.74437
0.0024,0.85514,-0.51838,-0.00329,-0.32084,0.78946
0.00726,0.83409,-0.55157,-0.11717,-0.36327,0.79831
0.00367,0.81944,-0.57315,-0.23083,-0.59233,0.99307
-0.0046,0.81486,-0.57964,-0.13364,-0.63128,0.9878
-0.0167,0.81941,-0.57296,-0.0755,-0.66305,0.94283
-0.02885,0.83367,-0.5515,0.02351,-0.65443,0.35603
-0.03886,0.85716,-0.51358,0.08187,-0.52027,0.00682
-0.04569,0.88701,-0.45946,0.01017,1.49084,-1.76507
-0.04239,0.90335,-0.42679,-0.15099,2.50702,-1.86079
-0.03987,0.9017,-0.4305,-0.23256,0.82658,-0.42741
-0.03893,0.89667,-0.44098,-0.30711,-0.50926,-0.39223
-0.03486,0.89028,-0.45407,-0.47724,-0.35887,-0.18466
-0.03744,0.8869,-0.46042,-0.4482,-0.28977,0.24608
-0.04827,0.90289,-0.42714,-0.51957,0.34757,1.21445
-0.06434,0.92969,-0.36266,0.2183,1.92787,-1.10738
-0.06406,0.93113,-0.35899,0.21803,1.92643,-1.11104
-0.08865,0.93365,-0.34702,-0.08883,-0.33117,0.97657
-0.09115,0.93873,-0.33236,-0.06224,-0.46682,0.88378
-0.07871,0.9504,-0.30089,0.00335,-0.44941,0.83153
-0.0663,0.96444,-0.25583,-0.04047,-0.30946,0.59504
-0.06456,0.97665,-0.20487,-0.12748,0.2515,0.68308
-0.06142,0.98619,-0.15373,-0.08453,0.50487,0.76374
-0.06049,0.99042,-0.1241,0.30395,0.24522,0.65553
-0.06714,0.99122,-0.1138,0.35625,-0.06111,0.35084
-0.07546,0.99264,-0.09464,0.30736,-0.25028,0.08042
-0.07117,0.9966,-0.0413,0.11112,-0.16252,0.094
-0.05215,0.99798,0.03604,0.09409,-0.10867,0.39199
-0.03291,0.99416,0.10268,0.01618,-0.27198,-0.01635
-0.02728,0.98852,0.14852,0.02713,-0.10301,-0.29466
-0.02551,0.98319,0.18072,0.04206,0.07642,-0.22971
-0.02441,0.97821,0.20613,-0.03217,0.04439,-0.27401
-0.0256,0.97159,0.23522,-0.05763,0.03661,-0.29129
-0.02756,0.96332,0.26687,0.01447,0.00807,-0.22592
-0.03455,0.95608,0.29104,0.0571,0.13984,-0.34687
-0.04362,0.9504,0.30791,0.08668,0.27534,-0.45578
-0.05127,0.94449,0.32447,0.28353,0.25453,-0.39775
-0.05933,0.93944,0.3375,0.30669,0.34959,-0.30956
-0.06963,0.93809,0.33928,0.31553,0.29129,-0.23856
-0.07841,0.93824,0.33695,0.05249,0.42219,-0.46542
-0.08142,0.93878,0.33472,-0.11144,0.46909,-0.70139
-0.08259,0.94233,0.3243,-0.22855,0.46008,-0.90732
-0.09147,0.95116,0.29479,0.1598,0.60719,-0.71444
-0.11012,0.96722,0.22876,0.25243,0.5751,-0.64273
-0.12471,0.98217,0.14062,0.35217,0.59341,-0.51954
-0.13026,0.9905,0.04385,0.54389,0.81498,1.09882
-0.11163,0.9924,-0.05162,0.38849,0.80258,1.1466
-0.07373,0.988,-0.13564,0.08513,0.84424,1.19167
-0.0377,0.97872,-0.20167,-0.60131,0.80677,0.56576
-0.01244,0.96706,-0.25423,-0.60582,0.45335,0.28356
0.00756,0.96127,-0.27547,-0.47734,0.13426,-0.13645
0.01256,0.95977,-0.28047,-0.15331,0.07337,0.17627
0.00372,0.93853,-0.34516,0.04984,-0.21122,0.85315
0.0134,0.91391,-0.40568,0.31555,-0.38745,0.8422
0.03504,0.8977,-0.4392,0.39916,-0.21714,0.87211
0.03744,0.87731,-0.47844,0.44148,-0.365,0.72284
0.03466,0.85585,-0.51605,-0.04657,-0.46495,0.6951
0.02955,0.83921,-0.54299,-0.55209,-0.6416,1.06451
0.00925,0.82858,-0.55979,-0.63034,-0.73771,1.13176
-0.01511,0.827,-0.56199,-0.14391,-0.74601,1.13125
-0.03996,0.83456,-0.54946,-0.09862,-0.78375,0.97761
-0.05498,0.85201,-0.52063,-0.11704,-0.77004,0.84947
-0.06101,0.87874,-0.47338,-0.01324,-0.28779,0.41958
-0.06555,0.91012,-0.40912,0.01898,1.13186,-1.06526
-0.05226,0.92737,-0.37045,-0.27645,2.58601,-2.63945
-0.03802,0.92016,-0.38967,0.86709,0.76552,-0.87032
-0.03275,0.91427,-0.40376,0.33382,-0.22775,-0.1368
-0.02077,0.9097,-0.41474,-0.21725,-0.67617,-0.0889
-0.01819,0.90168,-0.43201,-0.11237,-0.78751,0.27357
-0.0197,0.90448,-0.42604,-0.19519,0.25685,1.15093
-0.01493,0.92392,-0.38227,0.02369,0.94851,0.56238
-0.00966,0.94431,-0.32888,0.03012,2.41555,-1.35736
-0.01339,0.93419,-0.35652,-0.93615,-0.32794,1.63037
-0.02667,0.92405,-0.38134,-0.55065,-1.05512,0.7181
-0.04413,0.92766,-0.37079,-0.20722,-0.82222,1.16353
-0.04197,0.94067,-0.33669,-0.09439,-0.4539,1.0024
-0.04094,0.95619,-0.28986,-0.10339,-0.19604,0.8337
-0.05416,0.97206,-0.22836,-0.4817,0.54568,0.62657
-0.06476,0.98283,-0.17273,-0.27584,0.99598,0.64772
-0.05961,0.98579,-0.15702,0.13873,0.7327,0.65137
-0.06885,0.98398,-0.16441,0.56981,-0.04482,0.08445
-0.0869,0.98465,-0.15132,0.65284,-0.438,-0.30919
-0.09916,0.99253,-0.07095,0.51983,-0.46859,-0.12372
-0.09441,0.99502,0.03179,0.24086,-0.09884,0.55744
-0.08506,0.99255,0.08715,0.19332,-0.20072,-0.00045
-0.07034,0.99137,0.11052,0.18205,-0.15205,0.00311
-0.0534,0.98973,0.13254,0.02974,-0.14905,-0.0575
-0.04663,0.98533,0.16409,-0.29319,-0.00254,-0.37303
-0.04872,0.97809,0.20236,-0.3039,-0.06126,-0.08598
-0.05456,0.96967,0.23821,-0.29293,-0.14237,0.12443
-0.06647,0.96209,0.26445,-0.01732,0.20798,-0.18689
-0.08143,0.95401,0.28847,0.14176,0.26293,-0.446
-0.08452,0.94269,0.32276,0.27388,0.28802,-0.66016
-0.08241,0.93394,0.34776,0.26143,0.3606,-0.25396
-0.09766,0.93159,0.35011,0.29816,0.43378,-0.24674
-0.11546,0.92965,0.34986,0.33291,0.5017,-0.22835
-0.12481,0.92973,0.34642,0.49397,0.53252,-0.31035
-0.1267,0.93337,0.33576,0.57874,0.53525,-0.20693
-0.12106,0.94382,0.30745,0.59401,0.59865,-0.15437
-0.10065,0.95893,0.26515,-0.18289,0.4004,-0.52087
-0.07403,0.97464,0.21113,-0.48331,0.35048,-0.91923
-0.05914,0.98959,0.13115,-0.48483,0.52665,0.52022
-0.06261,0.99719,0.04092,-0.10482,0.46154,1.09125
-0.05681,0.99733,-0.04566,-0.11003,0.56904,1.02077
-0.04226,0.991,-0.12693,-0.45626,0.49493,0.18984
-0.02304,0.98112,-0.19197,-0.49919,0.29743,-0.04982
-0.00261,0.97507,-0.22184,-0.42225,0.22726,0.29359
0.01285,0.96934,-0.24536,-0.14226,-0.1493,0.35818
0.01418,0.95892,-0.28329,0.04005,-0.20904,0.80008
0.01235,0.93881,-0.34419,0.14867,-0.26721,0.81048
0.01718,0.91447,-0.40428,0.33149,-0.26037,0.58252
0.02912,0.89186,-0.45137,0.3228,-0.37387,0.61282
0.03697,0.86891,-0.49358,0.09919,-0.37774,0.75821
0.03378,0.8453,-0.53321,-0.19654,-0.5249,0.79969
0.02299,0.82524,-0.56431,-0.35592,-0.62773,0.91013
0.00412,0.81373,-0.58122,-0.27066,-0.63649,0.94956
-0.01714,0.81144,-0.58417,-0.15325,-0.62184,0.72713
-0.04052,0.81821,-0.57349,0.06532,-0.6019,0.37686
-0.06145,0.83565,-0.54581,0.23791,-0.48364,-0.25608
-0.06514,0.86177,-0.5031,-0.0258,0.32288,-1.33588
-0.0461,0.88484,-0.4636,-1.05937,1.72664,-1.13207
-0.03059,0.89364,-0.44774,-0.13935,0.88804,-0.43283
-0.02179,0.89741,-0.44066,0.09875,-0.00594,-0.43872
-0.02107,0.89531,-0.44493,-0.3465,-0.31847,-0.09951
-0.03751,0.88799,-0.45832,-0.40289,-0.29188,-0.01396
-0.06969,0.89022,-0.45016,-0.14558,0.09957,1.62512
-0.08977,0.91275,-0.39851,0.43929,0.94781,0.51814
-0.05097,0.92422,-0.37843,-0.12668,1.76057,-1.09665
-0.05597,0.92637,-0.37242,-0.49171,0.02606,1.0591
-0.05775,0.93557,-0.34838,-0.15614,-0.52503,0.94344
-0.0497,0.95004,-0.30812,-0.11219,-0.46629,0.92997
-0.04427,0.96447,-0.26044,0.05105,-0.42193,0.75224
-0.052,0.97684,-0.20754,-0.06795,0.03595,0.75356
-0.05687,0.98659,-0.15295,-0.03067,0.35661,0.8349
-0.06398,0.99076,-0.1195,0.39209,0.36966,0.73717
-0.07948,0.99161,-0.10186,0.44425,0.16104,0.40302
-0.0895,0.99311,-0.07553,0.35592,-0.13418,0.01569
-0.07731,0.99681,-0.01946,0.23463,-0.2781,-0.09936
-0.05088,0.99634,0.06855,0.01795,-0.17824,-0.1851
-0.03784,0.98973,0.13776,0.03781,-0.22342,-0.32074
-0.03271,0.98417,0.17414,0.06527,-0.29604,-0.32834
-0.02656,0.98115,0.19136,-0.13364,0.00199,0.12018
-0.0304,0.97703,0.21088,-0.13556,0.10767,-0.12969
-0.03602,0.96927,0.24331,-0.03902,0.08111,-0.3131
-0.03392,0.9604,0.27651,0.10805,0.2534,-0.04444
-0.03091,0.95183,0.30504,0.11226,0.42285,-0.15493
-0.03039,0.9413,0.33616,-0.08581,0.23972,-0.6484
-0.03396,0.93206,0.36067,-0.08515,0.37294,-0.46562
-0.04842,0.92925,0.36625,-0.01906,0.39232,-0.32912
-0.06741,0.92772,0.36711,0.33321,0.41353,-0.25841
-0.08687,0.9272,0.36434,0.53424,0.41042,-0.5656
-0.09814,0.92965,0.35509,0.51193,0.30138,-0.73493
-0.0993,0.93531,0.33958,0.16168,0.44633,-0.91836
-0.10174,0.94765,0.30262,0.15593,0.53936,-0.66566
-0.10673,0.96666,0.23273,0.25845,0.57001,-0.58638
-0.10662,0.98425,0.14095,0.24927,0.77306,0.33033
-0.09517,0.9946,0.04113,0.31923,0.77529,1.1585
-0.06484,0.99642,-0.05404,-0.09442,1.02112,1.08635
-0.02923,0.99105,-0.13024,-0.51442,1.06552,0.7819
-0.00347,0.98214,-0.18807,-0.68449,0.6142,0.01561
0.02303,0.9733,-0.22836,-0.56518,0.13614,-0.23131
0.03842,0.97048,-0.23809,-0.32714,0.09892,0.31931
0.0342,0.95816,-0.28414,-0.07882,-0.16468,0.93775
0.02025,0.93235,-0.36096,0.13214,-0.26324,1.02779
0.01924,0.90427,-0.42651,0.44373,-0.36851,0.73233
0.03002,0.88287,-0.46865,0.37974,-0.30948,0.73223
0.03566,0.86074,-0.50779,0.28434,-0.33252,0.80773
0.03281,0.83904,-0.54308,-0.24884,-0.61261,0.99127
0.01677,0.82317,-0.56755,-0.30605,-0.72984,1.24995
-0.01122,0.81493,-0.57945,-0.14283,-0.78812,1.19495
-0.04327,0.81705,-0.57493,-0.03376,-0.87818,1.04892
-0.06556,0.83243,-0.55023,0.0182,-0.74707,0.65631
-0.07918,0.86027,-0.50364,0.08985,-0.63876,0.47854
-0.08044,0.89241,-0.44398,-0.07494,1.03493,-1.26679
-0.04465,0.90262,-0.42811,-0.17579,2.86784,-2.8111
-0.0401,0.89364,-0.44699,0.44148,1.62384,-1.66877
-0.04626,0.88938,-0.45481,-0.22905,-0.70632,0.08454
-0.05255,0.88785,-0.45711,-0.80057,0.79178,0.68433
-0.06615,0.89665,-0.43776,-0.37588,1.14214,0.78915
-0.05816,0.90412,-0.42329,0.59961,1.91781,-1.05268
-0.03699,0.90197,-0.43019,-0.49781,0.10628,1.288
-0.04865,0.89565,-0.44207,-0.37455,-1.24784,1.76523
-0.05473,0.89851,-0.43552,-0.10585,-0.96769,0.97944
-0.05504,0.91783,-0.39313,-0.07009,-0.49939,0.99523
-0.05894,0.94066,-0.33417,-0.07697,-0.18543,0.8086
-0.0732,0.96116,-0.2661,-0.26581,0.21418,0.60985
-0.09433,0.97472,-0.20251,-0.46799,0.88862,0.4899
-0.09917,0.98041,-0.17016,0.20265,0.67636,0.63627
-0.10425,0.98153,-0.16036,0.58471,0.25127,0.4383
-0.11085,0.98378,-0.14099,0.68853,-0.17183,0.06279
-0.11044,0.9912,-0.07291,0.71955,-0.48772,-0.11368
-0.10348,0.99401,0.0349,0.34977,-0.31722,0.25018
-0.09437,0.99078,0.09709,0.249,-0.35779,-0.23663
-0.07683,0.98953,0.12207,-0.01157,-0.17027,-0.22115
-0.05638,0.98802,0.14362,-0.2643,0.23008,-0.308
-0.0563,0.98218,0.17925,-0.45713,0.0724,-0.10472
-0.0693,0.97093,0.22908,-0.42417,-0.11007,0.11569
-0.07901,0.96173,0.26234,-0.06071,0.21975,-0.00608
-0.09345,0.95584,0.27858,0.18293,0.41148,-0.45901
-0.10225,0.94862,0.2994,0.25714,0.29514,-0.57024
-0.10615,0.94214,0.31793,0.22896,0.29326,-0.17128
-0.1199,0.9403,0.31848,0.16215,0.34841,-0.25236
-0.13438,0.93797,0.31958,0.20506,0.50101,-0.29444
-0.147,0.93763,0.31499,0.46804,0.42417,-0.32565
-0.1548,0.93985,0.30448,0.51945,0.47567,-0.45929
-0.15534,0.94568,0.28556,0.4108,0.62528,-0.40156
-0.14693,0.95696,0.25023,0.23666,0.56397,-0.44556
-0.13241,0.97142,0.19693,0.09812,0.33851,-0.56031
-0.11766,0.98556,0.12167,-0.13731,0.5095,-0.23196
-0.10233,0.99412,0.03505,-0.0532,0.56195,1.08424
-0.08381,0.9953,-0.0484,-0.09736,0.69464,1.07168
-0.06013,0.98992,-0.12818,-0.37778,0.56939,0.75228
-0.03954,0.97976,-0.1962,-0.49674,0.33592,-0.12731
-0.02022,0.97242,-0.23233,-0.52819,0.2401,0.11429
-0.00927,0.96997,-0.24303,-0.50855,0.14409,0.13363
-0.01184,0.96269,-0.27032,-0.11711,-0.08685,0.8821
-0.02492,0.94239,-0.33358,0.21818,-0.26154,0.84722
-0.02428,0.91564,-0.40125,0.33214,-0.30892,0.61333
-0.01037,0.89333,-0.44927,0.3021,-0.43122,0.63567
0.00345,0.8734,-0.48699,0.28266,-0.36805,0.64202
0.01116,0.85299,-0.5218,0.20335,-0.40812,0.73481
0.01025,0.83536,-0.54959,-0.20142,-0.64118,0.84864
0.00083,0.82466,-0.56561,-0.22009,-0.61168,0.90317
-0.01478,0.82273,-0.56824,-0.19474,-0.60486,0.90889
-0.03414,0.8292,-0.55789,-0.07808,-0.61139,0.74825
-0.05398,0.84453,-0.53278,0.09699,-0.30266,0.01393
-0.06788,0.86722,-0.49326,0.1109,-0.32535,-0.02558
-0.04925,0.88626,-0.46056,-0.22843,1.72144,-1.95224
-0.00574,0.8863,-0.46308,-0.12442,1.56199,-1.58871
-0.00388,0.88709,-0.46158,-0.01885,0.68216,-0.86499
-0.00643,0.88959,-0.4567,-0.27068,-0.54236,0.0374
-0.0197,0.8916,-0.45239,-0.39567,-0.06926,0.49134
-0.02611,0.90219,-0.43053,-0.37013,0.79481,1.42788
-0.02379,0.92386,-0.38197,-0.02168,1.11917,0.4489
0.00211,0.92835,-0.37168,-0.43607,-0.40357,1.39362
0.00246,0.9226,-0.38575,-0.49851,-0.64675,1.26635
0.00072,0.92873,-0.37075,-0.34414,-0.61489,1.01442
0.0014,0.94485,-0.32749,-0.17659,-0.50175,0.89339
-0.00669,0.96264,-0.27069,-0.13605,-0.21438,0.80647
-0.02213,0.97687,-0.21266,-0.31219,0.3062,0.6828
-0.03009,0.98527,-0.1683,-0.09,0.41161,0.71257
-0.04015,0.98852,-0.14561,0.2476,0.32955,0.68517
-0.05838,0.98875,-0.13766,0.44565,0.10941,0.40412
-0.07542,0.9905,-0.11488,0.4872,-0.14526,0.08342
-0.0784,0.99537,-0.05545,0.42016,-0.3621,-0.19245
-0.06356,0.99718,0.03959,0.02215,-0.10079,0.24061
-0.05043,0.9932,0.10487,0.03633,-0.14547,-0.11802
-0.04256,0.99032,0.13207,0.12262,-0.01777,-0.31853
-0.03147,0.9881,0.15052,-0.11253,-0.0067,-0.14127
-0.03245,0.98312,0.17999,-0.21825,-0.133,-0.1425
-0.04252,0.9752,0.21714,-0.14975,-0.19739,0.15661
-0.05375,0.96812,0.24462,0.01237,0.11361,0.09022
-0.07316,0.96286,0.25986,0.20065,0.28477,-0.26173
-0.08674,0.95607,0.27999,0.34269,0.26607,-0.4865
-0.08916,0.94415,0.31721,0.28256,0.27889,-0.40278
-0.09375,0.93932,0.32995,0.12906,0.38729,-0.2611
-0.10577,0.93839,0.32898,0.11353,0.50554,-0.33372
-0.11776,0.93701,0.32882,0.28615,0.59616,-0.42446
-0.13198,0.93913,0.31717,0.59045,0.62201,-0.30234
-0.13828,0.94697,0.29001,0.65261,0.51299,-0.20621
-0.12568,0.95949,0.25214,0.20593,0.75786,-0.32048
-0.10218,0.97442,0.20009,-0.22057,0.39812,-0.66272
-0.08568,0.98885,0.12177,-0.35765,0.51131,-0.00219
-0.07593,0.99664,0.03059,-0.09446,0.49522,1.13057
-0.0564,0.99701,-0.05266,-0.1335,0.61513,0.98623
-0.02891,0.99167,-0.12551,-0.41343,0.65843,0.66883
-0.00098,0.98336,-0.18163,-0.60482,0.56292,-0.05057
0.02645,0.97777,-0.20799,-0.55709,0.16904,0.02494
0.05184,0.9748,-0.21694,-0.39056,-0.08894,-0.0477
0.06191,0.96597,-0.25111,-0.2144,-0.25781,0.78291
0.05451,0.947,-0.31656,0.04356,-0.53315,0.66025
0.04046,0.92152,-0.38622,0.05761,-0.50767,0.72991
0.02699,0.89814,-0.43888,0.36124,-0.39103,0.65827
0.0274,0.87943,-0.47524,0.22179,-0.29184,0.65805
0.03449,0.8596,-0.50979,0.0595,-0.35352,0.64394
0.03332,0.84105,-0.53992,-0.2324,-0.46973,0.75523
0.02407,0.82785,-0.56043,-0.31786,-0.52069,0.80925
0.00671,0.82269,-0.56845,-0.15373,-0.53716,0.85509
-0.01662,0.82638,-0.56287,-0.16614,-0.64176,0.74072
-0.0399,0.83888,-0.54284,-0.03191,-0.66617,0.40165
-0.05789,0.86142,-0.50458,0.11239,-0.38208,-0.16465
-0.06224,0.88717,-0.45721,-0.22994,0.83239,-1.12848
-0.04543,0.89823,-0.43717,-0.34403,2.00163,-1.60276
-0.03623,0.89979,-0.4348,0.11051,0.7163,-0.68534
-0.04224,0.89466,-0.44473,-0.09628,-0.12265,-0.40628
-0.05572,0.88779,-0.45685,-0.27887,-0.58494,0.12476
-0.07536,0.89115,-0.44741,-0.27336,-0.09349,0.35868
-0.0805,0.90827,-0.41055,0.22929,0.8471,1.42208
-0.05954,0.92607,-0.37262,-0.15471,1.60732,0.08835
-0.04536,0.92318,-0.38167,-0.39049,0.1074,0.99561
-0.04581,0.92275,-0.38265,-0.27903,-0.60438,1.03708
-0.04566,0.93178,-0.36013,-0.20832,-0.61426,1.0783
-0.03685,0.94919,-0.31254,-0.15519,-0.56138,0.92347
-0.03732,0.96566,-0.2571,-0.11479,-0.14854,0.70664
-0.03988,0.97692,-0.2098,-0.08648,0.26601,0.71783
-0.04942,0.98235,-0.18039,0.16553,0.48093,0.74919
-0.06842,0.98353,-0.16723,0.34304,0.29857,0.58592
-0.08384,0.98491,-0.15138,0.38787,-0.08253,0.07504
-0.08275,0.99071,-0.10783,0.40904,-0.17605,-0.18945
-0.06702,0.99761,-0.01628,0.32709,-0.26961,-0.35098
-0.04771,0.99706,0.05974,0.08406,-0.24388,-0.01649
-0.03072,0.99552,0.08937,0.1003,-0.22681,-0.04795
-0.0145,0.99368,0.11125,-0.00477,0.00998,0.02386
-0.00548,0.98994,0.1413,-0.15988,-0.0448,-0.13309
-0.00789,0.98278,0.18457,-0.29106,-0.09789,-0.34218
-0.01175,0.97457,0.22375,-0.122,-0.0891,0.02996
-0.01949,0.96865,0.24763,0.05089,0.09232,-0.00767
-0.03143,0.9627,0.26871,0.13296,0.23936,-0.1914
-0.03871,0.95484,0.29455,0.37254,0.20516,-0.62463
-0.04284,0.94654,0.31969,0.28718,0.31864,-0.42576
-0.04927,0.94286,0.32949,0.20958,0.38311,-0.33799
-0.05964,0.94138,0.33199,0.25469,0.45332,-0.23887
-0.07049,0.94226,0.32736,0.1726,0.46023,-0.53366
-0.07463,0.94574,0.31622,0.07701,0.46031,-0.73803
-0.07669,0.95407,0.28956,0.21863,0.58294,-0.65528
-0.08147,0.96928,0.23204,0.19217,0.71117,-0.53361
-0.08142,0.98528,0.15027,0.0961,0.61422,-0.50506
-0.08054,0.9956,0.04772,0.12931,0.54969,0.49375
-0.0684,0.99647,-0.04858,0.26588,0.42492,1.16549
-0.03891,0.99024,-0.13376,-0.19012,0.75843,1.09515
-0.00797,0.97929,-0.20229,-0.52265,1.02413,0.75994
0.0122,0.96518,-0.2613,-0.6993,0.77367,0.00969
0.02342,0.95723,-0.28836,-0.54639,0.28078,-0.11172
0.03144,0.95047,-0.30919,-0.30831,0.09648,0.30125
0.03012,0.93059,-0.36481,-0.07367,-0.29004,0.88184
0.03442,0.90439,-0.42531,0.08961,-0.39996,1.00946
0.04441,0.88088,-0.47124,0.36217,-0.34841,0.79759
0.04482,0.85762,-0.51232,0.33842,-0.27361,0.72195
0.0382,0.83517,-0.54866,0.34269,-0.26214,0.75948
0.02427,0.81544,-0.57833,-0.03805,-0.50046,0.9367
0.00647,0.80072,-0.59899,-0.3786,-0.71514,1.02102
-0.01291,0.79499,-0.60647,-0.3573,-0.72668,1.0206
-0.0351,0.79911,-0.60015,-0.15691,-0.76713,1.03365
-0.05559,0.81272,-0.57999,-0.01124,-0.62388,0.51733
-0.06936,0.83711,-0.54262,0.06143,-0.50723,0.25417
-0.0747,0.8678,-0.49125,0.10891,-0.22704,-0.22841
-0.0566,0.87843,-0.47449,-0.06629,2.67732,-1.9669
-0.0477,0.87918,-0.47409,-0.0421,1.04642,-0.77064
-0.04785,0.87884,-0.47471,-0.15357,-0.08211,-0.37228
-0.04861,0.87463,-0.48233,-0.44379,-0.58423,0.08684
-0.05529,0.87776,-0.4759,-0.54372,-0.17262,0.619
-0.05782,0.89451,-0.44329,-0.25348,0.69416,0.54784
-0.03921,0.91371,-0.40446,0.71886,1.84198,-0.21302
-0.02309,0.91233,-0.40879,-0.06739,0.42847,0.45919
-0.01335,0.90921,-0.41612,-0.43459,-0.77272,1.41319
0.00195,0.91791,-0.39677,-0.31738,-0.56613,0.95192
0.01496,0.93557,-0.35281,-0.2609,-0.52932,0.86016
0.01636,0.95361,-0.30058,-0.21628,-0.11448,0.65341
0.00463,0.96869,-0.24823,-0.34206,0.46018,0.56563
-0.00443,0.97889,-0.2043,-0.0644,0.65175,0.64041
-0.01263,0.98283,-0.18406,0.27657,0.31064,0.56089
-0.02873,0.983,-0.18132,0.44781,0.01953,0.28673
-0.04363,0.98436,-0.17063,0.52058,-0.0987,0.14076
-0.0487,0.99159,-0.11988,0.3518,-0.22622,0.01185
-0.04244,0.99862,-0.03072,0.19215,-0.11807,0.43114
-0.02517,0.99921,0.03052,0.09005,-0.19594,0.35543
-0.0043,0.99822,0.05932,0.06122,-0.09602,-0.06036
0.01444,0.99599,0.08824,-0.02991,0.02641,-0.07748
0.02188,0.99192,0.12493,-0.22859,-0.00997,-0.28153
0.0176,0.98602,0.16566,-0.26151,-0.08779,-0.17936
0.01091,0.98048,0.19627,-0.13658,-0.05673,0.11107
0.00154,0.97631,0.21634,0.00247,0.09965,-0.0896
-0.0111,0.97195,0.23491,0.15232,0.13603,-0.32573
-0.01669,0.96521,0.2609,0.35263,0.1167,-0.43276
-0.02003,0.95743,0.28793,0.24318,0.28732,-0.24386
-0.02688,0.95556,0.29353,0.13013,0.36254,-0.19705
-0.03686,0.95523,0.29353,0.20001,0.43021,-0.13469
-0.04618,0.95515,0.29246,0.15525,0.39707,-0.24056
-0.05085,0.95596,0.28903,0.14226,0.43441,-0.52018
-0.05388,0.96091,0.27151,0.2576,0.61288,-0.56004
-0.05332,0.97122,0.23212,0.28716,0.71056,-0.53703
-0.04904,0.98402,0.17114,0.09676,0.48412,-0.65668
-0.04568,0.99506,0.08801,-0.21982,0.25256,-0.54018
-0.04453,0.999,-0.00092,-0.16322,0.27239,0.13337
-0.0376,0.99552,-0.08663,0.12336,0.26102,1.00507
-0.01893,0.98585,-0.16654,-0.22515,0.67285,1.00261
-0.00451,0.97288,-0.23123,-0.48298,0.87039,0.5606
0.00364,0.96183,-0.27361,-0.57194,0.56909,-0.15447
0.00734,0.95778,-0.28738,-0.37499,0.30764,-0.0219
0.00214,0.9419,-0.33586,-0.26463,-0.03053,0.5079
0.00162,0.91804,-0.39647,0.08504,-0.29925,0.71931
0.00913,0.90003,-0.43572,0.39469,-0.22034,0.88848
0.01286,0.87889,-0.47684,0.38928,-0.29379,0.7698
0.01434,0.85502,-0.51839,0.24533,-0.31213,0.69934
0.01779,0.83378,-0.55181,0.05186,-0.35357,0.75048
0.01571,0.81644,-0.57721,-0.13125,-0.53512,0.83295
0.01067,0.80492,-0.59328,-0.24657,-0.69794,0.90734
0.00396,0.80159,-0.59785,-0.20405,-0.70165,0.84709
-0.00882,0.80687,-0.59065,-0.18447,-0.65905,0.79896
-0.02601,0.82068,-0.57078,-0.15277,-0.6166,0.69034
-0.04327,0.84354,-0.53532,-0.04564,0.15041,-0.87602
-0.05461,0.8658,-0.4974,0.08589,2.2966,-1.50145
-0.03393,0.86791,-0.49556,-0.44173,1.13932,-0.67282
-0.02413,0.86718,-0.49741,-0.17393,-0.04398,-0.35187
-0.01828,0.86428,-0.50267,-0.16038,-0.50149,-0.22321
-0.02182,0.86551,-0.5004,-0.21798,-0.47999,0.33704
-0.02304,0.87452,-0.48443,-0.49173,-0.12824,0.94607
-0.02732,0.90033,-0.43434,-0.24406,0.47142,1.31665
-0.02862,0.92911,-0.36867,0.66082,2.28814,-1.10563
-0.003,0.92946,-0.36891,-0.22295,0.42117,0.53234
-0.00856,0.93123,-0.36433,-0.3996,-0.53532,1.21904
-0.00064,0.93561,-0.35302,-0.34375,-0.57778,0.76516
0.00659,0.94779,-0.31882,-0.20867,-0.62989,0.78175
0.00828,0.96484,-0.26267,-0.16212,-0.57928,0.68919
0.00083,0.9789,-0.20433,-0.24388,0.07593,0.64496
-0.00928,0.98765,-0.15634,-0.15405,0.47905,0.63322
-0.02131,0.99159,-0.1276,-0.01287,0.52611,0.59867
-0.03859,0.9919,-0.12093,0.38012,0.22653,0.33947
-0.05595,0.99161,-0.11645,0.53483,-0.13189,-0.15328
-0.06563,0.99537,-0.07011,0.53004,-0.3298,-0.25546
-0.06778,0.99749,0.02009,0.23292,-0.23118,0.20958
-0.05853,0.995,0.08087,0.15254,-0.17531,-0.0053
-0.0418,0.99374,0.10353,0.13421,-0.09194,-0.04174
-0.02286,0.99251,0.11993,0.06047,0.00171,0.1177
-0.01463,0.98844,0.15083,-0.27021,-0.06556,-0.38482
-0.01955,0.9821,0.18731,-0.26528,-0.05921,-0.42131
-0.02165,0.97673,0.21335,-0.21756,-0.11358,0.1236
-0.02879,0.97267,0.23037,-0.09192,0.12743,0.0769
-0.04469,0.96828,0.24579,-0.00796,0.25346,-0.0556
-0.0565,0.9622,0.26638,0.07074,0.27709,-0.19076
-0.05887,0.95256,0.29856,0.21293,0.27739,-0.40713
-0.0579,0.94633,0.31794,0.12749,0.22258,-0.23739
-0.06765,0.94653,0.31542,0.13099,0.32673,-0.19576
-0.08114,0.94615,0.31338,0.22607,0.4623,-0.27354
-0.09236,0.94847,0.30308,0.45432,0.65009,-0.31739
-0.09801,0.95471,0.28091,0.66916,0.66846,-0.25076
-0.091,0.96506,0.24566,0.5444,0.73214,-0.1872
-0.07136,0.97705,0.20065,0.1155,0.56161,-0.61799
-0.056,0.98924,0.13507,-0.32811,0.5117,-1.09284
-0.058,0.99719,0.04729,-0.23709,0.39368,0.82272
-0.0545,0.99781,-0.03723,0.03944,0.32145,1.13315
-0.0394,0.99259,-0.11492,-0.20243,0.43329,0.84661
-0.02542,0.98258,-0.18405,-0.47551,0.60661,0.42497
-0.01528,0.97318,-0.22952,-0.56921,0.42395,-0.05629
-0.00593,0.96922,-0.24612,-0.32068,-0.04862,0.18116
0.00445,0.96231,-0.27188,-0.24764,-0.05939,0.3291
0.00855,0.9444,-0.32867,0.01701,-0.20217,0.77214
0.01046,0.91894,-0.39425,0.27868,-0.25216,0.65826
0.03116,0.89463,-0.44571,0.31889,-0.25277,0.58428
0.05397,0.87099,-0.48832,0.24996,-0.29441,0.6428
0.06323,0.84577,-0.52978,-0.03361,-0.37766,0.79614
0.05775,0.82255,-0.56574,-0.30122,-0.49049,0.92695
0.04241,0.80579,-0.59068,-0.23946,-0.50917,0.98619
0.02358,0.79862,-0.60137,-0.2309,-0.58965,0.87499
0.00157,0.80242,-0.59675,-0.16842,-0.69552,0.7172
-0.02031,0.81849,-0.57416,-0.0318,-0.71486,0.52294
-0.03529,0.84541,-0.53294,0.0657,-0.21753,-0.52097
-0.03064,0.86929,-0.49335,-0.16087,1.43139,-1.417
-0.00026,0.87685,-0.48075,-0.20059,1.48156,-1.25138
0.00153,0.87974,-0.47544,0.22064,0.2455,-0.60758
-0.00945,0.87969,-0.47544,-0.17296,0.1034,0.0558
-0.03201,0.88194,-0.47027,-0.22649,1.38141,0.27942
-0.03011,0.88056,-0.47297,0.39916,1.49537,-0.8432
-0.01395,0.88,-0.47477,-0.67965,-0.69002,1.74027
-0.00444,0.88246,-0.47036,-0.79915,-1.00265,1.58591
0.00851,0.89818,-0.43953,-0.65546,-0.49655,0.39122
0.00796,0.92329,-0.38401,-0.05646,-0.2174,1.13839
0.00589,0.94382,-0.33039,-0.18747,0.11332,0.95012
-0.01709,0.95803,-0.28615,-0.16707,0.328,0.70744
-0.04141,0.96659,-0.25292,0.08033,0.14965,0.44781
-0.05674,0.97339,-0.222,0.25126,0.27972,0.42976
-0.07663,0.9787,-0.19044,0.43531,0.37904,0.41288
-0.10342,0.98146,-0.16136,0.64655,-0.12419,-0.20804
-0.1267,0.98627,-0.10587,0.66983,-0.129,-0.26353
-0.13425,0.98984,-0.04678,0.43531,-0.1372,-0.0523
-0.12371,0.99226,-0.00997,0.27878,-0.24693,0.17836
-0.10157,0.9947,0.01556,0.25665,-0.24937,0.15283
-0.07417,0.99634,0.04232,0.17933,-0.16289,0.13154
-0.04768,0.99612,0.07389,-0.1349,-0.00416,-0.0491
-0.0347,0.99275,0.11497,-0.31194,0.06543,-0.37738
-0.03571,0.98669,0.15862,-0.47069,0.05647,-0.58533
-0.04372,0.98175,0.18505,-0.2088,-0.12677,0.31059
-0.05839,0.97741,0.20306,-0.03034,0.03925,0.14472
-0.07338,0.9722,0.22233,0.17671,0.16066,-0.16357
-0.07867,0.96436,0.25257,0.38124,0.15206,-0.4253
-0.07698,0.9543,0.28874,0.35224,0.29984,-0.41707
-0.08344,0.95097,0.29779,0.11769,0.32048,-0.21145
-0.09872,0.94844,0.30117,0.10869,0.4945,-0.22057
-0.11379,0.94712,0.29999,0.25689,0.42711,-0.30901
-0.1257,0.94858,0.29048,0.57136,0.53419,-0.28789
-0.12812,0.95513,0.267,0.67259,0.57208,-0.2168
-0.11697,0.96593,0.2308,0.46954,0.74477,-0.32365
-0.09807,0.97895,0.17898,-0.10908,0.39093,-0.80711
-0.08381,0.99124,0.102,-0.31229,0.32689,-0.46327
-0.07775,0.99687,0.01407,-0.09658,0.48464,1.19442
-0.06681,0.99504,-0.07355,-0.18182,0.64457,0.87896
-0.052,0.98686,-0.15296,-0.47119,0.56553,0.48333
-0.04404,0.97649,-0.21101,-0.59648,0.52414,0.09619
-0.03961,0.96998,-0.23993,-0.57297,0.32418,0.02973
-0.03786,0.96017,-0.27683,-0.22448,0.06173,0.44056
-0.03742,0.93965,-0.34006,0.0964,-0.21682,0.77139
-0.03162,0.9171,-0.3974,0.46539,-0.19386,0.78604
-0.0212,0.89363,-0.44829,0.39458,-0.19663,0.75678
-0.01031,0.8663,-0.49942,0.34886,-0.24079,0.76732
0.00097,0.83953,-0.5433,0.09646,-0.3267,0.75316
0.00128,0.81345,-0.58162,-0.06776,-0.45228,0.8725
-0.00785,0.79214,-0.61028,-0.18934,-0.57565,0.96582
-0.02058,0.77907,-0.62659,-0.21288,-0.58768,1.02593
-0.03541,0.77575,-0.63004,-0.14139,-0.58222,0.87705
-0.05451,0.78246,-0.6203,-0.03896,-0.55237,0.61495
-0.0746,0.79983,-0.59556,0.19647,-0.55084,0.03285
-0.08492,0.8267,-0.55619,0.15018,-0.13079,-1.02936
-0.06558,0.85142,-0.52036,-0.17725,1.53695,-1.24742
-0.03622,0.85806,-0.51226,-0.59337,1.36284,-0.93766
-0.03266,0.86214,-0.50562,-0.05465,0.11102,-0.35911
-0.03482,0.86258,-0.50471,-0.25113,-0.29256,-0.10683
-0.04744,0.86498,-0.49955,-0.44078,0.25483,0.39158
-0.05975,0.8731,-0.48385,-0.33082,0.6952,0.45621
-0.0592,0.88561,-0.46064,0.88552,0.9082,0.14659
-0.03585,0.89338,-0.44786,0.38828,1.03414,-0.52115
-0.02625,0.89638,-0.44251,-0.41754,-0.63216,1.03084
-0.00476,0.9069,-0.42132,-0.43029,-0.53275,0.67037
0.00625,0.92791,-0.37275,-0.34828,-0.504,0.74032
0.00907,0.95094,-0.30922,-0.21429,0.03726,0.73242
-0.0023,0.96901,-0.247,-0.28005,0.10399,0.61697
-0.01719,0.98022,-0.19715,-0.29006,0.25126,0.60498
-0.02789,0.98576,-0.16577,0.32422,0.35989,0.65194
-0.04126,0.98704,-0.15504,0.45591,0.22072,0.52367
-0.05502,0.98739,-0.14842,0.51061,0.14709,0.35357
-0.06333,0.99205,-0.1087,0.3737,-0.1035,-0.21968
-0.06241,0.99743,-0.03511,0.29589,-0.10627,-0.01174
-0.05114,0.99867,0.00589,0.20607,-0.17936,0.13937
-0.03184,0.99901,0.03078,0.10982,-0.23713,0.16904
-0.01061,0.99834,0.05641,0.07573,-0.19428,0.1748
0.00649,0.99598,0.08931,-0.05285,0.01635,0.03018
0.00972,0.99132,0.13108,-0.2653,0.01772,-0.37899
0.00147,0.98653,0.16353,-0.36165,-0.02498,-0.48355
-0.00605,0.98294,0.18376,-0.00862,-0.05696,0.25244
-0.02053,0.97915,0.20208,0.1686,0.18023,0.01503
-0.03238,0.97452,0.22191,0.32117,0.15657,-0.33664
-0.03532,0.96598,0.25616,0.38067,0.21323,-0.61459
-0.03369,0.95657,0.28952,0.14793,0.29647,-0.26672
-0.04054,0.95524,0.293,0.15409,0.44968,-0.08991
-0.05271,0.95373,0.29599,0.13831,0.43847,-0.27595
-0.06061,0.9534,0.29552,0.15036,0.35804,-0.54393
-0.06654,0.95582,0.28629,0.23727,0.408,-0.50876
-0.06868,0.96347,0.25883,0.34277,0.70552,-0.44169
-0.06301,0.97507,0.21274,0.27849,0.58081,-0.62463
-0.05499,0.98792,0.14484,0.18824,0.3649,-0.65416
-0.05066,0.99718,0.05528,-0.05402,0.33505,0.37148
-0.04643,0.99841,-0.03174,0.11627,0.43267,1.10946
-0.03438,0.99302,-0.1128,-0.14929,0.83175,1.09075
-0.02231,0.9829,-0.18277,-0.44409,0.66244,0.77933
-0.01528,0.96948,-0.24466,-0.62594,0.4019,-0.07047
-0.00777,0.96086,-0.2769,-0.62315,0.25267,-0.04014
-0.01271,0.95511,-0.29597,-0.36065,0.10883,0.45204
-0.01929,0.93507,-0.35393,0.10879,-0.12783,0.79368
-0.01349,0.90918,-0.41616,0.45361,-0.27277,0.59677
-0.00095,0.88675,-0.46224,0.4485,-0.22054,0.73333
0.00254,0.86148,-0.50778,0.30034,-0.23845,0.70639
0.00401,0.83558,-0.54935,0.206,-0.24834,0.79883
0.00404,0.81283,-0.58248,0.07189,-0.33637,0.84901
-0.00209,0.79508,-0.6065,-0.22377,-0.61075,0.95406
-0.01282,0.78543,-0.61881,-0.21304,-0.60111,0.96637
-0.02805,0.78566,-0.61802,-0.11594,-0.6529,0.88111
-0.04746,0.79556,-0.60401,0.07518,-0.59449,0.41191
-0.0651,0.81562,-0.57491,0.10232,-0.50555,0.05234
-0.06931,0.84124,-0.5362,0.11246,-0.28919,-0.51985
-0.03401,0.85231,-0.52192,-0.35193,2.05902,-1.6016
-0.02571,0.85854,-0.51209,-0.42584,1.54286,-1.31884
-0.03015,0.86503,-0.5008,-0.14113,-0.26112,-0.44526
-0.04004,0.86908,-0.49304,-0.19845,-0.36075,0.22749
-0.04274,0.87797,-0.47679,-0.23878,0.64877,0.63814
-0.03659,0.89569,-0.44317,-0.04645,1.11724,0.92288
-0.02134,0.907,-0.42057,-0.04831,0.96443,-0.4184
-0.01225,0.90524,-0.42472,-0.32782,-0.51866,1.2333
-0.00219,0.91405,-0.4056,-0.40794,-0.69215,0.87801
0.00535,0.93122,-0.36441,-0.22767,-0.48423,0.96641
0.00748,0.95157,-0.30733,-0.21151,-0.24487,0.79775
-0.0002,0.97051,-0.24104,-0.23434,-0.11626,0.64089
-0.01069,0.98378,-0.17904,-0.20264,0.21648,0.59615
-0.02163,0.99031,-0.13714,0.06803,0.54178,0.65922
-0.03877,0.99132,-0.12558,0.46455,0.1449,0.3458
-0.05596,0.99074,-0.12367,0.55209,-0.03748,-0.08792
-0.06286,0.99377,-0.09196,0.45274,-0.22199,-0.19474
-0.06237,0.99795,-0.01359,0.22947,-0.09596,0.19256
-0.05363,0.99795,0.03453,0.20083,-0.2036,0.06822
-0.03605,0.99788,0.05404,0.18543,-0.15216,-0.01813
-0.01742,0.9969,0.07659,0.08322,-0.08781,0.07203
-0.00218,0.99468,0.10287,-0.06664,-0.00579,-0.12391
0.00383,0.99007,0.14046,-0.1698,0.05854,-0.23158
-0.00139,0.98393,0.17848,-0.22482,-0.12273,0.05008
-0.00499,0.97975,0.20014,-0.12881,0.03246,0.15394
-0.01433,0.97622,0.21627,-0.0742,0.107,0.05624
-0.02392,0.97043,0.24016,0.17105,0.07224,-0.36328
-0.02481,0.96154,0.2735,0.19103,0.21731,-0.52327
-0.02496,0.95622,0.29154,0.1216,0.26033,-0.32198
-0.03832,0.9553,0.29311,0.18705,0.41053,-0.07882
-0.053,0.95458,0.29317,0.15557,0.4268,-0.23756
-0.05934,0.95484,0.2911,0.17163,0.40599,-0.58184
-0.06321,0.95814,0.27921,0.33536,0.55483,-0.47657
-0.06707,0.967,0.24575,0.31702,0.77084,-0.43389
-0.06262,0.97855,0.19623,0.22905,0.45844,-0.63602
-0.05705,0.99069,0.12352,-0.05773,0.22668,-0.6703
-0.05417,0.99802,0.03176,-0.08018,0.40672,0.47864
-0.04967,0.99712,-0.0572,0.0799,0.46281,1.16069
-0.03686,0.98954,-0.13944,-0.05433,0.64791,1.1511
-0.02679,0.97775,-0.208,-0.58376,0.4407,0.39555
-0.02004,0.96452,-0.26324,-0.59051,0.45394,0.45079
-0.0131,0.96031,-0.27859,-0.65751,0.24574,-0.20119
-0.01626,0.95173,-0.30647,-0.07807,-0.048,0.75615
-0.01775,0.92795,-0.37227,0.13486,-0.19716,0.75009
-0.00783,0.90504,-0.42524,0.4283,-0.30415,0.63063
0.00445,0.8854,-0.46481,0.38724,-0.24623,0.7292
0.00589,0.86165,-0.50747,0.32178,-0.29736,0.73762
0.00744,0.83693,-0.54726,0.17316,-0.30389,0.78604
0.00814,0.8145,-0.5801,-0.08631,-0.39837,0.83583
0.00287,0.79751,-0.6033,-0.26876,-0.57413,0.88186
-0.00711,0.78901,-0.61433,-0.1637,-0.53727,0.9297
-0.02165,0.78993,-0.61281,-0.13709,-0.59439,0.83599
-0.04058,0.801,-0.59728,-0.03619,-0.58054,0.58941
-0.05912,0.82242,-0.56579,0.20684,-0.48395,0.07217
-0.0618,0.8513,-0.52102,0.09871,0.042,-0.88074
-0.03081,0.87182,-0.48885,-0.35225,1.83378,-1.5161
-0.00666,0.87632,-0.48167,-0.46881,1.22703,-1.06362
-0.00695,0.87716,-0.48014,-0.0681,-0.07411,-0.50634
-0.01859,0.8757,-0.48249,-0.19038,-0.41682,-0.35157
-0.03616,0.88244,-0.46902,-0.34513,1.07964,0.34666
-0.03653,0.89275,-0.44905,0.07413,1.39271,0.08124
-0.01822,0.89966,-0.4362,-0.3374,0.04965,0.55188
-0.00704,0.90048,-0.43482,-0.36796,-0.71923,1.38201
0.00888,0.90766,-0.41961,-0.33779,-0.61118,0.81223
0.0163,0.92558,-0.37818,-0.21629,-0.33754,0.94892
0.01352,0.94677,-0.32161,-0.28946,0.02709,0.83135
0.0047,0.96713,-0.25422,-0.38328,0.19992,0.6505
-0.00041,0.9815,-0.19141,-0.26978,0.32311,0.64057
-0.00838,0.98773,-0.15591,0.28472,0.34938,0.72294
-0.02164,0.98796,-0.15316,0.46713,0.08339,0.41489
-0.0339,0.98793,-0.15112,0.49447,0.00455,0.2779
-0.03622,0.99221,-0.11911,0.47974,-0.28338,-0.19561
-0.03182,0.99875,-0.03849,0.20268,-0.07037,0.25351
-0.02124,0.99946,0.02458,0.17114,-0.10869,0.29582
-0.00421,0.99851,0.05428,0.15756,-0.12658,-0.05009
0.01529,0.99671,0.07948,0.08089,-0.10972,-0.00057
0.03159,0.99356,0.10877,-0.11486,0.00525,-0.17419
0.03734,0.988,0.14984,-0.28808,0.0874,-0.24478
0.02863,0.98135,0.19004,-0.29763,-0.08241,-0.07041
0.02087,0.97659,0.21408,-0.08366,-0.03635,0.09636
0.01102,0.97326,0.22942,0.04222,0.17004,-0.07727
0.00141,0.96873,0.24809,0.19162,0.12896,-0.36494
-0.00221,0.9615,0.27476,0.2175,0.14806,-0.46659
-0.00892,0.95778,0.28733,0.22771,0.31723,-0.14173
-0.0231,0.95631,0.29139,0.26533,0.36031,0.00477
-0.03444,0.95339,0.29975,0.25599,0.41911,-0.01268
-0.03839,0.95128,0.30589,0.10572,0.47523,-0.57731
-0.04284,0.95379,0.29736,0.20174,0.48848,-0.46215
-0.04614,0.96141,0.2712,0.27302,0.55472,-0.3713
-0.04126,0.9728,0.22791,0.22574,0.68345,-0.44877
-0.03329,0.98542,0.16677,0.01239,0.2815,-0.81649
-0.03062,0.99616,0.08191,-0.16537,0.26359,-0.74315
-0.03265,0.99943,-0.00754,0.08896,0.33225,1.12824
-0.02735,0.99543,-0.09144,-0.03844,0.45112,0.99505
-0.01676,0.98608,-0.16536,-0.35523,0.59019,0.85315
-0.00788,0.97345,-0.22875,-0.56721,0.43646,0.20317
0.00117,0.96519,-0.26154,-0.62219,0.34574,0.02152
0.00368,0.96211,-0.2726,-0.48354,0.01007,0.02886
-1e-05,0.94822,-0.3176,-0.15886,-0.05445,0.7011
-0.00411,0.92375,-0.38297,0.54916,-0.19126,0.62469
0.00367,0.89955,-0.43679,0.54147,-0.14357,0.63297
0.01479,0.87599,-0.48209,0.44616,-0.16778,0.64542
0.02357,0.8516,-0.52366,0.16955,-0.18211,0.80415
0.02638,0.82697,-0.56162,0.00036,-0.27727,0.91
0.02448,0.80597,-0.59145,-0.16139,-0.39291,0.90573
0.01813,0.79234,-0.6098,-0.27626,-0.59122,0.911
0.00818,0.78871,-0.61471,-0.23865,-0.60486,0.87041
-0.00803,0.79528,-0.60618,-0.09268,-0.56642,0.57781
-0.02552,0.81243,-0.5825,0.06796,-0.43669,-0.11583
-0.03498,0.83847,-0.54381,0.06381,0.39116,-1.20234
-0.01122,0.85685,-0.51544,-0.52418,1.78498,-1.51204
0.01121,0.8611,-0.50831,-0.15257,0.62636,-0.76213
0.00779,0.86449,-0.50259,-0.04042,-0.24426,-0.34307
-0.00975,0.86672,-0.4987,-0.1053,-0.27032,0.50114
-0.01859,0.87315,-0.48708,-0.33511,0.60423,0.66298
-0.01569,0.88681,-0.46186,-0.21157,1.11994,0.81895
0.0148,0.89735,-0.44106,-0.53046,1.09168,-0.8227
0.01379,0.89572,-0.4444,-0.30266,-0.78625,1.83296
0.02247,0.8993,-0.43673,-0.27221,-0.92573,1.51301
0.03315,0.91483,-0.40247,-0.2412,-0.60269,0.88303
0.03789,0.93584,-0.35037,-0.2623,-0.09134,0.93673
0.03394,0.95638,-0.29012,-0.3357,0.01892,0.67957
0.02703,0.97432,-0.2235,-0.39533,0.3188,0.52904
0.02136,0.98549,-0.16837,-0.07575,0.52599,0.67247
0.01087,0.98912,-0.14664,0.33895,0.31741,0.61704
-0.00442,0.98938,-0.14525,0.4872,0.07175,0.28541
-0.01595,0.9913,-0.13058,0.61493,-0.24391,-0.17559
-0.0212,0.9977,-0.06426,0.35335,-0.1861,0.00539
-0.01893,0.99974,0.01199,0.2298,-0.04291,0.11086
-0.00558,0.9989,0.04641,0.16523,-0.17494,0.00415
0.01308,0.9974,0.0708,0.14657,-0.17344,-0.02023
0.03286,0.99426,0.10168,0.04337,-0.14019,-0.01612
0.04787,0.98937,0.13725,-0.21381,0.07255,-0.19505
0.04946,0.98226,0.18083,-0.26383,0.09045,-0.21102
0.03812,0.97526,0.21768,-0.25516,-0.03717,-0.06396
0.02988,0.97073,0.23825,-0.13613,0.15851,0.03952
0.01967,0.96701,0.25394,0.00266,0.13281,-0.20899
0.01283,0.95996,0.2798,0.24119,0.11851,-0.5298
0.01187,0.95164,0.30696,0.20985,0.33322,-0.31088
0.0034,0.94904,0.3151,0.19292,0.44784,-0.21189
-0.01072,0.94678,0.32168,0.17283,0.54491,-0.28262
-0.01993,0.94673,0.32136,0.14845,0.53174,-0.48971
-0.02618,0.95082,0.30859,0.2533,0.50084,-0.51327
-0.02561,0.96021,0.27806,0.33285,0.70216,-0.408
-0.01696,0.97364,0.22741,0.25991,0.62997,-0.37077
-0.00445,0.98703,0.16039,0.0189,0.28921,-0.60593
0.0053,0.99712,0.07557,-0.23105,0.42931,0.02983
0.01066,0.99986,-0.01214,-0.0635,0.43839,1.11044
0.01975,0.99557,-0.09187,-0.24991,0.6155,1.0388
0.02501,0.98694,-0.1591,-0.61655,0.37302,0.53438
0.0282,0.97568,-0.21735,-0.83287,0.29228,-0.38311
0.0334,0.96895,-0.24496,-0.69943,0.16496,-0.07616
0.02517,0.96037,-0.27757,-0.41059,-0.13484,0.71932
0.01693,0.94045,-0.33949,0.06319,-0.26511,0.80748
0.01634,0.91669,-0.39925,0.40599,-0.25263,0.70183
0.01937,0.89223,-0.45116,0.43342,-0.21036,0.60291
0.02521,0.86688,-0.49787,0.33392,-0.21132,0.6586
0.03863,0.84303,-0.53648,0.28643,-0.17132,0.66899
0.04414,0.81946,-0.57143,-0.19821,-0.37236,0.86345
0.03848,0.79966,-0.59921,-0.28496,-0.49554,1.00398
0.02295,0.78768,-0.61566,-0.2185,-0.53388,1.06585
0.00396,0.78556,-0.61877,-0.09638,-0.62734,0.8737
-0.0164,0.79472,-0.60675,0.04581,-0.65112,0.51228
-0.03128,0.81612,-0.57703,0.14939,-0.61191,0.22327
-0.03229,0.84545,-0.53306,0.07866,0.42132,-1.39202
-0.00617,0.86269,-0.50568,-0.36494,2.00976,-1.67768
0.00632,0.8628,-0.5055,-0.56066,1.52614,-1.26538
0.00473,0.86295,-0.50525,-0.34284,-0.41465,-0.29106
-0.00324,0.85887,-0.51218,-0.51975,-0.10367,-0.00183
-0.01626,0.86175,-0.50706,-0.64976,0.65586,0.36911
-0.02974,0.87496,-0.48328,0.18847,0.94041,0.75954
-0.01235,0.88605,-0.46341,0.07091,0.4734,-0.13508
-0.00584,0.89335,-0.44932,-0.09771,-0.36191,1.4809
0.00481,0.9067,-0.42174,-0.23225,-0.38468,1.06472
0.01887,0.92559,-0.37803,-0.23756,-0.15411,0.90786
0.03518,0.9467,-0.32017,-0.27208,-0.05232,0.73511
0.03503,0.96529,-0.25881,-0.32057,-0.00285,0.58501
0.0321,0.97846,-0.2039,-0.02192,0.30101,0.74438
0.03059,0.98629,-0.16214,-0.02041,0.29318,0.70263
0.01825,0.98876,-0.14832,0.36714,0.14281,0.49702
-0.00231,0.98971,-0.14302,0.38705,-0.03143,0.06176
-0.0176,0.99265,-0.11969,0.38803,-0.13097,-0.25862
-0.01646,0.9986,-0.05008,0.24984,-0.20618,-0.24037
-0.00133,0.99986,0.01639,0.10077,-0.16992,0.26458
0.01574,0.99828,0.05637,0.13221,-0.24732,0.10865
0.03477,0.9954,0.08915,0.10697,-0.25166,0.17826
0.04988,0.99112,0.12317,-0.01098,-0.09491,-0.00215
0.05275,0.98398,0.17022,-0.19878,0.09599,-0.26798
0.04536,0.97487,0.21806,-0.37518,0.05638,-0.40344
0.04266,0.96847,0.24543,-0.14453,0.08009,0.04904
0.03609,0.9641,0.26305,0.06061,0.23631,-0.19223
0.03111,0.95863,0.28291,0.27025,0.23667,-0.74017
0.02877,0.95245,0.30331,0.09749,0.20979,-0.44629
0.0184,0.9507,0.30953,0.06604,0.31514,-0.14429
0.00402,0.94987,0.31259,0.14849,0.39916,-0.08629
-0.00689,0.94873,0.31597,0.24856,0.43785,-0.22586
-0.01284,0.94952,0.31341,0.17774,0.38604,-0.6099
-0.01736,0.95458,0.29741,0.2033,0.54496,-0.54643
-0.01948,0.96569,0.25891,0.19987,0.71534,-0.57561
-0.01717,0.98003,0.19806,0.16387,0.41581,-0.65949
-0.01441,0.99327,0.11487,-0.06002,0.34929,-0.1912
-0.01145,0.99968,0.02199,0.10034,0.43052,1.00894
-0.00354,0.998,-0.06294,-0.00504,0.60512,1.00075
0.01234,0.99027,-0.13856,-0.37477,0.78228,0.94826
0.02703,0.97835,-0.20517,-0.58958,0.72965,0.59059
0.03989,0.96524,-0.25829,-0.66256,0.60562,0.14955
0.04832,0.96023,-0.27499,-0.51648,0.13722,-0.11713
0.04262,0.94971,-0.31019,-0.19215,-0.0431,0.72993
0.04351,0.92549,-0.37624,0.01235,-0.18575,0.85322
0.05688,0.90278,-0.42631,0.4417,-0.31233,0.75717
0.06978,0.8823,-0.46547,0.42866,-0.2811,0.73453
0.07219,0.8584,-0.50787,0.28265,-0.24789,0.68434
0.07251,0.83525,-0.54506,0.0712,-0.30397,0.84322
0.0673,0.81577,-0.57444,-0.34035,-0.56589,0.97435
0.05392,0.80263,-0.59403,-0.4266,-0.67134,1.08498
0.03535,0.79895,-0.60035,-0.20358,-0.69024,1.05018
0.01316,0.80613,-0.59159,-0.06948,-0.70593,0.95734
-0.00603,0.8246,-0.56568,-0.00543,-0.62861,0.54186
-0.01814,0.85517,-0.51802,0.00842,-0.21276,-0.11153
-0.01375,0.88654,-0.46244,-0.41649,2.65385,-2.17486
0.0146,0.88882,-0.458,-0.11705,2.27367,-1.67118
0.0143,0.88461,-0.4661,0.11953,0.2793,-0.45767
0.01284,0.87898,-0.47667,-0.18376,-0.67407,-0.10429
0.0013,0.87455,-0.48493,-0.31494,-0.62961,0.60854
-0.00816,0.88272,-0.46981,-0.35652,0.03909,0.80876
-0.0032,0.90602,-0.42322,0.28739,1.15128,0.59218
0.0214,0.93019,-0.36645,0.2628,1.12711,0.53541
0.03003,0.92546,-0.37764,-0.6083,1.1418,0.2394
0.02182,0.92049,-0.39015,-0.33203,-1.05686,0.97206
0.03087,0.92489,-0.37897,-0.24107,-1.04945,0.90485
0.04546,0.9378,-0.34418,-0.15846,-0.72039,0.93701
0.05129,0.95827,-0.28119,-0.15054,-0.48588,0.85478
0.04396,0.97714,-0.20798,-0.38841,0.1764,0.72438
0.03427,0.98757,-0.15334,-0.27696,0.8372,0.75249
0.02082,0.99034,-0.13705,0.2704,0.32274,0.59965
0.001,0.98986,-0.14196,0.35918,0.1183,0.37652
-0.01065,0.99185,-0.1269,0.44249,-0.1707,-0.07062
-0.01048,0.99849,-0.05383,0.3925,-0.32821,-0.06041
-0.00298,0.99932,0.0364,0.11132,-0.13124,0.41329
0.00491,0.99663,0.08179,0.06201,-0.18236,-0.05904
0.01983,0.994,0.10744,0.11595,-0.07849,-0.1091
0.0327,0.99046,0.1338,-0.04819,-0.0895,0.04919
0.0372,0.98458,0.17089,-0.25569,0.00901,-0.22981
0.03309,0.97611,0.21467,-0.23397,-0.13859,-0.069
0.02881,0.96874,0.24635,-0.07682,0.0158,0.00159
0.01946,0.96385,0.2657,0.07275,0.17713,-0.2865
0.01324,0.95746,0.28821,0.31096,0.13581,-0.68273
0.0132,0.9493,0.31405,0.33664,0.21768,-0.59782
0.00802,0.94551,0.32545,0.10457,0.35298,-0.13255
-0.00244,0.9435,0.33131,0.0535,0.45119,-0.16809
-0.01091,0.94194,0.33557,0.00344,0.47014,-0.28772
-0.01438,0.94334,0.33147,-0.08328,0.46584,-0.7671
-0.02114,0.95018,0.31094,0.16678,0.53157,-0.61249
-0.02912,0.9635,0.26607,0.2622,0.63923,-0.57291
-0.03116,0.97972,0.19788,0.25084,0.50527,-0.55732
-0.02997,0.99353,0.10949,0.06166,0.45942,-0.01681
-0.02609,0.99953,0.01571,0.23492,0.48163,1.07025
-0.01368,0.9974,-0.07068,0.05895,0.66387,0.99141
0.00385,0.98928,-0.14596,-0.34272,0.75491,0.89974
0.01667,0.97756,-0.20998,-0.56001,0.67744,0.57375
0.02918,0.96573,-0.25787,-0.63093,0.41316,-0.32914
0.03574,0.96149,-0.27248,-0.55138,0.08934,-0.02471
0.02681,0.94788,-0.31748,-0.42546,-0.02561,0.42534
0.02793,0.92574,-0.37712,0.22647,-0.31514,0.81633
0.03582,0.90524,-0.42338,0.492,-0.32035,0.84986
0.04293,0.88287,-0.46765,0.53902,-0.30723,0.86548
0.04772,0.8589,-0.5099,0.3406,-0.22197,0.68501
0.05471,0.83762,-0.5435,-0.14981,-0.40079,0.92304
0.0505,0.82094,-0.56876,-0.1456,-0.38411,0.9483
0.03272,0.81029,-0.5851,-0.46981,-0.73456,1.15587
0.01011,0.80911,-0.58756,-0.11574,-0.81235,1.01917
-0.0142,0.81901,-0.5736,-0.06485,-0.77601,0.82817
-0.03198,0.8425,-0.53774,-0.01525,-0.71394,0.63532
-0.04129,0.87812,-0.47665,-0.29575,1.33177,-1.36305
-0.0266,0.89883,-0.43748,-0.52392,2.77405,-2.71048
-0.01437,0.89157,-0.45264,0.18659,1.25961,-1.15666
-0.02152,0.88518,-0.46475,0.14677,-0.23881,-0.35506
-0.02317,0.88087,-0.47279,-0.15618,-0.72576,0.28498
-0.02621,0.88792,-0.45924,-0.40133,0.12311,0.85937
-0.01953,0.90507,-0.4248,0.04988,0.98452,0.79602
0.00092,0.91768,-0.3973,0.10078,1.70286,-1.04005
-0.00308,0.91012,-0.41433,-0.34824,0.14807,1.04101
-0.00603,0.90914,-0.41643,-0.47795,-0.78069,1.11664
-0.00214,0.91982,-0.39232,-0.24109,-0.73659,0.96477
0.00061,0.93608,-0.35177,-0.15954,-0.44949,0.8551
-0.00869,0.95395,-0.29981,-0.17328,-0.31879,0.80185
-0.01961,0.96959,-0.24394,-0.28639,0.14133,0.69615
-0.02468,0.98041,-0.19537,0.05128,0.72851,0.74821
-0.03496,0.98367,-0.17649,0.37544,0.28128,0.60309
-0.05264,0.98284,-0.17676,0.51745,-0.06087,0.10507
-0.0647,0.98607,-0.15316,0.48751,-0.32457,-0.02202
-0.06471,0.99474,-0.07932,0.21466,-0.21497,0.51311
-0.04654,0.99881,0.01402,0.05693,-0.03956,0.00818
-0.03534,0.99652,0.07538,0.02699,-0.11679,-0.4129
-0.02321,0.99437,0.10333,0.02073,-0.11288,-0.30878
-0.01265,0.99284,0.11869,-0.12758,-0.05217,-0.1334
-0.01182,0.98998,0.14067,-0.1483,-0.02719,0.09271
-0.01509,0.98511,0.17121,-0.12295,-0.04416,0.15623
-0.01947,0.97928,0.2015,-0.04888,-0.0512,0.12321
-0.02666,0.97391,0.2253,0.1276,0.09703,-0.08237
-0.03114,0.96718,0.25213,0.26048,0.1047,-0.40682
-0.02847,0.95662,0.28992,0.16591,0.29885,-0.51907
-0.03149,0.95063,0.30868,0.10658,0.37986,-0.248
-0.04238,0.94895,0.31254,0.14455,0.36573,-0.20957
-0.05244,0.94728,0.31604,0.16777,0.45676,-0.36506
-0.0616,0.94878,0.30982,0.13886,0.47481,-0.60431
-0.06905,0.95317,0.2944,0.29509,0.59174,-0.5095
-0.07446,0.96235,0.26136,0.41852,0.68169,-0.34192
-0.073,0.97588,0.20567,0.40834,0.6161,-0.4458
-0.06491,0.98934,0.13024,-0.13046,0.26897,-0.19076
-0.05624,0.99773,0.03687,-0.13221,0.36716,0.55955
-0.04444,0.99767,-0.05154,0.00497,0.43679,1.14922
-0.02826,0.99133,-0.12829,-0.38001,0.63226,0.95574
-0.01624,0.97977,-0.19943,-0.50491,0.67151,0.83034
-0.00209,0.96429,-0.26481,-0.69138,0.60006,-0.03458
0.01222,0.95404,-0.29941,-0.45802,0.07971,0.10843
0.01269,0.94577,-0.32457,-0.45849,0.08798,0.13359
0.01072,0.92608,-0.37717,-0.01406,-0.03717,0.87541
0.01509,0.89946,-0.43673,0.42978,-0.14194,0.85387
0.02661,0.87405,-0.48509,0.42632,-0.22223,0.75224
0.03441,0.84937,-0.52666,0.30081,-0.28561,0.70971
0.03268,0.82518,-0.56391,0.1229,-0.323,0.86764
0.02745,0.80479,-0.59291,-0.10881,-0.46164,0.91185
0.01583,0.79085,-0.6118,-0.29245,-0.63789,0.97663
-0.00105,0.78639,-0.61773,-0.16325,-0.68436,1.04954
-0.01974,0.7921,-0.61006,-0.0472,-0.72539,0.96188
-0.03866,0.8081,-0.58777,-0.02058,-0.70986,0.66153
-0.05548,0.83581,-0.5462,0.08884,-0.26708,-0.36829
-0.06486,0.87014,-0.48851,0.00996,0.33734,-1.14487
-0.04811,0.87861,-0.47509,-0.19156,2.80883,-1.99575
-0.03507,0.87788,-0.47759,-0.00907,1.03146,-0.68823
-0.0348,0.8732,-0.48611,-0.13732,-0.28426,-0.29315
-0.04655,0.86471,-0.5001,-0.27422,-0.58862,0.64539
-0.06492,0.86449,-0.49843,-0.1643,0.05587,1.24803
-0.0694,0.88638,-0.45772,0.34586,0.54877,1.18449
-0.03685,0.91191,-0.40872,-0.1376,2.42798,-2.26451
-0.02986,0.91122,-0.41083,-0.24736,-0.03953,1.87171
-0.04336,0.9113,-0.40943,-0.23547,-0.63591,1.10507
-0.03471,0.91638,-0.39878,-0.16578,-0.58295,0.82047
-0.02317,0.92986,-0.36717,-0.14786,-0.418,0.79029
-0.02071,0.94891,-0.31483,-0.17809,-0.38242,0.73544
-0.02422,0.96625,-0.25645,-0.28306,0.29118,0.67248
-0.02527,0.97828,-0.20572,-0.0151,0.66668,0.77544
-0.03235,0.98198,-0.18617,0.16991,0.50293,0.7155
-0.04981,0.98137,-0.18552,0.41428,-0.00162,0.17023
-0.06432,0.98469,-0.16197,0.4963,-0.36033,-0.26436
-0.06596,0.99455,-0.08062,0.38786,-0.44638,-0.10014
-0.05346,0.99854,0.00632,0.09983,-0.17554,0.21898
-0.04134,0.99775,0.05268,0.12425,-0.24755,0.02184
-0.02358,0.99634,0.082,0.12015,-0.15654,0.03431
-0.00797,0.99387,0.11013,-0.04293,0.04475,-0.06449
-0.00297,0.98907,0.14734,-0.29951,0.06501,-0.55171
-0.00837,0.98315,0.18254,-0.3115,-0.00441,-0.48319
-0.01455,0.97862,0.20513,0.02703,0.06011,0.12106
-0.02426,0.97368,0.22656,0.18061,0.23915,-0.19052
-0.02779,0.96716,0.25259,0.39693,0.13342,-0.61572
-0.03087,0.96155,0.27285,0.30947,0.21065,-0.39538
-0.0383,0.96025,0.27646,0.15007,0.28546,-0.22509
-0.04442,0.95971,0.27742,0.18005,0.34338,-0.19861
-0.05076,0.96034,0.27411,0.18687,0.44969,-0.29625
-0.05603,0.9635,0.26172,0.12509,0.49725,-0.57322
-0.05996,0.96913,0.23911,0.21138,0.54499,-0.56056
-0.06345,0.97912,0.19307,0.23787,0.72332,-0.56863
-0.06443,0.99013,0.12434,0.00399,0.52129,-0.46679
-0.06922,0.99715,0.02971,-0.05523,0.41153,-0.01699
-0.07222,0.99529,-0.06453,0.05333,0.45974,0.69442
-0.06079,0.98682,-0.14989,-0.14352,0.7301,1.0192
-0.04165,0.97343,-0.22512,-0.31132,0.7473,0.93754
-0.02317,0.95719,-0.28852,-0.52671,0.71657,0.46508
-0.00469,0.94668,-0.32213,-0.66506,0.51781,-0.16516
-0.00097,0.94288,-0.3331,-0.57334,0.21538,-0.01526
-0.01888,0.92566,-0.37786,0.04687,-0.0324,0.90738
-0.03932,0.89288,-0.44857,0.38836,-0.24311,1.02409
-0.03656,0.86146,-0.50649,0.40745,-0.33944,0.63165
-0.03374,0.8381,-0.54446,0.35894,-0.36485,0.76196
-0.04178,0.81337,-0.58025,0.32683,-0.32609,0.84498
-0.04565,0.79058,-0.61065,0.12687,-0.43002,0.85367
-0.04957,0.77473,-0.63035,-0.1917,-0.58471,0.91547
-0.05782,0.76911,-0.63649,-0.26004,-0.65198,1.00535
-0.07205,0.77339,-0.62982,-0.07155,-0.65227,0.99115
-0.08858,0.78741,-0.61002,-0.05561,-0.65377,0.89153
-0.09915,0.8134,-0.57318,-0.01438,-0.57034,0.43724
-0.10291,0.84967,-0.51717,0.04683,-0.11273,-0.32809
-0.08657,0.87375,-0.4786,-0.2033,2.03792,-1.9121
-0.0571,0.87198,-0.48619,-0.00788,1.96134,-1.50529
-0.05888,0.87006,-0.4894,-0.02768,-0.20766,-0.44198
-0.06163,0.86618,-0.49591,-0.26545,-0.69818,0.23689
-0.07365,0.86735,-0.49221,-0.27634,-0.16398,0.71023
-0.07678,0.88278,-0.46346,-0.19759,0.08767,1.16102
-0.07054,0.91112,-0.40605,0.40132,1.03607,0.18093
-0.04405,0.92197,-0.38473,0.03862,2.16608,-1.7088
-0.05867,0.91849,-0.39106,-0.45753,-0.30049,1.28196
-0.06014,0.92071,-0.38558,-0.32267,-0.55709,0.78681
-0.05414,0.93015,-0.36315,-0.11861,-0.64811,0.80828
-0.04891,0.94572,-0.32125,-0.08181,-0.57027,0.76528
-0.04848,0.96264,-0.26639,-0.18506,-0.14593,0.71843
-0.05228,0.97666,-0.20829,-0.14575,0.55972,0.79559
-0.05872,0.98325,-0.1725,0.08132,0.731,0.86845
-0.07381,0.98335,-0.16598,0.57961,0.21106,0.53443
-0.09009,0.98347,-0.15704,0.59889,-0.1393,0.06599
-0.09344,0.98989,-0.10666,0.56357,-0.3429,-0.15471
-0.07671,0.99701,-0.00814,0.14154,-0.06726,0.2895
-0.06147,0.9966,0.05463,0.1186,-0.14242,-0.21404
-0.04586,0.99537,0.08437,0.08019,-0.12223,-0.32655
-0.03106,0.99418,0.10302,-0.03375,-0.1196,-0.09251
-0.02644,0.99236,0.12038,-0.14873,0.00164,-0.07068
-0.03291,0.98861,0.1468,-0.17405,0.01179,-0.09199
-0.03959,0.98311,0.17865,-0.09446,-0.0845,0.14315
-0.04638,0.97777,0.20445,0.10721,0.10022,-0.05493
-0.05444,0.97254,0.22625,0.17982,0.09375,-0.2002
-0.05612,0.96515,0.25557,0.26502,0.08106,-0.45863
-0.05834,0.95916,0.27673,0.13645,0.31414,-0.12385
-0.07033,0.95746,0.27982,0.14844,0.31584,-0.12694
-0.08351,0.9551,0.28423,0.24101,0.41818,-0.13034
-0.0921,0.95398,0.28534,0.2884,0.46773,-0.67038
-0.0985,0.9563,0.27524,0.2948,0.4654,-0.66028
-0.103,0.96358,0.24675,0.44511,0.60706,-0.446
-0.10044,0.97529,0.19671,0.28176,0.65491,-0.54478
-0.09498,0.98764,0.12462,0.2763,0.64257,-0.47268
-0.09272,0.99518,0.03175,-0.01806,0.48241,0.34538
-0.08379,0.99467,-0.05995,0.15276,0.51098,1.18065
-0.06475,0.9874,-0.14434,-0.1163,0.73509,0.99314
-0.04751,0.97485,-0.2177,-0.4031,0.77054,0.78453
-0.03373,0.95983,-0.27851,-0.61152,0.53119,0.33583
-0.01856,0.95162,-0.30669,-0.69067,0.40322,-0.16479
-0.01133,0.94831,-0.31712,-0.3979,0.04746,0.15022
-0.01103,0.93115,-0.36446,0.13017,-0.13186,0.83184
-0.02164,0.90075,-0.4338,0.32231,-0.29442,0.88221
-0.02757,0.87467,-0.48393,0.55962,-0.35277,0.80108
-0.02435,0.85429,-0.51923,0.3401,-0.33199,0.71185
-0.01937,0.83388,-0.5516,0.23044,-0.34522,0.75816
-0.02338,0.81593,-0.57767,0.08683,-0.43783,0.82564
-0.033,0.80521,-0.59207,-0.33249,-0.65018,1.04063
-0.04586,0.80422,-0.59255,-0.19002,-0.63071,1.04352
-0.06187,0.81262,-0.57949,-0.0623,-0.64053,0.97137
-0.07633,0.83107,-0.55089,0.03661,-0.5564,0.60177
-0.08751,0.85987,-0.50295,0.05825,-0.48674,0.38682
-0.08926,0.89305,-0.44099,0.04866,-0.3116,0.03033
-0.06138,0.90049,-0.43052,0.00113,2.50569,-2.39146
-0.03991,0.89336,-0.44755,0.37044,0.31677,-0.71609
-0.04019,0.88889,-0.45635,0.15822,-0.22962,-0.33198
-0.04137,0.88844,-0.45712,-0.54771,-0.09996,0.58964
-0.05243,0.90044,-0.43179,-0.30617,1.53305,0.76627
-0.043,0.90764,-0.41752,0.4169,1.69371,-0.92714
-0.03836,0.89649,-0.44139,-0.64003,-0.57467,1.67557
-0.04637,0.88596,-0.46144,-0.54114,-0.89653,1.67217
-0.06451,0.89563,-0.44008,-0.08976,-0.63796,1.21282
-0.06163,0.91373,-0.4016,-0.06023,-0.23,1.14799
-0.05619,0.93385,-0.35321,-0.04497,-0.10351,1.05174
-0.05919,0.95441,-0.29256,-0.37404,0.62701,0.81123
-0.06235,0.96754,-0.24487,-0.09407,0.54048,0.65486
-0.06499,0.97223,-0.2248,0.139,0.38698,0.66459
-0.07302,0.97405,-0.21418,0.54315,0.08549,0.32774
-0.08147,0.98063,-0.17806,0.69292,-0.18283,-0.15652
-0.08561,0.99209,-0.0917,0.56261,-0.30363,-0.17696
-0.07772,0.99688,-0.01321,0.13642,-0.28355,0.09631
-0.06005,0.99797,0.02065,0.09383,-0.29761,0.09068
-0.03848,0.99848,0.03918,0.14374,-0.12627,0.03488
-0.01921,0.99787,0.06215,0.05635,-0.10812,0.1895
-0.0078,0.99537,0.09566,-0.09057,-0.09228,-0.03778
-0.01031,0.98964,0.14316,-0.21544,0.02108,-0.32871
-0.01946,0.9813,0.19142,-0.20969,-0.02687,-0.25662
-0.02659,0.97599,0.21614,0.04065,0.10478,0.01948
-0.03621,0.97197,0.23224,0.13504,0.16012,-0.10292
-0.0421,0.96493,0.25906,0.45194,0.21173,-0.45693
-0.04705,0.95927,0.27849,0.21637,0.28202,-0.22816
-0.05258,0.95761,0.28319,0.12608,0.29552,-0.16699
-0.06204,0.9559,0.28702,0.14466,0.42712,-0.08919
-0.07053,0.9549,0.28838,0.2365,0.41236,-0.55294
-0.07709,0.95761,0.27751,0.24306,0.40965,-0.54207
-0.07994,0.9655,0.2478,0.41638,0.55266,-0.35476
-0.0727,0.97673,0.20172,0.21545,0.63521,-0.41361
-0.06166,0.9886,0.13731,0.20441,0.62334,-0.3492
-0.0589,0.99705,0.04906,-0.25538,0.28712,-0.2607
-0.05985,0.99727,-0.04315,0.02463,0.41196,1.10743
-0.0482,0.99046,-0.12905,-0.04039,0.5665,1.04494
-0.03249,0.97929,-0.19981,-0.33202,0.60241,0.90771
-0.02341,0.96532,-0.26,-0.70011,0.49853,-0.22633
-0.0177,0.95692,-0.28978,-0.65521,0.39841,-0.23017
-0.02579,0.95164,-0.30613,-0.44745,0.08038,0.09939
-0.0436,0.93207,-0.35963,0.12972,-0.13606,0.83212
-0.05681,0.90281,-0.42625,0.30737,-0.1849,0.81304
-0.05527,0.87877,-0.47402,0.57031,-0.21565,0.7124
-0.05547,0.85481,-0.51596,0.47773,-0.1939,0.7282
-0.05097,0.83037,-0.55486,0.34002,-0.25266,0.78871
-0.04643,0.80795,-0.58742,0.07114,-0.33804,0.86667
-0.04876,0.79123,-0.60957,-0.19099,-0.52882,0.95169
-0.05744,0.78461,-0.61731,-0.07055,-0.57029,1.03794
-0.06645,0.78799,-0.61209,-0.05544,-0.62487,0.98337
-0.07741,0.80019,-0.59472,-0.06454,-0.64733,0.70668
-0.08794,0.82228,-0.56224,0.00396,-0.65916,0.44453
-0.09163,0.85536,-0.50985,0.0157,0.09835,-0.88979
-0.08286,0.88164,-0.46458,-0.34988,2.60441,-1.94684
-0.0516,0.88089,-0.47049,-0.27259,2.30837,-1.69122
-0.04953,0.87734,-0.47731,-0.06436,-0.1572,-0.39908
-0.05281,0.87104,-0.48836,-0.38179,-0.48206,0.12712
-0.07711,0.87405,-0.47968,-0.42555,-0.18301,0.56473
-0.0858,0.88423,-0.4591,0.46185,1.30367,0.1514
-0.05677,0.8924,-0.44765,0.32604,0.88998,-0.2935
-0.0533,0.88945,-0.4539,-0.09175,0.37363,0.71887
-0.03847,0.8884,-0.45744,-0.51141,-0.64524,0.92801
-0.02401,0.90322,-0.4285,-0.24306,-0.4834,0.98325
-0.02025,0.92515,-0.37905,-0.16992,-0.24476,0.96677
-0.02624,0.94506,-0.32582,-0.19359,-0.04147,0.77151
-0.03604,0.96148,-0.27249,-0.25476,0.10256,0.63679
-0.0437,0.97293,-0.2269,-0.2132,0.45248,0.53561
-0.05341,0.9777,-0.20308,0.25463,0.4403,0.65441
-0.06721,0.97867,-0.1941,0.45956,0.10673,0.33761
-0.07719,0.98241,-0.17002,0.65031,-0.13788,-0.29684
-0.08474,0.9916,-0.09765,0.49482,-0.23919,0.10166
-0.07955,0.99621,-0.03495,0.18689,-0.26702,0.25247
-0.06353,0.99797,-0.0021,0.1413,-0.3185,0.08399
-0.04438,0.99858,0.02919,0.12023,-0.12921,0.07307
-0.02804,0.99775,0.06072,0.05535,-0.12086,-0.01705
-0.01765,0.99503,0.09789,-0.01326,-0.11295,-0.10993
-0.01986,0.9909,0.13308,-0.14524,-0.1077,-0.2034
-0.02998,0.98656,0.16056,-0.17081,-0.05303,0.04072
-0.03889,0.98223,0.18357,-0.11663,0.02564,0.12222
-0.04809,0.97684,0.20847,0.13433,0.20101,-0.21826
-0.05001,0.96973,0.23897,0.34433,0.08995,-0.56877
-0.05452,0.9654,0.25496,0.2664,0.17788,-0.28723
-0.06337,0.96464,0.25579,0.24132,0.21323,-0.11144
-0.07132,0.96301,0.25981,0.23987,0.47756,-0.06169
-0.07698,0.96093,0.26584,0.20632,0.5149,-0.23918
-0.08086,0.96165,0.26204,0.16033,0.49945,-0.44932
-0.08695,0.96685,0.24006,0.42367,0.76635,-0.47262
-0.09026,0.97569,0.19965,0.44089,0.88843,-0.40396
-0.0881,0.9864,0.13873,0.40773,0.83517,-0.36939
-0.08583,0.9948,0.05463,-0.14765,0.31004,-0.10971
-0.08496,0.99587,-0.03182,0.07539,0.31843,0.9366
-0.07876,0.99015,-0.11572,0.09572,0.44069,1.01309
-0.06727,0.97897,-0.19254,-0.29017,0.61725,0.88513
-0.06025,0.96456,-0.25687,-0.36812,0.46406,0.77158
-0.04863,0.95085,-0.30579,-0.49692,0.1357,-0.14485
-0.03772,0.94656,-0.32029,-0.42142,0.052,0.13613
-0.03942,0.9356,-0.35084,-0.3229,0.04163,0.3939
-0.03683,0.91031,-0.41227,0.1251,-0.1519,0.8276
-0.03008,0.88264,-0.46909,0.45822,-0.1617,0.72879
-0.02815,0.85493,-0.51798,0.49298,-0.05039,0.74608
-0.0184,0.82797,-0.56046,0.33981,-0.10634,0.68429
-0.01222,0.80259,-0.59639,-0.07659,-0.25844,0.84443
-0.0163,0.78202,-0.62304,-0.21604,-0.3753,0.87771
-0.03291,0.77141,-0.63548,-0.09834,-0.66204,1.10536
-0.05464,0.77262,-0.63251,-0.11809,-0.79011,1.0723
-0.07239,0.78651,-0.61331,-0.08187,-0.80029,0.98767
-0.08632,0.81271,-0.57623,0.18209,-0.74545,0.44882
-0.09561,0.84989,-0.51821,0.14031,-0.24943,-0.3169
-0.08547,0.88381,-0.45996,0.04973,0.32229,-1.14205
-0.06191,0.8875,-0.45662,-0.02729,2.05323,-1.62192
-0.06544,0.88919,-0.45283,0.02551,0.34375,-0.29383
-0.06521,0.88911,-0.45301,-0.66958,0.29547,0.03979
-0.08509,0.89407,-0.43976,-0.95803,1.06557,0.84168
-0.09294,0.89103,-0.44431,0.00717,1.17911,-0.91457
-0.09532,0.88729,-0.45124,0.12112,-0.14886,1.22948
-0.10181,0.88925,-0.44594,0.13503,-0.87349,1.78521
-0.09335,0.89974,-0.42632,0.01532,-0.62934,1.16883
-0.07904,0.9179,-0.38885,-0.00732,-0.45682,1.05951
-0.07341,0.93952,-0.33453,-0.06447,0.1136,0.77005
-0.08188,0.95884,-0.27186,-0.19298,0.32966,0.62721
-0.09065,0.9712,-0.22034,-0.13304,0.44864,0.60631
-0.0965,0.977,-0.19011,0.35794,0.25684,0.66992
-0.10542,0.97941,-0.17213,0.49633,0.11068,0.35675
-0.11197,0.98381,-0.13985,0.54713,-0.11245,-0.16683
-0.11042,0.99197,-0.0615,0.33874,-0.20578,0.01737
-0.09607,0.99535,0.00497,0.16979,-0.19511,0.06363
-0.07624,0.99637,0.03766,0.12116,-0.2132,-0.03453
-0.05759,0.99636,0.06277,0.12222,-0.26804,0.03049
-0.04074,0.99536,0.08703,0.08104,-0.17105,0.18046
-0.03286,0.99222,0.11997,-0.07457,0.09805,-0.04899
-0.03081,0.98616,0.16286,-0.2481,0.07566,-0.32937
-0.03065,0.97935,0.19979,-0.14437,-0.02836,-0.20722
-0.03776,0.97545,0.2169,0.06848,0.03959,-0.07645
-0.04984,0.97144,0.23194,0.13425,0.18977,-0.06709
-0.05743,0.96583,0.2527,0.21112,0.04009,-0.2704
-0.06139,0.95952,0.27482,0.27854,0.2507,-0.30029
-0.06862,0.95562,0.28647,0.2753,0.31695,-0.17643
-0.07912,0.95259,0.29375,0.25662,0.40332,-0.14001
-0.08672,0.95083,0.29728,0.25283,0.40763,-0.29086
-0.0926,0.95272,0.28937,0.21282,0.4344,-0.63991
-0.09824,0.95879,0.26656,0.35259,0.61801,-0.45855
-0.09913,0.96978,0.22288,0.35749,0.7027,-0.37631
-0.09484,0.9828,0.15841,0.21859,0.58959,-0.51965
-0.09208,0.99327,0.07018,-0.0476,0.31093,-0.11078
-0.09082,0.99561,-0.02232,-0.00145,0.40231,0.56012
-0.0817,0.99088,-0.10709,0.03969,0.63647,1.03759
-0.06707,0.98068,-0.18371,-0.28068,0.68326,0.88749
-0.05369,0.96603,-0.25279,-0.47363,0.64864,0.48844
-0.03899,0.95281,-0.30103,-0.61362,0.44424,-0.22468
-0.03654,0.95054,-0.30842,-0.40113,-0.00702,0.10267
-0.04369,0.93748,-0.34526,-0.1605,0.05956,0.46384
-0.05303,0.90845,-0.4146,0.33,-0.27077,0.84638
-0.0551,0.88081,-0.47024,0.51715,-0.32556,0.73683
-0.05732,0.85785,-0.51068,0.4497,-0.23131,0.81859
-0.05702,0.83404,-0.54875,0.36696,-0.24566,0.79463
-0.05879,0.81216,-0.58047,0.14452,-0.32035,0.98849
-0.06542,0.79558,-0.6023,-0.27168,-0.52551,1.0415
-0.08,0.78739,-0.61124,-0.26691,-0.59109,1.16577
-0.10023,0.7887,-0.60655,-0.02636,-0.65607,1.1645
-0.1186,0.79936,-0.58903,0.00043,-0.72497,1.09071
-0.13041,0.82143,-0.5552,0.10295,-0.63603,0.52344
-0.1322,0.85519,-0.50117,0.15016,0.4507,-0.96772
-0.11906,0.88502,-0.45006,0.13702,0.42087,-1.01883
-0.0924,0.88425,-0.45777,-0.26192,2.17584,-1.78755
-0.09182,0.88253,-0.46119,-0.11664,-0.25312,-0.24726
-0.08553,0.87711,-0.4726,-0.2886,-0.60436,-0.10818
-0.09472,0.87392,-0.47674,-0.39335,-0.6079,0.41768
-0.10678,0.8858,-0.45161,-0.4288,0.20287,0.89256
-0.10971,0.91031,-0.39912,0.27242,0.8363,1.07231
-0.08585,0.92049,-0.38121,0.14196,1.77362,-1.0255
-0.09901,0.91679,-0.3869,-0.21462,0.19599,1.16966
-0.09742,0.92183,-0.37513,-0.18986,-0.52874,0.93954
-0.08662,0.93253,-0.35055,-0.06177,-0.51962,0.9181
-0.07915,0.94721,-0.31067,0.05159,-0.52546,0.81041
-0.08555,0.96202,-0.25922,0.01918,-0.33111,0.80499
-0.09301,0.97421,-0.20554,0.03659,0.25125,0.89538
-0.09903,0.98101,-0.16673,0.23242,0.5584,0.83053
-0.10569,0.98322,-0.14869,0.37105,0.33623,0.5187
-0.10405,0.98617,-0.12898,0.36355,-0.02052,0.08427
-0.08903,0.99357,-0.06988,0.27526,-0.32037,-0.44114
-0.06876,0.99762,0.0032,0.02339,-0.10715,0.03929
-0.05168,0.9981,0.03352,-0.0051,-0.24579,0.00627
-0.03593,0.99811,0.04976,0.0016,-0.24178,0.12169
-0.02548,0.99732,0.06845,0.03032,-0.23455,0.22846
-0.01898,0.99519,0.09602,-0.00081,-0.06337,0.27229
-0.02022,0.99056,0.13555,-0.02714,-0.06735,-0.1448
-0.02323,0.98368,0.17838,0.0065,-0.01778,-0.19671
-0.02607,0.97592,0.21652,0.0913,0.08845,-0.16376
-0.02445,0.96858,0.24747,0.15534,0.26123,-0.28598
-0.02308,0.96234,0.27084,0.18889,0.20714,-0.43942
-0.02863,0.95784,0.28585,0.13872,0.20206,-0.24374
-0.03845,0.95514,0.29363,0.18753,0.30951,-0.1049
-0.04627,0.95329,0.29846,0.24522,0.31102,-0.03016
-0.05131,0.95219,0.30114,0.33544,0.39324,-0.09709
-0.05214,0.95193,0.30182,0.04819,0.39023,-0.56241
-0.05352,0.95516,0.2912,-0.05902,0.37507,-0.69728
-0.062,0.9641,0.25819,0.18507,0.64359,-0.502
-0.06822,0.97702,0.20191,0.27863,0.87483,-0.60738
-0.06974,0.99031,0.12003,0.20886,0.76967,-0.6195
-0.0729,0.99717,0.01799,-0.01685,0.32656,0.3606
-0.06948,0.99459,-0.07719,0.15304,0.29525,1.06476
-0.05504,0.9853,-0.16166,0.03687,0.44133,0.99075
-0.04004,0.97094,-0.23594,-0.40025,0.79041,0.77645
-0.02638,0.95443,-0.29725,-0.50313,0.4117,0.11373
-0.01309,0.94449,-0.32828,-0.43778,0.28247,-0.00709
-0.01828,0.94067,-0.33883,0.17327,0.17266,0.53375
-0.03246,0.91416,-0.40405,0.46105,-0.16591,0.74748
-0.02278,0.88545,-0.46416,0.45073,-0.28005,0.77984
-0.00832,0.86411,-0.50322,0.31415,-0.206,0.82608
-0.01801,0.83876,-0.54419,0.25447,-0.32088,0.87668
-0.02944,0.8125,-0.58221,0.15525,-0.37787,0.90859
-0.03448,0.79285,-0.60844,-0.32416,-0.60257,0.99185
-0.04629,0.78148,-0.62221,-0.2078,-0.66945,1.12326
-0.06108,0.78029,-0.62243,-0.09157,-0.69144,1.1064
-0.07512,0.78986,-0.60866,0.00447,-0.75944,1.00176
-0.08185,0.81245,-0.57725,0.08395,-0.68817,0.59835
-0.08271,0.84856,-0.52258,0.14581,-0.59829,0.32292
-0.0724,0.89072,-0.44874,-0.19239,1.32159,-1.37237
-0.04596,0.90759,-0.41733,0.19693,3.03859,-2.70639
-0.0367,0.89934,-0.43569,0.58225,1.86534,-1.57905
-0.03952,0.89411,-0.44609,-0.22647,-0.77593,-0.10333
-0.03984,0.89032,-0.45359,-0.51062,-0.84221,0.45032
-0.05157,0.89697,-0.43906,-0.55941,-0.33327,0.79596
-0.05855,0.91775,-0.39281,-0.1806,0.821,1.50147
-0.05381,0.93455,-0.35172,-0.25959,2.58025,-2.75429
-0.06843,0.92739,-0.36777,-0.20292,-0.00619,1.64152
-0.08173,0.92895,-0.36105,-0.06966,-0.58794,1.2429
-0.07165,0.93435,-0.34905,0.04611,-0.56151,1.04087
-0.05675,0.94612,-0.31879,0.05251,-0.53824,0.88927
-0.05132,0.96075,-0.2726,-0.15884,-0.01274,0.94589
-0.04186,0.97355,-0.2246,0.16433,0.49999,1.03652
-0.03536,0.97895,-0.20099,0.25096,0.37005,0.88611
-0.04051,0.98052,-0.19217,0.28783,0.24798,0.70996
-0.04607,0.98556,-0.16287,0.29209,-0.26106,0.06943
-0.04375,0.99456,-0.09445,0.22899,-0.36031,0.02142
-0.02909,0.99956,-0.00344,0.136,-0.33358,0.10474
-0.01235,0.99769,0.06674,-0.10324,-0.12636,-0.19322
-0.00705,0.99474,0.10217,-0.10705,0.01369,-0.31565
-0.00154,0.99215,0.12499,-0.10694,-0.06873,-0.12652
0.00082,0.98792,0.15492,0.02532,-0.08913,-0.12872
-0.00217,0.98064,0.19575,0.08583,-0.076,-0.10442
-0.0085,0.97366,0.22781,0.15742,0.0728,-0.18439
-0.01629,0.96829,0.24926,0.22471,0.31601,-0.37954
-0.02185,0.96211,0.27176,0.30629,0.14125,-0.6094
-0.02647,0.95618,0.29156,0.25004,0.28867,-0.17912
-0.03429,0.9539,0.29812,0.22875,0.26628,-0.10841
-0.04202,0.95353,0.29831,0.22048,0.26859,-0.03368
-0.04701,0.95346,0.29781,-0.1026,0.50116,-0.61635
-0.0463,0.95434,0.29509,-0.15367,0.52422,-0.81218
-0.04956,0.95981,0.2762,-0.08896,0.51765,-0.80932
-0.05699,0.97193,0.22824,0.13352,0.83281,-0.64896
-0.06164,0.98684,0.14945,0.08018,0.69383,-0.49514
-0.06694,0.99659,0.04808,0.06378,0.49309,-0.09939
-0.06074,0.99681,-0.05156,0.35339,0.4776,0.99045
-0.03854,0.98963,-0.13831,-0.07043,0.82801,1.17688
-0.01311,0.97716,-0.21207,-0.25828,0.89994,1.10487
0.0121,0.96015,-0.27919,-0.58197,0.76654,0.54441
0.03627,0.94435,-0.32691,-0.52772,0.26997,-0.34208
0.05255,0.9396,-0.33822,-0.48709,0.24438,-0.16354
0.05272,0.92484,-0.37668,0.11319,0.01603,0.83716
0.04998,0.89474,-0.44376,0.31528,-0.28664,0.96397
0.05325,0.86528,-0.49844,0.26466,-0.3517,0.93054
0.04679,0.83785,-0.54389,0.21915,-0.43905,0.81497
0.0356,0.81152,-0.58324,0.14453,-0.45742,0.84135
0.02868,0.79126,-0.61081,-0.00857,-0.52105,0.87276
0.01389,0.77855,-0.62742,-0.41163,-0.64536,1.07943
-0.00876,0.77552,-0.63126,-0.12899,-0.65643,1.20806
-0.03419,0.78264,-0.62153,-0.07508,-0.72437,1.25248
-0.04838,0.80081,-0.59696,-0.17008,-0.72921,0.95734
-0.05132,0.83098,-0.55393,0.0578,-0.56697,0.54663
-0.05064,0.872,-0.48688,0.18968,-0.35058,0.21062
-0.04843,0.90664,-0.41911,-0.45245,3.38065,-3.07177
-0.0318,0.89563,-0.44365,0.16902,3.75639,-3.71617
-0.03452,0.88891,-0.45677,0.53897,0.4838,-0.19888
-0.02264,0.87976,-0.47487,-0.5029,-0.97644,0.00737
-0.02422,0.87629,-0.48116,-0.5456,-0.7429,0.54971
-0.03774,0.89083,-0.45276,-0.36065,-0.37384,1.11499
-0.04569,0.92034,-0.38843,0.17362,1.35731,0.76005
-0.038,0.92353,-0.38163,-0.00469,1.84066,-1.49973
-0.06461,0.9169,-0.39385,-0.32506,0.2208,1.33602
-0.0621,0.91916,-0.38894,-0.16364,-0.49476,0.95309
-0.05203,0.93222,-0.35811,-0.10894,-0.31923,0.90868
-0.04141,0.94797,-0.31563,-0.13682,-0.23609,0.85588
-0.03393,0.96083,-0.27503,-0.06359,0.10629,0.74906
-0.02929,0.97068,-0.23856,0.10377,0.32877,0.85933
-0.03096,0.97658,-0.21288,0.17815,0.32757,0.8417
-0.03982,0.9792,-0.1989,0.29331,0.14871,0.56636
-0.04593,0.98307,-0.17737,0.29665,-0.16756,0.15773
-0.04238,0.99089,-0.12776,0.23666,-0.23064,0.14431
-0.0275,0.99793,-0.05795,0.04189,-0.26248,0.22264
-0.00678,0.99995,0.00556,-0.04774,-0.21298,0.0545
0.01004,0.99872,0.04948,-0.04642,-0.0715,-0.09989
0.02071,0.99628,0.08357,0.0229,-0.04741,-0.01283
0.02384,0.99331,0.11289,0.02116,-0.07005,-0.09426
0.02355,0.98931,0.14382,-0.0001,0.00292,-0.16
0.02092,0.9833,0.18075,0.10632,0.06675,-0.22336
0.01878,0.97664,0.21404,0.25994,0.2058,-0.50484
0.01458,0.97206,0.23422,0.2978,0.28289,-0.55725
0.00696,0.96785,0.2514,0.16961,0.18056,-0.21223
-7e-05,0.96455,0.26388,0.17201,0.17611,-0.16498
-0.00368,0.96395,0.26602,0.17179,0.15348,-0.1259
-0.00642,0.96423,0.26495,0.19158,0.25302,0.10537
-0.00995,0.96487,0.26251,0.05519,0.36045,-0.10324
-0.00831,0.96528,0.26106,0.05355,0.36004,-0.10179
-0.01362,0.96905,0.24643,-0.13113,0.4928,-0.84107
-0.02405,0.97924,0.20122,0.05014,0.76522,-0.80449
-0.03532,0.99114,0.12795,0.14356,0.76731,-0.72188
-0.04867,0.99835,0.03008,0.123,0.34626,0.15372
-0.05282,0.99644,-0.06555,0.38444,0.41649,0.91911
-0.04425,0.98765,-0.15023,0.31175,0.43515,1.03747
-0.032,0.9737,-0.22556,-0.2039,0.78004,1.05678
-0.01448,0.9554,-0.29493,-0.4278,0.81387,0.64053
0.0068,0.94004,-0.34097,-0.52532,0.58823,0.09485
0.02347,0.93973,-0.34108,-0.41912,0.29948,-0.23266
0.02266,0.92638,-0.37589,-0.01765,0.0375,0.6944
0.02184,0.8988,-0.43781,0.16663,-0.11354,0.84473
0.02935,0.87615,-0.48114,0.31591,-0.29245,0.86385
0.0257,0.85351,-0.52044,0.34013,-0.36465,0.76484
0.01195,0.82929,-0.55868,0.30537,-0.35973,0.80121
0.00787,0.8098,-0.58664,0.06693,-0.37513,0.80886
0.00185,0.79566,-0.60573,-0.27949,-0.5435,0.95851
-0.00829,0.78862,-0.61482,-0.38385,-0.64506,0.98607
-0.02363,0.79165,-0.61051,-0.11267,-0.72964,1.06498
-0.04193,0.804,-0.59314,-0.10379,-0.74277,0.90791
-0.05556,0.82538,-0.56183,-0.09016,-0.76415,0.8766
-0.06265,0.85735,-0.51089,0.02655,-0.21863,0.13005
-0.0674,0.8926,-0.44576,-0.32637,2.82437,-2.56316
-0.05857,0.89806,-0.43594,0.07612,2.85275,-2.31563
-0.05616,0.89329,-0.44594,0.37178,0.35094,-0.41169
-0.05422,0.88693,-0.45871,-0.30688,-0.80235,-0.08113
-0.05506,0.8789,-0.47381,-0.37133,-0.88871,-0.08425
-0.06155,0.88069,-0.46967,0.15801,-1.11617,1.06085
-0.05021,0.90819,-0.41553,-0.19655,-0.00891,2.36344
-0.04922,0.94286,-0.32951,-0.4619,1.80656,1.1921
-0.06102,0.94046,-0.33436,-0.6228,3.53322,-2.46294
-0.08555,0.93476,-0.34482,0.01398,-1.0132,1.33582
-0.07062,0.93786,-0.33974,0.11112,-0.9924,1.20337
-0.04318,0.94767,-0.3163,0.0682,-0.61363,1.01021
-0.01928,0.96131,-0.27478,-0.04591,-0.05755,1.05777
-0.00747,0.97127,-0.23783,0.02397,0.17277,1.1098
-0.01259,0.97608,-0.21703,0.16545,0.44599,0.91939
-0.02853,0.97736,-0.20961,0.17343,0.35801,0.59079
-0.03803,0.98094,-0.19054,0.17928,0.26352,0.3976
-0.03117,0.99096,-0.13043,0.04973,-0.30151,-0.16891
-0.01144,0.99956,-0.027,-0.038,-0.33234,0.21132
0.00575,0.99802,0.06258,-0.08321,-0.35388,0.1375
0.01018,0.99513,0.09796,-0.02927,-0.20842,-0.2091
0.01708,0.99314,0.11557,-0.06038,0.0069,0.07139
0.01939,0.98963,0.14229,-0.07923,0.0162,0.10271
0.01772,0.98298,0.1828,0.11725,-0.07331,-0.23336
0.01613,0.9751,0.22115,0.16747,-0.09369,-0.24945
0.01225,0.96847,0.24878,0.16564,-0.03378,-0.25058
0.00968,0.96251,0.27104,0.1047,0.32149,-0.51824
0.00814,0.95655,0.29144,0.18942,0.1703,-0.48568
0.00256,0.95216,0.30556,0.20076,0.28806,-0.37944
-0.00517,0.94991,0.31244,0.20983,0.3164,-0.30286
-0.01103,0.94959,0.31328,0.21228,0.46774,-0.31612
-0.01417,0.95173,0.30657,0.13494,0.52411,-0.41451
-0.0148,0.95691,0.28998,-0.05768,0.62311,-0.69653
-0.01895,0.96864,0.2477,0.03846,0.55649,-0.57181
-0.02386,0.98481,0.17192,0.07071,0.72582,-0.4765
-0.03204,0.99649,0.07727,0.20396,0.65186,0.66092
-0.0359,0.99906,-0.02393,0.31772,0.62556,1.13735
-0.01802,0.99265,-0.11959,0.27469,0.68268,1.15121
0.00993,0.98031,-0.1972,-0.3763,0.77697,0.98333
0.0393,0.96398,-0.26304,-0.63847,0.84274,0.58679
0.06788,0.94853,-0.3093,-0.68467,0.58774,-0.00953
0.0761,0.94688,-0.31245,-0.20641,0.0956,0.39544
0.0622,0.93298,-0.3545,0.10519,-0.20443,0.89374
0.05394,0.90043,-0.43164,0.11345,-0.17188,0.97089
0.04728,0.8702,-0.49042,0.40481,-0.48311,0.81878
0.03538,0.84416,-0.53492,0.32358,-0.37113,0.78114
0.02605,0.81876,-0.57353,0.33292,-0.34574,0.81975
0.02404,0.79639,-0.60431,-0.24949,-0.52223,0.92436
0.01301,0.77929,-0.62652,-0.5246,-0.66285,1.12478
-0.00705,0.76881,-0.63944,-0.50453,-0.65237,1.1377
-0.03079,0.768,-0.6397,-0.05926,-0.64643,1.07017
-0.04988,0.77772,-0.62663,-0.01841,-0.62182,0.76451
-0.05817,0.80036,-0.59669,-0.01011,-0.64446,0.73456
-0.05723,0.8383,-0.54219,0.07554,-0.15278,-0.13022
-0.04742,0.87533,-0.48118,-0.30014,2.69504,-2.34157
-0.01997,0.87803,-0.47817,0.04356,2.30863,-1.94579
-0.02067,0.87617,-0.48155,0.41262,0.3248,-0.30086
-0.01542,0.87113,-0.4908,-0.27642,-0.45803,-0.02714
-0.01675,0.86617,-0.49946,-0.59383,-0.46296,0.33823
-0.02025,0.87905,-0.47629,-0.56124,0.49738,0.56181
-0.01687,0.89943,-0.43674,0.34846,1.4662,0.00036
-0.00238,0.90436,-0.42675,-0.19556,0.29446,1.16737
0.00068,0.89869,-0.43858,-0.50192,-0.46395,1.73847
0.00975,0.90222,-0.43115,-0.25488,-0.63077,1.02649
0.01828,0.91581,-0.40119,-0.22559,-0.45507,0.96448
0.02466,0.93507,-0.35359,-0.17911,-0.09428,0.91465
0.01351,0.95482,-0.29686,-0.35542,0.42999,0.86257
0.00744,0.96967,-0.24429,-0.32366,0.64526,0.8491
0.00889,0.97569,-0.21894,0.31346,0.16409,0.55961
0.00154,0.97754,-0.21074,0.35503,0.04218,0.35588
-0.00874,0.98074,-0.19508,0.43161,-0.01717,0.14335
-0.0151,0.98965,-0.14268,0.3315,-0.36102,-0.03733
-0.00838,0.99891,-0.04572,0.18842,-0.34977,0.26869
0.00453,0.9997,0.02397,0.01271,-0.26108,0.08594
0.01778,0.99809,0.05909,0.08231,-0.18553,-3e-05
0.03681,0.99595,0.08198,0.07234,-0.10015,0.09881
0.05217,0.99223,0.11288,-0.00577,-0.01271,0.11557
0.05748,0.98537,0.16043,-0.1515,0.00256,-0.25523
0.0602,0.97712,0.20397,-0.06499,-0.00171,-0.37757
0.06142,0.97154,0.22873,0.0204,0.06079,-0.46851
0.06039,0.96943,0.23778,0.07677,0.27988,-0.20182
0.05541,0.96471,0.25737,0.13009,0.18796,-0.24847
0.04758,0.95922,0.27861,0.08458,0.19818,-0.32574
0.04104,0.95696,0.28729,0.06405,0.22646,-0.19212
0.03195,0.9565,0.28996,0.17691,0.27522,-0.0798
0.02166,0.9575,0.2876,0.08884,0.32822,-0.25779
0.0182,0.95911,0.2824,-0.06799,0.44167,-0.52322
0.0146,0.96474,0.26276,0.07659,0.53079,-0.40836
0.00858,0.97663,0.21471,0.18188,0.64866,-0.37043
0.00555,0.98979,0.14236,0.20303,0.81462,-0.42991
0.00256,0.99884,0.04791,0.0509,0.54068,0.54633
0.00271,0.99875,-0.0498,0.05076,0.54077,0.64404
0.01279,0.99033,-0.13813,-0.10558,0.58981,1.03739
0.02278,0.9786,-0.20446,-0.53732,0.48172,0.81495
0.02878,0.96492,-0.26094,-0.60155,0.43361,0.66102
0.04327,0.95109,-0.30586,-0.52134,0.15148,-0.26732
0.04864,0.94667,-0.31851,-0.10042,0.1019,0.25701
0.03052,0.93124,-0.3631,0.02127,0.05482,0.68326
0.01465,0.90003,-0.43557,0.37621,-0.14332,0.91369
0.00654,0.86838,-0.49586,0.32577,-0.22604,0.83111
0.0055,0.84195,-0.53952,0.29862,-0.20483,0.82549
0.00568,0.81613,-0.57784,0.27464,-0.17025,0.82529
0.00413,0.7921,-0.61037,-0.21043,-0.40328,0.87809
-0.00499,0.77201,-0.63559,-0.34932,-0.49863,0.97906
-0.02368,0.75931,-0.65029,-0.37504,-0.57373,1.05776
-0.04547,0.75783,-0.65086,-0.01998,-0.64464,1.02601
-0.06369,0.77042,-0.63434,-0.00943,-0.65305,0.94548
-0.07345,0.79762,-0.59866,-0.01816,-0.65445,0.56131
-0.07352,0.83953,-0.53831,-0.08152,0.10713,-0.36487
-0.0692,0.8797,-0.47046,-0.31487,0.9711,-1.28951
-0.05282,0.88398,-0.46452,0.1045,2.48406,-2.02962
-0.05784,0.88285,-0.46607,0.01549,-0.17193,-0.12364
-0.05576,0.87959,-0.47245,-0.21395,-0.46821,-0.09172
-0.06056,0.88075,-0.46969,-0.51752,0.67754,0.42103
-0.07357,0.89239,-0.44522,0.32159,1.6759,0.14301
-0.04896,0.89452,-0.44433,0.3759,1.73054,-1.08019
-0.05483,0.88879,-0.45502,-0.30274,-0.82232,1.70808
-0.05794,0.88585,-0.46033,-0.24435,-0.86678,1.2092
-0.05594,0.89659,-0.4393,-0.18485,-0.71916,1.0941
-0.04967,0.91604,-0.39799,-0.12309,-0.10996,0.93214
-0.05888,0.93797,-0.34166,-0.14598,0.19592,0.88309
-0.07596,0.95759,-0.27792,-0.14757,0.39364,0.81851
-0.08373,0.96992,-0.22854,0.217,0.36921,0.79209
-0.09152,0.97571,-0.19903,0.38055,0.24562,0.49451
-0.10245,0.97811,-0.18109,0.42017,0.18984,0.305
-0.10599,0.98271,-0.15175,0.46294,-0.19007,-0.46875
-0.10243,0.99176,-0.07683,0.21012,-0.11162,-0.09572
-0.09046,0.99576,-0.01647,0.08325,-0.23483,-0.1189
-0.07269,0.99727,0.0126,0.03169,-0.21989,-0.03642
-0.05321,0.99816,0.02869,0.05838,-0.22619,0.17189
-0.03473,0.99834,0.04581,0.05143,-0.10008,0.19489
-0.01986,0.99718,0.07229,-0.02072,0.09778,-0.10006
-0.01368,0.99432,0.10549,-0.10639,-0.0671,-0.17542
-0.01431,0.99136,0.13032,-0.04206,-0.02977,0.13909
-0.01675,0.98924,0.1453,0.04873,-0.05697,0.26395
-0.0236,0.98658,0.1615,0.11917,0.03884,0.20541
-0.03225,0.98293,0.18108,0.11803,0.14019,0.07173
-0.03692,0.97755,0.2074,0.08312,0.11455,-0.14267
-0.03438,0.96941,0.24298,-0.02859,0.25761,-0.52739
-0.03391,0.96326,0.26637,-0.12094,0.26843,-0.65548
-0.04648,0.96362,0.26316,0.16451,0.34383,-0.09678
-0.06482,0.96427,0.25684,0.35277,0.48728,-0.01038
-0.07641,0.96655,0.24482,0.48952,0.67793,-0.16738
-0.07322,0.97195,0.22348,0.52657,0.72933,-0.20612
-0.06092,0.98138,0.18213,0.09684,0.59377,-0.25653
-0.04834,0.99101,0.12466,-0.07314,0.38698,-0.3833
-0.04962,0.9977,0.04594,-0.40176,0.30273,-0.48391
-0.06398,0.99702,-0.04296,-0.11065,0.18198,1.01776
-0.07087,0.98985,-0.12316,-0.06194,0.2638,1.00046
-0.07102,0.97832,-0.19449,-0.0826,0.25596,0.89477
-0.06677,0.96319,-0.26039,-0.26982,0.09049,0.33073
-0.05411,0.94788,-0.31399,-0.13611,0.10733,0.05661
-0.05298,0.94318,-0.32803,-0.0307,0.07137,0.41024
-0.0659,0.93834,-0.33935,0.58195,0.19822,0.62065
-0.06558,0.9156,-0.3967,0.52505,0.04872,0.5977
-0.05219,0.88901,-0.45489,0.28766,-0.0458,0.65841
-0.03881,0.86821,-0.49466,0.172,-0.0773,0.82165
-0.02769,0.8482,-0.52895,0.092,-0.06565,0.83406
-0.02392,0.82692,-0.56181,-0.12991,-0.22198,0.83754
-0.03176,0.80887,-0.58712,-0.25077,-0.40602,0.91996
-0.04484,0.798,-0.60098,-0.25501,-0.44553,0.96624
-0.05609,0.79647,-0.60206,-0.18561,-0.58003,0.85543
-0.06611,0.80571,-0.58861,-0.14717,-0.61814,0.77184
-0.07582,0.82521,-0.55971,-0.10582,-0.55304,0.46976
-0.08395,0.85272,-0.51558,-0.02813,-0.01614,-0.54921
-0.08656,0.87392,-0.4783,0.01963,0.54135,-1.19075
-0.07696,0.87701,-0.47427,0.01307,1.71575,-1.21142
-0.07656,0.87655,-0.47517,0.21154,0.15839,-0.47072
-0.07837,0.87634,-0.47527,0.01762,-0.37422,0.07043
-0.08695,0.877,-0.47256,-0.02974,-0.39137,0.42222
-0.08998,0.88698,-0.45295,-0.02861,0.95761,0.76971
-0.0722,0.89894,-0.43208,0.13514,1.36808,0.19305
-0.06513,0.8982,-0.43473,-0.34501,1.21263,-0.69726
-0.07859,0.89263,-0.44388,-0.2548,-0.87493,1.47927
-0.07996,0.90076,-0.42688,-0.28071,-0.68998,1.05774
-0.07128,0.91707,-0.39229,-0.18931,-0.54558,1.00824
-0.06293,0.93692,-0.34383,-0.11755,-0.03157,0.76404
-0.06982,0.95223,-0.29729,-0.17633,0.24042,0.65943
-0.07684,0.96022,-0.26843,0.11622,0.41539,0.75285
-0.08841,0.96502,-0.24681,0.39968,0.47134,0.63574
-0.11285,0.96682,-0.22917,0.57886,0.09631,0.16961
-0.13536,0.96967,-0.20349,0.60137,0.09346,0.14394
-0.14627,0.97919,-0.14067,0.52519,-0.16067,-0.08818
-0.14023,0.98683,-0.08054,0.21377,-0.16282,0.10614
-0.12031,0.9914,-0.0514,0.15384,-0.20295,0.16305
-0.09601,0.99479,-0.03414,0.08498,-0.19871,0.26664
-0.07362,0.99721,-0.01196,0.03345,-0.08838,0.27336
-0.05528,0.99833,0.0163,-0.03537,-0.0034,0.22012
-0.04376,0.99785,0.04865,-0.1789,-0.00215,0.0406
-0.0401,0.99573,0.083,-0.2642,-0.14367,-0.02488
-0.04339,0.99221,0.1167,-0.26092,-0.14014,-0.05858
-0.05281,0.98846,0.14188,-0.02114,-0.04575,0.19475
-0.06333,0.98467,0.16248,0.20354,0.21243,-0.03602
-0.06964,0.97925,0.19028,0.26183,0.1595,-0.19524
-0.07078,0.97074,0.22943,0.37049,0.1528,-0.60909
-0.07102,0.96454,0.25418,0.12076,0.24335,-0.1566
-0.07714,0.96369,0.25561,0.11916,0.26491,-0.10037
-0.08813,0.9628,0.25541,0.19987,0.34383,-0.27306
-0.09927,0.96291,0.25085,0.30222,0.45855,-0.27412
-0.1075,0.9647,0.24037,0.35676,0.55628,-0.17823
-0.11121,0.96927,0.2194,0.51542,0.57901,-0.20527
-0.10942,0.97695,0.18325,0.50295,0.59837,-0.18807
-0.10281,0.9859,0.132,0.25969,0.35871,-0.38938
-0.10017,0.99277,0.06606,-0.19934,0.15682,-0.38271
-0.11006,0.99375,-0.01825,-0.01447,0.40512,0.85553
-0.11935,0.98736,-0.10425,0.08891,0.43974,1.09863
-0.11606,0.9759,-0.18478,-0.11901,0.51454,0.86896
-0.10691,0.95995,-0.25894,-0.27848,0.34217,0.58926
-0.08971,0.94224,-0.32268,-0.41177,0.32956,-0.10923
-0.07157,0.93519,-0.34682,-0.20659,0.12859,0.50272
-0.07122,0.93605,-0.34457,0.27968,0.10084,0.38964
-0.07514,0.91876,-0.3876,0.44132,0.10332,0.67731
-0.06842,0.88989,-0.451,0.56907,-0.14937,0.57028
-0.05062,0.86851,-0.49308,0.55127,-0.12798,0.61236
-0.04193,0.84856,-0.52742,0.20101,-0.18644,0.80457
-0.0438,0.8271,-0.56034,0.03393,-0.24218,0.88084
-0.04951,0.8084,-0.58654,-0.1711,-0.36455,0.86564
-0.06127,0.79516,-0.6033,-0.22151,-0.42904,0.92576
-0.073,0.79066,-0.60789,-0.13433,-0.56411,0.90008
-0.08334,0.79624,-0.59921,-0.06978,-0.56176,0.76202
-0.09521,0.81191,-0.57597,-0.02979,-0.55002,0.69151
-0.1065,0.83769,-0.53565,-0.02419,-0.33507,0.08053
-0.11532,0.86631,-0.48601,-0.08602,1.54435,-1.26919
-0.10555,0.87881,-0.46535,-0.09579,1.53185,-1.28985
-0.08893,0.87572,-0.47455,0.21452,0.60713,-0.96943
-0.09355,0.87328,-0.47815,0.05695,-0.5367,-0.01737
-0.10481,0.87362,-0.47518,0.06821,-0.53704,-0.02033
-0.11231,0.88234,-0.457,0.06466,0.87056,0.58701
-0.10501,0.89472,-0.43409,0.65799,1.69784,-0.39814
-0.07923,0.9005,-0.42756,0.63221,1.69206,-0.40467
-0.07234,0.89445,-0.44127,-0.79027,-0.42604,1.43312
-0.06885,0.88864,-0.45339,-0.43517,-0.57988,0.86669
-0.07822,0.89859,-0.43175,-0.42579,-0.58983,0.84505
-0.08123,0.91619,-0.3924,-0.09938,-0.2142,1.0465
-0.08319,0.93352,-0.34873,-0.06214,-0.01219,0.88244
-0.08716,0.9502,-0.29919,-0.14575,0.26899,0.68411
-0.09234,0.96447,-0.2475,-0.12417,0.60346,0.57481
-0.09937,0.97197,-0.21303,0.4528,0.38685,0.54568
-0.11472,0.97291,-0.20069,0.58835,0.18595,0.4022
-0.1294,0.97457,-0.1829,0.85899,-0.15458,-0.22596
-0.13978,0.98389,-0.11137,0.43977,-0.20872,0.14382
-0.14032,0.98925,-0.04106,0.33998,-0.19619,0.16592
-0.12427,0.9922,-0.00943,0.22358,-0.2015,0.16936
-0.10153,0.99479,0.00875,0.15103,-0.12143,0.1368
-0.07996,0.99625,0.03271,0.12155,-0.11681,0.15764
-0.06345,0.996,0.06277,-0.05841,0.01045,-0.08883
-0.06102,0.99338,0.09721,-0.21522,-0.00762,-0.32791
-0.0701,0.98947,0.12657,-0.22537,-0.07832,-0.17825
-0.07629,0.98638,0.14564,-0.03454,0.05793,0.30457
-0.08724,0.98313,0.16069,0.11733,0.14735,0.03216
-0.09905,0.97828,0.18205,0.22138,0.10229,-0.13309
-0.1042,0.97074,0.21632,0.49441,0.12659,-0.49339
-0.10625,0.96363,0.24518,0.26414,0.29045,-0.1751
-0.11346,0.96152,0.25018,0.29969,0.42108,-0.0801
-0.12638,0.95909,0.25327,0.34029,0.38189,-0.20744
-0.13503,0.95806,0.25273,0.34645,0.29351,-0.47555
-0.13985,0.95931,0.24524,0.41547,0.40824,-0.41414
-0.14283,0.96493,0.22019,0.42278,0.57976,-0.26648
-0.13835,0.97362,0.18138,0.26007,0.63177,-0.3314
-0.1302,0.98314,0.12835,0.12991,0.41918,-0.417
-0.12959,0.99016,0.05257,-0.12637,0.35824,-0.02771
-0.1325,0.99051,-0.03636,0.08334,0.46861,0.90834
-0.12531,0.98456,-0.12218,0.10065,0.52533,1.08396
-0.10931,0.97329,-0.20185,-0.24179,0.53669,0.78358
-0.09215,0.95845,-0.26994,-0.34414,0.50236,0.67613
-0.07305,0.9457,-0.31672,-0.51756,0.34283,0.22183
-0.05901,0.94246,-0.32904,-0.27815,0.05007,0.30119
-0.06471,0.93956,-0.33619,0.0173,-0.04161,0.51244
-0.07939,0.91681,-0.39134,0.1153,-0.08737,0.74985
-0.08706,0.8858,-0.45583,0.464,-0.19936,0.63123
-0.0835,0.86531,-0.49422,0.41593,-0.10071,0.73754
-0.07243,0.84708,-0.5265,0.36075,-0.08153,0.70654
-0.06445,0.82771,-0.55743,0.19245,-0.0618,0.77096
-0.06652,0.81066,-0.58171,-0.21142,-0.36492,0.90895
-0.07833,0.80033,-0.59442,-0.19961,-0.35459,0.92166
-0.09248,0.79872,-0.59455,-0.13264,-0.56604,0.95679
-0.10531,0.80598,-0.5825,-0.02721,-0.6659,0.8538
-0.11464,0.82222,-0.55751,-0.01788,-0.68214,0.82881
-0.11834,0.84679,-0.5186,0.12848,-0.37042,0.15283
-0.11452,0.87776,-0.4652,0.05782,0.52998,-0.70349
-0.10603,0.90202,-0.41845,-0.1129,1.45598,-1.41199
-0.07825,0.90378,-0.42078,0.24352,2.0399,-1.98641
-0.07812,0.8987,-0.43154,0.07586,-0.28919,-0.3383
-0.07854,0.89595,-0.43715,0.07628,-0.28643,-0.33268
-0.0851,0.89748,-0.43276,-0.13537,-0.56607,0.4775
-0.09105,0.90535,-0.41479,-0.10031,0.4706,1.09292
-0.09311,0.9211,-0.37802,0.02542,0.7646,1.0741
-0.08102,0.93394,-0.34811,-0.0245,1.82801,-1.79807
-0.07665,0.92495,-0.37228,-0.32649,-0.35482,1.4671
-0.08367,0.92146,-0.37935,-0.29678,-0.66378,1.22001
-0.0792,0.92414,-0.37375,-0.102,-0.58498,1.01557
-0.06687,0.93617,-0.34513,-0.17779,-0.38854,0.89136
-0.06593,0.95266,-0.29679,-0.2708,-0.20553,0.80927
-0.06674,0.96722,-0.24498,-0.25149,0.50536,0.67911
-0.06834,0.97574,-0.20797,0.13741,0.54241,0.73602
-0.07927,0.97648,-0.20045,0.30731,0.4075,0.69241
-0.09495,0.97554,-0.19822,0.55739,-0.34781,0.09206
-0.10423,0.98162,-0.15986,0.58882,-0.4204,-0.02221
-0.10772,0.99125,-0.07618,0.48664,-0.38207,0.11678
-0.09741,0.99521,0.00664,0.16774,0.00456,0.18688
-0.08266,0.99545,0.04721,0.18557,-0.04596,-0.15047
-0.06732,0.99538,0.06838,0.14642,-0.03693,-0.20846
-0.05486,0.99448,0.08939,-0.02186,-0.08353,-0.21543
-0.04858,0.9921,0.11553,-0.02855,0.05947,-0.06407
-0.05008,0.98787,0.14693,-0.04614,0.02791,-0.00722
-0.05645,0.98375,0.17036,-0.00093,-0.02797,0.10523
-0.06481,0.98042,0.18588,0.1124,0.2007,-0.08495
-0.0737,0.9758,0.20584,0.24113,0.10132,-0.27083
-0.07825,0.9693,0.23304,0.32,0.1486,-0.37857
-0.08291,0.96631,0.24361,0.22209,0.19383,-0.21546
-0.09162,0.96679,0.23853,0.22952,0.22005,-0.13869
-0.10051,0.96706,0.23381,0.27013,0.28143,-0.05867
-0.10568,0.96695,0.23199,0.25524,0.26295,-0.29553
-0.10859,0.96786,0.2268,0.23168,0.42629,-0.50911
-0.11053,0.97296,0.20277,0.30516,0.59868,-0.46561
-0.10989,0.98127,0.15816,0.19371,0.57456,-0.57359
-0.10766,0.98999,0.09115,-0.01138,0.34738,-0.63845
-0.11003,0.99392,0.00112,-0.02638,0.31478,0.01699
-0.10842,0.9902,-0.08797,0.25245,0.47718,1.04213
-0.09227,0.98033,-0.17441,0.20573,0.56849,1.0917
-0.06965,0.96668,-0.24631,-0.31743,0.95988,1.01678
-0.05423,0.95226,-0.3004,-0.52472,0.28814,0.27831
-0.03406,0.94188,-0.33421,-0.54489,0.29852,0.31211
-0.01858,0.94173,-0.33584,-0.46811,0.08842,-0.14829
-0.02676,0.92733,-0.37326,0.05557,-0.21469,0.7694
-0.03434,0.89925,-0.43607,0.21632,-0.30912,0.7227
-0.02777,0.87696,-0.47976,0.3326,-0.30466,0.68851
-0.01974,0.85986,-0.51015,0.33381,-0.28254,0.62711
-0.02647,0.84035,-0.5414,0.34054,-0.26303,0.65835
-0.03863,0.82093,-0.56971,0.19921,-0.18914,0.82522
-0.04686,0.80466,-0.59187,-0.1483,-0.34254,0.81278
-0.06357,0.79429,-0.6042,-0.13159,-0.33216,0.8251
-0.08944,0.79162,-0.60442,0.01827,-0.52948,0.69547
-0.12222,0.79712,-0.59131,0.21426,-0.59466,0.67781
-0.14993,0.81163,-0.5646,0.21362,-0.52084,0.55879
-0.16826,0.83523,-0.52353,0.20914,-0.07305,-0.32061
-0.179,0.8627,-0.47297,-0.11384,0.87098,-1.16631
-0.19275,0.87608,-0.44196,-0.53097,1.3494,-1.32284
-0.22017,0.87878,-0.42339,0.0921,0.65738,-0.44597
-0.24297,0.87739,-0.41371,0.02993,0.25482,-0.44608
-0.26082,0.87231,-0.41356,-0.18455,-0.10704,0.09215
-0.27516,0.86687,-0.41572,-0.12054,0.05621,0.38801
-0.28086,0.86373,-0.41843,-0.67654,0.86135,-0.33658
-0.30001,0.8558,-0.42141,-0.57303,1.29377,-0.81449
-0.32484,0.8501,-0.41448,0.73119,-0.45209,1.31328
-0.36255,0.85297,-0.37549,0.71396,-0.74057,1.58029
-0.36834,0.85756,-0.35903,0.50832,-0.76778,1.23985
-0.35961,0.87071,-0.33547,0.28254,-0.11065,0.58826
-0.35433,0.88505,-0.30186,0.41428,0.33536,0.82102
-0.34103,0.89709,-0.28092,0.35456,0.55699,0.72818
-0.31885,0.91197,-0.25812,0.49828,0.22734,0.48114
-0.2989,0.92571,-0.23175,0.52078,0.2234,0.44182
-0.28653,0.93624,-0.20333,0.5123,0.22985,0.38596
-0.27607,0.94599,-0.16993,0.43292,0.1088,0.32996
-0.25889,0.95687,-0.13178,0.31713,0.0442,0.38632
-0.2321,0.96818,-0.09351,0.22217,-0.00721,0.37789
-0.19906,0.97826,-0.05807,-0.02059,-0.09465,0.32088
-0.16514,0.98608,-0.0188,-0.15333,-0.05534,0.10912
-0.13566,0.99015,0.03452,-0.22985,0.02197,-0.04793
-0.11391,0.99026,0.07995,-0.17368,-0.15777,-0.18019
-0.10751,0.99038,0.08708,0.05607,-0.15546,0.20656
-0.1072,0.99087,0.08162,0.0984,-0.11639,0.22867
-0.10304,0.99111,0.08405,0.17938,-0.11273,0.18636
-0.09867,0.98995,0.10122,0.2246,-0.20231,0.16578
-0.09936,0.9867,0.12855,0.23216,-0.18957,0.20048
-0.10678,0.98239,0.15325,0.20143,-0.02626,0.12344
-0.11467,0.97891,0.16901,0.17398,0.17337,-0.06423
-0.11817,0.97512,0.1875,0.23534,0.13947,-0.31235
-0.11121,0.9688,0.22144,0.34666,0.30973,-0.45871
-0.0943,0.95761,0.27217,0.4169,0.35785,-0.39596
-0.085,0.94558,0.31407,0.32193,0.26139,-0.73024
-0.0991,0.95019,0.29547,0.25889,0.36806,-0.44642
-0.10763,0.95695,0.26953,0.2412,0.41991,-0.33309
-0.10731,0.96168,0.25227,0.22355,0.61541,-0.18768
-0.10195,0.97157,0.21366,0.25545,0.82584,-0.29873
-0.09875,0.98285,0.15572,-0.15088,0.36582,-0.68874
-0.10733,0.99157,0.07254,-0.17877,0.31588,-0.3216
-0.12064,0.99246,-0.02157,0.08257,0.33962,0.81861
-0.1174,0.98692,-0.11041,0.03693,0.70204,0.86703
-0.09867,0.97698,-0.18913,-0.08639,0.72088,0.861
-0.07709,0.96462,-0.25209,-0.39148,0.56655,0.54529
-0.05042,0.951,-0.30505,-0.30677,0.22025,-0.00915
-0.03227,0.94328,-0.33042,-0.17407,0.13675,0.00619
-0.04922,0.94041,-0.33645,0.15147,0.03759,0.50952
-0.0737,0.91849,-0.38851,0.319,-0.18321,0.69036
-0.08522,0.88791,-0.45205,0.32626,-0.38126,0.67882
-0.08468,0.86639,-0.49213,0.2876,-0.34993,0.71529
-0.08674,0.84616,-0.52581,0.29821,-0.32112,0.76879
-0.09133,0.82378,-0.5595,0.10666,-0.19599,0.79528
-0.09345,0.80377,-0.58755,-0.14596,-0.27127,0.78918
-0.10043,0.7899,-0.60495,-0.19915,-0.42551,0.8127
-0.11441,0.7839,-0.61025,-0.01097,-0.52883,0.80392
-0.13282,0.78494,-0.60516,0.0771,-0.52514,0.64876
-0.15055,0.79336,-0.58983,0.12282,-0.46712,0.53924
-0.16351,0.81108,-0.56161,0.21405,-0.40072,0.38585
-0.16651,0.83847,-0.51888,0.36335,0.06125,-0.3121
-0.15467,0.86544,-0.47653,-0.15171,1.17764,-1.45668
-0.13146,0.8742,-0.46742,-0.21237,1.35485,-1.44417
-0.12406,0.88109,-0.45637,0.15317,0.2266,-0.40547
-0.12186,0.88341,-0.45247,0.0726,0.14454,-0.1899
-0.12376,0.87919,-0.46011,-0.04511,0.15029,0.04691
-0.13286,0.87325,-0.46881,-0.58271,0.43841,0.12146
-0.15349,0.87233,-0.46419,-0.53752,0.99301,-0.8158
-0.16491,0.86206,-0.47923,0.12038,1.31408,-1.60928
-0.16029,0.86701,-0.4718,0.1839,-0.50429,2.26483
-0.14074,0.87322,-0.46656,-0.39555,-0.76966,0.88436
-0.10512,0.88368,-0.45612,-0.43117,-0.78012,0.87392
-0.09472,0.91104,-0.40129,-0.00416,0.18457,1.2554
-0.09101,0.93278,-0.34876,0.02317,0.46862,1.0036
-0.10337,0.94741,-0.30285,-0.09849,0.56164,0.68008
-0.11208,0.9586,-0.26177,0.08489,0.45896,0.58787
-0.1127,0.96645,-0.2308,0.42145,0.3262,0.54809
-0.11654,0.97104,-0.20856,0.6272,0.11659,0.24501
-0.12367,0.97572,-0.18075,0.72501,-0.12794,-0.20006
-0.12819,0.98262,-0.13418,0.37044,-0.12114,0.18492
-0.11723,0.98902,-0.08991,0.28309,-0.1959,0.20483
-0.09535,0.9939,-0.05539,0.09586,-0.25172,0.35686
-0.06856,0.99727,-0.0271,0.03976,-0.21285,0.26872
-0.04406,0.99902,0.0004,0.016,-0.23546,0.16557
-0.02328,0.99897,0.03873,-0.03597,-0.02686,0.14165
-0.01438,0.99597,0.08845,-0.27254,-0.07487,-0.34961
-0.01521,0.9908,0.1344,-0.2717,-0.06971,-0.39555
-0.01884,0.98649,0.16268,-0.15205,-0.0319,0.1948
-0.02927,0.98196,0.18674,0.23645,0.20764,-0.01321
-0.03852,0.97686,0.21033,0.32027,0.22501,-0.16412
-0.04314,0.96957,0.24095,0.36359,0.07204,-0.62513
-0.04506,0.96295,0.26588,0.08455,0.18442,-0.17223
-0.05197,0.96189,0.26844,0.07448,0.23506,-0.13938
-0.06394,0.96054,0.27068,0.29653,0.37153,-0.07902
-0.07573,0.95949,0.27136,0.49678,0.44527,-0.28883
-0.0813,0.9599,0.26825,0.50306,0.50723,-0.38759
-0.0801,0.96514,0.24913,0.3514,0.85233,-0.16692
-0.07176,0.97484,0.21099,0.19662,0.77383,-0.13363
-0.05886,0.98548,0.15924,-0.00811,0.55473,-0.21715
-0.05038,0.99449,0.09183,-0.50151,0.38695,-0.41263
-0.05831,0.99828,0.00446,-0.27502,0.34051,0.71885
-0.06135,0.99491,-0.07983,-0.07941,0.37716,1.09315
-0.05005,0.98663,-0.15505,-0.26398,0.49712,0.83828
-0.03459,0.97386,-0.22447,-0.44338,0.31628,0.47958
-0.01397,0.95952,-0.28127,-0.58073,0.29039,-0.05103
0.0007,0.95436,-0.29864,-0.33402,0.13199,0.16986
-0.00047,0.94806,-0.31808,-0.0582,0.02061,0.6898
-0.01054,0.9274,-0.3739,-0.00781,-0.09051,0.94237
-0.013,0.89882,-0.43811,0.30706,-0.20415,0.55758
-0.00811,0.87409,-0.4857,0.31919,-0.15355,0.60884
0.00412,0.85199,-0.52354,0.29785,-0.13699,0.58293
0.00825,0.82845,-0.56,0.13143,-0.08267,0.7604
0.00287,0.80605,-0.59184,-0.25703,-0.40977,0.79979
-0.01252,0.78778,-0.61583,-0.24164,-0.39151,0.82378
-0.0373,0.77673,-0.62872,-0.01458,-0.452,0.96577
-0.0663,0.77369,-0.63009,0.00536,-0.43078,0.91749
-0.09134,0.77885,-0.62052,-0.04631,-0.45813,0.84678
-0.10739,0.79384,-0.59857,0.27032,-0.54346,0.33693
-0.10701,0.81721,-0.56632,0.31273,-0.35703,-0.36561
-0.07981,0.83891,-0.53838,0.14167,0.03012,-1.00096
-0.0542,0.84853,-0.52636,-1.10127,1.30728,-0.88038
-0.04947,0.85673,-0.51337,-0.20018,0.62024,-0.41738
-0.04678,0.86301,-0.50301,0.13467,0.22944,-0.33087
-0.05517,0.86252,-0.503,-0.41995,-0.05464,0.43339
-0.07749,0.86088,-0.50286,-0.51557,0.53507,0.39898
-0.1031,0.86641,-0.48857,-0.0406,0.84835,0.38178
-0.07205,0.87487,-0.47895,-0.49838,0.60671,-0.41353
-0.05772,0.87671,-0.47754,0.00928,-0.5634,1.65334
-0.05346,0.8871,-0.45846,0.04153,-0.64746,1.47163
-0.03227,0.90407,-0.42615,-0.0806,-0.29718,1.03998
-0.01026,0.92421,-0.38174,-0.07449,-0.00069,0.78106
0.00387,0.94605,-0.32398,-0.06348,0.0531,0.67388
0.00502,0.96431,-0.2647,-0.20241,0.35563,0.68758
0.00502,0.97441,-0.22468,0.21123,0.41627,0.75854
-0.00159,0.98029,-0.19756,0.34497,0.3449,0.65172
-0.01817,0.9844,-0.175,0.47506,0.00868,0.34783
-0.03334,0.98925,-0.14234,0.49802,-0.10177,-0.01798
-0.03427,0.99585,-0.08419,0.35335,-0.18937,-0.05773
-0.01812,0.99952,-0.02482,0.09875,-0.17314,0.0361
0.00617,0.99988,0.01389,0.04006,-0.18134,0.0305
0.02902,0.99876,0.04023,0.08092,-0.16246,0.04581
0.04621,0.99709,0.06053,0.01889,-0.25365,0.228
0.06105,0.99514,0.07722,-0.04044,-0.1863,0.23601
0.06943,0.99139,0.11092,-0.10712,-0.03758,0.10157
0.06714,0.98485,0.15985,-0.20232,-0.14455,-0.04094
0.06531,0.97721,0.20194,-0.21096,-0.04426,0.0198
0.05955,0.97152,0.2293,-0.20369,0.11152,-0.0348
0.05108,0.96609,0.25306,0.00736,0.23113,-0.47123
0.0516,0.9572,0.28477,0.25726,0.21106,-0.70846
0.05079,0.95129,0.30405,0.28117,0.30939,-0.43359
0.03198,0.95035,0.30951,0.17644,0.38438,-0.12537
0.01316,0.95065,0.30995,0.26938,0.49706,-0.17966
0.00412,0.95373,0.30061,0.35889,0.62046,-0.20103
0.00447,0.96137,0.27519,0.56043,0.67127,0.01023
0.01407,0.9718,0.23536,0.02824,0.54541,-0.24837
0.03861,0.9807,0.19162,-0.49903,0.62912,-0.82828
0.05315,0.99058,0.12615,-0.29831,0.48618,-0.6933
0.04335,0.99835,0.03758,-0.13194,0.5621,-0.27443
0.02936,0.99843,-0.0476,0.0667,0.46546,0.53951
0.03593,0.99126,-0.12688,-0.13586,0.8771,1.00459
0.0599,0.97831,-0.19824,-0.32879,0.9327,0.97873
0.09117,0.9616,-0.25884,-0.58651,0.54603,0.54502
0.1215,0.94391,-0.30702,-0.45164,0.1253,0.11551
0.13384,0.93549,-0.32702,-0.20686,-0.18375,0.46618
0.12414,0.93167,-0.34143,-0.17571,0.08101,0.29419
0.11919,0.90348,-0.4117,-0.20567,0.01198,0.69132
0.13046,0.86728,-0.48041,-0.02544,-0.14861,0.63542
0.14047,0.83336,-0.53458,0.02539,-0.12373,0.73049
0.13049,0.79515,-0.5922,0.31647,-0.07955,0.65891
0.10358,0.75289,-0.64994,0.24863,0.0355,0.71527
0.05308,0.7099,-0.70229,0.04673,-0.02095,0.83949
-0.01328,0.67127,-0.74109,-0.15263,-0.29658,1.04744
-0.07712,0.6436,-0.76146,0.01508,-0.48297,1.03809
-0.12563,0.62815,-0.76788,0.08273,-0.53745,1.01935
-0.14327,0.62386,-0.76829,-0.21231,-0.42098,-0.19167
-0.11974,0.63102,-0.76647,-0.1427,0.0266,-0.70225
-0.08815,0.64091,-0.76253,-0.17429,0.01671,-0.70619
-0.08636,0.6536,-0.75189,0.10678,0.30373,-0.10368
-0.08989,0.66637,-0.74018,-0.06831,0.30229,-0.17457
-0.10099,0.67359,-0.73217,-0.05649,0.11036,-0.4244
-0.10833,0.68025,-0.72493,-0.30649,0.40608,-0.04486
-0.09906,0.68883,-0.71812,-0.70674,1.62738,0.06024
-0.10764,0.69856,-0.7074,-0.17302,0.33403,0.87014
-0.09594,0.72184,-0.68538,-0.74803,-0.64455,0.76462
-0.06696,0.75523,-0.65202,-0.1417,-0.31302,0.8219
-0.01013,0.79463,-0.607,0.0732,0.05799,1.59155
0.05126,0.83419,-0.54909,-0.13049,0.61414,0.71177
0.0886,0.87158,-0.48217,0.01559,0.46381,0.75173
0.09791,0.90517,-0.41361,-0.18661,0.18669,0.92504
0.09854,0.93501,-0.34064,-0.06673,0.37441,0.72626
0.09466,0.95416,-0.28391,0.14536,0.51898,0.61747
0.08848,0.96115,-0.26142,0.46659,0.27157,0.49871
0.07247,0.96661,-0.24578,0.68132,0.17228,0.04842
0.04486,0.97602,-0.21297,0.37181,-0.15634,0.01116
0.02019,0.98489,-0.17194,0.29286,-0.21988,0.0409
0.00951,0.99108,-0.13287,0.11694,-0.27521,0.1448
0.01434,0.99507,-0.09806,0.0051,0.03438,0.28692
0.02571,0.9977,-0.06266,-0.03015,0.02251,0.22983
0.0375,0.99902,-0.02339,0.03829,-0.18493,0.11748
0.04819,0.9987,0.01643,-0.04096,-0.1267,0.29077
0.05584,0.99703,0.05292,-0.12615,-0.07981,0.13525
0.05934,0.99495,0.08088,-0.23371,0.01786,0.08573
0.05721,0.99317,0.10165,-0.14982,-0.07216,0.33036
0.04751,0.99144,0.12156,-0.11599,-0.06711,0.35685
0.03544,0.98888,0.14436,0.00198,0.11212,0.05956
0.02589,0.98417,0.17529,0.04664,0.17056,-0.08117
0.02163,0.97818,0.20658,-0.00422,0.16783,-0.39333
0.01432,0.97561,0.219,0.04592,0.16022,-0.21134
0.00332,0.97384,0.22717,0.11804,0.1818,-0.1336
-0.00536,0.97247,0.23291,0.21329,0.23485,-0.11801
-0.01044,0.97129,0.23764,0.25803,0.29623,-0.12783
-0.01426,0.97105,0.23843,0.22912,0.36916,-0.0778
-0.01775,0.97318,0.22932,0.2222,0.39418,0.10019
-0.01616,0.97754,0.21008,0.19843,0.29811,-0.02213
-0.00586,0.98283,0.18438,0.00659,0.38323,-0.34594
0.00665,0.98883,0.14885,-0.1494,0.25376,-0.41589
0.01117,0.99526,0.09652,-0.17861,0.20819,-0.28969
0.00868,0.99954,0.02882,-0.1517,0.32276,-0.12893
0.00842,0.99908,-0.04182,-0.14838,0.42819,0.18791
0.01811,0.99418,-0.10612,-0.12691,0.34754,1.02049
0.03479,0.98559,-0.16553,-0.24446,0.31375,0.99372
0.05374,0.97409,-0.21964,-0.32501,0.29031,0.80724
0.07519,0.96341,-0.25724,-0.29031,0.23629,0.15858
0.09301,0.95636,-0.27696,-0.15315,0.13374,0.12745
0.1059,0.94687,-0.30367,-0.16603,0.14323,0.15416
0.11605,0.92922,-0.35083,-0.11831,0.01004,0.57656
0.13385,0.90902,-0.39466,-0.07007,-0.11372,0.6793
0.15576,0.88579,-0.43715,-0.0619,-0.10705,0.75134
0.16923,0.86114,-0.47937,-0.00246,-0.12948,0.68657
0.17547,0.83531,-0.52102,-0.03834,-0.08303,0.66749
0.17606,0.8088,-0.5611,-0.1241,-0.1177,0.54499
0.1665,0.78527,-0.59634,-0.30038,-0.20655,0.52433
0.14575,0.76719,-0.62464,-0.40223,-0.34722,0.66513
0.11882,0.75594,-0.64377,-0.36561,-0.39403,0.70697
0.09165,0.75311,-0.65148,-0.24541,-0.37573,0.76421
0.07312,0.7583,-0.64779,0.05939,-0.27223,0.50115
0.06932,0.76888,-0.63562,0.13568,-0.21886,0.27011
0.08472,0.77993,-0.6201,-0.05412,0.01714,-0.53538
0.10981,0.79054,-0.60248,0.24807,0.40796,-0.75789
0.12373,0.80116,-0.58551,0.36838,0.47896,-0.55049
0.11437,0.81252,-0.5716,0.10253,0.32454,0.02519
0.1008,0.82173,-0.56088,-0.08145,-0.04642,0.29805
0.09397,0.82571,-0.55621,-0.0503,-0.1832,0.21664
0.09681,0.82985,-0.54951,-0.0294,-0.35314,0.52904
0.11173,0.84932,-0.51591,-0.41728,0.66885,0.79686
0.11522,0.88268,-0.45562,-0.21763,1.35627,-0.19291
0.13542,0.89561,-0.42372,-0.226,1.62986,-1.08746
0.13763,0.89854,-0.41676,-0.39933,-0.43664,1.16773
0.1434,0.90457,-0.40148,-0.4051,-0.44267,1.15246
0.14643,0.91615,-0.37312,-0.29876,-0.4046,0.83976
0.14225,0.93258,-0.33174,-0.25362,-0.06831,0.69345
0.13048,0.95066,-0.28146,-0.2638,0.01172,0.57421
0.11708,0.96477,-0.2356,-0.18921,0.20613,0.51236
0.10401,0.97498,-0.19644,0.04283,0.21844,0.4666
0.08611,0.98294,-0.16248,0.21718,0.13879,0.28733
0.06591,0.98791,-0.14027,0.20785,-0.00523,-0.05693
0.05278,0.98999,-0.13085,0.1912,-0.0157,-0.06803
0.05016,0.99237,-0.11255,0.17723,-0.01964,0.02005
0.05108,0.99492,-0.08665,0.00906,-0.09586,0.33488
0.05538,0.99616,-0.06776,-0.01667,-0.0783,0.22134
0.065,0.99656,-0.05131,-0.05702,-0.05697,0.1953
0.07848,0.99645,-0.03011,-0.02557,-0.048,0.1686
0.09259,0.99569,-0.00308,-0.0003,-0.06167,0.17938
0.10504,0.99411,0.02636,-0.01819,-0.06586,0.1739
0.11406,0.99198,0.05428,-0.14429,-0.09089,0.17328
0.11676,0.98991,0.0802,-0.18332,-0.11639,0.10493
0.1152,0.98812,0.10161,-0.17832,-0.10649,0.0679
0.11006,0.9865,0.12116,-0.15363,-0.14284,0.03854
0.10225,0.98426,0.14408,-0.09614,0.06379,0.05258
0.0936,0.98103,0.16973,-0.03831,0.1294,-0.00825
0.08716,0.97698,0.19466,0.11777,0.15691,-0.18015
0.08309,0.97209,0.21936,0.10712,0.22946,-0.46359
0.07839,0.96775,0.23935,0.03026,0.2296,-0.4801
0.06692,0.96893,0.23806,0.06973,0.29391,-0.12043
0.05637,0.97121,0.2314,0.04316,0.27195,-0.08861
0.0518,0.97227,0.22799,0.00276,0.28729,-0.22497
0.04708,0.97421,0.22061,0.12662,0.46114,-0.34932
0.04085,0.97929,0.19827,0.2404,0.58494,-0.46672
0.03773,0.98593,0.1628,0.19444,0.44756,-0.61349
0.03802,0.99362,0.1061,-0.05343,0.22075,-0.61557
0.03326,0.9991,0.02619,-0.16101,0.25705,-0.12036
0.02722,0.99775,-0.06111,0.07285,0.46178,0.77966
0.02911,0.98897,-0.14518,0.02185,0.56009,0.97518
0.03812,0.97561,-0.21615,-0.28144,0.76337,1.09005
0.04503,0.96303,-0.26558,-0.41895,0.36737,0.89397
0.06294,0.95219,-0.29893,-0.45443,0.17157,0.52375
0.09236,0.94325,-0.31895,-0.43469,0.23417,-0.79309
0.09188,0.93219,-0.35009,-0.16653,0.02723,0.3254
0.07588,0.90858,-0.41074,0.12496,-0.14831,0.79667
0.07037,0.88354,-0.46304,0.29349,-0.21161,0.77748
0.07523,0.86231,-0.50076,0.16873,-0.1899,0.72044
0.07394,0.83857,-0.53975,0.08063,-0.14765,0.68251
0.0747,0.81642,-0.57259,-0.03422,-0.24452,0.69474
0.07306,0.79873,-0.59723,-0.107,-0.31448,0.74691
0.06654,0.78551,-0.61526,-0.1896,-0.49161,0.77847
0.05719,0.78186,-0.62082,-0.18204,-0.5518,0.82006
0.04494,0.78837,-0.61355,-0.16125,-0.54455,0.81401
0.03186,0.80356,-0.59437,-0.13954,-0.53009,0.7597
0.01977,0.82769,-0.56083,-0.19459,-0.20783,0.1861
0.01134,0.85957,-0.51089,-0.23128,0.09946,-0.17555
0.00707,0.88395,-0.46751,0.29095,1.90843,-1.42472
0.03145,0.88294,-0.46842,0.26759,0.67233,-0.93789
0.0338,0.87857,-0.4764,0.15971,0.09312,-0.4145
0.03266,0.87603,-0.48114,-0.20172,-0.36428,0.12661
0.03046,0.87687,-0.47975,-0.28333,-0.30714,0.46896
0.02757,0.88357,-0.46748,-0.35219,0.1272,0.58183
0.02895,0.89822,-0.43858,-0.03693,0.5947,0.75288
0.03399,0.91658,-0.3984,0.05793,1.27991,-0.52277
0.0448,0.91841,-0.39306,-0.12816,1.16661,-0.58381
0.03817,0.91716,-0.39667,-0.37496,-0.45041,1.01521
0.03804,0.92312,-0.38262,-0.17539,-0.50196,0.90815
0.04377,0.93148,-0.36114,-0.16804,-0.40262,0.8544
0.04367,0.94362,-0.32811,-0.26277,-0.11818,0.76624
0.04015,0.95584,-0.29112,-0.20154,0.15993,0.70916
0.03659,0.96498,-0.25974,-0.10973,0.26586,0.66327
0.02478,0.96998,-0.24189,0.18527,0.30846,0.53814
0.0038,0.97232,-0.23359,0.29212,0.0331,0.3385
-0.01746,0.97598,-0.21712,0.31373,-0.10377,0.22535
-0.03236,0.98381,-0.17621,0.20089,-0.21022,0.28079
-0.03148,0.99291,-0.11455,0.09864,-0.14237,0.48651
-0.01557,0.99797,-0.06165,0.037,-0.16339,0.39948
0.00502,0.99969,-0.02394,-0.05209,-0.02556,-0.14945
0.02291,0.99965,0.01291,-0.09617,0.0432,-0.15786
0.03369,0.99839,0.04534,-0.10324,-0.01042,-0.09874
0.03852,0.99685,0.06916,-0.10017,-0.11506,-0.04226
0.0367,0.99531,0.0894,-0.08617,-0.12319,0.08957
0.0315,0.99377,0.10679,-0.05728,-0.15426,0.19523
0.02299,0.99179,0.12574,-0.01288,-0.05471,0.15941
0.01239,0.98885,0.1483,0.04741,0.08024,0.03642
0.00422,0.98477,0.17378,0.11751,0.10201,-0.1
0.00041,0.97896,0.204,0.14214,0.01477,-0.34858
-0.00236,0.97329,0.22952,0.08017,0.15777,-0.3374
-0.00908,0.9717,0.23599,0.13625,0.25614,-0.15921
-0.01993,0.97044,0.24049,0.22852,0.31322,-0.11318
-0.03136,0.9691,0.24463,0.23341,0.34974,-0.28639
-0.03959,0.96885,0.24443,0.24365,0.37577,-0.43367
-0.04635,0.97102,0.23443,0.38516,0.62318,-0.37467
-0.0488,0.97745,0.20541,0.40191,0.79114,-0.30974
-0.04464,0.98622,0.15922,0.20683,0.68442,-0.56559
-0.04035,0.99519,0.08912,-0.15079,0.30083,-0.49612
-0.04429,0.99901,-0.00094,-0.00696,0.43887,0.89914
-0.04342,0.99532,-0.08619,0.04231,0.53738,1.12942
-0.02997,0.98592,-0.16446,-0.28688,0.60511,0.87981
-0.01034,0.97171,-0.23593,-0.46967,0.47878,0.54771
0.01608,0.95442,-0.298,-0.52473,0.28029,-0.31166
0.04211,0.94264,-0.33112,-0.27302,0.12053,0.27047
0.04985,0.94011,-0.33717,0.02912,-0.00745,0.56018
0.04781,0.92632,-0.37368,0.09106,-0.06844,0.79467
0.05105,0.89798,-0.43705,0.43982,-0.21723,0.70649
0.06343,0.87154,-0.4862,0.42626,-0.1494,0.7385
0.07159,0.84811,-0.52494,0.33797,-0.12003,0.79721
0.07524,0.82399,-0.56158,0.04912,-0.18655,0.81616
0.06978,0.80148,-0.59392,-0.32002,-0.37,0.94672
0.05071,0.78511,-0.61727,-0.42343,-0.56579,1.09091
0.02566,0.77856,-0.62704,-0.20849,-0.5803,1.05408
0.00106,0.78277,-0.6223,-0.17041,-0.77301,0.9556
-0.02042,0.79748,-0.60299,-0.14764,-0.80925,0.8778
-0.03518,0.82332,-0.56648,-0.04624,-0.4888,0.33948
-0.04111,0.85613,-0.51511,0.01209,0.3659,-0.59782
-0.02906,0.88192,-0.4705,-0.2455,2.23747,-2.10021
-0.01725,0.88049,-0.47374,0.27271,1.13237,-0.98647
-0.0271,0.87899,-0.47606,0.29466,-0.11169,-0.2339
-0.02961,0.88081,-0.47253,0.1472,-0.39049,0.07537
-0.03213,0.88369,-0.46695,-0.44835,0.70658,0.61772
-0.0337,0.89495,-0.44488,-0.34298,1.91784,0.15276
-0.01845,0.90081,-0.43381,-0.39891,1.99177,-0.49979
-0.01519,0.89121,-0.45333,-0.43606,-0.71601,1.71215
-0.01172,0.89187,-0.45212,-0.39134,-0.73906,1.12468
-0.00698,0.90663,-0.42185,-0.15152,-0.63411,1.1791
0.00078,0.92637,-0.37661,-0.15387,-0.21233,0.99547
-0.00308,0.94568,-0.32507,-0.09529,0.11374,0.84552
-0.01945,0.96054,-0.27743,-0.05874,0.38977,0.73211
-0.03276,0.96953,-0.24276,0.12287,0.57147,0.67144
-0.04704,0.97431,-0.22021,0.42199,0.22892,0.23329
-0.06412,0.97726,-0.20209,0.43907,0.22598,0.21517
-0.07902,0.98377,-0.16108,0.51254,-0.2728,-0.28898
-0.08437,0.99326,-0.07937,0.2554,-0.15317,0.23064
-0.0719,0.99713,-0.0234,0.20635,-0.29547,0.19313
-0.0493,0.99877,-0.00395,0.09586,-0.31378,0.27363
-0.02354,0.99967,0.00906,0.07499,-0.15609,0.30868
0.00209,0.99954,0.03006,0.00848,-0.16322,0.27406
0.02278,0.9978,0.06209,-0.17012,-0.00032,-0.02328
0.02985,0.99375,0.10743,-0.33234,0.02436,-0.1034
0.02743,0.98839,0.14938,-0.3227,-0.11652,-0.03016
0.02309,0.98424,0.17525,0.01809,0.21362,-0.07957
0.01021,0.98075,0.19493,0.1155,0.24846,-0.21919
0.00039,0.97543,0.22026,0.20951,0.18363,-0.35442
-0.00083,0.96753,0.25272,0.37252,0.20416,-0.50874
-0.00209,0.96381,0.26654,0.19781,0.33682,-0.16886
-0.01293,0.96376,0.2664,0.21523,0.36872,-0.15271
-0.02335,0.96398,0.26493,0.15527,0.33339,-0.36207
-0.02559,0.96515,0.26039,0.10712,0.31068,-0.49222
-0.02718,0.96854,0.24731,0.16324,0.31301,-0.60014
-0.03318,0.97606,0.21492,0.23272,0.63391,-0.39035
-0.03633,0.98643,0.16004,0.13843,0.66081,-0.45752
-0.03745,0.99578,0.08364,-0.07045,0.42023,-0.43685
-0.04565,0.99885,-0.01398,0.22215,0.44699,0.91689
-0.04165,0.99298,-0.11067,0.14647,0.8153,1.10148
-0.01401,0.98099,-0.19353,-0.27614,0.91949,1.05679
0.01648,0.96714,-0.25369,-0.52112,0.82291,0.71991
0.04365,0.9522,-0.30232,-0.6074,0.68868,0.58817
0.06959,0.93972,-0.33477,-0.61089,0.2378,-0.28926
0.08168,0.93129,-0.35499,-0.24965,-0.00772,0.49873
0.07282,0.91063,-0.40674,-0.14946,-0.10402,0.84642
0.07416,0.87859,-0.47177,0.30952,-0.36567,0.76717
0.08243,0.85063,-0.51925,0.28859,-0.25406,0.76803
0.07319,0.82396,-0.5619,0.24062,-0.17947,0.74451
0.05556,0.79627,-0.60239,0.09353,-0.24524,0.81201
0.03902,0.77141,-0.63514,-0.23705,-0.44365,0.89755
0.01471,0.7525,-0.65843,-0.38601,-0.59954,1.01693
-0.01523,0.74295,-0.66917,-0.13463,-0.59952,1.04945
-0.04474,0.74465,-0.66595,-0.06422,-0.63645,1.01864
-0.06616,0.75785,-0.64906,-0.02666,-0.61138,0.80285
-0.07783,0.78199,-0.61841,0.03582,-0.55795,0.61503
-0.07894,0.81488,-0.57423,0.03143,0.62443,-1.11802
-0.06849,0.84777,-0.52592,-0.20824,1.70053,-1.68307
-0.04754,0.85781,-0.51175,-0.13447,2.27437,-1.6219
-0.04318,0.8597,-0.50896,0.19132,0.38644,-0.26178
-0.0417,0.85724,-0.51322,-0.18182,-0.24965,-0.1486
-0.04492,0.85152,-0.52238,-0.4171,-0.40667,0.01225
-0.05276,0.85174,-0.5213,-0.40058,-0.22883,0.58287
-0.06219,0.86847,-0.49181,-0.24968,0.54357,1.40853
-0.06538,0.89828,-0.43452,0.59639,1.84282,0.24857
-0.02643,0.90611,-0.42219,-0.18514,1.04793,-0.58156
-0.02768,0.905,-0.42451,-0.24576,-0.57808,1.06814
-0.01568,0.90789,-0.4189,-0.22279,-0.51731,0.91507
-0.00154,0.91948,-0.39312,-0.15229,-0.5462,0.8588
0.00588,0.93901,-0.34381,-0.15854,-0.30719,0.81528
0.00499,0.95722,-0.2893,-0.11226,0.03739,0.83426
-0.00149,0.97063,-0.24053,0.00103,0.44056,0.84747
-0.01625,0.97735,-0.21098,0.19377,0.53542,0.72942
-0.03719,0.97811,-0.20472,0.36607,0.27241,0.45758
-0.05067,0.98014,-0.1917,0.46193,-0.04546,0.05835
-0.05092,0.98974,-0.13343,0.39774,-0.41499,-0.06909
-0.03459,0.99864,-0.03892,0.08325,-0.12658,0.29109
-0.01542,0.99973,0.01709,0.01916,-0.26828,-0.06606
0.00809,0.999,0.04364,0.03946,-0.13299,0.02377
0.03138,0.99777,0.05882,-0.08952,-0.04777,0.09512
0.04107,0.99556,0.08461,-0.24615,0.07064,0.02339
0.03971,0.99189,0.12063,-0.13034,-0.01034,0.09932
0.03769,0.98819,0.14847,-0.05113,-0.06029,0.11964
0.02969,0.98531,0.16813,0.04561,0.04237,0.07472
0.02193,0.98184,0.18838,0.119,0.21753,-0.19223
0.01758,0.97666,0.21401,0.05559,0.17387,-0.34749
0.01649,0.97224,0.23336,0.03585,0.24372,-0.1848
0.0072,0.97029,0.24178,0.07819,0.31138,-0.1151
-0.00699,0.96852,0.24879,0.22495,0.46648,-0.09601
-0.01648,0.96765,0.25172,0.34893,0.34662,-0.35446
-0.01996,0.96783,0.25078,0.35186,0.34776,-0.46907
-0.02327,0.97115,0.2373,0.30906,0.48138,-0.23568
-0.02311,0.97836,0.20556,0.21432,0.62505,-0.20151
-0.0164,0.98706,0.15948,0.02041,0.39364,-0.35264
-0.0105,0.99556,0.09348,-0.08819,0.18366,-0.41933
-0.01382,0.99987,0.0076,-0.19565,0.39453,0.26486
-0.01945,0.99652,-0.0809,0.0732,0.43509,1.17821
-0.0107,0.9869,-0.16091,0.02228,0.56183,1.16862
0.01197,0.9721,-0.23424,-0.34986,0.53947,0.75791
0.04491,0.95291,-0.29988,-0.54145,0.59362,0.04
0.07528,0.93689,-0.34142,-0.5695,0.53476,-0.1205
0.08883,0.92975,-0.3573,-0.3008,-0.01251,0.49712
0.08309,0.92116,-0.3802,-0.06318,-0.07424,0.72691
0.07104,0.8942,-0.44199,0.03487,-0.07762,0.81123
0.06273,0.85948,-0.50729,0.35015,-0.13709,0.69713
0.06374,0.83161,-0.55168,0.29695,-0.13209,0.73827
0.06365,0.80457,-0.59043,0.23058,-0.14835,0.78235
0.05696,0.77608,-0.62805,-0.20331,-0.29305,0.83897
0.04269,0.75118,-0.65871,-0.33129,-0.47051,0.90853
0.01855,0.73343,-0.6795,-0.30716,-0.45276,0.92932
-0.00683,0.72594,-0.68772,-0.08383,-0.48748,0.80869
-0.0351,0.72798,-0.68469,-0.00782,-0.52522,0.5679
-0.06318,0.73961,-0.67006,0.02025,-0.53685,0.55327
-0.07871,0.76066,-0.64436,0.12907,-0.20948,-0.72172
-0.07099,0.7822,-0.61897,-0.25002,0.86548,-0.7997
-0.05446,0.79125,-0.60906,-0.31492,1.23922,-0.72584
-0.05442,0.79514,-0.60398,-0.06471,0.47059,-0.17923
-0.0604,0.79601,-0.60225,-0.19541,-0.07452,0.01564
-0.06906,0.79586,-0.60153,-0.26622,0.11427,0.17648
-0.07154,0.79677,-0.60003,-0.4483,0.85564,0.03993
-0.08109,0.79791,-0.59729,-0.09611,0.77394,0.30782
-0.10115,0.80303,-0.58729,0.28822,0.43611,0.50036
-0.10791,0.81697,-0.56649,0.12285,-0.32446,1.58153
-0.08538,0.83675,-0.54089,-0.25209,-0.37827,0.72904
-0.04723,0.86504,-0.49946,-0.13861,-0.21371,0.64248
-0.0069,0.89572,-0.44456,-0.14697,0.00922,1.12606
0.02314,0.92193,-0.38666,-0.29006,0.44454,0.7113
0.03032,0.9432,-0.33082,-0.2881,0.35828,0.55682
0.02659,0.95703,-0.28876,-0.02406,0.09975,0.50119
0.01849,0.96644,-0.2562,0.37926,0.155,0.4655
0.00485,0.97402,-0.22638,0.60658,0.13393,0.33989
-0.01012,0.98017,-0.19787,0.65178,0.04054,-0.02738
-0.01759,0.98689,-0.16037,0.47402,0.0112,-0.12103
-0.01837,0.993,-0.11661,0.27939,-0.03859,-0.09355
-0.0123,0.99658,-0.0816,0.13352,-0.11252,0.20199
1e-05,0.99818,-0.06013,0.08245,-0.24724,0.2643
0.019,0.9989,-0.04258,0.07702,-0.29543,0.24076
0.04065,0.99906,-0.01467,0.03523,-0.08765,0.14057
0.05651,0.99805,0.02627,-0.03928,-0.00505,0.1155
0.06498,0.99541,0.07007,-0.10342,0.04591,0.0175
0.06221,0.992,0.10979,-0.32743,-0.0834,-0.41129
0.055,0.99034,0.12721,-0.16049,0.01224,0.07135
0.04581,0.98972,0.13538,-0.07017,0.06771,0.19787
0.03602,0.98761,0.15268,0.10172,0.11888,-0.00409
0.02987,0.98339,0.179,0.21256,0.02659,-0.35575
0.02597,0.97834,0.20534,0.1919,0.06808,-0.50414
0.01971,0.9778,0.20858,0.13149,0.15909,-0.07609
0.01209,0.97887,0.20407,0.21444,0.30395,0.10229
0.00656,0.9793,0.20228,0.23194,0.35487,0.10053
0.00441,0.9793,0.20232,0.26536,0.55622,-0.11829
0.00626,0.98109,0.19341,0.32913,0.73461,-0.30698
0.01092,0.98697,0.16049,0.20778,0.77536,-0.30533
0.01927,0.99374,0.11,-0.19009,0.48829,-0.59244
0.02071,0.99913,0.03598,-0.19154,0.4829,-0.51842
0.00516,0.99827,-0.0584,-0.19008,0.11725,0.70763
-0.00233,0.98988,-0.14186,0.10508,0.15934,1.05507
0.01005,0.97643,-0.21556,-0.13,0.39791,1.03575
0.02301,0.96019,-0.27839,-0.39017,0.6115,0.86895
0.0371,0.94102,-0.33629,-0.5168,0.53781,0.25589
0.04935,0.92614,-0.37392,-0.38999,0.2811,-0.03408
0.04134,0.9182,-0.39393,-0.12174,0.03884,0.34556
0.02584,0.89724,-0.44078,0.19161,-0.03269,0.76959
0.02413,0.86714,-0.49748,0.34002,-0.07768,0.75845
0.03524,0.83904,-0.54293,0.20161,-0.12865,0.68932
0.04097,0.81286,-0.581,0.14937,-0.20019,0.77491
0.03799,0.788,-0.6145,0.10927,-0.24179,0.81505
0.02889,0.76692,-0.64109,-0.052,-0.31456,0.85247
0.01558,0.75178,-0.65922,-0.19491,-0.44317,0.88064
0.00222,0.74635,-0.66555,-0.19782,-0.50486,0.88298
-0.00842,0.75093,-0.66033,-0.20496,-0.52819,0.82242
-0.01563,0.76482,-0.64404,-0.17556,-0.55976,0.73488
-0.02226,0.78705,-0.61648,-0.07572,-0.37946,0.16555
-0.02659,0.81581,-0.57771,-0.08947,-0.17384,-0.34865
-0.0312,0.84304,-0.53694,-0.16862,1.1638,-1.57381
-0.02271,0.84986,-0.52652,-0.26111,1.04628,-0.58304
-0.01409,0.85097,-0.52502,0.03089,0.08792,-0.4502
-0.01061,0.84885,-0.52852,-0.22101,-0.05828,-0.19174
-0.01947,0.84718,-0.53095,-0.47114,0.60413,0.41831
-0.03261,0.85098,-0.52418,-0.42709,1.08481,0.21101
-0.03658,0.85219,-0.52194,-0.00759,0.54834,0.78128
-0.0481,0.85754,-0.51216,0.10747,0.02331,0.88919
-0.05148,0.86531,-0.49859,0.06726,-0.52728,1.12455
-0.03571,0.88152,-0.47079,-0.01046,-0.32297,0.96671
-0.01273,0.90495,-0.42532,-0.07183,-0.00024,0.95173
8e-05,0.92941,-0.36903,-0.23199,0.29472,0.75826
-0.00182,0.94852,-0.31669,-0.03946,0.16967,0.66245
-0.00271,0.96176,-0.27384,0.08274,0.1752,0.58875
-0.00589,0.97002,-0.24293,0.1974,0.19185,0.52263
-0.01947,0.97474,-0.22246,0.37191,0.12115,0.2678
-0.03647,0.97915,-0.19982,0.43292,-0.03478,-0.16388
-0.04183,0.98669,-0.15712,0.36504,-0.08534,-0.23513
-0.03065,0.99362,-0.10843,0.09828,-0.07373,0.07045
-0.00986,0.99663,-0.08135,0.0732,-0.16722,0.16648
0.01372,0.99776,-0.06539,0.01515,-0.20905,0.21078
0.03802,0.99831,-0.04384,-0.01976,-0.01868,0.22712
0.06124,0.998,-0.01494,-0.04633,-0.00791,0.12522
0.07764,0.99681,0.01801,-0.0685,-0.02199,0.08463
0.08207,0.9952,0.0532,-0.17326,-0.09562,0.00422
0.08033,0.99351,0.08043,-0.15118,-0.08602,0.04758
0.07589,0.99232,0.09755,-0.11747,-0.08946,0.08628
0.06669,0.9913,0.1134,-0.02963,0.14495,0.01367
0.05775,0.98899,0.13617,0.05424,0.02679,-0.12401
0.05296,0.98447,0.16733,0.05903,0.03131,-0.15517
0.05061,0.97819,0.2014,0.09516,0.17786,-0.39453
0.04429,0.9747,0.21902,0.10024,0.22955,-0.29724
0.03362,0.97574,0.21628,0.17036,0.36453,-0.10175
0.02617,0.97678,0.2126,0.14865,0.33856,-0.15585
0.02391,0.97716,0.21109,0.0695,0.33178,-0.57442
0.02012,0.98086,0.19364,0.21485,0.53709,-0.60166
0.01595,0.98862,0.1495,0.22949,0.71197,-0.54881
0.01534,0.99639,0.08342,0.10336,0.59811,-0.57115
0.01142,0.99989,-0.00865,0.01808,0.3485,-0.03008
0.01137,0.99431,-0.10584,0.22132,0.33444,0.81615
0.02321,0.98119,-0.19161,-0.13707,0.78538,1.14741
0.04066,0.9638,-0.2635,-0.32226,0.96186,1.2275
0.05604,0.94811,-0.31293,-0.53784,0.68978,0.8398
0.07838,0.93541,-0.34476,-0.52659,0.17444,-0.25756
0.10466,0.92703,-0.36006,-0.47741,0.20154,-0.554
0.09624,0.91406,-0.39398,-0.25661,0.06436,0.46624
0.08146,0.88751,-0.45352,0.16671,-0.365,0.89297
0.07311,0.86063,-0.50395,0.26136,-0.31565,0.82309
0.07358,0.83892,-0.53925,0.26361,-0.1444,0.72956
0.06723,0.81676,-0.57304,0.23474,-0.10065,0.75016
0.05729,0.79313,-0.60635,0.1251,-0.10479,0.80331
0.04783,0.7745,-0.63076,-0.31129,-0.36695,0.88121
0.03352,0.76363,-0.64478,-0.34483,-0.49146,0.94488
0.01697,0.76185,-0.64753,-0.22278,-0.5037,0.96584
0.00131,0.77028,-0.6377,-0.09415,-0.52638,0.81044
-0.01086,0.78848,-0.61496,-0.05678,-0.49487,0.65387
-0.01892,0.81636,-0.57723,0.0114,-0.45474,0.47165
-0.02319,0.85024,-0.52587,-0.09316,0.64745,-0.74018
-0.02639,0.87124,-0.49014,0.02471,2.30283,-1.93277
-0.01203,0.86465,-0.50222,0.20262,1.83879,-1.70164
-0.02072,0.85962,-0.5105,-0.06678,-0.23283,-0.1666
-0.0173,0.8565,-0.51585,-0.36853,-0.52067,0.13247
-0.01867,0.85842,-0.51261,-0.40945,-0.36386,0.38616
-0.02531,0.87177,-0.48925,-0.3277,0.72665,0.63925
-0.02074,0.88892,-0.45759,0.20647,1.16513,0.35032
-0.00775,0.89506,-0.44587,-0.02292,0.95212,0.09336
-0.01206,0.88956,-0.45665,-0.43668,-0.13959,1.22019
-0.01684,0.89077,-0.45414,-0.48486,-0.15258,0.9673
-0.01764,0.9032,-0.42884,-0.26109,-0.36721,0.88078
-0.00977,0.92195,-0.38717,-0.00983,-0.28217,0.82668
-0.00409,0.93987,-0.3415,0.08484,-0.00316,0.76838
-0.00738,0.9543,-0.29874,0.22363,0.2932,0.81709
-0.01943,0.96343,-0.26724,0.29763,0.44992,0.73071
-0.03694,0.96738,-0.2506,0.36041,0.27673,0.45604
-0.04465,0.97087,-0.23538,0.34433,0.00973,0.22692
-0.03519,0.97869,-0.20227,0.2344,-0.20913,-0.07194
-0.01517,0.99018,-0.13895,0.05695,-0.15158,0.27703
0.00935,0.99593,-0.08952,-0.01883,-0.19532,0.31004
0.03336,0.99728,-0.06565,-0.09773,-0.16744,0.23366
0.05239,0.99755,-0.04619,-0.14777,-0.07729,0.23791
0.06823,0.99755,-0.01461,-0.13047,-0.02281,0.04324
0.0783,0.99649,0.0293,-0.1136,-0.01518,0.02495
0.07894,0.99438,0.07039,-0.15281,-0.13731,-0.13834
0.07367,0.99248,0.0977,-0.12993,-0.12451,-0.14041
0.0651,0.99079,0.11866,-0.0054,0.02828,0.02941
0.05506,0.98835,0.14183,0.14883,0.18637,-0.04921
0.04653,0.98512,0.16541,0.20834,0.15323,-0.14417
0.03959,0.98121,0.1888,0.30793,0.04676,-0.39921
0.03204,0.97856,0.2034,0.17577,0.18842,-0.20223
0.02609,0.9783,0.20547,0.17867,0.23301,-0.08111
0.02132,0.97848,0.2052,0.17101,0.23795,0.12167
0.01792,0.9787,0.20446,-0.06821,0.23585,-0.29277
0.01659,0.97846,0.20574,-0.17104,0.28883,-0.64194
0.00784,0.98205,0.18841,0.19512,0.56551,-0.56619
-0.00336,0.98933,0.14561,0.23903,0.70956,-0.566
-0.00977,0.9965,0.08293,0.24002,0.72039,-0.64766
-0.01581,0.99984,-0.00673,0.21762,0.27668,0.57056
-0.01578,0.995,-0.09857,0.26914,0.27168,0.91515
-0.00594,0.98335,-0.1816,0.17907,0.35961,1.06567
0.01075,0.9665,-0.2564,-0.31931,0.89315,1.00633
0.03387,0.94662,-0.32056,-0.4707,0.95541,0.58618
0.05636,0.92997,-0.36327,-0.55769,0.64945,0.02579
0.06924,0.92677,-0.36917,-0.42523,0.29431,-0.05679
0.0639,0.9164,-0.39511,-0.18022,0.0687,0.65959
0.05359,0.88887,-0.45501,-0.10228,-0.14039,0.87189
0.04623,0.86138,-0.50585,0.18065,-0.25345,0.91143
0.04823,0.84011,-0.54026,0.31482,-0.18188,0.80276
0.04588,0.81702,-0.57478,0.27103,-0.1453,0.76356
0.03994,0.79463,-0.60577,0.1504,-0.23001,0.77411
0.03325,0.77609,-0.62974,-0.11173,-0.36452,0.89246
0.01868,0.76337,-0.64568,-0.34083,-0.51456,1.00973
-0.0013,0.75911,-0.65096,-0.16334,-0.59184,1.00996
-0.02675,0.76431,-0.64429,-0.06039,-0.77379,0.94673
-0.05283,0.77977,-0.62383,0.02004,-0.72629,0.7784
-0.07237,0.80689,-0.58625,0.05821,-0.53045,0.46735
-0.08208,0.84503,-0.52838,-0.00366,0.40934,-0.45553
-0.08249,0.87086,-0.48456,-0.28035,2.59235,-2.10587
-0.08514,0.8662,-0.49239,0.07324,1.34848,-0.72093
-0.09628,0.86024,-0.50071,0.0932,0.00969,-0.17283
-0.09262,0.85335,-0.51303,-0.09288,-0.15244,-0.07476
-0.09146,0.85011,-0.51859,-0.32379,-0.27965,0.60284
-0.0843,0.85955,-0.50405,-0.33584,0.28784,0.70934
-0.06259,0.87789,-0.47475,-0.1612,1.12007,0.06032
-0.04929,0.88743,-0.4583,-0.48703,1.1105,-0.26359
-0.07633,0.87841,-0.47176,-0.17915,-0.14675,1.29597
-0.08429,0.88448,-0.45888,-0.13417,-0.54324,1.24506
-0.07246,0.89907,-0.43175,-0.02154,-0.54249,1.0155
-0.05402,0.91647,-0.39642,0.07433,-0.09293,0.81495
-0.04988,0.9354,-0.35004,0.06401,0.10473,0.8064
-0.05359,0.95284,-0.29869,0.11291,0.41983,0.83592
-0.05562,0.96383,-0.26063,0.37095,0.44093,0.62335
-0.0589,0.96905,-0.23971,0.39418,0.33129,0.45589
-0.06169,0.97205,-0.22648,0.37476,0.04252,0.15768
-0.05531,0.97775,-0.20234,0.31321,-0.03152,-0.07244
-0.04094,0.98667,-0.15746,0.25653,-0.01404,0.02402
-0.0261,0.99212,-0.12251,0.16657,-0.16065,0.17065
-0.01169,0.9942,-0.10682,0.0002,-0.14459,0.38894
0.00405,0.99516,-0.09807,-0.02689,-0.11588,0.27607
0.02239,0.99636,-0.08212,-0.02697,-0.06597,0.25275
0.04101,0.99775,-0.05281,-0.03604,-0.05012,0.19449
0.05548,0.99835,-0.01418,-0.06217,-0.06471,0.11546
0.06345,0.99763,0.02628,-0.19446,-0.10551,-0.08154
0.06301,0.99602,0.0629,-0.22517,-0.16133,-0.12134
0.05956,0.99408,0.09074,-0.18932,-0.13515,0.00683
0.05036,0.99222,0.11375,-0.03439,0.04858,0.04891
0.03924,0.98949,0.13912,0.12052,0.0667,-0.22367
0.03046,0.98471,0.17144,0.21051,0.08522,-0.36962
0.02301,0.9803,0.19615,0.34367,0.16805,-0.2069
0.01418,0.9802,0.19745,0.31468,0.25907,-0.08521
0.00791,0.98083,0.19463,0.32716,0.32433,-0.04275
0.00562,0.9805,0.19638,0.10889,0.31285,-0.29515
0.00695,0.97966,0.20048,-0.0963,0.26831,-0.69706
9e-05,0.9821,0.1883,-0.04819,0.30574,-0.76289
-0.01337,0.98762,0.15623,0.24656,0.59812,-0.66314
-0.02722,0.99462,0.09989,0.29537,0.45794,-0.60778
-0.03666,0.99916,0.01763,0.23413,0.34279,-0.36135
-0.03635,0.99638,-0.07678,0.43066,0.55402,0.89932
-0.02549,0.98487,-0.17137,0.18471,0.81101,1.22015
-0.0019,0.96803,-0.25082,-0.08889,0.97916,1.20348
0.02115,0.9511,-0.30814,-0.6206,0.92387,0.69098
0.0384,0.938,-0.34449,-0.92524,0.46013,-0.57626
0.04133,0.93138,-0.36168,-0.84715,0.35436,-0.0512
0.01654,0.90927,-0.41587,-0.06955,-0.17822,1.06266
0.0072,0.8749,-0.48424,0.16148,-0.32087,0.94985
0.0222,0.84873,-0.52835,0.519,-0.19019,0.87909
0.03987,0.82728,-0.56037,0.54194,-0.0285,0.77516
0.04195,0.79606,-0.60375,0.34094,-0.01878,0.64077
0.03307,0.76603,-0.64195,0.25453,-0.02952,0.80821
0.0093,0.74054,-0.67194,-0.23683,-0.3667,1.1692
-0.01872,0.72327,-0.69031,-0.42461,-0.60105,1.18275
-0.04891,0.71696,-0.69539,-0.28326,-0.73414,1.12037
-0.07733,0.72171,-0.68786,-0.05803,-0.73226,1.00517
-0.09266,0.73948,-0.66677,0.13278,-0.62533,0.72881
-0.09054,0.77181,-0.62937,0.20399,-0.43073,0.15627
-0.07439,0.81412,-0.57591,0.14884,0.5229,-1.32152
-0.04976,0.83293,-0.55113,-0.37328,2.64964,-2.07609
-0.0697,0.83086,-0.5521,-0.20677,1.99162,-1.11706
-0.08546,0.82369,-0.56056,-0.07558,-0.1661,-0.0985
-0.09381,0.81516,-0.57159,-0.22745,-0.49457,-0.28798
-0.09436,0.81116,-0.57716,-0.25559,-0.48022,-0.06215
-0.09307,0.82852,-0.55216,-0.66301,-0.04854,2.28368
-0.08126,0.86554,-0.49419,-0.45872,2.05081,-0.84008
-0.06533,0.86858,-0.49122,-0.45464,1.98779,-1.59923
-0.11386,0.86757,-0.4841,0.49639,-0.22893,1.63403
-0.11707,0.88241,-0.45566,0.18804,-0.48338,1.19372
-0.09425,0.90005,-0.42547,0.07591,-0.28918,0.93268
-0.06386,0.9157,-0.39675,0.12484,-0.21639,0.62992
-0.04477,0.93215,-0.35928,0.15842,-0.1594,0.57066
-0.04327,0.94896,-0.31239,0.08059,0.29242,0.71757
-0.04926,0.96093,-0.27237,0.27048,0.50863,0.70723
-0.05964,0.96579,-0.25237,0.33396,0.42095,0.60471
-0.06895,0.96716,-0.24461,0.43976,0.08743,0.24821
-0.06896,0.97208,-0.22425,0.41944,-0.19202,0.04203
-0.05965,0.98376,-0.16923,0.05565,-0.34729,0.30738
-0.02838,0.9957,-0.08811,-0.0085,-0.11627,0.36897
0.00433,0.99947,-0.03199,-0.02167,-0.13759,0.02043
0.02892,0.99957,0.00287,-0.01725,-0.0298,-0.12223
0.04142,0.99876,0.02746,0.00498,0.02071,-0.20231
0.0419,0.9979,0.04922,-0.01397,-0.02636,-0.01869
0.03409,0.99642,0.07729,0.05405,-0.03684,0.06683
0.02648,0.99389,0.10708,0.07595,-0.04322,0.08411
0.02053,0.99047,0.1361,0.06165,0.13204,-0.2039
0.01565,0.98612,0.16523,0.06078,0.3075,-0.67566
0.01232,0.98237,0.18652,0.06734,0.32449,-0.66241
0.00629,0.97945,0.20155,0.14923,0.26164,-0.32077
-0.00409,0.97817,0.20772,0.19002,0.14109,-0.22925
-0.01374,0.97889,0.2039,0.19967,0.14038,-0.22543
-0.02163,0.98008,0.19738,0.37516,0.54136,-0.43274
-0.0318,0.98426,0.17381,0.46836,0.6689,-0.04671
-0.04111,0.99116,0.12605,0.47766,0.66199,0.00105
-0.04656,0.99716,0.05904,0.10889,0.58075,-0.32601
-0.05779,0.99815,-0.01861,-0.02218,0.36515,0.18213
-0.08226,0.99111,-0.10454,0.00229,0.37219,0.26805
-0.09763,0.97911,-0.1783,0.32206,0.46542,1.11777
-0.09414,0.9653,-0.24357,0.16798,0.41339,0.94712
-0.0784,0.94614,-0.31411,0.06885,0.42718,0.74514
-0.06332,0.92081,-0.38482,0.04202,0.39079,0.55561
-0.06254,0.8946,-0.44246,0.15975,0.31055,0.2996
-0.09406,0.87751,-0.47024,0.22237,0.21865,0.55639
-0.15281,0.86888,-0.47084,0.33528,0.02622,1.00043
-0.20079,0.8564,-0.47566,0.46574,-0.09555,0.66464
-0.2099,0.83624,-0.5066,0.45758,-0.08561,0.67631
-0.19586,0.81961,-0.5384,0.35362,0.00142,0.68322
-0.19517,0.80089,-0.56611,0.09814,-0.04501,0.74525
-0.22084,0.77959,-0.58606,0.06562,-0.12428,0.7753
-0.26409,0.76162,-0.59176,0.02596,-0.2485,0.99934
-0.3027,0.75063,-0.5873,0.15108,-0.27636,0.85432
-0.33796,0.74522,-0.57482,0.23361,-0.27227,0.84568
-0.36528,0.74587,-0.55699,0.10535,-0.24194,0.71935
-0.38009,0.75354,-0.53637,-0.03015,-0.23305,0.60829
-0.38613,0.76564,-0.51448,-0.14485,-0.18927,0.31967
-0.39577,0.77689,-0.48969,-0.23777,0.50321,-0.9628
-0.41486,0.77548,-0.47594,-0.10925,0.63503,-0.88119
-0.42602,0.77919,-0.45975,0.21154,0.51784,-0.24956
-0.42537,0.78308,-0.4537,0.05235,0.20575,-0.30378
-0.40945,0.78397,-0.46663,-0.20477,0.39319,-0.43558
-0.39848,0.77973,-0.48294,-0.5457,1.04947,-0.14642
-0.41069,0.76831,-0.49094,-0.55845,1.1828,-0.37996
-0.43864,0.7561,-0.48569,0.68631,0.35849,0.66944
-0.45672,0.76413,-0.45553,0.74346,-0.98103,2.11572
-0.42779,0.78392,-0.44995,-0.52428,-1.12355,0.53993
-0.40246,0.80238,-0.44068,-0.29058,0.08986,-0.23459
-0.4106,0.81478,-0.40931,0.72033,0.63798,1.11594
-0.40474,0.83046,-0.38277,0.70215,0.61527,0.80253
-0.38543,0.85,-0.35908,0.50606,0.37493,0.36093
-0.35786,0.87236,-0.33304,0.46333,0.25933,0.36374
-0.32631,0.8961,-0.30084,0.56581,0.14401,0.41774
-0.30198,0.91532,-0.26644,0.54848,0.12309,0.39593
-0.29283,0.92692,-0.23465,0.53572,0.09435,0.39475
-0.28995,0.93449,-0.20649,0.38207,0.04601,0.33776
-0.28218,0.9429,-0.17695,0.3254,0.05677,0.29022
-0.26722,0.95303,-0.14256,0.19669,0.02657,0.11305
-0.24624,0.96332,-0.10658,0.11738,0.03016,0.03424
-0.21804,0.97305,-0.07499,0.14962,-0.07263,0.08926
-0.18718,0.98095,-0.0518,0.14514,-0.0655,0.12354
-0.16049,0.98645,-0.03382,0.18048,-0.00374,0.15194
-0.13848,0.99015,-0.02044,0.21956,-0.023,0.12498
-0.1216,0.99254,-0.00747,0.22614,-0.07758,0.10073
-0.10876,0.99401,0.00959,0.20159,-0.12776,0.13018
-0.09784,0.99462,0.03367,0.15389,-0.14099,0.13874
-0.09155,0.99372,0.06428,0.14766,-0.06641,0.08116
-0.09004,0.99171,0.09155,0.13719,0.03438,0.01728
-0.08937,0.98967,0.11204,0.13273,0.15184,-0.08153
-0.08765,0.98687,0.1356,0.1312,0.15284,-0.21266
-0.08096,0.98237,0.16845,0.23128,-0.05114,-0.27851
-0.07409,0.97679,0.20091,0.41058,0.03425,-0.09648
-0.07561,0.97603,0.20403,0.36678,0.12614,-0.07363
-0.08032,0.97778,0.19357,0.2663,0.22957,-0.1646
-0.07863,0.97864,0.18993,0.24477,0.24623,-0.03119
-0.07401,0.97952,0.18721,0.19297,0.18699,0.02652
-0.07077,0.98142,0.17827,0.13298,0.36158,0.07811
-0.06819,0.98437,0.16233,0.26234,0.73208,-0.29005
-0.06367,0.98794,0.14108,0.27474,0.75901,-0.4794
-0.06206,0.99347,0.09565,-0.2434,0.46487,-0.76525
-0.07945,0.9968,0.008,-0.32568,0.27847,-0.40285
-0.11405,0.98984,-0.08478,-0.22699,0.164,0.38034
-0.13663,0.97681,-0.16478,0.1172,0.38195,1.02521
-0.13441,0.96231,-0.23637,0.08325,0.54426,1.05914
-0.13139,0.94519,-0.29891,-0.23308,0.55062,0.94413
-0.12615,0.92439,-0.35998,-0.10804,0.41379,0.37304
-0.12786,0.90647,-0.40243,0.18882,0.19976,-0.24971
-0.16192,0.89408,-0.4176,0.0931,0.22339,0.39388
-0.20402,0.86613,-0.45628,0.23858,0.03924,0.51762
-0.22753,0.83377,-0.50305,0.4025,-0.03758,0.67694
-0.24071,0.80705,-0.53919,0.45848,-0.16551,0.8041
-0.25775,0.7815,-0.56817,0.39437,-0.2253,0.82495
-0.2808,0.75678,-0.59028,0.36596,-0.14251,0.76281
-0.30835,0.73277,-0.6066,0.29593,-0.11677,0.7621
-0.33307,0.71274,-0.6173,0.05385,-0.26223,0.77091
-0.35468,0.70125,-0.61842,0.01938,-0.31008,0.77548
-0.37541,0.69982,-0.60771,0.028,-0.32807,0.73288
-0.39082,0.70835,-0.58779,0.02846,-0.42658,0.61797
-0.39636,0.72466,-0.5637,0.01901,-0.31884,0.23041
-0.39238,0.74477,-0.53976,0.03968,-0.19848,-0.12993
-0.39005,0.76101,-0.51839,-0.04188,0.57766,-0.80452
-0.38405,0.76863,-0.51156,-0.252,0.75192,-0.3829
-0.37049,0.76954,-0.52013,-0.21262,0.51209,-0.41786
-0.36557,0.7667,-0.52774,-0.10655,0.07479,-0.15282
-0.36272,0.76044,-0.53866,-0.12741,0.01472,-0.02146
-0.35924,0.75583,-0.54741,-0.17624,-0.01459,0.15615
-0.35519,0.75009,-0.55785,-0.03193,-0.27011,0.86124
-0.35514,0.76014,-0.54411,0.012,-0.54777,1.27075
-0.33648,0.79709,-0.50141,-0.08635,0.39384,0.71781
-0.29317,0.8293,-0.47571,0.46176,1.79551,-0.85462
-0.24387,0.84257,-0.48021,-0.47607,1.45844,-0.60491
-0.27478,0.85451,-0.44079,0.27463,-0.14014,0.99972
-0.2668,0.86935,-0.41598,0.23802,-0.62246,1.10873
-0.21543,0.88991,-0.40203,0.09864,-0.521,0.73849
-0.16392,0.91274,-0.37421,0.1316,-0.46039,0.45879
-0.1354,0.93552,-0.32627,0.08218,-0.15414,0.59108
-0.11922,0.95452,-0.27325,0.03312,0.31828,0.56903
-0.10401,0.96855,-0.22603,0.08069,0.38746,0.57231
-0.09442,0.97629,-0.19477,0.27284,0.38133,0.53021
-0.09043,0.9795,-0.17995,0.57356,0.13352,0.37868
-0.08351,0.98158,-0.17178,0.64064,0.05518,0.31831
-0.0704,0.98653,-0.14761,0.72201,-0.05777,0.16708
-0.05485,0.99371,-0.09753,0.26659,-0.12441,0.28091
-0.02581,0.99819,-0.05411,0.20393,-0.07394,0.17727
0.00756,0.9996,-0.02701,0.11322,-0.17768,0.09503
0.03564,0.99933,-0.00673,0.08887,-0.22178,0.11521
0.05498,0.9984,0.01284,0.05456,-0.13048,0.1388
0.0649,0.99694,0.04341,-0.00377,0.09237,-0.04503
0.06427,0.99394,0.08903,-0.03473,0.12883,-0.12342
0.05859,0.98976,0.13006,0.10404,0.07254,-0.0734
0.049,0.9865,0.15617,0.24098,0.14254,-0.14743
0.03945,0.98334,0.1774,0.40311,0.12665,-0.48515
0.03282,0.97675,0.21181,0.44777,0.14891,-0.57888
0.02576,0.97122,0.23676,0.23689,0.22022,-0.20977
0.01948,0.97122,0.23733,0.19365,0.23445,-0.14257
0.01637,0.97119,0.2377,0.13452,0.34984,-0.1501
0.01511,0.97033,0.24127,-0.09259,0.32777,-0.70078
0.01179,0.97277,0.23141,-0.03069,0.24318,-0.75174
0.00275,0.97897,0.20394,0.08253,0.21796,-0.72525
-0.00819,0.98864,0.15003,0.1085,0.61433,-0.37945
-0.01416,0.99747,0.06952,-0.01326,0.58717,-0.21137
-0.0119,0.99953,-0.02797,0.06096,0.63759,0.24208
0.00327,0.99108,-0.13317,0.04897,0.84054,1.18402
0.03077,0.97364,-0.226,-0.32388,1.34244,1.22702
0.04578,0.95804,-0.28295,-0.5265,1.32001,1.2053
0.05659,0.94529,-0.32128,-0.86975,0.26628,0.56285
0.09359,0.93034,-0.35455,-0.69567,0.30003,-1.01348
0.08661,0.91112,-0.40293,-0.45322,0.20438,-0.08569
0.06498,0.87738,-0.47537,0.1758,-0.14533,1.01024
0.07665,0.84862,-0.52342,0.36991,-0.24822,0.96433
0.08772,0.82347,-0.56052,0.37882,-0.21697,0.90127
0.06759,0.79162,-0.60726,0.15691,-0.38331,0.77364
0.0503,0.76058,-0.64729,0.07682,-0.437,0.80798
0.03914,0.73814,-0.67351,-0.21849,-0.47883,1.03209
0.01703,0.7244,-0.68917,-0.31756,-0.67548,1.24737
-0.01584,0.72062,-0.69315,-0.13225,-0.85401,1.19759
-0.05107,0.72793,-0.68375,0.02173,-0.81945,1.06644
-0.07488,0.74674,-0.66088,0.24722,-0.58386,0.71132
-0.07986,0.7776,-0.62366,0.21957,-0.30635,-0.07482
-0.04968,0.80756,-0.58769,-0.2646,1.41025,-2.33871
0.00898,0.807,-0.59048,-0.21884,1.83195,-1.74163
-0.00727,0.81454,-0.58005,0.14658,0.41327,-0.33056
-0.02534,0.81411,-0.58015,0.07197,0.03245,-0.29256
-0.05112,0.80943,-0.58499,-0.31355,-0.3484,-0.10441
-0.07073,0.80719,-0.58603,-0.07825,-0.2419,0.62451
-0.06723,0.83578,-0.54492,-0.2686,0.22345,1.83762
-0.02393,0.8676,-0.49667,-0.38084,2.44895,-1.5891
-0.02301,0.86032,-0.50922,-0.12307,-0.23976,2.21685
-0.03634,0.86429,-0.50167,-0.10986,-0.51369,1.71779
-0.02113,0.87839,-0.47746,-0.11844,-0.50014,1.15427
0.00956,0.898,-0.43989,-0.10775,-0.35773,0.91757
0.04075,0.92244,-0.38397,-0.09347,-0.30294,0.8383
0.04677,0.94677,-0.31847,-0.09046,0.29953,0.99339
0.04123,0.96142,-0.27196,0.23242,0.49603,1.05709
0.02953,0.96646,-0.25508,0.31863,0.3884,0.84557
0.01324,0.96986,-0.24326,0.3708,0.15787,0.42993
0.00092,0.97648,-0.21558,0.31558,-0.09069,-0.10224
0.00369,0.98819,-0.15315,0.22118,-0.27649,-0.25058
0.02537,0.99785,-0.06025,0.06165,-0.15731,0.03054
0.04818,0.99883,0.00045,0.04386,-0.24033,-0.08689
0.07177,0.9969,0.03199,0.04014,-0.27697,0.03377
0.09296,0.99437,0.05064,-0.01189,-0.19881,0.10444
0.10723,0.99122,0.07728,-0.08359,-0.03216,0.07354
0.10847,0.98576,0.12845,-0.17821,0.14359,-0.26434
0.10245,0.97821,0.1805,-0.053,0.12204,-0.32755
0.09871,0.9726,0.21042,0.22865,0.21326,-0.73504
0.09533,0.97148,0.21707,0.2429,0.0784,-0.37262
0.08202,0.9699,0.22924,0.13302,0.11987,-0.1157
0.06681,0.9696,0.23537,0.14826,0.08464,-0.10401
0.05594,0.97137,0.23083,0.15873,0.11569,-0.05646
0.04858,0.97321,0.22466,0.21899,0.28338,-0.05036
0.04376,0.97348,0.22451,0.10364,0.45899,-0.68035
0.03848,0.97572,0.21555,0.11553,0.52017,-0.84874
0.02884,0.98516,0.16914,0.34531,0.67282,-0.64096
0.02507,0.99471,0.09955,0.29714,0.77438,-0.52211
0.02383,0.99969,0.00511,0.26134,0.6171,-0.20864
0.02999,0.99531,-0.09191,0.31704,0.80859,1.03048
0.04864,0.98171,-0.18401,-0.03777,1.03706,1.21693
0.06954,0.96337,-0.25897,-0.27091,1.1502,1.17999
0.08175,0.94696,-0.31077,-0.68915,0.74529,0.67469
0.0979,0.93363,-0.34457,-0.75418,0.13175,0.05066
0.10831,0.92525,-0.36355,-0.76709,0.03817,-0.51319
0.08095,0.9062,-0.41502,-0.251,-0.14868,0.79603
0.05331,0.8711,-0.48819,0.2097,-0.32037,0.99928
0.04529,0.83733,-0.54481,0.45605,-0.33545,0.90999
0.03857,0.80894,-0.58662,0.3212,-0.16895,0.86363
0.02781,0.78032,-0.62476,0.26798,-0.17511,0.87378
0.01651,0.75705,-0.65314,-0.02719,-0.306,0.96056
-0.00509,0.73877,-0.67394,-0.38554,-0.39987,1.11887
-0.03585,0.72838,-0.68423,-0.3151,-0.4798,1.22395
-0.06736,0.72777,-0.6825,-0.19108,-0.63739,1.17043
-0.09166,0.73686,-0.6698,-0.08069,-0.72889,1.09436
-0.10118,0.75908,-0.64309,-0.00873,-0.57679,0.65093
-0.0986,0.79516,-0.59833,0.22416,-0.20174,-0.04706
-0.07905,0.82889,-0.55379,-0.07575,1.47014,-2.26564
-0.05556,0.83117,-0.55322,-0.19064,2.06644,-1.41704
-0.07114,0.82956,-0.55385,0.30298,0.41952,-0.29267
-0.07382,0.82627,-0.55841,-0.32007,-0.63042,0.033
-0.07499,0.8237,-0.56204,-0.39012,-0.31721,0.26034
-0.06407,0.83166,-0.55156,-0.56399,0.10503,0.74317
-0.059,0.86069,-0.50568,-0.39768,1.72656,0.41016
-0.05044,0.87382,-0.48362,-0.19969,2.01797,-0.67104
-0.06359,0.86615,-0.49571,0.11567,0.24385,0.99738
-0.0649,0.87698,-0.47611,0.06278,-0.58583,1.6271
-0.04034,0.89287,-0.44849,-0.01392,-0.5297,1.05969
-0.00535,0.91082,-0.41276,-0.05398,-0.4515,0.88585
0.01543,0.93095,-0.36479,0.02312,0.15416,0.85042
0.0157,0.95033,-0.31082,0.0139,0.37596,0.85643
0.00446,0.96253,-0.27113,0.20889,0.54629,1.01499
-0.01499,0.96747,-0.2525,0.33193,0.32266,0.66954
-0.03049,0.97186,-0.23354,0.30805,0.036,0.28466
-0.03138,0.97961,-0.1984,0.32709,-0.08105,0.06701
-0.01651,0.99222,-0.12333,0.16135,-0.25977,-0.10325
0.00824,0.99868,-0.05061,-0.00911,-0.25183,0.20208
0.03494,0.99926,-0.01557,0.00308,-0.28409,0.03893
0.05954,0.99819,0.0078,-0.0268,-0.09175,0.10375
0.07716,0.99643,0.03401,-0.06217,0.01546,0.10943
0.08109,0.99391,0.07444,-0.20155,0.16147,-0.13419
0.0782,0.99006,0.11682,-0.05154,0.019,-0.20435
0.07264,0.98713,0.14241,0.02755,-0.01055,-0.14968
0.06492,0.98583,0.15463,0.15107,0.22232,-0.15787
0.05531,0.98361,0.17156,0.182,0.11128,-0.38778
0.05028,0.98029,0.19099,0.17833,0.0805,-0.34858
0.04301,0.9794,0.19722,0.17374,0.14553,-0.20689
0.03424,0.97946,0.19866,0.16554,0.25037,0.05628
0.02682,0.97838,0.20501,0.18348,0.36696,-0.15617
0.02256,0.97753,0.20954,0.17972,0.3414,-0.42614
0.01718,0.9803,0.19672,0.30003,0.56284,-0.39237
0.01239,0.98617,0.16522,0.41801,0.65488,-0.20939
0.01278,0.99331,0.11466,0.39006,0.71727,-0.23142
0.01743,0.99888,0.04381,-0.02591,0.39423,-0.40969
0.01578,0.9988,-0.04615,-0.17381,0.38578,0.5035
0.01663,0.99073,-0.1348,-0.1001,0.39169,1.08846
0.03332,0.97628,-0.21388,-0.26736,0.75165,1.01338
0.04848,0.95951,-0.27744,-0.50279,0.66984,0.80311
0.05891,0.94139,-0.33211,-0.59796,0.51523,0.45451
0.06798,0.92598,-0.37138,-0.63341,0.27394,0.00527
0.0579,0.91518,-0.39885,-0.28862,0.01619,0.33112
0.03472,0.89366,-0.44738,0.09214,-0.05298,0.87649
0.02466,0.85674,-0.51516,0.59316,-0.1093,0.8814
0.03339,0.82096,-0.57,0.46264,-0.0822,0.75982
0.03777,0.78933,-0.61281,0.31837,-0.10695,0.80861
0.02287,0.75598,-0.65419,0.15067,-0.14772,0.97987
0.00289,0.72665,-0.687,-0.29382,-0.39964,0.99202
-0.02215,0.70689,-0.70698,-0.29933,-0.426,1.06934
-0.04623,0.69961,-0.71302,-0.22878,-0.49844,1.09452
-0.06459,0.7042,-0.70705,-0.21029,-0.58743,1.07172
-0.07452,0.71806,-0.69198,-0.14528,-0.57058,0.95492
-0.07371,0.74277,-0.66547,0.01949,-0.50924,0.5116
-0.06387,0.77729,-0.62588,0.07522,0.44018,-1.27736
-0.04525,0.8048,-0.59181,0.03746,1.5006,-1.74214
-0.03883,0.80826,-0.58754,-0.21088,1.68745,-0.99697
-0.04753,0.80812,-0.58709,-0.1202,-0.15913,-0.31893
-0.05054,0.80857,-0.58622,-0.12879,-0.37408,-0.18925
-0.05579,0.81648,-0.57466,-0.17695,-0.16433,0.39951
-0.05426,0.83189,-0.55227,-0.47191,0.81461,0.76565
-0.05487,0.85208,-0.52052,-0.00621,1.20963,0.54735
-0.03311,0.86369,-0.50292,0.45227,1.14391,-0.29314
-0.01605,0.86585,-0.50004,-0.37126,-0.43766,1.54077
0.00874,0.87127,-0.49071,-0.60872,-0.18409,0.79264
0.03012,0.88845,-0.45798,-0.47401,-0.23748,0.91419
0.04965,0.91275,-0.40549,-0.38517,-0.32916,0.82152
0.06143,0.93719,-0.34335,-0.30073,-0.2772,0.66689
0.05932,0.95633,-0.28619,-0.26006,0.25398,0.81814
0.05352,0.96712,-0.24861,0.06919,0.46396,0.8959
0.03795,0.97064,-0.23749,0.24859,0.43088,0.84704
0.01734,0.97273,-0.23127,0.5319,0.05659,0.43132
0.00466,0.97762,-0.21028,0.69148,-0.10953,-0.21283
-0.00036,0.98958,-0.14394,0.67036,-0.25487,-0.30641
0.01109,0.99753,-0.06918,0.18936,-0.08616,-0.17831
0.0345,0.99882,-0.0339,0.13819,-0.04342,-0.20615
0.06026,0.99803,-0.01688,0.0891,-0.03763,-0.19307
0.08315,0.99653,0.00068,-0.04102,-0.08607,0.13665
0.10197,0.99445,0.02541,-0.13989,0.007,0.20442
0.10667,0.99234,0.06212,-0.17458,0.01545,0.12738
0.10026,0.99049,0.09412,-0.23103,-0.1434,0.15208
0.09378,0.98925,0.11207,-0.09247,0.09896,0.07204
0.0801,0.98861,0.12732,-0.02442,0.15018,-0.05995
0.07182,0.98537,0.15449,0.24592,0.16668,-0.37697
0.07057,0.97954,0.18844,0.19237,0.26447,-0.54954
0.06154,0.98022,0.18803,0.11023,0.30846,-0.15016
0.04869,0.9812,0.1867,0.20511,0.42836,-0.05671
0.04042,0.98106,0.18935,0.20757,0.31882,-0.23643
0.03593,0.98212,0.18473,0.33135,0.30691,-0.53635
0.03312,0.98699,0.15724,0.44094,0.43214,-0.29923
0.03846,0.99288,0.11262,0.13755,0.61149,-0.45713
0.04818,0.99762,0.04911,-0.03284,0.41809,-0.48856
0.04984,0.998,-0.03881,-0.18811,0.4141,0.39994
0.05021,0.99029,-0.12955,-0.02697,0.60011,1.12727
0.06426,0.97468,-0.21413,-0.10334,0.78496,1.07306
0.08467,0.95451,-0.28587,-0.50833,0.79987,0.73603
0.09976,0.93625,-0.33686,-0.7236,0.5751,0.24138
0.11398,0.92339,-0.36654,-0.76785,0.40338,0.04542
0.12112,0.91767,-0.37843,-0.57064,0.16983,0.0897
0.09744,0.89951,-0.42588,-0.08766,-0.21166,0.94329
0.07305,0.86252,-0.50072,0.10692,-0.24144,0.95132
0.07915,0.82862,-0.55417,0.24599,-0.16107,0.74592
0.0909,0.8,-0.59307,0.32765,-0.12718,0.79654
0.08548,0.76644,-0.6366,0.31728,-0.05688,0.85857
0.07371,0.73325,-0.67595,0.09529,-0.13597,0.89328
0.05248,0.70649,-0.70577,-0.31987,-0.354,1.02438
0.01767,0.68964,-0.72393,-0.26885,-0.36982,1.11032
-0.02275,0.68445,-0.7287,-0.2075,-0.4728,1.13757
-0.06127,0.69082,-0.72042,0.01704,-0.56959,0.87244
-0.08866,0.70922,-0.69938,0.17295,-0.52716,0.59158
-0.08518,0.73867,-0.66865,0.06609,0.18337,-1.06632
-0.03868,0.75761,-0.65156,-0.43856,1.74079,-1.30882
-0.00477,0.7628,-0.64661,-0.56244,1.4687,-0.97137
-0.01962,0.76884,-0.63914,-0.02109,0.30141,-0.32702
-0.04417,0.77329,-0.63251,-0.22933,0.53834,0.26747
-0.06818,0.77867,-0.62371,-0.33209,0.97441,0.33314
-0.0647,0.76823,-0.6369,-0.31659,1.04076,-0.25444
-0.07808,0.77141,-0.63153,-0.23066,-0.45991,1.72461
-0.07535,0.7913,-0.60676,-0.21386,-0.66167,1.5207
-0.03624,0.81361,-0.58027,-0.28944,-0.59585,0.95054
0.00629,0.84199,-0.53944,-0.29505,-0.34176,0.39243
0.03789,0.87362,-0.48513,-0.31407,0.1009,1.19899
0.05622,0.90201,-0.42802,-0.39596,0.34193,0.83127
0.0515,0.92918,-0.366,-0.2802,0.39218,0.62066
0.03483,0.951,-0.3072,-0.00437,0.31204,0.57562
0.02527,0.96436,-0.26335,0.41954,0.3261,0.57422
0.02871,0.97037,-0.23988,0.74499,0.28032,0.3186
0.04112,0.97302,-0.22699,0.74647,0.08974,-0.20277
0.03819,0.98011,-0.1947,0.4957,-0.1267,-0.22497
0.02323,0.98793,-0.15308,0.285,-0.1811,0.02655
0.01674,0.99219,-0.12357,0.18683,-0.16892,0.19293
0.02048,0.99421,-0.10537,0.08272,-0.19307,0.28603
0.034,0.99562,-0.08699,0.03121,-0.18282,0.37293
0.05547,0.99684,-0.05678,0.02237,-0.02381,0.26147
0.07937,0.99676,-0.01227,-0.0171,0.09505,0.07847
0.09259,0.99509,0.03469,-0.21075,0.10116,-0.30997
0.08546,0.99435,0.06282,-0.37339,-0.0767,-0.2127
0.07252,0.99496,0.06909,-0.29541,-0.04489,0.3252
0.0628,0.99514,0.07573,-0.13513,-0.00036,0.39865
0.05,0.99445,0.09249,0.02425,-0.02675,0.09407
0.03706,0.99169,0.12312,0.22175,0.06545,-0.21075
0.02956,0.98567,0.16599,0.064,0.24052,-0.55137
0.02787,0.98168,0.18845,-0.02677,0.289,-0.41238
0.01517,0.98314,0.18216,0.18006,0.37956,-0.15885
-0.00203,0.98359,0.18036,0.40573,0.42237,-0.05206
-0.01384,0.98477,0.17324,0.45153,0.46769,-0.0174
-0.01654,0.9877,0.1554,0.53469,0.55619,-0.01598
-0.00905,0.99223,0.12406,0.29381,0.52308,-0.11136
0.00654,0.99698,0.07725,0.05529,0.32618,-0.20866
0.01899,0.99974,0.01215,-0.35127,0.24181,-0.50421
0.01972,0.99708,-0.07361,-0.27802,0.39149,0.85629
0.02265,0.98712,-0.15831,-0.15397,0.40352,1.10068
0.03484,0.97126,-0.23542,-0.24892,0.53775,1.00179
0.05006,0.95356,-0.29701,-0.54426,0.33632,0.51365
0.06874,0.93785,-0.34014,-0.63116,0.4152,-0.02035
0.07992,0.92974,-0.35943,-0.48267,0.14302,0.34657
0.07227,0.92228,-0.37969,-0.26447,0.02951,0.40689
0.04586,0.89902,-0.43549,0.09752,-0.08312,0.88355
0.02644,0.86169,-0.50674,0.32166,-0.09647,0.69925
0.03662,0.8284,-0.55894,0.23232,-0.09953,0.64906
0.04791,0.79937,-0.59892,0.20518,-0.08488,0.70232
0.04672,0.76932,-0.63715,0.09862,-0.12526,0.88575
0.03839,0.74136,-0.67001,-0.13552,-0.28429,0.90725
0.02182,0.72041,-0.6932,-0.22284,-0.33447,0.95744
0.00027,0.70991,-0.70429,-0.2353,-0.40248,1.00887
-0.01907,0.71115,-0.70278,-0.24394,-0.51055,0.95661
-0.03677,0.7227,-0.69018,-0.16817,-0.53576,0.85588
-0.04824,0.74531,-0.66496,0.03617,-0.41203,0.12966
-0.04703,0.77353,-0.63201,0.10127,0.24238,-1.05136
-0.02584,0.79116,-0.61106,0.11358,1.00567,-1.38095
-0.01709,0.79376,-0.60798,-0.22382,0.95647,-0.48612
-0.02274,0.79501,-0.60617,-0.05615,0.02459,-0.22751
-0.02748,0.79893,-0.60079,-0.01373,-0.15277,-0.16213
-0.0344,0.80735,-0.58906,-0.10478,0.0351,0.40181
-0.03327,0.81659,-0.57625,-0.46102,0.274,0.66514
-0.04583,0.83866,-0.54272,-0.31206,0.32305,1.04162
-0.03922,0.86559,-0.4992,0.58765,0.91235,0.1437
-0.00076,0.87447,-0.48507,-0.10834,0.81698,-0.0825
0.00508,0.88312,-0.46911,-0.50107,-0.16889,1.18224
0.016,0.89326,-0.44924,-0.39651,-0.23915,0.76642
0.02537,0.90921,-0.41554,-0.31892,-0.41472,0.71654
0.02563,0.93026,-0.36598,-0.26778,-0.25609,0.65703
0.01469,0.94896,-0.31505,-0.18013,-0.01903,0.73846
8e-05,0.96215,-0.2725,0.01312,0.17413,0.74306
-0.01558,0.97015,-0.24198,0.25741,0.32767,0.67125
-0.0333,0.97372,-0.22529,0.43186,0.30292,0.45536
-0.04664,0.97633,-0.21117,0.48344,0.12253,0.08936
-0.04838,0.98486,-0.16642,0.46437,-0.11957,-0.22869
-0.03956,0.99287,-0.11242,0.2746,-0.13225,-0.07264
-0.01896,0.99659,-0.0802,0.19711,-0.18792,0.18669
0.0063,0.99835,-0.05691,0.0852,-0.15561,0.25131
0.03324,0.99877,-0.03654,0.00379,-0.10894,0.19873
0.0563,0.99832,-0.01301,-0.1095,-0.0226,0.14557
0.06624,0.99759,0.02044,-0.15947,-0.02581,0.09534
0.06542,0.99633,0.05512,-0.23392,-0.05837,0.03376
0.06123,0.99486,0.08057,-0.12598,0.02295,0.09135
0.05044,0.99394,0.09756,-0.06953,0.13634,0.07729
0.03962,0.9921,0.11896,0.06958,0.15187,-0.04937
0.03303,0.98771,0.15269,0.28777,0.15075,-0.4694
0.02305,0.98544,0.16838,0.18929,0.21008,-0.31994
0.01472,0.986,0.16605,0.11606,0.28657,-0.13155
0.00698,0.98543,0.16988,0.19213,0.28457,-0.19217
-0.00295,0.98569,0.16849,0.26042,0.28163,-0.32387
-0.01077,0.98814,0.15311,0.4762,0.53812,-0.31319
-0.0114,0.99231,0.1232,0.52005,0.55049,-0.27451
-0.00595,0.99718,0.07472,0.42306,0.66757,-0.33436
0.00034,0.99997,0.0058,-0.11609,0.31848,-0.35226
-0.00171,0.99651,-0.08331,-0.18893,0.30267,0.15939
-0.00108,0.98452,-0.17525,-0.05511,0.41798,1.13211
0.01295,0.96575,-0.25914,-0.40536,0.76359,0.87465
0.03078,0.94436,-0.32745,-0.51268,0.67144,0.73715
0.05312,0.92424,-0.37807,-0.61226,0.5951,0.50043
0.07165,0.91296,-0.4017,-0.55225,0.2497,0.37974
0.06555,0.90899,-0.41163,-0.41056,0.05946,0.51842
0.03946,0.88966,-0.4549,-0.10068,-0.0895,0.76421
0.02183,0.84894,-0.52804,0.28041,-0.18825,0.72905
0.01644,0.81185,-0.58362,0.31558,-0.22956,0.79586
0.0199,0.78364,-0.62089,0.31109,-0.20802,0.82234
0.01546,0.7561,-0.65426,0.00553,-0.30597,0.90704
0.00711,0.73233,-0.68091,-0.10699,-0.34118,0.92077
-0.00561,0.71661,-0.69745,-0.25702,-0.44352,1.00266
-0.02011,0.71205,-0.70184,-0.20839,-0.47612,1.02995
-0.03547,0.7179,-0.69524,-0.097,-0.49326,0.87694
-0.05076,0.73371,-0.67755,-0.03333,-0.48446,0.72605
-0.06171,0.75943,-0.64765,0.07886,-0.31305,0.23382
-0.06134,0.79077,-0.60903,0.14495,1.08554,-1.5731
-0.03716,0.80911,-0.58647,0.05367,2.08002,-1.56222
-0.02157,0.80817,-0.58855,-0.29619,0.38058,-0.34492
-0.02472,0.80758,-0.58924,-0.14243,-0.38016,-0.22413
-0.02574,0.81156,-0.58369,-0.1517,-0.48029,-0.07737
-0.03369,0.81977,-0.5717,-0.343,-0.10762,0.51553
-0.03899,0.82894,-0.55798,-0.52104,0.47308,1.45219
-0.05895,0.85655,-0.51269,0.11608,0.94442,1.33123
-0.0404,0.88144,-0.47055,0.23786,1.78207,-1.86273
-0.00977,0.88255,-0.47012,-0.13384,0.40011,0.33677
-0.00404,0.88995,-0.45603,-0.28345,-0.31859,1.02764
0.01242,0.90196,-0.43163,-0.218,-0.31356,0.85889
0.02871,0.92197,-0.38618,-0.22973,-0.2334,0.78254
0.03383,0.9412,-0.33614,-0.18391,-0.08051,0.79763
0.03001,0.95659,-0.28987,-0.08075,0.11484,0.80816
0.02159,0.9679,-0.25038,0.1048,0.32096,0.74049
0.00798,0.97417,-0.22564,0.26712,0.27087,0.52328
-0.00664,0.97861,-0.20559,0.38738,-0.0519,0.03885
-0.0116,0.98529,-0.17045,0.4856,-0.19232,-0.23963
-0.00591,0.9953,-0.0966,0.34513,-0.26364,-0.01733
0.01048,0.99934,-0.03454,0.16611,-0.16638,-0.16615
0.03139,0.9995,0.001,0.10283,-0.11121,0.05897
0.05137,0.9984,0.02304,0.06079,-0.08507,0.05842
0.067,0.99685,0.04221,-0.07584,0.02319,0.01525
0.07566,0.99473,0.06898,-0.15952,0.04018,0.11025
0.07638,0.99185,0.10187,-0.14697,-0.03888,0.08685
0.07107,0.98926,0.12767,-0.00926,0.12308,0.02445
0.0607,0.98764,0.14444,0.10283,0.11043,-0.13253
0.05121,0.98443,0.16807,0.11232,0.11364,-0.15616
0.04493,0.97813,0.20303,0.13507,0.23438,-0.40011
0.03751,0.97465,0.22051,0.13192,0.36376,-0.17744
0.02842,0.97462,0.22198,0.14102,0.36378,-0.17891
0.01981,0.97449,0.22349,0.17256,0.32415,-0.50123
0.01109,0.97617,0.21667,0.37041,0.56825,-0.41195
0.00655,0.98168,0.19037,0.37496,0.56274,-0.38566
0.01097,0.98919,0.14617,0.34604,0.69395,-0.1465
0.02315,0.99618,0.08405,-0.22774,0.43231,-0.31706
0.0306,0.99952,0.00185,-0.28902,0.4191,0.27708
0.03367,0.99533,-0.09042,-0.16369,0.42222,1.15845
0.04602,0.98384,-0.17299,-0.45376,0.72751,0.84612
0.0578,0.9695,-0.23816,-0.5726,0.64578,0.72052
0.06914,0.95556,-0.28654,-0.85889,0.5691,-0.12313
0.07473,0.94571,-0.31628,-0.5881,0.14702,0.21637
0.06096,0.93146,-0.35867,-0.39786,-0.0089,0.57405
0.04482,0.9069,-0.41894,-0.20545,-0.1911,0.88685
0.03941,0.87753,-0.47789,0.31368,-0.22471,0.91035
0.03822,0.84967,-0.52591,0.55037,-0.12999,0.9204
0.04744,0.81771,-0.57366,0.3996,-0.18405,0.70479
0.0653,0.78627,-0.61441,0.20052,-0.09169,0.72691
0.067,0.75788,-0.64894,-0.00293,-0.17069,0.91193
0.05021,0.73616,-0.67494,-0.36166,-0.47946,1.08624
0.0233,0.72283,-0.69063,-0.18666,-0.48322,1.2217
-0.00786,0.71968,-0.69425,-0.18405,-0.56784,1.09074
-0.03599,0.72717,-0.68551,0.00509,-0.56314,0.71896
-0.05689,0.74463,-0.66504,0.27195,-0.4011,0.13974
-0.05999,0.77258,-0.63207,0.22222,0.37273,-1.37293
-0.03435,0.79856,-0.60092,-0.34459,2.18818,-1.70328
-0.01127,0.79974,-0.60023,-0.55545,0.8945,-0.5136
-0.02302,0.80134,-0.59775,-0.21317,0.30432,-0.24627
-0.02982,0.801,-0.59791,-0.436,0.02268,0.20484
-0.04721,0.80553,-0.59066,-0.61803,0.98993,0.49446
-0.06079,0.81294,-0.57915,-0.46723,1.31339,0.35529
-0.05833,0.8184,-0.57168,-0.15975,-0.23968,0.7252
-0.05522,0.82879,-0.55681,-0.11299,-0.66639,1.36283
-0.0396,0.84763,-0.5291,-0.19808,-0.17483,1.19096
-0.012,0.87297,-0.48762,-0.27041,0.14061,1.1593
0.01099,0.90176,-0.43209,-0.29014,0.23237,0.95445
0.02248,0.92785,-0.37227,-0.28423,0.32298,0.78742
0.01991,0.94626,-0.32276,0.00936,0.1347,0.70434
0.01507,0.95796,-0.2865,0.40965,0.33822,0.60287
0.00769,0.96483,-0.26274,0.41703,0.33134,0.57912
-0.00529,0.9691,-0.24657,0.63197,0.04699,0.28331
-0.01769,0.97674,-0.21365,0.48444,-0.28506,-0.09475
-0.01349,0.98816,-0.1528,0.23486,-0.10989,0.02027
0.01114,0.99427,-0.10627,0.0987,-0.12296,0.07994
0.04366,0.99605,-0.07718,0.02675,-0.18026,0.16618
0.07554,0.99586,-0.05036,-0.0265,-0.11206,0.2801
0.10138,0.99476,-0.01283,-0.10689,-0.0631,0.08293
0.11837,0.9924,0.03331,-0.18209,-0.07544,-0.072
0.12138,0.98928,0.08111,-0.28225,-0.07454,-0.27188
0.11463,0.98703,0.11231,-0.19926,-0.06532,0.03057
0.10716,0.9862,0.1261,-0.03291,0.13997,0.0883
0.09435,0.98621,0.13588,0.03976,0.16424,-0.04221
0.08604,0.98399,0.156,0.19497,0.17949,-0.32305
0.0832,0.97815,0.19048,0.02759,0.17372,-0.36037
0.07692,0.97562,0.20549,0.04712,0.2567,-0.2328
0.06718,0.97771,0.19888,0.18148,0.44073,-0.01161
0.0587,0.9784,0.19814,0.30227,0.43378,-0.22771
0.05318,0.97897,0.19691,0.39074,0.52128,-0.38896
0.05352,0.9839,0.17045,0.45366,0.77574,-0.26303
0.06125,0.99075,0.12101,0.01126,0.55548,-0.35937
0.071,0.99582,0.05729,-0.41001,0.34964,-0.53051
0.06689,0.99721,-0.03288,-0.32525,0.26092,0.71851
0.06102,0.99,-0.12708,-0.16293,0.28516,1.13474
0.07128,0.97598,-0.20584,-0.35389,0.62775,0.96931
0.08786,0.95931,-0.26829,-0.54245,0.52149,0.62836
0.10798,0.94118,-0.32017,-0.64328,0.4619,0.36668
0.12553,0.92664,-0.35437,-0.56291,0.20056,0.30882
0.12136,0.91894,-0.37525,-0.27157,-0.05747,0.55258
0.10138,0.90323,-0.417,-0.03627,-0.19867,0.92231
0.07718,0.86942,-0.48799,0.37581,-0.19276,0.79839
0.06658,0.83245,-0.55007,0.36339,-0.10664,0.7111
0.0739,0.80404,-0.58996,0.29255,-0.09397,0.75667
0.07718,0.77658,-0.62527,0.10975,-0.08354,0.90948
0.06678,0.75065,-0.65731,-0.16847,-0.23123,1.01182
0.04776,0.73029,-0.68146,-0.14946,-0.21087,1.03597
0.02211,0.72055,-0.69304,-0.2822,-0.48177,1.07531
-0.00417,0.72321,-0.69061,-0.06963,-0.57369,0.99008
-0.02664,0.73602,-0.67644,0.01639,-0.58498,0.85364
-0.0391,0.75925,-0.64962,0.05288,-0.56016,0.70945
-0.04113,0.79104,-0.61038,0.15759,-0.02439,-0.15579
-0.02896,0.821,-0.57019,-0.21801,1.63227,-1.81171
-0.01806,0.82714,-0.56171,-0.563,1.96795,-1.59875
-0.02756,0.83131,-0.55512,0.00413,0.50463,-0.36548
-0.03134,0.83056,-0.55604,0.0145,0.08886,-0.1562
-0.03298,0.82547,-0.56347,-0.27658,-0.1809,0.41749
-0.03948,0.82266,-0.56715,-0.54214,0.10721,0.45056
-0.05303,0.8294,-0.55612,-0.42356,0.51307,0.26939
-0.04959,0.8422,-0.53686,0.19171,0.95334,-0.06711
-0.01368,0.85652,-0.51592,-0.13169,0.70678,0.28231
-0.00577,0.862,-0.50688,-0.28578,-0.55456,1.83424
0.02418,0.86752,-0.4968,-0.49804,-0.59302,0.81192
0.04967,0.88422,-0.4644,-0.31015,-0.43911,0.8264
0.06539,0.90916,-0.41127,-0.23851,-0.07246,0.74233
0.06415,0.93374,-0.35214,-0.21988,0.16564,0.69795
0.05015,0.95246,-0.30048,-0.1182,0.45095,0.74692
0.03902,0.96332,-0.26547,0.33708,0.43092,0.67683
0.02465,0.96809,-0.24937,0.44736,0.3436,0.5412
0.00505,0.96965,-0.2444,0.52231,0.11384,0.14638
-0.01286,0.9763,-0.21598,0.38306,-0.16466,0.05493
-0.0179,0.98889,-0.14749,0.28856,-0.09143,0.14416
-0.00381,0.99514,-0.09832,0.10529,-0.29227,0.12684
0.0207,0.99719,-0.07186,-0.00345,-0.25493,0.32088
0.0493,0.99758,-0.04877,-0.0215,-0.17955,0.24224
0.07832,0.99681,-0.0149,-0.04071,0.05294,0.08385
0.09484,0.99512,0.02684,-0.26006,0.02792,-0.19246
0.09398,0.99363,0.06203,-0.29587,-0.01458,0.00381
0.08962,0.99226,0.08582,-0.15214,-0.11839,0.19757
0.08459,0.99069,0.10658,-0.06244,-0.11512,0.16854
0.07537,0.98921,0.12555,0.11535,0.11881,-0.13408
0.06908,0.98664,0.14749,0.18112,0.0567,-0.46336
0.0659,0.9824,0.17471,0.02917,0.18835,-0.21353
0.0614,0.98137,0.18199,0.0481,0.24985,-0.03442
0.05212,0.98163,0.18345,0.16392,0.30044,-0.12965
0.0421,0.98178,0.18522,0.22093,0.25183,-0.3633
0.03556,0.98358,0.17685,0.2284,0.2269,-0.5023
0.03188,0.98687,0.15829,0.26362,0.38273,-0.73596
0.02648,0.99278,0.11689,0.2797,0.60843,-0.57511
0.02305,0.9984,0.05149,0.24419,0.67384,-0.5419
0.02022,0.99912,-0.03644,0.2404,0.55329,0.79422
0.01848,0.99119,-0.13112,0.26318,0.62046,1.20828
0.02694,0.97383,-0.22565,0.16389,0.80016,1.27681
0.04952,0.95208,-0.30179,-0.33881,1.06962,0.98895
0.07032,0.93184,-0.35596,-0.49297,1.07456,0.88244
0.08731,0.91705,-0.38909,-0.68661,0.64593,0.36339
0.09222,0.90767,-0.40942,-0.58371,0.15889,0.17652
0.07335,0.88022,-0.46885,-0.19786,-0.08715,1.05918
0.06777,0.8414,-0.53613,0.02378,-0.23699,1.10327
0.08455,0.81272,-0.57648,0.40583,-0.18424,0.85072
0.08626,0.78602,-0.61215,0.35169,-0.1802,0.83204
0.07109,0.75436,-0.65259,0.3031,-0.18239,0.84777
0.05041,0.72542,-0.68646,-0.10896,-0.44809,0.99606
0.02133,0.70501,-0.70887,-0.43654,-0.55455,1.18442
-0.0093,0.69707,-0.71694,-0.31031,-0.58943,1.25762
-0.03865,0.70093,-0.71218,-0.12801,-0.61679,1.14928
-0.05879,0.71564,-0.69599,-0.03149,-0.63083,0.99674
-0.06492,0.74209,-0.66715,0.0929,-0.52291,0.48916
-0.05476,0.7823,-0.62048,0.27737,-0.20045,-0.26448
-0.02916,0.82419,-0.56556,-0.06523,2.86989,-1.79385
0.00793,0.83247,-0.55401,-0.10232,2.86161,-1.8054
-0.00328,0.8334,-0.55266,-0.01991,-0.00581,-0.0907
-0.00436,0.82886,-0.55942,-0.4786,-0.35818,-0.38758
-0.01419,0.81397,-0.58073,-0.44653,-0.55404,-0.22924
-0.0358,0.81149,-0.58325,-0.09577,-0.46411,1.56241
-0.02806,0.84064,-0.54086,-0.32448,1.97354,-0.54265
-0.01168,0.86237,-0.50613,-0.04729,2.93192,-2.77616
-0.03265,0.86255,-0.50492,-0.12654,-0.37693,1.64998
-0.0112,0.86491,-0.50179,-0.36348,-0.21724,1.25085
0.01744,0.87949,-0.47559,-0.28897,-0.30864,0.89218
0.04308,0.90567,-0.42178,-0.20944,-0.25577,0.86445
0.05121,0.92946,-0.36533,-0.08464,0.29565,0.78314
0.03899,0.94599,-0.32183,0.10903,0.35879,0.86853
0.02255,0.95642,-0.29109,0.27809,0.29475,0.80301
0.00702,0.96205,-0.27277,0.33113,0.19558,0.64542
-0.00199,0.96752,-0.25277,0.32698,0.01318,0.37525
-0.00113,0.97548,-0.22006,0.15513,-0.22696,-0.01936
0.01456,0.98725,-0.15849,0.10777,-0.13709,0.15881
0.03939,0.99388,-0.10313,-0.03286,-0.27244,0.30205
0.06546,0.9954,-0.06979,-0.03548,-0.15655,0.10806
0.09115,0.99509,-0.03826,-0.06114,-0.0255,0.01931
0.10715,0.99423,-0.00084,-0.04845,-0.0576,0.08101
0.11418,0.99277,0.0367,-0.12021,-0.01381,-0.07916
0.11224,0.99083,0.07513,-0.11062,-0.03596,-0.06422
0.10521,0.98837,0.1097,-0.01695,-0.02444,0.13917
0.09566,0.98611,0.13571,0.10368,0.13778,-0.15358
0.08705,0.98277,0.16298,0.20062,0.1074,-0.64351
0.08159,0.9779,0.19243,0.121,0.26044,-0.40882
0.07418,0.97599,0.20473,0.08896,0.28425,-0.06569
0.0664,0.97545,0.2099,0.13302,0.32804,-0.06521
0.05805,0.97502,0.21435,0.17738,0.34147,-0.14234
0.05168,0.97526,0.21488,0.05314,0.31023,-0.69016
0.04594,0.97809,0.20297,0.10657,0.44862,-0.70831
0.03693,0.98508,0.16801,0.22822,0.55934,-0.5709
0.02953,0.9939,0.10615,0.22498,0.73042,-0.63002
0.02316,0.99955,0.01839,0.18848,0.46374,0.82223
0.01964,0.99653,-0.0808,0.29408,0.45905,1.20029
0.03566,0.98439,-0.17232,-0.25467,0.73592,1.03778
0.06165,0.96703,-0.24707,-0.57235,1.01045,0.70568
0.08591,0.94771,-0.30732,-0.5966,1.02977,0.76594
0.0945,0.93356,-0.34571,-0.86321,0.73373,-0.05209
0.08074,0.92515,-0.37091,-0.568,0.00765,0.67202
0.06014,0.90053,-0.43059,-0.5474,0.03227,0.73171
0.05735,0.86646,-0.49593,-0.02397,-0.25924,0.95728
0.06649,0.83692,-0.54326,0.49679,-0.14997,0.95932
0.06805,0.80812,-0.58507,0.49523,-0.12117,1.00113
0.0707,0.77706,-0.62543,0.39697,-0.16134,0.86161
0.07439,0.74944,-0.65788,-0.15155,-0.50258,0.94648
0.07192,0.72924,-0.68046,-0.37039,-0.60936,1.00458
0.05421,0.71831,-0.6936,-0.41319,-0.72385,1.22201
0.02456,0.71985,-0.69369,-0.16068,-0.79527,1.23102
-0.00977,0.7317,-0.68156,-0.0924,-0.78594,1.09019
-0.03748,0.75562,-0.65393,0.04215,-0.66634,0.62512
-0.04669,0.79348,-0.6068,0.17091,0.49618,-1.80916
-0.02499,0.82073,-0.57075,-0.21508,2.12932,-2.66629
-0.0135,0.82027,-0.5718,-0.33302,1.81628,-1.11353
-0.03172,0.8187,-0.57333,-0.13811,-0.02921,-0.11177
-0.03498,0.80746,-0.58888,-0.38759,-0.36041,-0.0887
-0.04846,0.79519,-0.60441,-0.28377,-0.36903,0.26255
-0.05997,0.79878,-0.59862,-0.53706,0.44031,2.06174
-0.04772,0.83783,-0.54383,-0.0055,2.80188,-0.8255
-0.0123,0.84522,-0.53426,-0.21959,1.18771,0.87246
-0.05071,0.8426,-0.53614,0.18149,-0.74674,1.9248
-0.03615,0.85578,-0.51606,0.0158,-0.71999,1.53836
0.00296,0.87462,-0.48478,-0.01322,-0.34703,0.88452
0.04288,0.89947,-0.43486,0.05232,-0.30847,0.80217
0.05238,0.92767,-0.36969,0.07016,0.05175,0.88698
0.04246,0.94966,-0.31035,0.17545,0.65387,1.09904
0.02163,0.95856,-0.28404,0.24616,0.50303,0.71047
-0.00246,0.9598,-0.28065,0.26373,0.35943,0.4966
-0.01245,0.96398,-0.26566,0.33565,-0.04145,-0.28784
-0.00764,0.97933,-0.20208,0.22735,-0.11706,-0.08081
0.00834,0.99364,-0.11219,0.11897,-0.20231,0.01394
0.03021,0.99792,-0.05686,0.02548,-0.44303,0.08049
0.05352,0.99815,-0.02868,-0.02311,-0.37037,0.26765
0.07625,0.99707,-0.00428,-0.05691,-0.28485,0.31315
0.09504,0.9951,0.02698,-0.24497,0.11797,0.04777
0.09792,0.99236,0.07491,-0.33419,0.03744,-0.27741
0.09501,0.98827,0.11951,-0.29046,-0.11316,-0.24461
0.09038,0.98494,0.14734,-0.0423,0.02088,-0.04155
0.0831,0.98216,0.16863,0.21382,0.19841,-0.50091
0.07703,0.97845,0.19151,0.21989,0.20212,-0.52378
0.07118,0.97434,0.21348,0.18826,0.22696,-0.30354
0.06184,0.97257,0.22417,0.10325,0.25248,-0.07523
0.05117,0.97329,0.22377,0.13116,0.26616,-0.0179
0.04379,0.97502,0.2177,0.22091,0.27592,-0.11699
0.04172,0.97493,0.21853,0.13142,0.33594,-0.44888
0.04099,0.9764,0.212,0.18248,0.43147,-0.59416
0.03653,0.98567,0.16463,0.2576,0.75573,-0.22539
0.03714,0.99456,0.09721,0.02988,0.70866,-0.22174
0.04069,0.99909,0.01201,-0.1211,0.49533,0.08049
0.04546,0.99565,-0.08128,0.03864,0.52395,1.07806
0.06719,0.98333,-0.16894,-0.34653,0.82212,0.9544
0.09678,0.96626,-0.23868,-0.49005,0.90273,0.88455
0.11911,0.94902,-0.29182,-0.70126,0.83314,0.64137
0.13594,0.93323,-0.33254,-0.73923,0.25909,-0.18711
0.13744,0.92383,-0.35726,-0.58915,0.05945,0.06794
0.12238,0.9049,-0.40764,-0.26502,-0.06063,0.71983
0.11634,0.87454,-0.47077,0.13562,-0.33012,0.90617
0.11236,0.84549,-0.52203,0.3192,-0.33978,0.99011
0.0946,0.81553,-0.57093,0.5515,-0.18566,0.87037
