gravity.x,gravity.y,gravity.z,userAcceleration.x,userAcceleration.y,userAcceleration.z
0.08526,0.99532,-0.04538,0.25901,0.03394,-0.02533
0.06502,0.99769,-0.01951,-0.09115,-0.13496,-0.09043
0.05447,0.99847,0.00939,-0.28587,-0.17704,0.18107
0.05033,0.99785,0.04188,-0.22057,-0.12827,0.2401
0.0426,0.99666,0.0696,-0.01196,-0.00573,0.10647
0.03254,0.99493,0.09512,0.0365,-0.0041,0.00055
0.02232,0.99277,0.11792,0.05941,-0.02645,-0.03913
0.00951,0.99053,0.13695,0.02252,-0.01464,-0.13793
-0.00525,0.98805,0.15406,0.02795,-0.00536,-0.05631
-0.02161,0.98508,0.17072,0.08061,-0.00872,0.01812
-0.04123,0.98188,0.18497,0.23759,-0.01419,-0.03078
-0.06148,0.97837,0.19749,0.21399,0.03975,-0.14566
-0.0814,0.97434,0.20986,0.1249,0.07655,-0.15765
-0.10211,0.96979,0.22155,0.1639,0.08242,-0.14685
-0.12344,0.96523,0.23043,0.21911,0.12567,-0.13233
-0.14407,0.96126,0.23497,0.2051,0.19111,-0.22887
-0.16117,0.95847,0.23527,0.20835,0.22959,-0.20355
-0.17487,0.95678,0.23237,0.35182,0.18975,-0.26187
-0.18695,0.95584,0.22675,0.36316,0.20473,-0.3619
-0.19783,0.95578,0.21759,0.33848,0.22278,-0.448
-0.20799,0.95728,0.2009,0.41126,0.20062,-0.26109
-0.21477,0.96123,0.17295,0.50534,0.14848,-0.33921
-0.21269,0.96765,0.13565,0.48892,0.08705,-0.24643
-0.19781,0.97602,0.0908,0.43939,0.16031,-0.19112
-0.16948,0.98445,0.04612,0.34746,0.26329,-0.16317
-0.13318,0.99108,0.0039,0.15527,0.41796,0.03358
-0.09708,0.99452,-0.03873,-0.17491,0.75075,0.32658
-0.06294,0.99463,-0.08213,-0.23321,0.62895,0.25511
-0.03156,0.99267,-0.11663,-0.28025,0.45484,0.17309
-0.00128,0.98929,-0.14597,-0.05191,0.08983,0.27573
0.03266,0.9845,-0.17232,0.02102,0.03273,0.28045
0.06766,0.9773,-0.20078,0.03807,0.00662,0.2985
0.09794,0.96719,-0.23439,0.13705,-0.33211,0.27819
0.1196,0.95608,-0.26759,0.1238,-0.32135,0.32476
0.13495,0.94539,-0.2967,0.06748,-0.34059,0.39842
0.14597,0.93523,-0.32253,-0.2175,-0.25456,0.41183
0.15268,0.927,-0.34258,-0.30266,-0.22335,0.49586
0.15663,0.92107,-0.3565,-0.426,-0.29682,0.52446
0.15918,0.91731,-0.36498,-0.43439,-0.38043,0.43491
0.16194,0.9164,-0.36603,-0.42117,-0.40346,0.3714
0.16515,0.91821,-0.36001,-0.28489,-0.44875,0.16819
0.16899,0.92249,-0.34706,-0.22724,-0.37569,0.0152
0.16847,0.93001,-0.32663,-0.11438,-0.29014,-0.11555
0.16307,0.93868,-0.30379,0.0819,0.19668,-0.59569
0.15215,0.9452,-0.28888,0.36854,0.85961,-0.73501
0.13797,0.948,-0.28681,0.54251,1.19948,-0.70783
0.14556,0.94385,-0.29657,0.14589,0.28622,-0.416
0.15799,0.93713,-0.31117,-0.09308,-0.41809,-0.29604
0.16542,0.93243,-0.32126,-0.21546,-0.58726,-0.20917
0.1712,0.935,-0.31058,-0.39662,0.18624,0.12083
0.16514,0.9451,-0.28199,-0.58471,0.96832,0.73365
0.14262,0.9547,-0.26116,-0.62703,1.15802,0.31397
0.12794,0.95326,-0.27373,-0.28715,-0.18135,0.48729
0.12188,0.953,-0.27737,-0.56576,-1.21524,0.7205
0.11642,0.96382,-0.23977,-0.43995,-0.6071,0.79353
0.10203,0.97753,-0.18446,-0.05216,0.3789,0.86508
0.08496,0.98856,-0.1246,0.43779,0.77235,0.63394
0.07924,0.99344,-0.08239,0.56006,0.21745,0.22442
0.0697,0.99597,-0.05637,0.3376,-0.0244,-0.06817
0.05099,0.99816,-0.0327,0.03385,-0.11776,-0.28153
0.03235,0.99946,-0.00542,-0.33455,-0.20556,-0.12368
0.02418,0.99943,0.02344,-0.32279,-0.16073,0.06448
0.01565,0.99833,0.0556,0.03106,-0.06452,0.16323
0.002,0.99648,0.08378,0.07956,-0.01392,0.02938
-0.0119,0.99407,0.10808,0.12802,-0.01296,-0.08236
-0.02579,0.991,0.13136,0.09547,-0.03549,-0.12718
-0.04138,0.9874,0.15269,0.04884,-0.03539,-0.15182
-0.05881,0.98295,0.17422,0.03563,-0.0297,-0.09361
-0.07894,0.97774,0.19441,0.29995,0.08948,-0.14221
-0.1018,0.97202,0.21167,0.32281,0.09519,-0.15946
-0.12488,0.96592,0.22673,0.09806,0.1447,-0.25847
-0.14726,0.95975,0.23914,0.26273,0.22094,-0.18955
-0.16847,0.95456,0.24583,0.31661,0.23251,-0.21714
-0.18767,0.95109,0.24537,0.34234,0.25899,-0.27059
-0.20144,0.94932,0.24126,0.44824,0.23115,-0.28986
-0.21197,0.94866,0.23474,0.47305,0.2212,-0.31838
-0.2211,0.94898,0.22483,0.41803,0.22558,-0.47778
-0.22846,0.95072,0.20961,0.34702,0.11662,-0.35379
-0.23565,0.95519,0.1791,0.43095,0.06951,-0.2483
-0.23737,0.96191,0.13558,0.55757,0.05478,-0.20556
-0.22253,0.97086,0.08892,0.59744,0.02154,-0.05473
-0.18814,0.98114,0.04423,0.3186,0.33554,-0.14671
-0.14293,0.98972,0.00438,-0.02182,0.78304,0.30181
-0.1003,0.99432,-0.03548,-0.23647,0.93082,0.55355
-0.06033,0.99488,-0.08102,-0.34792,0.71111,0.23101
-0.02407,0.99272,-0.11797,-0.32012,0.40068,0.13497
0.00515,0.98925,-0.14611,-0.18023,0.10511,0.2941
0.04175,0.9842,-0.17208,-0.01238,-0.0496,0.27356
0.08298,0.97623,-0.20022,0.06617,-0.25502,0.32448
0.11706,0.96545,-0.23282,0.0684,-0.36723,0.35148
0.14257,0.95362,-0.26511,0.04301,-0.32784,0.36832
0.15965,0.94173,-0.29606,-0.12516,-0.27404,0.41655
0.16854,0.93019,-0.32609,-0.30055,-0.2995,0.44399
0.17105,0.92073,-0.35071,-0.38695,-0.30684,0.56041
0.17017,0.91393,-0.36848,-0.53183,-0.46804,0.60567
0.16934,0.91089,-0.37629,-0.58688,-0.55605,0.45994
0.16747,0.91216,-0.37405,-0.54072,-0.56612,0.37568
0.16183,0.91755,-0.3632,-0.26503,-0.42092,0.22078
0.15313,0.92734,-0.34146,-0.05768,-0.16277,-0.06815
0.14444,0.93859,-0.31335,0.01314,0.2422,-0.64233
0.13461,0.94624,-0.29412,0.17263,0.82417,-1.02257
0.12316,0.94737,-0.2955,0.52421,1.26444,-0.83474
0.1282,0.94244,-0.30882,0.17936,0.21282,-0.34056
0.13653,0.93646,-0.32312,-0.06788,-0.42787,-0.08666
0.14323,0.93187,-0.33332,-0.30147,-0.73706,-0.25071
0.15005,0.9343,-0.32338,-0.38287,-0.09485,0.02665
0.14667,0.94521,-0.29164,-0.43558,0.30613,0.16756
0.11637,0.95649,-0.26756,-0.90421,1.92932,0.40691
0.09755,0.95582,-0.27729,-0.39941,1.76485,-0.2725
0.08878,0.95624,-0.27879,-0.11325,-1.20893,0.95785
0.08786,0.96556,-0.24489,-0.32675,-0.75356,0.83888
0.08133,0.97809,-0.19163,-0.15509,-0.04264,0.72131
0.06367,0.98885,-0.13465,0.00454,0.43095,0.5795
0.05546,0.99423,-0.09178,0.3632,0.28158,0.02667
0.04687,0.99676,-0.06532,0.37178,0.27905,0.00021
0.02865,0.99875,-0.04104,0.04662,-0.16054,-0.2517
0.0129,0.99985,-0.01115,-0.27038,-0.1619,0.02592
0.00497,0.99979,0.01991,-0.18662,-0.14313,0.28587
-0.00602,0.99876,0.04946,0.03225,-0.13825,0.14982
-0.01988,0.99685,0.07676,0.16057,-0.04724,0.03341
-0.0342,0.99404,0.10354,0.21887,-0.07793,-0.08703
-0.04975,0.9907,0.12662,0.15537,-0.14975,-0.18812
-0.06593,0.98683,0.14769,0.02759,-0.10512,-0.05119
-0.08513,0.98194,0.16897,0.05742,-0.01712,-0.01335
-0.10819,0.97608,0.1886,0.1807,0.04103,-0.14777
-0.13407,0.96925,0.20634,0.15692,0.08962,-0.25459
-0.15985,0.96221,0.22043,0.17366,0.07894,-0.29683
-0.18446,0.95527,0.23116,0.50274,0.18097,-0.19481
-0.20634,0.94927,0.23728,0.52804,0.21198,-0.25305
-0.223,0.94551,0.23724,0.25824,0.19736,-0.25726
-0.23461,0.94381,0.23277,0.41324,0.23077,-0.26892
-0.2441,0.94317,0.2255,0.48144,0.28022,-0.36376
-0.25378,0.94327,0.21408,0.35246,0.26452,-0.52563
-0.26228,0.946,0.19049,0.37363,0.16499,-0.24063
-0.26808,0.95186,0.14867,0.41656,0.18683,-0.17646
-0.26259,0.95978,0.09931,0.44005,0.04451,-0.00855
-0.23668,0.97042,0.04768,0.36089,0.40275,-0.01912
-0.19494,0.98078,0.00816,-0.02031,0.83027,0.21834
-0.15059,0.98825,-0.02616,-0.17633,1.01288,0.26003
-0.11028,0.99193,-0.06252,-0.36034,0.56271,0.43976
-0.07368,0.99239,-0.09869,-0.40363,0.32046,0.01496
-0.04143,0.99061,-0.13031,-0.38754,0.26714,-0.05142
-0.01012,0.98875,-0.14924,-0.02991,-0.05575,0.42666
0.02594,0.9846,-0.17291,0.006,-0.20702,0.33917
0.05935,0.9776,-0.20192,-0.04047,-0.23078,0.3052
0.0853,0.9684,-0.23435,-0.00901,-0.29015,0.28599
0.10181,0.95796,-0.26824,-0.02791,-0.276,0.35381
0.11061,0.94784,-0.29895,-0.13281,-0.25335,0.45941
0.11447,0.93838,-0.32611,-0.31886,-0.2876,0.54486
0.11676,0.93085,-0.34623,-0.45722,-0.40705,0.4615
0.11914,0.92614,-0.35787,-0.48984,-0.42184,0.46493
0.12122,0.92422,-0.3621,-0.49385,-0.42723,0.46626
0.12294,0.92495,-0.35964,-0.07088,-0.44375,0.17958
0.12725,0.92873,-0.34823,-0.08851,-0.45417,0.01876
0.12878,0.93667,-0.32567,-0.03991,-0.38066,-0.05134
0.1246,0.94673,-0.29693,0.06787,0.37034,-0.8467
0.11282,0.95472,-0.27528,0.07966,0.36236,-0.86835
0.10157,0.95606,-0.27502,0.57698,1.37367,-0.70466
0.10904,0.95165,-0.28719,-0.00279,-0.12459,-0.27011
0.12193,0.94523,-0.30278,-0.14997,-0.42666,-0.22769
0.13092,0.94152,-0.31047,-0.31754,-0.67829,-0.23102
0.13593,0.94452,-0.29901,-0.344,0.20357,0.40294
0.12816,0.95533,-0.2663,-0.48601,0.55306,0.86871
0.09649,0.96761,-0.23328,-0.70275,0.9539,1.13171
0.08039,0.96692,-0.24209,-0.08887,-0.36525,0.96913
0.06638,0.96697,-0.2461,-0.10696,-0.99886,1.0839
0.06202,0.97587,-0.20937,-0.26364,-0.74584,0.77367
0.0547,0.9866,-0.15368,-0.11126,0.03993,0.6679
0.03872,0.99451,-0.09717,0.09636,0.55357,0.62874
0.0288,0.998,-0.05619,0.2339,0.34094,0.36111
0.01964,0.99939,-0.02874,0.23692,-0.03754,-0.29078
0.00703,0.99997,-0.00244,0.09696,-0.11612,-0.37247
-0.00264,0.9996,0.02815,-0.30251,-0.16723,-0.04881
-0.00765,0.99826,0.05838,-0.28065,-0.185,0.40496
-0.01637,0.99607,0.087,-0.1105,-0.17959,0.23946
-0.0296,0.99319,0.11266,0.05711,0.00499,-0.08674
-0.04598,0.98963,0.1361,0.14904,-0.00283,-0.1527
-0.06316,0.98558,0.15699,0.17101,-0.0804,-0.04577
-0.08031,0.98107,0.17624,0.23897,-0.06575,-0.04214
-0.09892,0.97594,0.19431,0.28405,-0.01804,-0.08156
-0.11968,0.97005,0.2114,0.27457,0.04025,-0.21959
-0.14207,0.96369,0.22609,0.05413,0.11721,-0.2324
-0.16637,0.95659,0.23929,0.16953,0.1433,-0.21638
-0.19106,0.9494,0.24928,0.44691,0.19988,-0.20899
-0.21428,0.94291,0.25496,0.42406,0.15479,-0.31041
-0.23055,0.93939,0.25375,0.32105,0.19788,-0.3016
-0.24083,0.93788,0.24977,0.33037,0.20453,-0.29093
-0.24953,0.93765,0.24199,0.30705,0.29347,-0.51219
-0.25858,0.93865,0.2282,0.22564,0.21795,-0.48414
-0.26889,0.94234,0.19922,0.26173,0.17962,-0.28341
-0.27349,0.94908,0.1564,0.44852,0.24854,-0.0947
-0.26229,0.95896,0.10769,0.45547,0.23525,-0.15627
-0.23257,0.97078,0.05916,0.30618,0.31512,-0.16035
-0.19465,0.98074,0.01596,-0.15466,0.67906,0.24147
-0.15969,0.98679,-0.02748,-0.26083,0.7244,0.26777
-0.12579,0.98941,-0.07245,-0.33705,0.58039,0.24543
-0.0922,0.98877,-0.11757,-0.38799,0.35122,0.01026
-0.06134,0.98586,-0.15594,-0.20792,0.24992,0.18278
-0.03033,0.98279,-0.18221,0.06513,0.01754,0.3795
0.00548,0.97776,-0.20966,0.074,-0.1184,0.37998
0.03919,0.96975,-0.24095,0.03161,-0.20549,0.33331
0.06744,0.96086,-0.2687,-0.00921,-0.23335,0.28076
0.08597,0.951,-0.29699,-0.05841,-0.24972,0.44298
0.09737,0.94055,-0.32541,-0.1919,-0.36601,0.47472
0.10359,0.93056,-0.35117,-0.26996,-0.36841,0.51242
0.10515,0.92295,-0.37028,-0.32175,-0.37455,0.57444
0.10512,0.91866,-0.38081,-0.46464,-0.50937,0.59299
0.10408,0.91831,-0.38194,-0.48592,-0.52646,0.56825
0.10081,0.92199,-0.37386,-0.30137,-0.52336,0.33148
0.0966,0.92981,-0.35515,-0.09474,-0.38777,0.18486
0.0934,0.94155,-0.32366,-0.12193,-0.14703,-0.2214
0.08734,0.95293,-0.29033,-0.06723,0.22877,-0.85898
0.07803,0.95786,-0.27644,0.01056,1.1349,-1.14482
0.07463,0.95528,-0.28613,0.73135,1.57139,-0.8033
0.0851,0.9478,-0.30729,0.21579,0.14602,-0.25942
0.09186,0.93923,-0.33077,-0.21138,-0.56928,-0.03388
0.09607,0.93549,-0.34005,-0.31688,-0.89894,-0.20483
0.09975,0.94111,-0.32306,-0.41229,-0.23189,0.08926
0.089,0.95497,-0.28303,-0.43365,0.52412,0.86541
0.05629,0.96549,-0.25429,-0.6492,1.0186,1.1204
0.04508,0.96145,-0.27126,-0.08066,0.97387,-0.26162
0.03084,0.96262,-0.26908,-0.05896,-1.00364,1.07969
0.02583,0.97263,-0.23093,-0.21365,-0.72762,0.78806
0.01645,0.98429,-0.1758,-0.02251,-0.00756,0.78865
0.0024,0.99249,-0.12229,0.24217,0.43645,0.50487
-0.00761,0.9963,-0.08554,0.21905,0.23983,0.10053
-0.02208,0.99782,-0.06212,0.15154,-0.00728,-0.24592
-0.04146,0.99841,-0.03804,-0.20667,-0.18161,-0.15454
-0.05409,0.99852,-0.00571,-0.36237,-0.21767,0.21874
-0.06332,0.99759,0.0282,-0.19317,-0.2325,0.31727
-0.07548,0.99551,0.05714,0.05741,-0.13845,0.18247
-0.08998,0.99253,0.08235,0.24846,-0.05592,-0.05247
-0.10411,0.9889,0.106,0.33664,-0.055,-0.18924
-0.11732,0.9851,0.12572,0.17094,-0.04519,-0.18572
-0.13045,0.98089,0.14436,0.09893,-0.02724,-0.12893
-0.14633,0.97544,0.16463,0.201,0.01398,0.01541
-0.16574,0.96881,0.1842,0.24578,0.02995,-0.11752
-0.18813,0.96138,0.20091,0.2,0.08174,-0.22416
-0.21171,0.95327,0.21555,0.15126,0.18125,-0.24173
-0.2351,0.94501,0.22735,0.17465,0.18951,-0.25353
-0.25684,0.93791,0.23315,0.37568,0.30117,-0.22815
-0.27433,0.93313,0.23239,0.39096,0.2464,-0.20959
-0.28736,0.93054,0.22696,0.56135,0.26837,-0.2229
-0.29703,0.92895,0.22098,0.53328,0.33425,-0.36194
-0.30407,0.92863,0.21255,0.37439,0.32135,-0.32462
-0.30889,0.93051,0.1968,0.46003,0.4288,-0.29463
-0.31024,0.93527,0.17036,0.4894,0.39431,-0.19005
-0.30249,0.94441,0.12879,0.33106,0.10098,-0.1375
-0.28204,0.95587,0.08227,0.08999,0.23032,-0.08048
-0.25085,0.96728,0.03799,-0.00221,0.36091,0.18238
-0.2172,0.97612,-0.00224,-0.08723,0.54901,0.39875
-0.18515,0.98157,-0.04729,-0.24079,0.67685,0.19311
-0.15066,0.98426,-0.0924,-0.28923,0.35284,0.11717
-0.11781,0.98486,-0.12712,-0.27062,0.26239,0.20225
-0.08887,0.98395,-0.15471,-0.10925,0.1109,0.3927
-0.05478,0.98115,-0.18531,0.04683,-0.07382,0.34094
-0.01997,0.97563,-0.21851,0.07568,-0.15838,0.33462
0.01047,0.9677,-0.2519,0.10939,-0.24884,0.29545
0.03289,0.95848,-0.28325,0.0447,-0.25769,0.39749
0.04779,0.94845,-0.3133,-0.0862,-0.33102,0.47134
0.05606,0.9384,-0.34096,-0.27539,-0.3288,0.45971
0.05955,0.9299,-0.36295,-0.35525,-0.31243,0.57802
0.05998,0.92373,-0.37832,-0.39124,-0.36597,0.5834
0.0598,0.92134,-0.38412,-0.4194,-0.51256,0.46655
0.06074,0.92262,-0.38089,-0.35927,-0.53116,0.3853
0.0635,0.92738,-0.36868,-0.27971,-0.51625,0.31277
0.06584,0.93603,-0.34571,-0.05328,-0.22742,-0.18816
0.06427,0.94665,-0.3158,-0.07539,-0.09699,-0.46833
0.05512,0.95414,-0.29423,-0.12951,0.14586,-0.78837
0.04349,0.95586,-0.29058,0.6393,1.53889,-0.87105
0.04706,0.95208,-0.30221,0.2608,0.17835,-0.32459
0.05553,0.94622,-0.31871,-0.09863,-0.57183,-0.15644
0.0609,0.94194,-0.3302,-0.36278,-0.58924,-0.22696
0.06523,0.94525,-0.31976,-0.29741,0.07198,0.35738
0.05723,0.95769,-0.28206,-0.72315,0.93939,1.46489
0.02374,0.96671,-0.25475,-0.78955,1.609,-0.32165
0.01612,0.96224,-0.27174,-0.01969,-0.32378,0.70752
0.00412,0.96319,-0.26879,-0.27563,-1.18766,0.75421
-0.00021,0.97291,-0.23119,-0.29775,-0.54589,0.83148
-0.01518,0.9836,-0.1797,-0.18092,-0.08326,0.70965
-0.03267,0.99067,-0.13232,0.4155,0.75352,0.54258
-0.03893,0.99465,-0.09566,0.4892,0.25126,0.17203
-0.04954,0.99636,-0.0694,0.41546,0.03869,0.01795
-0.06291,0.99712,-0.0424,-0.02791,-0.16292,-0.17206
-0.07306,0.99727,-0.01107,-0.33124,-0.18506,0.14007
-0.08052,0.99652,0.02144,-0.29621,-0.22627,0.26546
-0.09168,0.99436,0.05327,-0.1661,-0.2039,0.14186
-0.10858,0.9906,0.0832,0.01997,-0.13392,0.02677
-0.1272,0.98576,0.10998,0.12467,-0.09153,-0.06202
-0.14794,0.98034,0.1306,0.17852,-0.04998,-0.08477
-0.16931,0.97418,0.14936,0.22426,-0.0226,-0.03969
-0.19028,0.96669,0.17118,0.30746,0.04555,-0.05792
-0.21204,0.95832,0.19144,0.32235,0.08995,-0.1229
-0.23495,0.95001,0.20561,0.08932,0.16178,-0.3125
-0.25897,0.94189,0.21396,0.11334,0.1699,-0.32084
-0.28217,0.9341,0.2187,0.5391,0.36053,-0.28224
-0.30074,0.92827,0.21879,0.65202,0.24399,-0.2228
-0.31324,0.92555,0.21267,0.67106,0.25489,-0.24111
-0.32112,0.92425,0.20652,0.58711,0.41839,-0.41279
-0.32696,0.92437,0.19657,0.3986,0.38595,-0.46163
-0.33103,0.92677,0.17752,0.34502,0.32935,-0.27276
-0.33217,0.93197,0.14525,0.39406,0.31292,-0.30404
-0.32514,0.9404,0.09969,0.35578,0.05439,-0.08247
-0.30213,0.95203,0.04848,0.28125,0.14167,-0.06471
-0.26541,0.96412,0.00589,0.15268,0.29342,0.08104
-0.22576,0.9736,-0.0337,-0.23457,0.96762,0.21803
-0.18791,0.97915,-0.07712,-0.27211,0.77507,0.28861
-0.14968,0.98165,-0.1181,-0.28443,0.58466,0.31989
-0.11558,0.98174,-0.15111,-0.24261,0.34317,0.19206
-0.08192,0.98215,-0.1693,-0.1384,0.16442,0.36178
-0.04023,0.98002,-0.1948,-0.03178,0.0162,0.45423
-0.00349,0.97414,-0.22592,0.05279,-0.28099,0.30882
0.02313,0.96461,-0.26265,0.05581,-0.32899,0.34822
0.03993,0.95412,-0.29674,-0.01209,-0.32725,0.46544
0.04724,0.94313,-0.32905,-0.19365,-0.33037,0.51879
0.04795,0.93283,-0.3571,-0.30663,-0.35501,0.59423
0.04476,0.92481,-0.37778,-0.40771,-0.42371,0.62274
0.04103,0.92018,-0.38935,-0.50104,-0.4788,0.58583
0.03753,0.91908,-0.39228,-0.50582,-0.49221,0.55229
0.03647,0.92095,-0.38796,-0.37486,-0.55426,0.22838
0.04322,0.92577,-0.37562,0.03658,-0.37943,0.15466
0.05455,0.93413,-0.35275,-0.04948,-0.33563,-0.10295
0.05898,0.94431,-0.32372,0.19788,0.25381,-0.66339
0.0544,0.95171,-0.30213,0.17454,1.06854,-1.00805
0.04385,0.95259,-0.30109,0.47684,1.51313,-0.982
0.04825,0.94729,-0.31672,0.05755,0.07413,-0.29097
0.05661,0.9412,-0.33307,-0.15322,-0.54644,-0.21994
0.06217,0.93916,-0.3378,-0.32221,-0.57832,-0.2924
0.06341,0.94328,-0.32587,-0.44505,0.03365,0.0738
0.05529,0.95377,-0.29541,-0.44049,0.5878,1.12012
0.03255,0.96407,-0.26363,-0.66053,0.90356,1.34557
0.02643,0.96386,-0.26508,-0.30524,0.53821,-0.12085
0.01957,0.96203,-0.27224,-0.38108,-0.88705,0.70644
0.01141,0.97165,-0.23616,-0.29869,-0.63748,0.72893
-0.00029,0.98428,-0.17662,0.02099,0.00971,0.84483
-0.00863,0.99374,-0.11137,0.44665,0.66527,0.78424
-0.00724,0.99793,-0.06385,0.53426,0.53951,0.51618
-0.01526,0.99938,-0.03167,0.24363,0.04996,-0.04705
-0.03537,0.99937,-0.00415,0.0123,-0.09684,-0.22049
-0.05224,0.99836,0.02321,-0.06713,-0.11476,-0.26065
-0.06282,0.99654,0.05435,-0.24051,-0.18078,0.12139
-0.07264,0.99352,0.08745,-0.1589,-0.17447,0.22476
-0.08449,0.9894,0.11807,-0.0428,-0.10748,0.1037
-0.09932,0.98442,0.14506,0.1028,-0.09208,-0.13556
-0.11772,0.97852,0.16923,0.14416,-0.08593,-0.23805
-0.13802,0.97166,0.19189,0.05412,-0.05975,-0.10431
-0.16103,0.96327,0.21492,0.20175,-0.02288,-0.03251
-0.18684,0.95345,0.2367,0.36412,0.12222,-0.19486
-0.21337,0.94322,0.25457,0.21802,0.14852,-0.36482
-0.23864,0.93362,0.26722,0.20599,0.23185,-0.22883
-0.26222,0.92477,0.27575,0.34309,0.40093,-0.26426
-0.28342,0.91781,0.27801,0.40599,0.34546,-0.23977
-0.29935,0.9141,0.27352,0.476,0.30015,-0.2522
-0.30967,0.91248,0.26738,0.39541,0.41716,-0.42167
-0.31818,0.91241,0.25743,0.31922,0.40383,-0.48826
-0.32566,0.91507,0.23789,0.2698,0.36441,-0.48698
-0.33209,0.9215,0.2014,0.43855,0.35136,-0.2807
-0.32893,0.93184,0.15321,0.48172,0.15748,-0.13878
-0.30687,0.94651,0.09973,0.17056,0.27495,-0.20004
-0.27007,0.96152,0.05032,-0.21017,0.55805,0.14534
-0.23324,0.97241,0.00472,-0.33851,0.71877,0.3582
-0.20187,0.97834,-0.04578,-0.3367,0.56805,0.11658
-0.16967,0.98041,-0.1,-0.30094,0.39584,0.00213
-0.13899,0.97991,-0.143,-0.3252,0.36077,0.10641
-0.11,0.97833,-0.1754,0.01407,-0.01538,0.3885
-0.07628,0.97524,-0.20759,0.11957,-0.18022,0.39089
-0.04004,0.96907,-0.24352,0.10911,-0.19259,0.31003
-0.00617,0.9615,-0.27473,0.09623,-0.20625,0.27574
0.02077,0.95303,-0.30216,-0.01804,-0.28077,0.4119
0.04011,0.94347,-0.32902,-0.08118,-0.30581,0.48156
0.0514,0.93356,-0.35471,-0.3388,-0.41872,0.54916
0.0547,0.92457,-0.37705,-0.35111,-0.47717,0.64219
0.05397,0.91845,-0.39184,-0.34024,-0.51461,0.65552
0.05313,0.9171,-0.39511,-0.35161,-0.63595,0.50335
0.05219,0.92073,-0.38669,-0.26824,-0.59761,0.34375
0.05089,0.9288,-0.36707,-0.11971,-0.44996,0.15324
0.04993,0.94121,-0.33412,-0.0893,-0.13715,-0.30004
0.04666,0.95266,-0.30043,-0.2512,0.36181,-1.14415
0.0342,0.95701,-0.28804,-0.12944,0.86503,-1.16553
0.03034,0.95409,-0.29797,0.67414,1.42129,-0.73362
0.0399,0.94691,-0.31902,0.0108,-0.12362,-0.14517
0.04529,0.93857,-0.34211,-0.21371,-0.49522,-0.01661
0.04652,0.93661,-0.34726,-0.32337,-0.44868,-0.32067
0.04095,0.94434,-0.3264,-0.14454,0.85351,1.54284
0.01906,0.95705,-0.28931,-0.12265,0.8408,1.50575
0.01918,0.95749,-0.28784,-0.50357,0.86359,-0.06243
0.02821,0.95147,-0.30644,-0.67313,-0.88821,0.12645
0.01983,0.96253,-0.27043,-0.52813,-0.99438,0.8411
0.00152,0.97845,-0.20645,-0.20888,-0.33264,1.12546
-0.01715,0.98986,-0.14097,0.20674,0.94838,0.76228
-0.02972,0.99532,-0.09198,0.62672,0.56613,0.37061
-0.04149,0.99691,-0.06674,0.42325,0.10922,-0.02327
-0.06097,0.99713,-0.04493,0.1112,-0.13458,-0.23243
-0.07851,0.99676,-0.01734,-0.20129,-0.22314,-0.13752
-0.09077,0.99572,0.01758,-0.26379,-0.2224,0.17105
-0.10063,0.99358,0.05163,-0.04283,-0.14194,0.18788
-0.11351,0.99017,0.0817,0.09376,-0.05806,0.03921
-0.12833,0.98562,0.10993,0.18986,-0.0487,-0.04714
-0.14682,0.97985,0.13544,0.12639,-0.10802,-0.15448
-0.16793,0.97272,0.16006,-0.00405,-0.07347,-0.06646
-0.19118,0.9643,0.18321,0.1866,0.06518,-0.04574
-0.2174,0.95449,0.20415,0.22078,0.09548,-0.29758
-0.24289,0.94435,0.2218,0.09359,0.119,-0.38954
-0.2672,0.93486,0.23375,0.22446,0.25482,-0.24756
-0.29124,0.926,0.24019,0.44865,0.38866,-0.28133
-0.31256,0.91873,0.24131,0.58643,0.32756,-0.27758
-0.32777,0.9149,0.23563,0.66359,0.33965,-0.30908
-0.33675,0.91373,0.22736,0.57517,0.44287,-0.44565
-0.34226,0.91445,0.21596,0.48939,0.41815,-0.49343
-0.34637,0.9176,0.19503,0.3819,0.24449,-0.23854
-0.34905,0.92371,0.15784,0.53422,0.20939,-0.19564
-0.33895,0.93388,0.11394,0.53022,0.10541,-0.10097
-0.30934,0.94874,0.0648,-0.03216,0.32489,-0.10795
-0.2683,0.96308,0.02205,-0.37721,0.70705,0.39105
-0.22892,0.97324,-0.02007,-0.44516,0.93822,0.41172
-0.19101,0.97931,-0.06683,-0.41614,0.6224,0.17333
-0.15369,0.98207,-0.10913,-0.34089,0.43803,0.07402
-0.11813,0.98279,-0.14203,-0.29236,0.28127,0.06887
-0.08075,0.9836,-0.16125,0.01628,0.00118,0.42791
-0.03811,0.98171,-0.18651,0.08128,-0.20889,0.39682
0.00051,0.97615,-0.21707,-0.02927,-0.30974,0.28081
0.02933,0.96762,-0.25069,-0.02829,-0.35576,0.21316
0.04554,0.95775,-0.28396,-0.03806,-0.38019,0.41607
0.05046,0.94735,-0.31621,-0.16833,-0.41086,0.5426
0.04866,0.93725,-0.34524,-0.23982,-0.43713,0.55673
0.04397,0.92913,-0.36712,-0.37246,-0.48322,0.58629
0.04084,0.92477,-0.37833,-0.36934,-0.47886,0.59749
0.03983,0.92398,-0.38037,-0.41512,-0.53002,0.45541
0.04161,0.9269,-0.37299,-0.11359,-0.44614,0.20008
0.04887,0.9343,-0.35313,-0.12085,-0.45354,0.18022
0.05584,0.94497,-0.32236,-0.20313,-0.11016,-0.35678
0.05337,0.9532,-0.29758,-0.23734,0.97493,-1.26387
0.04198,0.95458,-0.29497,-0.22595,0.97355,-1.26648
0.03681,0.94937,-0.312,0.64361,1.06357,-0.50799
0.03965,0.94257,-0.33165,-0.27565,-0.50147,-0.03651
0.04527,0.93679,-0.34694,-0.46738,-0.60415,-0.14212
0.05097,0.93903,-0.34005,-0.53658,-0.15036,-0.16502
0.04335,0.94857,-0.31359,-0.34202,0.30451,0.6903
0.01735,0.95465,-0.29722,-0.75176,0.78955,1.00213
-0.0023,0.95315,-0.30247,-0.58759,0.59253,0.04008
-0.01677,0.95722,-0.28886,0.03615,-0.64657,0.9092
-0.02001,0.97088,-0.23873,0.11612,-0.47012,0.96747
-0.01594,0.98443,-0.17506,0.22189,0.24587,0.88082
-0.01893,0.99247,-0.12104,0.20131,0.51763,0.56816
-0.03372,0.99626,-0.07957,0.08835,0.10137,0.21702
-0.05902,0.99713,-0.04751,-0.01375,-0.0847,-0.26734
-0.08614,0.99611,-0.01854,-0.1775,-0.2193,-0.16046
-0.10097,0.99476,0.01611,-0.18774,-0.28182,0.19128
-0.1109,0.99236,0.05414,-0.02099,-0.23839,0.31462
-0.12236,0.98864,0.08729,0.18175,-0.04752,0.12853
-0.13564,0.98428,0.11314,0.26423,0.04832,-0.07525
-0.14963,0.97921,0.13695,0.26265,-0.01106,-0.36232
-0.16367,0.97383,0.15767,0.11173,-0.0618,-0.10573
-0.1785,0.9678,0.1775,0.12221,-0.02752,0.00315
-0.19773,0.96035,0.19654,0.16826,0.00454,-0.04084
-0.21953,0.95162,0.21498,0.06157,0.1426,-0.19291
-0.24249,0.94179,0.23286,0.01388,0.15969,-0.26296
-0.26593,0.93146,0.24833,0.17092,0.24643,-0.15307
-0.2892,0.92191,0.25775,0.28224,0.34489,-0.19467
-0.31019,0.91456,0.25953,0.35566,0.36045,-0.28128
-0.32556,0.91042,0.25522,0.47723,0.35137,-0.28621
-0.33672,0.90809,0.24898,0.46855,0.42521,-0.40123
-0.34589,0.90721,0.23945,0.42526,0.40885,-0.45115
-0.35368,0.9089,0.22091,0.28619,0.32089,-0.33468
-0.36157,0.91321,0.18792,0.3739,0.34978,-0.28524
-0.36009,0.92196,0.14253,0.44594,0.2081,-0.08336
-0.34078,0.93569,0.09136,0.27943,0.20782,-0.0952
-0.30654,0.9508,0.04472,-0.21496,0.62398,0.2515
-0.2701,0.96283,0.00193,-0.2514,0.61195,0.29429
-0.23729,0.97039,-0.04517,-0.36352,0.59491,0.1355
-0.20372,0.97461,-0.09288,-0.34398,0.31729,0.08381
-0.17074,0.97625,-0.13336,-0.39086,0.2873,0.12396
-0.1418,0.97669,-0.16114,-0.29452,0.26438,0.24144
-0.10576,0.97608,-0.18996,0.06886,-0.12018,0.38823
-0.0683,0.97192,-0.22517,0.03141,-0.11603,0.42345
-0.03645,0.9649,-0.26007,0.02794,-0.24878,0.28976
-0.01158,0.95614,-0.29269,0.00049,-0.25059,0.3852
0.00364,0.94624,-0.32346,-0.11758,-0.32178,0.49375
0.01155,0.93605,-0.35168,-0.22926,-0.3873,0.49849
0.01405,0.92694,-0.37495,-0.2649,-0.44184,0.51317
0.01551,0.92137,-0.38837,-0.26039,-0.52536,0.52238
0.01639,0.92007,-0.39141,-0.26172,-0.58331,0.47754
0.01544,0.92255,-0.38558,-0.21935,-0.58618,0.38724
0.01233,0.92885,-0.37024,-0.09507,-0.56391,0.29174
0.01062,0.93971,-0.34181,-0.04024,-0.38235,0.06009
0.01078,0.95199,-0.30593,-0.23162,-0.13188,-0.62022
0.00454,0.95786,-0.28721,-0.24735,0.69069,-1.22608
-0.00387,0.95544,-0.29516,0.3799,2.24651,-1.20684
0.00363,0.94894,-0.31544,0.51523,0.77704,-0.35697
0.01245,0.94007,-0.34074,-0.34952,-0.85414,-0.09507
0.02117,0.93454,-0.35522,-0.26531,-0.81375,-0.3174
0.02725,0.93889,-0.34314,-0.26798,-0.23187,0.58027
0.01862,0.95558,-0.29414,-0.26047,0.11284,1.41658
-0.00862,0.96876,-0.24786,-0.81726,1.97025,-0.25891
-0.00523,0.96274,-0.27036,-0.61408,1.848,-0.94572
-0.02037,0.96473,-0.26244,-0.28285,-0.86781,0.8947
-0.02859,0.97696,-0.21149,-0.23849,-0.83107,0.95429
-0.0397,0.98782,-0.15042,-0.03784,0.24449,0.7524
-0.06091,0.99416,-0.08905,0.13411,0.62129,0.72555
-0.07476,0.99594,-0.05006,0.28916,0.39696,0.12292
-0.09198,0.99544,-0.02508,0.26317,0.08199,-0.3473
-0.11143,0.99377,0.00236,0.03525,-0.18838,-0.2358
-0.12157,0.99197,0.03493,-0.14602,-0.19898,0.22801
-0.12843,0.98949,0.06651,-0.15006,-0.23624,0.29546
-0.13724,0.98601,0.09462,-0.09071,-0.20357,0.1336
-0.15034,0.98173,0.11662,0.13887,-0.0463,-0.11359
-0.16511,0.97631,0.13985,0.1551,-0.06754,-0.1522
-0.18006,0.96983,0.16434,0.12155,-0.08572,-0.10625
-0.19698,0.96232,0.18743,0.10792,-0.0224,-0.04938
-0.21853,0.95292,0.2102,0.14505,0.0275,-0.1364
-0.24237,0.94193,0.23244,0.1472,0.12128,-0.21746
-0.26646,0.93043,0.25158,0.01566,0.20417,-0.31375
-0.29159,0.9191,0.26501,0.32514,0.29431,-0.17241
-0.31702,0.90856,0.27207,0.48723,0.41504,-0.22452
-0.3369,0.90107,0.27308,0.43393,0.41532,-0.32395
-0.34856,0.89758,0.26992,0.39908,0.36829,-0.33327
-0.35832,0.89596,0.26242,0.38256,0.43914,-0.45334
-0.36722,0.89652,0.24778,0.38989,0.45167,-0.35747
-0.37238,0.90083,0.22325,0.3967,0.50611,-0.43342
-0.36964,0.91055,0.18512,0.44363,0.26478,-0.14754
-0.35221,0.92583,0.13702,0.30203,0.19486,-0.20593
-0.32225,0.9426,0.08752,-0.04641,0.31187,-0.1459
-0.28897,0.95659,0.03788,-0.23206,0.45226,0.06301
-0.2611,0.96525,-0.01091,-0.36471,0.64254,0.32103
-0.22984,0.97131,-0.061,-0.31624,0.36083,0.12126
-0.19518,0.97562,-0.10032,-0.30438,0.33373,0.10688
-0.16591,0.97706,-0.13354,-0.24572,0.21475,0.34843
-0.13357,0.97649,-0.1692,-0.12792,-0.01207,0.41389
-0.09977,0.97277,-0.20919,-0.1385,-0.08602,0.42219
-0.06845,0.9663,-0.24814,0.05208,-0.31991,0.32605
-0.04239,0.958,-0.2836,0.15346,-0.32448,0.36868
-0.02326,0.94811,-0.31708,0.05169,-0.39054,0.40773
-0.01024,0.93808,-0.34627,-0.16112,-0.43254,0.41782
-0.00391,0.92937,-0.36913,-0.31782,-0.44808,0.54545
-0.00196,0.92278,-0.38532,-0.30783,-0.46274,0.59483
-0.00191,0.91893,-0.39442,-0.30507,-0.50649,0.57429
-0.00366,0.91921,-0.39375,-0.17447,-0.60558,0.28375
-0.0083,0.92362,-0.38321,-0.09816,-0.56445,0.19538
-0.01356,0.93276,-0.36025,-0.00795,-0.46733,0.10993
-0.01668,0.94303,-0.33229,-0.10722,0.17595,-0.79904
-0.02013,0.94768,-0.31859,-0.13319,0.50949,-1.00241
-0.02707,0.94555,-0.32435,0.06104,1.64138,-1.10964
-0.02448,0.93863,-0.34404,0.17208,0.25582,-0.31898
-0.02115,0.93063,-0.36535,-0.16097,-0.48359,-0.0544
-0.01462,0.92605,-0.37711,-0.28889,-0.80369,-0.22974
-0.01152,0.92851,-0.37113,-0.30526,-0.34863,-0.00334
-0.01484,0.93695,-0.34915,-0.312,-0.03866,0.44039
-0.0361,0.9496,-0.31138,-0.96457,0.9834,1.15923
-0.04471,0.95283,-0.30021,-0.56289,1.74859,-1.01678
-0.05413,0.94483,-0.32307,-0.21812,0.23322,0.39998
-0.07018,0.95362,-0.2927,-0.1425,-1.04791,0.83849
-0.07447,0.96912,-0.23509,0.01119,-0.46062,1.04582
-0.07667,0.98342,-0.16434,0.09382,0.11701,0.84859
-0.08341,0.99062,-0.10822,0.37789,0.31178,0.06263
-0.09478,0.99248,-0.07748,0.33054,0.20236,-0.16704
-0.11668,0.99172,-0.05371,0.23071,0.10557,-0.27814
-0.13708,0.99019,-0.02716,-0.10135,-0.10669,-0.0656
-0.14869,0.98885,0.00829,-0.23973,-0.20514,0.15986
-0.15444,0.98694,0.04583,-0.09221,-0.23772,0.15742
-0.16471,0.9835,0.07475,0.04978,-0.20015,0.1662
-0.179,0.9788,0.09953,0.17545,-0.0433,-0.01839
-0.19552,0.97282,0.12409,0.17847,-0.05445,-0.11421
-0.21278,0.96559,0.14953,0.05177,-0.05218,-0.05133
-0.23077,0.95701,0.17572,0.09269,-0.01049,-0.01041
-0.25177,0.94682,0.20038,0.18082,-0.01427,-0.12912
-0.27338,0.9358,0.22255,0.15137,0.11731,-0.30617
-0.29463,0.92498,0.24001,0.11001,0.19463,-0.298
-0.31678,0.91433,0.25229,0.2177,0.24713,-0.22049
-0.33786,0.90496,0.25863,0.39017,0.40386,-0.29833
-0.35455,0.89844,0.25904,0.31815,0.37036,-0.29812
-0.36667,0.89469,0.25513,0.34216,0.36352,-0.27788
-0.37588,0.89276,0.24839,0.4458,0.40818,-0.40426
-0.38437,0.89221,0.23712,0.34674,0.37954,-0.48208
-0.39239,0.89445,0.21447,0.34653,0.34593,-0.34945
-0.39472,0.90097,0.18014,0.41756,0.34401,-0.32465
-0.38612,0.91306,0.13126,0.34383,0.17401,-0.16102
-0.36321,0.92823,0.08039,0.15967,0.30521,-0.09903
-0.33167,0.94284,0.03227,-0.22469,0.49628,0.19334
-0.30187,0.9532,-0.01658,-0.36524,0.75288,0.38569
-0.2716,0.96001,-0.06785,-0.39552,0.74607,0.43696
-0.23618,0.96495,-0.11443,-0.22734,0.47023,0.21756
-0.20206,0.968,-0.14882,-0.33862,0.43363,0.15495
-0.16911,0.96988,-0.17533,-0.20549,0.15436,0.42872
-0.13051,0.96923,-0.20872,-0.10264,-0.11196,0.44096
-0.09506,0.96429,-0.24719,0.07983,-0.37445,0.35071
-0.06788,0.95543,-0.2873,0.20292,-0.41307,0.38035
-0.05107,0.94514,-0.32264,0.18458,-0.41629,0.47455
-0.04316,0.93396,-0.35475,-0.05479,-0.45766,0.47952
-0.04302,0.92326,-0.38177,-0.13452,-0.44865,0.50021
-0.0458,0.91529,-0.40017,-0.26911,-0.45642,0.58571
-0.04846,0.91121,-0.40907,-0.37274,-0.52103,0.57487
-0.04992,0.91093,-0.40952,-0.38682,-0.54599,0.54046
-0.05181,0.91427,-0.40177,-0.22339,-0.56956,0.2611
-0.05315,0.92132,-0.38514,-0.04925,-0.40269,0.08479
-0.0536,0.93249,-0.35721,-0.01454,-0.27737,-0.05811
-0.05503,0.94282,-0.32874,-0.09542,0.31504,-0.79578
-0.06061,0.94711,-0.31513,-0.16303,1.41495,-1.09029
-0.06543,0.9435,-0.32483,0.24693,1.89065,-1.04212
-0.05849,0.93612,-0.34679,0.07732,-0.07854,-0.21878
-0.05226,0.92999,-0.36386,-0.1714,-0.68739,-0.11395
-0.04689,0.92925,-0.36645,-0.26294,-0.67834,-0.27567
-0.0492,0.93625,-0.34786,-0.42056,-0.02764,0.1673
-0.06497,0.94776,-0.3123,-0.23954,0.61757,1.30329
-0.08994,0.95409,-0.28568,-0.46911,0.97219,1.23725
-0.08069,0.94754,-0.30927,-0.28509,0.38778,-0.17644
-0.08986,0.94896,-0.30233,-0.25276,-1.22798,0.94527
-0.0952,0.96437,-0.24683,-0.2139,-1.33733,0.81464
-0.0995,0.97764,-0.18527,0.05112,0.67848,0.82808
-0.11222,0.98624,-0.12142,0.15554,0.94771,0.78693
-0.12638,0.98847,-0.08341,0.23194,0.70591,0.50873
-0.14598,0.98728,-0.06302,0.27936,0.11053,-0.36075
-0.17101,0.98458,-0.03691,-0.07603,-0.24039,0.08067
-0.18575,0.98258,-0.00557,-0.06129,-0.23839,0.04933
-0.19458,0.98049,0.02799,-0.03757,-0.18703,0.19926
-0.20357,0.97726,0.05937,0.18636,-0.01128,0.04784
-0.21445,0.97305,0.08471,0.24132,-0.00331,-0.07374
-0.22576,0.96812,0.10851,0.23249,-0.03582,-0.12333
-0.23675,0.96228,0.13402,-0.0376,-0.14394,-0.01564
-0.24971,0.95494,0.16042,-0.00185,-0.1084,0.02574
-0.26723,0.94577,0.18466,0.15715,0.06201,-0.07478
-0.28811,0.93488,0.20734,0.16346,0.17164,-0.21588
-0.30925,0.92318,0.22826,0.07921,0.2024,-0.33715
-0.33072,0.91157,0.24425,0.14722,0.19248,-0.23511
-0.35237,0.90092,0.25331,0.42019,0.38664,-0.22895
-0.37066,0.89282,0.25588,0.46035,0.39174,-0.31535
-0.38245,0.88848,0.25364,0.39708,0.33583,-0.255
-0.39139,0.88574,0.24954,0.51011,0.39421,-0.36648
-0.39981,0.88413,0.24178,0.41217,0.43705,-0.49191
-0.40604,0.88543,0.22614,0.34005,0.33903,-0.41144
-0.41183,0.88992,0.19603,0.3455,0.45241,-0.36309
-0.41029,0.89887,0.15392,0.4239,0.24737,-0.22075
-0.39567,0.91283,0.10093,0.30224,0.05167,-0.10978
-0.36708,0.92875,0.05165,0.00991,0.28588,0.16548
-0.33562,0.94196,0.00828,-0.28349,0.66287,0.39305
-0.30563,0.95132,-0.03966,-0.45688,0.87798,0.06468
-0.27228,0.95822,-0.08765,-0.45189,0.41643,0.26387
-0.23785,0.96182,-0.13539,-0.40793,0.37899,0.19313
-0.20892,0.96365,-0.16651,-0.39461,0.32823,0.17986
-0.17388,0.9655,-0.19386,-0.02072,-0.09994,0.46424
-0.12955,0.9647,-0.2293,0.03554,-0.20885,0.36578
-0.09423,0.95845,-0.26926,0.10979,-0.32145,0.32031
-0.06981,0.94861,-0.30866,0.16135,-0.33652,0.43938
-0.05777,0.93645,-0.34599,0.03708,-0.39666,0.55763
-0.0557,0.92406,-0.37817,-0.19115,-0.46144,0.55945
-0.05912,0.91307,-0.4035,-0.25042,-0.42246,0.63955
-0.06437,0.90545,-0.41954,-0.24497,-0.43716,0.65478
-0.06833,0.90244,-0.42537,-0.30538,-0.5642,0.52017
-0.07158,0.90447,-0.42049,-0.19952,-0.66823,0.31679
-0.07248,0.91156,-0.40471,-0.06962,-0.62151,0.09417
-0.06783,0.92527,-0.37319,-0.10236,-0.29246,-0.27351
-0.0623,0.93765,-0.34196,-0.21053,0.25419,-0.85359
-0.06663,0.94261,-0.32719,-0.27758,0.54468,-0.94245
-0.07513,0.94059,-0.33112,0.20703,1.65075,-0.92536
-0.07362,0.93405,-0.34946,0.1075,0.21388,-0.19638
-0.07452,0.927,-0.36759,-0.05781,-0.54155,-0.03191
-0.0759,0.92347,-0.37608,-0.21815,-0.74406,-0.30521
-0.07798,0.92975,-0.35985,-0.31793,-0.16526,0.25144
-0.08891,0.94471,-0.31561,-0.35836,0.53757,1.46136
-0.10315,0.95404,-0.28138,-0.76999,1.13428,0.87913
-0.09116,0.94805,-0.30479,-0.43232,0.68252,-0.92895
-0.10524,0.95004,-0.29386,-0.05624,-1.03561,1.05279
-0.11286,0.96557,-0.23438,0.01342,-1.03692,0.7887
-0.11412,0.97766,-0.17653,0.1087,-0.02249,0.7681
-0.12085,0.986,-0.11489,0.15953,0.57624,0.65751
-0.13358,0.98837,-0.07264,0.26144,0.43474,0.26319
-0.15409,0.98689,-0.04795,0.25983,0.09416,-0.24154
-0.17851,0.98369,-0.02196,0.17856,-0.02191,-0.29731
-0.196,0.98056,0.00945,-0.19643,-0.19508,0.1071
-0.20571,0.97765,0.04335,-0.24096,-0.24856,0.18857
-0.21435,0.97388,0.07495,-0.14475,-0.22771,0.13117
-0.22706,0.96841,0.10306,0.05813,-0.10434,0.04046
-0.24156,0.96179,0.12889,0.17725,-0.03968,-0.11052
-0.25696,0.9544,0.15194,0.16025,-0.0482,-0.07171
-0.27295,0.9458,0.17598,0.14177,-0.06202,-0.03852
-0.29048,0.93586,0.19945,0.20919,0.01435,-0.08961
-0.31051,0.92434,0.22176,0.16295,0.14613,-0.20509
-0.33192,0.91176,0.24192,0.07279,0.21124,-0.29932
-0.35435,0.89875,0.25822,0.26816,0.33347,-0.21799
-0.37789,0.88616,0.26819,0.40039,0.4512,-0.29887
-0.39812,0.87646,0.27077,0.47842,0.50115,-0.35871
-0.4105,0.87151,0.26824,0.47037,0.45466,-0.34159
-0.41928,0.86864,0.26393,0.4023,0.4906,-0.46634
-0.42763,0.86769,0.25345,0.36908,0.45883,-0.41791
-0.43273,0.87116,0.232,0.31795,0.54891,-0.44044
-0.43242,0.87971,0.19781,0.33981,0.4533,-0.35639
-0.42087,0.8951,0.14719,0.28234,0.14815,-0.15475
-0.39651,0.91302,0.09572,-0.00803,0.18359,-0.02146
-0.36706,0.92909,0.04531,-0.15879,0.32085,0.0948
-0.34359,0.93911,-0.00298,-0.3807,0.704,0.17342
-0.31824,0.94639,-0.05539,-0.34732,0.43074,0.25882
-0.2868,0.95211,-0.10595,-0.33452,0.3433,0.25869
-0.25856,0.9551,-0.14468,-0.26271,0.32344,0.24182
-0.22931,0.9584,-0.16997,-0.06557,0.07186,0.46471
-0.19098,0.96024,-0.20361,-0.00815,-0.04594,0.46051
-0.15347,0.9582,-0.24143,0.13115,-0.34595,0.31212
-0.12475,0.95191,-0.27982,0.15139,-0.38348,0.32761
-0.1068,0.94308,-0.31496,0.13456,-0.37144,0.42377
-0.09756,0.93242,-0.34795,-0.1961,-0.44808,0.50163
-0.0955,0.92155,-0.37634,-0.24424,-0.43798,0.55331
-0.09863,0.91179,-0.39864,-0.2421,-0.41746,0.6146
-0.10304,0.90543,-0.41179,-0.23558,-0.50498,0.59501
-0.10645,0.90334,-0.4155,-0.27453,-0.55944,0.52495
-0.10886,0.90545,-0.41025,-0.23057,-0.57513,0.42177
-0.10871,0.91292,-0.3934,-0.08175,-0.30945,-0.09618
-0.10543,0.92493,-0.36521,-0.08331,-0.1095,-0.3675
-0.10149,0.93388,-0.34289,-0.22093,0.03988,-0.80599
-0.10742,0.93641,-0.33405,-0.28568,1.49012,-1.17753
-0.10971,0.93243,-0.34429,0.33862,1.56994,-0.74018
-0.10706,0.9252,-0.36406,0.24279,0.66598,-0.35877
-0.10569,0.9185,-0.38103,-0.22186,-0.67992,-0.1019
-0.10194,0.91971,-0.37913,-0.42115,-0.38779,-0.17013
-0.11265,0.9288,-0.35305,-0.58747,0.33959,0.54365
-0.13419,0.93739,-0.32138,-0.29823,0.71886,1.56877
-0.12922,0.93522,-0.32964,-0.40414,-0.30976,0.18723
-0.12615,0.9385,-0.32142,-0.29033,-0.84555,0.22814
-0.13106,0.95646,-0.26079,-0.21463,-0.97237,0.39034
-0.12782,0.97361,-0.18908,0.3136,0.33452,0.99275
-0.12188,0.98395,-0.13035,0.28662,0.66956,0.63111
-0.1321,0.9874,-0.08712,0.23488,0.41182,0.1013
-0.15695,0.98589,-0.05814,0.13454,0.02111,-0.18735
-0.18976,0.98142,-0.02842,0.03845,-0.05649,-0.10911
-0.21097,0.97749,0.00323,-0.10783,-0.18081,0.107
-0.22395,0.97381,0.03926,0.00851,-0.17732,0.1234
-0.23366,0.96945,0.07464,0.07094,-0.11546,0.07247
-0.24551,0.96404,0.10171,0.12338,-0.02286,0.03485
-0.25846,0.95757,0.12749,0.13497,-0.07757,-0.16701
-0.27186,0.94968,0.15557,-0.01836,-0.07385,-0.02003
-0.28665,0.94001,0.18494,-0.06833,-0.01918,0.02215
-0.30597,0.92822,0.21163,0.08728,0.0566,-0.09965
-0.32869,0.91471,0.23508,0.15343,0.10851,-0.13058
-0.35289,0.90005,0.25567,0.12528,0.26112,-0.35447
-0.3743,0.8862,0.27304,0.26742,0.40772,-0.19004
-0.39411,0.87395,0.28442,0.34164,0.47612,-0.25575
-0.41105,0.86436,0.28968,0.29252,0.5092,-0.33277
-0.42384,0.85833,0.28919,0.31978,0.53318,-0.38504
-0.4346,0.8548,0.28361,0.3459,0.5352,-0.4005
-0.44434,0.8541,0.27033,0.34742,0.35773,-0.46671
-0.45305,0.85771,0.24306,0.47032,0.34578,-0.32464
-0.45236,0.86797,0.20493,0.53233,0.33062,-0.40391
-0.43758,0.88548,0.15632,0.18667,0.27652,-0.05856
-0.41048,0.90553,0.10736,-0.07352,0.30799,0.01866
-0.38052,0.92298,0.05759,-0.32718,0.39454,0.17087
-0.35708,0.93404,0.00826,-0.45669,0.59029,0.22161
-0.3333,0.94171,-0.04563,-0.30171,0.41122,0.0695
-0.30602,0.94692,-0.09842,-0.27965,0.4298,0.17458
-0.27948,0.95013,-0.13833,-0.34961,0.44188,0.19868
-0.25101,0.95342,-0.16727,-0.17688,0.05775,0.47644
-0.21451,0.9549,-0.20528,-0.14421,-0.10302,0.48212
-0.17769,0.95229,-0.24812,0.05907,-0.28381,0.37715
-0.1516,0.94471,-0.29076,0.16156,-0.33167,0.41593
-0.13447,0.93423,-0.33036,0.16278,-0.35352,0.46073
-0.1284,0.9219,-0.36553,-0.04228,-0.43077,0.51413
-0.12949,0.91,-0.39386,-0.18197,-0.48906,0.58336
-0.13595,0.89978,-0.41463,-0.19141,-0.52588,0.6483
-0.1432,0.8932,-0.42624,-0.1882,-0.57677,0.65503
-0.14823,0.89154,-0.428,-0.11414,-0.64477,0.40528
-0.15046,0.89554,-0.41878,-0.11192,-0.64877,0.39606
-0.14818,0.90555,-0.39751,-0.01271,-0.47437,0.07759
-0.14316,0.91946,-0.36618,-0.19488,0.00226,-0.47506
-0.13825,0.93019,-0.34006,-0.19979,-0.00846,-0.50119
-0.14246,0.93254,-0.33177,-0.46478,1.32747,-1.14489
-0.14316,0.92667,-0.34753,0.25286,0.57888,-0.45174
-0.14249,0.91811,-0.36982,0.25218,0.58744,-0.42945
-0.14227,0.91198,-0.38477,-0.25383,-1.00187,-0.12994
-0.14188,0.91359,-0.38107,-0.43505,-0.5857,0.03856
-0.144,0.9258,-0.34951,-0.54374,-0.20417,0.32644
-0.16865,0.94282,-0.28749,-0.29714,0.46375,1.66089
-0.17574,0.9469,-0.26926,-0.60914,2.17877,-1.40732
-0.17476,0.93667,-0.3035,-0.21511,0.62733,0.12416
-0.18829,0.94355,-0.27249,1e-05,-1.38232,0.87044
-0.18689,0.95607,-0.22583,0.01047,-0.99113,0.57389
-0.18516,0.96829,-0.16771,0.1695,0.03678,0.82259
-0.18882,0.97602,-0.10827,0.39355,0.83277,0.53141
-0.2,0.97704,-0.07344,0.33493,0.23546,0.02876
-0.21924,0.97463,-0.04506,0.2663,0.0569,-0.05879
-0.24133,0.97033,-0.01477,-0.06655,-0.18363,0.02651
-0.2568,0.96634,0.01517,-0.32254,-0.32004,0.10316
-0.26236,0.96381,0.0473,-0.35117,-0.31534,0.06688
-0.27089,0.95932,0.07949,-0.1307,-0.21947,0.06631
-0.28379,0.95239,0.11142,0.10909,-0.12823,-0.05671
-0.29825,0.9442,0.13978,0.2125,-0.1066,-0.09468
-0.31394,0.93532,0.16315,0.20508,-0.0775,-0.00046
-0.3306,0.9246,0.18925,0.25569,-0.00936,-0.05686
-0.34925,0.91152,0.21714,0.27466,0.0882,-0.05704
-0.37093,0.89605,0.24393,0.10035,0.20132,-0.3189
-0.39293,0.87995,0.26702,-0.03379,0.20277,-0.42992
-0.41495,0.8645,0.28366,0.03595,0.28162,-0.40289
-0.43788,0.85018,0.29233,0.47975,0.57144,-0.37427
-0.45564,0.84108,0.29149,0.58524,0.45985,-0.41351
-0.46433,0.83789,0.28695,0.60936,0.45134,-0.42098
-0.47055,0.83735,0.27825,0.33635,0.55549,-0.62031
-0.47525,0.84091,0.25885,0.18772,0.43247,-0.36813
-0.47957,0.84923,0.22096,0.17258,0.48018,-0.33283
-0.47449,0.86372,0.16983,0.36949,0.31725,-0.11389
-0.45427,0.88392,0.11105,0.19298,0.30732,-0.07847
-0.42397,0.90348,0.06306,-0.1795,0.57656,0.37346
-0.39683,0.91778,0.01446,-0.53075,1.1278,0.24033
-0.37057,0.92811,-0.03599,-0.42104,0.58688,0.33589
-0.33628,0.93799,-0.08421,-0.39736,0.38298,0.31495
-0.3083,0.94333,-0.12283,-0.53024,0.3785,0.20518
-0.27819,0.94851,-0.15142,-0.36521,0.02904,0.49218
-0.23815,0.95232,-0.19072,-0.20314,-0.09207,0.5216
-0.2056,0.94908,-0.23868,-0.00361,-0.36234,0.47428
-0.18323,0.94049,-0.28621,0.19969,-0.35878,0.44516
-0.1734,0.92898,-0.327,0.18987,-0.34727,0.48595
-0.17154,0.915,-0.36517,0.06146,-0.34064,0.59312
-0.17449,0.90071,-0.39782,-0.17525,-0.4798,0.60179
-0.18045,0.88844,-0.42203,-0.1693,-0.46753,0.62599
-0.18628,0.88062,-0.43567,-0.25083,-0.63723,0.59891
-0.18993,0.87851,-0.43835,-0.1447,-0.64713,0.35787
-0.19049,0.88209,-0.43085,-0.03079,-0.65275,0.20391
-0.18419,0.89375,-0.40899,0.03324,-0.37659,0.00913
-0.17748,0.9064,-0.38333,-0.15719,0.22127,-0.76233
-0.17402,0.91355,-0.36762,-0.18314,0.4246,-0.88709
-0.18162,0.91479,-0.3608,-0.13854,0.78889,-0.98318
-0.18855,0.90992,-0.36946,0.09957,0.22013,-0.30945
-0.1911,0.90491,-0.38029,-0.00822,-0.34158,-0.20614
-0.18875,0.90395,-0.38373,-0.38042,-0.44841,-0.42847
-0.18272,0.90855,-0.37571,-0.74505,0.27824,-0.1094
-0.19482,0.91769,-0.34626,-0.80834,0.71764,0.63782
-0.20957,0.91706,-0.33924,-0.41929,0.65362,0.75094
-0.20663,0.91272,-0.35248,-0.15366,-0.96033,0.6756
-0.20382,0.9242,-0.32298,-0.26466,-1.1637,0.24944
-0.20188,0.94403,-0.26085,0.30515,-0.45293,1.32491
-0.19224,0.96293,-0.18923,0.31785,0.69118,0.83795
-0.18702,0.97334,-0.13278,0.29197,1.07138,0.39256
-0.19683,0.97636,-0.08929,0.1818,-0.0674,0.07924
-0.216,0.9749,-0.05407,0.06671,-0.13948,0.02606
-0.23667,0.97133,-0.02233,-0.10938,-0.11698,-0.00434
-0.24712,0.96896,0.00653,-0.12586,-0.22014,0.02134
-0.26011,0.96473,0.04052,-0.04402,-0.20007,0.05282
-0.27217,0.95962,0.07103,0.05029,-0.1421,0.06609
-0.28395,0.9538,0.09812,0.20627,0.0138,-0.02696
-0.29505,0.94752,0.12307,0.22872,-0.04941,-0.1027
-0.30715,0.94017,0.14743,0.17088,-0.10429,-0.14397
-0.32144,0.93045,0.1759,-0.02398,-0.10861,0.02373
-0.34025,0.91785,0.20439,0.10182,0.14169,-0.0791
-0.36234,0.90281,0.23159,0.14653,0.20427,-0.13796
-0.38472,0.88701,0.25534,0.03662,0.16549,-0.39181
-0.40715,0.87173,0.2726,0.24799,0.36537,-0.27327
-0.42943,0.85778,0.2825,0.41074,0.54557,-0.33609
-0.44541,0.84833,0.28626,0.40431,0.46725,-0.30768
-0.45579,0.84319,0.28509,0.43405,0.39674,-0.36375
-0.46467,0.84003,0.28006,0.41785,0.41674,-0.40337
-0.47341,0.83948,0.26673,0.24345,0.45635,-0.28767
-0.47909,0.8436,0.24252,0.27462,0.56583,-0.32881
-0.47646,0.85509,0.20446,0.34301,0.47056,-0.15976
-0.46236,0.87284,0.15612,0.12848,0.2971,-0.12423
-0.44026,0.89167,0.10534,-0.11813,0.23039,0.00814
-0.4172,0.90707,0.05628,-0.3694,0.47748,0.30319
-0.39837,0.91721,0.00514,-0.4124,0.66055,0.20847
-0.37426,0.9263,-0.04349,-0.28347,0.32536,0.09053
-0.3456,0.93413,-0.08923,-0.30276,0.21225,0.18381
-0.31741,0.93972,-0.12718,-0.47786,0.18252,0.21833
-0.28735,0.94507,-0.15579,-0.04015,-0.04473,0.4828
-0.25461,0.94686,-0.19652,0.02501,-0.10243,0.46386
-0.22625,0.94318,-0.24335,0.06682,-0.13801,0.41286
-0.20838,0.93515,-0.28648,0.17987,-0.31175,0.43014
-0.19835,0.92431,-0.32605,0.02543,-0.31462,0.48338
-0.19171,0.91293,-0.36029,-0.04041,-0.30944,0.46896
-0.18855,0.9025,-0.38722,-0.17683,-0.40136,0.56041
-0.18959,0.89297,-0.40824,-0.19304,-0.44909,0.598
-0.19067,0.88624,-0.42216,-0.21101,-0.53828,0.53052
-0.1897,0.8836,-0.4281,-0.11719,-0.49844,0.39488
-0.18682,0.88533,-0.42578,-0.04549,-0.48029,0.29132
-0.18085,0.89173,-0.41487,0.10059,-0.42998,0.09298
-0.17497,0.90335,-0.39159,0.00601,-0.32011,-0.16674
-0.17205,0.91524,-0.36433,-0.05349,-0.19386,-0.37108
-0.17691,0.9223,-0.3436,-0.17812,0.57585,-0.85625
-0.18955,0.92142,-0.33919,-0.02626,1.49864,-0.88598
-0.19266,0.91432,-0.35624,0.04262,1.29442,-0.6891
-0.19392,0.90655,-0.37492,-0.13474,-0.69409,-0.1818
-0.19257,0.90345,-0.38299,-0.19495,-0.86728,-0.23001
-0.18635,0.90833,-0.37444,-0.35056,-0.70166,-0.27761
-0.1957,0.91825,-0.34426,-0.60076,0.67405,0.83882
-0.22414,0.92501,-0.30678,-0.60935,1.30808,1.2614
-0.21796,0.92135,-0.32188,-0.47402,1.22329,0.44819
-0.21532,0.92575,-0.31083,-0.092,-1.07995,0.51944
-0.20643,0.94357,-0.25895,-0.06919,-0.84811,0.54818
-0.19588,0.96152,-0.19264,0.08864,-0.56494,0.78137
-0.18871,0.97402,-0.12522,0.21157,0.74933,0.5947
-0.19729,0.97777,-0.07102,0.20071,0.431,0.25118
-0.21881,0.97516,-0.03433,0.18198,0.19609,0.08469
-0.24549,0.96939,-0.00363,-0.09491,-0.04315,-0.09502
-0.25829,0.96567,0.02755,-0.18733,-0.1272,0.08448
-0.26746,0.9617,0.06003,-0.11442,-0.18042,0.087
-0.27614,0.95671,0.09194,0.03967,-0.07126,0.09236
-0.28537,0.95096,0.11934,0.21781,0.02339,0.03354
-0.29541,0.94459,0.14312,0.22784,0.02976,0.00976
-0.30704,0.93674,0.16808,0.04791,-0.08279,-0.01893
-0.32052,0.9265,0.19713,0.00457,-0.05185,-0.00766
-0.33886,0.91434,0.22173,0.05835,0.0063,-0.03794
-0.36048,0.89985,0.2456,0.16828,0.11975,-0.2129
-0.38189,0.88445,0.26817,0.07963,0.2308,-0.34375
-0.40229,0.86903,0.28803,0.05367,0.25346,-0.3604
-0.42334,0.8548,0.30017,0.38272,0.46492,-0.32335
-0.44223,0.84363,0.3045,0.38401,0.52397,-0.47028
-0.4543,0.83813,0.3019,0.31262,0.4289,-0.37668
-0.4622,0.83597,0.29585,0.40776,0.40592,-0.44286
-0.46958,0.83585,0.28433,0.27593,0.43603,-0.58398
-0.47721,0.8391,0.26111,0.16503,0.22207,-0.41389
-0.48576,0.8461,0.21946,0.30282,0.2931,-0.34235
-0.48196,0.85946,0.17042,0.54863,0.41142,-0.14839
-0.46164,0.87913,0.11842,0.46026,0.40121,0.0255
-0.43073,0.89969,0.07086,-0.12413,0.45487,0.25229
-0.40108,0.91577,0.02231,-0.59561,0.83145,0.17189
-0.37293,0.92745,-0.02752,-0.54514,0.66282,0.1526
-0.34049,0.9376,-0.0705,-0.44971,0.40441,0.17071
-0.31009,0.94484,-0.10547,-0.58539,0.2056,0.25074
-0.27634,0.95117,-0.13751,-0.55643,0.13268,0.42562
-0.23978,0.95452,-0.17717,-0.0001,-0.1155,0.47602
-0.20445,0.95239,-0.22616,0.12826,-0.25201,0.36611
-0.17864,0.9448,-0.27464,0.16857,-0.32151,0.33087
-0.16803,0.93345,-0.3169,0.12805,-0.3556,0.51988
-0.16753,0.91949,-0.35564,0.01027,-0.46287,0.56396
-0.17191,0.90583,-0.3872,-0.07653,-0.51667,0.57058
-0.17945,0.89443,-0.40961,-0.17251,-0.60619,0.59827
-0.18637,0.88741,-0.42162,-0.17441,-0.60383,0.63648
-0.19303,0.8845,-0.42472,-0.16613,-0.60524,0.62136
-0.19997,0.88614,-0.41805,0.01541,-0.57717,0.34436
-0.20166,0.89449,-0.39903,0.05626,-0.49876,0.24347
-0.19893,0.90782,-0.36917,0.05365,-0.30048,-0.08963
-0.19285,0.91821,-0.34596,-0.30536,0.27727,-1.12407
-0.19916,0.92012,-0.33721,-0.50197,0.78052,-1.21566
-0.20035,0.91387,-0.35313,-0.21664,2.15342,-1.0634
-0.19865,0.90442,-0.37756,0.07729,-0.21107,-0.12076
-0.19755,0.8956,-0.39858,-0.28159,-0.87302,0.00643
-0.19248,0.89603,-0.40009,-0.35987,-0.91825,-0.18809
-0.20017,0.90568,-0.37374,-0.5675,0.28109,0.3082
-0.21864,0.91761,-0.33195,-0.58448,1.1145,0.96713
-0.21884,0.9146,-0.34002,-0.58427,1.1175,0.9752
-0.2171,0.91554,-0.33861,-0.16089,-1.02362,0.33739
-0.21513,0.93083,-0.29541,0.1431,-0.57582,0.84462
-0.2083,0.9512,-0.22767,0.13628,-0.59618,0.77688
-0.19463,0.9672,-0.16322,0.28072,0.68588,0.74947
-0.19687,0.97384,-0.11347,0.24857,0.26038,0.1705
-0.21071,0.97475,-0.0739,0.2624,0.25947,0.13093
-0.23241,0.97183,-0.039,-0.16875,-0.03089,0.05032
-0.25108,0.96793,-0.00809,-0.23762,-0.15015,0.00503
-0.26088,0.96507,0.02419,-0.22782,-0.14729,-0.02724
-0.27209,0.96049,0.0585,-0.05951,-0.21366,0.11286
-0.28254,0.95489,0.09138,0.16537,-0.06637,0.09792
-0.29309,0.94871,0.11848,0.24057,-0.00027,-0.04202
-0.30529,0.942,0.13938,0.0787,-0.11093,-0.02935
-0.31764,0.93412,0.16286,0.09581,-0.08097,0.05151
-0.33228,0.92453,0.18663,0.15867,0.00333,0.0283
-0.34933,0.9129,0.21112,0.10939,0.17964,-0.22132
-0.36794,0.89946,0.23576,-0.01863,0.20996,-0.32707
-0.38619,0.88561,0.25798,-0.10039,0.16827,-0.37913
-0.40547,0.87207,0.27402,0.21823,0.38488,-0.22198
-0.42606,0.8594,0.28267,0.38439,0.52317,-0.34273
-0.44208,0.85089,0.28382,0.37012,0.42472,-0.24309
-0.45241,0.8464,0.28095,0.42536,0.46648,-0.32326
-0.46081,0.8432,0.2769,0.36367,0.50026,-0.45403
-0.46817,0.84185,0.26851,0.26875,0.42803,-0.45851
-0.47448,0.84396,0.25019,0.2468,0.48609,-0.35232
-0.47995,0.84952,0.219,0.39983,0.23283,-0.18401
-0.47941,0.86113,0.16917,0.40092,0.12722,-0.10755
-0.46429,0.87814,0.11535,0.0147,0.22101,0.06529
-0.43877,0.89622,0.06526,-0.34877,0.54323,0.26878
-0.41338,0.91036,0.01872,-0.43486,0.67777,0.21551
-0.38975,0.92042,-0.03041,-0.28248,0.44761,0.1577
-0.36023,0.92951,-0.07901,-0.40522,0.40655,0.19499
-0.33166,0.93569,-0.12035,-0.56071,0.36562,0.21228
-0.3013,0.94135,-0.1519,-0.15431,0.0212,0.43528
-0.26766,0.94421,-0.19191,0.07665,-0.12254,0.42079
-0.23632,0.94201,-0.23827,0.15589,-0.21123,0.43816
-0.21008,0.93467,-0.28679,0.18677,-0.35041,0.4399
-0.19548,0.9245,-0.32723,0.09784,-0.36363,0.51833
-0.19003,0.91241,-0.36247,0.01215,-0.36665,0.56077
-0.19041,0.89956,-0.39311,-0.19797,-0.42661,0.59369
-0.19439,0.88775,-0.41725,-0.20829,-0.52017,0.64862
-0.19951,0.87906,-0.43295,-0.19336,-0.57219,0.65939
-0.20323,0.87492,-0.43956,-0.10182,-0.70321,0.4801
-0.20387,0.87749,-0.4341,-0.01881,-0.65671,0.3035
-0.20372,0.88645,-0.41556,0.03741,-0.58856,0.19584
-0.20066,0.90133,-0.38385,-0.12353,-0.20809,-0.50845
-0.19352,0.91531,-0.3532,-0.36256,0.32569,-1.15051
-0.19641,0.92075,-0.33711,-0.49246,0.92808,-1.15822
-0.20517,0.91629,-0.34396,0.11492,1.3475,-0.58123
-0.20594,0.90852,-0.36355,0.04068,-0.24838,-0.09319
-0.20848,0.89997,-0.38287,-0.11889,-0.62006,0.10128
-0.20523,0.89765,-0.38999,-0.56883,-0.41241,-0.2411
-0.21027,0.90569,-0.36813,-0.28431,0.49828,0.70255
-0.22649,0.91859,-0.32387,-0.47065,1.29932,1.27637
-0.21957,0.91792,-0.33047,-0.39166,0.26556,0.63037
-0.21385,0.91668,-0.33758,-0.06682,-1.2134,0.49027
-0.21008,0.93278,-0.29288,0.0262,-0.91417,0.56006
-0.20344,0.95287,-0.22506,0.31649,-0.0513,1.18587
-0.1952,0.9678,-0.1589,0.24035,0.86649,0.66321
-0.20196,0.97333,-0.1088,0.17843,0.78056,0.33855
-0.21901,0.97287,-0.07453,0.084,0.00618,-0.05339
-0.24036,0.96979,-0.0416,-0.13096,-0.02617,0.00694
-0.25626,0.96657,-0.00875,-0.09742,-0.127,0.08935
-0.26834,0.96298,0.02568,-0.01303,-0.20986,0.15952
-0.28139,0.9578,0.05858,0.12851,-0.05512,0.14601
-0.29452,0.95155,0.08835,0.19972,-0.01031,0.16445
-0.30739,0.94477,0.11365,0.29952,-0.04116,-0.08962
-0.32042,0.93716,0.13801,0.02973,-0.19873,-0.0059
-0.33378,0.92768,0.16732,-0.00405,-0.16231,0.05312
-0.35049,0.91591,0.19558,0.15894,0.04341,-0.06691
-0.37012,0.90189,0.2227,0.15908,0.21057,-0.32543
-0.39082,0.88622,0.24873,0.17977,0.22624,-0.35147
-0.40987,0.87169,0.26861,0.00614,0.25741,-0.34797
-0.42906,0.85826,0.28157,0.28074,0.56192,-0.42888
-0.4467,0.84709,0.28789,0.32649,0.54767,-0.42289
-0.4604,0.84031,0.28618,0.47857,0.47614,-0.31686
-0.46795,0.83795,0.2808,0.38378,0.52255,-0.51324
-0.47303,0.83774,0.2728,0.23344,0.52178,-0.55559
-0.47825,0.83969,0.25727,0.20141,0.30176,-0.41195
-0.48758,0.84408,0.22312,0.27722,0.32318,-0.45318
-0.49391,0.8519,0.17407,0.35062,0.28343,-0.23377
-0.48481,0.867,0.11518,0.19732,0.31774,0.06049
-0.45934,0.88609,0.06197,-0.17812,0.54892,0.48115
-0.42889,0.90324,0.01393,-0.39172,0.73647,0.40703
-0.40159,0.91507,-0.03707,-0.43121,0.50571,0.15994
-0.37369,0.92375,-0.08383,-0.28753,0.39039,0.27801
-0.34611,0.93054,-0.11959,-0.35398,0.35311,0.25426
-0.3167,0.93619,-0.15248,-0.26116,0.04634,0.42011
-0.28029,0.9412,-0.1886,0.03366,-0.14074,0.45863
-0.24276,0.94243,-0.22996,0.1766,-0.31667,0.47159
-0.21084,0.93792,-0.27541,0.23835,-0.40426,0.39726
-0.19041,0.92965,-0.31543,0.20843,-0.3595,0.49537
-0.18134,0.91906,-0.3499,0.14272,-0.36345,0.53542
-0.17966,0.90727,-0.38022,-0.09794,-0.46764,0.53837
-0.18292,0.89645,-0.40363,-0.12591,-0.47356,0.58897
-0.1899,0.88832,-0.41811,-0.18729,-0.63609,0.65858
-0.19836,0.88389,-0.42355,-0.16789,-0.71371,0.5206
-0.20371,0.88623,-0.41604,-0.10537,-0.63344,0.33641
-0.20568,0.89403,-0.39799,-0.03034,-0.54156,0.23411
-0.20476,0.90648,-0.36926,-0.06195,-0.10837,-0.37469
-0.20418,0.9176,-0.34105,-0.18106,0.46244,-0.94249
-0.20902,0.92166,-0.32687,-0.3239,0.87823,-1.14826
-0.21603,0.91859,-0.33094,0.20982,1.31342,-0.67519
-0.21039,0.91275,-0.35018,0.0452,-0.26751,-0.25592
-0.20359,0.90857,-0.36475,-0.07118,-0.57502,-0.12625
-0.19823,0.90959,-0.36516,-0.43755,-0.19498,-0.28229
-0.20764,0.91594,-0.34342,0.03972,1.14227,1.29682
-0.22123,0.92284,-0.3153,-0.25769,1.33953,1.181
-0.20863,0.91692,-0.34017,-0.42526,-0.09521,0.91586
-0.20235,0.91331,-0.35343,-0.457,-1.28576,0.15897
-0.20302,0.92917,-0.30889,-0.08565,-1.12661,0.65731
-0.20721,0.94914,-0.23703,0.30949,-0.14163,1.26703
-0.20404,0.96405,-0.1702,0.22969,1.10826,0.39852
-0.21286,0.96996,-0.11775,0.23852,1.10235,0.34606
-0.22886,0.96975,-0.0848,0.21312,0.09918,0.10151
-0.24754,0.9673,-0.05519,-0.12057,-0.09956,0.05699
-0.25958,0.9654,-0.02486,-0.10854,-0.09766,0.02666
-0.26998,0.96283,0.00807,-0.13693,-0.26484,0.02643
-0.28096,0.95883,0.0413,-0.00972,-0.21073,0.1027
-0.29289,0.95312,0.076,0.07153,-0.19845,0.14797
-0.30549,0.946,0.10844,0.18745,-0.15498,0.07013
-0.32012,0.93768,0.13515,0.08684,-0.02301,-0.13838
-0.33653,0.92784,0.16079,0.05169,-0.05631,-0.05718
-0.35276,0.91618,0.19016,0.08793,-0.02266,-0.0053
-0.37073,0.90274,0.21822,0.13312,0.18459,-0.22637
-0.3901,0.88791,0.24379,0.108,0.17349,-0.39164
-0.40732,0.87445,0.26348,0.05347,0.18909,-0.49985
-0.42407,0.8626,0.27581,0.1512,0.48342,-0.30752
-0.44068,0.85213,0.28226,0.16781,0.4939,-0.31397
-0.45484,0.84516,0.28075,0.53902,0.48924,-0.25127
-0.46267,0.84219,0.27684,0.31273,0.49963,-0.48452
-0.4664,0.84205,0.27095,0.31646,0.49978,-0.47864
-0.47019,0.84461,0.25602,0.12446,0.51426,-0.30366
-0.47452,0.84988,0.22918,0.19988,0.49309,-0.44974
-0.47591,0.86043,0.18209,0.25176,0.32344,-0.19009
-0.46581,0.87611,0.12426,0.16715,0.14133,-0.17246
-0.44451,0.89315,0.06848,-0.1266,0.34236,0.24339
-0.42011,0.90727,0.01913,-0.25854,0.5035,0.37008
-0.39719,0.91717,-0.03218,-0.30249,0.49045,0.11968
-0.36954,0.9256,-0.08185,-0.32014,0.42949,0.23788
-0.33926,0.93256,-0.12339,-0.43881,0.41769,0.25035
-0.31016,0.93827,-0.15313,-0.36951,0.17645,0.44752
-0.2738,0.9438,-0.1851,-0.09572,-0.09052,0.49884
-0.23601,0.94432,-0.22924,-0.05814,-0.20003,0.54325
-0.20287,0.93778,-0.28178,0.19528,-0.44174,0.34137
-0.18071,0.92793,-0.32601,0.18427,-0.40697,0.46637
-0.16956,0.91619,-0.3631,0.05867,-0.44668,0.51715
-0.16541,0.90419,-0.3938,-0.103,-0.51012,0.53434
-0.16638,0.89339,-0.41734,-0.13493,-0.50875,0.59359
-0.17082,0.88409,-0.43498,-0.1337,-0.52171,0.65637
-0.17454,0.8795,-0.44273,-0.13299,-0.66339,0.53245
-0.17895,0.88076,-0.43845,-0.0545,-0.61143,0.42311
-0.18412,0.88777,-0.42185,0.01999,-0.57616,0.31398
-0.18795,0.90017,-0.39288,0.00111,-0.20388,-0.1806
-0.18705,0.91289,-0.36283,-0.168,-0.03769,-0.64622
-0.18895,0.91786,-0.34903,-0.38353,0.64269,-1.1391
-0.1971,0.91466,-0.35291,0.02589,1.75401,-0.80536
-0.19622,0.90741,-0.37161,-0.03115,0.12745,-0.32155
-0.19867,0.89992,-0.38817,-0.14708,-0.26916,-0.05193
-0.19572,0.89789,-0.39431,-0.23804,-0.75101,-0.09365
-0.19654,0.90308,-0.38187,-0.30018,-0.27075,0.19222
-0.20794,0.9185,-0.33632,-0.07444,0.00249,0.82081
-0.20988,0.93345,-0.2909,-0.59965,1.77692,0.3552
-0.19276,0.92861,-0.31705,-0.14309,0.27216,0.43501
-0.1945,0.93082,-0.30942,0.00175,-0.83529,0.83859
-0.18698,0.94828,-0.25651,-0.00683,-0.92304,0.3827
-0.18095,0.96253,-0.20197,0.16099,0.19818,0.78209
-0.17927,0.9732,-0.14399,0.15989,0.39821,0.5445
-0.19032,0.97698,-0.09639,-0.00438,0.34462,0.14156
-0.21588,0.97482,-0.05587,-0.0896,0.14048,0.08746
-0.24378,0.96955,-0.02341,-0.0617,0.14575,0.05499
-0.25902,0.96585,0.00502,0.03461,-0.079,0.10459
-0.27586,0.96062,0.03334,0.14326,-0.14046,0.06327
-0.28873,0.95545,0.06119,0.15613,-0.13529,0.03541
-0.29809,0.95032,0.0896,0.22865,-0.08431,-0.04711
-0.30665,0.94468,0.11634,0.15007,-0.15679,-0.07919
-0.31531,0.93832,0.14183,0.08895,-0.14047,-0.08383
-0.32528,0.93057,0.16801,-0.07351,-0.08926,-0.0049
-0.33821,0.92071,0.1947,-0.00391,0.00244,-0.09467
-0.35559,0.9081,0.22116,0.04168,0.06633,-0.12381
-0.37506,0.89353,0.24683,-0.02142,0.21499,-0.37227
-0.39485,0.87862,0.26852,0.1588,0.30534,-0.29414
-0.41661,0.86381,0.28329,0.29538,0.40761,-0.22474
-0.43662,0.85118,0.29129,0.46657,0.55617,-0.36275
-0.45044,0.84333,0.29307,0.42372,0.5771,-0.38516
-0.45746,0.83997,0.29184,0.34866,0.58321,-0.46766
-0.4616,0.84018,0.28463,0.11477,0.52509,-0.42074
-0.46609,0.8445,0.26378,0.17957,0.53375,-0.45151
-0.46872,0.85332,0.22832,0.22828,0.43347,-0.34145
-0.4641,0.86861,0.17353,0.24224,0.18669,-0.13855
-0.44727,0.88703,0.11457,0.03142,0.20091,0.06125
-0.42267,0.90443,0.05781,-0.12811,0.31616,0.24796
-0.39917,0.91686,0.0048,-0.4153,0.65374,0.16246
-0.3748,0.92583,-0.04862,-0.33203,0.54477,0.09072
-0.34486,0.93447,-0.08846,-0.3756,0.50669,0.19713
-0.31535,0.94109,-0.12202,-0.5874,0.35973,0.36151
-0.28339,0.94616,-0.15641,-0.15845,0.01928,0.49006
-0.25081,0.94646,-0.20323,-0.06484,-0.12085,0.51072
-0.21738,0.94171,-0.25676,0.19955,-0.3959,0.33965
-0.19502,0.93247,-0.30407,0.19218,-0.45495,0.4533
-0.18337,0.92029,-0.34559,0.167,-0.42061,0.52142
-0.17869,0.90694,-0.38148,-0.02786,-0.53018,0.561
-0.17931,0.89415,-0.41029,-0.12736,-0.54991,0.60995
-0.18245,0.88346,-0.43152,-0.12422,-0.53922,0.63118
-0.18535,0.87708,-0.44315,-0.0933,-0.57414,0.57727
-0.18806,0.87553,-0.44506,-0.04491,-0.59196,0.43229
-0.19165,0.87948,-0.43564,-0.04133,-0.59591,0.42287
-0.19513,0.89001,-0.41208,0.10159,-0.40499,0.07425
-0.19472,0.90516,-0.37785,-0.20942,0.26873,-0.92963
-0.18926,0.91574,-0.35439,-0.21488,0.25815,-0.95309
-0.19321,0.91785,-0.34671,-0.38069,1.8372,-1.17812
-0.19099,0.9132,-0.35997,0.08902,0.22713,-0.21503
-0.1909,0.90417,-0.38213,0.08893,0.23616,-0.19286
-0.19472,0.89532,-0.40061,-0.21719,-0.85362,-0.01402
-0.19584,0.89499,-0.4008,-0.22605,-0.29741,0.06024
-0.20189,0.90605,-0.37189,-0.17169,-0.02191,0.56726
-0.21401,0.92451,-0.3154,-0.74638,1.8019,0.64053
-0.20272,0.92475,-0.32208,-0.37402,0.33231,0.43085
-0.20203,0.91841,-0.34015,-0.05764,-0.86548,0.79239
-0.20006,0.93446,-0.29455,0.11943,-0.98914,0.61324
-0.19567,0.95283,-0.23198,0.21155,-0.63861,0.9281
-0.19511,0.96643,-0.16714,0.18103,0.27766,0.81909
-0.20319,0.9723,-0.11546,0.12475,0.46855,0.08589
-0.2312,0.97001,-0.07491,0.13051,0.17243,0.01008
-0.256,0.96569,-0.04356,-0.05847,0.05921,0.03276
-0.26994,0.96278,-0.01331,-0.05948,-0.20949,0.09526
-0.28534,0.95815,0.02274,-0.0278,-0.24442,0.04951
-0.29918,0.95249,0.057,0.06862,-0.17531,0.03918
-0.31255,0.94568,0.0894,0.25017,-0.0559,0.0727
-0.32462,0.93861,0.1167,0.25652,-0.06106,-0.16018
-0.33618,0.93116,0.14109,0.00308,-0.13014,-0.08336
-0.34645,0.92234,0.17103,-0.06036,-0.0955,0.05858
-0.3594,0.91124,0.20114,0.02929,0.00695,-0.03723
-0.3762,0.8982,0.22735,0.09505,0.16701,-0.18468
-0.39531,0.88371,0.25054,-0.0751,0.17285,-0.34568
-0.41347,0.86951,0.27017,0.01628,0.20352,-0.31964
-0.43262,0.85552,0.28445,0.38202,0.44903,-0.23353
-0.45142,0.84298,0.29255,0.4436,0.46744,-0.30842
-0.46524,0.8343,0.29577,0.39079,0.42145,-0.27922
-0.47286,0.82985,0.29621,0.31313,0.42194,-0.3203
-0.4774,0.8284,0.29297,0.00414,0.43667,-0.56845
-0.48259,0.83027,0.27881,0.11724,0.34766,-0.29148
-0.48951,0.83629,0.24697,0.25719,0.40769,-0.34347
-0.48934,0.8485,0.20146,0.41359,0.36434,-0.15806
-0.47653,0.86702,0.14556,0.16121,0.31389,-0.06031
-0.45257,0.88677,0.0939,-0.07916,0.31559,0.11043
-0.42457,0.9044,0.0423,-0.5199,0.76711,0.32637
-0.39646,0.91801,-0.00857,-0.30087,0.38609,0.12071
-0.36188,0.93072,-0.05281,-0.33545,0.37337,0.16495
-0.32507,0.94158,-0.08805,-0.42871,0.32362,0.20208
-0.28682,0.95082,-0.11693,-0.10449,0.08563,0.46981
-0.24653,0.9569,-0.15351,-0.14478,0.07956,0.5064
-0.2087,0.95621,-0.2052,0.10192,-0.22841,0.37184
-0.1796,0.94943,-0.25754,0.06505,-0.42266,0.39886
-0.16305,0.9396,-0.30094,0.0485,-0.41283,0.44225
-0.15623,0.92701,-0.34093,0.00431,-0.37295,0.5534
-0.15623,0.91336,-0.37598,-0.14414,-0.51239,0.53644
-0.15928,0.90102,-0.40348,-0.14109,-0.50005,0.56394
-0.16357,0.89162,-0.42221,-0.15456,-0.64661,0.60028
-0.16866,0.88609,-0.43173,-0.14253,-0.62901,0.59286
-0.17406,0.88502,-0.43178,-0.11832,-0.60283,0.5387
-0.17712,0.89017,-0.41979,0.00721,-0.51647,0.21955
-0.17598,0.90142,-0.39556,0.006,-0.30184,-0.21043
-0.17164,0.91177,-0.37311,-0.07946,-0.12925,-0.57992
-0.17556,0.91601,-0.3607,-0.17637,0.97103,-1.08986
-0.18327,0.91362,-0.36292,0.11982,1.61139,-0.94446
-0.18198,0.90808,-0.37719,0.06584,1.0109,-0.59461
-0.18119,0.90215,-0.39151,-0.23798,-0.45498,-0.11374
-0.17606,0.8996,-0.39965,-0.6,-0.26732,-0.25869
-0.18727,0.90092,-0.39149,-0.98984,0.82204,-0.12487
-0.19942,0.90089,-0.38551,0.08876,1.53679,0.9689
-0.19328,0.89575,-0.40033,0.24952,-0.84273,1.78763
-0.18584,0.90402,-0.38497,-0.35117,-1.65344,0.38617
-0.17961,0.92075,-0.34635,-0.30418,-0.62636,0.07864
-0.18283,0.94701,-0.2641,0.2059,0.81136,1.12175
-0.16848,0.96585,-0.19684,0.25379,1.12809,0.57405
-0.17407,0.97266,-0.15371,0.43709,0.64621,0.00251
-0.18837,0.97488,-0.1188,0.10775,-0.36514,0.09935
-0.20864,0.97496,-0.07691,-0.00499,-0.43616,-0.01062
-0.23852,0.97055,-0.03379,-0.39856,-0.09498,0.25402
-0.25688,0.96642,-0.00673,-0.02474,0.01066,-0.09114
-0.27702,0.96054,0.02497,0.06115,0.02401,-0.11776
-0.29212,0.95447,0.06032,0.34973,-0.01414,0.12448
-0.30197,0.9488,0.09271,0.3869,-0.04671,0.13134
-0.30964,0.94333,0.11934,0.32348,-0.13999,-0.02609
-0.31866,0.93649,0.14639,-0.20395,-0.14369,-0.04742
-0.33017,0.92633,0.18135,-0.24408,-0.08818,0.06974
-0.34926,0.91202,0.21503,0.03462,0.15558,-0.08957
-0.37293,0.89504,0.24458,0.14957,0.20437,-0.30536
-0.39567,0.87862,0.26732,0.13017,0.17987,-0.48958
-0.41657,0.86428,0.28194,0.13806,0.30227,-0.27429
-0.43526,0.85206,0.29075,0.38405,0.50729,-0.45023
-0.44994,0.84392,0.29213,0.46589,0.49164,-0.32894
-0.46106,0.83933,0.28798,0.46913,0.50655,-0.31496
-0.46673,0.83861,0.28087,0.10502,0.48778,-0.45328
-0.47189,0.84181,0.26204,0.1383,0.54868,-0.30835
-0.47625,0.84906,0.22862,0.20765,0.60144,-0.38802
-0.4734,0.86255,0.17855,0.39206,0.35926,-0.17105
-0.45831,0.88048,0.12124,0.15651,0.2682,0.03835
-0.43398,0.89847,0.06638,-0.01566,0.25157,0.18
-0.40766,0.91301,0.01459,-0.40899,0.62692,0.40675
-0.38134,0.9236,-0.03909,-0.23442,0.49264,0.08119
-0.34804,0.93422,-0.07805,-0.26771,0.48202,0.12015
-0.31238,0.94361,-0.10958,-0.57701,0.38431,0.36673
-0.27364,0.95112,-0.14309,-0.22248,0.11026,0.53117
-0.23454,0.95426,-0.18539,-0.26159,0.10712,0.57347
-0.19386,0.95091,-0.24121,0.13168,-0.40263,0.32843
-0.16345,0.94225,-0.29231,0.12239,-0.51265,0.45496
-0.1468,0.93099,-0.33422,0.10573,-0.50139,0.49687
-0.14014,0.91775,-0.37161,-0.01626,-0.43769,0.56397
-0.13978,0.90443,-0.40306,-0.1046,-0.5908,0.53436
-0.14295,0.89349,-0.42572,-0.10143,-0.57986,0.55702
-0.14766,0.88659,-0.43836,-0.17214,-0.68641,0.66551
-0.15345,0.88384,-0.4419,-0.18607,-0.6895,0.63844
-0.16184,0.88572,-0.4351,-0.12089,-0.63457,0.47994
-0.16904,0.89389,-0.4152,-0.00247,-0.3793,0.08178
-0.17186,0.90748,-0.38333,0.00162,-0.20384,-0.18801
-0.17158,0.91777,-0.35813,-0.23263,0.32317,-0.90238
-0.17572,0.91948,-0.35167,-0.24254,1.58451,-1.25627
-0.17556,0.91402,-0.3657,0.25033,1.61234,-0.69282
-0.1694,0.90643,-0.3869,0.05151,-0.16036,-0.24305
-0.16755,0.90101,-0.40012,-0.46546,-0.80334,-0.14048
-0.16381,0.90404,-0.39482,-0.62362,0.02028,0.04161
-0.17656,0.91422,-0.36472,-0.56028,0.42361,0.31888
-0.18992,0.92195,-0.33755,-0.40612,1.60686,0.61078
-0.18267,0.91412,-0.36197,0.16453,-0.5933,1.10308
-0.17895,0.91544,-0.36048,0.10431,-1.32008,0.8115
-0.17596,0.93185,-0.31733,0.01629,-0.85465,0.4867
-0.17684,0.95203,-0.24972,0.11962,0.18696,1.08314
-0.17548,0.96695,-0.18492,0.09063,0.69856,0.80626
-0.18324,0.97317,-0.1391,0.28528,0.3869,0.1094
-0.20182,0.9742,-0.10093,0.18992,-0.08063,0.17253
-0.22445,0.97221,-0.06649,-0.08346,-0.07859,0.16202
-0.24198,0.96955,-0.03748,-0.20755,-0.11868,0.03838
-0.25878,0.96592,-0.00429,-0.16487,-0.20842,-0.0397
-0.27844,0.95993,0.03173,-0.0784,-0.15385,-0.02584
-0.29736,0.95246,0.06628,0.23819,-0.05347,0.07485
-0.31194,0.94458,0.10224,0.32616,-0.0106,0.0559
-0.32336,0.93712,0.13127,0.23716,-0.04175,-0.20816
-0.3341,0.9294,0.15676,-0.09185,-0.09598,-0.11051
-0.34656,0.919,0.18793,-0.13685,-0.085,-0.04462
-0.36432,0.90612,0.21497,0.14884,0.13775,-0.12597
-0.38434,0.89167,0.23914,0.29946,0.23975,-0.32314
-0.40399,0.87806,0.2565,0.12894,0.22562,-0.44368
-0.42228,0.86589,0.26816,0.06516,0.29938,-0.30423
-0.43882,0.85497,0.27651,0.29208,0.47311,-0.33408
-0.45466,0.84605,0.27834,0.56596,0.57906,-0.27713
-0.46421,0.84161,0.27603,0.54076,0.63451,-0.28467
-0.46692,0.84172,0.27108,-0.01351,0.49941,-0.43879
-0.46976,0.8457,0.2532,-0.02109,0.55961,-0.31587
-0.4746,0.85232,0.21977,0.01601,0.55961,-0.46048
-0.4756,0.86404,0.16504,0.29792,0.25379,-0.12058
-0.46216,0.88055,0.10501,0.24298,0.19643,0.08974
-0.43707,0.89795,0.05142,0.08621,0.22529,0.2452
-0.40911,0.91248,-0.0001,-0.31436,0.67005,0.28068
-0.38165,0.92293,-0.05037,-0.20879,0.5585,0.19737
-0.34924,0.9335,-0.08128,-0.24119,0.54793,0.22828
-0.31585,0.94216,-0.11212,-0.5841,0.31572,0.48736
-0.28371,0.94669,-0.1526,-0.23101,-0.01308,0.45874
-0.24998,0.94651,-0.20403,-0.26474,-0.0129,0.51016
-0.21708,0.94125,-0.2587,0.15551,-0.50831,0.38797
-0.19445,0.93076,-0.30963,0.17323,-0.56295,0.51209
-0.17929,0.91769,-0.35452,0.15807,-0.54988,0.55697
-0.17308,0.90289,-0.39348,0.03544,-0.46934,0.49999
-0.17261,0.88939,-0.42331,-0.06132,-0.47691,0.55513
-0.17539,0.87839,-0.4446,-0.05854,-0.46591,0.57642
-0.17917,0.8704,-0.45859,-0.12556,-0.46294,0.64503
-0.18243,0.86654,-0.46456,-0.186,-0.56245,0.56926
-0.18539,0.8688,-0.45914,-0.10234,-0.58239,0.45742
-0.1877,0.87813,-0.44006,0.05565,-0.48306,0.17556
-0.18753,0.89293,-0.40926,0.03113,-0.00751,-0.5492
-0.18173,0.90601,-0.38225,-0.04126,0.21603,-0.94461
-0.18302,0.91379,-0.36262,-0.30844,1.59351,-1.09861
-0.18139,0.91323,-0.36483,0.01214,1.15371,-0.59464
-0.17177,0.90874,-0.38036,-0.04997,0.40982,-0.40311
-0.17068,0.90238,-0.3957,-0.34234,-0.63229,-0.15393
-0.16778,0.90119,-0.39963,-0.52854,-0.19562,-0.17922
-0.18095,0.90779,-0.37837,-0.48364,0.12273,0.01953
-0.19372,0.91822,-0.34547,-0.17719,1.02591,1.21372
-0.19126,0.91541,-0.35417,-0.31303,0.6459,0.99108
-0.18567,0.91822,-0.34983,-0.14099,-0.80642,0.58135
-0.18247,0.93679,-0.29852,0.22113,-0.32459,1.0381
-0.18294,0.95707,-0.22482,0.24729,0.03422,1.09231
-0.17864,0.97007,-0.16446,0.22371,0.50353,0.56314
-0.18569,0.97518,-0.12057,0.1376,0.28439,0.02375
-0.21241,0.97372,-0.08208,0.06574,-0.09004,-0.02613
-0.24478,0.9685,-0.04564,-0.23211,0.09057,0.16749
-0.26226,0.96483,-0.01745,0.00547,-0.08065,0.10604
-0.28132,0.95947,0.01602,0.02727,-0.16437,0.01217
-0.29788,0.9533,0.0497,0.20111,-0.04801,0.03538
-0.31011,0.94701,0.08369,0.31519,-0.02756,0.08797
-0.31976,0.9409,0.11159,0.32749,-0.06953,-0.07735
-0.32738,0.93499,0.13644,0.21823,-0.06215,-0.17688
-0.33566,0.92706,0.16696,-0.13692,-0.13425,-0.02584
-0.34888,0.9164,0.19617,-0.03471,-0.06536,-0.11075
-0.36751,0.90326,0.22149,0.06227,0.04284,-0.11706
-0.38768,0.88873,0.24463,0.11478,0.22403,-0.32929
-0.40586,0.87485,0.26439,0.06616,0.23228,-0.31701
-0.42547,0.86176,0.27628,0.20947,0.44468,-0.21192
-0.44322,0.8502,0.2841,0.43869,0.55841,-0.32
-0.45687,0.84251,0.28537,0.34217,0.60187,-0.37009
-0.46363,0.83955,0.28318,0.34893,0.60483,-0.36789
-0.46731,0.84028,0.27486,0.07195,0.45283,-0.48462
-0.47278,0.84418,0.25264,0.18475,0.57005,-0.50165
-0.47598,0.85222,0.21713,0.18795,0.56201,-0.46614
-0.47314,0.86612,0.16112,0.32095,0.22053,-0.18817
-0.4575,0.88319,0.10324,0.08826,0.2201,0.20564
-0.43337,0.89976,0.05097,0.06414,0.20352,0.25792
-0.40781,0.91306,-0.00058,-0.34523,0.65282,0.12249
-0.38161,0.92287,-0.05176,-0.21797,0.49794,0.10194
-0.35053,0.93261,-0.08575,-0.23415,0.45219,0.24315
-0.31957,0.94011,-0.11854,-0.59225,0.35272,0.3963
-0.28655,0.94528,-0.15598,-0.38532,0.06418,0.42223
-0.25234,0.94658,-0.20076,-0.22606,-0.06444,0.43553
-0.21857,0.94227,-0.25367,0.00189,-0.30909,0.4085
-0.1925,0.93308,-0.30381,0.15936,-0.4945,0.49143
-0.174,0.92163,-0.34687,0.17667,-0.45196,0.52951
-0.16613,0.90826,-0.38401,0.03075,-0.38026,0.59838
-0.16572,0.89466,-0.41487,-0.08135,-0.50203,0.6021
-0.16745,0.88319,-0.4381,-0.07742,-0.512,0.61664
-0.16916,0.87552,-0.4526,-0.13287,-0.62309,0.60442
-0.17036,0.87254,-0.45787,-0.11014,-0.63077,0.52803
-0.17348,0.87535,-0.45128,-0.05966,-0.61786,0.4393
-0.17821,0.88439,-0.43138,0.068,-0.24939,-0.20622
-0.18114,0.89835,-0.4002,-0.05625,-0.06056,-0.59884
-0.17971,0.90864,-0.37691,-0.17382,0.24043,-0.86332
-0.18464,0.91101,-0.36873,-0.42201,1.93704,-1.17529
-0.18129,0.9054,-0.38391,0.03809,1.9046,-0.94459
-0.17806,0.89691,-0.40477,-0.0173,-0.30981,-0.08465
-0.17833,0.88948,-0.42074,-0.32642,-0.79384,-0.03227
-0.17742,0.89016,-0.41968,-0.41755,-0.21729,-0.25911
-0.19139,0.89917,-0.39351,-0.17167,0.73179,0.48372
-0.19935,0.91081,-0.3615,-0.01497,1.43131,1.47022
-0.18662,0.90689,-0.37779,-0.38557,0.86171,1.13174
-0.17565,0.91132,-0.37234,-0.44249,-1.15572,-0.07179
-0.17472,0.9309,-0.32076,-0.04428,-0.84735,0.5254
-0.17465,0.95396,-0.24384,0.31936,-0.00317,1.29807
-0.16542,0.96901,-0.18345,0.199,0.64197,0.56829
-0.17179,0.97544,-0.13786,0.10565,0.09029,0.03865
-0.1962,0.97581,-0.09642,0.1003,-0.08399,0.01172
-0.22497,0.97273,-0.05629,0.04968,-0.0389,0.05244
-0.24223,0.96975,-0.03021,-0.00543,-0.06646,0.1111
-0.26042,0.96549,0.00049,0.09161,-0.09934,-0.00979
-0.2772,0.96021,0.03395,0.10839,-0.09406,-0.04324
-0.29007,0.95458,0.06808,0.33229,-0.06714,0.04192
-0.30068,0.94872,0.09753,0.29993,-0.09679,-0.10566
-0.31022,0.94279,0.12204,0.30948,-0.09086,-0.13017
-0.31956,0.93557,0.15028,-0.13283,-0.14058,-0.0159
-0.33279,0.92564,0.18008,-0.00843,-0.00174,-0.09181
-0.35215,0.91258,0.20779,0.01094,0.01133,-0.11952
-0.37465,0.89738,0.23311,0.04684,0.17423,-0.33614
-0.39546,0.8827,0.25385,0.13965,0.3171,-0.27224
-0.41619,0.86853,0.26913,0.24218,0.41445,-0.21771
-0.43515,0.85604,0.27899,0.4024,0.54208,-0.34068
-0.44988,0.84731,0.28223,0.46659,0.57755,-0.34622
-0.4583,0.84288,0.28196,0.38311,0.61569,-0.36149
-0.46225,0.8423,0.27721,0.11258,0.56772,-0.34539
-0.46463,0.84659,0.25962,0.13089,0.62346,-0.2694
-0.46434,0.85522,0.23016,0.15262,0.59517,-0.51202
-0.46044,0.8696,0.17825,0.20122,0.34387,-0.2268
-0.44611,0.88696,0.11944,0.02044,0.16121,0.14583
-0.42328,0.90385,0.0622,-0.14393,0.23007,0.28417
-0.3989,0.91696,0.00727,-0.4234,0.61559,0.13215
-0.37533,0.92574,-0.04608,-0.2925,0.40261,0.11673
-0.34506,0.93476,-0.0845,-0.26377,0.30764,0.21316
-0.31514,0.94129,-0.12104,-0.53996,0.30378,0.36569
-0.28312,0.94571,-0.1596,-0.41711,0.09859,0.44727
-0.24857,0.94704,-0.20327,-0.24767,-0.02559,0.50558
-0.21506,0.94263,-0.25533,0.07568,-0.3299,0.38948
-0.18958,0.93335,-0.30483,0.11244,-0.37367,0.43688
-0.17427,0.92106,-0.34825,0.15849,-0.41193,0.53719
-0.16664,0.90679,-0.38725,-0.03503,-0.47602,0.55749
-0.16362,0.8924,-0.42054,-0.08631,-0.4984,0.59588
-0.1654,0.87885,-0.44749,-0.05388,-0.52853,0.61241
-0.16791,0.86958,-0.46436,-0.05235,-0.59692,0.59431
-0.17025,0.86637,-0.46948,-0.07784,-0.59287,0.58342
-0.17389,0.86971,-0.46191,0.07081,-0.495,0.23964
-0.17707,0.88043,-0.43987,0.07659,-0.26581,-0.17462
-0.1771,0.89608,-0.40703,-0.21757,0.19137,-0.93285
-0.17203,0.90809,-0.38179,-0.58435,1.11724,-1.16673
-0.17739,0.91144,-0.37123,0.05216,2.11775,-0.91738
-0.17937,0.90508,-0.38555,0.05184,0.27483,-0.26713
-0.18051,0.89382,-0.41048,-0.01529,-0.30083,-0.04086
-0.18219,0.8856,-0.4272,-0.38015,-0.85857,-0.0892
-0.18095,0.88762,-0.42353,-0.35926,-0.2511,0.19152
-0.18648,0.90309,-0.38685,0.01092,0.78034,1.40995
-0.19478,0.91951,-0.3414,-0.81549,1.62344,0.37556
-0.18649,0.91425,-0.35966,-0.09417,-0.37383,0.7708
-0.18571,0.91543,-0.35707,0.00115,-0.98505,0.52665
-0.1825,0.93395,-0.30728,0.19576,-0.7259,0.6846
-0.17926,0.95393,-0.24057,0.25929,0.13434,1.06272
-0.17201,0.96893,-0.17768,0.22424,0.68259,0.41214
-0.17641,0.97542,-0.13201,0.0255,0.19864,0.05663
-0.19954,0.97586,-0.08871,-0.07516,-0.04256,0.07884
-0.22512,0.97293,-0.05212,-0.23145,0.04807,0.15942
-0.24169,0.96999,-0.02622,-0.07601,-0.15537,0.04142
-0.2624,0.96494,0.00486,0.07568,-0.10428,0.09571
-0.28071,0.95902,0.03832,0.09399,-0.09836,0.06225
-0.29547,0.95278,0.07,0.36097,-0.01614,0.12372
-0.30711,0.94653,0.0987,0.26114,-0.12834,-0.16677
-0.31703,0.94033,0.12354,0.27105,-0.12214,-0.19161
-0.32658,0.93296,0.1514,-0.0019,-0.07592,-0.04176
-0.3398,0.92308,0.18011,0.15972,0.08556,-0.15289
-0.35709,0.91084,0.20698,0.17229,0.13344,-0.17149
-0.37656,0.89714,0.23092,-0.04552,0.14879,-0.39388
-0.39462,0.88431,0.24951,0.06191,0.34638,-0.15334
-0.4134,0.87158,0.26349,0.19752,0.47993,-0.25693
-0.43264,0.85913,0.27333,0.45684,0.56278,-0.31076
-0.44836,0.85012,0.27613,0.37962,0.59652,-0.37532
-0.45774,0.84552,0.27486,0.28664,0.61554,-0.46207
-0.46322,0.84448,0.26882,0.14883,0.50951,-0.55605
-0.46784,0.8471,0.25203,0.16709,0.56289,-0.46629
-0.47301,0.85317,0.21989,0.20332,0.47158,-0.55856
-0.47383,0.86432,0.16858,0.28958,0.10757,-0.09727
-0.46275,0.87997,0.10723,0.11765,0.24825,0.16813
-0.43986,0.89655,0.05207,-0.02101,0.43675,0.36225
-0.41209,0.91114,0.00169,-0.35612,0.79696,0.13706
-0.3843,0.92185,-0.04995,-0.28143,0.53242,0.11442
-0.35028,0.93235,-0.08955,-0.36132,0.49889,0.23721
-0.3162,0.94078,-0.12219,-0.60668,0.28434,0.43616
-0.28369,0.94536,-0.16062,-0.45439,0.11992,0.51576
-0.24866,0.94601,-0.20789,-0.08877,-0.20247,0.42977
-0.21221,0.9415,-0.26179,0.18416,-0.47893,0.31982
-0.18406,0.93285,-0.30968,0.20454,-0.41606,0.42834
-0.16747,0.92091,-0.35195,0.17013,-0.30729,0.59655
-0.16159,0.90547,-0.39243,-0.04988,-0.38379,0.59418
-0.16181,0.89012,-0.42602,-0.07285,-0.43729,0.61236
-0.16632,0.87609,-0.45255,-0.08925,-0.52209,0.66185
-0.17234,0.86563,-0.47008,-0.11367,-0.61931,0.6068
-0.17631,0.86185,-0.47552,-0.13138,-0.66632,0.52615
-0.18004,0.86595,-0.46659,-0.06135,-0.65624,0.4328
-0.18634,0.87712,-0.44264,0.09785,-0.36002,0.11392
-0.19102,0.89418,-0.40491,0.05363,-0.21925,-0.13476
-0.18578,0.91007,-0.37047,-0.4871,0.7265,-1.24449
-0.18647,0.91622,-0.35464,-0.40885,2.18948,-1.18316
-0.18863,0.91226,-0.36359,0.26483,0.86278,-0.40841
-0.18371,0.90295,-0.38848,0.07127,0.04729,-0.24593
-0.18531,0.8929,-0.41033,-0.37518,-0.97387,0.0111
-0.1855,0.89072,-0.41496,-0.3338,-0.43291,-0.02942
-0.19395,0.90159,-0.38666,0.16448,0.46879,1.08201
-0.2005,0.92118,-0.33349,-0.5074,1.95243,0.81507
-0.18119,0.91817,-0.35231,-0.51072,0.35583,0.59334
-0.17952,0.91137,-0.37035,-0.32473,-1.01046,0.81065
-0.18007,0.92937,-0.32224,-0.04359,-1.2207,0.40239
-0.18356,0.94931,-0.25517,0.30966,-0.24406,1.29665
-0.18001,0.96577,-0.18676,0.31642,0.20061,1.08115
-0.182,0.97412,-0.134,0.08969,0.29155,-0.0115
-0.2078,0.97337,-0.09676,0.01093,0.10044,0.05438
-0.2335,0.97018,-0.06497,-0.06199,0.0734,0.13693
-0.25321,0.9667,-0.03706,0.036,-0.11725,0.18122
-0.27159,0.96238,-0.00763,0.12983,-0.18349,0.04461
-0.28814,0.95728,0.0239,0.16053,-0.13708,0.07136
-0.30093,0.95199,0.05608,0.25337,-0.1086,0.09161
-0.31125,0.94664,0.08359,0.15939,-0.10449,-0.11458
-0.32104,0.94068,0.10978,0.02591,-0.10227,-0.14571
-0.33219,0.93294,0.13876,-0.13053,-0.17342,0.05248
-0.34726,0.9223,0.16959,0.09817,0.03664,-0.07089
-0.36594,0.90909,0.19904,0.1648,0.12544,-0.08478
-0.38603,0.89435,0.22604,0.05052,0.23501,-0.41406
-0.40404,0.88079,0.2469,0.04108,0.40774,-0.29839
-0.4208,0.869,0.26031,0.13153,0.48916,-0.25916
-0.43768,0.85859,0.26691,0.58951,0.5308,-0.33466
-0.45261,0.85096,0.26645,0.66042,0.53779,-0.34157
-0.46135,0.84725,0.26326,0.44365,0.57909,-0.43083
-0.46461,0.84726,0.25746,0.13723,0.54029,-0.35088
-0.46641,0.85167,0.23897,0.15023,0.51136,-0.50197
-0.46631,0.85974,0.2083,0.15641,0.44588,-0.46678
-0.46154,0.87348,0.15489,0.04296,0.06142,-0.14614
-0.44622,0.88983,0.09528,-0.09844,0.11338,0.25637
-0.42333,0.90514,0.03887,-0.17032,0.30328,0.41996
-0.39868,0.91697,-0.01441,-0.38422,0.71574,0.04063
-0.37342,0.92517,-0.06791,-0.30227,0.49959,0.10534
-0.34245,0.93287,-0.1117,-0.32168,0.44216,0.23002
-0.31016,0.93912,-0.14778,-0.5633,0.36306,0.3315
-0.27389,0.94511,-0.17815,-0.21203,0.00954,0.54883
-0.23328,0.94746,-0.21882,-0.10307,-0.16058,0.52737
-0.19498,0.943,-0.26969,0.21642,-0.43482,0.28439
-0.1671,0.93443,-0.31451,0.25694,-0.31756,0.52296
-0.15082,0.92247,-0.35537,0.24066,-0.30561,0.56382
-0.14304,0.90807,-0.39363,-0.11477,-0.44837,0.55963
-0.14061,0.89394,-0.42555,-0.12623,-0.54424,0.56978
-0.14269,0.88166,-0.44979,-0.09099,-0.60568,0.61444
-0.14443,0.8742,-0.46357,-0.11763,-0.64921,0.57774
-0.14634,0.87268,-0.46584,-0.05575,-0.57892,0.43137
-0.14971,0.87813,-0.4544,-0.05238,-0.58436,0.41993
-0.15663,0.89003,-0.42815,0.04105,-0.29188,0.00902
-0.15932,0.90723,-0.38929,-0.36991,0.34641,-1.17205
-0.15291,0.91965,-0.36173,-0.37633,0.33398,-1.19961
-0.15887,0.92156,-0.35424,-0.17989,2.22679,-1.10238
-0.16475,0.91427,-0.37008,0.24762,0.75358,-0.32282
-0.16871,0.90177,-0.39791,-0.06806,-0.54991,0.13064
-0.17266,0.89207,-0.41761,-0.29177,-1.11115,-0.00905
-0.17257,0.89376,-0.41402,0.05654,-0.13141,0.9039
-0.17894,0.91335,-0.36575,0.06291,-0.151,0.85564
-0.18084,0.93272,-0.31197,-0.85653,2.2531,0.3902
-0.15838,0.92672,-0.34073,-0.15041,-0.92501,1.0199
-0.15928,0.92685,-0.33997,-0.14952,-0.92514,1.01914
-0.15328,0.94648,-0.28402,-0.01102,-0.87896,0.85744
-0.15397,0.96184,-0.22617,0.03804,0.07449,0.82694
-0.15799,0.97467,-0.15825,0.00896,0.56235,0.49579
-0.17188,0.98046,-0.09557,0.03214,0.5622,0.18161
-0.19922,0.97864,-0.05058,0.13174,0.20837,0.09793
-0.22736,0.97358,-0.02073,0.11081,0.09586,0.04924
-0.24762,0.96883,0.00634,0.11775,-0.15717,0.21839
-0.26477,0.96364,0.03578,0.12697,-0.12683,0.1502
-0.27863,0.95819,0.06502,0.15015,-0.09955,0.07052
-0.2914,0.95227,0.09086,0.09872,-0.17393,-0.11581
-0.30336,0.94573,0.11637,0.03373,-0.22515,-0.02782
-0.3155,0.9373,0.148,0.00175,-0.21807,0.07548
-0.32863,0.92711,0.18013,0.12027,0.08474,-0.09625
-0.34543,0.91516,0.20772,0.1485,0.12696,-0.17463
-0.36615,0.9006,0.23416,0.0299,0.1172,-0.26131
-0.38642,0.88604,0.25612,0.16275,0.36786,-0.24995
-0.40602,0.87225,0.2726,0.40115,0.4979,-0.28035
-0.42604,0.85944,0.28254,0.54274,0.56558,-0.29699
-0.44151,0.85036,0.28624,0.38954,0.48148,-0.31935
-0.45026,0.84571,0.28639,0.22441,0.55356,-0.42682
-0.45657,0.84374,0.28218,0.10113,0.60053,-0.55533
-0.46197,0.84529,0.26843,0.16435,0.63056,-0.28932
-0.46572,0.8523,0.23807,0.26174,0.58888,-0.47965
-0.4626,0.86556,0.19183,0.30189,0.43997,-0.30948
-0.449,0.88362,0.13265,0.02734,0.1774,-0.01802
-0.42667,0.90154,0.07183,-0.25977,0.37808,0.30305
-0.40184,0.91556,0.01609,-0.42346,0.65393,0.25396
-0.37927,0.92446,-0.03891,-0.29702,0.4833,0.13902
-0.3508,0.93229,-0.08814,-0.25964,0.37481,0.28092
-0.31651,0.93943,-0.13149,-0.44176,0.41961,0.32341
-0.28462,0.94362,-0.169,-0.29741,0.14917,0.48111
-0.24874,0.94539,-0.21059,-0.11222,-0.15569,0.44011
-0.21016,0.94258,-0.25954,0.04817,-0.36426,0.37977
-0.18019,0.93432,-0.30751,0.16803,-0.36427,0.43208
-0.16081,0.9232,-0.34906,0.14669,-0.32679,0.56558
-0.14875,0.91015,-0.38664,0.07959,-0.34925,0.6015
-0.14285,0.89632,-0.41976,-0.13939,-0.49918,0.62642
-0.14349,0.88255,-0.44778,-0.08194,-0.53877,0.66554
-0.14722,0.8708,-0.46907,-0.07821,-0.52702,0.68683
-0.15116,0.86407,-0.48013,-0.10345,-0.60348,0.57347
-0.15525,0.86358,-0.47971,-0.00119,-0.54115,0.38134
-0.1599,0.87026,-0.4659,0.02998,-0.45565,0.21985
-0.16345,0.88357,-0.43884,-0.00838,-0.18305,-0.24217
-0.16019,0.89796,-0.40987,-0.44785,0.54958,-1.20182
-0.15568,0.90464,-0.39672,-0.61579,1.02197,-1.08698
-0.16044,0.90345,-0.39754,0.08987,1.78123,-0.82611
-0.16031,0.89534,-0.41552,-0.08628,-0.05432,-0.04412
-0.16575,0.88293,-0.43926,-0.24205,-0.43275,0.07696
-0.16715,0.87532,-0.45373,-0.29208,-0.59408,-0.17246
-0.16979,0.87789,-0.44774,-0.28485,0.53947,0.28041
-0.18126,0.88992,-0.41855,0.00629,1.06215,0.85684
-0.17319,0.89793,-0.40462,-0.20382,-0.85963,0.93571
-0.15915,0.89528,-0.41611,-0.36449,-1.11105,0.28415
-0.1518,0.90677,-0.39333,-0.35499,-0.95424,-0.13275
-0.14932,0.93071,-0.33386,0.29423,-0.04688,1.31723
-0.13965,0.95372,-0.26629,0.26053,0.27033,1.09198
-0.12998,0.96736,-0.21749,0.15718,0.64799,0.08933
-0.13958,0.97539,-0.17065,0.04204,-0.11594,0.14642
-0.1584,0.9796,-0.12362,-0.04516,-0.25299,0.16939
-0.18414,0.97978,-0.07821,-0.07678,0.12731,0.28834
-0.21461,0.97574,-0.04302,0.10047,0.03132,0.11447
-0.23485,0.9718,-0.02086,0.20347,-0.03621,-0.05325
-0.25412,0.96715,0.00526,0.18598,-0.02725,-0.01572
-0.26882,0.96251,0.03599,0.16312,-0.06119,-0.04268
-0.27932,0.95764,0.06996,0.16042,-0.13655,0.02609
-0.28913,0.95184,0.10187,0.06132,-0.14735,-0.0235
-0.30165,0.9446,0.12933,-0.09222,-0.13587,0.00416
-0.31757,0.93446,0.16098,-0.07912,-0.04542,-0.01193
-0.3357,0.92201,0.19284,0.00693,0.09278,-0.08476
-0.35619,0.90804,0.22039,0.22563,0.25623,-0.33305
-0.37604,0.89427,0.2426,0.21782,0.39371,-0.24741
-0.3954,0.88193,0.2566,0.1004,0.44459,-0.30108
-0.41028,0.87204,0.26684,0.26217,0.53675,-0.31683
-0.4255,0.86397,0.26923,0.4441,0.56572,-0.29753
-0.43688,0.85912,0.26652,0.30558,0.53665,-0.4165
-0.44266,0.8585,0.25888,0.1534,0.45278,-0.46798
-0.44732,0.86127,0.24102,0.26203,0.45692,-0.45765
-0.45007,0.86787,0.21028,0.26478,0.45032,-0.42691
-0.44704,0.87973,0.16193,0.2515,0.1975,-0.15172
-0.4325,0.89525,0.10702,-0.03503,0.28032,0.22249
-0.40854,0.91103,0.05572,-0.05899,0.26454,0.2738
-0.38336,0.92357,0.00664,-0.33174,0.49468,0.26117
-0.35831,0.93258,-0.04346,-0.26567,0.45234,0.04868
-0.32748,0.94077,-0.08775,-0.29552,0.4431,0.21473
-0.29399,0.94768,-0.12431,-0.44313,0.49015,0.3006
-0.259,0.9533,-0.15532,-0.31127,0.20142,0.43676
-0.2206,0.95582,-0.19423,-0.16815,-0.1333,0.50767
-0.18313,0.9522,-0.24446,-0.01071,-0.37251,0.36049
-0.15375,0.94301,-0.29511,0.13962,-0.39428,0.43343
-0.13297,0.93179,-0.33774,0.15125,-0.33577,0.53354
-0.12285,0.91739,-0.37854,0.07051,-0.36963,0.56697
-0.12113,0.90213,-0.4141,-0.10097,-0.534,0.57064
-0.12442,0.88802,-0.44265,-0.09001,-0.58662,0.61198
-0.1299,0.87742,-0.46179,-0.12336,-0.61503,0.59943
-0.13551,0.87225,-0.4699,-0.14967,-0.61003,0.53927
-0.14115,0.87378,-0.46538,-0.09287,-0.59698,0.448
-0.14805,0.88204,-0.4473,0.04387,-0.37418,0.10576
-0.15293,0.89672,-0.41533,-0.09585,-0.10076,-0.46994
-0.1494,0.91253,-0.38073,-0.21558,0.17646,-0.88412
-0.14504,0.92033,-0.36325,-0.42977,1.84563,-1.11306
-0.15152,0.91897,-0.36403,0.26184,1.15952,-0.49385
-0.1499,0.91153,-0.38294,0.10877,0.29807,-0.30951
-0.15137,0.90225,-0.40375,-0.48181,-0.49069,-0.11619
-0.15082,0.89772,-0.41394,-0.48236,-0.48616,-0.10601
-0.1601,0.90189,-0.40119,-0.03232,1.14744,0.51148
-0.16797,0.90908,-0.38125,0.12142,0.86555,1.36776
-0.1571,0.90416,-0.39724,-0.30684,-1.18918,1.37168
-0.14896,0.90625,-0.39562,-0.65967,-1.10904,-0.28384
-0.14789,0.92498,-0.35005,0.18767,-0.50492,1.0507
-0.14966,0.95087,-0.27098,0.4366,0.57002,1.26903
-0.13522,0.9692,-0.20579,0.22381,0.87282,0.22588
-0.14075,0.97685,-0.16105,0.11075,-0.08412,0.04411
-0.16308,0.97887,-0.1233,0.05074,-0.21016,0.03849
-0.19327,0.97778,-0.08107,-0.00137,-0.16145,0.08606
-0.22438,0.97341,-0.04601,-0.14664,-0.06685,0.16893
-0.24337,0.96973,-0.01925,0.03481,-0.09574,-0.03625
-0.26482,0.9642,0.01313,0.12819,-0.02281,0.00891
-0.28105,0.95858,0.04602,0.32579,0.02068,0.08614
-0.29242,0.95325,0.0761,0.18672,-0.21117,-0.1552
-0.30117,0.94821,0.10093,0.19547,-0.20613,-0.18003
-0.30968,0.94214,0.1283,-0.15312,-0.22819,-0.00936
-0.3224,0.93348,0.15701,0.01899,-0.09898,-0.07574
-0.33936,0.92263,0.18321,0.26197,0.0962,-0.03971
-0.35872,0.90988,0.20834,0.03254,0.1452,-0.31902
-0.37866,0.89609,0.23155,-0.04442,0.20515,-0.32384
-0.39696,0.8828,0.2511,-0.02612,0.21844,-0.34339
-0.41762,0.86943,0.26393,0.40744,0.5494,-0.31018
-0.43729,0.85779,0.27009,0.55276,0.52141,-0.33433
-0.45179,0.85042,0.26952,0.56726,0.52877,-0.33376
-0.4603,0.84704,0.26574,0.28409,0.57971,-0.53577
-0.46586,0.84742,0.25464,0.16759,0.59445,-0.27797
-0.47014,0.85261,0.22806,0.16031,0.5818,-0.41196
-0.4706,0.8624,0.18652,0.20748,0.42241,-0.20481
-0.46308,0.8771,0.12739,0.1082,0.23595,0.01084
-0.44327,0.8937,0.06921,-0.03436,0.28202,0.22986
-0.4172,0.90862,0.01839,-0.34498,0.6439,0.37528
-0.39258,0.91907,-0.03417,-0.34869,0.46672,0.14985
-0.36457,0.92739,-0.08382,-0.23573,0.3208,0.13708
-0.32824,0.93672,-0.12166,-0.41959,0.50241,0.26293
-0.29141,0.94439,-0.15227,-0.29408,0.20601,0.5066
-0.25297,0.94908,-0.18774,-0.08352,-0.11218,0.47971
-0.21306,0.94792,-0.23674,0.07455,-0.39877,0.35246
-0.18143,0.93952,-0.29048,0.08876,-0.43319,0.39766
-0.16193,0.92835,-0.33456,0.16968,-0.34537,0.62585
-0.15391,0.91304,-0.37769,0.04248,-0.38372,0.59115
-0.15159,0.89614,-0.41707,-0.05098,-0.41825,0.59398
-0.15235,0.88081,-0.44828,-0.13311,-0.50688,0.62504
-0.15653,0.86814,-0.47098,-0.13794,-0.60599,0.64366
-0.16158,0.86045,-0.48322,-0.16221,-0.65336,0.58251
-0.16639,0.86008,-0.48225,-0.12244,-0.65471,0.54186
-0.17317,0.86756,-0.46619,0.0763,-0.5053,0.24081
-0.17888,0.88208,-0.4358,0.08928,-0.19638,-0.20424
-0.17568,0.90081,-0.39706,-0.10469,0.00809,-0.69675
-0.1669,0.91285,-0.3726,-0.58104,1.42852,-1.26621
-0.17349,0.91318,-0.36878,0.37338,2.02992,-0.64956
-0.17078,0.90485,-0.38997,0.32161,0.82138,-0.2944
-0.1711,0.89263,-0.41704,-0.22542,-0.84406,0.05078
-0.16944,0.88378,-0.43612,-0.49503,-0.56114,-0.28951
-0.17113,0.88482,-0.43335,-0.51797,-0.0608,-0.20245
-0.18296,0.89638,-0.40376,0.04525,1.01776,1.47041
-0.18606,0.89951,-0.39528,-0.24662,-0.4592,0.89356
-0.18212,0.89303,-0.41149,-0.25056,-0.45272,0.90976
-0.18217,0.90376,-0.38734,-0.08085,-0.70705,0.331
-0.18648,0.92837,-0.32147,0.5034,-0.11749,1.39754
-0.17487,0.95192,-0.25149,0.45497,0.30175,1.00853
-0.1639,0.96552,-0.20222,0.25296,0.56628,0.04827
-0.17806,0.97067,-0.16148,0.10706,-0.07968,0.18471
-0.20223,0.97196,-0.11992,-0.0536,-0.13811,0.12232
-0.23418,0.96874,-0.08173,-0.30545,0.05578,0.21071
-0.25508,0.96531,-0.05567,-0.07005,-0.10769,-0.03999
-0.27748,0.96052,-0.01975,0.06302,-0.11346,-0.0427
-0.29494,0.95528,0.02076,0.29412,-0.08236,0.09388
-0.30728,0.94974,0.05961,0.32484,-0.14632,0.22558
-0.31641,0.94403,0.09308,0.18889,-0.22119,0.03587
-0.32595,0.9373,0.12332,-0.13729,-0.18576,-0.18085
-0.33852,0.92811,0.15493,-0.2395,-0.09867,-0.06338
-0.35585,0.91555,0.18741,0.09402,0.07865,-0.08529
-0.37601,0.90074,0.21739,0.32239,0.26743,-0.12498
-0.39764,0.88566,0.23974,0.0718,0.38845,-0.48739
-0.41588,0.87282,0.25535,0.04789,0.46966,-0.36583
-0.43206,0.86165,0.26619,0.74609,0.63378,-0.33302
-0.44804,0.85229,0.26987,0.69556,0.65056,-0.41524
-0.45979,0.84691,0.26705,0.46014,0.66002,-0.44029
-0.46376,0.84737,0.25859,0.11928,0.73175,-0.28312
-0.46346,0.85298,0.24001,0.16985,0.6774,-0.32608
-0.45949,0.86323,0.209,0.19364,0.46669,-0.28224
-0.44976,0.87911,0.15765,-0.04191,0.19979,-0.07019
-0.43223,0.89609,0.10092,-0.12723,0.0966,0.02216
-0.41069,0.91067,0.04464,-0.28023,0.29808,0.38584
-0.38913,0.92112,-0.01018,-0.27797,0.44738,0.12689
-0.36652,0.92817,-0.06435,-0.17039,0.23,0.10584
-0.33855,0.93439,-0.11083,-0.30888,0.30815,0.29888
-0.30727,0.94024,-0.14671,-0.39119,0.34966,0.27855
-0.27392,0.9463,-0.17168,-0.2345,0.09992,0.54946
-0.23562,0.94986,-0.20552,-0.08636,-0.17692,0.44432
-0.19816,0.94691,-0.25313,0.05926,-0.3333,0.34534
-0.16945,0.93829,-0.30146,0.14426,-0.38956,0.42866
-0.15184,0.9273,-0.34212,0.03935,-0.39433,0.60788
-0.1416,0.9141,-0.37995,-0.0977,-0.53371,0.5048
-0.13765,0.90052,-0.41244,-0.10748,-0.54851,0.55014
-0.13896,0.88888,-0.43654,-0.08609,-0.57472,0.57845
-0.14135,0.88096,-0.45158,-0.0458,-0.63139,0.55674
-0.14554,0.87723,-0.45746,-0.00093,-0.56679,0.46448
-0.15369,0.87865,-0.45204,0.04302,-0.52074,0.37414
-0.16243,0.88708,-0.43207,0.10413,-0.31,-0.04199
-0.16215,0.90167,-0.40086,-0.19188,0.01471,-0.7864
-0.15326,0.91215,-0.38012,-0.49585,0.85481,-1.30639
-0.15796,0.91267,-0.37693,-0.10376,1.89773,-0.97134
-0.15954,0.90618,-0.39163,0.19011,0.46604,-0.30732
-0.1639,0.89551,-0.41375,-0.24077,-0.34943,0.08295
-0.16716,0.88715,-0.43014,-0.65229,-0.33276,0.01412
-0.16835,0.88762,-0.4287,-0.41557,0.88151,0.1846
-0.17885,0.89234,-0.4144,-0.40507,0.87679,0.1703
-0.17572,0.89305,-0.41422,0.06866,-0.86572,1.52574
-0.17117,0.89374,-0.41464,-0.22475,-0.92006,0.23833
-0.15822,0.90881,-0.38603,-0.2377,-0.93513,0.20971
-0.14634,0.934,-0.32589,0.21728,0.47069,1.14546
-0.13094,0.9561,-0.26214,0.09932,0.52924,0.23856
-0.12686,0.96718,-0.22011,0.10513,0.41284,0.06107
-0.13953,0.97403,-0.1783,0.03864,-0.22651,0.14577
-0.15705,0.97871,-0.13211,-0.13896,-0.14968,0.28961
-0.18594,0.97922,-0.08084,-0.21542,0.15797,0.4034
-0.21412,0.97563,-0.04782,0.05044,0.1418,0.17483
-0.23516,0.97174,-0.01999,0.21844,0.07406,0.09979
-0.25466,0.96695,0.01156,0.27018,0.02026,0.09528
-0.26641,0.96285,0.04382,0.26074,-0.1003,0.05608
-0.27448,0.95854,0.07638,-0.00688,-0.20475,0.02759
-0.28291,0.95328,0.10586,-0.11626,-0.16551,0.02655
-0.29452,0.94559,0.13819,-0.13232,-0.0008,-0.04557
-0.31074,0.93507,0.1705,0.09428,0.15559,-0.11279
-0.33081,0.92271,0.19785,0.14914,0.20276,-0.12742
-0.35172,0.90975,0.22051,0.07032,0.20544,-0.32111
-0.36989,0.89737,0.2406,0.15271,0.25447,-0.24423
-0.38844,0.88608,0.25289,0.38366,0.37069,-0.29524
-0.40368,0.87711,0.26019,0.3674,0.33778,-0.28346
-0.41579,0.87097,0.26176,0.35084,0.35538,-0.25648
-0.42486,0.86686,0.26079,0.24371,0.44744,-0.40396
-0.43091,0.86483,0.25761,0.13934,0.39649,-0.44016
-0.43617,0.86545,0.24644,0.23393,0.43335,-0.24293
-0.43952,0.87031,0.22219,0.28579,0.32435,-0.38717
-0.43806,0.87987,0.18413,0.17535,0.27709,-0.16636
-0.42845,0.89376,0.13268,-0.00105,0.21342,-0.08063
-0.41024,0.90854,0.07898,-0.29056,0.33737,0.2105
-0.38644,0.92187,0.02835,-0.43406,0.5869,0.33962
-0.36328,0.93138,-0.02315,-0.44055,0.5153,0.17351
-0.33902,0.93795,-0.07276,-0.40002,0.26256,0.02575
-0.30723,0.94454,-0.11591,-0.43442,0.2971,0.13339
-0.27346,0.94977,-0.15213,-0.38978,0.29248,0.28151
-0.23786,0.95514,-0.17642,-0.05668,-0.03322,0.54331
-0.19964,0.95547,-0.21728,0.07769,-0.33045,0.35081
-0.1665,0.9489,-0.26806,0.1161,-0.3738,0.37177
-0.14606,0.93737,-0.31623,0.07987,-0.34159,0.45142
-0.13526,0.92344,-0.3591,0.01745,-0.31356,0.5592
-0.13105,0.90761,-0.39883,-0.13031,-0.36294,0.46273
-0.1308,0.89238,-0.43189,-0.16052,-0.36973,0.47726
-0.13146,0.88018,-0.45606,-0.21257,-0.44781,0.55067
-0.13111,0.87228,-0.47109,-0.21397,-0.50012,0.47867
-0.12978,0.8694,-0.47675,-0.14778,-0.47099,0.42226
-0.12751,0.87104,-0.47437,0.01519,-0.36445,0.20555
-0.12295,0.87631,-0.46579,0.00928,-0.32418,0.0708
-0.11787,0.88579,-0.44886,-0.04546,-0.3457,-0.05259
-0.11534,0.89761,-0.42543,-0.11727,0.12984,-0.64583
-0.11516,0.90745,-0.40406,-0.17824,0.87804,-0.86479
-0.12488,0.9116,-0.39163,-0.09978,1.34731,-0.86928
-0.1271,0.91007,-0.39446,-0.0446,0.28516,-0.40991
-0.12391,0.90451,-0.40804,-0.10261,-0.4567,-0.19065
-0.12518,0.89956,-0.41847,-0.22718,-0.66634,-0.06553
-0.12632,0.90136,-0.41423,-0.4026,-0.34725,0.12234
-0.13066,0.91109,-0.39093,-0.30519,0.39744,1.17866
-0.14113,0.92795,-0.34492,-0.42406,0.9104,1.19522
-0.13433,0.9361,-0.32504,-0.22628,0.53081,0.09016
-0.12871,0.93135,-0.34059,9e-05,-1.12999,0.77121
-0.12831,0.94048,-0.31468,-0.07073,-1.13375,0.48654
-0.12227,0.95861,-0.25712,0.30195,0.21081,0.85031
-0.11485,0.97477,-0.19134,0.29587,0.38596,0.67831
-0.10889,0.98547,-0.13027,0.15766,0.482,0.37191
-0.12214,0.98924,-0.08039,0.0111,0.0908,-0.03637
-0.15025,0.98788,-0.03879,0.01031,0.08452,-0.00377
-0.17877,0.98388,-0.003,-0.08934,0.05474,0.16369
-0.19428,0.98062,0.02504,0.04992,-0.20359,0.06848
-0.21053,0.97624,0.0512,0.08536,-0.1557,0.05292
-0.22464,0.97116,0.07972,0.13854,-0.04625,0.03079
-0.2378,0.96577,0.10353,0.23714,-0.00979,-0.0952
-0.24876,0.96021,0.12687,0.12046,-0.12679,0.03704
-0.25783,0.95308,0.15855,-0.01341,-0.11359,0.08271
-0.26835,0.94432,0.19032,-0.03554,-0.03789,-0.16295
-0.28451,0.93364,0.21758,0.00451,0.01329,-0.12488
-0.30538,0.92061,0.24331,-0.05313,0.12184,-0.18998
-0.32684,0.90679,0.26624,-0.03021,0.20503,-0.33996
-0.34755,0.89322,0.2852,0.30921,0.33923,-0.21284
-0.36986,0.8804,0.29678,0.35886,0.46731,-0.34058
-0.38713,0.87046,0.30397,0.22204,0.40465,-0.28391
-0.39736,0.86472,0.30716,0.15907,0.37615,-0.34395
-0.40458,0.86148,0.30684,0.04775,0.42868,-0.4805
-0.41225,0.86062,0.29892,0.00826,0.42229,-0.40938
-0.42134,0.8635,0.27716,0.20173,0.54463,-0.42543
-0.42629,0.8716,0.24202,0.43604,0.399,-0.40766
-0.42251,0.88614,0.1903,0.42346,0.33395,-0.12533
-0.40592,0.90399,0.13419,0.10218,0.35956,0.00772
-0.38109,0.92121,0.07827,-0.27008,0.5481,0.29236
-0.35661,0.9339,0.02549,-0.35088,0.65164,0.2524
-0.33195,0.94297,-0.02436,-0.27968,0.37189,0.07987
-0.29771,0.95243,-0.06508,-0.31392,0.36244,0.1206
-0.26169,0.95997,-0.09985,-0.39159,0.3486,0.34007
-0.22962,0.96358,-0.137,-0.08558,-0.07058,0.39227
-0.1982,0.96287,-0.18325,-0.05696,-0.15993,0.41166
-0.16909,0.95682,-0.23642,0.05976,-0.31621,0.41882
-0.14797,0.94559,-0.28975,0.08497,-0.3879,0.46379
-0.13459,0.93209,-0.33627,0.0468,-0.33019,0.56785
-0.12815,0.91629,-0.37946,-0.03049,-0.37169,0.55794
-0.12595,0.90093,-0.41529,-0.09534,-0.51204,0.60092
-0.12885,0.8874,-0.44261,-0.08364,-0.53691,0.64079
-0.13345,0.87697,-0.46163,-0.08963,-0.59455,0.64847
-0.13847,0.8703,-0.47264,-0.06722,-0.63651,0.54171
-0.14383,0.86942,-0.47266,-0.0389,-0.63281,0.43776
-0.15141,0.87607,-0.4578,0.05644,-0.42863,0.05908
-0.15751,0.89077,-0.42628,0.0021,-0.30911,-0.21769
-0.15683,0.90694,-0.39096,-0.28011,0.24047,-0.89836
-0.15614,0.91601,-0.3695,-0.4663,2.10007,-1.1118
-0.16072,0.91395,-0.37262,0.20504,0.93565,-0.40419
-0.15821,0.90483,-0.39527,-0.00563,0.1631,-0.22024
-0.16208,0.89287,-0.42012,-0.34796,-0.86617,-0.04407
-0.16314,0.88797,-0.42999,-0.68795,0.06214,-0.16248
-0.17228,0.89511,-0.41121,-0.49787,0.64733,0.39441
-0.18346,0.91016,-0.3714,-0.11074,1.39688,0.92501
-0.16882,0.90327,-0.39446,-0.27822,0.14226,1.09089
-0.16711,0.90326,-0.3952,-0.29458,-1.41318,0.4734
-0.16514,0.92361,-0.34592,0.34836,-0.62462,1.06914
-0.15549,0.95,-0.27076,0.44587,-0.08472,1.25332
-0.14163,0.96805,-0.20688,0.2925,0.75709,0.62816
-0.14552,0.97631,-0.16012,0.10311,-0.05559,-0.00519
-0.16779,0.9781,-0.12315,0.05486,-0.10596,-0.02467
-0.19883,0.97611,-0.08756,-0.05718,0.01517,0.05936
-0.22143,0.97308,-0.06388,-0.12309,-0.11675,0.03584
-0.24012,0.97023,-0.03128,0.02935,-0.09584,0.0261
-0.25815,0.96606,0.00861,0.30193,0.01298,0.11903
-0.27301,0.9611,0.04174,0.40109,-0.0792,0.0971
-0.28271,0.95673,0.06877,0.31327,-0.15415,-0.07761
-0.28851,0.95257,0.09673,0.00856,-0.17913,-0.05066
-0.29373,0.9466,0.13285,-0.13634,-0.17789,0.10723
-0.30404,0.93779,0.1676,-0.00789,0.06883,-0.10086
-0.32117,0.9262,0.19747,-0.03614,0.09019,-0.14339
-0.34171,0.91237,0.22539,-0.13827,0.13538,-0.37382
-0.36151,0.89863,0.24853,0.24486,0.4449,-0.24558
-0.3833,0.88489,0.26464,0.47405,0.55385,-0.19198
-0.4023,0.87336,0.27456,0.61768,0.50526,-0.37932
-0.41585,0.86595,0.27783,0.28319,0.55927,-0.40782
-0.42333,0.86288,0.27605,0.15501,0.57217,-0.47834
-0.42687,0.86355,0.26842,0.19744,0.60952,-0.2933
-0.43082,0.8679,0.24722,0.25539,0.59285,-0.46613
-0.43072,0.87685,0.21355,0.22118,0.48204,-0.33919
-0.4233,0.89148,0.16148,0.14053,0.24555,0.0115
-0.40497,0.90838,0.10409,-0.0752,0.31366,0.28666
-0.3794,0.92392,0.04916,-0.23091,0.44447,0.36983
-0.35346,0.93543,-0.00467,-0.38486,0.65643,0.18425
-0.32969,0.94227,-0.05848,-0.30949,0.36355,0.19938
-0.29969,0.94922,-0.09564,-0.33949,0.35659,0.23654
-0.26555,0.95563,-0.12748,-0.54373,0.31587,0.42425
-0.23328,0.95798,-0.16687,-0.12223,-0.10308,0.44297
-0.19996,0.95512,-0.21852,-0.06026,-0.18759,0.43378
-0.16788,0.94704,-0.27371,0.14281,-0.45264,0.50224
-0.1481,0.9339,-0.3254,0.11243,-0.3749,0.60102
-0.13992,0.91718,-0.37308,0.07885,-0.35786,0.66057
-0.13757,0.90009,-0.41342,-0.09403,-0.56607,0.6482
-0.13782,0.88577,-0.44318,-0.1003,-0.55029,0.70232
-0.14328,0.87229,-0.46751,-0.09728,-0.54695,0.71
-0.14894,0.86241,-0.4838,-0.1475,-0.61084,0.64158
-0.15337,0.85875,-0.48889,-0.09901,-0.62246,0.53846
-0.1569,0.86303,-0.48016,-0.0276,-0.61352,0.40529
-0.15867,0.87525,-0.4569,0.1148,-0.21489,-0.08557
-0.15602,0.89286,-0.42244,-0.23474,0.25465,-0.96121
-0.14755,0.90593,-0.39687,-0.36761,0.65211,-1.25036
-0.14825,0.90857,-0.39053,0.06082,1.78481,-0.94522
-0.14489,0.90251,-0.40555,0.08165,0.04684,-0.35279
-0.14162,0.8943,-0.42445,-0.06746,-0.29996,-0.09372
-0.14309,0.88705,-0.43892,-0.44792,-0.86073,-0.09968
-0.14363,0.88823,-0.43637,-0.64437,0.16197,0.17062
-0.16136,0.9019,-0.40066,0.22887,1.01973,1.49173
-0.16726,0.91789,-0.35984,-0.40778,1.90425,-0.09784
-0.15513,0.90762,-0.39007,-0.02254,-0.90049,1.26033
-0.15659,0.90991,-0.3841,-0.1218,-1.3622,0.58124
-0.15328,0.92913,-0.33648,0.11737,-0.65041,0.95629
-0.14953,0.95327,-0.26249,0.32136,0.37938,1.07137
-0.13845,0.97155,-0.1921,0.3789,1.00678,0.40657
-0.13998,0.9802,-0.14005,0.32354,0.26167,0.16028
-0.15634,0.98281,-0.09819,0.09034,-0.0757,0.16052
-0.17981,0.98172,-0.06239,-0.28768,-0.08322,0.195
-0.19555,0.97998,-0.03715,-0.29789,-0.15218,-0.03034
-0.21009,0.97765,-0.00656,-0.10688,-0.26287,0.1023
-0.22704,0.97345,0.02884,-0.08993,-0.25867,0.06691
-0.24196,0.96821,0.06324,0.27028,-0.17474,0.14013
-0.25327,0.96271,0.09502,0.24002,-0.12272,-0.02089
-0.26414,0.95674,0.12194,0.2509,-0.11674,-0.04781
-0.27402,0.94968,0.1517,0.13263,-0.03572,0.00629
-0.28529,0.94118,0.18104,0.18332,0.1199,-0.17827
-0.29936,0.93064,0.21042,0.15025,0.13511,-0.24459
-0.31665,0.91797,0.23885,-0.10893,0.09322,-0.361
-0.3359,0.90496,0.26114,-0.06022,0.32792,-0.27855
-0.35876,0.89112,0.27782,0.26002,0.4656,-0.27513
-0.38069,0.87837,0.28902,0.69592,0.59005,-0.35717
-0.39792,0.86949,0.29263,0.42212,0.50849,-0.37765
-0.40653,0.86538,0.29296,0.24117,0.5513,-0.48086
-0.41048,0.86477,0.28926,-0.02452,0.50336,-0.5971
-0.41586,0.8675,0.27293,0.12416,0.4913,-0.41172
-0.42406,0.87397,0.23735,0.25769,0.50792,-0.50854
-0.42482,0.88619,0.1849,0.4528,0.21519,-0.06972
-0.41146,0.90316,0.12239,0.32922,0.20764,-0.01047
-0.38645,0.92005,0.06449,-0.08662,0.35863,0.13866
-0.35738,0.93391,0.009,-0.50602,0.83916,0.30346
-0.33056,0.94273,-0.04453,-0.26216,0.59592,0.3454
-0.29544,0.95158,-0.0848,-0.28468,0.52951,0.36074
-0.25411,0.95993,-0.11814,-0.50219,0.53995,0.3204
-0.21425,0.96438,-0.15513,-0.31744,0.37382,0.41927
-0.17693,0.96342,-0.20128,0.00943,-0.14979,0.40133
-0.14233,0.95632,-0.2553,0.02003,-0.49603,0.38671
-0.1189,0.94482,-0.30522,0.04149,-0.54373,0.4402
-0.1074,0.93161,-0.3472,0.12425,-0.40801,0.62272
-0.10638,0.91571,-0.3875,0.04777,-0.40626,0.63191
-0.11108,0.89878,-0.42409,-0.05774,-0.5223,0.57506
-0.11796,0.88401,-0.45233,-0.08834,-0.58872,0.63799
-0.12668,0.8731,-0.47079,-0.12185,-0.64194,0.70135
-0.13405,0.86779,-0.4785,-0.1982,-0.66736,0.68002
-0.14042,0.86844,-0.47549,-0.1118,-0.62608,0.48321
-0.14698,0.87601,-0.45934,0.05284,-0.47124,0.1728
-0.14965,0.89136,-0.42787,0.02656,-0.16185,-0.27687
-0.14509,0.9092,-0.39025,-0.32072,0.40499,-1.05598
-0.13999,0.91861,-0.36952,-0.55848,1.74429,-1.29228
-0.14245,0.91621,-0.37451,0.57484,1.75774,-0.7048
-0.13747,0.90477,-0.4031,0.07842,-0.22276,-0.2535
-0.13704,0.89226,-0.43021,-0.29408,-1.0009,0.0919
-0.13575,0.88632,-0.44271,-0.34222,-0.3021,-0.08527
-0.141,0.89197,-0.42955,-0.24354,0.23468,0.43614
-0.15582,0.91321,-0.3765,0.01455,1.75849,1.48471
-0.14472,0.91812,-0.36891,-0.59898,2.08902,-0.06851
-0.13668,0.90366,-0.40584,-0.23211,-1.34202,1.09104
-0.13206,0.91491,-0.38142,-0.13469,-1.27865,0.77272
-0.12709,0.93813,-0.32212,0.08121,-0.80945,1.2546
-0.12725,0.96029,-0.24827,0.05817,0.40114,1.01656
-0.12447,0.97622,-0.17746,0.11099,1.18078,0.35456
-0.14572,0.98155,-0.12376,0.26108,0.42627,0.20875
-0.1723,0.98095,-0.0896,0.248,0.20511,0.12042
-0.19279,0.97896,-0.06681,-0.01017,-0.10859,0.05154
-0.21122,0.97657,-0.04102,-0.1533,-0.2702,0.08773
-0.22782,0.97369,-0.00478,-0.02085,-0.20307,0.12734
-0.24255,0.96958,0.03279,0.23337,-0.14565,0.24801
-0.25575,0.96469,0.06288,0.29736,-0.13194,-0.09865
-0.26624,0.95978,0.089,0.17612,-0.13097,-0.2077
-0.27627,0.95373,0.11856,-0.00725,-0.08097,0.01558
-0.28788,0.94587,0.14981,0.09602,0.0419,-0.0634
-0.30336,0.93622,0.17734,0.12476,0.13988,-0.09694
-0.32199,0.92455,0.20376,-0.03761,0.11763,-0.41631
-0.33993,0.91286,0.22611,-0.07548,0.15263,-0.45635
-0.35779,0.90167,0.24282,0.33492,0.43442,-0.18577
-0.37809,0.89016,0.25426,0.55524,0.51591,-0.29598
-0.39521,0.8807,0.26109,0.54116,0.51722,-0.31923
-0.40616,0.87501,0.26339,0.20891,0.56721,-0.36088
-0.41241,0.87281,0.26097,0.04943,0.52099,-0.54845
-0.41784,0.87313,0.25107,0.11518,0.53603,-0.30786
-0.42417,0.87666,0.227,0.26817,0.46273,-0.49369
-0.42819,0.88378,0.18862,0.38537,0.25032,-0.14747
-0.42253,0.89671,0.1318,0.25902,0.22636,-0.01184
-0.40387,0.9118,0.07407,-0.07267,0.33298,0.21744
-0.37824,0.92548,0.02044,-0.42248,0.56694,0.36888
-0.35518,0.93419,-0.03355,-0.40042,0.51558,0.17861
-0.33201,0.93906,-0.08905,-0.24199,0.37491,0.17397
-0.30264,0.94315,-0.13732,-0.33615,0.42298,0.34936
-0.27017,0.94632,-0.17742,-0.41188,0.42818,0.30658
-0.23364,0.94947,-0.20954,-0.16844,0.10578,0.48023
-0.19278,0.94967,-0.24688,0.08232,-0.29841,0.42209
-0.15502,0.94347,-0.29296,0.21503,-0.36144,0.40981
-0.12986,0.93195,-0.33853,0.17212,-0.35704,0.51402
-0.1171,0.91812,-0.3786,0.03036,-0.48363,0.59104
-0.11395,0.90267,-0.41497,-0.0625,-0.49996,0.60944
-0.11744,0.8875,-0.44558,-0.12174,-0.54729,0.60905
-0.12429,0.87499,-0.4679,-0.09777,-0.61683,0.64765
-0.12965,0.8677,-0.47987,-0.11495,-0.62974,0.64298
-0.13405,0.86546,-0.48271,-0.10394,-0.59309,0.58337
-0.14006,0.86875,-0.47502,0.00354,-0.44984,0.28787
-0.14664,0.87897,-0.45376,0.00971,-0.21061,-0.10304
-0.14801,0.89527,-0.42022,-0.13025,-0.04374,-0.44795
-0.14064,0.90847,-0.39358,-0.59446,1.0661,-1.14804
-0.14004,0.91112,-0.3876,-0.32749,1.91686,-1.14942
-0.14192,0.90277,-0.40603,0.26926,2.02193,-0.9076
-0.14478,0.88904,-0.43433,-0.00985,-0.27904,-0.04449
-0.14877,0.87712,-0.45665,-0.25334,-1.04141,-0.08504
-0.14758,0.87259,-0.46562,0.04064,-1.0734,-0.49652
-0.14966,0.87699,-0.4566,0.1884,-0.93935,1.00129
-0.13895,0.90833,-0.3945,-0.74978,1.2086,1.23452
-0.14673,0.9404,-0.30678,-0.81007,3.21538,-0.31846
-0.11814,0.9274,-0.35491,-0.22721,-0.46552,2.3209
-0.14311,0.9236,-0.35563,0.05537,-1.90857,0.86869
-0.13162,0.94276,-0.30638,-0.08539,-1.87517,0.27499
-0.12027,0.95859,-0.25814,-0.01245,0.47224,0.92528
-0.13157,0.9739,-0.18494,0.12345,1.22668,0.95624
-0.15264,0.98216,-0.10975,0.23939,1.2428,0.7855
-0.17201,0.98154,-0.08359,0.37851,0.0435,-0.16411
-0.19353,0.97889,-0.06567,0.19642,-0.14982,0.06883
-0.21497,0.97576,-0.04091,0.03759,-0.22705,0.1921
-0.22474,0.97439,-0.00689,-0.0874,-0.32578,0.21711
-0.23193,0.97234,0.0274,0.01935,-0.24218,0.11293
-0.24416,0.96827,0.05313,0.09793,-0.18911,-0.01488
-0.25673,0.9631,0.08068,0.12378,-0.21515,0.01321
-0.26875,0.95675,0.11134,0.00874,-0.19205,0.10126
-0.28187,0.94892,0.14174,0.00834,-0.06318,-0.04721
-0.29824,0.93937,0.16919,0.08969,0.04406,-0.12748
-0.31839,0.92731,0.19674,0.00394,0.10885,-0.22954
-0.33923,0.91444,0.22072,0.00529,0.15964,-0.33641
-0.36021,0.90118,0.24104,0.26528,0.39891,-0.26869
-0.38095,0.88831,0.25645,0.3649,0.51368,-0.35905
-0.39805,0.878,0.26582,0.43089,0.5102,-0.35455
-0.40963,0.87136,0.27004,0.38585,0.59916,-0.48563
-0.41643,0.86838,0.26923,0.14342,0.61174,-0.51743
-0.42009,0.86984,0.25862,0.211,0.68582,-0.22684
-0.42113,0.87672,0.23237,0.34375,0.52626,-0.33556
-0.41488,0.88955,0.1912,0.23772,0.48168,-0.20326
-0.39868,0.90702,0.13551,-0.04543,0.34317,0.06369
-0.37558,0.92372,0.07532,-0.37926,0.4641,0.14552
-0.34947,0.93679,0.01682,-0.58107,0.67664,0.39978
-0.3268,0.94424,-0.0401,-0.32895,0.42596,0.19179
-0.29903,0.94992,-0.09066,-0.102,0.30106,0.17259
-0.26521,0.95513,-0.13184,-0.24747,0.34585,0.31876
-0.22848,0.95953,-0.16459,-0.20458,0.20626,0.49427
-0.19587,0.95886,-0.20544,-0.05244,-0.12769,0.5464
-0.16451,0.95171,-0.25917,0.15959,-0.40348,0.40466
-0.14146,0.93896,-0.3136,0.16847,-0.41296,0.439
-0.12932,0.92424,-0.35923,0.06896,-0.38881,0.56134
-0.12572,0.90911,-0.39712,0.07735,-0.40211,0.60398
-0.12635,0.89279,-0.43238,0.05924,-0.39828,0.54342
-0.12608,0.87752,-0.46267,-0.03043,-0.45213,0.5225
-0.12634,0.86673,-0.48251,-0.2459,-0.54351,0.65836
-0.12992,0.86076,-0.49215,-0.25712,-0.54522,0.70947
-0.13654,0.8594,-0.49272,-0.16677,-0.5292,0.64348
-0.14133,0.86345,-0.48423,0.02132,-0.43174,0.31117
-0.14069,0.87367,-0.46572,0.02042,-0.41987,0.15005
-0.13618,0.8895,-0.43617,-0.06908,-0.23096,-0.27428
-0.12942,0.90378,-0.40794,-0.33391,0.61938,-1.06259
-0.13315,0.91012,-0.39236,-0.34791,1.29368,-1.07572
-0.14213,0.90571,-0.39935,0.10568,0.59269,-0.33029
-0.14272,0.89787,-0.41648,-0.07337,-0.35897,-0.13211
-0.14327,0.89077,-0.43128,-0.19127,-0.6267,-0.03119
-0.13974,0.89084,-0.43229,-0.59946,0.12187,0.07734
-0.14581,0.8983,-0.41447,-0.32607,0.62691,0.63312
-0.16671,0.91076,-0.37777,0.01968,1.25428,1.00334
-0.1659,0.91153,-0.37627,-0.06887,0.45807,0.56972
-0.15763,0.90057,-0.40513,-0.06667,-0.94358,1.2325
-0.15799,0.90916,-0.38531,-0.40596,-1.37571,0.13394
-0.15496,0.93045,-0.33202,0.26949,-0.17336,1.25028
-0.14211,0.95435,-0.2627,0.18209,0.72335,0.782
-0.13092,0.97042,-0.2028,0.18009,0.92281,0.34678
-0.14356,0.97764,-0.15365,0.2734,0.17298,0.23301
-0.16615,0.97954,-0.11349,0.12646,-0.0519,0.22431
-0.19015,0.97845,-0.08046,-0.15719,-0.15948,0.13518
-0.20538,0.977,-0.0573,-0.15677,-0.27323,-0.01678
-0.22124,0.97485,-0.02661,-0.03512,-0.23169,0.06901
-0.2369,0.9715,0.00692,0.1702,-0.15559,0.13301
-0.25185,0.96694,0.03984,0.30811,-0.101,0.03904
-0.26497,0.96178,0.06903,0.25624,-0.05885,-0.15101
-0.27669,0.95622,0.09519,0.00788,-0.10617,-0.08083
-0.28959,0.94921,0.123,-0.01929,-0.11997,0.1139
-0.30594,0.93977,0.15235,0.17632,0.06599,-0.05547
-0.3242,0.92842,0.18141,0.19483,0.13167,-0.14927
-0.3442,0.91549,0.2083,0.09666,0.08793,-0.32846
-0.36319,0.9024,0.23184,0.10052,0.195,-0.31769
-0.38219,0.88972,0.24961,0.25454,0.39853,-0.32473
-0.40147,0.87831,0.25956,0.47722,0.3616,-0.3062
-0.4175,0.87046,0.26074,0.65558,0.33642,-0.24972
-0.42747,0.86639,0.25811,0.46702,0.43883,-0.53524
-0.433,0.86604,0.24993,0.10814,0.5209,-0.34438
-0.43458,0.87141,0.22751,0.25616,0.66028,-0.29589
-0.43182,0.88122,0.19226,0.31244,0.68767,-0.14987
-0.42191,0.8959,0.13908,-0.03425,0.40244,-0.2091
-0.40106,0.91256,0.07983,-0.33741,0.6204,0.44457
-0.37205,0.92779,0.02787,-0.52649,0.88276,0.41454
-0.34631,0.93786,-0.02176,-0.50527,0.68154,0.14028
-0.31931,0.94491,-0.07197,-0.16733,0.25413,0.05762
-0.28261,0.95212,-0.1166,-0.22682,0.3172,0.04404
-0.24312,0.95865,-0.14791,-0.3226,0.37721,0.2896
-0.20239,0.96391,-0.17291,-0.09825,-0.14807,0.59857
-0.16578,0.96275,-0.21358,-0.10821,-0.27702,0.52301
-0.13519,0.95506,-0.26378,-0.03421,-0.39739,0.43442
-0.11508,0.94387,-0.30962,0.08941,-0.38178,0.56879
-0.10609,0.93034,-0.351,0.06388,-0.41612,0.64856
-0.10281,0.91449,-0.39131,-0.03322,-0.52532,0.53912
-0.10159,0.89995,-0.42398,-0.09417,-0.53798,0.54573
-0.10428,0.88759,-0.44866,-0.11879,-0.55114,0.58143
-0.11002,0.87964,-0.46273,-0.19026,-0.60263,0.65914
-0.11659,0.8771,-0.46593,-0.15188,-0.64207,0.53124
-0.12455,0.88128,-0.45589,-0.05175,-0.63976,0.45148
-0.13361,0.89298,-0.4298,0.06301,-0.19306,-0.09536
-0.13584,0.90906,-0.39389,-0.34484,0.42483,-1.38979
-0.12997,0.9184,-0.37368,-0.53559,0.86706,-1.64661
-0.13236,0.91912,-0.37107,0.22138,1.80035,-0.62755
-0.12839,0.91142,-0.39093,0.22496,0.67206,-0.40886
-0.13513,0.89735,-0.42011,-0.21096,-0.42183,0.1161
-0.13816,0.88763,-0.43935,-0.73429,-0.12427,-0.07466
-0.14805,0.89179,-0.42754,-0.07476,1.03769,0.84438
-0.16198,0.90076,-0.40297,0.20517,1.32038,1.20527
-0.15609,0.89389,-0.42022,-0.28396,-0.87197,1.03214
-0.15182,0.89785,-0.41329,-0.2378,-0.97874,0.12885
-0.14786,0.92116,-0.35998,0.07697,-0.73164,0.45915
-0.12942,0.94903,-0.28739,0.39515,0.42475,1.01667
-0.11188,0.96713,-0.22835,0.09656,0.69553,0.33108
-0.11838,0.97609,-0.18226,0.08754,0.46165,0.12698
-0.14251,0.97981,-0.14018,0.01188,-0.06155,0.13298
-0.17195,0.98,-0.10011,-0.2099,0.01049,0.19043
-0.18997,0.979,-0.07387,-0.07137,-0.1029,0.06615
-0.20698,0.97761,-0.03785,0.08163,-0.12241,0.14832
-0.22084,0.9753,0.00245,0.31887,-0.00794,0.22773
-0.23201,0.97202,0.03658,0.37036,-0.15006,0.1476
-0.24145,0.96831,0.06375,0.1655,-0.17906,-0.13509
-0.24984,0.9637,0.09413,-0.17666,-0.19395,-0.03417
-0.25962,0.95694,0.12979,-0.21259,-0.14171,0.10922
-0.27551,0.94747,0.1624,0.07317,0.11016,-0.07527
-0.2967,0.93517,0.19342,0.138,0.19162,-0.14472
-0.3195,0.92136,0.22137,-0.02284,0.20936,-0.46767
-0.33727,0.90934,0.24359,-0.01664,0.34503,-0.35535
-0.3569,0.89811,0.25689,0.44002,0.47977,-0.30604
-0.37611,0.88817,0.26397,0.66783,0.59795,-0.36335
-0.3888,0.88214,0.26579,0.49884,0.58126,-0.37739
-0.39455,0.88054,0.26261,0.20085,0.5636,-0.48125
-0.39707,0.8821,0.2534,0.01722,0.48031,-0.56461
-0.4022,0.8858,0.23146,0.24149,0.53609,-0.30027
-0.40776,0.89249,0.19283,0.37791,0.29582,-0.178
-0.40426,0.90427,0.13729,0.32067,0.20641,0.00939
-0.38719,0.91865,0.07839,0.03626,0.1729,0.12015
-0.36122,0.93211,0.02611,-0.46258,0.63183,0.37164
-0.33642,0.94129,-0.02797,-0.49289,0.69145,0.34518
-0.31323,0.94623,-0.0808,-0.27276,0.38138,0.34624
-0.28063,0.95219,-0.12074,-0.2585,0.34675,0.32933
-0.24808,0.95679,-0.15168,-0.37175,0.33771,0.35758
-0.21334,0.9588,-0.18755,-0.3253,0.12851,0.51402
-0.17556,0.95794,-0.22697,-0.07044,-0.26075,0.47046
-0.14359,0.9512,-0.27312,-0.0057,-0.40051,0.49495
-0.12304,0.93953,-0.3196,0.1285,-0.45713,0.51926
-0.11213,0.92575,-0.36113,0.10354,-0.40251,0.56477
-0.10999,0.91,-0.39974,0.02594,-0.36864,0.55524
-0.11187,0.89574,-0.43026,-0.10055,-0.46989,0.54252
-0.11559,0.88475,-0.45149,-0.12704,-0.50987,0.56683
-0.12115,0.87821,-0.46266,-0.1926,-0.53071,0.61685
-0.1284,0.8753,-0.46623,-0.05825,-0.4854,0.43636
-0.13296,0.87771,-0.46038,-0.00908,-0.47024,0.29579
-0.13087,0.88633,-0.44416,0.01184,-0.39581,0.14787
-0.1275,0.89905,-0.41886,-0.10252,0.06062,-0.41195
-0.12368,0.91025,-0.39514,-0.22821,0.2859,-0.66061
-0.12746,0.91615,-0.38002,-0.27551,1.58989,-1.05227
-0.12994,0.91391,-0.38455,0.1468,0.97771,-0.54795
-0.12356,0.90655,-0.4036,-0.04005,-0.23406,-0.26351
-0.11957,0.89867,-0.42201,-0.09895,-0.57843,-0.10271
-0.11555,0.89634,-0.42804,-0.48496,-0.24648,-0.14247
-0.1232,0.90177,-0.41429,-0.37135,0.86181,0.45109
-0.14507,0.91252,-0.38243,0.03925,1.76243,1.17983
-0.13905,0.90518,-0.40162,-0.32278,-0.16049,1.32406
-0.13515,0.89835,-0.41795,-0.45057,-1.19688,0.94423
-0.12975,0.91529,-0.38132,-0.20263,-1.04763,0.61689
-0.13377,0.94217,-0.30726,0.41363,-0.10674,1.49056
-0.12189,0.96526,-0.2311,0.30112,0.92326,0.76661
-0.11447,0.97815,-0.17353,0.30515,0.80953,0.1219
-0.13383,0.9816,-0.13612,0.20904,0.12295,0.03568
-0.15785,0.98188,-0.10485,-0.02753,-0.06426,0.13991
-0.17571,0.98142,-0.07698,-0.16691,-0.18749,0.14409
-0.18871,0.98081,-0.04876,-0.14047,-0.25585,0.04505
-0.20285,0.97914,-0.01086,0.19479,-0.03153,0.17805
-0.21572,0.97614,0.02461,0.29285,-0.04154,0.15826
-0.22692,0.97252,0.05187,0.36621,-0.04648,-0.0118
-0.23529,0.96906,0.07448,-0.00938,-0.11545,-0.0277
-0.24155,0.96488,0.10315,-0.10998,-0.12287,0.05355
-0.25102,0.95857,0.13462,-0.04428,-0.01342,-0.06696
-0.26603,0.95001,0.16341,0.04766,0.07964,-0.05446
-0.28495,0.93928,0.19117,0.0307,0.13581,-0.08991
-0.30555,0.92718,0.2167,-0.05552,0.22626,-0.30444
-0.3257,0.91474,0.23908,0.29835,0.40673,-0.25999
-0.34709,0.90309,0.25288,0.38752,0.47761,-0.35417
-0.36297,0.89427,0.26177,0.41729,0.45337,-0.30461
-0.37473,0.88889,0.26352,0.30012,0.45087,-0.34595
-0.38078,0.88664,0.26242,0.21389,0.47207,-0.43871
-0.38512,0.88675,0.2556,0.08143,0.49771,-0.41401
-0.38974,0.89014,0.23608,0.2166,0.49313,-0.38691
-0.39237,0.89707,0.2032,0.22481,0.37424,-0.40817
-0.38847,0.90878,0.1523,0.1649,0.2631,-0.0166
-0.37406,0.92243,0.09588,-0.02421,0.19577,0.15174
-0.35251,0.93501,0.03842,-0.17822,0.28694,0.2727
-0.32905,0.94414,-0.01802,-0.35502,0.55143,0.1799
-0.30701,0.94883,-0.07381,-0.18481,0.33266,0.14718
-0.27933,0.95293,-0.11786,-0.15065,0.28258,0.24918
-0.25048,0.95592,-0.15317,-0.34293,0.26394,0.29312
-0.21777,0.95817,-0.18566,-0.32611,0.21436,0.38141
-0.18356,0.95788,-0.22084,-0.06498,-0.12951,0.49571
-0.14934,0.95271,-0.26462,0.14957,-0.3235,0.41886
-0.12553,0.94222,-0.31058,0.16986,-0.3877,0.44345
-0.11161,0.92947,-0.35159,0.09421,-0.32282,0.57951
-0.10599,0.91506,-0.38914,0.01053,-0.40036,0.55549
-0.10482,0.90107,-0.42082,-0.14245,-0.46686,0.54441
-0.10608,0.88903,-0.44538,-0.16725,-0.4797,0.60224
-0.10908,0.8803,-0.4617,-0.16917,-0.51539,0.62266
-0.1119,0.87591,-0.46931,-0.14279,-0.54313,0.62399
-0.11519,0.87676,-0.46692,-0.04496,-0.52773,0.45463
-0.11988,0.88395,-0.45194,0.06944,-0.31546,0.10025
-0.12187,0.89753,-0.42377,0.00508,-0.22471,-0.12637
-0.11808,0.91277,-0.39103,-0.17233,-0.08805,-0.47927
-0.11497,0.91996,-0.37475,-0.62186,1.10375,-1.20813
-0.1207,0.9173,-0.37947,0.26438,2.1042,-0.90875
-0.11996,0.90798,-0.40147,0.07957,0.19548,-0.3025
-0.12123,0.89704,-0.42498,-0.20821,-0.74944,0.17315
-0.12085,0.89091,-0.4378,-0.47785,-0.50244,-0.00404
-0.12419,0.89553,-0.42732,-0.4745,-0.50705,-0.01453
-0.1386,0.91322,-0.38317,-0.08,1.50327,1.14974
-0.13811,0.92601,-0.35132,-0.3039,1.92368,0.30646
-0.12244,0.9176,-0.37817,-0.25134,-0.17102,0.8264
-0.12247,0.92238,-0.36634,-0.1864,-1.25704,0.43644
-0.11646,0.94179,-0.31537,0.13695,-0.44224,0.92317
-0.11102,0.96195,-0.24965,0.13152,-0.46239,0.85745
-0.10557,0.97721,-0.18416,0.20562,0.72953,0.55844
-0.11785,0.98372,-0.13566,0.16111,0.2655,0.09246
-0.14315,0.9844,-0.10222,0.18641,0.26482,0.05903
-0.16279,0.98346,-0.07935,-0.03124,-0.01772,0.10555
-0.17614,0.98296,-0.05244,-0.09478,-0.24407,0.16874
-0.18826,0.98194,-0.01842,-0.03791,-0.18171,0.13127
-0.19988,0.97971,0.01417,0.15813,-0.1251,0.1897
-0.21182,0.97644,0.04111,0.24051,-0.10707,0.03925
-0.22191,0.97279,0.06659,0.18218,-0.09016,-0.07786
-0.2306,0.96836,0.09536,0.01294,-0.1764,0.03261
-0.24046,0.96237,0.1265,-0.00191,-0.07598,-0.02358
-0.25398,0.95468,0.15515,0.02911,-0.01608,-0.11033
-0.2707,0.94534,0.18176,-0.15629,0.09778,-0.20743
-0.29,0.93458,0.20605,-0.18251,0.10601,-0.29442
-0.31101,0.92259,0.22824,0.12549,0.20199,-0.25702
-0.3339,0.91026,0.2448,0.49202,0.47753,-0.36374
-0.35323,0.89975,0.25627,0.38857,0.46433,-0.32635
-0.3651,0.89329,0.26214,0.31472,0.44023,-0.29987
-0.37212,0.88997,0.26356,0.13213,0.4851,-0.50155
-0.37793,0.88899,0.25857,0.03318,0.48282,-0.57223
-0.385,0.89043,0.2427,0.00904,0.36554,-0.4199
-0.39432,0.89481,0.20933,0.44024,0.42761,-0.40238
-0.39679,0.90371,0.16077,0.42706,0.27823,-0.04615
-0.38625,0.91671,0.10215,0.15673,0.23706,0.08561
-0.36415,0.93021,0.04581,-0.2697,0.55563,0.26405
-0.33626,0.94172,-0.00916,-0.29759,0.54412,0.31902
-0.31179,0.94796,-0.0644,-0.39309,0.50372,0.25786
-0.2836,0.95277,-0.10858,-0.21291,0.33411,0.3013
-0.25078,0.95722,-0.14431,-0.30006,0.38035,0.29425
-0.2152,0.95974,-0.18049,-0.36226,0.37421,0.34966
-0.17981,0.9595,-0.21683,-0.02264,-0.09704,0.43821
-0.14698,0.95441,-0.25979,0.12477,-0.31171,0.50953
-0.12499,0.94365,-0.30642,0.13355,-0.38472,0.51621
-0.11175,0.93002,-0.35009,0.07215,-0.33678,0.61718
-0.10511,0.91512,-0.38922,0.04685,-0.40289,0.59786
-0.10464,0.89961,-0.42397,-0.06976,-0.49139,0.55559
-0.10782,0.88605,-0.45088,-0.192,-0.49582,0.63946
-0.11326,0.87547,-0.46981,-0.21064,-0.51602,0.69341
-0.12127,0.86774,-0.48198,-0.20262,-0.50829,0.70559
-0.12858,0.86649,-0.48235,-0.079,-0.54427,0.4843
-0.13552,0.8715,-0.47129,0.04619,-0.37689,0.25346
-0.13904,0.88287,-0.44855,0.04971,-0.38826,0.23071
-0.13601,0.89919,-0.41588,-0.28768,0.26605,-0.91262
-0.12882,0.91205,-0.38931,-0.54165,1.20779,-1.14649
-0.12881,0.91601,-0.37989,-0.25482,2.07079,-1.0495
-0.1245,0.90976,-0.39602,0.32134,0.89357,-0.41619
-0.12101,0.89882,-0.42128,-0.24946,-0.70802,0.08095
-0.11864,0.89157,-0.43706,-0.46185,-0.77286,-0.03403
-0.11766,0.89468,-0.43093,-0.54642,-0.0509,0.01743
-0.13297,0.907,-0.39959,0.07995,1.31732,0.95339
-0.14316,0.91405,-0.3795,-0.14042,1.52275,0.97128
-0.13731,0.90456,-0.40361,-0.28716,-0.30666,1.15439
-0.13504,0.91035,-0.39118,-0.2282,-1.07137,0.22828
-0.13127,0.93316,-0.33462,0.0911,-0.7823,0.62413
-0.12185,0.95699,-0.2633,0.46438,0.1483,1.18735
-0.10692,0.97299,-0.20457,0.19246,0.73308,0.30281
-0.11342,0.98043,-0.16087,0.14635,0.40157,0.06123
-0.13725,0.98258,-0.12529,-0.02396,0.01658,0.09805
-0.16322,0.98218,-0.09313,-0.15607,-0.00893,0.14836
-0.17781,0.98173,-0.06774,-0.15604,-0.16846,0.15882
-0.19475,0.98014,-0.03728,0.02122,-0.15908,0.10236
-0.21137,0.9774,-0.00348,0.15076,-0.04987,0.13404
-0.22474,0.97403,0.02739,0.38847,-0.0599,0.06381
-0.23397,0.97083,0.05231,0.25698,-0.10869,-0.13918
-0.24128,0.96738,0.07719,-0.08204,-0.14871,0.0696
-0.24978,0.96222,0.10832,-0.09065,-0.12829,0.08625
-0.26386,0.95461,0.13815,0.1089,0.03466,-0.08659
-0.28145,0.94511,0.16599,0.12655,0.08445,-0.13201
-0.30077,0.93427,0.19148,-0.02064,0.08785,-0.29489
-0.31887,0.92306,0.21512,0.02597,0.21773,-0.25151
-0.33826,0.91185,0.2326,0.30042,0.40535,-0.25781
-0.35826,0.90109,0.24429,0.39064,0.41955,-0.35197
-0.37496,0.89286,0.2494,0.41236,0.42494,-0.26542
-0.38619,0.88795,0.24977,0.43816,0.52821,-0.38136
-0.39211,0.88623,0.24665,0.25007,0.53447,-0.39237
-0.39513,0.88853,0.23319,0.11287,0.56374,-0.42551
-0.39544,0.89448,0.20862,0.1027,0.36938,-0.3064
-0.39527,0.90375,0.16425,0.11596,0.28649,-0.11394
-0.38839,0.9152,0.10749,0.05898,0.15438,0.0889
-0.37358,0.92632,0.04863,-0.23859,0.42161,0.33243
-0.35414,0.93517,-0.00557,-0.3674,0.52461,0.33405
-0.33487,0.94031,-0.06057,-0.28502,0.51344,0.22367
-0.3126,0.94353,-0.10968,-0.03261,0.19269,0.21028
-0.28376,0.94731,-0.1486,-0.10177,0.24679,0.23563
-0.2543,0.95026,-0.17983,-0.2822,0.24588,0.44747
-0.2185,0.95329,-0.20853,-0.13031,-0.03961,0.47904
-0.1857,0.9519,-0.24372,-0.05415,-0.12565,0.47946
-0.15728,0.94547,-0.28521,0.15096,-0.30227,0.45466
-0.1395,0.93549,-0.32464,0.11253,-0.30287,0.54579
-0.12682,0.92397,-0.36082,0.08835,-0.29529,0.55374
-0.12023,0.9109,-0.39472,0.0086,-0.33332,0.56126
-0.11692,0.8979,-0.42437,-0.14904,-0.48149,0.5604
-0.11577,0.88733,-0.44635,-0.16971,-0.51603,0.6098
-0.11566,0.88013,-0.46042,-0.21121,-0.58964,0.62614
-0.11584,0.87751,-0.46535,-0.17013,-0.5371,0.53865
-0.11948,0.87924,-0.46115,-0.09458,-0.51786,0.44998
-0.12497,0.88675,-0.44504,0.01242,-0.42881,0.22842
-0.12733,0.89975,-0.4174,-0.14472,-0.07633,-0.43338
-0.12266,0.91395,-0.38685,-0.32496,0.11764,-0.82
-0.12155,0.92062,-0.37105,-0.32553,1.78742,-1.109
-0.12309,0.91851,-0.37573,0.1915,2.00175,-0.88981
-0.11758,0.91008,-0.3974,0.14358,0.2442,-0.31606
-0.11692,0.90015,-0.41959,-0.28823,-0.91654,0.02769
-0.11286,0.89607,-0.42933,-0.33634,-0.57793,-0.10567
-0.11557,0.90197,-0.41604,-0.31467,-0.28519,0.12086
-0.13174,0.92067,-0.36744,-0.40999,2.10407,0.50181
-0.13136,0.92928,-0.34522,-0.52895,2.02938,-0.34803
-0.1207,0.91626,-0.38195,-0.47346,0.51228,0.50976
-0.12404,0.9214,-0.36828,-0.14176,-1.45349,0.44175
-0.11796,0.94158,-0.31545,0.1227,-0.8131,0.99485
-0.11393,0.96111,-0.25156,0.13542,-0.29517,1.08533
-0.10927,0.97681,-0.18411,0.20023,1.23501,0.51309
-0.1259,0.9827,-0.13579,0.14975,0.48959,0.17281
-0.1443,0.98365,-0.1077,0.09713,0.26232,0.05353
-0.1569,0.98402,-0.08412,0.0456,-0.19295,0.20344
-0.17336,0.98323,-0.0565,-0.15373,-0.25698,0.16734
-0.18449,0.98258,-0.02215,-0.09195,-0.21569,0.16825
-0.19521,0.98067,0.01288,0.04262,-0.20232,0.2017
-0.20745,0.97717,0.04572,0.14962,-0.1963,0.04889
-0.21849,0.97267,0.07853,0.14946,-0.19973,-0.06591
-0.22972,0.9672,0.10833,-0.00015,-0.13085,0.04451
-0.24234,0.96026,0.13843,0.03898,-0.01362,-0.00515
-0.25749,0.95159,0.16785,0.12571,0.0963,-0.12764
-0.27587,0.94101,0.19592,0.10393,0.15398,-0.23371
-0.29477,0.92963,0.22109,-0.02072,0.21912,-0.37757
-0.31309,0.91855,0.24131,0.01391,0.23004,-0.33458
-0.33294,0.90776,0.25516,0.54301,0.52603,-0.30626
-0.35088,0.89869,0.2631,0.5387,0.52018,-0.30322
-0.36189,0.8933,0.26655,0.46668,0.51431,-0.29078
-0.36705,0.89123,0.26641,0.12017,0.50964,-0.45803
-0.37092,0.89133,0.26064,0.04089,0.4616,-0.3281
-0.37657,0.89453,0.24084,0.04654,0.45841,-0.3083
-0.38047,0.90136,0.20683,0.26783,0.30768,-0.37657
-0.3777,0.91296,0.1544,0.15198,0.15279,-0.06405
-0.3633,0.92662,0.09685,0.13758,0.13913,-0.0065
-0.34163,0.93895,0.04051,-0.3504,0.39297,0.3436
-0.31932,0.94751,-0.01588,-0.46382,0.58231,0.30993
-0.29796,0.95181,-0.07259,-0.30644,0.44985,0.14797
-0.27376,0.95422,-0.12049,-0.24796,0.30492,0.16332
-0.2464,0.95569,-0.16108,-0.45459,0.331,0.32678
-0.21564,0.95592,-0.19929,-0.461,0.32034,0.38952
-0.17917,0.9557,-0.23351,-0.1749,-0.00508,0.45876
-0.14253,0.95036,-0.27657,0.10596,-0.36021,0.45824
-0.11717,0.93906,-0.32316,0.09851,-0.39548,0.49479
-0.10131,0.92463,-0.36715,0.07553,-0.29477,0.59928
-0.09448,0.90819,-0.40775,-0.00759,-0.40157,0.56121
-0.09297,0.89242,-0.44153,-0.0433,-0.43239,0.56442
-0.09656,0.87858,-0.46773,-0.08643,-0.44082,0.63297
-0.10373,0.86643,-0.4884,-0.15717,-0.51331,0.63914
-0.11041,0.85943,-0.49918,-0.15573,-0.54258,0.63178
-0.11599,0.85964,-0.49756,-0.11776,-0.5595,0.5497
-0.12058,0.86766,-0.4823,0.08069,-0.40332,0.22673
-0.12162,0.88292,-0.45349,-0.02045,-0.12711,-0.13666
-0.1162,0.89989,-0.42035,-0.29134,0.23386,-0.86446
-0.10604,0.91195,-0.39637,-0.44319,0.46386,-1.0854
-0.10628,0.91595,-0.38697,-0.38415,1.59995,-1.02148
-0.10559,0.91004,-0.40084,0.06433,0.21253,-0.24847
-0.10879,0.89963,-0.42288,-0.0345,-0.22582,-0.04755
-0.10869,0.89366,-0.43537,-0.38264,-0.62482,-0.0481
-0.11192,0.89677,-0.4281,-0.57724,0.54441,0.00439
-0.1287,0.90708,-0.4008,0.13967,1.52676,0.73796
-0.12836,0.90558,-0.40429,0.05991,1.46529,1.12539
-0.12029,0.89654,-0.42631,-0.40418,-1.45582,0.75106
-0.11039,0.90738,-0.40556,-0.55527,-1.37155,0.01028
-0.10916,0.93325,-0.34224,0.40957,-0.23834,1.43296
-0.09055,0.95954,-0.26661,0.3968,0.80439,0.93318
-0.07186,0.97472,-0.21153,0.1854,0.74044,0.19695
-0.08268,0.98199,-0.16985,0.1283,0.07181,0.0441
-0.1053,0.98572,-0.13137,-0.01756,-0.10016,0.1585
-0.13239,0.98714,-0.08956,-0.20561,-0.07312,0.28055
-0.14857,0.98703,-0.06065,-0.05928,-0.17646,0.14171
-0.1673,0.98541,-0.03106,0.05786,-0.04471,0.08803
-0.18499,0.98273,0.00391,0.1476,-0.02921,0.14079
-0.19674,0.97966,0.03928,0.18949,-0.01653,0.11209
-0.20585,0.97601,0.07089,0.21961,-0.2022,-0.09894
-0.21589,0.97176,0.09516,-0.11651,-0.10728,-0.04145
-0.22764,0.96594,0.123,-0.12525,-0.09341,0.04425
-0.24233,0.95825,0.15176,0.09491,0.01182,-0.09001
-0.25867,0.94945,0.17785,0.22174,0.09781,-0.05575
-0.27702,0.93961,0.20095,0.11717,0.13062,-0.23496
-0.29397,0.92954,0.22256,-0.07119,0.19503,-0.24108
-0.3118,0.91978,0.23827,0.1112,0.32079,-0.21436
-0.33079,0.91019,0.24925,0.30242,0.45973,-0.34927
-0.3479,0.90279,0.25285,0.41357,0.41315,-0.23162
-0.36014,0.89817,0.25215,0.39951,0.48857,-0.30404
-0.36723,0.89607,0.24937,0.21601,0.44929,-0.39255
-0.37181,0.8972,0.23825,0.14879,0.5429,-0.21489
-0.37323,0.9019,0.21738,0.16747,0.44653,-0.35316
-0.37236,0.9106,0.1793,0.1508,0.36962,-0.24781
-0.36409,0.92259,0.1275,0.10908,0.19872,-0.03955
-0.34878,0.93451,0.07096,-0.16698,0.16057,0.19607
-0.32843,0.94437,0.01687,-0.2731,0.29524,0.36667
-0.30826,0.95053,-0.03827,-0.34726,0.5311,0.2546
-0.28684,0.95347,-0.09281,-0.2549,0.29582,0.17827
-0.25943,0.95578,-0.13848,-0.25728,0.24601,0.25422
-0.22808,0.95744,-0.17686,-0.41953,0.33809,0.30299
-0.19247,0.95948,-0.20577,-0.21459,0.09278,0.46291
-0.15897,0.95679,-0.24345,-0.06451,-0.0976,0.50247
-0.12437,0.94801,-0.2929,0.13821,-0.29793,0.36276
-0.10234,0.93504,-0.33944,0.13866,-0.28685,0.44457
-0.08961,0.92041,-0.38054,0.06189,-0.33949,0.55505
-0.08388,0.90455,-0.41802,-0.04053,-0.44119,0.52995
-0.08258,0.8894,-0.44961,-0.12591,-0.44482,0.57902
-0.08579,0.87626,-0.47414,-0.17352,-0.48345,0.60369
-0.08976,0.86677,-0.49055,-0.19442,-0.54341,0.62021
-0.09388,0.8619,-0.4983,-0.15829,-0.52534,0.58168
-0.09961,0.86221,-0.49665,-0.0373,-0.48384,0.45489
-0.10815,0.86825,-0.4842,0.06938,-0.36358,0.09368
-0.11202,0.8814,-0.45888,0.01251,-0.27446,-0.14569
-0.10725,0.89812,-0.42646,-0.13461,-0.14762,-0.47004
-0.1011,0.90859,-0.40525,-0.50271,0.83532,-1.04111
-0.10468,0.90969,-0.40187,0.04125,2.08023,-0.91769
-0.10353,0.90238,-0.41832,0.28882,1.48541,-0.5188
-0.10767,0.89029,-0.44248,-0.11587,-0.46638,0.06938
-0.10877,0.88111,-0.46022,-0.3577,-1.01783,0.01172
-0.1064,0.88261,-0.4579,-0.50538,-0.70938,-0.12731
-0.11881,0.89878,-0.42198,-0.07722,0.57712,0.99475
-0.12318,0.91909,-0.37429,0.08394,1.31304,1.2122
-0.10075,0.91117,-0.39953,-0.33861,1.87997,0.10184
-0.09936,0.90797,-0.40706,-0.28704,-1.43042,0.54313
-0.09378,0.92735,-0.36225,-0.04444,-0.8218,0.93878
-0.08988,0.95072,-0.29672,-0.04833,-0.84518,0.87326
-0.07971,0.97126,-0.22426,0.30177,1.05235,0.60337
-0.07772,0.98246,-0.16949,0.33749,0.40974,0.01168
-0.09674,0.98581,-0.13713,0.28429,0.10629,-0.04695
-0.12009,0.98698,-0.10697,-0.01871,-0.04431,0.17528
-0.13781,0.98721,-0.08008,-0.10115,-0.15135,0.24601
-0.15256,0.9869,-0.05237,-0.0093,-0.23113,0.04433
-0.16918,0.9854,-0.01896,0.08964,-0.10106,0.04312
-0.18235,0.98313,0.01418,0.2119,-0.03118,0.09548
-0.19277,0.98025,0.04409,0.21236,-0.05108,-0.00917
-0.20087,0.97699,0.07165,0.05664,-0.15092,-0.20132
-0.20951,0.9731,0.09579,-0.22081,-0.21255,-0.12275
-0.22265,0.96724,0.12189,-0.17402,-0.14987,0.01117
-0.23967,0.95926,0.14955,0.16965,0.07074,0.01692
-0.2576,0.94975,0.1778,0.34866,0.16799,-0.00169
-0.27558,0.93971,0.20243,0.15058,0.15741,-0.29172
-0.29118,0.93001,0.22421,-0.00798,0.21841,-0.23601
-0.30763,0.92059,0.24054,0.14221,0.40987,-0.31148
-0.32555,0.91205,0.24932,0.31411,0.45762,-0.2555
-0.34121,0.90598,0.25051,0.52149,0.52131,-0.29979
-0.35024,0.90289,0.24922,0.20049,0.47443,-0.45003
-0.35507,0.90248,0.24381,0.14856,0.43079,-0.46545
-0.35998,0.90483,0.22734,0.21402,0.43378,-0.24189
-0.36375,0.90985,0.19962,0.14744,0.27282,-0.3798
-0.36437,0.9188,0.15177,0.17353,0.14494,-0.09749
-0.35491,0.9301,0.09451,0.1864,0.033,0.06955
-0.33474,0.9415,0.03894,-0.13762,0.48431,0.4241
-0.30923,0.95088,-0.01427,-0.31464,0.66447,0.4919
-0.28312,0.95666,-0.06806,-0.39867,0.52923,0.1132
-0.25339,0.96038,-0.11596,-0.35471,0.34359,0.07243
-0.22022,0.96364,-0.15128,-0.62082,0.47021,0.32292
-0.18311,0.96599,-0.18257,-0.47163,0.25029,0.54997
-0.15,0.96221,-0.22723,-0.09147,-0.11354,0.50238
-0.11421,0.95312,-0.28019,0.07185,-0.36171,0.45724
-0.08824,0.93803,-0.33512,0.14995,-0.46347,0.45002
-0.07397,0.92125,-0.38187,0.1249,-0.40826,0.5295
-0.07081,0.90308,-0.42359,0.08949,-0.34694,0.59958
-0.07414,0.88574,-0.45822,-0.10911,-0.44143,0.57813
-0.08034,0.87105,-0.48457,-0.19372,-0.50901,0.60093
-0.08589,0.86099,-0.50132,-0.17232,-0.54806,0.61434
-0.08918,0.85671,-0.50803,-0.14582,-0.56029,0.58878
-0.09284,0.85875,-0.50391,-0.08911,-0.55005,0.53009
-0.09802,0.86788,-0.487,-0.0096,-0.54499,0.42683
-0.1003,0.88404,-0.45651,0.08817,-0.30775,0.00992
-0.0945,0.90304,-0.41903,-0.18197,0.05746,-0.80345
-0.08679,0.91396,-0.39641,-0.2638,0.38106,-1.07902
-0.0909,0.91489,-0.39332,0.00589,2.07531,-1.01424
-0.09097,0.90645,-0.4124,0.1048,0.69649,-0.29764
-0.09373,0.89347,-0.43923,-0.09425,0.17742,-0.14435
-0.09651,0.8828,-0.45972,-0.65369,0.66607,-0.2135
-0.11074,0.87918,-0.46343,-0.01418,1.11293,-0.63375
-0.1205,0.86962,-0.47879,-0.00442,1.12249,-0.6184
-0.12056,0.86213,-0.49213,-0.33294,-1.70147,1.67237
-0.11437,0.87475,-0.47088,-0.5962,-1.12321,-0.15651
-0.10435,0.89818,-0.42705,-0.60622,-1.14664,-0.20034
-0.09798,0.93239,-0.3479,0.58257,1.31655,1.11124
-0.07508,0.95591,-0.28387,0.58051,1.20867,0.59847
-0.07044,0.96498,-0.25268,0.39486,0.45609,-0.07888
-0.07293,0.97223,-0.22236,0.07528,-0.29234,0.1038
-0.08026,0.98035,-0.18018,-0.23585,-0.3689,0.14949
-0.10125,0.98621,-0.13089,-0.24726,-0.05309,0.24747
-0.129,0.98719,-0.09379,-0.13423,0.14023,0.22097
-0.14978,0.9866,-0.06457,0.23632,0.06065,-0.05182
-0.16977,0.98493,-0.03287,0.25519,0.01637,-0.06227
-0.18318,0.98307,-0.00178,0.18205,-0.11038,-0.03571
-0.19246,0.98077,0.03216,-0.06378,-0.28499,-0.02548
-0.20254,0.97712,0.06486,-0.10755,-0.2862,-0.00714
-0.21787,0.97148,0.0935,-0.06286,-0.21483,-0.04524
-0.23656,0.96399,0.12144,0.13953,-0.03833,0.01193
-0.25539,0.9549,0.15142,0.20394,-0.00721,-0.01339
-0.27455,0.94445,0.18061,0.2371,0.10605,-0.09234
-0.2933,0.93385,0.20468,0.08251,0.16875,-0.39524
-0.31037,0.92398,0.22342,-0.0448,0.26356,-0.18579
-0.32736,0.91508,0.23548,0.19914,0.33823,-0.2569
-0.34484,0.90706,0.24149,0.36727,0.37468,-0.24355
-0.35928,0.90081,0.24381,0.47279,0.52927,-0.24712
-0.36785,0.89731,0.24393,0.28313,0.52885,-0.28594
-0.3716,0.89736,0.238,0.23221,0.77322,-0.16145
-0.37046,0.90214,0.22112,0.25502,0.73054,-0.19109
-0.36293,0.91224,0.18997,-0.1716,0.46612,-0.32227
-0.35157,0.92552,0.14073,-0.33264,0.14325,-0.11832
-0.33697,0.93794,0.08188,-0.30425,0.03343,0.00204
-0.3185,0.94759,0.02497,-0.16363,0.45656,0.43609
-0.29937,0.95362,-0.03135,-0.21113,0.61665,0.191
-0.27672,0.95714,-0.08547,-0.17723,0.48837,0.09411
-0.24401,0.96113,-0.12914,-0.23458,0.29694,0.21439
-0.20798,0.96535,-0.15758,-0.44083,0.43322,0.32212
-0.17137,0.96725,-0.18722,-0.40958,0.29072,0.58053
-0.13978,0.9617,-0.23578,-0.0555,-0.23181,0.55372
-0.11173,0.94918,-0.29422,0.06908,-0.3955,0.40358
-0.09184,0.93368,-0.34611,0.09756,-0.41219,0.43063
-0.08126,0.91755,-0.38921,0.0653,-0.27276,0.6592
-0.07716,0.89894,-0.43122,-0.01766,-0.31419,0.57553
-0.0763,0.88233,-0.4644,-0.08828,-0.36855,0.54118
-0.08017,0.86829,-0.48954,-0.13653,-0.43498,0.62737
-0.08451,0.85853,-0.50575,-0.16297,-0.5055,0.66493
-0.08898,0.85388,-0.5128,-0.17223,-0.51648,0.66504
-0.09421,0.85561,-0.50897,-0.08383,-0.52452,0.527
-0.09855,0.86472,-0.49248,0.02003,-0.49596,0.2759
-0.09809,0.88106,-0.46271,0.00504,-0.28586,-0.07196
-0.09075,0.89773,-0.4311,-0.24928,0.10406,-0.88699
-0.08692,0.90666,-0.4128,-0.51783,1.02074,-1.17587
-0.09381,0.90549,-0.41387,-0.28753,1.83252,-1.05433
-0.09315,0.89709,-0.4319,-0.0726,-0.25766,-0.11189
-0.09435,0.88725,-0.45153,-0.52279,-0.79266,0.15648
-0.08936,0.88402,-0.45882,-0.52714,-0.5203,0.05054
-0.0967,0.8897,-0.44618,-0.76865,0.1613,0.04997
-0.11535,0.9013,-0.41755,0.21133,1.41091,0.95426
-0.11319,0.90138,-0.41796,-0.01337,1.16974,0.94413
-0.11009,0.89633,-0.42949,-0.0746,-0.70288,1.15819
-0.10305,0.90937,-0.40301,-0.09788,-0.6836,0.31735
-0.09283,0.93599,-0.33957,0.2209,-0.42674,0.88556
-0.06976,0.9596,-0.27258,0.35173,0.28928,1.07112
-0.05484,0.9734,-0.22244,0.03161,0.39728,0.16973
-0.06451,0.98135,-0.18105,-0.01076,0.18222,0.0384
-0.08859,0.98654,-0.13742,-0.25855,0.0978,0.31889
-0.11534,0.98841,-0.09861,-0.18294,0.0138,0.22229
-0.133,0.98839,-0.07347,-0.06824,-0.03734,0.16015
-0.15397,0.98719,-0.04161,0.24563,0.03972,0.1818
-0.16943,0.98553,-0.00465,0.30864,0.00152,0.18092
-0.17978,0.98335,0.02645,0.3685,-0.03588,0.14342
-0.18646,0.98097,0.05401,0.17885,-0.19275,-0.09744
-0.19254,0.97801,0.08014,-0.14549,-0.20138,-0.00354
-0.20167,0.97318,0.11062,-0.21878,-0.20888,0.07522
-0.21709,0.96601,0.1403,0.06563,0.01688,-0.03868
-0.23604,0.95694,0.16895,0.17038,0.12908,-0.05845
-0.25674,0.94666,0.1947,0.12742,0.14425,-0.20761
-0.27572,0.93613,0.21826,-0.02534,0.23235,-0.21771
-0.29569,0.9259,0.23508,0.25812,0.40392,-0.31498
-0.31549,0.91626,0.24682,0.38371,0.50178,-0.39202
-0.33099,0.90978,0.25046,0.48826,0.4885,-0.2875
-0.33853,0.90717,0.24987,0.31022,0.51568,-0.37017
-0.34126,0.90747,0.245,0.18656,0.49196,-0.4253
-0.34392,0.91024,0.23058,0.0551,0.56072,-0.31622
-0.3458,0.91573,0.20457,0.11045,0.41438,-0.40493
-0.34599,0.92468,0.15886,0.18216,0.24014,-0.14118
-0.33748,0.93569,0.10287,0.15833,0.12161,0.0573
-0.32132,0.94589,0.04519,-0.05021,0.28414,0.29099
-0.30148,0.95342,-0.00912,-0.28137,0.47204,0.41822
-0.28206,0.95724,-0.06424,-0.30638,0.52184,0.18992
-0.2562,0.95999,-0.11304,-0.17022,0.35737,0.11193
-0.2252,0.96343,-0.14519,-0.32827,0.33084,0.39021
-0.19473,0.96384,-0.1819,-0.43121,0.27318,0.49424
-0.16374,0.96129,-0.22158,-0.18094,0.0307,0.49839
-0.13387,0.95342,-0.27031,-0.00523,-0.11777,0.47952
-0.10642,0.94139,-0.32008,0.18307,-0.27122,0.43327
-0.09249,0.92587,-0.36635,0.10206,-0.34457,0.53097
-0.08566,0.90908,-0.40772,0.06365,-0.33026,0.57014
-0.08419,0.8929,-0.4423,-0.03948,-0.37563,0.55638
-0.08718,0.87875,-0.46925,-0.18464,-0.44027,0.58046
-0.0908,0.86831,-0.48764,-0.19024,-0.46448,0.62705
-0.09475,0.86211,-0.49778,-0.18363,-0.49904,0.66149
-0.09893,0.86022,-0.50023,-0.13107,-0.4408,0.58684
-0.10405,0.86269,-0.49491,-0.07247,-0.43506,0.48995
-0.10612,0.87178,-0.47825,0.01537,-0.43811,0.21343
-0.10629,0.8865,-0.45034,-0.07274,-0.07838,-0.25464
-0.10404,0.90126,-0.4206,-0.19494,0.12832,-0.50528
-0.10338,0.90875,-0.40433,-0.3898,0.72986,-0.91395
-0.10792,0.90665,-0.40784,0.21978,1.39448,-0.66056
-0.10445,0.89771,-0.42803,0.13493,0.57821,-0.38311
-0.10498,0.88794,-0.4478,-0.17344,-0.53708,-0.00332
-0.10413,0.88426,-0.45523,-0.26791,-0.6192,0.00042
-0.10586,0.88927,-0.44496,-0.36893,0.14058,0.07494
-0.11888,0.90174,-0.4156,0.04677,0.95081,0.89923
-0.11541,0.91222,-0.3931,-0.15714,1.38543,0.70963
-0.0953,0.90652,-0.41127,-0.28521,-0.55654,1.04675
-0.08663,0.91192,-0.40112,-0.2502,-1.20008,0.32562
-0.07563,0.93405,-0.34904,-0.05628,-0.69609,0.65212
-0.06529,0.95537,-0.28808,0.11099,0.13654,1.08201
-0.05562,0.97175,-0.22933,-0.06049,0.46231,0.28845
-0.06392,0.9822,-0.17659,-0.01768,0.2793,0.12169
-0.08914,0.98727,-0.13171,0.03887,0.17347,0.09602
-0.11739,0.98863,-0.09393,0.07172,0.04863,0.26457
-0.13516,0.98845,-0.06847,0.1103,-0.07242,0.17328
-0.15365,0.98737,-0.03847,0.09559,-0.081,0.09987
-0.16876,0.98564,-0.00455,0.15851,-0.00482,0.18222
-0.17999,0.98335,0.02475,0.24298,-0.13965,-0.01895
-0.18788,0.98081,0.05203,0.19521,-0.19617,-0.1179
-0.19522,0.97761,0.07849,-0.13327,-0.16567,0.05029
-0.20462,0.97286,0.10799,-0.15982,-0.11794,0.12492
-0.2174,0.9666,0.1357,-0.07316,-0.05499,0.03447
-0.23384,0.95865,0.16215,0.08216,0.08847,-0.11171
-0.25107,0.9496,0.18764,-0.11404,0.10875,-0.27135
-0.26813,0.94008,0.2106,-0.09699,0.11827,-0.29431
-0.28809,0.9299,0.22863,0.37093,0.29808,-0.16381
-0.30609,0.92149,0.23907,0.28456,0.36765,-0.36134
-0.31781,0.91571,0.24589,0.29628,0.37343,-0.36816
-0.32574,0.91238,0.2479,0.26127,0.37248,-0.24645
-0.33152,0.91072,0.24633,0.23708,0.42322,-0.41346
-0.33687,0.9111,0.23751,0.12004,0.47872,-0.33273
-0.33977,0.91526,0.21644,0.19524,0.51576,-0.30088
-0.33927,0.92327,0.18017,0.17308,0.39602,-0.29823
-0.33244,0.93477,0.12522,0.10685,0.20082,-0.09879
-0.31728,0.94614,0.06437,-0.09604,0.19567,0.048
-0.29521,0.95541,0.00508,-0.34423,0.46843,0.42361
-0.27398,0.96024,-0.05352,-0.36781,0.52368,0.35265
-0.2515,0.96166,-0.10929,-0.26829,0.43595,0.16982
-0.22306,0.96252,-0.15427,-0.26687,0.32357,0.2558
-0.19463,0.96161,-0.19345,-0.38416,0.346,0.31905
-0.16295,0.95976,-0.22871,-0.28074,0.3328,0.48821
-0.13018,0.9539,-0.27042,0.00112,-0.09771,0.43333
-0.09826,0.94285,-0.31838,0.08962,-0.18858,0.41238
-0.07778,0.92888,-0.36212,0.12923,-0.3152,0.48156
-0.06645,0.91357,-0.40121,0.03571,-0.36175,0.59222
-0.06316,0.89739,-0.43669,-0.09788,-0.42866,0.56558
-0.06405,0.88253,-0.46586,-0.22106,-0.45558,0.59353
-0.06771,0.86981,-0.48872,-0.23487,-0.47789,0.64918
-0.07166,0.86053,-0.50432,-0.19984,-0.51411,0.64499
-0.07625,0.85575,-0.51174,-0.13868,-0.49834,0.58693
-0.08209,0.85686,-0.50896,-0.09295,-0.47379,0.51451
-0.0888,0.86393,-0.49571,0.11326,-0.40011,0.15156
-0.08734,0.87883,-0.46907,-0.01824,-0.21837,-0.28876
-0.08003,0.89428,-0.44029,-0.26807,0.17935,-0.80374
-0.07687,0.9019,-0.42504,-0.39301,0.96364,-0.90249
-0.08255,0.90003,-0.42793,0.17949,1.85795,-0.77296
-0.08421,0.89026,-0.44759,0.0065,0.49441,-0.19565
-0.09091,0.87664,-0.47248,-0.10508,-0.04355,0.00367
-0.09261,0.86773,-0.48833,-0.40713,-0.70865,0.01772
-0.09249,0.86979,-0.48467,-0.47512,-0.48933,-0.074
-0.105,0.88195,-0.45949,-0.14956,0.69426,0.31469
-0.10782,0.89602,-0.43072,0.10573,1.49418,1.13279
-0.09351,0.89296,-0.44031,-0.15179,-0.11436,1.19687
-0.08574,0.89455,-0.43867,-0.40987,-1.19872,0.47661
-0.07716,0.91255,-0.40162,-0.0041,-0.34712,0.76312
-0.06969,0.93868,-0.33765,0.29691,0.06438,1.22423
-0.0466,0.96021,-0.27533,0.4566,0.39423,1.11637
-0.03167,0.97251,-0.23068,0.17606,0.40583,0.14495
-0.03804,0.98121,-0.18915,0.00969,-0.05231,0.11116
-0.05583,0.98787,-0.14487,-0.11101,-0.1459,0.12342
-0.08252,0.99148,-0.10076,-0.19163,-0.01888,0.33805
-0.1038,0.99183,-0.07411,0.03887,-0.02747,0.05364
-0.12288,0.99097,-0.05357,0.0857,-0.01926,-0.0577
-0.14098,0.98967,-0.02594,0.12514,-0.03402,0.0202
-0.15316,0.98819,0.00334,0.12774,-0.1203,-0.02564
-0.16209,0.98623,0.03266,0.13939,-0.17802,-0.00088
-0.17011,0.98363,0.05938,0.12398,-0.18025,0.05306
-0.18026,0.98013,0.08266,-0.08443,-0.09917,0.01513
-0.19403,0.97458,0.11194,-0.05901,-0.08174,0.00874
-0.21145,0.96676,0.14371,0.0487,-0.01556,-0.02363
-0.23037,0.95755,0.17326,0.05074,0.04653,-0.23844
-0.24825,0.94823,0.19803,-0.02342,0.10479,-0.29048
-0.26557,0.93954,0.21616,-0.09047,0.25878,-0.21506
-0.28426,0.93135,0.22754,0.29853,0.40432,-0.24034
-0.30166,0.92472,0.23212,0.43995,0.4447,-0.19137
-0.31404,0.9204,0.23287,0.42157,0.53474,-0.25649
-0.32082,0.91867,0.23045,0.12189,0.42655,-0.35002
-0.32558,0.91895,0.22255,0.11865,0.48982,-0.29706
-0.32873,0.92217,0.20379,0.22226,0.60585,-0.39356
-0.32997,0.92892,0.16796,0.13949,0.30583,-0.28552
-0.32545,0.9386,0.11444,0.11842,0.18707,-0.17605
-0.3129,0.94825,0.05391,-0.05357,0.16074,0.1947
-0.29348,0.95595,-0.00445,-0.14473,0.31596,0.3995
-0.27319,0.95998,-0.06165,-0.23687,0.54414,0.42361
-0.24813,0.96174,-0.11613,-0.20305,0.30244,0.12844
-0.21421,0.96405,-0.15719,-0.29502,0.33542,0.33267
-0.18002,0.96461,-0.19262,-0.38611,0.37502,0.44747
-0.15061,0.96185,-0.22836,-0.24784,0.05097,0.45421
-0.12152,0.95451,-0.27226,-0.0526,-0.17557,0.47351
-0.09085,0.9425,-0.32161,0.16781,-0.32806,0.35813
-0.07132,0.92816,-0.36528,0.11301,-0.32194,0.49544
-0.06181,0.91229,-0.40486,0.0381,-0.31661,0.62591
-0.06001,0.89535,-0.4413,-0.06684,-0.38229,0.59312
-0.06345,0.88005,-0.47062,-0.19644,-0.42961,0.59848
-0.0712,0.86714,-0.49294,-0.17797,-0.44751,0.69758
-0.07927,0.85828,-0.50702,-0.15056,-0.47778,0.66009
-0.08628,0.85469,-0.51192,-0.08564,-0.52755,0.56116
-0.09225,0.85839,-0.50463,0.01156,-0.52097,0.38992
-0.09749,0.86952,-0.48418,0.11826,-0.40179,0.12337
-0.09526,0.88723,-0.45138,-0.06386,-0.14199,-0.36246
-0.08553,0.90291,-0.42122,-0.46527,0.29586,-0.95815
-0.08304,0.90973,-0.40681,-0.52774,1.45816,-1.04115
-0.0822,0.9056,-0.41609,0.35623,1.54666,-0.57371
-0.08424,0.89305,-0.44198,0.0483,-0.01674,-0.16458
-0.09464,0.87945,-0.46649,-0.09556,-0.41007,0.09907
-0.09815,0.87451,-0.47496,-0.48257,-0.67357,-0.03343
-0.10671,0.88414,-0.45486,-0.03928,0.41093,1.01476
-0.10962,0.90665,-0.40739,0.03461,1.15488,1.25868
-0.08913,0.90935,-0.40637,-0.39199,1.74429,0.05508
-0.08488,0.90134,-0.42471,-0.22434,-1.18392,0.70374
-0.08705,0.91381,-0.39669,-0.23418,-1.21519,0.26231
-0.0818,0.93552,-0.34365,0.08079,-0.61863,0.75814
-0.06843,0.95723,-0.28111,0.28019,0.44856,0.72975
-0.0549,0.97301,-0.22411,0.21895,0.65815,0.39597
-0.0638,0.98177,-0.17904,0.16692,0.37654,0.1226
-0.08733,0.98608,-0.14144,-0.02189,0.08397,0.17043
-0.10955,0.98744,-0.11377,-0.09746,-0.00276,0.20947
-0.12541,0.98794,-0.09079,-0.07397,-0.20708,0.14044
-0.14108,0.98816,-0.06019,0.05461,-0.15471,0.13774
-0.15354,0.98777,-0.02676,0.117,-0.14871,0.15812
-0.16402,0.98643,0.00673,0.1745,-0.16853,0.14966
-0.1729,0.98418,0.03864,0.06917,-0.17189,0.02354
-0.18312,0.98062,0.06949,-0.03447,-0.191,0.0171
-0.19603,0.97528,0.10193,-0.13769,-0.13937,0.03394
-0.21251,0.968,0.13339,0.04958,0.04031,-0.08604
-0.23102,0.95892,0.16459,0.08596,0.1165,-0.10929
-0.25113,0.94886,0.19128,0.06778,0.20602,-0.23899
-0.27001,0.93909,0.21257,0.03859,0.28083,-0.30655
-0.28904,0.93023,0.22609,0.16822,0.37479,-0.24867
-0.30665,0.92257,0.23414,0.45194,0.39985,-0.2711
-0.31937,0.91777,0.23599,0.37787,0.41991,-0.24841
-0.32516,0.91589,0.23537,0.23445,0.43759,-0.29955
-0.32842,0.91604,0.23022,-0.04452,0.37676,-0.43902
-0.33479,0.91809,0.21214,0.07146,0.48237,-0.31712
-0.34254,0.92242,0.17829,0.13186,0.55149,-0.43691
-0.3446,0.93032,0.1255,0.27869,0.24075,-0.07318
-0.33315,0.94054,0.06628,0.20192,0.22224,0.04508
-0.31164,0.95015,0.00894,-0.05173,0.30871,0.27715
-0.28916,0.95608,-0.04777,-0.38032,0.55115,0.10622
-0.26847,0.95766,-0.10392,-0.3424,0.42219,0.11814
-0.23946,0.95877,-0.15298,-0.31396,0.22389,0.21818
-0.20722,0.95881,-0.19426,-0.27628,0.26501,0.35892
-0.17676,0.95684,-0.23068,-0.16391,0.12056,0.48183
-0.14349,0.95295,-0.26698,-0.0725,-0.01053,0.50945
-0.11125,0.94392,-0.31086,0.09945,-0.18817,0.46116
-0.08716,0.93095,-0.35458,0.13402,-0.24552,0.46378
-0.07326,0.91611,-0.39416,0.07522,-0.25895,0.61055
-0.06856,0.89957,-0.43135,-0.06055,-0.39832,0.56477
-0.06823,0.88381,-0.46283,-0.14455,-0.42142,0.58268
-0.07218,0.87031,-0.48718,-0.21275,-0.4144,0.62164
-0.07708,0.86062,-0.50338,-0.19373,-0.46207,0.68038
-0.08138,0.85677,-0.50923,-0.16262,-0.49654,0.67952
-0.08721,0.85809,-0.50603,-0.15538,-0.48463,0.66126
-0.09106,0.86689,-0.4901,-0.00715,-0.48232,0.35944
-0.09024,0.88232,-0.46191,0.03186,-0.36452,0.05013
-0.08514,0.90039,-0.42666,-0.02986,-0.26728,-0.18699
-0.07987,0.91204,-0.40225,-0.28599,0.39532,-0.95158
-0.08506,0.91528,-0.39372,0.28376,1.94315,-0.8421
-0.08523,0.9084,-0.40931,0.28393,1.95003,-0.82651
-0.08687,0.89716,-0.43307,-0.09692,-0.17479,-0.13616
-0.08908,0.88979,-0.44758,-0.50883,-0.3931,-0.08191
-0.09173,0.89174,-0.44314,-0.57424,-0.02981,-0.09028
-0.1086,0.9014,-0.41914,-0.34327,0.81429,0.34529
-0.11048,0.90503,-0.41075,0.23601,1.63912,0.87616
-0.0972,0.89308,-0.43926,-0.18385,-0.27873,1.31742
-0.09564,0.89818,-0.42909,-0.55924,-1.26528,0.0947
-0.09507,0.92034,-0.37939,-0.26281,-0.91994,0.2687
-0.08615,0.94806,-0.3062,0.45781,0.12248,1.36488
-0.06327,0.9675,-0.24483,0.4205,1.03884,0.81641
-0.06412,0.97697,-0.20347,0.17915,0.25162,-0.05635
-0.0782,0.98199,-0.17197,0.13716,-0.02853,-0.06288
-0.10121,0.98577,-0.13421,-0.09435,-0.15146,0.14774
-0.12412,0.98704,-0.10162,-0.35284,-0.17764,0.3193
-0.1416,0.98695,-0.07666,-0.13548,-0.15644,0.03194
-0.16332,0.98556,-0.0446,0.0145,-0.06171,0.02972
-0.17959,0.98367,-0.01112,0.32116,-0.00574,0.182
-0.18947,0.98171,0.01853,0.37837,-0.07584,0.08492
-0.19453,0.97985,0.04518,-0.08872,-0.15867,0.04071
-0.20032,0.97701,0.07287,-0.14264,-0.15058,0.11079
-0.21068,0.97187,0.10516,-0.08862,-0.14358,0.07333
-0.22459,0.96506,0.1349,0.17372,0.03735,-0.07809
-0.24061,0.95701,0.16192,0.13793,0.05112,-0.10503
-0.25742,0.94794,0.18742,-0.12709,0.12608,-0.24867
-0.27439,0.93838,0.21007,0.00724,0.25205,-0.27275
-0.29358,0.92906,0.22504,0.34154,0.40564,-0.26883
-0.31184,0.92111,0.23301,0.4577,0.39406,-0.27288
-0.3249,0.91624,0.23438,0.40121,0.35637,-0.26241
-0.3319,0.91422,0.23244,0.20548,0.42114,-0.38897
-0.33604,0.9145,0.22526,0.05014,0.39998,-0.35981
-0.34106,0.91726,0.20567,0.18478,0.58909,-0.41373
-0.34549,0.92286,0.17016,0.22365,0.4873,-0.39683
-0.34493,0.93148,0.11552,0.25831,0.30858,-0.20275
-0.33305,0.94131,0.05475,0.14457,0.20421,0.06831
-0.31112,0.95036,-0.00108,-0.07585,0.37521,0.30453
-0.28813,0.95608,-0.05378,-0.23876,0.52731,0.36613
-0.26721,0.95785,-0.1054,-0.32302,0.54604,0.36123
-0.2405,0.95873,-0.15164,-0.22534,0.27713,0.31766
-0.21211,0.95856,-0.19018,-0.25002,0.27025,0.28603
-0.1814,0.95795,-0.22229,-0.31187,0.29341,0.42864
-0.15314,0.95448,-0.25593,-0.11046,-0.08267,0.48959
-0.12536,0.94703,-0.29565,-0.13823,-0.07522,0.5293
-0.10584,0.93593,-0.33591,0.13426,-0.32803,0.52591
-0.09496,0.92331,-0.37211,0.12146,-0.338,0.61236
-0.09094,0.9093,-0.40608,0.09856,-0.36308,0.61641
-0.09134,0.89501,-0.43659,-0.03357,-0.3899,0.54671
-0.09195,0.88326,-0.45976,-0.2052,-0.39535,0.54769
-0.09389,0.8748,-0.47529,-0.2527,-0.41446,0.64844
-0.09858,0.86955,-0.4839,-0.2307,-0.48652,0.72238
-0.10325,0.86873,-0.4844,-0.12325,-0.48601,0.54573
-0.10614,0.8734,-0.4753,-0.07512,-0.47406,0.41446
-0.1034,0.8844,-0.45513,0.03246,-0.34668,0.18866
-0.09587,0.8994,-0.42647,-0.14064,0.00545,-0.48144
-0.08734,0.91122,-0.40254,-0.22845,0.18222,-0.86133
-0.08755,0.91538,-0.39295,-0.04192,1.56627,-0.85952
-0.08686,0.91318,-0.39817,0.31998,0.95524,-0.49789
-0.08306,0.90499,-0.41724,-0.04098,-0.08545,-0.1078
-0.08507,0.89649,-0.4348,-0.3401,-0.6462,0.00638
-0.08127,0.89515,-0.43827,-0.4659,0.29424,0.17993
-0.08871,0.9036,-0.41908,-0.31302,0.69428,0.76681
-0.10613,0.91489,-0.38949,-0.09698,1.40774,0.96736
-0.09661,0.90885,-0.40576,-0.21491,-0.91268,0.97592
-0.09598,0.90836,-0.40701,-0.24928,-1.19922,0.45056
-0.09137,0.92664,-0.36466,0.02047,-0.8167,0.66488
-0.081,0.9511,-0.29806,0.30576,0.47066,0.91482
-0.06482,0.9696,-0.23592,0.22935,0.83467,0.60085
-0.06699,0.98039,-0.18532,0.18157,0.53063,0.18458
-0.08662,0.9853,-0.1472,0.00061,-0.00196,0.13282
-0.11102,0.98758,-0.11113,-0.15331,-0.08479,0.19502
-0.12554,0.98887,-0.07978,-0.23232,-0.20394,0.22564
-0.14037,0.98892,-0.04811,-0.06168,-0.17172,0.20952
-0.15746,0.98745,-0.01181,0.1831,-0.11846,0.22309
-0.1716,0.98498,0.0189,0.25003,-0.09882,-0.03462
-0.18214,0.98231,0.04328,0.17909,-0.11715,-0.16128
-0.19007,0.97934,0.06894,-0.04763,-0.16559,-0.05188
-0.19867,0.97526,0.09682,0.07892,-0.09417,0.16076
-0.21043,0.96965,0.12442,0.15786,-0.04305,0.0585
-0.22404,0.96275,0.15131,0.14204,0.03102,-0.0804
-0.24008,0.95459,0.17634,-0.13725,0.1181,-0.16691
-0.25781,0.94497,0.20137,0.035,0.21378,-0.21331
-0.27617,0.9352,0.22159,0.2278,0.31559,-0.21644
-0.29526,0.92594,0.23544,0.3106,0.44941,-0.36415
-0.31124,0.91888,0.24244,0.26905,0.37702,-0.26471
-0.3223,0.91468,0.24387,0.28249,0.38136,-0.33135
-0.33066,0.9125,0.24082,0.23198,0.5035,-0.30126
-0.33573,0.9139,0.22816,0.16305,0.60363,-0.41609
-0.33478,0.91942,0.20633,0.12827,0.56746,-0.45808
-0.33258,0.92839,0.1657,0.12136,0.30876,-0.1738
-0.32452,0.93922,0.11195,0.06666,0.21382,0.02799
-0.31064,0.94908,0.05229,-0.0181,0.22398,0.24277
-0.29334,0.95599,-0.00497,-0.27367,0.49445,0.36
-0.27482,0.95947,-0.06232,-0.2698,0.52161,0.05678
-0.25068,0.96137,-0.11366,-0.22328,0.40402,0.10096
-0.2227,0.96309,-0.15115,-0.31113,0.29011,0.44314
-0.19287,0.96329,-0.18672,-0.41582,0.21354,0.51896
-0.16374,0.96004,-0.22694,-0.31156,0.18483,0.53787
-0.13732,0.95089,-0.27739,0.10929,-0.18317,0.40002
-0.11225,0.9373,-0.32993,0.1865,-0.2748,0.45453
-0.09472,0.92162,-0.37636,0.1657,-0.30571,0.52806
-0.08444,0.9041,-0.41889,0.05482,-0.33907,0.61031
-0.0802,0.88663,-0.45547,-0.14778,-0.47064,0.62501
-0.08319,0.87094,-0.4843,-0.14479,-0.45495,0.65384
-0.09062,0.85741,-0.50659,-0.15566,-0.43665,0.73789
-0.0991,0.84815,-0.5204,-0.18277,-0.46814,0.69361
-0.1075,0.8446,-0.52448,-0.13179,-0.56126,0.56608
-0.11269,0.85035,-0.514,-0.02869,-0.56771,0.38047
-0.11479,0.86495,-0.48855,0.02268,-0.40871,0.10916
-0.11317,0.88504,-0.45154,-0.10433,-0.04819,-0.50118
-0.10716,0.90224,-0.41769,-0.4111,0.54545,-1.09462
-0.10702,0.90975,-0.40112,-0.51139,1.14437,-1.08951
-0.10202,0.90576,-0.41131,0.23744,2.06086,-0.82734
-0.09924,0.89365,-0.43764,-0.19765,-0.68259,0.12967
-0.10424,0.88171,-0.46012,-0.40688,-0.77183,0.06549
-0.10577,0.88036,-0.46236,-0.66579,-0.00536,-0.06311
-0.12077,0.89425,-0.43096,-0.04819,0.87028,0.97709
-0.12026,0.90276,-0.41299,-0.29307,0.70727,0.70214
-0.10979,0.89238,-0.43773,-0.33572,-0.51864,1.21159
-0.11149,0.89681,-0.42812,-0.34968,-1.18179,0.20553
-0.11187,0.92008,-0.37541,0.35911,-0.24285,1.26097
-0.09878,0.94708,-0.3054,0.42544,0.19627,1.1499
-0.07826,0.9663,-0.24522,0.28334,0.83116,0.54576
-0.08016,0.97607,-0.20213,0.20168,0.25608,0.07359
-0.09916,0.98064,-0.16881,0.11071,0.07441,0.06131
-0.1211,0.98334,-0.13555,-0.17987,-0.08969,0.17855
-0.13268,0.9853,-0.10752,-0.1917,-0.20027,0.17554
-0.14656,0.98595,-0.08004,-0.07197,-0.17142,0.11309
-0.16289,0.98549,-0.04759,0.16236,-0.11746,0.23085
-0.17463,0.98451,-0.01552,0.26459,-0.10102,0.2369
-0.18047,0.98345,0.01557,0.20162,-0.16361,-0.02874
-0.18413,0.98193,0.04361,-0.10062,-0.12428,0.00195
-0.19105,0.9791,0.06967,-0.16016,-0.13681,0.04148
-0.20331,0.97432,0.09673,0.05159,0.00225,0.00978
-0.21839,0.96781,0.12503,0.11472,0.04934,-0.04665
-0.23575,0.95971,0.15285,-0.00936,0.1077,-0.17874
-0.25463,0.95049,0.17812,-0.05522,0.10297,-0.33235
-0.27253,0.94162,0.19763,0.20791,0.27334,-0.24338
-0.29118,0.93337,0.20981,0.46446,0.41688,-0.29912
-0.30703,0.92662,0.21702,0.40741,0.35436,-0.26461
-0.31815,0.92259,0.21814,0.20871,0.44127,-0.40358
-0.32434,0.92099,0.21579,0.11528,0.44742,-0.45321
-0.32874,0.92117,0.20822,0.02901,0.38944,-0.45994
-0.33487,0.92364,0.18636,0.06179,0.51123,-0.43335
-0.34214,0.92786,0.14835,0.2094,0.37361,-0.3062
-0.34413,0.93441,0.09188,0.28626,0.15887,-0.09727
-0.33372,0.94221,0.02917,0.25483,0.28822,0.30824
-0.31404,0.94905,-0.02596,-0.05574,0.56772,0.34219
-0.29088,0.95358,-0.07782,-0.28366,0.76301,0.42218
-0.26711,0.9555,-0.12517,-0.36718,0.38888,0.33081
-0.23581,0.95758,-0.16561,-0.25789,0.2737,0.34238
-0.20363,0.95841,-0.19994,-0.29007,0.27287,0.37671
-0.17518,0.95663,-0.23271,-0.1374,-0.00834,0.39568
-0.14814,0.95243,-0.2663,-0.00796,-0.15469,0.50055
-0.12224,0.94435,-0.30539,-0.03386,-0.1466,0.53964
-0.10595,0.93215,-0.34621,0.15893,-0.28495,0.53279
-0.09954,0.91773,-0.38451,0.06226,-0.31872,0.61211
-0.09992,0.90154,-0.421,-0.00258,-0.35366,0.59705
-0.10229,0.88603,-0.4522,-0.13738,-0.42169,0.55875
-0.10813,0.87259,-0.47632,-0.17984,-0.47388,0.64667
-0.11429,0.86285,-0.49237,-0.17891,-0.50898,0.67308
-0.11938,0.85815,-0.49931,-0.18635,-0.53362,0.64943
-0.12386,0.85957,-0.49577,-0.05952,-0.46431,0.46272
-0.12878,0.8669,-0.48156,0.01846,-0.42725,0.3563
-0.12879,0.88115,-0.45494,0.07076,-0.29877,0.04152
-0.12273,0.89885,-0.42071,-0.27297,0.26166,-0.84446
-0.11506,0.91072,-0.39667,-0.42236,0.52522,-1.07895
-0.11677,0.91271,-0.39156,-0.13449,2.007,-1.0025
-0.11281,0.90378,-0.41286,0.17257,0.11347,-0.24153
-0.11197,0.89106,-0.43984,-0.06914,-0.28186,-0.06718
-0.11,0.88364,-0.45505,-0.76051,0.08326,-0.20423
-0.11102,0.88629,-0.44962,-0.67841,0.92712,-0.0031
-0.1305,0.89126,-0.4343,-0.07244,1.25617,-0.13682
-0.13053,0.88188,-0.45304,0.01645,-0.83271,2.05238
-0.12611,0.87783,-0.46207,-0.42374,-1.44878,0.63875
-0.11187,0.89565,-0.43045,-0.23379,-0.68003,0.16402
-0.10207,0.92385,-0.36888,0.44257,0.53048,1.36059
-0.08138,0.9502,-0.30081,0.40007,1.00415,0.74881
-0.0665,0.96539,-0.25218,0.30262,0.45476,0.1051
-0.07167,0.97222,-0.22279,0.10934,-0.11129,0.02911
-0.08539,0.97774,-0.19165,-0.1214,-0.30673,0.21098
-0.10743,0.98281,-0.15009,-0.32907,-0.04363,0.28623
-0.12917,0.98441,-0.11937,-0.15153,0.01163,0.13744
-0.14774,0.98437,-0.0958,0.05987,0.03477,0.04068
-0.1679,0.98372,-0.064,0.17774,0.02515,0.07218
-0.1828,0.98265,-0.03132,0.30319,-0.12759,0.08742
-0.19217,0.98135,-0.00095,0.25492,-0.15068,0.00105
-0.19773,0.97988,0.02683,0.15953,-0.1334,-0.0658
-0.20556,0.97731,0.05099,-0.10906,-0.16766,0.05907
-0.21859,0.97262,0.0788,0.04221,-0.12306,0.14923
-0.23404,0.9661,0.10893,0.15845,-0.00978,0.05534
-0.24982,0.95834,0.13841,0.19421,0.09294,-0.138
-0.26643,0.9497,0.16452,-0.06371,0.06101,-0.32168
-0.28192,0.94116,0.18633,-0.21564,0.19638,-0.21794
-0.30098,0.93224,0.20081,0.17027,0.38603,-0.26489
-0.32179,0.92329,0.20971,0.57355,0.49882,-0.28297
-0.3386,0.91713,0.21026,0.61245,0.47779,-0.27426
-0.34717,0.91473,0.20672,0.28688,0.4585,-0.39706
-0.35046,0.91538,0.1981,0.12313,0.4821,-0.27938
-0.35314,0.91842,0.17826,0.13523,0.58597,-0.36518
-0.35619,0.92337,0.14316,0.11115,0.50909,-0.24771
-0.35568,0.93031,0.08941,0.07602,0.26283,-0.06931
-0.34645,0.93763,0.02849,0.02682,0.12986,0.16079
-0.32957,0.94374,-0.02697,-0.03791,0.30811,0.45257
-0.31107,0.94701,-0.07999,-0.11012,0.67428,0.15572
-0.28882,0.94804,-0.13336,-0.07438,0.53162,0.19418
-0.25728,0.94995,-0.17718,-0.12814,0.30751,0.29032
-0.22268,0.95225,-0.20887,-0.32805,0.3377,0.45841
-0.19014,0.95265,-0.23727,-0.26992,0.21547,0.57304
-0.16147,0.94767,-0.27538,-0.06843,-0.03572,0.55078
-0.13275,0.93761,-0.32135,0.21024,-0.3192,0.41926
-0.11383,0.92319,-0.36709,0.21685,-0.34284,0.46444
-0.10284,0.90836,-0.40534,0.1474,-0.2533,0.64667
-0.09781,0.89259,-0.44014,-0.01124,-0.37823,0.58496
-0.09719,0.87824,-0.46824,-0.14931,-0.40694,0.62118
-0.10069,0.86588,-0.49001,-0.15795,-0.40404,0.69288
-0.10635,0.8567,-0.50473,-0.1733,-0.45664,0.69705
-0.1142,0.85238,-0.51029,-0.17322,-0.54045,0.71626
-0.12219,0.85353,-0.50651,-0.1287,-0.54848,0.51002
-0.12678,0.86257,-0.48978,-0.08458,-0.52848,0.39162
-0.12872,0.87849,-0.46008,-0.04466,-0.21136,0.0134
-0.12657,0.89731,-0.42285,-0.14534,0.18641,-0.64201
-0.12034,0.91094,-0.3946,-0.27458,0.96533,-1.1065
-0.12136,0.91441,-0.38615,-0.14478,1.93575,-1.11214
-0.11558,0.907,-0.40494,0.22653,0.27352,-0.33229
-0.11072,0.89571,-0.43062,-0.18638,-0.78722,0.00393
-0.10665,0.88916,-0.44498,-0.54302,-0.51209,-0.05708
-0.11009,0.89241,-0.43759,-0.06849,0.98394,0.95059
-0.13224,0.90724,-0.39928,0.18062,1.61835,1.04861
-0.12513,0.90615,-0.40402,0.01937,1.93206,0.84191
-0.11458,0.88977,-0.44178,-0.55716,-1.29567,0.78721
-0.11057,0.90064,-0.42025,-0.47855,-1.42019,0.27175
-0.11189,0.92741,-0.35691,-0.13277,-1.09527,0.74297
-0.11024,0.95205,-0.28538,0.47665,1.42406,1.07973
-0.10039,0.97033,-0.21993,0.48514,1.3352,0.59336
-0.11211,0.97616,-0.18582,0.47879,0.73389,-0.02116
-0.13034,0.97862,-0.15907,-0.03717,-0.05526,0.05052
-0.14689,0.97988,-0.13511,-0.17121,-0.32608,0.26933
-0.16407,0.98056,-0.10762,-0.17866,-0.32086,0.1936
-0.18152,0.98062,-0.07364,0.02696,-0.11862,0.21544
-0.19675,0.9796,-0.04084,0.17655,-0.07811,0.18096
-0.20963,0.97772,-0.01001,0.18943,-0.07623,0.15013
-0.21882,0.97555,0.02025,0.03043,-0.19868,-0.01527
-0.22757,0.97265,0.0463,-0.11511,-0.14309,0.16525
-0.2389,0.96811,0.07534,-0.10378,-0.13855,0.1362
-0.25337,0.96165,0.10494,0.17409,0.05676,-0.00056
-0.26991,0.95351,0.13398,0.05465,0.18846,-0.15089
-0.28823,0.94421,0.15927,0.07298,0.19775,-0.17618
-0.30608,0.93448,0.1818,0.069,0.19714,-0.28041
-0.3258,0.92468,0.19697,0.46421,0.46573,-0.28968
-0.34292,0.91633,0.20673,0.5408,0.46394,-0.29343
-0.35504,0.91101,0.20976,0.45709,0.42965,-0.28408
-0.36116,0.90891,0.20842,0.13478,0.45888,-0.41235
-0.36449,0.90911,0.20161,0.07111,0.48459,-0.35197
-0.36781,0.912,0.18154,0.11521,0.56926,-0.33692
-0.37015,0.9175,0.14548,0.1465,0.35292,-0.17988
-0.36748,0.92565,0.09007,0.14928,0.24349,-0.09093
-0.35484,0.93446,0.02926,0.07262,0.21628,0.16172
-0.33509,0.94174,-0.02865,-0.22939,0.54166,0.462
-0.31421,0.94544,-0.08607,-0.31599,0.68213,0.34667
-0.29258,0.94551,-0.14278,-0.16367,0.44032,0.14159
-0.26262,0.94641,-0.18798,-0.19946,0.43149,0.22547
-0.23164,0.94712,-0.22201,-0.30536,0.41507,0.45508
-0.19812,0.94602,-0.25648,-0.20143,0.03834,0.56399
-0.16503,0.93982,-0.29917,-0.07519,-0.03979,0.61229
-0.13486,0.92669,-0.35079,0.34363,-0.3308,0.46196
-0.11722,0.90937,-0.39913,0.29372,-0.27112,0.61333
-0.10951,0.88979,-0.44302,0.13709,-0.33517,0.63279
-0.10718,0.86995,-0.48134,-0.02641,-0.46325,0.61659
-0.111,0.85321,-0.50962,-0.13597,-0.52336,0.67467
-0.11922,0.84024,-0.52894,-0.14447,-0.48125,0.74323
-0.12796,0.83225,-0.53943,-0.21431,-0.46789,0.73504
-0.1347,0.83069,-0.54019,-0.19885,-0.52153,0.64901
-0.1372,0.83821,-0.5278,-0.10883,-0.5356,0.53627
-0.13667,0.85351,-0.50282,-0.05485,-0.43843,0.31474
-0.1346,0.8739,-0.4671,-0.0207,-0.18424,-0.07651
-0.12843,0.8942,-0.42884,-0.1774,0.26373,-0.8708
-0.12244,0.90556,-0.40615,-0.31267,1.34642,-1.02873
-0.1252,0.90425,-0.40822,0.44879,2.19968,-0.94516
-0.11926,0.89217,-0.43567,0.03297,0.18735,-0.34992
-0.11845,0.88065,-0.45871,-0.13268,-0.4185,-0.12334
-0.11603,0.87524,-0.46956,-0.47881,-0.70001,-0.01973
-0.11956,0.87982,-0.46001,-0.36526,0.09541,-0.04994
-0.13849,0.89315,-0.4279,0.03917,0.64292,0.1667
-0.13032,0.90063,-0.41457,0.12417,1.53781,0.90755
-0.10577,0.88918,-0.44515,-0.49674,-0.87542,1.16199
-0.09715,0.89433,-0.43673,-0.70296,-1.34797,0.29673
-0.09914,0.91785,-0.38434,-0.07363,-0.7464,0.96082
-0.09748,0.94387,-0.31559,0.3406,0.23626,1.27916
-0.08084,0.96343,-0.25546,0.31467,0.56477,0.88598
-0.08409,0.9743,-0.20892,0.35622,0.61815,0.16412
-0.10491,0.97928,-0.17319,0.10203,0.05435,0.25635
-0.12288,0.98236,-0.14091,-0.02307,-0.03435,0.25263
-0.13462,0.98433,-0.11387,-0.12689,-0.20862,0.18017
-0.1485,0.98531,-0.08422,-0.06212,-0.1226,0.15931
-0.16245,0.98539,-0.05095,0.00857,-0.10371,0.15143
-0.17381,0.98462,-0.01731,0.09503,-0.16342,0.13225
-0.18276,0.98304,0.01487,0.13426,-0.21753,0.01763
-0.192,0.98042,0.04352,0.008,-0.19143,0.05312
-0.20436,0.9762,0.07255,-0.08353,-0.16508,0.11925
-0.21979,0.97005,0.1033,0.1531,0.08419,-0.01547
-0.23701,0.96231,0.13326,0.16087,0.11094,-0.08586
-0.25674,0.95307,0.16039,0.06391,0.12719,-0.27214
-0.27661,0.94335,0.1832,0.14862,0.22519,-0.18978
-0.2976,0.93356,0.19969,0.33289,0.35712,-0.17051
-0.31658,0.92488,0.21062,0.47676,0.47258,-0.35821
-0.32994,0.91915,0.21514,0.36926,0.35795,-0.24313
-0.33775,0.91608,0.21609,0.30047,0.39845,-0.31454
-0.34281,0.91487,0.21327,0.0958,0.42571,-0.37919
-0.34704,0.91603,0.20106,0.05084,0.58812,-0.38422
-0.34926,0.92017,0.17687,0.07364,0.5464,-0.44999
-0.35023,0.92726,0.13235,0.17948,0.17356,-0.065
-0.34229,0.93653,0.07576,0.1097,0.18472,0.10071
-0.32633,0.94511,0.01639,0.04946,0.24957,0.3185
-0.30617,0.95119,-0.03856,-0.24806,0.60063,0.3299
-0.28612,0.9536,-0.09359,-0.27938,0.62118,0.20075
-0.26089,0.95504,-0.14077,-0.23419,0.44454,0.1032
-0.23184,0.9571,-0.17376,-0.35773,0.30384,0.47393
-0.20372,0.95646,-0.20897,-0.36076,0.21761,0.50406
-0.17633,0.95265,-0.2477,-0.11154,0.00486,0.48513
-0.14823,0.94335,-0.29682,0.13468,-0.1695,0.41627
-0.12314,0.92993,-0.34651,0.20065,-0.32726,0.51486
-0.10918,0.91341,-0.39211,0.14536,-0.30629,0.58631
-0.10211,0.89558,-0.43301,0.06941,-0.33836,0.584
-0.09902,0.87903,-0.46636,-0.06066,-0.41625,0.5992
-0.10226,0.86472,-0.49172,-0.11289,-0.4484,0.65749
-0.10817,0.85365,-0.50949,-0.09473,-0.47721,0.68922
-0.11311,0.84757,-0.51848,-0.12255,-0.50204,0.68903
-0.11816,0.84617,-0.51964,-0.08566,-0.53127,0.59475
-0.12208,0.85278,-0.5078,-0.0127,-0.53664,0.42671
-0.12393,0.86732,-0.48207,0.0372,-0.39596,0.16058
-0.12222,0.8869,-0.44549,-0.07925,-0.08854,-0.36055
-0.11573,0.90279,-0.41421,-0.30442,0.53157,-1.02117
-0.11394,0.90942,-0.39996,-0.36121,1.86236,-1.10399
-0.1132,0.90408,-0.41208,0.18466,2.13899,-0.96634
-0.11169,0.89245,-0.43709,-0.05738,-0.1997,-0.10991
-0.11485,0.88203,-0.45696,-0.32486,-0.7578,0.08733
-0.11377,0.87991,-0.46132,-0.53321,-0.45257,-0.06743
-0.12616,0.88987,-0.43842,-0.20541,0.30924,0.40277
-0.13699,0.90799,-0.39595,0.08687,1.92374,0.63773
-0.11786,0.90339,-0.4123,0.06774,1.92834,0.65407
-0.11345,0.8971,-0.427,-0.22237,-1.23832,1.0103
-0.10599,0.9122,-0.39578,-0.12359,-0.82199,0.66788
-0.09947,0.93563,-0.33865,0.0989,-0.397,1.07928
-0.08733,0.95767,-0.27428,0.2406,0.48056,0.92999
-0.07832,0.97196,-0.2217,0.29068,0.57917,0.22443
-0.09165,0.979,-0.18208,0.28689,0.27326,0.13032
-0.11004,0.98277,-0.14846,0.10058,0.03734,0.14756
-0.12721,0.98473,-0.11876,-0.16482,-0.17417,0.22627
-0.13932,0.98599,-0.09168,-0.1261,-0.18707,0.1574
-0.15515,0.98608,-0.0597,-0.02549,-0.1477,0.1562
-0.16906,0.98527,-0.02535,0.21657,-0.13633,0.18517
-0.17866,0.98387,0.00796,0.22018,-0.17215,0.0976
-0.18527,0.98186,0.04011,0.11058,-0.20795,-0.01292
-0.19373,0.97856,0.0698,-0.08483,-0.14505,0.08784
-0.20672,0.97338,0.09892,-0.01629,-0.05401,0.0516
-0.222,0.96651,0.12865,0.09088,0.09495,-0.13695
-0.23985,0.95793,0.15756,0.04399,0.08286,-0.23004
-0.259,0.9485,0.18233,0.00825,0.10473,-0.30332
-0.27906,0.93885,0.20166,0.23213,0.27709,-0.16969
-0.29945,0.92955,0.21506,0.36111,0.35744,-0.20775
-0.31728,0.9216,0.22352,0.40862,0.39383,-0.31425
-0.32972,0.91647,0.2266,0.21621,0.40151,-0.34683
-0.33676,0.91391,0.22657,0.10225,0.4277,-0.43943
-0.34161,0.91356,0.22066,0.0037,0.40817,-0.42344
-0.3481,0.91576,0.20048,-0.00276,0.59277,-0.40697
-0.35453,0.92037,0.16495,0.193,0.43498,-0.25959
-0.35445,0.92864,0.10943,0.31575,0.27841,-0.07468
-0.34185,0.93849,0.04865,0.15611,0.18433,0.28293
-0.32034,0.94726,-0.00827,-0.15637,0.52297,0.41474
-0.2982,0.9523,-0.06467,-0.41092,0.75924,0.26178
-0.27717,0.95352,-0.11814,-0.31394,0.46703,0.14547
-0.24829,0.95616,-0.15523,-0.26824,0.29712,0.35085
-0.2177,0.95738,-0.1898,-0.34587,0.28057,0.4994
-0.18901,0.95513,-0.228,-0.27153,0.07565,0.4361
-0.16089,0.94932,-0.26999,-0.00618,-0.07577,0.51644
-0.13406,0.93818,-0.3191,0.19166,-0.29225,0.4671
-0.11822,0.92278,-0.36673,0.19711,-0.35932,0.5578
-0.11153,0.90552,-0.40937,0.10967,-0.36847,0.62611
-0.11133,0.88775,-0.44666,0.01317,-0.40799,0.65232
-0.11399,0.87168,-0.47662,-0.11159,-0.42222,0.60295
-0.119,0.85918,-0.49764,-0.15095,-0.42172,0.66213
-0.12272,0.85111,-0.51044,-0.12478,-0.48687,0.6406
-0.12504,0.84899,-0.51339,-0.09118,-0.52807,0.65311
-0.12913,0.8522,-0.50702,0.05389,-0.52482,0.38524
-0.13209,0.86336,-0.48698,0.0908,-0.47506,0.27622
-0.13106,0.88144,-0.45373,0.04909,-0.27199,-0.05801
-0.12394,0.90065,-0.41649,-0.29697,0.50153,-1.02211
-0.11536,0.91215,-0.39327,-0.48494,0.99552,-1.21451
-0.11345,0.91196,-0.39427,0.25629,2.115,-0.98975
-0.10911,0.90228,-0.41711,0.01444,-0.24723,-0.0984
-0.11325,0.88929,-0.44309,-0.12317,-0.63737,0.17128
-0.11658,0.88257,-0.45549,-0.38699,-0.78843,-0.08157
-0.12568,0.88795,-0.44243,0.06755,0.59196,0.82676
-0.13491,0.90745,-0.3979,0.30412,1.32403,1.32215
-0.11547,0.90365,-0.41239,-0.58906,0.35628,1.25628
-0.11686,0.89201,-0.43663,-0.43705,-1.45286,0.14751
-0.11713,0.907,-0.40451,-0.42292,-1.44523,0.16215
-0.11599,0.93203,-0.3433,0.15868,-0.78579,1.28086
-0.10592,0.95591,-0.27388,0.45187,1.05668,0.60761
-0.09615,0.97113,-0.21827,0.46491,0.77306,0.23387
-0.11077,0.97701,-0.18211,0.26122,0.08464,0.12802
-0.13051,0.97963,-0.15256,0.11164,-0.05306,0.1131
-0.14932,0.98075,-0.12578,-0.17873,-0.24768,0.16915
-0.16421,0.98167,-0.09668,-0.15615,-0.21247,0.15814
-0.18047,0.98172,-0.06025,0.10851,-0.02739,0.16287
-0.19642,0.98019,-0.02525,0.1919,-0.02804,0.18994
-0.20965,0.97773,0.00787,0.29901,-0.13389,0.07843
-0.21891,0.97495,0.03904,0.06241,-0.18493,-0.05142
-0.22756,0.97138,0.06789,-0.11086,-0.16253,-0.02794
-0.24002,0.96589,0.09706,-0.0833,-0.07569,0.00919
-0.25636,0.95836,0.12567,0.06825,0.03016,-0.04503
-0.27459,0.94944,0.15211,0.24085,0.12841,-0.11564
-0.29449,0.9396,0.17434,-0.03208,0.15074,-0.2718
-0.31368,0.92946,0.19414,0.07439,0.19758,-0.27747
-0.33379,0.91955,0.20735,0.25739,0.28985,-0.31782
-0.35177,0.91152,0.21299,0.5988,0.33494,-0.28929
-0.3647,0.90688,0.21106,0.58649,0.3083,-0.3442
-0.37084,0.90554,0.20603,0.44335,0.37217,-0.43358
-0.37339,0.90701,0.19465,-0.04349,0.3176,-0.55199
-0.37896,0.91029,0.16658,0.11683,0.32125,-0.25853
-0.38621,0.91482,0.11803,0.22799,0.36579,-0.2739
-0.3835,0.92174,0.05744,0.27212,0.24893,0.06269
-0.36702,0.9302,0.00164,0.15632,0.47323,0.74142
-0.34041,0.939,-0.04889,-0.25128,0.90254,0.50972
-0.30798,0.94628,-0.09844,-0.40297,0.99026,0.25034
-0.27573,0.95001,-0.14642,-0.3983,0.49964,0.19564
-0.23881,0.95359,-0.18339,-0.43716,0.5141,0.2814
-0.20136,0.95779,-0.20512,-0.50442,0.46843,0.58767
-0.16458,0.95656,-0.24059,-0.16461,-0.10546,0.58183
-0.12631,0.95042,-0.28416,-0.00861,-0.3935,0.4338
-0.09652,0.94046,-0.32589,0.06073,-0.41652,0.56601
-0.07886,0.92734,-0.36581,0.18094,-0.39751,0.54513
-0.07394,0.91227,-0.40284,0.1989,-0.26704,0.71078
-0.07846,0.89494,-0.43922,0.10703,-0.36865,0.60171
-0.08669,0.88093,-0.46523,-0.17518,-0.63937,0.60489
-0.09805,0.87165,-0.48022,-0.15762,-0.71096,0.64274
-0.10947,0.8684,-0.48362,-0.17403,-0.70562,0.74639
-0.11865,0.86966,-0.47916,-0.17214,-0.5647,0.55122
-0.12176,0.87661,-0.46553,-0.08394,-0.49818,0.42272
-0.11782,0.88946,-0.44155,0.06661,-0.23609,0.1038
-0.113,0.90296,-0.41459,-0.13067,0.37879,-0.82466
-0.11608,0.90957,-0.39899,-0.23234,0.69529,-1.00709
-0.12467,0.90675,-0.40281,0.02482,1.87759,-1.03118
-0.12418,0.89797,-0.42217,0.00746,0.05601,-0.26021
-0.12265,0.88874,-0.44168,-0.16105,-0.39923,-0.06686
-0.1141,0.88484,-0.4517,-0.35311,-0.97774,-0.06294
-0.10989,0.88853,-0.44546,-0.5158,0.24862,0.48273
-0.13121,0.90437,-0.40607,-0.39102,1.00022,1.58404
-0.14141,0.91218,-0.3846,0.08594,2.56086,0.20021
-0.13535,0.89611,-0.42267,0.12064,-1.10635,1.35756
-0.13357,0.90342,-0.4074,0.12883,-1.78897,0.53214
-0.1091,0.92728,-0.3581,-0.20027,-1.36364,0.79874
-0.09919,0.95095,-0.29298,-0.21837,0.44091,0.70981
-0.11283,0.96891,-0.22014,-0.05536,1.21796,0.85297
-0.13063,0.9749,-0.18023,0.46189,0.46391,-0.05407
-0.14264,0.97702,-0.15832,0.38706,-0.03911,-0.03288
-0.16285,0.97831,-0.12798,0.03182,-0.17858,0.284
-0.17417,0.98029,-0.09321,0.02594,-0.25182,0.20289
-0.17798,0.98253,-0.05427,0.10402,-0.27075,0.19706
-0.18608,0.98227,-0.02228,0.14575,-0.27011,0.17221
-0.1948,0.98082,0.00554,0.18,-0.08598,-0.14155
-0.20131,0.97902,0.03128,0.02582,-0.07452,-0.06444
-0.20759,0.97648,0.0581,-0.06507,-0.11178,0.00833
-0.21865,0.97208,0.08509,0.02218,-0.06228,0.03985
-0.2337,0.96609,0.10973,0.18287,0.09116,-0.01692
-0.25066,0.95884,0.13329,0.19204,0.09966,-0.11503
-0.26753,0.9507,0.15676,0.05891,0.05357,-0.19291
-0.284,0.94252,0.17601,0.2242,0.21236,-0.14658
-0.30113,0.93458,0.18937,0.3349,0.2911,-0.19841
-0.31551,0.9279,0.19857,0.32563,0.28261,-0.18246
-0.32653,0.92324,0.20243,0.34907,0.27759,-0.1783
-0.33461,0.92002,0.20391,0.30414,0.35279,-0.23658
-0.34058,0.91823,0.20208,0.09629,0.38499,-0.41366
-0.34632,0.91807,0.19282,0.10509,0.22824,-0.34214
-0.35707,0.91863,0.16909,0.11585,0.22768,-0.31841
-0.37086,0.92017,0.12539,0.13988,0.1415,-0.19186
-0.37533,0.92448,0.06661,0.15069,-0.01112,-0.06898
-0.36419,0.93128,0.00817,0.08753,0.19155,0.272
-0.34271,0.93843,-0.04329,-0.0926,0.63557,0.61124
-0.31907,0.94298,-0.09466,-0.46515,0.889,0.30776
-0.29859,0.94327,-0.14516,-0.39715,0.41939,0.27921
-0.27504,0.94176,-0.19347,-0.35125,0.29978,0.15837
-0.24463,0.94208,-0.2294,-0.14545,0.41885,0.41849
-0.20615,0.94372,-0.2586,-0.03737,0.26177,0.49917
-0.16089,0.94451,-0.28636,0.10099,-0.06431,0.53196
-0.12335,0.93902,-0.32095,0.11108,-0.38789,0.56315
-0.09754,0.92821,-0.35904,0.08959,-0.39747,0.5626
-0.08204,0.91574,-0.39329,0.03933,-0.31723,0.5187
-0.07855,0.90207,-0.42437,0.04524,-0.34232,0.64036
-0.0842,0.88839,-0.45129,0.01558,-0.42077,0.59745
-0.09461,0.87769,-0.46978,-0.07224,-0.53304,0.58294
-0.1038,0.87315,-0.47626,-0.19064,-0.67321,0.62248
-0.10764,0.87521,-0.4716,-0.23239,-0.67596,0.60733
-0.10831,0.88226,-0.45811,-0.17382,-0.60091,0.49986
-0.10679,0.89371,-0.43574,0.00846,-0.33653,0.11413
-0.0986,0.90905,-0.40484,-0.03372,-0.23412,-0.18843
-0.08629,0.92136,-0.37899,-0.16045,0.13055,-1.05409
-0.0848,0.92232,-0.37699,0.26896,2.17314,-1.13801
-0.09297,0.91408,-0.39472,0.51947,1.82295,-0.54559
-0.09567,0.90182,-0.42137,0.09131,-0.01403,-0.18192
-0.0965,0.89381,-0.43792,-0.3486,-1.07278,-0.08942
-0.09544,0.89388,-0.43802,-0.32836,-0.72448,0.00528
-0.10389,0.90906,-0.40348,-0.14546,-0.15081,1.3256
-0.11051,0.92293,-0.36875,-0.96197,2.09402,-0.24749
-0.11708,0.91228,-0.39245,-0.99338,2.71038,-0.8778
-0.14128,0.90885,-0.39245,0.38298,-0.9918,1.37863
-0.13702,0.92378,-0.35756,0.28557,-1.20184,0.71691
-0.12009,0.9448,-0.30484,0.18076,-0.81163,0.76863
-0.11442,0.9661,-0.23141,0.23606,1.25452,0.75149
-0.119,0.97644,-0.17998,0.20043,0.86827,0.12238
-0.12112,0.9808,-0.15277,0.22748,0.50408,-0.12775
-0.13315,0.9827,-0.12868,-0.12067,-0.25261,0.09675
-0.14635,0.98416,-0.09997,-0.23329,-0.33574,0.13644
-0.15298,0.98629,-0.06171,-0.25941,-0.37065,0.21897
-0.16229,0.98634,-0.02796,0.13075,-0.12264,0.1204
-0.17461,0.98462,-0.0027,0.2627,-0.0389,0.02531
-0.18343,0.98278,0.02196,0.39344,-0.03515,-0.03614
-0.18803,0.98097,0.04827,0.20649,-0.16426,0.11628
-0.19181,0.97844,0.07649,0.03198,-0.1455,0.17963
-0.2006,0.97396,0.10555,-0.00539,-0.07935,-0.02861
-0.21411,0.96737,0.13537,-0.03786,-0.02949,-0.05287
-0.23265,0.95895,0.1621,-0.12416,0.08448,-0.18776
-0.25269,0.94961,0.18538,0.03839,0.09623,-0.29686
-0.27233,0.9404,0.2036,0.30317,0.28915,-0.2484
-0.29015,0.93225,0.21609,0.32688,0.36131,-0.33266
-0.30434,0.92611,0.22286,0.29184,0.25812,-0.23516
-0.31441,0.9219,0.22632,0.36448,0.34572,-0.27582
-0.32138,0.91927,0.22722,0.21888,0.4763,-0.42948
-0.32629,0.91853,0.22321,-0.0974,0.35577,-0.55947
-0.33447,0.91989,0.20471,-0.15105,0.22015,-0.4748
-0.35032,0.92231,0.16306,0.4058,0.31725,-0.31756
-0.35842,0.92751,0.10599,0.57048,0.1786,-0.10649
-0.34686,0.9368,0.04564,0.62546,0.18254,0.25314
-0.31838,0.94793,-0.00679,-0.08712,0.94932,0.38618
-0.28337,0.95714,-0.05979,-0.44272,1.27455,0.35668
-0.25578,0.96046,-0.10988,-0.72685,0.75917,0.35501
-0.22339,0.96271,-0.15254,-0.74765,0.3303,0.2206
-0.18403,0.96544,-0.18449,-0.63394,0.4277,0.37416
-0.1542,0.96159,-0.22703,-0.11208,0.20355,0.54298
-0.12362,0.95302,-0.27652,0.161,-0.13734,0.45639
-0.09837,0.94006,-0.32648,0.05832,-0.24043,0.55442
-0.08175,0.92444,-0.37244,0.05298,-0.15975,0.66915
-0.07593,0.90652,-0.41527,0.0904,-0.20519,0.67922
-0.08004,0.88702,-0.45473,0.091,-0.26231,0.69789
-0.08691,0.86878,-0.4875,-0.04166,-0.45121,0.61136
-0.09588,0.85467,-0.51023,-0.14261,-0.6015,0.68381
-0.10673,0.84491,-0.52415,-0.13018,-0.61128,0.74994
-0.11788,0.84145,-0.5273,-0.16186,-0.65666,0.80336
-0.12683,0.84519,-0.51919,-0.00102,-0.6476,0.59626
-0.13188,0.85702,-0.49811,0.09781,-0.63226,0.45621
-0.1308,0.87672,-0.46286,0.09622,-0.16922,-0.17853
-0.12394,0.89663,-0.42508,-0.0788,0.00116,-0.68118
-0.11763,0.90763,-0.40294,-0.67721,1.32643,-1.29036
-0.11873,0.9082,-0.40134,0.16342,2.08436,-0.64594
-0.11827,0.89892,-0.42184,-0.03152,0.19871,-0.22984
-0.12614,0.8847,-0.44876,-0.19994,-0.401,0.06198
-0.12568,0.87638,-0.46492,-0.60366,-0.50985,-0.01373
-0.13945,0.88415,-0.44588,-0.38639,0.7841,0.92509
-0.15248,0.89524,-0.41868,0.02948,1.44079,1.32197
-0.14944,0.88239,-0.44614,-0.01986,-0.07305,1.21645
-0.15355,0.88171,-0.4461,0.09628,-1.22319,0.49898
-0.14232,0.90319,-0.40494,-0.03765,-0.96783,0.21645
-0.11929,0.93306,-0.33933,0.31613,0.16076,1.26489
-0.09581,0.95669,-0.27488,0.18859,0.7205,0.55748
-0.09261,0.96965,-0.22623,0.24155,0.72546,0.34693
-0.1064,0.97651,-0.18731,0.17393,0.16974,0.14582
-0.12173,0.98063,-0.1534,-0.04744,-0.02516,0.17325
-0.13254,0.98328,-0.12479,-0.11659,-0.13671,0.1775
-0.14601,0.98489,-0.09306,-0.09169,-0.29327,0.08091
-0.15903,0.98571,-0.05547,0.08762,-0.17607,0.17455
-0.16935,0.98538,-0.01833,0.2176,-0.11912,0.25932
-0.17609,0.98426,0.01438,0.27735,-0.12688,0.02573
-0.18295,0.98227,0.04069,0.01862,-0.15561,-0.13317
-0.19335,0.97871,0.06874,-0.18211,-0.1644,0.0971
-0.20838,0.97307,0.09846,-0.00072,-0.09261,0.01959
-0.22468,0.96601,0.1278,0.17076,0.09794,-0.05935
-0.24282,0.95752,0.1555,0.10226,0.11484,-0.17143
-0.26138,0.94786,0.18227,-0.09107,0.14917,-0.34119
-0.28012,0.93835,0.20251,0.1659,0.37255,-0.25918
-0.29996,0.92961,0.21408,0.3454,0.4357,-0.33473
-0.31879,0.92235,0.21824,0.56328,0.37503,-0.25763
-0.33122,0.91849,0.21598,0.57484,0.40522,-0.28008
-0.33629,0.91775,0.21127,0.31958,0.52119,-0.37277
-0.33726,0.92074,0.19613,0.13997,0.68122,-0.19288
-0.33422,0.92757,0.16703,0.08779,0.63187,-0.27662
-0.33053,0.93641,0.11775,-0.0478,0.41536,-0.15214
-0.32149,0.94504,0.0594,-0.16987,0.23562,-0.08284
-0.30734,0.95159,0.00053,-0.13233,0.41369,0.53037
-0.29219,0.95451,-0.05928,-0.19833,0.56279,0.48271
-0.27544,0.95412,-0.11738,-0.19723,0.67673,0.20213
-0.24997,0.95397,-0.16565,-0.14154,0.21401,0.28006
-0.21746,0.95447,-0.20417,-0.21341,0.23694,0.35057
-0.18882,0.95349,-0.23494,-0.38003,0.3423,0.44624
-0.1602,0.95014,-0.26752,-0.10128,-0.02658,0.545
-0.13061,0.94006,-0.31498,0.03425,-0.10231,0.57904
-0.10989,0.92391,-0.36647,0.18888,-0.29719,0.49105
-0.09923,0.9053,-0.41301,0.07884,-0.27646,0.70894
-0.09633,0.88432,-0.45682,0.03172,-0.29698,0.76183
-0.09685,0.86401,-0.49406,-0.08768,-0.38353,0.67334
-0.1043,0.84564,-0.52346,-0.15319,-0.46247,0.7235
-0.11545,0.83009,-0.54554,-0.16991,-0.47714,0.77531
-0.12486,0.82009,-0.55844,-0.16242,-0.50914,0.69123
-0.13181,0.81794,-0.56,-0.13367,-0.48806,0.67257
-0.13852,0.82538,-0.54731,-0.02087,-0.4915,0.45501
-0.13985,0.84281,-0.51971,0.00754,-0.35607,-0.04593
-0.12901,0.86513,-0.48467,-0.13273,0.03325,-0.9129
-0.11628,0.88044,-0.45967,-0.30271,0.33603,-1.15051
-0.12203,0.88218,-0.45482,0.09173,2.64251,-0.92432
-0.12723,0.86933,-0.47757,0.12358,0.63918,-0.241
-0.13585,0.85179,-0.50595,-0.07533,-0.14813,-0.23553
-0.13943,0.84134,-0.5222,-0.45336,-0.78795,0.07292
-0.14288,0.84458,-0.516,-0.85025,0.33558,0.00346
-0.15932,0.85684,-0.49035,-0.42164,0.91781,0.42626
-0.14617,0.85732,-0.49358,0.09736,0.7575,1.26863
-0.14384,0.85676,-0.49524,-0.0234,-1.15144,1.20411
-0.12854,0.87573,-0.46536,-0.11162,-1.23723,0.42744
-0.10845,0.9091,-0.4022,0.26119,-0.19316,1.12025
-0.07599,0.94075,-0.33046,0.416,0.49489,0.96688
-0.05428,0.95901,-0.27809,0.30712,0.67481,0.31694
-0.05715,0.96953,-0.23818,0.20658,0.17395,0.07171
-0.07035,0.97755,-0.1986,-0.05821,-0.14466,0.29107
-0.08925,0.98371,-0.15599,-0.13405,-0.06106,0.28901
-0.10617,0.98635,-0.12579,-0.23328,-0.06239,0.22401
-0.12372,0.9873,-0.09954,-0.05911,-0.08696,-0.03889
-0.14292,0.98755,-0.06568,0.10189,-0.06677,0.0837
-0.15517,0.98747,-0.02834,0.2399,-0.1039,0.2075
-0.16064,0.98697,0.0081,0.29836,-0.25318,0.0194
-0.16778,0.98512,0.03706,0.17662,-0.18504,-0.09161
-0.17846,0.98178,0.0652,-0.13885,-0.01248,0.0215
-0.19213,0.97663,0.09628,-0.02832,-0.03072,0.03356
-0.20908,0.96977,0.12575,0.01989,0.02507,-0.00632
-0.22828,0.96146,0.15316,0.04882,0.11858,-0.11515
-0.24674,0.95278,0.17695,0.02777,0.21171,-0.14066
-0.26722,0.94321,0.19731,0.20654,0.29346,-0.08982
-0.28741,0.9343,0.21085,0.3781,0.59398,-0.33198
-0.30261,0.92793,0.21759,0.32637,0.46326,-0.3171
-0.31319,0.92431,0.21802,0.31184,0.48101,-0.35184
-0.32021,0.92329,0.21206,0.29496,0.49584,-0.40539
-0.32481,0.92545,0.19496,0.23086,0.65761,-0.32674
-0.32566,0.931,0.16483,0.18648,0.60703,-0.38523
-0.32195,0.93956,0.11641,0.21554,0.27315,-0.08416
-0.30871,0.94937,0.05817,0.20719,0.178,0.13335
-0.29027,0.95694,-0.00046,0.00603,0.14544,0.45792
-0.27123,0.9607,-0.05897,-0.24746,0.70566,0.19731
-0.25103,0.96062,-0.11906,-0.22854,0.58171,0.16929
-0.22466,0.96067,-0.1632,-0.21795,0.43031,0.1996
-0.19313,0.96185,-0.19376,-0.40467,0.43325,0.52236
-0.1642,0.95845,-0.23326,-0.36644,0.23685,0.64462
-0.1393,0.94887,-0.28324,-0.15039,-0.10914,0.55733
-0.11413,0.9339,-0.3388,0.1305,-0.34298,0.48272
-0.09477,0.91545,-0.39111,0.20022,-0.46902,0.55
-0.08453,0.89556,-0.43683,0.1642,-0.38768,0.68383
-0.08391,0.87433,-0.47802,0.11548,-0.34663,0.68256
-0.08957,0.85512,-0.51062,-0.02219,-0.35401,0.62931
-0.09933,0.83973,-0.53384,-0.14005,-0.4459,0.6866
-0.10952,0.82863,-0.54897,-0.18935,-0.4793,0.7692
-0.1212,0.82179,-0.55675,-0.11006,-0.53207,0.73465
-0.13001,0.82296,-0.55302,-0.03784,-0.55482,0.56045
-0.13379,0.83277,-0.53721,0.04498,-0.51273,0.29644
-0.13057,0.85079,-0.50902,0.04895,-0.31095,-0.03131
-0.12009,0.87039,-0.47749,-0.0614,0.1231,-0.59885
-0.10992,0.88303,-0.45626,-0.33097,0.7628,-0.94648
-0.10871,0.88426,-0.45416,0.01061,1.94832,-0.91999
-0.10855,0.8752,-0.47141,0.08722,0.5655,-0.25918
-0.11412,0.86371,-0.49089,-0.36261,-0.49254,-0.04463
-0.11222,0.85825,-0.5008,-0.80551,0.14152,-0.17086
-0.11855,0.86562,-0.48646,-0.79758,0.63398,0.09318
-0.13079,0.87297,-0.4699,-0.11951,1.37806,0.93196
-0.13856,0.86286,-0.48607,0.05781,-0.84132,1.51805
-0.14618,0.8632,-0.48322,-0.03044,-1.15027,0.84254
-0.13781,0.8842,-0.44631,0.0735,-0.59393,0.34771
-0.10916,0.91977,-0.37695,0.46288,0.59342,1.21191
-0.07277,0.94638,-0.31473,0.30517,0.79785,0.70696
-0.05847,0.96175,-0.26758,0.22023,0.52604,0.25607
-0.06247,0.97189,-0.22695,0.05115,-0.13918,0.24805
-0.07852,0.98014,-0.18206,-0.04289,-0.15102,0.24632
-0.10133,0.98441,-0.14373,-0.3379,-0.12,0.21468
-0.11557,0.98657,-0.11536,-0.19498,-0.14531,0.04262
-0.13325,0.98791,-0.07916,-0.04027,-0.13047,0.05353
-0.15028,0.98781,-0.0405,0.21637,-0.06729,0.29589
-0.15973,0.98714,-0.00593,0.49134,-0.14091,0.16584
-0.16403,0.98623,0.02065,0.44264,-0.16708,-0.05255
-0.16882,0.98438,0.04975,-0.15208,-0.1116,0.10224
-0.17652,0.9809,0.08164,0.01551,-0.0602,0.00054
-0.18969,0.97571,0.10949,0.15352,0.00935,-0.05598
-0.20489,0.96913,0.13706,0.11579,0.10165,-0.22564
-0.22171,0.9617,0.16115,-0.15009,0.08643,-0.25882
-0.23864,0.95427,0.18,-0.00253,0.26573,-0.23211
-0.25658,0.9471,0.19276,0.30422,0.40891,-0.27081
-0.27375,0.94085,0.19959,0.4345,0.36731,-0.27721
-0.2876,0.93671,0.19959,0.51239,0.32939,-0.21076
-0.29494,0.93505,0.19665,0.31662,0.44585,-0.32867
-0.29649,0.93603,0.18952,0.21392,0.46198,-0.28702
-0.29402,0.94026,0.17161,0.03775,0.56705,-0.34173
-0.29073,0.94674,0.13836,-0.13424,0.51125,-0.25232
-0.28825,0.95385,0.08405,-0.19239,0.38093,-0.1053
-0.28168,0.95931,0.01894,-0.25557,0.20124,0.21171
-0.26927,0.9621,-0.04293,-0.19504,0.45769,0.60172
-0.25506,0.96148,-0.10239,-0.34428,0.61937,0.28742
-0.23549,0.95891,-0.1582,-0.26345,0.32562,0.1537
-0.20642,0.95797,-0.19916,-0.20345,0.22815,0.27466
-0.17917,0.95624,-0.23131,-0.3488,0.21672,0.45981
-0.1481,0.95257,-0.26582,-0.47959,0.21472,0.55358
-0.11659,0.94475,-0.30635,-0.09551,-0.089,0.5287
-0.09136,0.93087,-0.35373,0.19228,-0.28896,0.46872
-0.07818,0.91373,-0.39871,0.22616,-0.31821,0.52366
-0.07598,0.8941,-0.44136,0.11956,-0.31343,0.66943
-0.07601,0.8747,-0.47867,-0.08522,-0.38893,0.55945
-0.07827,0.8575,-0.50848,-0.12273,-0.3738,0.6179
-0.08442,0.84285,-0.53149,-0.11892,-0.39311,0.66407
-0.09135,0.83265,-0.54621,-0.11805,-0.48296,0.66303
-0.09688,0.82854,-0.55148,-0.10571,-0.46224,0.66418
-0.09868,0.83336,-0.54384,-0.04309,-0.44614,0.50812
-0.09825,0.84674,-0.52285,0.03005,-0.33909,0.31671
-0.09152,0.86613,-0.49136,-0.05681,-0.21821,0.00712
-0.07794,0.88456,-0.45985,-0.28803,-0.00787,-0.54869
-0.06276,0.89542,-0.44076,-0.53354,0.57748,-1.07414
-0.06487,0.89736,-0.43649,-0.10787,1.8075,-0.86178
-0.07027,0.88772,-0.45498,0.18156,0.87398,-0.2285
-0.07614,0.87562,-0.47694,-0.25482,-0.55388,0.12291
-0.0734,0.86981,-0.48788,-0.47657,-0.6053,0.05775
-0.07509,0.87514,-0.47799,-0.62773,0.12348,-0.00899
-0.08786,0.8872,-0.45293,0.08696,1.19231,0.80814
-0.08533,0.88975,-0.44839,0.24171,1.23594,1.18005
-0.07778,0.88541,-0.45824,-0.07397,-0.38096,1.41764
-0.06463,0.89496,-0.44142,-0.32812,-0.76825,0.02031
-0.05494,0.91965,-0.38887,-0.1393,-0.57109,0.45945
-0.03592,0.94658,-0.32044,0.28322,0.17987,1.18748
-0.01453,0.96349,-0.26734,0.14352,0.56715,0.38312
-0.01598,0.97391,-0.22636,0.15776,0.41808,0.1333
-0.02979,0.98135,-0.18987,0.03256,-0.03054,0.22515
-0.04498,0.98778,-0.14919,-0.00548,-0.04044,0.23926
-0.05799,0.99171,-0.1146,-0.12215,-0.08697,0.2809
-0.06669,0.99395,-0.08712,0.03523,-0.03411,0.17077
-0.07963,0.99516,-0.0574,0.08941,-0.02618,0.15981
-0.08993,0.99556,-0.02735,0.12971,-0.05538,0.148
-0.09544,0.99543,0.00131,0.07284,-0.14276,0.00232
-0.09979,0.99458,0.02891,-0.03792,-0.15065,-0.01031
-0.10805,0.99262,0.05478,-0.17001,-0.17449,0.14433
-0.12146,0.98942,0.07922,0.0641,-0.06643,0.04329
-0.13633,0.98507,0.10503,0.15477,-0.02204,-0.00449
-0.15222,0.97952,0.13171,0.06727,0.05817,-0.06588
-0.16958,0.97296,0.1567,-0.09406,0.02363,-0.20303
-0.18765,0.96586,0.17855,-0.07599,0.03074,-0.22488
-0.2057,0.95876,0.19608,0.22876,0.23424,-0.16901
-0.22318,0.95245,0.20739,0.26057,0.30344,-0.2884
-0.23841,0.94731,0.21388,0.20458,0.23641,-0.20832
-0.25089,0.94378,0.21518,0.23397,0.23914,-0.26047
-0.25976,0.94184,0.21318,0.19512,0.334,-0.37039
-0.266,0.94156,0.20658,0.06567,0.32225,-0.37843
-0.27267,0.9435,0.18824,0.06854,0.57132,-0.27001
-0.27781,0.94829,0.15342,0.1339,0.50855,-0.29663
-0.27653,0.95552,0.10245,0.11832,0.2568,-0.08684
-0.26507,0.96324,0.04353,-0.04736,0.22289,0.02906
-0.24742,0.96878,-0.01524,-0.19913,0.50414,0.43362
-0.2293,0.97061,-0.07297,-0.38434,0.55585,0.28344
-0.20796,0.97005,-0.12544,-0.32022,0.38699,0.21204
-0.17572,0.97089,-0.1627,-0.20834,0.29167,0.13137
-0.14495,0.97,-0.19513,-0.33271,0.2992,0.46577
-0.11785,0.96567,-0.23147,-0.41163,0.17726,0.62326
-0.09192,0.95644,-0.27705,-0.16356,-0.10758,0.53802
-0.06724,0.94259,-0.32709,0.17345,-0.30312,0.47194
-0.05074,0.92573,-0.37476,0.17736,-0.30285,0.48778
-0.043,0.90724,-0.4184,0.10835,-0.24717,0.53606
-0.04405,0.88725,-0.45916,-0.05234,-0.32115,0.5705
-0.04714,0.86929,-0.49204,-0.14745,-0.37968,0.58567
-0.05488,0.85385,-0.51761,-0.19013,-0.34997,0.6565
-0.06296,0.84328,-0.53376,-0.18977,-0.46916,0.68686
-0.06788,0.84006,-0.53821,-0.19602,-0.50591,0.70333
-0.07039,0.84403,-0.53165,-0.15736,-0.50443,0.64606
-0.07274,0.85575,-0.51224,-0.01977,-0.43912,0.33271
-0.07227,0.87385,-0.48078,-0.00393,-0.39726,0.21656
-0.06624,0.89363,-0.44387,-0.22212,-0.02788,-0.59342
-0.05552,0.90661,-0.41829,-0.37965,0.60416,-1.13843
-0.05698,0.90994,-0.4108,-0.40942,1.4517,-1.12453
-0.05848,0.90099,-0.42988,0.32426,0.81787,-0.22862
-0.06086,0.8875,-0.45675,-0.17358,-0.518,0.01286
-0.06302,0.87812,-0.47426,-0.30824,-0.92744,0.16786
-0.06066,0.87857,-0.47374,-0.63074,-0.40181,0.32625
-0.0718,0.89594,-0.43831,-0.53464,-0.07052,0.9197
-0.08675,0.91591,-0.39187,-0.36994,0.79158,1.54504
-0.07829,0.9063,-0.41531,-0.23993,1.58015,-0.04843
-0.09857,0.90321,-0.4177,0.24809,-1.01178,1.26632
-0.09607,0.9184,-0.38378,0.19806,-1.30792,0.72494
-0.07918,0.94095,-0.32915,0.11853,-0.22191,0.89964
-0.06873,0.96327,-0.25958,0.07973,0.19314,0.84903
-0.06773,0.97609,-0.20651,0.31756,0.77438,0.32166
-0.07232,0.98209,-0.17392,0.14721,0.15954,0.0983
-0.0824,0.98563,-0.14738,0.15729,0.156,0.07176
-0.09534,0.98799,-0.12153,-0.29724,-0.26684,0.16735
-0.10375,0.99079,-0.08694,-0.2322,-0.28322,0.30102
-0.11103,0.99264,-0.04807,-0.09823,-0.26453,0.29183
-0.12222,0.99233,-0.01796,0.01471,-0.25146,0.26637
-0.13313,0.99104,0.00976,0.21103,-0.16537,-0.10144
-0.14111,0.98937,0.03492,0.09374,-0.14444,0.08017
-0.14852,0.9871,0.05968,0.06301,-0.10091,0.16238
-0.15773,0.98369,0.08637,0.15362,0.0583,0.05259
-0.16853,0.97904,0.11425,-0.0243,0.10796,-0.1241
-0.18248,0.97307,0.14076,-0.14804,0.11267,-0.18462
-0.20167,0.96552,0.16457,-0.28329,0.05847,-0.27146
-0.22214,0.95731,0.1849,0.34349,0.30543,-0.15372
-0.24229,0.94962,0.19875,0.47114,0.40747,-0.22315
-0.2594,0.94362,0.20561,0.30265,0.35764,-0.32162
-0.27042,0.94023,0.20691,0.18764,0.27922,-0.24479
-0.2781,0.93875,0.20345,0.16081,0.40795,-0.37361
-0.28466,0.93874,0.19418,0.00495,0.34507,-0.49441
-0.29274,0.94057,0.17206,-0.08908,0.29553,-0.36162
-0.30535,0.94334,0.12984,0.0369,0.46754,-0.37362
-0.31313,0.94701,0.07137,0.32393,0.25884,-0.07415
-0.30583,0.95205,0.00722,0.49199,0.28323,0.33803
-0.28693,0.95675,-0.04778,0.33434,0.35635,0.42604
-0.26081,0.96018,-0.10014,-0.10527,0.75305,0.41461
-0.23289,0.96111,-0.14839,-0.34465,0.58246,0.43618
-0.20007,0.96178,-0.18692,-0.37821,0.44314,0.39914
-0.16571,0.96188,-0.21754,-0.34276,0.31013,0.44355
-0.13649,0.95849,-0.25031,-0.18707,0.11588,0.46601
-0.1094,0.95172,-0.2868,-0.07703,0.00422,0.45253
-0.08458,0.94178,-0.3254,0.08449,-0.21,0.51682
-0.06918,0.92792,-0.36628,0.10755,-0.23784,0.56837
-0.06087,0.91279,-0.40386,0.11615,-0.29752,0.61156
-0.05814,0.89717,-0.43782,0.0949,-0.26953,0.62857
-0.06063,0.88172,-0.46784,0.04841,-0.2727,0.61628
-0.06619,0.86914,-0.49011,-0.10607,-0.3332,0.60429
-0.07468,0.85974,-0.50524,-0.21753,-0.52414,0.72141
-0.0828,0.8546,-0.51263,-0.22231,-0.53737,0.72029
-0.0876,0.85434,-0.51228,-0.24753,-0.5012,0.52623
-0.09131,0.8594,-0.50308,-0.15068,-0.45608,0.32321
-0.09577,0.87023,-0.48324,0.03136,-0.35756,0.15779
-0.10109,0.88502,-0.45443,0.09119,-0.07405,-0.18032
-0.10427,0.89678,-0.43,0.12624,0.45005,-0.68825
-0.10675,0.90094,-0.4206,-0.00917,1.67214,-0.89948
-0.10496,0.89493,-0.43368,0.22893,1.96631,-0.85911
-0.10098,0.88323,-0.45792,-0.12704,-0.13519,-0.25724
-0.09958,0.87494,-0.47388,-0.29441,-0.84474,0.0358
-0.09615,0.87328,-0.47763,-0.28808,-0.97652,-0.04523
-0.09551,0.88149,-0.46243,-0.16609,-0.27054,1.11896
-0.10655,0.90702,-0.40736,-0.46235,0.65967,1.73063
-0.09843,0.91519,-0.3908,-0.44672,1.65913,0.41187
-0.10388,0.90078,-0.42166,-0.34658,0.56561,1.13273
-0.112,0.90849,-0.40261,-0.09333,-1.05833,1.12687
-0.10288,0.92618,-0.36275,-0.01164,-1.0505,0.77698
-0.09619,0.94689,-0.30683,0.03752,0.19914,0.97292
-0.09864,0.96703,-0.23476,0.22378,1.12898,0.80834
-0.1108,0.9757,-0.18899,0.16858,0.80195,0.33994
-0.11966,0.97932,-0.16308,0.31665,0.2269,-0.19592
-0.13876,0.9807,-0.13767,0.04373,-0.18219,0.17986
-0.15232,0.98274,-0.10493,-0.10033,-0.28082,0.35299
-0.15538,0.98573,-0.06456,-0.022,-0.30287,0.24938
-0.16203,0.98619,-0.03404,0.09791,-0.29573,0.11745
-0.1715,0.98515,-0.00762,0.15152,-0.11312,-0.06812
-0.17892,0.98362,0.02136,0.15765,-0.14503,0.0154
-0.18563,0.9812,0.05252,0.06016,-0.10523,0.09964
-0.19407,0.97768,0.08041,0.09199,-0.04616,-0.03054
-0.20553,0.97295,0.10542,0.03421,-0.00859,-0.12385
-0.22089,0.96658,0.13003,-0.09911,0.09705,-0.07316
-0.23889,0.95873,0.15407,-0.02844,0.1498,-0.15185
-0.25733,0.95055,0.17382,0.26444,0.25926,-0.17448
-0.27461,0.94322,0.18681,0.29508,0.39583,-0.26404
-0.28683,0.93776,0.19573,0.26374,0.36233,-0.21104
-0.29524,0.93422,0.20012,0.26872,0.32291,-0.21181
-0.30159,0.93209,0.20055,0.08561,0.49746,-0.38048
-0.30663,0.93185,0.19395,0.00781,0.44692,-0.40828
-0.31304,0.93405,0.17187,0.18437,0.55519,-0.33314
-0.31817,0.93875,0.13231,0.27599,0.5105,-0.36946
-0.31382,0.94646,0.07554,0.36634,0.30082,0.03923
-0.298,0.95445,0.0146,0.05354,0.23731,0.19723
-0.27595,0.96012,-0.04485,-0.13685,0.34662,0.37657
-0.25624,0.96093,-0.10461,-0.39078,0.6764,0.25352
-0.23602,0.95801,-0.16277,-0.23202,0.39476,0.25942
-0.20932,0.95515,-0.20942,-0.25873,0.39761,0.30606
-0.18242,0.95064,-0.25099,-0.28694,0.40379,0.40689
-0.15388,0.94464,-0.28976,-0.11846,0.12588,0.53591
-0.12605,0.93367,-0.33521,-0.04596,-0.04275,0.59268
-0.10225,0.91654,-0.38664,0.13515,-0.25757,0.49374
-0.08861,0.89738,-0.43226,0.12698,-0.25767,0.66124
-0.08464,0.87704,-0.47288,0.06829,-0.27527,0.72989
-0.08717,0.85654,-0.50865,0.01273,-0.31257,0.68663
-0.09455,0.83795,-0.53749,-0.12827,-0.3733,0.66887
-0.10439,0.82351,-0.55761,-0.19757,-0.41819,0.75698
-0.11262,0.81428,-0.56944,-0.19431,-0.48658,0.76364
-0.11825,0.81147,-0.57229,-0.12938,-0.51498,0.694
-0.12315,0.8149,-0.56636,-0.05881,-0.51834,0.60435
-0.12606,0.82647,-0.54868,0.00531,-0.54077,0.47256
-0.12419,0.84581,-0.51882,0.06895,-0.42669,0.05674
-0.11529,0.86745,-0.48396,-0.20341,0.19564,-0.85231
-0.10781,0.88189,-0.45895,-0.4228,0.53609,-0.96804
-0.11198,0.88314,-0.45555,0.43632,2.01802,-0.70821
-0.11238,0.87371,-0.47328,0.30043,0.9483,-0.30968
-0.11657,0.86113,-0.49483,-0.14727,-0.28612,0.03536
-0.1185,0.85128,-0.51114,-0.40113,-0.8375,-0.00427
-0.11628,0.8528,-0.50912,-0.57314,-0.35194,-0.10967
-0.13628,0.8703,-0.47329,-0.14761,0.5634,0.71192
-0.13126,0.88708,-0.44256,0.22788,2.18296,0.96796
-0.10844,0.8702,-0.48061,-0.27332,-0.84943,1.6491
-0.11066,0.87099,-0.47867,-0.29256,-1.61942,0.92986
-0.10509,0.89345,-0.43669,-0.371,-1.23726,0.30573
-0.09504,0.92368,-0.37117,0.21101,-0.29557,1.36189
-0.06904,0.9501,-0.3042,0.42846,0.81872,0.86605
-0.05868,0.96492,-0.25588,0.44738,1.09372,0.34558
-0.07089,0.97258,-0.22147,0.16678,0.03705,0.14161
-0.09082,0.97812,-0.18716,0.04874,-0.06941,0.20754
-0.10716,0.98128,-0.15996,-0.20438,-0.19849,0.25174
-0.12269,0.98349,-0.13295,-0.16997,-0.27565,0.07532
-0.13765,0.98558,-0.09837,-0.04061,-0.1922,0.1172
-0.14955,0.98665,-0.06434,0.19848,-0.13115,0.21539
-0.15779,0.98689,-0.03369,0.32051,-0.10582,0.02528
-0.16306,0.9866,-0.0052,0.07903,-0.13488,0.0108
-0.16966,0.98523,0.02288,-0.17406,-0.16354,0.11142
-0.18303,0.98169,0.05272,-0.16661,-0.15519,0.06715
-0.20108,0.97602,0.0833,0.13399,0.03457,0.00685
-0.22031,0.96865,0.11476,0.17476,0.10923,-0.07607
-0.23966,0.96039,0.14213,0.13995,0.1543,-0.20307
-0.25892,0.95188,0.16392,0.08364,0.35391,-0.27157
-0.2788,0.94354,0.17882,0.34352,0.48039,-0.28707
-0.29554,0.93692,0.18661,0.55891,0.46019,-0.32676
-0.30514,0.93368,0.18739,0.41846,0.56968,-0.48669
-0.30794,0.93395,0.18137,0.0576,0.5904,-0.59291
-0.30929,0.93727,0.16077,-0.06541,0.43657,-0.43915
-0.31542,0.94186,0.1157,0.13933,0.47609,-0.31407
-0.31763,0.94679,0.05185,0.2765,0.2233,0.01985
-0.30481,0.95222,-0.01861,0.16744,0.3266,0.21678
-0.28172,0.95605,-0.0812,-0.01996,0.40539,0.51729
-0.25897,0.95517,-0.14343,-0.45235,0.89705,0.32073
-0.23698,0.9499,-0.20379,-0.38924,0.61045,0.30497
-0.20455,0.94399,-0.25889,-0.39996,0.58857,0.39601
-0.17142,0.9362,-0.30681,-0.49908,0.70812,0.51651
-0.13858,0.92707,-0.34831,-0.14808,0.23128,0.56804
-0.10042,0.91109,-0.39977,-0.11746,0.08654,0.65899
-0.06763,0.88985,-0.45121,0.22359,-0.17314,0.5774
-0.04818,0.86613,-0.49749,0.14584,-0.17228,0.71204
-0.05018,0.83816,-0.54311,0.09863,-0.19857,0.79778
-0.06581,0.81038,-0.5822,-0.05788,-0.28846,0.81026
-0.08532,0.78544,-0.61302,-0.19649,-0.36729,0.81911
-0.10651,0.76405,-0.6363,-0.23353,-0.40869,0.84559
-0.12326,0.7501,-0.64973,-0.22486,-0.56836,0.80523
-0.13231,0.74384,-0.65513,-0.17372,-0.56179,0.66097
-0.13441,0.74526,-0.65309,-0.09681,-0.43009,0.33016
-0.13053,0.75454,-0.64314,-0.02704,-0.27056,0.05536
-0.12299,0.76993,-0.62616,-0.03988,-0.07679,-0.2166
-0.12022,0.78299,-0.6103,0.14518,0.51559,-0.40126
-0.12039,0.78878,-0.60277,-0.0215,0.90162,-0.54652
-0.12632,0.78895,-0.60132,0.1375,0.62934,-0.38636
-0.12798,0.78764,-0.60269,0.01795,0.07018,-0.22501
-0.1258,0.7893,-0.60098,-0.1623,-0.08222,-0.34427
-0.12907,0.79601,-0.59135,-0.47535,0.95184,-0.39632
-0.14136,0.80043,-0.58251,-0.50717,1.51826,-0.14589
-0.14149,0.79071,-0.59561,0.14139,0.23341,1.02804
-0.15351,0.7806,-0.60588,-0.12741,-1.66483,2.36605
-0.15797,0.8003,-0.57841,-0.33131,-1.65267,1.43167
-0.13357,0.83179,-0.53877,0.05394,0.06918,0.4147
-0.09857,0.86924,-0.48446,0.15517,0.65921,1.1994
-0.05228,0.89897,-0.43488,0.29571,0.95202,0.16703
-0.03101,0.91854,-0.3941,0.26879,0.08656,0.14744
-0.01712,0.93577,-0.35218,0.16374,-0.24992,0.34656
-0.00347,0.95275,-0.30373,-0.15238,-0.40637,0.32197
-0.00093,0.96809,-0.25056,-0.1868,-0.24052,0.20355
-0.01663,0.97903,-0.20301,-0.09496,0.07502,0.23101
-0.05042,0.98536,-0.16279,0.1522,0.33731,0.27116
-0.08349,0.98665,-0.13978,0.40681,0.21577,0.00232
-0.1063,0.98673,-0.12269,0.2806,0.02557,-0.00294
-0.12416,0.98759,-0.09614,0.13861,-0.13792,0.09097
-0.13537,0.98866,-0.06495,0.10487,-0.09048,0.04915
-0.14273,0.98926,-0.03125,0.07361,-0.0632,0.05751
-0.14877,0.98886,0.00022,0.01152,-0.06487,0.11507
-0.15693,0.98705,0.03285,-0.10746,-0.07835,0.33019
-0.16996,0.98304,0.0687,-0.22933,-0.03006,0.13343
-0.18756,0.97681,0.10315,-0.06291,0.26126,-0.01944
-0.20611,0.96935,0.13362,0.24109,0.19962,-0.24995
-0.22281,0.96188,0.15849,0.17869,0.27234,-0.27691
-0.23653,0.95503,0.17876,0.14273,0.38169,-0.2215
-0.24754,0.94992,0.19069,0.05021,0.50452,-0.31046
-0.25615,0.94668,0.19538,0.10416,0.49554,-0.27001
-0.26518,0.94463,0.19322,0.14891,0.46936,-0.29433
-0.27376,0.94474,0.1803,0.32037,0.58381,-0.27953
-0.27765,0.94871,0.15113,0.34737,0.29061,-0.31906
-0.27181,0.95609,0.10955,0.17459,0.21231,-0.53805
-0.2588,0.96436,0.05496,0.09472,0.20388,-0.11728
-0.24127,0.97041,-0.00846,-0.00279,0.20595,0.19767
-0.22187,0.97245,-0.07144,-0.26125,0.42643,0.55998
-0.20583,0.97007,-0.12878,-0.28293,0.41059,0.60757
-0.18874,0.96438,-0.18528,-0.09701,0.21735,0.18405
-0.16361,0.95785,-0.23608,-0.13685,0.39279,0.16673
-0.13331,0.95107,-0.27871,-0.23396,0.63305,0.34502
-0.10288,0.94411,-0.31313,-0.25577,0.40208,0.55713
-0.06861,0.9325,-0.35459,-0.2408,0.07512,0.5685
-0.04055,0.91424,-0.40313,-0.14522,-0.25812,0.53535
-0.0193,0.89364,-0.44835,-0.09173,-0.42245,0.52045
-0.00465,0.87315,-0.48742,-0.066,-0.35458,0.58547
-0.00081,0.8526,-0.52255,-0.0419,-0.31116,0.64914
-0.00623,0.83301,-0.55322,-0.08388,-0.3123,0.70384
-0.01642,0.81492,-0.57933,-0.14096,-0.38186,0.72739
-0.02369,0.8016,-0.59739,-0.23507,-0.52143,0.70659
-0.0289,0.79411,-0.60708,-0.17059,-0.57016,0.68589
-0.03653,0.79226,-0.60908,-0.0962,-0.54995,0.61782
-0.04663,0.79771,-0.60122,0.05158,-0.50137,0.35757
-0.05058,0.81329,-0.57965,0.04893,-0.45275,0.22464
-0.04256,0.83377,-0.55046,-0.04431,-0.14441,-0.35202
-0.03689,0.8484,-0.52806,0.01846,1.4791,-0.7186
-0.05174,0.85236,-0.52038,0.07435,1.63432,-0.59303
-0.05695,0.84541,-0.53106,0.047,1.17699,-0.35213
-0.05729,0.83628,-0.54529,-0.28153,-0.27558,-0.01948
-0.06107,0.83173,-0.5518,-0.27343,-0.45417,0.01286
-0.0634,0.83459,-0.5472,-0.57492,-0.28685,0.11098
-0.07653,0.84586,-0.52787,-0.52742,0.20649,0.83683
-0.0882,0.86784,-0.48894,-0.14938,1.19184,0.98774
-0.07535,0.87548,-0.47733,-0.15145,1.91007,0.61402
-0.07054,0.86452,-0.49761,0.17363,-0.73412,1.44721
-0.07147,0.87529,-0.47827,-0.21126,-1.40413,0.50365
-0.06048,0.89864,-0.43448,-0.36188,-1.03507,0.05586
-0.04557,0.92677,-0.37283,0.15141,0.38159,1.0174
-0.02334,0.94993,-0.31158,0.32586,0.58254,0.83297
-0.0128,0.96418,-0.2649,0.29099,0.39286,0.22871
-0.0237,0.97362,-0.22692,0.17516,0.09409,0.17512
-0.04582,0.98029,-0.19216,0.02558,0.00485,0.23023
-0.0685,0.98408,-0.16393,-0.17091,-0.10348,0.30172
-0.08604,0.98634,-0.1404,-0.04192,-0.17415,0.14845
-0.10631,0.98815,-0.11064,0.02414,-0.13106,0.17467
-0.12338,0.98921,-0.07885,0.10758,-0.14108,0.21333
-0.13537,0.98963,-0.04791,0.15283,-0.13526,0.12163
-0.14397,0.98942,-0.01754,0.03782,-0.20479,0.18182
-0.15201,0.98828,0.01347,-0.01735,-0.18104,0.18873
-0.16277,0.98559,0.0458,-0.04338,-0.09217,0.06929
-0.17703,0.9812,0.07678,-0.00742,-0.01704,-0.0193
-0.19318,0.9754,0.10614,-0.00601,0.01603,-0.04239
-0.2113,0.96872,0.13007,-0.04387,0.10192,-0.27862
-0.23067,0.96147,0.14945,0.21255,0.26677,-0.16083
-0.24989,0.95451,0.16263,0.34981,0.33765,-0.1508
-0.26686,0.94861,0.16999,0.38148,0.37878,-0.2369
-0.27891,0.94455,0.17327,0.24528,0.36313,-0.20638
-0.28785,0.94211,0.1719,0.21844,0.37517,-0.2716
-0.29528,0.94096,0.16545,0.05983,0.39263,-0.46196
-0.30373,0.9414,0.14659,0.03411,0.2977,-0.27173
-0.31574,0.94238,0.11049,0.13582,0.29737,-0.3332
-0.32401,0.94425,0.05818,0.3126,0.22663,-0.16055
-0.31844,0.94793,-0.00109,0.38967,0.14951,0.25617
-0.30095,0.95204,-0.05514,0.29475,0.27962,0.4058
-0.27486,0.95562,-0.10595,-0.23653,0.96946,0.47564
-0.24513,0.95754,-0.15169,-0.25387,0.75718,0.48555
-0.21161,0.95918,-0.18758,-0.2263,0.5268,0.4561
-0.17522,0.96059,-0.21578,-0.32883,0.46643,0.3833
-0.14303,0.95922,-0.24377,-0.3636,0.32422,0.60212
-0.11965,0.95159,-0.2831,-0.22706,0.09025,0.61233
-0.09808,0.93987,-0.32712,-0.04746,-0.29073,0.47721
-0.08178,0.92542,-0.36999,-0.06818,-0.31938,0.50477
-0.07481,0.90911,-0.40976,-0.03066,-0.3355,0.67809
-0.07533,0.89062,-0.44845,0.03281,-0.23713,0.59109
-0.08017,0.87261,-0.48179,-0.00843,-0.24375,0.58359
-0.08916,0.85704,-0.50747,-0.0628,-0.26614,0.63256
-0.10016,0.84426,-0.52649,-0.16135,-0.42766,0.65025
-0.11003,0.83664,-0.53658,-0.19577,-0.45179,0.73988
-0.11752,0.83358,-0.53975,-0.17346,-0.43264,0.73119
-0.11986,0.8364,-0.53484,-0.04481,-0.42802,0.45334
-0.11727,0.84534,-0.52119,0.0416,-0.45787,0.23034
-0.11502,0.85949,-0.49804,0.08502,-0.40172,0.14164
-0.11036,0.87559,-0.47028,0.07829,0.03448,-0.48189
-0.10591,0.88867,-0.44614,-0.03667,0.85391,-0.84005
-0.10162,0.89294,-0.43855,-0.0029,1.96825,-0.93073
-0.09011,0.88575,-0.45532,0.1458,0.51395,-0.3604
-0.08304,0.87514,-0.47668,-0.18562,-0.44927,-0.08426
-0.08303,0.86964,-0.48665,-0.25335,-0.7696,0.14314
-0.08438,0.87275,-0.48081,-0.09268,-0.43295,1.07899
-0.08391,0.89745,-0.43306,-0.18724,-0.1322,1.74399
-0.08824,0.92619,-0.36657,-0.35649,1.4428,0.96222
-0.06553,0.9129,-0.40287,-0.616,3.17212,-1.8497
-0.09086,0.90223,-0.42155,-0.11542,-1.33374,1.19487
-0.08875,0.91612,-0.39095,-0.07746,-1.61557,0.4899
-0.08463,0.93239,-0.3514,0.22483,-0.5117,1.02193
-0.08678,0.95448,-0.28535,0.27674,0.27403,1.22084
-0.08772,0.96982,-0.22747,0.41008,1.4095,0.9484
-0.08396,0.97567,-0.2025,0.47161,0.67106,-0.17357
-0.09462,0.97954,-0.17756,0.07623,-0.1366,0.33459
-0.10852,0.98204,-0.15429,-0.0547,-0.21182,0.35248
-0.11936,0.98463,-0.12744,-0.32094,-0.32086,0.14194
-0.12612,0.98782,-0.09107,-0.2165,-0.32478,0.24653
-0.13637,0.98906,-0.0561,-0.15243,-0.31822,0.2239
-0.14798,0.98878,-0.02001,0.05971,-0.17732,0.11231
-0.16015,0.987,0.01282,0.17137,-0.13756,0.10895
-0.17301,0.9841,0.03988,0.14443,-0.09917,0.04889
-0.18734,0.98,0.06706,0.11809,-0.04686,-0.06457
-0.20138,0.97484,0.09546,0.22498,0.04699,-0.10065
-0.21623,0.96884,0.12071,0.1926,0.08713,-0.17804
-0.2314,0.96237,0.14243,0.01434,0.13814,-0.26996
-0.24754,0.95578,0.15874,0.04772,0.24303,-0.23239
-0.26398,0.94944,0.16991,0.24973,0.3668,-0.24953
-0.27812,0.94448,0.17492,0.32413,0.35029,-0.21039
-0.28891,0.94119,0.17517,0.28644,0.45164,-0.37863
-0.29696,0.93949,0.17077,0.04493,0.48623,-0.56164
-0.30452,0.93954,0.15656,-0.11015,0.36077,-0.55905
-0.31651,0.94099,0.11973,-0.00232,0.39324,-0.3809
-0.32688,0.94302,0.062,0.27947,0.32072,-0.30157
-0.32322,0.94629,-0.00655,0.50326,0.14331,0.22453
-0.30379,0.95037,-0.06699,0.22425,0.42657,0.46842
-0.2781,0.95288,-0.12109,-0.09006,0.65155,0.50541
-0.25139,0.95201,-0.17457,-0.4247,0.88308,0.45972
-0.21919,0.95019,-0.22154,-0.22923,0.52355,0.43911
-0.18211,0.94914,-0.25681,-0.23907,0.50974,0.41039
-0.14689,0.94571,-0.2899,-0.24873,0.45303,0.48988
-0.11179,0.93983,-0.32282,-0.07475,0.05074,0.52293
-0.08148,0.92894,-0.36114,-0.01325,-0.08064,0.58632
-0.06226,0.91285,-0.4035,0.16256,-0.309,0.65752
-0.05486,0.89426,-0.44416,0.05876,-0.31316,0.73704
-0.05656,0.87397,-0.48266,0.08878,-0.31227,0.75233
-0.06667,0.85404,-0.51591,-0.02556,-0.41768,0.72206
-0.07784,0.8382,-0.53977,-0.21298,-0.57106,0.68041
-0.08909,0.82949,-0.55137,-0.22417,-0.5911,0.76519
-0.09989,0.82656,-0.5539,-0.2349,-0.5758,0.82032
-0.10749,0.82813,-0.55013,-0.21538,-0.48244,0.58684
-0.1101,0.83553,-0.5383,-0.15326,-0.45868,0.44871
-0.10817,0.8498,-0.51587,-0.04739,-0.34741,0.21152
-0.10412,0.8673,-0.48676,0.04855,-0.09664,-0.24752
-0.09804,0.87972,-0.46526,0.13584,0.4901,-0.89336
-0.09865,0.88385,-0.45723,0.08255,1.70619,-0.97015
-0.09562,0.87962,-0.46596,0.43242,1.14704,-0.52597
-0.09097,0.87252,-0.48002,-0.03932,-0.18092,-0.17001
-0.08654,0.86825,-0.48851,-0.19566,-0.81566,-0.08229
-0.082,0.87025,-0.48574,-0.15794,-0.54375,0.18781
-0.08384,0.89052,-0.44715,-0.19034,-0.09047,1.31311
-0.0842,0.91554,-0.39331,-0.35652,1.41567,1.09987
-0.06388,0.90405,-0.42262,-0.37995,2.86701,-1.21956
-0.0766,0.89399,-0.44148,-0.2762,-0.51324,1.68358
-0.07108,0.9101,-0.40823,-0.17764,-1.51455,0.48881
-0.06132,0.93075,-0.36048,0.00068,-0.53417,1.03273
-0.06165,0.95298,-0.29667,0.00176,-0.06385,1.07299
-0.07084,0.97066,-0.22974,0.26936,1.50695,1.01169
-0.07647,0.97607,-0.20352,0.41482,0.66715,-0.12518
-0.09028,0.97962,-0.17938,0.37676,0.04246,0.06034
-0.1065,0.98215,-0.15502,-0.08706,-0.27765,0.30117
-0.11493,0.98546,-0.12507,-0.1772,-0.27436,0.23785
-0.1196,0.98873,-0.09001,-0.20073,-0.27338,0.23493
-0.12881,0.98992,-0.05878,-0.07296,-0.22107,0.14845
-0.14061,0.9897,-0.02644,-0.03688,-0.187,0.0453
-0.15346,0.98814,0.00295,-0.04906,-0.22163,0.17744
-0.16949,0.98496,0.03332,0.04821,-0.21782,0.22415
-0.18495,0.9806,0.06474,0.16571,-0.14105,0.08201
-0.2007,0.97505,0.0948,0.26635,0.05813,-0.12182
-0.21657,0.96864,0.12173,0.09669,0.10439,-0.24409
-0.23245,0.96168,0.14532,0.02951,0.15158,-0.27366
-0.25001,0.9543,0.16369,0.19348,0.36144,-0.24905
-0.26818,0.94713,0.17607,0.40194,0.41751,-0.24084
-0.28259,0.94175,0.18232,0.45179,0.37152,-0.21144
-0.29177,0.93835,0.18533,0.43286,0.38053,-0.25213
-0.2982,0.93647,0.1846,0.09042,0.45946,-0.47461
-0.30458,0.93645,0.17401,-0.01058,0.52933,-0.3033
-0.31213,0.939,0.14435,0.11686,0.50323,-0.40542
-0.31689,0.94377,0.0941,0.28792,0.25247,-0.13075
-0.30823,0.95072,0.03334,0.21538,0.15396,0.02271
-0.28868,0.9571,-0.02467,-0.03212,0.26785,0.39781
-0.26624,0.96038,-0.08228,-0.3676,0.63068,0.49402
-0.24496,0.95906,-0.14207,-0.41725,0.73962,0.1784
-0.22018,0.95518,-0.19781,-0.29037,0.43326,0.29306
-0.18927,0.95169,-0.24178,-0.32852,0.44486,0.41365
-0.158,0.94773,-0.2772,-0.2538,0.36856,0.51425
-0.12537,0.94253,-0.3097,-0.16424,0.15342,0.56669
-0.08938,0.93281,-0.34908,-0.03923,-0.07639,0.62716
-0.06043,0.91694,-0.39442,0.1405,-0.27825,0.57397
-0.04328,0.89945,-0.43487,0.106,-0.26035,0.64457
-0.03785,0.88016,-0.47316,0.04884,-0.25916,0.76449
-0.04018,0.86057,-0.50774,-0.02873,-0.42601,0.69716
-0.04745,0.8439,-0.53439,-0.12924,-0.51451,0.71435
-0.0595,0.83073,-0.55347,-0.10638,-0.51706,0.76256
-0.07164,0.82327,-0.5631,-0.10625,-0.58115,0.70431
-0.08283,0.82338,-0.56141,-0.10232,-0.54784,0.695
-0.09338,0.831,-0.54837,-0.00667,-0.48643,0.49449
-0.09461,0.84748,-0.52231,-0.04151,-0.14175,-0.15391
-0.08283,0.86598,-0.49317,-0.1877,0.06824,-0.62953
-0.0731,0.87245,-0.4832,-0.15307,0.73813,-1.04901
-0.07416,0.869,-0.48921,0.3975,1.45897,-0.65809
-0.07954,0.85636,-0.51021,0.24223,0.794,-0.35619
-0.09173,0.84089,-0.53337,-0.06713,-0.17466,0.14812
-0.09294,0.83126,-0.54805,-0.2974,-0.51016,-0.20903
-0.09287,0.83205,-0.54687,-0.53535,-0.03386,-0.41436
-0.1078,0.84452,-0.52456,0.23126,1.66117,1.23224
-0.09822,0.84473,-0.52609,-0.17786,0.67685,1.49776
-0.09141,0.83505,-0.54251,-0.25917,-0.54349,1.41209
-0.08136,0.84752,-0.52449,-0.37995,-0.76509,0.16934
-0.07879,0.88434,-0.46014,0.50445,-0.20061,1.69261
-0.04685,0.9204,-0.38814,0.53011,0.56671,1.07436
-0.01489,0.94096,-0.33818,0.10507,0.77472,0.13812
-0.01402,0.95445,-0.29803,-0.05785,0.19878,-0.01415
-0.02814,0.96635,-0.25567,-0.12582,-0.25661,0.16117
-0.04813,0.97746,-0.2055,-0.13922,0.0435,0.49827
-0.07361,0.98369,-0.16406,-0.10231,0.00276,0.39306
-0.09265,0.98637,-0.13595,0.05284,-0.01707,0.22722
-0.1126,0.98839,-0.10194,0.1886,0.02681,0.17661
-0.12772,0.98947,-0.0679,0.26526,-0.03872,0.24783
-0.13649,0.98985,-0.03936,0.29848,-0.11043,0.19854
-0.14246,0.98969,-0.01456,0.0728,-0.15593,0.05726
-0.14789,0.98884,0.01745,-0.14056,-0.15263,0.21977
-0.15635,0.98629,0.05271,-0.12524,-0.16175,0.13212
-0.16921,0.98208,0.08285,-0.0295,-0.00248,-0.10497
-0.18649,0.9763,0.10976,-0.08248,0.08213,-0.0516
-0.20611,0.96918,0.13489,-0.11217,0.14324,-0.15224
-0.22682,0.96148,0.15519,0.22441,0.25225,-0.18201
-0.2473,0.95395,0.16971,0.53956,0.41498,-0.20379
-0.26228,0.9483,0.17866,0.41987,0.40122,-0.19685
-0.27018,0.9451,0.18373,0.12945,0.36218,-0.23031
-0.27582,0.94325,0.18486,-0.02708,0.38853,-0.37278
-0.28264,0.94211,0.18035,-0.03988,0.37322,-0.39896
-0.29117,0.94265,0.16314,0.14593,0.57669,-0.16829
-0.29571,0.94606,0.13232,0.28095,0.37818,-0.32608
-0.29294,0.95247,0.08342,0.3015,0.22177,-0.0589
-0.27976,0.95969,0.02675,0.18048,0.21676,0.1349
-0.25963,0.96515,-0.03251,-0.12863,0.29338,0.20938
-0.23936,0.96669,-0.09052,-0.42835,0.45579,0.48228
-0.22188,0.96393,-0.14692,-0.35234,0.46491,0.3008
-0.20098,0.95968,-0.19648,-0.15725,0.29807,0.25473
-0.1768,0.95487,-0.23865,-0.1843,0.34025,0.40443
-0.15197,0.94865,-0.2774,-0.27758,0.47826,0.49632
-0.1233,0.94112,-0.31477,-0.1137,0.10353,0.52501
-0.09282,0.92923,-0.35764,-0.04591,-0.00253,0.53326
-0.07102,0.91291,-0.40192,0.08582,-0.15554,0.59678
-0.05804,0.89301,-0.44626,0.03288,-0.34846,0.59476
-0.05123,0.87276,-0.48544,-0.00491,-0.35247,0.64546
-0.05126,0.85359,-0.51842,-0.04444,-0.37162,0.68332
-0.05688,0.83601,-0.54576,-0.15502,-0.37287,0.73088
-0.06397,0.82211,-0.56571,-0.19195,-0.43949,0.73696
-0.0697,0.8129,-0.57821,-0.1391,-0.46645,0.66925
-0.07501,0.80919,-0.58273,-0.08528,-0.46264,0.58241
-0.08144,0.81239,-0.57739,-0.02025,-0.46663,0.47865
-0.08496,0.82347,-0.56095,0.03002,-0.37216,0.13346
-0.08039,0.84262,-0.53247,-0.03674,-0.34845,-0.06592
-0.07276,0.85889,-0.50696,-0.14376,-0.01285,-0.52878
-0.07186,0.86574,-0.49529,-0.21662,1.34062,-0.71726
-0.07533,0.86217,-0.50098,0.30077,1.66751,-0.55997
-0.07711,0.85127,-0.51903,0.16889,0.92907,-0.26334
-0.08515,0.83936,-0.53686,-0.25491,-0.78303,0.12252
-0.08457,0.83506,-0.54361,-0.24554,-0.72752,0.00305
-0.08519,0.84245,-0.53198,-0.43773,-0.39107,-0.06175
-0.09883,0.86345,-0.49465,-0.02721,0.6566,1.14429
-0.09091,0.88424,-0.45808,0.13443,1.28949,1.37787
-0.06092,0.87535,-0.47963,-0.10078,2.01741,-0.093
-0.0542,0.87399,-0.4829,-0.24184,-1.3211,0.93255
-0.04323,0.89699,-0.43992,-0.3456,-1.159,0.41375
-0.03401,0.92278,-0.38382,-0.02708,-0.32578,0.91031
-0.02396,0.94604,-0.32315,0.15763,0.44459,0.83066
-0.01734,0.96396,-0.26547,0.11494,0.75707,0.43806
-0.02899,0.97378,-0.22559,0.24856,0.36505,0.08509
-0.04911,0.97945,-0.19556,0.14229,0.03242,0.19322
-0.06832,0.98269,-0.17214,-0.0942,-0.13771,0.33228
-0.0846,0.98569,-0.14575,-0.09903,-0.14763,0.16485
-0.10129,0.98825,-0.11437,0.02835,-0.08657,0.18681
-0.11517,0.9898,-0.08375,0.1416,-0.09039,0.23384
-0.12432,0.99079,-0.05347,0.20286,-0.12234,0.14386
-0.1295,0.99126,-0.02487,0.11059,-0.14089,0.09531
-0.13537,0.99078,0.00419,-0.09566,-0.17854,0.14713
-0.14632,0.98862,0.0348,-0.10986,-0.17688,0.1214
-0.16154,0.98487,0.06264,0.03788,-0.06084,-0.03336
-0.17709,0.98006,0.08999,0.136,0.0303,-0.05938
-0.19436,0.97418,0.11478,-0.01296,0.15402,-0.13266
-0.21272,0.96755,0.13633,-0.04251,0.17624,-0.18045
-0.23337,0.96043,0.15197,0.27491,0.29342,-0.12662
-0.25195,0.95395,0.16274,0.38341,0.38651,-0.24651
-0.26474,0.9496,0.1678,0.37352,0.32306,-0.14293
-0.27314,0.94694,0.16936,0.20924,0.40321,-0.30697
-0.27933,0.94558,0.16685,0.10575,0.43322,-0.38118
-0.28507,0.9461,0.15365,0.03734,0.4948,-0.22999
-0.28956,0.94885,0.12576,0.09638,0.47624,-0.35586
-0.29141,0.9534,0.07804,0.15353,0.29553,-0.16125
-0.28169,0.95927,0.02059,0.17792,0.15077,0.06512
-0.26433,0.96368,-0.03778,-0.15902,0.34077,0.3349
-0.24497,0.96475,-0.09606,-0.33974,0.55563,0.45806
-0.22586,0.96161,-0.1558,-0.30975,0.52389,0.24134
-0.20367,0.95662,-0.20828,-0.24883,0.43658,0.27673
-0.17882,0.95179,-0.24922,-0.20816,0.31016,0.40785
-0.1537,0.94489,-0.28906,-0.26027,0.35118,0.5271
-0.12007,0.93813,-0.32479,-0.23604,0.27478,0.54484
-0.08199,0.92851,-0.36212,0.02546,-0.07721,0.5442
-0.05379,0.91346,-0.40335,0.1435,-0.24351,0.60102
-0.03688,0.8953,-0.44392,0.08568,-0.30054,0.62523
-0.02766,0.87713,-0.47946,0.03395,-0.30338,0.68594
-0.02917,0.85861,-0.51179,-0.08389,-0.38517,0.67407
-0.03626,0.84224,-0.53788,-0.14277,-0.41479,0.68732
-0.04482,0.83062,-0.55502,-0.16298,-0.43097,0.70369
-0.05306,0.8241,-0.56395,-0.2133,-0.51028,0.73062
-0.0607,0.82313,-0.56459,-0.21782,-0.50079,0.68022
-0.068,0.82847,-0.55588,-0.16758,-0.49702,0.60648
-0.072,0.84123,-0.53586,-0.02497,-0.37387,0.2749
-0.07027,0.85978,-0.50581,-0.03673,-0.12818,-0.0819
-0.0642,0.87661,-0.47689,-0.11143,0.04186,-0.34154
-0.06377,0.88189,-0.46712,-0.32361,1.10304,-0.93642
-0.06785,0.87539,-0.47863,0.45416,1.12957,-0.35354
-0.06932,0.86158,-0.50286,0.14764,0.3061,-0.07595
-0.07677,0.84893,-0.5229,-0.13658,-0.49779,0.12324
-0.07481,0.8447,-0.52998,-0.49609,-0.42159,0.01549
-0.07284,0.85342,-0.51611,-0.4867,-0.10477,0.1724
-0.08293,0.87235,-0.48178,-0.24319,0.55599,0.82884
-0.07985,0.888,-0.45285,-0.07029,1.60202,0.77848
-0.06159,0.8788,-0.47318,-0.24641,0.85362,0.32638
-0.06293,0.88028,-0.47026,-0.19526,-1.08124,1.05981
-0.05909,0.90243,-0.42676,-0.25898,-0.95225,0.43966
-0.04945,0.92934,-0.3659,0.21882,-0.19658,0.96575
-0.03174,0.95137,-0.30639,0.35193,0.48321,0.91517
-0.02522,0.96528,-0.25997,0.21612,0.64989,0.39945
-0.03748,0.9737,-0.2247,0.14092,0.17884,0.07713
-0.05715,0.98001,-0.1905,-0.03673,0.00445,0.15725
-0.07428,0.98401,-0.16181,-0.25333,-0.14893,0.27245
-0.08826,0.98707,-0.13378,-0.1561,-0.13993,0.14975
-0.10687,0.98907,-0.10149,0.02281,-0.06354,0.1607
-0.12124,0.9901,-0.07062,0.32989,-0.05284,0.24273
-0.12828,0.99085,-0.04179,0.36939,-0.09977,0.14356
-0.13082,0.99127,-0.01578,0.22366,-0.17194,-0.02538
-0.13492,0.9908,0.00956,-0.20417,-0.20967,0.13085
-0.14541,0.9887,0.03624,-0.13822,-0.19495,0.1245
-0.15993,0.98511,0.06291,0.20407,0.02165,0.069
-0.17463,0.98048,0.09022,0.18914,0.0425,-0.00384
-0.19029,0.97487,0.11576,-0.1914,0.04384,-0.26903
-0.20766,0.96861,0.13654,-0.08502,0.14384,-0.13412
-0.22734,0.96196,0.15143,0.15572,0.23994,-0.15357
-0.24599,0.95592,0.16028,0.55566,0.35228,-0.16921
-0.25918,0.95197,0.16296,0.38672,0.36343,-0.19803
-0.26672,0.94986,0.1631,0.27438,0.39799,-0.26532
-0.27226,0.94898,0.15904,-0.03107,0.36592,-0.46048
-0.27925,0.94917,0.14517,-0.03126,0.34116,-0.32169
-0.28979,0.95044,0.11253,0.09647,0.42927,-0.29836
-0.29739,0.95268,0.06284,0.40762,0.17217,-0.07245
-0.29123,0.95664,0.0005,0.35694,0.16421,0.13136
-0.27181,0.96063,-0.05736,0.24916,0.24554,0.33702
-0.24691,0.96244,-0.11285,-0.40972,0.7093,0.35775
-0.22315,0.96032,-0.16727,-0.53472,0.71934,0.34874
-0.1958,0.95641,-0.21663,-0.46165,0.55291,0.43111
-0.16388,0.95236,-0.25719,-0.31595,0.43239,0.34813
-0.13412,0.946,-0.29509,-0.19747,0.30877,0.46785
-0.10183,0.93947,-0.32714,-0.1286,0.12837,0.5051
-0.06854,0.92947,-0.36245,-0.11675,0.04036,0.56594
-0.04532,0.91431,-0.40246,0.10902,-0.2582,0.62168
-0.03383,0.8968,-0.44114,0.09767,-0.27486,0.67153
-0.03349,0.87732,-0.47872,0.05243,-0.28832,0.82067
-0.03992,0.85657,-0.51448,-0.03767,-0.38517,0.72109
-0.04756,0.83895,-0.54212,-0.17978,-0.45815,0.67888
-0.05905,0.82567,-0.56104,-0.20335,-0.50078,0.76469
-0.07114,0.81846,-0.57013,-0.18827,-0.57261,0.78611
-0.08209,0.81852,-0.56857,-0.20076,-0.56492,0.74017
-0.08953,0.82619,-0.55622,-0.10049,-0.5357,0.51546
-0.09032,0.8423,-0.53138,0.03749,-0.40892,0.25251
-0.08578,0.86257,-0.4986,-0.10932,0.08664,-0.603
-0.07925,0.87801,-0.47202,-0.15001,0.36269,-0.98625
-0.07639,0.88502,-0.45923,-0.25934,0.74138,-1.12854
-0.07282,0.87899,-0.47124,0.34835,1.7104,-0.53881
-0.07204,0.8669,-0.49323,0.01313,-0.02392,-0.18522
-0.07667,0.8575,-0.50874,-0.22853,-0.73915,0.23035
-0.07447,0.85779,-0.50857,-0.4715,-0.70348,0.02526
-0.07866,0.87442,-0.47874,-0.39888,-0.00186,0.86628
-0.09223,0.89912,-0.42787,-0.18113,0.65098,1.59326
-0.07424,0.89552,-0.43877,-0.168,2.2948,-0.72314
-0.08285,0.88615,-0.45593,0.0243,0.23634,1.35245
-0.08014,0.89868,-0.43122,0.03641,-1.19869,0.79221
-0.06782,0.91999,-0.38601,0.06618,-0.45552,0.97767
-0.05897,0.9444,-0.32346,0.04221,-0.07632,0.99
-0.05504,0.96365,-0.26143,0.24897,0.64662,0.19941
-0.06543,0.97214,-0.22508,0.14747,0.36542,0.00044
-0.08016,0.97648,-0.2001,0.08158,0.12416,0.05859
-0.09883,0.97978,-0.17391,-0.14683,-0.23538,0.25294
-0.11445,0.9831,-0.14282,-0.16296,-0.23884,0.20874
-0.12536,0.98644,-0.10585,-0.11216,-0.26944,0.28227
-0.13472,0.98825,-0.07211,0.16261,-0.26077,0.16882
-0.14244,0.98902,-0.03905,0.15327,-0.22456,-0.01481
-0.14919,0.98877,-0.00774,-0.07269,-0.17221,0.01183
-0.15965,0.98698,0.01938,-0.11448,-0.13378,0.13145
-0.17395,0.98367,0.04613,0.13969,-0.02372,-0.0125
-0.18901,0.97926,0.07287,0.21268,0.01601,-0.05995
-0.20488,0.97393,0.09731,0.01044,0.09199,-0.14311
-0.22101,0.96792,0.11941,-0.04334,0.11023,-0.25137
-0.23819,0.96139,0.13777,0.27206,0.2822,-0.15135
-0.25535,0.95533,0.1487,0.43972,0.37422,-0.27095
-0.26913,0.95073,0.15383,0.3829,0.26473,-0.20003
-0.27766,0.94815,0.15457,0.31237,0.33627,-0.26188
-0.28389,0.94676,0.15173,0.17316,0.41665,-0.38934
-0.28808,0.94687,0.14293,-0.03572,0.34288,-0.44533
-0.29471,0.94847,0.11637,0.01977,0.4087,-0.27672
-0.30388,0.95009,0.07045,0.11691,0.46089,-0.30433
-0.30563,0.95212,0.00692,0.18864,0.11693,-0.00341
-0.29187,0.95482,-0.0558,0.22828,0.24254,0.39847
-0.26956,0.95677,-0.10919,-0.06789,0.52817,0.54307
-0.24329,0.95622,-0.16258,-0.36781,0.86853,0.48011
-0.21426,0.95299,-0.21421,-0.36832,0.62999,0.53169
-0.17776,0.95015,-0.25614,-0.36401,0.46073,0.33778
-0.14405,0.94542,-0.29225,-0.29995,0.48138,0.48642
-0.11211,0.94078,-0.31992,-0.21246,0.28407,0.64789
-0.08075,0.93128,-0.35523,-0.09883,-0.0687,0.66607
-0.05542,0.91516,-0.39925,0.02885,-0.37379,0.54857
-0.04151,0.89741,-0.43922,0.01436,-0.36036,0.60774
-0.03807,0.87914,-0.47502,0.02332,-0.31121,0.73496
-0.0443,0.85971,-0.50885,-0.00128,-0.40457,0.7422
-0.05442,0.8423,-0.53624,-0.11091,-0.46703,0.67519
-0.06561,0.82993,-0.55399,-0.16663,-0.53876,0.68404
-0.0781,0.823,-0.56264,-0.19604,-0.57393,0.78771
-0.09018,0.82187,-0.56248,-0.17583,-0.57672,0.75598
-0.09701,0.82816,-0.55202,-0.11185,-0.53832,0.60514
-0.09627,0.84141,-0.53175,0.06554,-0.31928,0.20437
-0.08869,0.86021,-0.50216,0.06188,-0.1884,0.029
-0.07907,0.87756,-0.4729,-0.15012,0.18067,-0.58373
-0.07665,0.88562,-0.45803,-0.15168,0.87857,-0.91793
-0.07753,0.881,-0.46672,0.13999,2.06526,-0.84162
-0.07822,0.86908,-0.48843,-0.02056,0.03639,-0.08437
-0.08426,0.85751,-0.50751,-0.0623,-0.37738,0.05727
-0.08035,0.8535,-0.51485,-0.27938,-0.97952,-0.14105
-0.07468,0.86177,-0.50176,-0.36606,-0.78269,0.96714
-0.06024,0.88872,-0.45447,-0.61776,-0.09494,2.37072
-0.08011,0.92169,-0.37955,-0.77584,0.34494,1.79168
-0.06884,0.92257,-0.37962,-0.36065,3.59875,-2.04791
-0.09597,0.91549,-0.39071,0.00687,1.85663,0.96935
-0.10053,0.9258,-0.36438,0.49921,-0.97037,1.44687
-0.08846,0.94086,-0.32701,0.36428,-0.90279,0.50926
-0.08911,0.95808,-0.27226,0.22797,-0.23852,0.68783
-0.09989,0.97031,-0.22024,0.11406,0.7303,0.91723
-0.0975,0.97691,-0.19006,0.20412,0.49336,0.0095
-0.11151,0.97956,-0.16737,0.08487,-0.02961,-0.0078
-0.1289,0.9817,-0.14013,-0.14761,-0.1634,0.23533
-0.13435,0.98541,-0.10442,-0.12195,-0.30235,0.36433
-0.13472,0.9887,-0.0657,-0.05226,-0.37177,0.3083
-0.13731,0.9899,-0.0351,0.05136,-0.31605,0.14943
-0.14294,0.9897,-0.00715,0.08896,-0.1533,-0.05971
-0.14936,0.98855,0.02083,0.01516,-0.11592,0.0789
-0.15748,0.98644,0.04607,-0.00604,-0.17038,0.05926
-0.16974,0.98302,0.06964,0.0417,-0.08348,-0.07882
-0.18349,0.97855,0.09355,0.12447,0.00262,-0.05841
-0.19783,0.97343,0.1152,0.03822,0.05261,-0.1493
-0.21291,0.96768,0.13509,-0.00143,0.12514,-0.13163
-0.23098,0.96105,0.15171,0.1204,0.23422,-0.1433
-0.24733,0.95464,0.16575,0.21533,0.30145,-0.2033
-0.26012,0.94947,0.17559,0.27451,0.37854,-0.18742
-0.26974,0.94571,0.18125,0.26992,0.47529,-0.30364
-0.27729,0.94349,0.18141,0.11062,0.48244,-0.45864
-0.28379,0.94343,0.17141,0.15406,0.58005,-0.31347
-0.28747,0.9468,0.1446,0.41051,0.6029,-0.22546
-0.28392,0.95352,0.10085,0.26884,0.42513,-0.06063
-0.27077,0.96178,0.04045,0.08889,0.21436,0.24968
-0.24961,0.96814,-0.01988,-0.10518,0.41558,0.32464
-0.22385,0.97143,-0.07874,-0.41645,0.91497,0.37801
-0.20172,0.97013,-0.13474,-0.48987,0.69403,0.43644
-0.17517,0.96602,-0.19001,-0.31728,0.21118,0.45732
-0.14263,0.9618,-0.23364,-0.1803,0.35256,0.41209
-0.11445,0.95738,-0.26517,-0.34032,0.37073,0.38858
-0.08911,0.95006,-0.29905,-0.11163,-0.07575,0.62553
-0.0636,0.93702,-0.34343,-0.08602,-0.14756,0.60147
-0.04551,0.91783,-0.39435,-0.01571,-0.29673,0.64363
-0.03938,0.89476,-0.4448,0.04369,-0.3914,0.67724
-0.03991,0.87151,-0.48874,0.0624,-0.28902,0.72409
-0.04456,0.8486,-0.52715,-0.01567,-0.33491,0.64147
-0.05085,0.82945,-0.55626,-0.06966,-0.34239,0.66403
-0.059,0.81595,-0.5751,-0.15984,-0.45715,0.69813
-0.07041,0.80632,-0.58727,-0.21369,-0.41766,0.7679
-0.08235,0.80125,-0.59263,-0.14422,-0.42187,0.71223
-0.08917,0.80377,-0.58821,-0.09208,-0.41333,0.50421
-0.09007,0.81454,-0.57306,-0.04434,-0.32469,0.24941
-0.08608,0.83181,-0.54833,-0.01884,-0.24379,0.11247
-0.07843,0.84784,-0.52441,-0.01681,0.06068,-0.29981
-0.07843,0.85691,-0.50946,0.03482,1.61994,-0.75966
-0.0849,0.85448,-0.5125,0.26169,1.65442,-0.56706
-0.08541,0.8444,-0.52886,-0.01392,0.31469,-0.18228
-0.087,0.8356,-0.54239,-0.42786,-0.27364,0.10332
-0.08432,0.83329,-0.54636,-0.43055,-0.27132,0.10729
-0.08827,0.84053,-0.53452,-0.60351,0.39484,0.16876
-0.10278,0.84992,-0.51678,0.03535,1.05001,0.79756
-0.09516,0.85388,-0.51168,0.08512,0.79992,0.75482
-0.08696,0.85076,-0.5183,-0.03054,-0.56286,1.1735
-0.08339,0.8589,-0.50531,-0.23992,-0.65931,0.40882
-0.07144,0.88513,-0.45981,-0.14517,-0.25049,0.42244
-0.0507,0.91664,-0.39648,0.27747,0.51323,1.15486
-0.02717,0.93924,-0.34218,0.22661,0.2967,0.48552
-0.01752,0.9541,-0.29897,0.0802,0.10542,0.17921
-0.0237,0.96523,-0.26029,0.02205,0.00429,0.11148
-0.04387,0.97524,-0.21673,-0.19424,-0.01244,0.37051
-0.06492,0.98236,-0.17532,-0.2177,-0.05487,0.39809
-0.07814,0.98591,-0.14789,0.01532,-0.04107,0.19276
-0.09686,0.98787,-0.12134,0.16025,-0.04899,0.2506
-0.11378,0.98949,-0.08911,0.31026,-0.11698,0.27343
-0.12341,0.9905,-0.06053,0.27097,-0.14373,0.10186
-0.12896,0.99086,-0.0393,0.04311,-0.1095,0.0135
-0.13193,0.99115,-0.01442,-0.08183,-0.10997,0.21022
-0.13727,0.99036,0.01807,-0.05597,-0.14132,0.06937
-0.14648,0.98803,0.04828,0.06191,-0.01564,-0.09211
-0.15868,0.98442,0.07567,0.06003,0.0667,-0.01991
-0.17355,0.97965,0.10074,-0.02384,0.10348,-0.06517
-0.18941,0.97404,0.12394,-0.04631,0.16166,-0.02776
-0.20726,0.96786,0.14237,0.13241,0.30661,-0.19857
-0.22505,0.96195,0.15491,0.19192,0.35219,-0.21335
-0.23972,0.95746,0.16057,0.23264,0.33474,-0.08502
-0.25144,0.9544,0.16091,0.23932,0.28604,-0.17391
-0.26131,0.9521,0.15879,0.1952,0.30239,-0.21715
-0.26966,0.95079,0.15253,-0.0077,0.32343,-0.39121
-0.27905,0.95032,0.13788,0.11727,0.3911,-0.20774
-0.28956,0.95099,0.10845,0.2377,0.49643,-0.23392
-0.29447,0.95349,0.06428,0.39577,0.18789,-0.01221
-0.28583,0.95822,0.00949,0.26677,0.23024,0.09856
-0.26754,0.96253,-0.04409,-0.05344,0.36648,0.327
-0.2462,0.96442,-0.09629,-0.24941,0.48328,0.51179
-0.22589,0.96259,-0.14959,-0.35274,0.57818,0.34189
-0.20003,0.96005,-0.19566,-0.18443,0.37884,0.24438
-0.17063,0.95822,-0.22953,-0.28362,0.35568,0.46688
-0.14253,0.95439,-0.26231,-0.29503,0.25365,0.54821
-0.11657,0.94626,-0.30165,-0.14587,-0.01093,0.54084
-0.09118,0.93369,-0.34627,0.13854,-0.24086,0.51802
-0.07013,0.91775,-0.3909,0.12187,-0.34863,0.58999
-0.05566,0.90023,-0.43184,0.07553,-0.36991,0.59395
-0.04698,0.88268,-0.46761,0.01654,-0.28135,0.60854
-0.04632,0.86585,-0.49815,-0.01765,-0.28005,0.62947
-0.04987,0.85089,-0.52297,-0.12611,-0.32411,0.63665
-0.05676,0.8397,-0.54007,-0.14052,-0.4423,0.70229
-0.0652,0.83301,-0.5494,-0.12898,-0.44241,0.72607
-0.07422,0.83013,-0.5526,-0.08035,-0.49027,0.54024
-0.07788,0.83484,-0.54495,-0.01514,-0.43957,0.37328
-0.0779,0.84592,-0.52759,0.02869,-0.31268,0.16449
-0.07502,0.86233,-0.50075,0.00597,-0.19845,-0.02802
-0.07103,0.87773,-0.47385,-0.114,0.44107,-0.64824
-0.06891,0.88697,-0.45666,0.07259,1.4955,-0.81024
-0.0694,0.88662,-0.45725,0.40455,1.76272,-0.77628
-0.0653,0.87633,-0.47725,-0.03558,-0.04908,-0.11716
-0.06574,0.86489,-0.49763,-0.20186,-0.68255,0.01992
-0.0662,0.85917,-0.50738,-0.18642,-0.85855,-0.0576
-0.07072,0.86335,-0.49962,-0.10558,-0.15798,0.98325
-0.07651,0.8861,-0.45714,-0.42025,0.88897,1.7798
-0.07321,0.90679,-0.41518,-0.40194,2.59457,-0.29715
-0.05178,0.89059,-0.45184,-0.50092,0.36358,0.55136
-0.07292,0.88775,-0.45451,-0.17417,-1.59534,1.12613
-0.07519,0.91004,-0.40763,0.04482,-1.42109,0.58618
-0.06564,0.9322,-0.35592,0.25831,-0.32509,0.97645
-0.05574,0.95571,-0.28897,0.40958,1.39683,1.05688
-0.05563,0.97152,-0.2303,0.37987,0.94385,0.22473
-0.06416,0.97669,-0.20481,0.27247,0.22134,-0.16092
-0.07902,0.97975,-0.18395,-0.06,-0.23725,0.20619
-0.09625,0.98294,-0.15667,-0.27986,-0.37706,0.34289
-0.10639,0.98671,-0.12273,-0.23936,-0.36361,0.41019
-0.11718,0.98908,-0.08926,-0.06364,-0.17619,0.29659
-0.13146,0.98934,-0.06252,0.09757,0.00346,0.11572
-0.14493,0.98891,-0.03216,0.1721,-0.0837,0.08934
-0.1568,0.98762,-0.00023,0.06527,-0.17099,0.19377
-0.1695,0.98506,0.03014,-0.01878,-0.15613,0.15337
-0.18296,0.98132,0.0593,-0.02776,-0.05491,-0.02579
-0.19806,0.9764,0.08605,-0.00648,0.01828,-0.10082
-0.21464,0.97033,0.11126,0.01333,0.05598,-0.10471
-0.23217,0.96339,0.13403,0.05064,0.12937,-0.19925
-0.25028,0.95592,0.15349,0.26802,0.19118,-0.23993
-0.26864,0.94903,0.16477,0.40162,0.3059,-0.28175
-0.28222,0.94415,0.17004,0.38354,0.22447,-0.26985
-0.29001,0.94189,0.16944,0.32706,0.2585,-0.3539
-0.29471,0.94164,0.16263,0.07721,0.38011,-0.53235
-0.3004,0.94275,0.14482,-0.0457,0.23793,-0.35152
-0.30978,0.94491,0.10563,0.12928,0.26581,-0.15834
-0.31599,0.94742,0.05031,0.3485,0.26333,-0.15401
-0.30794,0.95137,-0.00753,0.40241,0.48197,0.61907
-0.28627,0.95641,-0.05755,0.17494,0.60934,0.76664
-0.25551,0.96109,-0.10487,-0.50547,1.10583,0.42071
-0.22372,0.96306,-0.14981,-0.54306,0.42419,0.19284
-0.19473,0.96174,-0.1927,-0.55073,0.25244,0.23957
-0.1673,0.95844,-0.23108,-0.49871,0.23022,0.38582
-0.13839,0.95428,-0.26493,-0.29144,0.15957,0.49405
-0.10808,0.94977,-0.29367,-0.17996,-0.01636,0.57971
-0.07871,0.94176,-0.32692,-0.02941,-0.22771,0.60944
-0.05312,0.92892,-0.36643,0.07487,-0.24966,0.5395
-0.03503,0.91483,-0.40231,0.13119,-0.1552,0.58722
-0.02927,0.89907,-0.43681,0.10438,-0.21606,0.68606
-0.03332,0.88121,-0.47153,0.0021,-0.46439,0.62356
-0.04059,0.86597,-0.49843,-0.14644,-0.62996,0.62793
-0.05004,0.85578,-0.51491,-0.15414,-0.64612,0.73258
-0.06239,0.84982,-0.52336,-0.17317,-0.59355,0.74852
-0.07118,0.84886,-0.52379,-0.0934,-0.48438,0.36743
-0.07137,0.85529,-0.51321,-0.06266,-0.44866,0.24601
-0.0694,0.86847,-0.49084,-0.00024,-0.25162,0.0462
-0.06931,0.88425,-0.46184,-0.23359,0.3232,-0.82789
-0.06765,0.89597,-0.43892,-0.30291,0.73657,-1.00495
-0.07002,0.89841,-0.43353,0.22034,2.01887,-0.82738
-0.06487,0.89177,-0.44779,0.1689,0.55966,-0.30517
-0.05813,0.8796,-0.47215,-0.19867,-0.56789,0.02649
-0.05531,0.87113,-0.48792,-0.44445,-0.87331,0.06349
-0.05323,0.87029,-0.48966,-0.54246,0.40535,0.299
-0.07468,0.88631,-0.45703,-0.26562,1.1644,1.17673
-0.06933,0.88127,-0.46749,0.03734,1.81535,0.57682
-0.06789,0.85772,-0.50961,-0.4423,-1.39497,1.07794
-0.06785,0.86649,-0.49455,-0.61153,-1.68468,0.07902
-0.06087,0.89401,-0.44389,0.1411,-0.57749,1.60189
-0.04396,0.92739,-0.37149,0.07538,0.65322,1.40661
-0.02321,0.95574,-0.29326,0.4968,1.91062,0.88271
-0.02641,0.96772,-0.2506,0.44441,0.55074,-0.25257
-0.03954,0.97451,-0.22079,0.06968,-0.04716,0.14832
-0.06234,0.97964,-0.19081,-0.17217,-0.38012,0.36674
-0.07884,0.98346,-0.16302,-0.23177,-0.45508,0.2923
-0.09167,0.98713,-0.131,-0.11184,-0.30212,0.2401
-0.10267,0.99,-0.09663,0.07933,-0.1225,0.22422
-0.11253,0.99162,-0.06326,0.19972,-0.13864,0.02594
-0.11975,0.99231,-0.03107,0.14327,-0.17821,-0.00581
-0.12771,0.9918,-0.00437,-0.04785,-0.23024,0.025
-0.1407,0.98975,0.02425,-0.02352,-0.09624,0.0934
-0.15689,0.98608,0.05489,0.08909,-0.02746,-0.01025
-0.17455,0.9811,0.08336,0.13531,0.02643,-0.12035
-0.19346,0.97491,0.11001,0.04896,0.15264,-0.23321
-0.21162,0.96819,0.13347,0.1936,0.27447,-0.20354
-0.22976,0.96161,0.14997,0.27318,0.32884,-0.25777
-0.2471,0.95568,0.15998,0.35018,0.28115,-0.22803
-0.25961,0.95174,0.16363,0.3813,0.31796,-0.24687
-0.26736,0.94971,0.16296,0.31331,0.48848,-0.43287
-0.27152,0.95017,0.15312,0.05562,0.57222,-0.26065
-0.27272,0.95384,0.12564,0.03157,0.59634,-0.35625
-0.27331,0.95878,0.0777,0.02257,0.31959,-0.11127
-0.26751,0.96344,0.01419,-0.02952,0.25052,0.21887
-0.25126,0.96669,-0.04869,-0.14573,0.49138,0.44128
-0.23128,0.96678,-0.10881,-0.39893,0.84972,0.40967
-0.20993,0.96374,-0.16469,-0.38318,0.44791,0.40282
-0.18467,0.95855,-0.21694,-0.31031,0.22498,0.28348
-0.1547,0.95344,-0.25887,-0.30162,0.28703,0.31316
-0.12826,0.94631,-0.29671,-0.30407,0.32089,0.45667
-0.09919,0.9393,-0.32843,-0.21487,0.03087,0.5714
-0.0697,0.92874,-0.36411,-0.01003,-0.20613,0.61089
-0.04837,0.91284,-0.40544,0.12581,-0.26556,0.63794
-0.03898,0.89511,-0.44412,0.12123,-0.21814,0.72339
-0.03771,0.87451,-0.48354,0.0538,-0.2245,0.72064
-0.04055,0.85407,-0.51857,-0.09007,-0.35062,0.63455
-0.04403,0.83683,-0.54568,-0.21691,-0.46725,0.7192
-0.05027,0.82387,-0.56454,-0.21223,-0.49277,0.7839
-0.05793,0.81614,-0.57494,-0.20135,-0.52811,0.80823
-0.06549,0.81471,-0.57616,-0.14971,-0.49012,0.66722
-0.07305,0.82062,-0.56679,0.04354,-0.44891,0.47154
-0.07553,0.8345,-0.54579,0.08696,-0.4216,0.36073
-0.07168,0.85455,-0.5144,-0.09317,-0.08912,-0.29756
-0.06375,0.87148,-0.48626,-0.30327,0.4905,-1.09693
-0.06203,0.87861,-0.47348,-0.32171,1.84534,-1.06849
-0.0629,0.8738,-0.48219,0.48291,1.27155,-0.35293
-0.06634,0.85994,-0.50606,-0.05605,-0.09698,0.02553
-0.0726,0.84647,-0.52745,-0.25382,-0.39239,0.29441
-0.0743,0.84266,-0.53328,-0.69988,0.24872,-0.04103
-0.08993,0.85058,-0.51809,0.28493,1.81316,0.44826
-0.08459,0.84959,-0.5206,0.0531,0.01077,1.78556
-0.06712,0.83471,-0.54658,-0.35063,-1.1948,1.87271
-0.05181,0.84231,-0.53649,-0.80266,-1.35122,0.01772
-0.04993,0.87071,-0.48925,0.36081,-0.11087,1.72663
-0.03727,0.907,-0.41947,0.61224,0.90707,1.07914
-0.00257,0.93582,-0.35246,0.4883,1.06769,0.66199
0.00769,0.95182,-0.30655,0.19863,0.26284,0.12538
-0.00391,0.96253,-0.27112,0.06291,-0.07323,0.2215
-0.02143,0.97382,-0.22628,-0.14208,-0.15018,0.35999
-0.04386,0.98095,-0.18922,-0.31196,-0.13088,0.25369
-0.06369,0.98412,-0.16567,-0.08286,-0.08582,0.07001
-0.08686,0.98675,-0.137,0.04057,-0.06858,0.12286
-0.1047,0.9891,-0.10348,0.30175,-0.1269,0.32295
-0.11385,0.99107,-0.06937,0.27133,-0.20275,0.19244
-0.11837,0.99217,-0.03956,0.15199,-0.16994,0.09364
-0.12363,0.99228,-0.00957,-0.19192,-0.14827,0.12787
-0.13633,0.9904,0.02274,-0.05953,-0.05085,0.0328
-0.15329,0.98668,0.05436,0.06349,0.02313,-0.02547
-0.17037,0.98166,0.08547,0.12527,0.13815,-0.06503
-0.1884,0.97559,0.11278,-0.02039,0.23158,-0.2969
-0.20549,0.96921,0.13561,0.05676,0.32768,-0.19884
-0.22379,0.9629,0.15077,0.30315,0.4394,-0.23793
-0.24173,0.95736,0.15816,0.50351,0.41859,-0.20179
-0.2543,0.95387,0.15952,0.49055,0.40305,-0.196
-0.26044,0.95273,0.15637,0.07935,0.39864,-0.33903
-0.26274,0.95368,0.14642,0.05045,0.47718,-0.16839
-0.26473,0.95652,0.12236,0.08643,0.42861,-0.19481
-0.26702,0.96021,0.08169,0.04381,0.29348,-0.06864
-0.26388,0.96425,0.02422,0.02399,0.22744,0.09665
-0.2509,0.96732,-0.03651,-0.0112,0.20183,0.21955
-0.23242,0.9681,-0.09352,-0.29174,0.39213,0.5155
-0.21432,0.96502,-0.15095,-0.32993,0.57637,0.29865
-0.19435,0.95882,-0.20707,-0.26587,0.32951,0.26672
-0.16647,0.9524,-0.25535,-0.30188,0.2929,0.36294
-0.13744,0.94584,-0.29409,-0.35109,0.3389,0.40476
-0.10759,0.93956,-0.32503,-0.20634,0.23969,0.50249
-0.07372,0.93127,-0.35678,-0.1801,0.11069,0.57067
-0.04109,0.91664,-0.39758,0.08662,-0.19918,0.52493
-0.02045,0.89802,-0.43946,0.06527,-0.21388,0.59979
-0.01093,0.87778,-0.47893,-0.0139,-0.21613,0.70706
-0.00961,0.85644,-0.51616,-0.08268,-0.31299,0.71401
-0.01456,0.83552,-0.54927,-0.20938,-0.39585,0.7037
-0.02245,0.81797,-0.57482,-0.20066,-0.39302,0.69622
-0.03021,0.80548,-0.59186,-0.21109,-0.43136,0.72485
-0.03642,0.79897,-0.60026,-0.21803,-0.42179,0.68818
-0.04377,0.79898,-0.59976,-0.03855,-0.39119,0.48806
-0.05311,0.80586,-0.58972,0.00905,-0.34321,0.3843
-0.05911,0.81953,-0.56998,0.0475,-0.24694,0.06601
-0.0523,0.83804,-0.54309,-0.22462,0.2928,-0.84658
-0.04277,0.85082,-0.52371,-0.30809,0.68811,-0.97171
-0.04572,0.85244,-0.52081,0.04231,2.04279,-0.88739
-0.04434,0.8439,-0.53465,-0.03575,0.25499,-0.04086
-0.04963,0.82829,-0.5581,-0.15556,-0.18763,0.09359
-0.0568,0.81487,-0.57685,-0.40789,-0.83365,0.06579
-0.05937,0.81341,-0.57865,-0.42249,-0.16662,0.30392
-0.06803,0.82852,-0.55581,-0.06032,0.14608,1.5102
-0.06643,0.8602,-0.50561,-0.23919,1.44736,0.84755
-0.0335,0.87319,-0.48623,-0.21853,1.39915,-0.1268
-0.02175,0.86517,-0.501,-0.04476,-0.82544,1.19273
-0.01906,0.87924,-0.47599,-0.178,-1.00623,0.55214
-0.00495,0.90387,-0.42776,-0.09771,-0.33744,0.63367
0.00436,0.92656,-0.37612,-0.04033,0.03307,0.91703
0.01497,0.94889,-0.31524,0.10041,0.38145,0.71052
0.02155,0.96356,-0.26661,0.19929,0.35656,0.2713
0.01081,0.97372,-0.22746,0.15994,0.12836,0.26144
-0.00828,0.98085,-0.19456,-0.0774,0.05797,0.31045
-0.025,0.98466,-0.17264,-0.05305,-0.01385,0.23926
-0.0436,0.98808,-0.14758,0.0376,-0.05303,0.20573
-0.05888,0.99139,-0.11689,0.16807,-0.07252,0.14356
-0.07098,0.99368,-0.08692,0.11951,-0.1306,0.16156
-0.07903,0.99534,-0.05509,0.10271,-0.20422,0.16967
-0.08365,0.99622,-0.02315,-0.07444,-0.17374,0.10389
-0.08937,0.99597,0.00623,-0.2716,-0.15112,0.06971
-0.10032,0.9943,0.0359,-0.15905,-0.13355,0.04877
-0.11671,0.99105,0.06466,0.07194,0.0597,-0.01932
-0.1354,0.98644,0.09267,0.16641,0.10888,-0.14794
-0.1529,0.98122,0.11751,0.10279,0.1665,-0.09453
-0.1705,0.97574,0.13727,0.12264,0.31268,-0.11086
-0.18701,0.97033,0.15318,0.17999,0.47686,-0.20239
-0.20013,0.96597,0.16382,0.17118,0.56165,-0.22472
-0.20936,0.96325,0.16823,0.09012,0.53963,-0.33659
-0.21702,0.96227,0.16409,0.02769,0.49415,-0.44469
-0.22403,0.96324,0.14822,0.20398,0.58183,-0.23929
-0.22844,0.96636,0.11809,0.23182,0.36567,-0.35795
-0.22645,0.97147,0.07035,0.15246,0.23596,-0.19143
-0.21451,0.97666,0.01071,0.07721,0.15118,0.12502
-0.19708,0.97897,-0.05258,-0.15884,0.26067,0.35158
-0.17821,0.97716,-0.11571,-0.35571,0.51314,0.6201
-0.16056,0.97136,-0.1751,-0.30742,0.50401,0.3652
-0.13885,0.96394,-0.227,-0.12218,0.38009,0.30682
-0.11342,0.95668,-0.26813,-0.32862,0.53417,0.54264
-0.08555,0.94885,-0.30391,-0.30711,0.45054,0.55404
-0.05482,0.93863,-0.34052,-0.15573,-0.0031,0.62467
-0.02646,0.92139,-0.38772,0.02237,-0.22414,0.57461
-0.00239,0.89906,-0.43781,0.04629,-0.33618,0.59002
0.01482,0.87627,-0.48159,0.00967,-0.42551,0.60107
0.02316,0.85445,-0.51901,-0.03298,-0.31286,0.6473
0.01971,0.83332,-0.55244,-0.0609,-0.30053,0.69524
0.00955,0.81489,-0.57953,-0.19865,-0.39059,0.69194
-0.00176,0.80034,-0.59955,-0.27205,-0.40408,0.71687
-0.01223,0.79021,-0.61271,-0.26243,-0.40037,0.67719
-0.02168,0.78473,-0.61945,-0.14454,-0.42616,0.45959
-0.0303,0.78512,-0.61861,-0.00252,-0.37241,0.19127
-0.03717,0.79254,-0.60868,-0.02089,-0.14896,-0.0987
-0.03927,0.80421,-0.59305,0.02669,0.13815,-0.42468
-0.03796,0.81381,-0.57988,0.05134,0.58966,-0.49101
-0.03959,0.81825,-0.5735,-0.01224,0.78832,-0.43914
-0.0479,0.81673,-0.57503,0.02606,0.86664,-0.24675
-0.05025,0.81142,-0.5823,-0.17768,0.2077,-0.06266
-0.05484,0.80397,-0.59214,-0.13115,-0.18502,-0.1559
-0.0618,0.80086,-0.59565,-0.30446,0.01271,-0.05054
-0.06795,0.80628,-0.58761,-0.41054,0.46954,0.29284
-0.07303,0.81904,-0.56906,-0.17533,0.48641,0.63712
-0.06063,0.8325,-0.5507,-0.14867,0.56269,0.62601
-0.05034,0.83889,-0.54196,-0.21648,-0.08488,1.01689
-0.04743,0.84733,-0.52894,-0.08065,-0.37016,0.70898
-0.03615,0.86876,-0.49391,0.12151,-0.11664,0.49299
-0.0152,0.8949,-0.446,0.2665,0.04283,0.70413
0.00906,0.91622,-0.40056,0.23627,0.20092,0.58071
0.02777,0.93363,-0.35714,0.0066,0.0761,0.26611
0.03317,0.94862,-0.31467,-0.09995,-0.05305,0.17491
0.02316,0.9633,-0.26741,-0.25009,-0.28071,0.24541
0.00167,0.97563,-0.21938,-0.13959,0.17636,0.49794
-0.03076,0.983,-0.18097,0.05549,0.21362,0.45979
-0.05693,0.98584,-0.15772,0.23119,0.05858,0.15696
-0.07954,0.98778,-0.134,0.14993,0.00751,0.10956
-0.09862,0.98981,-0.10265,0.07562,-0.10552,0.19446
-0.11019,0.99149,-0.06921,0.09216,-0.21128,0.09984
-0.11859,0.99225,-0.03697,0.02753,-0.30061,0.13044
-0.1287,0.99166,-0.00595,-0.26027,-0.18514,0.19992
-0.14312,0.98934,0.02673,-0.18087,-0.05523,0.03187
-0.16026,0.98538,0.0578,0.10931,0.12427,-0.01458
-0.17836,0.98009,0.08715,0.03598,0.13175,-0.16404
-0.19535,0.97432,0.11192,0.01293,0.1253,-0.18809
-0.212,0.9683,0.13204,0.20728,0.29905,-0.19996
-0.22872,0.96262,0.14507,0.34927,0.37497,-0.23026
-0.24176,0.95829,0.1524,0.35438,0.34556,-0.21203
-0.25173,0.95552,0.15361,0.35021,0.31912,-0.20795
-0.25743,0.95447,0.15071,0.15506,0.46239,-0.21199
-0.25991,0.95557,0.13899,0.158,0.56507,-0.12471
-0.26019,0.95882,0.11382,0.03302,0.48085,-0.17217
-0.25755,0.9637,0.07025,-0.07687,0.2292,0.00228
-0.24858,0.96852,0.0126,-0.13336,0.13208,0.117
-0.23362,0.97113,-0.04815,-0.27483,0.32956,0.52182
-0.21738,0.97022,-0.10684,-0.33317,0.53457,0.39787
-0.20083,0.9655,-0.16573,-0.30567,0.55471,0.2981
-0.17923,0.95917,-0.21878,-0.24869,0.28433,0.33045
-0.15141,0.95338,-0.26102,-0.33877,0.36308,0.39298
-0.12453,0.9475,-0.29449,-0.41768,0.39741,0.54135
-0.09212,0.93993,-0.3287,-0.1781,0.02006,0.5741
-0.05669,0.92706,-0.37061,0.02264,-0.23129,0.50204
-0.03095,0.90974,-0.41401,0.03602,-0.2859,0.54053
-0.0157,0.89053,-0.45464,0.01268,-0.32391,0.61491
-0.00643,0.87126,-0.49077,-0.04309,-0.34139,0.62398
-0.00255,0.85283,-0.52217,-0.22999,-0.41475,0.67275
-0.0044,0.83593,-0.54882,-0.22245,-0.4229,0.71386
-0.0114,0.82144,-0.57018,-0.18491,-0.43579,0.74295
-0.01961,0.81143,-0.58411,-0.17798,-0.44452,0.69116
-0.02915,0.80782,-0.58871,-0.1293,-0.42476,0.61155
-0.04061,0.81196,-0.5823,0.00936,-0.45005,0.41486
-0.04681,0.82622,-0.5614,0.03764,-0.26993,0.16822
-0.04304,0.8474,-0.5292,-0.16454,-0.00254,-0.47068
-0.03081,0.86538,-0.50016,-0.39675,0.56944,-1.02343
-0.02672,0.87255,-0.4878,-0.1528,1.96789,-0.87028
-0.02091,0.86795,-0.4962,0.56399,1.27531,-0.2937
-0.02259,0.8523,-0.52256,-0.00421,-0.15255,0.06392
-0.03367,0.83504,-0.54916,-0.42356,-0.82904,0.15583
-0.03287,0.83004,-0.55674,-0.4221,-0.7726,-0.04272
-0.03522,0.84548,-0.53284,-0.09619,0.35837,1.09407
-0.03284,0.87067,-0.49077,-0.24339,1.85206,1.02116
-0.01283,0.86473,-0.50208,-0.34237,0.86019,0.86119
-0.01036,0.8594,-0.5112,-0.30729,-1.09835,0.57168
-0.00707,0.88216,-0.47088,-0.14003,-1.02543,0.64595
0.00186,0.91136,-0.4116,0.20309,-0.26637,1.29578
0.01917,0.93639,-0.35044,0.20271,0.47989,0.79203
0.03255,0.95432,-0.29698,0.05601,0.85735,0.29802
0.0188,0.96741,-0.2525,0.03049,0.25967,0.14198
-0.00253,0.97665,-0.21479,-0.16866,-0.06874,0.3244
-0.02232,0.98224,-0.1863,-0.16162,-0.16421,0.3139
-0.04114,0.98657,-0.15802,-0.04391,-0.15067,0.2795
-0.06123,0.99025,-0.12506,0.11289,-0.06734,0.38369
-0.07625,0.9928,-0.0924,0.19834,-0.09286,0.30042
-0.08562,0.99438,-0.06224,0.12231,-0.1844,-0.06974
-0.09288,0.9951,-0.03382,-0.10775,-0.2229,0.02933
-0.10124,0.99485,-0.00485,-0.16118,-0.20757,0.12451
-0.11427,0.9932,0.02201,0.08316,-0.01252,0.08277
-0.12859,0.99052,0.04827,0.11011,0.06199,-0.01377
-0.14372,0.98678,0.07484,-0.10312,0.06222,-0.14352
-0.15955,0.98223,0.09882,-0.1344,0.09515,-0.14341
-0.17764,0.97701,0.1178,0.19813,0.25576,-0.08248
-0.19664,0.97163,0.13137,0.35333,0.38887,-0.14908
-0.21325,0.96692,0.1399,0.30252,0.3585,-0.16445
-0.22524,0.96365,0.14367,0.25829,0.37888,-0.23512
-0.23394,0.96173,0.14264,0.13383,0.42177,-0.37044
-0.24081,0.96093,0.13642,0.03986,0.3752,-0.34445
-0.2474,0.96171,0.11786,0.12195,0.48123,-0.30555
-0.25444,0.96357,0.08242,0.18568,0.3435,-0.21014
-0.25512,0.9665,0.02819,0.18694,0.03288,0.02615
-0.24347,0.96934,-0.03326,0.10591,0.21263,0.25729
-0.22311,0.97055,-0.09088,-0.10421,0.58663,0.63753
-0.19984,0.96863,-0.14767,-0.40119,0.8628,0.42866
-0.1743,0.96411,-0.20024,-0.28194,0.42509,0.40123
-0.14233,0.95996,-0.24128,-0.23535,0.44084,0.38401
-0.1087,0.95472,-0.27693,-0.42694,0.54676,0.48626
-0.07582,0.94715,-0.3117,-0.37272,0.21253,0.57254
-0.04679,0.93547,-0.35029,-0.02806,-0.2727,0.55838
-0.02003,0.91802,-0.39602,0.01773,-0.37946,0.54917
-0.00608,0.89771,-0.44054,0.055,-0.38396,0.59963
-0.00202,0.87723,-0.48006,0.00521,-0.31121,0.65811
-0.00577,0.85624,-0.51655,-0.02422,-0.28449,0.67521
-0.01617,0.83563,-0.54905,-0.14143,-0.2923,0.66699
-0.02852,0.81785,-0.57472,-0.27275,-0.45083,0.68091
-0.03799,0.80694,-0.58941,-0.2831,-0.45748,0.724
-0.04515,0.80187,-0.59579,-0.25079,-0.4659,0.72206
-0.05106,0.80231,-0.59471,-0.12892,-0.41692,0.6194
-0.05337,0.80974,-0.58436,0.02991,-0.34216,0.36634
-0.05134,0.82388,-0.56443,0.00144,-0.22868,0.08071
-0.04656,0.8418,-0.53777,-0.06367,-0.01949,-0.40326
-0.04008,0.85548,-0.51628,-0.15448,0.46653,-0.89526
-0.04347,0.86171,-0.50554,0.12879,1.93967,-0.9115
-0.04315,0.8542,-0.51816,0.41978,1.22486,-0.22197
-0.04385,0.83891,-0.5425,-0.12725,-0.20709,-0.01478
-0.04646,0.82735,-0.55975,-0.56714,-0.66669,0.02499
-0.04541,0.82575,-0.56221,-0.47174,-0.31427,0.12149
-0.05341,0.83941,-0.54086,-0.06914,0.53277,1.47878
-0.05322,0.86299,-0.50241,-0.3181,1.86144,0.36527
-0.03286,0.86468,-0.50125,-0.27076,1.76904,0.08945
-0.02869,0.85704,-0.51445,-0.08082,-0.55748,1.17812
-0.02389,0.87332,-0.48656,-0.16228,-0.7997,0.74134
-0.01557,0.89973,-0.43617,0.01966,-0.57417,1.00184
-0.00608,0.92697,-0.37509,0.10639,0.38448,0.68402
0.0043,0.94885,-0.3157,0.08505,0.681,0.45099
-0.00271,0.96492,-0.26252,0.1489,0.35235,0.33663
-0.01954,0.97411,-0.22522,0.05952,0.03535,0.27005
-0.03241,0.97913,-0.20064,-0.1203,-0.16214,0.22269
-0.04807,0.98433,-0.16963,-0.14387,-0.19654,0.20501
-0.06323,0.98895,-0.13407,-0.05453,-0.16726,0.23603
-0.07603,0.9919,-0.10176,0.16329,-0.15359,0.21317
-0.08665,0.99364,-0.07195,0.22437,-0.16246,0.15932
-0.09412,0.99465,-0.0426,0.17272,-0.14899,0.04977
-0.09928,0.99496,-0.01355,-0.10079,-0.06799,0.15634
-0.10699,0.99408,0.01893,-0.12879,-0.05041,0.10694
-0.12009,0.99155,0.04908,0.01046,0.01834,-0.03611
-0.13625,0.98761,0.07786,-0.04256,0.05855,-0.05541
-0.15431,0.98267,0.10269,-0.09,0.14555,-0.14404
-0.17218,0.9773,0.12339,0.13649,0.31626,-0.12
-0.19025,0.97209,0.13723,0.27929,0.47671,-0.24459
-0.20613,0.96773,0.14494,0.34742,0.24321,-0.12391
-0.21719,0.96502,0.14681,0.33795,0.32853,-0.1739
-0.22605,0.96336,0.14431,0.29692,0.39737,-0.24499
-0.23125,0.9629,0.13908,0.05325,0.33887,-0.29141
-0.23447,0.96404,0.12506,0.03586,0.38222,-0.18335
-0.23824,0.96643,0.09615,-0.01976,0.35496,-0.35158
-0.24132,0.96925,0.04804,0.07395,0.07173,-0.02829
-0.23529,0.97185,-0.01222,0.08956,0.01172,0.07335
-0.22094,0.97265,-0.07167,-0.01853,0.31953,0.56364
-0.203,0.97075,-0.12819,-0.25853,0.55115,0.4468
-0.18151,0.96582,-0.18507,-0.34869,0.63979,0.19975
-0.15566,0.95974,-0.23379,-0.3695,0.44518,0.32704
-0.1282,0.95341,-0.27306,-0.38838,0.41489,0.5102
-0.09864,0.94599,-0.30883,-0.45483,0.41195,0.56515
-0.06594,0.93684,-0.34347,-0.28531,0.11177,0.5609
-0.03438,0.92201,-0.38564,0.00626,-0.16412,0.51752
-0.01263,0.90251,-0.43048,0.12641,-0.31895,0.5525
-0.00116,0.88275,-0.46983,0.06366,-0.29952,0.68124
0.00093,0.86206,-0.5068,-0.03916,-0.29877,0.72919
-0.0034,0.84194,-0.53956,-0.17418,-0.3907,0.72746
-0.01186,0.82421,-0.56615,-0.20796,-0.46858,0.72538
-0.0222,0.81102,-0.5846,-0.20053,-0.49968,0.73993
-0.0305,0.80383,-0.59408,-0.16145,-0.53507,0.6945
-0.03947,0.80276,-0.59499,-0.06111,-0.49182,0.5396
-0.04859,0.81024,-0.58408,0.00997,-0.46479,0.40966
-0.05487,0.82655,-0.56018,0.06851,-0.08215,-0.01061
-0.05201,0.847,-0.52903,-0.29147,0.33319,-0.78373
-0.04262,0.86081,-0.50714,-0.45397,1.2528,-0.96625
-0.03884,0.86331,-0.50318,-0.2766,1.98273,-0.93252
-0.0358,0.85304,-0.52062,0.09722,0.39894,-0.03969
-0.04736,0.83483,-0.54846,-0.0573,-0.07688,0.12405
-0.05907,0.81955,-0.56996,-0.39879,-0.58009,0.33486
-0.05936,0.81718,-0.57332,-0.34326,-0.07476,-0.07616
-0.06757,0.82943,-0.5545,-0.07263,0.25867,0.16458
-0.05945,0.84908,-0.5249,0.13042,1.40044,1.10739
-0.02897,0.84695,-0.53089,-0.40819,-0.17753,1.37021
-0.01339,0.84247,-0.53857,-0.52328,-0.98024,1.06668
-0.00906,0.86457,-0.50243,-0.32232,-0.78234,0.51804
-0.01125,0.89656,-0.44277,0.33499,-0.00137,1.38117
0.00217,0.9248,-0.38045,0.43475,0.53068,0.83755
0.01923,0.94455,-0.32779,0.20577,0.54253,0.25759
0.01566,0.95802,-0.28625,0.11752,0.13991,0.15255
0.0017,0.96949,-0.2451,0.00169,0.04242,0.27873
-0.01885,0.97839,-0.20589,-0.12022,0.02515,0.34477
-0.03871,0.98289,-0.18009,-0.06826,-0.0219,0.17559
-0.06009,0.9861,-0.15492,0.01435,-0.04632,0.05041
-0.08076,0.98907,-0.12331,0.14387,-0.05301,0.16496
-0.09514,0.99124,-0.09161,0.25763,-0.1417,0.17702
-0.10522,0.99268,-0.05926,0.20546,-0.22157,0.15638
-0.11235,0.99321,-0.03006,-0.0672,-0.17287,0.07378
-0.12179,0.99255,-0.00036,-0.23649,-0.12782,0.10986
-0.13679,0.99013,0.03047,-0.10837,-0.0191,0.00177
-0.15416,0.98609,0.06212,0.11673,0.12329,0.00772
-0.17091,0.9812,0.08961,0.0996,0.23232,-0.14759
-0.18754,0.97587,0.11181,-0.03273,0.2414,-0.13141
-0.20527,0.97045,0.12678,0.11404,0.31749,-0.18442
-0.22322,0.9653,0.13547,0.44699,0.32319,-0.12496
-0.23838,0.96133,0.1379,0.5909,0.3559,-0.12543
-0.24744,0.95911,0.13736,0.23406,0.37086,-0.29572
-0.25132,0.95869,0.13321,-0.06584,0.33696,-0.31416
-0.25661,0.95936,0.11738,0.14468,0.42143,-0.32906
-0.26451,0.96065,0.08478,0.18078,0.39971,-0.25584
-0.26552,0.96349,0.03424,0.10625,0.06187,0.11837
-0.25511,0.9666,-0.02454,0.09383,0.08878,0.26963
-0.23513,0.9686,-0.0807,-0.18448,0.66605,0.54277
-0.20818,0.96882,-0.13429,-0.54812,0.79061,0.34755
-0.18118,0.96585,-0.18523,-0.52747,0.51156,0.41507
-0.1503,0.96223,-0.22696,-0.33157,0.25492,0.25872
-0.11882,0.95831,-0.25985,-0.36685,0.34179,0.44979
-0.09108,0.95151,-0.2938,-0.38692,0.27346,0.55065
-0.06159,0.94211,-0.3296,-0.13166,-0.15699,0.64251
-0.03386,0.92791,-0.37124,0.00246,-0.2431,0.60344
-0.01577,0.91039,-0.41344,0.04392,-0.262,0.64089
-0.00682,0.8914,-0.45317,0.01103,-0.23301,0.67152
-0.00242,0.87182,-0.48981,-0.03001,-0.25321,0.59545
-0.00365,0.85297,-0.52195,-0.1031,-0.36458,0.5729
-0.00822,0.83843,-0.54494,-0.17962,-0.47089,0.65096
-0.0135,0.82937,-0.55853,-0.20955,-0.50877,0.72971
-0.02045,0.82538,-0.56421,-0.18555,-0.44861,0.74026
-0.02933,0.82608,-0.56279,-0.06808,-0.40244,0.63876
-0.03424,0.8325,-0.55297,-0.00018,-0.36883,0.35539
-0.0301,0.84545,-0.53321,-0.01078,-0.25686,0.03937
-0.02347,0.86184,-0.50664,-0.06429,0.07431,-0.47818
-0.02129,0.87377,-0.48586,-0.10096,0.67659,-0.8274
-0.02763,0.87781,-0.47821,0.25777,1.71436,-0.8564
-0.02673,0.87242,-0.48802,0.16209,0.72972,-0.28751
-0.0221,0.86117,-0.50783,-0.14569,-0.27418,0.06583
-0.02215,0.8509,-0.52486,-0.21966,-0.96406,-0.08928
-0.02399,0.84748,-0.53028,-0.09794,-0.85442,0.19542
-0.0218,0.85767,-0.51374,-0.13283,-0.57902,0.78294
-0.02981,0.88876,-0.45739,-0.69537,1.31123,1.51494
-0.03268,0.90225,-0.42996,-0.52496,2.47125,-0.21515
-0.027,0.87482,-0.4837,-0.15787,-0.33174,1.98303
-0.03733,0.88069,-0.47221,-0.25677,-1.51903,0.54695
-0.02753,0.89856,-0.43798,-0.12085,-1.06778,0.84204
-0.01811,0.92349,-0.38319,-0.11631,-0.02731,1.22964
-0.01612,0.95208,-0.30543,0.0426,1.84092,1.13955
-0.01797,0.96604,-0.25776,0.47726,0.7693,0.04771
-0.02096,0.97348,-0.22778,0.34175,0.01081,0.20488
-0.03377,0.97965,-0.19784,-0.02744,-0.23026,0.3182
-0.04419,0.98422,-0.17134,-0.3174,-0.32174,0.27881
-0.05137,0.98907,-0.13821,-0.33779,-0.36872,0.39204
-0.05701,0.99321,-0.10137,-0.1585,-0.33348,0.2907
-0.06478,0.99564,-0.06703,-0.00241,-0.15049,0.06517
-0.07268,0.99667,-0.03685,0.06368,-0.14766,0.07675
-0.0819,0.99658,-0.01039,0.02042,-0.16907,0.16424
-0.09292,0.99555,0.0152,0.11401,-0.10673,0.10683
-0.10395,0.99367,0.04255,0.14005,-0.00026,0.04034
-0.1149,0.99087,0.07042,0.0871,0.03471,-0.04843
-0.1279,0.98712,0.09602,-0.09424,0.06375,-0.17919
-0.1433,0.98248,0.11907,0.05789,0.20781,-0.08704
-0.16041,0.97736,0.13795,0.13225,0.28294,-0.1534
-0.17609,0.97259,0.1518,0.19598,0.27968,-0.1424
-0.18886,0.9687,0.16108,0.24249,0.30416,-0.17831
-0.19832,0.9661,0.16522,0.14045,0.36382,-0.29239
-0.20495,0.96481,0.16472,-0.14722,0.33326,-0.44921
-0.20936,0.96498,0.15805,-0.35073,0.21029,-0.56885
-0.21928,0.96587,0.13783,-0.03171,0.21214,-0.36833
-0.23625,0.96712,0.09409,0.38884,0.24609,-0.25394
-0.24463,0.96902,0.03391,0.64851,0.03649,0.15631
-0.23319,0.97199,-0.02903,0.53976,0.29896,0.21444
-0.20563,0.97491,-0.08521,-0.08318,0.82603,0.49658
-0.17499,0.97463,-0.13951,-0.59274,0.99125,0.44454
-0.14431,0.9717,-0.18699,-0.60914,0.75006,0.44504
-0.10623,0.96941,-0.22126,-0.45587,0.40172,0.4581
-0.07258,0.96241,-0.26169,-0.36624,0.33109,0.35204
-0.04573,0.95138,-0.30459,-0.16186,0.11603,0.41802
-0.01873,0.93905,-0.34325,-0.07505,-0.13823,0.54536
0.00202,0.92364,-0.38325,-0.00564,-0.22634,0.5928
0.01217,0.9058,-0.42351,-0.05169,-0.32031,0.6263
0.01646,0.88796,-0.45963,-0.0516,-0.28555,0.62233
0.01048,0.86977,-0.49334,-0.01337,-0.24561,0.64991
-0.00101,0.85276,-0.52229,-0.15235,-0.41522,0.68241
-0.01153,0.83882,-0.54428,-0.1708,-0.43034,0.73941
-0.02296,0.82817,-0.56,-0.16714,-0.44751,0.80109
-0.03425,0.82139,-0.56933,-0.2359,-0.53439,0.84582
-0.04089,0.82116,-0.56922,-0.18602,-0.54585,0.62032
-0.04221,0.82963,-0.55672,-0.10042,-0.53204,0.4752
-0.04148,0.84587,-0.53176,-0.04011,0.06915,-0.31827
-0.03757,0.86438,-0.50144,-0.15174,0.3071,-0.79184
-0.03095,0.8747,-0.48368,-0.25491,0.58547,-1.12589
-0.02773,0.87393,-0.48525,0.29834,1.75372,-0.75877
-0.02524,0.86318,-0.50427,0.03743,0.31737,-0.12705
-0.02904,0.84862,-0.52819,-0.15753,-0.11968,0.09767
-0.03079,0.839,-0.54326,-0.53746,-0.42236,0.01346
-0.03492,0.84246,-0.53762,-0.52239,0.02734,0.32021
-0.04872,0.8638,-0.50146,-0.22183,1.18496,1.45851
-0.04837,0.8719,-0.48728,-0.09637,2.24105,0.06182
-0.03731,0.85129,-0.52337,0.01214,-0.42985,1.47114
-0.04153,0.85648,-0.5145,-0.21737,-1.35395,0.58129
-0.0327,0.88111,-0.47177,0.0076,-0.71174,1.10447
-0.01195,0.91052,-0.41329,-0.04275,0.17597,1.09919
0.00899,0.93665,-0.35015,-0.02425,0.87352,0.67095
0.00931,0.95504,-0.29631,0.23222,0.51519,0.22083
-0.00407,0.96631,-0.25735,0.15692,0.24062,0.17953
-0.01402,0.97281,-0.23117,-0.17918,-0.27869,0.24905
-0.02521,0.97847,-0.20483,-0.26001,-0.32605,0.23849
-0.03757,0.98449,-0.17137,-0.14433,-0.27436,0.33278
-0.05017,0.98928,-0.1371,0.14739,-0.07435,0.29142
-0.06171,0.9924,-0.10638,0.19695,-0.03778,0.20596
-0.06927,0.99484,-0.07403,0.13587,-0.1133,0.03851
-0.07446,0.99634,-0.04178,-0.2318,-0.21516,0.14203
-0.08552,0.99626,-0.01165,-0.22421,-0.20662,0.17368
-0.10229,0.99461,0.01689,0.14768,-0.02477,0.03705
-0.11884,0.99182,0.04643,0.12087,0.03931,-0.03612
-0.13498,0.98808,0.07392,0.04223,0.04911,-0.13781
-0.15053,0.98362,0.09915,-0.03557,0.04849,-0.18062
-0.1673,0.97868,0.11908,0.16223,0.22308,-0.16649
-0.18488,0.97383,0.13218,0.28838,0.24851,-0.23388
-0.20105,0.96956,0.13971,0.37603,0.17416,-0.13272
-0.21224,0.96685,0.14194,0.31822,0.29963,-0.23135
-0.21845,0.96558,0.14115,0.0812,0.37367,-0.3545
-0.22161,0.96566,0.13559,-0.13683,0.33685,-0.31821
-0.22724,0.96718,0.11367,-0.01232,0.62123,-0.28595
-0.23621,0.96916,0.07017,0.14162,0.59183,-0.12599
-0.23597,0.9717,0.01075,-0.00219,0.30752,0.05561
-0.22066,0.97396,-0.05207,-0.16765,0.38934,0.61491
-0.19708,0.97418,-0.11009,-0.50251,0.68755,0.56294
-0.17122,0.97143,-0.16432,-0.57484,0.58886,0.17239
-0.14686,0.96506,-0.217,-0.38308,0.21869,0.21126
-0.12051,0.95721,-0.26309,-0.18271,0.23262,0.32164
-0.09511,0.94809,-0.30342,-0.14462,0.19583,0.43175
-0.06457,0.93908,-0.33758,-0.13429,0.16938,0.55356
-0.03626,0.92813,-0.37047,-0.0626,-0.17388,0.62534
-0.01553,0.91259,-0.40858,-0.01589,-0.24669,0.61468
-0.00372,0.89502,-0.44601,0.05603,-0.2182,0.61981
-0.00568,0.87605,-0.48217,0.01787,-0.22615,0.79252
-0.01134,0.85548,-0.51771,-0.12091,-0.3186,0.63081
-0.01795,0.83727,-0.54649,-0.22991,-0.35712,0.70159
-0.02656,0.82288,-0.56759,-0.22902,-0.39277,0.76865
-0.03553,0.81376,-0.5801,-0.20981,-0.45726,0.81422
-0.04305,0.81057,-0.58405,-0.19155,-0.47196,0.73875
-0.04698,0.81492,-0.57766,-0.06386,-0.42747,0.56419
-0.04712,0.82653,-0.56091,0.01923,-0.40303,0.3403
-0.04142,0.84447,-0.53399,-0.05931,-0.23528,0.05774
-0.03441,0.86278,-0.5044,-0.27719,0.11781,-0.62895
-0.03049,0.87415,-0.48469,-0.40502,0.82543,-0.98445
-0.03062,0.8736,-0.48567,0.31828,2.12513,-0.78207
-0.0282,0.86178,-0.50649,0.18176,0.43592,-0.16708
-0.03206,0.84643,-0.53153,-0.21674,-0.5909,0.25394
-0.03245,0.83746,-0.54553,-0.58199,-1.01379,0.13351
-0.02726,0.84383,-0.53591,-0.68392,-0.135,0.2096
-0.03879,0.86753,-0.49586,-0.42919,0.91276,0.89022
-0.04273,0.87963,-0.47373,0.07395,2.33456,0.26541
-0.02955,0.86082,-0.50805,0.07802,0.45251,1.30514
-0.03186,0.86194,-0.50601,-0.11425,-1.40116,0.91113
-0.01908,0.88351,-0.46802,-0.03547,-0.54422,1.06102
0.00015,0.91137,-0.41158,0.00772,0.43807,0.9856
0.01693,0.93737,-0.3479,0.24074,1.30439,0.67902
0.0205,0.95478,-0.29657,0.26296,0.33214,0.22184
0.01161,0.9649,-0.26236,0.17814,0.08025,0.15319
-0.00344,0.97213,-0.23442,-0.32626,-0.20812,0.32675
-0.01653,0.97768,-0.20943,-0.36488,-0.24938,0.29577
-0.03046,0.98382,-0.17654,-0.19363,-0.16654,0.27207
-0.04353,0.98894,-0.14174,0.06467,-0.02007,0.25949
-0.05677,0.99227,-0.11027,0.20623,-0.06699,0.16828
-0.06569,0.99484,-0.07731,0.13154,-0.20644,0.05852
-0.06989,0.99639,-0.04802,-0.08482,-0.23089,0.16252
-0.07781,0.99669,-0.02345,-0.09005,-0.18315,0.18823
-0.0915,0.9958,0.00222,0.11715,-0.02789,0.0993
-0.10585,0.99388,0.03145,0.13748,0.04871,-0.04807
-0.11952,0.9909,0.06175,-0.09342,0.0139,-0.17607
-0.13538,0.98684,0.08831,-0.1432,0.04009,-0.21416
-0.15364,0.9821,0.10886,0.13446,0.21586,-0.17774
-0.17269,0.97714,0.12397,0.39312,0.35528,-0.23237
-0.18906,0.97291,0.13299,0.45433,0.30875,-0.21943
-0.19941,0.97031,0.13683,0.23042,0.38652,-0.39063
-0.20559,0.96905,0.13662,-0.05636,0.41236,-0.49055
-0.21168,0.96905,0.12699,-0.14795,0.33544,-0.45811
-0.22301,0.97006,0.09613,-0.01394,0.4647,-0.28072
-0.23382,0.97116,0.04646,0.19549,0.26092,-0.07405
-0.23142,0.97273,-0.01518,0.24601,0.10457,0.27412
-0.21514,0.97396,-0.07139,0.17948,0.1841,0.48375
-0.1922,0.97349,-0.12396,-0.19455,0.84435,0.61386
-0.16604,0.97008,-0.1771,-0.37349,0.75267,0.41216
-0.13812,0.96376,-0.22822,-0.41764,0.51361,0.37802
-0.10847,0.95663,-0.27035,-0.41511,0.37874,0.30867
-0.08057,0.95004,-0.30154,-0.4596,0.37238,0.39348
-0.0516,0.94366,-0.32684,-0.31603,0.00041,0.60281
-0.02619,0.93283,-0.35936,-0.19327,-0.19839,0.65056
-0.00757,0.91615,-0.40076,-0.01906,-0.28892,0.58159
0.00223,0.89802,-0.43994,0.00604,-0.33828,0.64651
0.00419,0.87906,-0.47669,-0.05917,-0.30562,0.74764
-0.00165,0.85929,-0.51148,-0.07716,-0.32094,0.70322
-0.01112,0.84116,-0.54067,-0.16552,-0.37163,0.6222
-0.01848,0.82872,-0.55935,-0.19878,-0.43775,0.66642
-0.02722,0.82065,-0.57077,-0.19912,-0.4654,0.74706
-0.03644,0.8172,-0.5752,-0.20376,-0.45138,0.72394
-0.04254,0.82005,-0.57071,-0.14725,-0.42736,0.54818
-0.04377,0.83134,-0.55403,-0.00732,-0.36696,0.34216
-0.04435,0.84885,-0.52677,0.01139,-0.1702,0.07175
-0.04232,0.86609,-0.49809,-0.14347,0.20648,-0.54697
-0.03809,0.87562,-0.48148,-0.37008,0.9962,-1.03294
-0.03399,0.87169,-0.48888,-0.18354,1.72994,-1.05807
-0.0291,0.85958,-0.51017,0.14702,0.29659,-0.14181
-0.02978,0.84705,-0.53067,-0.29989,-0.45707,0.20047
-0.02772,0.84077,-0.54067,-0.55456,-0.83751,0.10667
-0.02821,0.84727,-0.53041,-0.6139,-0.07487,-0.00629
-0.05108,0.86796,-0.494,-0.2201,0.93453,1.11543
-0.05185,0.87562,-0.4802,0.30378,2.18322,0.67206
-0.02731,0.85384,-0.51981,-0.16304,0.48597,1.11273
-0.02626,0.85339,-0.52061,-0.47775,-1.45089,0.63159
-0.02614,0.87744,-0.47896,-0.32242,-1.1439,0.80239
-0.01796,0.90767,-0.4193,0.07982,-0.2144,1.26336
-0.00308,0.9367,-0.35009,0.11966,1.027,1.05316
-0.00043,0.95463,-0.29779,0.45778,1.21211,0.47934
-0.00938,0.96208,-0.27259,0.12164,0.04128,0.05003
-0.02926,0.96857,-0.247,-0.05999,-0.16638,0.22226
-0.04496,0.97467,-0.21904,-0.2746,-0.31211,0.31047
-0.05586,0.98095,-0.18602,-0.17744,-0.27932,0.30385
-0.06755,0.98594,-0.1528,0.05289,-0.15571,0.32238
-0.07973,0.98945,-0.12088,0.21664,-0.08949,0.19621
-0.08641,0.99255,-0.08582,0.17837,-0.14946,0.04227
-0.08881,0.99451,-0.05532,-0.1143,-0.17992,0.06438
-0.0959,0.99496,-0.02896,-0.27518,-0.15265,0.15407
-0.11109,0.9938,-0.00116,-0.07041,-0.03224,0.10158
-0.1285,0.9913,0.02835,0.05976,0.02938,0.08313
-0.14593,0.98762,0.05733,0.03602,0.0683,-0.10813
-0.1634,0.98303,0.08328,-0.01509,0.06335,-0.28335
-0.18148,0.97793,0.10344,0.07121,0.11365,-0.21097
-0.20004,0.97274,0.11722,0.35832,0.28037,-0.2395
-0.21428,0.96868,0.12539,0.37273,0.27172,-0.20652
-0.22363,0.96628,0.1276,0.35672,0.28693,-0.1644
-0.22949,0.96512,0.12595,0.25149,0.33096,-0.26454
-0.23412,0.96513,0.11708,-0.03226,0.39208,-0.24128
-0.23994,0.96635,0.09266,0.04341,0.49467,-0.3238
-0.24562,0.96811,0.04921,0.13846,0.37416,-0.07147
-0.24131,0.97041,-0.00749,0.07363,0.31962,0.05696
-0.22506,0.97206,-0.0666,-0.02401,0.39871,0.48699
-0.20184,0.97197,-0.1205,-0.41069,0.57269,0.61339
-0.1775,0.96888,-0.17253,-0.53904,0.6667,0.32353
-0.15565,0.9624,-0.22258,-0.35273,0.30095,0.2593
-0.12886,0.95535,-0.26587,-0.13537,0.23743,0.28372
-0.0998,0.94922,-0.29834,-0.24398,0.31006,0.32584
-0.06868,0.94275,-0.32633,-0.21353,0.13858,0.60891
-0.04249,0.93251,-0.35862,-0.19526,-0.0923,0.61942
-0.02135,0.91761,-0.39689,-0.10708,-0.22166,0.63126
-0.00653,0.90074,-0.43431,-0.03356,-0.24786,0.59358
-0.0027,0.88278,-0.46977,-0.00294,-0.22766,0.71341
-0.00662,0.86344,-0.5044,-0.02275,-0.3025,0.72355
-0.01057,0.84544,-0.53396,-0.14741,-0.37173,0.64263
-0.01728,0.83022,-0.55717,-0.25622,-0.37912,0.71363
-0.02821,0.81822,-0.57421,-0.27147,-0.38948,0.81796
-0.03883,0.81158,-0.58295,-0.27598,-0.42043,0.77457
-0.04618,0.81324,-0.58009,-0.20295,-0.4594,0.62483
-0.05409,0.82343,-0.56484,-0.00698,-0.43248,0.44394
-0.06026,0.84076,-0.53804,0.05433,-0.2432,0.14216
-0.05724,0.85889,-0.50895,-0.148,0.15602,-0.58698
-0.04948,0.86855,-0.49312,-0.39611,0.68138,-1.04047
-0.0425,0.86886,-0.49323,-0.11934,1.78976,-0.86451
-0.03492,0.85823,-0.51206,0.42565,0.753,-0.35215
-0.04363,0.84409,-0.53443,-0.08279,-0.24875,0.18314
-0.04701,0.8342,-0.54946,-0.42109,-0.74743,-0.00218
-0.04768,0.83989,-0.54065,-0.41504,0.01321,0.07688
-0.05566,0.86226,-0.50339,-0.05391,0.68941,1.65398
-0.03599,0.86308,-0.50378,-0.19136,1.60438,0.23975
-0.02834,0.85518,-0.51755,-0.37824,1.13007,0.40973
-0.02816,0.86835,-0.49514,-0.33338,-0.85558,0.62684
-0.01814,0.8947,-0.4463,0.19462,-0.2301,1.21606
0.00061,0.92184,-0.38757,0.14516,0.45382,0.89056
0.01286,0.94216,-0.3349,0.28292,0.87336,0.54177
0.0024,0.95545,-0.29513,0.17216,0.38984,0.2308
-0.01762,0.96367,-0.26651,-0.06818,0.04358,0.20363
-0.03281,0.96933,-0.24355,-0.16429,-0.17372,0.29569
-0.04435,0.97588,-0.21372,-0.19878,-0.19146,0.31211
-0.0523,0.98268,-0.17776,-0.05621,-0.18548,0.32649
-0.06067,0.98779,-0.14349,0.05474,-0.18639,0.36591
-0.06855,0.99166,-0.10911,0.07743,-0.1845,0.17692
-0.07435,0.99446,-0.0742,-0.08498,-0.15614,0.01556
-0.08209,0.99563,-0.04435,-0.18619,-0.16008,0.13746
-0.09663,0.99517,-0.01678,-0.01314,-0.07621,0.16155
-0.11263,0.99356,0.01192,0.12312,-0.0009,0.1071
-0.12762,0.99094,0.04173,0.13413,0.07161,-0.06239
-0.14257,0.98725,0.07063,-0.0586,0.05982,-0.19127
-0.15824,0.98279,0.0953,-0.07692,0.05793,-0.24492
-0.1764,0.97787,0.11239,0.2015,0.22266,-0.18938
-0.19332,0.97339,0.12298,0.40106,0.26651,-0.26164
-0.20638,0.96993,0.12894,0.42063,0.21691,-0.15765
-0.21407,0.96805,0.13049,0.25759,0.31742,-0.29933
-0.21821,0.96745,0.12813,-0.03999,0.32686,-0.4227
-0.22384,0.96771,0.11583,-0.17296,0.23519,-0.36393
-0.2364,0.96811,0.08281,0.11592,0.40492,-0.18094
-0.24657,0.96854,0.03335,0.2789,0.33027,-0.09957
-0.24221,0.9699,-0.02498,0.29844,0.20329,0.30757
-0.22422,0.9714,-0.07805,0.1049,0.469,0.63772
-0.19865,0.97163,-0.1283,-0.42629,0.86093,0.50194
-0.17345,0.96856,-0.1783,-0.6413,0.92066,0.36446
-0.15085,0.96185,-0.22821,-0.61684,0.20916,0.3355
-0.12524,0.95386,-0.27288,-0.43009,0.28873,0.33179
-0.10186,0.94562,-0.30889,-0.24984,0.33798,0.3852
-0.07178,0.93957,-0.33474,-0.10161,0.20921,0.54467
-0.03832,0.93127,-0.36229,-0.09912,-0.0582,0.59175
-0.01244,0.91698,-0.39873,-0.10925,-0.18611,0.66033
0.00275,0.89986,-0.43616,-0.04483,-0.28696,0.65639
0.00449,0.88107,-0.47295,0.0308,-0.22435,0.77143
-0.00496,0.86083,-0.50886,0.01085,-0.27846,0.80075
-0.01444,0.84246,-0.53856,-0.0155,-0.34933,0.7254
-0.02404,0.829,-0.55872,-0.12965,-0.48931,0.69382
-0.03554,0.82063,-0.57034,-0.13528,-0.48141,0.79132
-0.04735,0.81671,-0.57509,-0.14494,-0.45806,0.82563
-0.05564,0.81933,-0.57062,-0.0969,-0.39737,0.53381
-0.05744,0.82987,-0.55499,-0.03776,-0.39415,0.38629
-0.0551,0.84743,-0.52803,-0.00897,-0.36351,0.23693
-0.05163,0.86579,-0.49773,-0.28904,0.27491,-0.62152
-0.05124,0.87554,-0.48041,-0.38291,1.15633,-0.89468
-0.05328,0.87215,-0.48631,0.39236,1.85193,-0.75526
-0.05403,0.8575,-0.51162,0.09272,0.14874,-0.13324
-0.05799,0.8445,-0.5324,-0.35636,-0.63913,0.19966
-0.05675,0.83987,-0.5398,-0.46293,-0.74269,-0.01716
-0.05801,0.84637,-0.52943,-0.58758,0.34449,-0.03483
-0.07587,0.86677,-0.4929,0.10963,1.87278,1.34106
-0.07072,0.86734,-0.49266,0.34053,2.51709,0.22186
-0.05873,0.84469,-0.53202,-0.05922,-1.07622,1.98516
-0.04455,0.85149,-0.52246,-0.20099,-1.78017,1.07642
-0.02785,0.87987,-0.47439,-0.5225,-0.86637,0.98375
-0.01256,0.90981,-0.41482,-0.20934,0.27952,1.14557
-0.01225,0.93947,-0.34241,0.0894,1.55515,1.24698
-0.01883,0.95598,-0.29283,0.5373,0.78713,0.17584
-0.02452,0.96169,-0.27301,0.38887,0.10128,-0.15964
-0.04629,0.96808,-0.2463,-0.15346,-0.10399,0.30344
-0.06188,0.97374,-0.21908,-0.34018,-0.16154,0.38999
-0.06964,0.97962,-0.18837,-0.21255,-0.23177,0.26232
-0.08064,0.98415,-0.15792,0.03886,-0.20137,0.27138
-0.09026,0.98769,-0.12769,0.19681,-0.20486,0.22864
-0.0926,0.99096,-0.09698,0.15295,-0.15382,0.06167
-0.09377,0.99302,-0.0715,-0.08464,-0.12536,0.10141
-0.10108,0.99381,-0.04591,-0.1391,-0.20103,0.22213
-0.11376,0.99331,-0.01939,0.03629,-0.09211,0.14517
-0.12693,0.99187,0.00785,0.12651,-0.00899,0.09065
-0.14066,0.98942,0.03544,0.01627,0.06127,-0.05866
-0.15565,0.98584,0.06234,-0.09571,0.07549,-0.21021
-0.17193,0.98146,0.08462,0.04117,0.1524,-0.17697
-0.18912,0.97694,0.09902,0.31917,0.26065,-0.17699
-0.20475,0.97291,0.10727,0.36474,0.25026,-0.13028
-0.21572,0.97017,0.11057,0.34946,0.25934,-0.15171
-0.22283,0.96857,0.11044,0.29597,0.30346,-0.24206
-0.22734,0.96817,0.10463,0.01526,0.40576,-0.2285
-0.23222,0.96888,0.08569,0.01963,0.40832,-0.26154
-0.23977,0.96965,0.04776,0.05805,0.40779,-0.33229
-0.23966,0.97081,-0.00844,0.19256,0.23838,0.08239
-0.22501,0.97195,-0.06835,0.08109,0.32602,0.26105
-0.20069,0.972,-0.12223,-0.05125,0.36899,0.46435
-0.17491,0.96891,-0.17494,-0.69028,0.56246,0.34948
-0.1511,0.96244,-0.22555,-0.70719,0.43249,0.39368
-0.1239,0.95359,-0.27443,-0.63312,0.29571,0.43981
-0.09697,0.94542,-0.31109,-0.21681,0.3026,0.36703
-0.07046,0.93755,-0.34063,-0.1819,0.28221,0.43959
-0.03879,0.92855,-0.36917,-0.14743,0.21344,0.54854
-0.0104,0.91634,-0.40025,-0.11093,-0.04029,0.58096
0.01013,0.89948,-0.43684,-0.08589,-0.01987,0.58508
0.01616,0.8793,-0.47598,0.12454,-0.12167,0.70145
0.01303,0.85832,-0.51294,0.10595,-0.18611,0.73114
0.00757,0.83862,-0.54465,-0.07397,-0.28317,0.6541
-0.00055,0.82237,-0.56895,-0.28772,-0.41357,0.67616
-0.00824,0.81153,-0.58425,-0.27954,-0.45183,0.7013
-0.01614,0.80641,-0.59114,-0.2535,-0.50601,0.73495
-0.02434,0.80673,-0.59041,-0.15895,-0.40135,0.59714
-0.03191,0.81192,-0.5829,-0.00501,-0.3448,0.39947
-0.03209,0.82468,-0.56468,0.01897,-0.32215,0.2932
-0.02572,0.84333,-0.53678,-0.14979,-0.19707,-0.07952
-0.0185,0.85943,-0.51092,-0.27813,0.10049,-0.58729
-0.01947,0.86399,-0.50312,-0.20262,0.50139,-0.71569
-0.02631,0.85621,-0.51596,0.57797,1.90774,-0.56485
-0.03557,0.84073,-0.54028,0.10938,0.27494,-0.10129
-0.04424,0.8273,-0.56001,-0.08505,-0.20915,0.04766
-0.04115,0.82236,-0.56748,-0.50516,-0.79762,0.10928
-0.04026,0.82945,-0.55712,-0.59501,-0.08626,0.17147
-0.05461,0.85076,-0.5227,-0.41501,0.97394,1.1276
-0.05417,0.8663,-0.49658,-0.03143,2.0651,0.57638
-0.03222,0.84775,-0.52941,-0.13697,0.6801,0.67969
-0.03116,0.84604,-0.53221,-0.28062,-1.29239,1.15081
-0.01918,0.87008,-0.49252,-0.09712,-0.81773,0.87421
-0.00272,0.89903,-0.43787,0.08639,-0.32326,1.04352
0.01294,0.9266,-0.37581,0.32102,0.97722,0.94067
0.02147,0.94458,-0.32756,0.39936,0.88929,0.45544
0.01686,0.9533,-0.30154,0.25447,0.24987,0.0875
-0.00187,0.9615,-0.27479,0.12405,0.07259,0.11866
-0.01639,0.96806,-0.25018,-0.38411,-0.23953,0.33804
-0.02683,0.97383,-0.22566,-0.29429,-0.23119,0.17722
-0.04049,0.98029,-0.19336,-0.11806,-0.09529,0.30094
-0.05257,0.98537,-0.1621,0.16175,0.01898,0.37994
-0.05994,0.98936,-0.13249,0.26527,-0.07683,0.12927
-0.05959,0.99266,-0.10521,0.13027,-0.10867,0.08359
-0.05911,0.99506,-0.07968,-0.02618,-0.14582,0.0768
-0.06829,0.99617,-0.05454,-0.17427,-0.12422,0.23996
-0.08206,0.99617,-0.02987,-0.04181,-0.00681,0.1522
-0.09524,0.99545,-0.00284,0.02956,0.07339,0.0158
-0.10769,0.99386,0.02492,-0.17142,0.02895,-0.09212
-0.12051,0.99145,0.05,-0.0918,0.06406,-0.15545
-0.13516,0.98846,0.06832,0.17772,0.25133,-0.11011
-0.15062,0.98543,0.07895,0.3024,0.27098,-0.12415
-0.16178,0.98331,0.08314,0.34443,0.20916,-0.09169
-0.16852,0.98223,0.08258,0.33,0.32653,-0.15683
-0.17447,0.98141,0.07986,0.14496,0.27358,-0.23498
-0.17944,0.981,0.07372,0.10336,0.2205,-0.16927
-0.18566,0.98102,0.05584,0.05642,0.29968,-0.14979
-0.19312,0.98084,0.0254,-0.1328,0.19071,-0.08614
-0.19683,0.9801,-0.02546,-0.10868,0.05951,0.04198
-0.19074,0.97801,-0.08426,-0.06159,0.00211,0.18509
-0.17535,0.97404,-0.14315,-0.16155,0.48778,0.37574
-0.15615,0.968,-0.19644,-0.30659,0.64605,0.46509
-0.1371,0.95962,-0.24562,-0.43377,0.34791,0.52472
-0.11521,0.9492,-0.29282,-0.22326,0.11776,0.36278
-0.08769,0.93842,-0.33418,-0.26294,0.18229,0.35127
-0.06106,0.92921,-0.36447,-0.15807,0.30538,0.54402
-0.03357,0.92131,-0.38737,-0.0813,0.18337,0.60546
-0.00777,0.90989,-0.41478,-0.02683,-0.05629,0.58629
0.01388,0.89463,-0.44658,-0.03618,-0.17599,0.53279
0.02594,0.87795,-0.47804,-0.02294,-0.17184,0.56842
0.02658,0.86033,-0.50904,-0.03048,-0.17863,0.63683
0.02065,0.84243,-0.53841,-0.1716,-0.19463,0.62192
0.01053,0.82614,-0.56337,-0.24879,-0.24577,0.63498
-0.00027,0.8147,-0.57988,-0.26976,-0.2874,0.66457
-0.00725,0.8101,-0.58625,-0.34085,-0.36771,0.65224
-0.01118,0.81086,-0.58512,-0.253,-0.32878,0.53996
-0.01397,0.81668,-0.57692,-0.20091,-0.3195,0.46541
-0.01567,0.82678,-0.56231,-0.13729,-0.26429,0.28501
-0.01845,0.84008,-0.54214,-0.09779,-0.19132,0.05394
-0.01841,0.85542,-0.5176,-0.06399,0.07306,-0.2216
-0.01791,0.86668,-0.49854,-0.10919,0.73476,-0.55358
-0.02416,0.86735,-0.4971,0.22011,1.64415,-0.69132
-0.02621,0.85495,-0.51803,0.42347,1.49017,-0.54639
-0.03313,0.83971,-0.54202,-0.06171,-0.19545,0.08094
-0.03984,0.8282,-0.55901,-0.2574,-0.6578,0.22491
-0.03781,0.8258,-0.56269,-0.28351,-0.66913,0.21948
-0.03758,0.83493,-0.54906,-0.37093,-0.18088,0.39542
-0.04329,0.85328,-0.51964,-0.3345,0.32393,1.12528
-0.05088,0.87766,-0.47656,-0.41163,0.56943,1.33105
-0.03273,0.89449,-0.44589,-0.10729,2.16252,-0.90981
-0.02119,0.8879,-0.45954,0.09665,0.17825,1.23536
-0.03077,0.8893,-0.45629,0.11195,-1.11911,1.4287
-0.02146,0.90494,-0.425,-0.15209,-0.94255,0.65952
-0.00846,0.92396,-0.38238,-0.14745,-0.13296,0.43316
-0.00962,0.94252,-0.33398,0.00356,0.7134,0.7386
-0.01704,0.95768,-0.28733,0.17627,0.61979,0.54055
-0.02043,0.9649,-0.26179,0.02646,-0.0273,0.05165
-0.02986,0.96945,-0.24343,-0.1188,-0.16956,0.15286
-0.0383,0.97531,-0.21747,-0.23575,-0.20953,0.28553
-0.04061,0.98236,-0.1825,-0.04147,-0.11389,0.49533
-0.04326,0.98781,-0.14949,0.0518,-0.07445,0.4853
-0.0503,0.99094,-0.12448,0.12444,-0.01446,0.41246
-0.05788,0.99318,-0.10113,0.006,-0.09632,0.11883
-0.06176,0.99511,-0.07695,-0.09184,-0.0572,0.19438
-0.06504,0.99648,-0.0527,-0.12785,-0.07383,0.2312
-0.07171,0.99698,-0.02953,-0.04027,-0.02251,0.05484
-0.07986,0.99679,-0.00543,-0.0317,0.02795,0.01236
-0.08887,0.99587,0.01803,-0.10166,0.00152,0.03005
-0.10054,0.99413,0.03991,-0.02442,0.03313,-0.03979
-0.11431,0.99165,0.05964,0.08248,0.11137,-0.03732
-0.12831,0.98884,0.07568,0.19023,0.20211,-0.14101
-0.14027,0.98637,0.08595,-0.03986,0.22275,-0.10248
-0.14782,0.98485,0.09056,0.0222,0.08056,-0.05269
-0.15442,0.98388,0.09011,0.12055,0.20563,-0.09239
-0.16003,0.98332,0.08642,0.05605,0.0984,-0.2763
-0.16371,0.98323,0.08026,-0.01539,0.09807,-0.29546
-0.16886,0.98336,0.06685,-0.01903,0.32242,-0.21896
-0.17847,0.98311,0.04034,0.0275,0.40857,-0.31068
-0.18652,0.98245,-0.00026,0.16168,0.16622,0.01914
-0.18543,0.98115,-0.05434,0.16916,0.06647,0.14247
-0.17435,0.97819,-0.11286,0.14732,0.25991,0.3281
-0.15921,0.97313,-0.16633,-0.0746,0.59715,0.47601
