gravity.x,gravity.y,gravity.z,userAcceleration.x,userAcceleration.y,userAcceleration.z
-0.16548,0.97947,0.11505,-0.2496,-0.34127,-0.21123
-0.17886,0.9731,0.14514,-0.11591,0.03764,-0.0532
-0.20072,0.96454,0.17132,0.05234,0.14189,-0.05208
-0.22555,0.95476,0.19377,0.29673,0.176,-0.32761
-0.24013,0.94286,0.23095,0.30877,0.46496,-0.43
-0.23825,0.92854,0.28465,0.24367,0.39839,-0.56407
-0.23552,0.9159,0.32501,0.47327,0.43163,-0.62011
-0.25014,0.91403,0.31932,0.50196,0.62182,-0.57623
-0.25149,0.91962,0.30171,0.39368,0.56053,-0.38676
-0.24126,0.92577,0.29107,0.16994,0.69276,-0.72406
-0.22921,0.93433,0.27288,0.37612,0.52067,-0.76518
-0.22282,0.94837,0.22568,0.32664,0.40275,-0.62076
-0.21249,0.96428,0.15808,0.03441,0.46209,-0.1696
-0.19814,0.97672,0.08209,0.03571,0.54981,0.74448
-0.18384,0.98295,-0.00032,-0.15512,0.568,0.52874
-0.16727,0.98288,-0.07722,-0.44385,0.76068,0.33167
-0.15804,0.97771,-0.13818,-0.74944,1.07985,0.35217
-0.1708,0.9682,-0.18275,-0.85505,0.46272,0.31497
-0.1876,0.9566,-0.22295,-0.63297,-0.057,0.35934
-0.18691,0.94629,-0.26378,-0.1616,-0.23664,0.59587
-0.17031,0.9381,-0.30158,0.15853,-0.27346,0.63617
-0.15312,0.92769,-0.34049,0.5614,-0.22695,0.72287
-0.14791,0.91356,-0.37884,0.58382,-0.26241,0.85403
-0.1465,0.90197,-0.40619,0.17378,-0.52576,0.62343
-0.14511,0.88804,-0.43625,0.07036,-0.70788,0.71049
-0.14782,0.87668,-0.4578,-0.04451,-0.76924,0.78136
-0.15575,0.87117,-0.46562,-0.13713,-0.73762,0.8211
-0.16516,0.87158,-0.46159,-0.18079,-0.77943,0.76245
-0.17468,0.87782,-0.44599,-0.21347,-0.73216,0.67217
-0.18577,0.88895,-0.41864,-0.30382,-0.36847,0.36203
-0.19726,0.90352,-0.38043,-0.23426,0.20077,-0.5631
-0.20574,0.91628,-0.34365,0.07768,1.74504,-2.55689
-0.20133,0.91068,-0.36072,0.20831,2.01442,-1.98601
-0.19667,0.90275,-0.38257,0.10913,-0.42061,-0.45633
-0.18996,0.89945,-0.39357,0.01582,-0.49441,-0.07216
-0.18577,0.9009,-0.39224,-0.25799,-0.20762,0.17666
-0.18467,0.90668,-0.37924,-0.5543,0.42302,0.49562
-0.18725,0.91384,-0.36031,-0.51417,0.72048,0.90617
-0.17125,0.91934,-0.35424,-0.83752,0.44562,0.07812
-0.17833,0.91441,-0.36339,-0.10693,-0.71107,1.65004
-0.17138,0.90877,-0.38047,-0.09674,-0.52483,1.15209
-0.16124,0.91716,-0.36443,-0.11775,-0.24794,0.99926
-0.16717,0.93269,-0.31959,-0.08281,0.42934,1.19941
-0.18692,0.9434,-0.27394,0.1243,0.6175,1.05134
-0.20611,0.94756,-0.24422,0.26097,0.42042,0.68632
-0.22306,0.95139,-0.21234,0.53565,0.13749,-0.55686
-0.24013,0.9623,-0.1277,0.33313,-0.14716,-0.22679
-0.24394,0.96909,-0.03676,-0.00673,-0.12758,-0.19606
-0.233,0.97247,-0.00213,0.04842,-0.03301,-0.18034
-0.21769,0.97588,0.01588,-0.11813,0.00793,-0.04211
-0.20314,0.97826,0.04148,-0.21529,-0.22558,0.11609
-0.19799,0.97724,0.0761,0.04294,-0.40129,-0.03304
-0.20174,0.97392,0.10377,0.01725,-0.37318,0.00307
-0.21424,0.96904,0.12268,-0.04812,-0.32165,-0.02011
-0.2329,0.96092,0.14961,0.10425,0.0154,0.04126
-0.25656,0.94985,0.17871,0.22584,0.36243,-0.39819
-0.27067,0.93772,0.21771,0.23131,0.5111,-0.43527
-0.26778,0.92365,0.27414,0.13237,0.46766,-0.62009
-0.25856,0.90939,0.32579,0.38591,0.47019,-0.76304
-0.27065,0.9055,0.3268,0.60951,0.54369,-0.55905
-0.28312,0.91189,0.29713,0.60948,0.60139,-0.44074
-0.27929,0.92011,0.27455,0.53198,0.67169,-0.54246
-0.26615,0.92808,0.26043,0.45066,0.42349,-0.78196
-0.24985,0.94164,0.22555,0.41144,0.52485,-0.56381
-0.23641,0.95849,0.15933,0.03979,0.62638,-0.26849
-0.22008,0.97174,0.0853,-0.03186,0.47982,0.72045
-0.20909,0.97784,0.01024,-0.2139,0.57684,0.71625
-0.19644,0.9781,-0.06866,-0.60509,0.92284,0.32391
-0.19541,0.97162,-0.13326,-0.91479,0.94437,0.31046
-0.21831,0.95962,-0.17737,-0.8859,0.31128,0.36986
-0.2381,0.94831,-0.20978,-0.28679,-0.24651,0.53818
-0.23173,0.94233,-0.24147,0.00613,-0.27676,0.51464
-0.19604,0.94137,-0.27455,0.30279,-0.19651,0.63569
-0.16016,0.93821,-0.30675,0.60343,-0.1529,0.55348
-0.15227,0.9236,-0.35181,0.37435,-0.32055,0.64702
-0.14944,0.90765,-0.39221,0.06489,-0.63353,0.64942
-0.15313,0.89059,-0.42824,0.02391,-0.68473,0.71911
-0.16283,0.87609,-0.45381,-0.0646,-0.78476,0.75148
-0.17528,0.86731,-0.46587,-0.12737,-0.80225,0.7613
-0.18636,0.86448,-0.46683,-0.11474,-0.82078,0.7352
-0.195,0.86844,-0.45583,-0.09279,-0.56215,0.54839
-0.20317,0.87767,-0.43406,-0.10797,-0.01916,-0.1003
-0.21065,0.89154,-0.40097,-0.11289,0.94566,-1.35101
-0.21183,0.89957,-0.38196,0.23289,1.71425,-1.8052
-0.20973,0.89364,-0.39675,0.27633,0.40538,-0.6023
-0.21175,0.88736,-0.40958,0.24637,-0.03648,-0.39563
-0.21185,0.88357,-0.41763,-0.07555,-0.1248,0.08403
-0.21178,0.88455,-0.4156,-0.57205,0.35897,0.4708
-0.20773,0.89105,-0.40357,-0.50524,0.63362,0.13344
-0.19465,0.89773,-0.39519,-1.15769,0.86908,-0.46815
-0.17551,0.89487,-0.41036,-0.77858,-0.71866,1.50776
-0.16449,0.8987,-0.40655,-0.43042,-0.95605,1.5593
-0.14675,0.91482,-0.37625,-0.35108,-0.21867,1.0957
-0.1439,0.93441,-0.32581,-0.3017,0.37552,1.07688
-0.15632,0.95023,-0.26947,-0.02549,0.52506,1.19226
-0.17908,0.95733,-0.22681,0.17986,0.57429,1.14189
-0.20388,0.957,-0.20631,0.4331,0.40364,0.46621
-0.22469,0.95847,-0.17563,0.54633,-0.01831,-0.21936
-0.24162,0.96562,-0.09586,0.38336,-0.13992,-0.15396
-0.24452,0.96844,-0.0482,0.16011,-0.12501,-0.14905
-0.23471,0.97173,-0.02524,0.17844,-0.01055,0.08952
-0.2194,0.9756,0.00662,-0.0371,-0.07416,0.21359
-0.19945,0.97915,0.03828,-0.16857,-0.34241,0.18062
-0.18877,0.97996,0.06345,-0.07536,-0.38468,0.02822
-0.19088,0.97765,0.08797,-0.19356,-0.23332,-0.17876
-0.20191,0.9722,0.11852,-0.22761,-0.16965,-0.21688
-0.21996,0.96308,0.1552,0.06254,-0.02641,-0.05905
-0.24314,0.95177,0.18711,0.22815,0.24268,-0.32882
-0.25634,0.93925,0.22821,0.2898,0.60114,-0.50122
-0.25583,0.92408,0.28392,0.16616,0.44266,-0.6212
-0.25468,0.91336,0.31762,0.51584,0.45369,-0.64212
-0.27217,0.91393,0.30106,0.65729,0.55,-0.42436
-0.27737,0.92166,0.27128,0.5761,0.67787,-0.3671
-0.26659,0.92922,0.25584,0.35816,0.50692,-0.63866
-0.24624,0.9376,0.24547,0.25407,0.34074,-0.7473
-0.22755,0.9512,0.20837,0.09356,0.34247,-0.70768
-0.21762,0.96497,0.14647,0.11105,0.52938,-0.22193
-0.20952,0.9755,0.06699,0.1749,0.61804,0.71151
-0.19851,0.97993,-0.01768,-0.28288,0.78914,0.4416
-0.18419,0.97837,-0.09411,-0.29719,0.79071,0.51803
-0.18473,0.97141,-0.14906,-0.96998,0.55534,0.39454
-0.20701,0.95991,-0.18895,-0.93427,0.28949,0.30941
-0.22533,0.94819,-0.22394,-0.47851,-0.25021,0.47733
-0.2176,0.94043,-0.26123,0.06276,-0.19664,0.52125
-0.19106,0.93477,-0.29949,0.23479,-0.1883,0.63323
-0.17615,0.92107,-0.34728,0.7699,-0.20483,0.75861
-0.17569,0.90315,-0.39173,0.40336,-0.35705,0.72088
-0.16618,0.88981,-0.425,0.12642,-0.58623,0.69909
-0.1602,0.87443,-0.45794,-0.00189,-0.71146,0.7969
-0.16351,0.86247,-0.47895,-0.17517,-0.76186,0.79917
-0.17549,0.85326,-0.49107,-0.2522,-0.82924,0.76324
-0.18802,0.84803,-0.49547,-0.26093,-0.84913,0.7578
-0.19836,0.85114,-0.48602,-0.44739,-0.53558,0.32312
-0.2029,0.86582,-0.45736,-0.21351,0.1897,-0.68818
-0.20464,0.8848,-0.41863,-0.00976,0.76801,-1.25409
-0.20625,0.88478,-0.41787,0.10635,0.911,-1.06333
-0.20951,0.87749,-0.43141,0.1177,0.16776,-0.47904
-0.20916,0.87314,-0.4403,0.10363,-0.08886,-0.33577
-0.20222,0.87413,-0.44158,-0.03331,0.10437,-0.06765
-0.19754,0.88128,-0.42932,-0.52774,0.95006,0.44513
-0.18853,0.89359,-0.40736,-0.53675,0.93775,0.42317
-0.16567,0.89934,-0.40464,-0.69508,-0.75739,1.12362
-0.14872,0.8962,-0.41796,-0.41596,-0.86384,1.17694
-0.1199,0.90573,-0.40653,-0.47988,-0.66292,0.83109
-0.1026,0.92748,-0.35952,-0.50121,-0.19434,0.91909
-0.10404,0.94926,-0.29676,-0.5445,0.14241,0.79607
-0.12734,0.96334,-0.23614,-0.1055,0.53271,1.15708
-0.15694,0.96777,-0.19695,0.36513,0.61641,1.07567
-0.18915,0.96617,-0.17528,0.45624,0.42048,0.56778
-0.21202,0.96582,-0.14907,0.83141,0.04936,-0.80933
-0.2216,0.97263,-0.06975,0.53383,-0.1459,-0.3674
-0.21939,0.97555,-0.01287,0.29012,-0.22054,-0.55793
-0.2067,0.97818,0.02054,0.15906,0.02595,-0.28548
-0.19103,0.98034,0.04934,-0.1352,-0.08057,0.29934
-0.17393,0.98318,0.05557,-0.0127,-0.36024,0.18625
-0.17103,0.98307,0.06566,-0.06678,-0.38889,0.07123
-0.18087,0.97974,0.0859,-0.26973,-0.28336,-0.16018
-0.19753,0.97247,0.12355,-0.05746,-0.09171,-0.0408
-0.21829,0.96209,0.16346,0.13553,0.00536,-0.20927
-0.23324,0.94951,0.20979,0.29321,0.49557,-0.40843
-0.23718,0.93295,0.27081,0.21809,0.51784,-0.72505
-0.23806,0.91833,0.31622,0.4005,0.54043,-0.83205
-0.25415,0.9179,0.30472,0.68529,0.55232,-0.31238
-0.2576,0.92561,0.27728,0.64618,0.66763,-0.30818
-0.24669,0.9332,0.2613,0.44084,0.68805,-0.58224
-0.22661,0.94183,0.24819,0.38289,0.45332,-0.79114
-0.21261,0.95572,0.20344,0.3048,0.51245,-0.64798
-0.19964,0.97133,0.129,-0.08462,0.65183,0.26726
-0.18235,0.98205,0.04809,-0.13393,0.53304,0.80314
-0.16285,0.98607,-0.03364,-0.47529,0.66797,0.37075
-0.14683,0.9838,-0.10276,-0.70351,0.94999,0.20382
-0.1506,0.97641,-0.15467,-0.95279,0.78413,0.35412
-0.17833,0.96377,-0.19834,-0.84033,0.13583,0.34935
-0.19879,0.95016,-0.24016,-0.45845,-0.30065,0.54501
-0.18945,0.93977,-0.28448,0.01776,-0.32887,0.66975
-0.16957,0.93135,-0.32221,0.39287,-0.25223,0.76601
-0.15713,0.91814,-0.36375,0.76761,-0.29743,0.78065
-0.16141,0.90139,-0.4018,0.29956,-0.46166,0.66664
-0.1629,0.88504,-0.43609,0.14864,-0.69073,0.65352
-0.16414,0.86805,-0.46855,0.04845,-0.79728,0.73757
-0.17022,0.85696,-0.48645,-0.10354,-0.82865,0.80191
-0.17663,0.85409,-0.48921,-0.15723,-0.82647,0.80984
-0.18126,0.85872,-0.47932,-0.073,-0.79605,0.79905
-0.18645,0.87056,-0.45536,-0.12245,-0.0645,0.2253
-0.19544,0.88702,-0.41831,-0.18142,0.92421,-1.38946
-0.2013,0.90618,-0.37189,-0.07418,2.24131,-3.14186
-0.1966,0.90158,-0.38535,0.13243,1.05728,-0.95726
-0.20067,0.89335,-0.40205,0.18463,-0.39994,-0.40142
-0.20109,0.88816,-0.4132,0.05576,-0.34878,-0.23152
-0.20135,0.8874,-0.41468,-0.44443,0.00917,0.37574
-0.20299,0.8902,-0.40785,-0.47868,0.34776,0.58496
-0.19659,0.89685,-0.39624,-0.68754,0.87906,0.5932
-0.17422,0.90142,-0.39633,-1.12084,0.47863,0.05668
-0.17033,0.90409,-0.39193,-0.37083,-0.6465,1.50147
-0.15046,0.9101,-0.38611,-0.20365,-0.47058,1.21352
-0.13355,0.9262,-0.35259,-0.29208,-0.09943,0.97327
-0.13671,0.94502,-0.29704,-0.15455,0.2944,1.14485
-0.15524,0.95529,-0.25162,0.13881,0.43552,1.07793
-0.18247,0.95661,-0.22715,0.21781,0.44375,0.93614
-0.20884,0.95619,-0.20514,0.51126,0.28991,-0.51913
-0.22619,0.96665,-0.12008,0.41949,-0.03647,-0.2718
-0.23144,0.97191,-0.04251,0.23761,-0.15615,-0.29043
-0.22198,0.97497,-0.01238,0.11296,-0.15911,0.17925
-0.20593,0.97855,0.00454,0.02002,0.00367,-0.21122
-0.19282,0.98067,0.03317,-0.1059,-0.20447,0.13267
-0.18837,0.9803,0.05929,-0.06521,-0.44092,0.00434
-0.19209,0.97812,0.07985,-0.14727,-0.31793,-0.09224
-0.20383,0.97269,0.11099,-0.07209,-0.03218,-0.08012
-0.22336,0.96262,0.15316,0.16823,0.05099,-0.09181
-0.24108,0.95063,0.19536,0.33832,0.15618,-0.36559
-0.24228,0.93787,0.24838,0.13469,0.52556,-0.61345
-0.23394,0.92385,0.30292,0.2689,0.43283,-0.7005
-0.24099,0.91876,0.3127,0.40648,0.39551,-0.65044
-0.25355,0.92441,0.28489,0.49752,0.46133,-0.27592
-0.24932,0.93141,0.26513,0.33669,0.61307,-0.40344
-0.2381,0.93581,0.2599,0.19715,0.66268,-0.62237
-0.22258,0.94348,0.24552,0.35013,0.40971,-0.86395
-0.21486,0.95628,0.19837,0.26415,0.31486,-0.73626
-0.20644,0.97059,0.12381,0.0069,0.63203,0.2467
-0.19259,0.98045,0.0402,-0.11948,0.5295,0.76014
-0.17689,0.98329,-0.04285,-0.37665,0.61067,0.42756
-0.16186,0.98022,-0.11381,-0.70946,0.96257,0.29323
-0.16182,0.97271,-0.16625,-0.87395,0.91615,0.33178
-0.18166,0.96263,-0.20085,-0.8221,0.1926,0.30139
-0.19699,0.95042,-0.24058,-0.42696,-0.1239,0.48577
-0.19208,0.93781,-0.28914,-0.0174,-0.2065,0.62866
-0.1751,0.925,-0.33719,0.3167,-0.19364,0.75266
-0.15957,0.91158,-0.37889,0.79129,-0.19771,0.91111
-0.15794,0.89786,-0.41097,0.33682,-0.40016,0.72512
-0.15982,0.88238,-0.44256,0.13859,-0.58935,0.66878
-0.1611,0.8653,-0.47464,0.01114,-0.77123,0.70235
-0.16739,0.85322,-0.49396,-0.08333,-0.74436,0.78096
-0.1779,0.84794,-0.49934,-0.14609,-0.78864,0.77548
-0.18659,0.84925,-0.49392,-0.14264,-0.838,0.75411
-0.19278,0.85777,-0.4765,-0.1994,-0.61705,0.57476
-0.19954,0.87219,-0.4466,-0.21467,-0.07576,-0.17109
-0.20622,0.88938,-0.40801,-0.21667,1.40202,-2.01276
-0.20774,0.88603,-0.41447,0.20105,1.72784,-1.23458
-0.20575,0.87717,-0.43386,0.24517,-0.24327,-0.46688
-0.20271,0.87034,-0.44879,0.18008,-0.32549,-0.4193
-0.19894,0.86795,-0.45506,-0.28536,-0.13023,0.04192
-0.18925,0.87305,-0.4494,-0.70855,0.40953,0.02056
-0.17938,0.88093,-0.43792,-0.58835,0.37523,0.36031
-0.16135,0.88784,-0.43093,-0.37916,0.44055,0.1321
-0.14307,0.89006,-0.4328,-0.64902,-0.4966,1.30689
-0.13464,0.89897,-0.4168,-0.55391,-0.38211,1.2105
-0.1307,0.91587,-0.37959,-0.35334,-0.0953,1.08653
-0.12827,0.93324,-0.33555,-0.33838,0.02693,0.92955
-0.14444,0.94585,-0.29067,0.1008,0.63073,1.15424
-0.17005,0.95073,-0.2592,0.32449,0.64413,0.86897
-0.19592,0.9515,-0.23717,0.42833,0.59752,0.54806
-0.21894,0.95889,-0.1805,0.64595,0.02809,-0.08042
-0.23271,0.9673,-0.10081,0.25888,-0.16606,-0.12983
-0.22514,0.97235,-0.06195,0.16074,-0.16812,-0.17386
-0.20755,0.97757,-0.03573,0.06285,-0.05931,-0.03589
-0.19053,0.98167,0.0008,-0.28072,-0.25665,0.14457
-0.17511,0.98387,0.03638,-0.18088,-0.44067,0.09933
-0.17232,0.98245,0.07134,-0.09944,-0.43827,0.04623
-0.18112,0.97875,0.09603,-0.18433,-0.26054,-0.19744
-0.1944,0.97334,0.12168,-0.11717,-0.02156,-0.14848
-0.20978,0.96487,0.15812,0.03567,0.07723,0.03687
-0.22704,0.95511,0.19028,0.32462,0.39655,-0.37218
-0.23375,0.94247,0.23895,0.17929,0.5277,-0.47574
-0.22491,0.92697,0.30021,0.06754,0.491,-0.72341
-0.2221,0.91795,0.32866,0.37663,0.40152,-0.69606
-0.24067,0.91963,0.31039,0.43542,0.4913,-0.37937
-0.24952,0.92376,0.29051,0.43341,0.53755,-0.33918
-0.24464,0.92901,0.27762,0.39488,0.53415,-0.68295
-0.22978,0.93855,0.25752,0.37907,0.40877,-0.66429
-0.21753,0.95366,0.20783,0.17043,0.37738,-0.48312
-0.20741,0.96853,0.13752,-0.05634,0.54683,0.02985
-0.19789,0.97827,0.0618,-0.03252,0.50467,0.67125
-0.18665,0.98227,-0.01701,-0.34166,0.5789,0.44714
-0.17606,0.98031,-0.08933,-0.69015,0.8337,0.22955
-0.18341,0.9729,-0.14079,-0.79869,0.43163,0.36105
-0.20901,0.96165,-0.17756,-0.71382,0.23073,0.39294
-0.22505,0.95065,-0.21356,-0.27172,0.02686,0.47955
-0.21543,0.94302,-0.25355,0.0504,-0.18455,0.50219
-0.19032,0.93665,-0.29403,0.31709,-0.20852,0.63174
-0.16822,0.92761,-0.33351,0.57173,-0.17429,0.69547
-0.15651,0.91493,-0.37203,0.23461,-0.42651,0.70481
-0.14683,0.90176,-0.40653,0.07011,-0.59779,0.64705
-0.14319,0.88808,-0.43682,0.00605,-0.71454,0.70273
-0.14402,0.87848,-0.45554,-0.05272,-0.71642,0.75225
-0.1496,0.87329,-0.46366,-0.12805,-0.72737,0.76357
-0.15471,0.8731,-0.46233,-0.09045,-0.77966,0.7055
-0.16064,0.8779,-0.45108,-0.11105,-0.37372,0.44974
-0.1691,0.88582,-0.43212,-0.11544,-0.12579,0.08118
-0.17922,0.89642,-0.40534,-0.08402,0.71068,-1.28278
-0.18638,0.8945,-0.40637,0.2707,1.35817,-1.02401
-0.19045,0.88149,-0.43209,0.16297,0.5041,-0.56832
-0.18831,0.87111,-0.45354,-0.06245,-0.28412,-0.37653
-0.18643,0.8656,-0.46472,-0.4586,0.01002,0.20218
-0.18466,0.86743,-0.46201,-0.66654,0.59936,0.15763
-0.18316,0.87127,-0.45535,-0.49134,0.08517,1.09245
-0.16969,0.86954,-0.46378,-0.60375,-0.24009,0.74502
-0.15551,0.87686,-0.4549,-0.65617,-0.24865,1.18057
-0.15932,0.89319,-0.4205,-0.16342,-0.14669,1.49369
-0.1516,0.90955,-0.38696,-0.29687,0.0444,1.06115
-0.14335,0.92726,-0.34587,-0.11792,0.41849,0.99062
-0.15378,0.94265,-0.29623,0.23676,0.56151,1.05775
-0.17709,0.95011,-0.25676,0.35661,0.51268,0.91736
-0.20073,0.9533,-0.22565,0.45102,0.46475,0.29929
-0.22407,0.9606,-0.16439,0.5328,-0.02934,-0.19447
-0.23419,0.96667,-0.10345,0.24859,-0.12357,-0.23619
-0.2289,0.97098,-0.06922,0.18035,-0.11469,-0.19717
-0.21305,0.97629,-0.03821,-0.00805,-0.0383,0.02602
-0.19629,0.98053,-0.00476,-0.1878,-0.19226,-0.12291
-0.18238,0.98267,0.03289,-0.18711,-0.2429,-0.03487
-0.17888,0.98174,0.06469,0.00712,-0.42581,0.04083
-0.18265,0.97954,0.08442,-0.11132,-0.1424,-0.1491
-0.19201,0.97557,0.10669,-0.16421,-0.06467,-0.17366
-0.20699,0.96833,0.13955,0.09835,-0.05187,-0.01946
-0.22356,0.95925,0.17274,0.17213,0.27993,-0.24154
-0.23229,0.9491,0.21269,0.17637,0.50612,-0.31428
-0.23053,0.9384,0.25737,0.20729,0.47535,-0.62434
-0.22696,0.93123,0.28512,0.40876,0.52371,-0.48661
-0.23483,0.93122,0.27869,0.39881,0.55332,-0.31208
-0.24055,0.93297,0.26774,0.34225,0.60809,-0.40709
-0.23713,0.93529,0.26267,0.27905,0.62846,-0.66167
-0.22618,0.94087,0.25218,0.44533,0.43624,-0.87053
-0.21966,0.95072,0.2188,0.33003,0.41226,-0.76944
-0.21738,0.96326,0.15766,0.20238,0.46133,-0.24357
-0.21457,0.97362,0.07755,0.23139,0.57033,0.62241
-0.20557,0.97861,-0.00762,0.04256,0.51681,0.72196
-0.19291,0.97717,-0.08894,-0.44517,0.66815,0.34036
-0.19168,0.97056,-0.1458,-0.73697,0.81301,0.35971
-0.2122,0.96006,-0.18231,-0.7885,0.33515,0.42758
-0.23376,0.94803,-0.21586,-0.68515,-0.03933,0.36892
-0.23142,0.93952,-0.25247,-0.24023,-0.26168,0.55435
-0.20552,0.93524,-0.28824,0.24541,-0.29017,0.65377
-0.17803,0.92837,-0.32622,0.72571,-0.28377,0.6158
-0.16808,0.91176,-0.37475,0.51976,-0.32283,0.66232
-0.1606,0.89507,-0.41599,0.19508,-0.43061,0.66151
-0.15778,0.87808,-0.45174,-0.00818,-0.69064,0.75896
-0.1615,0.86451,-0.47595,-0.04492,-0.69284,0.81802
-0.17025,0.85685,-0.48664,-0.21214,-0.82767,0.78768
-0.1774,0.85564,-0.48621,-0.21491,-0.8247,0.77031
-0.18146,0.86135,-0.47449,-0.16443,-0.59681,0.59563
-0.18359,0.87422,-0.44948,-0.13518,-0.09576,0.00412
-0.18849,0.89225,-0.41031,-0.0996,0.31042,-0.61863
-0.19356,0.90249,-0.38477,-0.01818,2.02882,-2.54869
-0.19453,0.89385,-0.40397,0.10635,0.28047,-0.66462
-0.196,0.88728,-0.4175,0.17572,-0.41565,-0.36412
-0.19431,0.88399,-0.42522,0.11998,-0.45003,-0.179
-0.19272,0.88675,-0.42015,-0.74279,0.36426,0.85996
-0.18874,0.89333,-0.40783,-0.8296,0.7253,0.56574
-0.17831,0.90165,-0.394,-0.92035,1.75317,-0.38241
-0.16544,0.89903,-0.40543,-0.3527,-1.05693,1.78983
-0.14614,0.90056,-0.40942,-0.29382,-0.88605,1.09961
-0.12151,0.91626,-0.3817,-0.34932,-0.26081,0.96368
-0.11657,0.93474,-0.33565,-0.40456,0.1587,0.8527
-0.13387,0.94887,-0.28585,-0.03703,0.6802,1.28091
-0.16126,0.95629,-0.24394,0.35897,0.64104,1.09466
-0.18985,0.95827,-0.21372,0.65666,0.23697,-0.66983
-0.21195,0.96189,-0.17272,0.53126,0.02405,-0.72596
-0.22613,0.97068,-0.08146,0.37391,-0.11031,-0.41625
-0.22482,0.97388,-0.0317,0.2035,-0.12311,-0.31016
-0.20967,0.9777,-0.01186,0.06063,-0.02573,0.02114
-0.18931,0.98188,0.00818,-0.1177,-0.00484,0.14508
-0.17267,0.98444,0.03239,-0.22361,-0.41033,0.23472
-0.16947,0.98376,0.059,-0.1124,-0.36256,0.01654
-0.17691,0.98108,0.07857,-0.15535,-0.31287,-0.08556
-0.19168,0.97592,0.10407,-0.06677,-0.04042,-0.06098
-0.21223,0.96696,0.14121,0.18478,0.10126,-0.06998
-0.2272,0.95639,0.18357,0.26409,0.40017,-0.31622
-0.22914,0.9433,0.24012,0.12895,0.61244,-0.51451
-0.22277,0.92847,0.29716,0.20175,0.49357,-0.79563
-0.23152,0.92371,0.3052,0.52521,0.4423,-0.58069
-0.24704,0.92778,0.27961,0.5737,0.5585,-0.25404
-0.2491,0.93189,0.26366,0.49227,0.56785,-0.44622
-0.23825,0.93569,0.26022,0.24672,0.46707,-0.87224
-0.22521,0.94479,0.238,0.32397,0.33098,-0.84639
-0.21801,0.9587,0.18263,0.12535,0.39897,-0.63124
-0.20998,0.97163,0.1088,0.03486,0.62527,0.12951
-0.19848,0.97965,0.02988,0.01167,0.41936,0.80577
-0.18555,0.98128,-0.05158,-0.24955,0.54343,0.48019
-0.17072,0.97757,-0.12331,-0.63375,0.87941,0.27215
-0.17552,0.96839,-0.17721,-0.90247,0.93804,0.38073
-0.20398,0.95448,-0.21759,-0.86113,0.29729,0.35634
-0.22039,0.94138,-0.25539,-0.41667,-0.10161,0.50617
-0.20283,0.93243,-0.29905,0.16413,-0.27957,0.65899
-0.17215,0.92379,-0.34202,0.2791,-0.26525,0.70812
-0.1518,0.91236,-0.38021,0.68933,-0.2143,0.87653
-0.14504,0.90051,-0.40992,0.16445,-0.68712,0.64106
-0.14081,0.8839,-0.44596,0.13224,-0.73063,0.72613
-0.14332,0.86727,-0.47675,0.08296,-0.79815,0.78556
-0.14997,0.8583,-0.49074,-0.08152,-0.78114,0.82126
-0.15888,0.85613,-0.49172,-0.11854,-0.77622,0.79714
-0.16639,0.86005,-0.48232,-0.14472,-0.67464,0.70037
-0.17226,0.87006,-0.46187,-0.21333,-0.18869,0.31535
-0.18061,0.88448,-0.4302,-0.14345,0.7821,-1.05444
-0.1897,0.89777,-0.39752,0.01902,2.38304,-2.6178
-0.19388,0.88659,-0.41995,-0.09169,0.52729,-0.62017
-0.19651,0.87477,-0.4429,-0.05209,-0.54789,-0.36409
-0.19406,0.87061,-0.45209,-0.08295,-0.61479,-0.06581
-0.19012,0.87391,-0.44736,-0.42295,-0.00881,0.57308
-0.18696,0.88321,-0.4301,-0.60467,0.49207,0.87914
-0.18437,0.89252,-0.4116,-0.61652,1.11786,0.50193
-0.16614,0.90606,-0.38915,-0.87758,0.6563,-0.2035
-0.16128,0.90792,-0.38688,-0.22355,-0.73792,1.58176
-0.13638,0.9077,-0.39683,-0.24137,-0.53062,0.93761
-0.119,0.92085,-0.37131,-0.2199,-0.1396,0.90584
-0.12104,0.9383,-0.32394,-0.06612,0.54894,1.28042
-0.14293,0.95245,-0.26908,0.14921,0.60834,1.29369
-0.16848,0.95638,-0.23863,0.35297,0.45522,0.9407
-0.19048,0.95644,-0.22123,0.64892,0.1777,-0.82478
-0.21114,0.96579,-0.15057,0.44543,0.03096,-0.3503
-0.22134,0.97362,-0.05544,0.1367,-0.14563,-0.35022
-0.21406,0.97667,-0.01685,0.18983,-0.06894,-0.20517
-0.19489,0.98082,-0.00167,-0.0703,-0.13843,0.02892
-0.17294,0.98475,0.01886,-0.18775,-0.29201,0.14543
-0.16421,0.98528,0.04743,-0.1688,-0.49476,0.14598
-0.16713,0.98336,0.07107,-0.12765,-0.30854,-0.00153
-0.18052,0.97891,0.09557,-0.24985,-0.18837,-0.21047
-0.20002,0.97076,0.13272,0.0024,0.05714,0.0046
-0.22187,0.96048,0.16808,0.22741,0.24411,-0.30944
-0.23171,0.94859,0.21559,0.3086,0.60535,-0.47042
-0.22684,0.93326,0.27851,0.28049,0.47693,-0.81507
-0.2224,0.92205,0.31677,0.46064,0.49372,-0.84488
-0.23376,0.92472,0.30041,0.4839,0.55882,-0.49911
-0.23538,0.93151,0.27727,0.34859,0.72514,-0.50623
-0.22663,0.93685,0.26634,0.36704,0.64849,-0.7792
-0.20953,0.94675,0.24442,0.22038,0.62727,-0.72134
-0.19768,0.96171,0.18982,0.06627,0.5974,-0.43634
-0.18691,0.97596,0.11204,-0.13023,0.53701,-0.00383
-0.17763,0.98362,0.0304,-0.06047,0.60978,0.76747
-0.1692,0.98416,-0.05275,-0.22961,0.71119,0.67781
-0.16329,0.97796,-0.13006,-0.84405,1.02709,0.16157
-0.17684,0.96729,-0.18185,-0.8058,0.47586,0.37944
-0.1991,0.95636,-0.21382,-0.74489,0.15492,0.43824
-0.20803,0.94466,-0.25364,-0.10255,-0.18801,0.54119
-0.19994,0.93286,-0.29964,0.15756,-0.29888,0.60557
-0.18749,0.91744,-0.35093,0.56394,-0.23164,0.82085
-0.17957,0.89918,-0.39903,0.62466,-0.38421,0.75794
-0.1818,0.87992,-0.43895,0.21163,-0.48468,0.71108
-0.18416,0.86021,-0.47552,0.08535,-0.65763,0.76829
-0.18798,0.8422,-0.50533,-0.00361,-0.71506,0.83042
-0.19509,0.8318,-0.51966,-0.11392,-0.74287,0.82966
-0.20188,0.82859,-0.52219,-0.13659,-0.75396,0.81511
-0.2065,0.83185,-0.51515,-0.12605,-0.69498,0.7248
-0.20703,0.84251,-0.4973,-0.13338,-0.3893,0.24564
-0.2097,0.8586,-0.4678,-0.09192,0.46205,-1.01119
-0.21233,0.87208,-0.44089,-0.03022,1.94886,-2.20828
-0.21668,0.86426,-0.45397,0.34549,0.78213,-0.85323
-0.22357,0.85463,-0.46863,0.24727,-0.17371,-0.31662
-0.22654,0.84852,-0.47821,0.05988,-0.26031,-0.32735
-0.22621,0.84871,-0.47803,-0.82501,0.7473,0.33843
-0.21972,0.85317,-0.47309,-0.27124,0.78979,0.51245
-0.20494,0.85501,-0.47639,-0.49428,-0.41422,0.92619
-0.17087,0.8453,-0.50623,-0.78325,-1.08389,1.4359
-0.15049,0.86061,-0.48652,-0.6533,-0.77844,1.03667
-0.14194,0.89117,-0.43088,-0.47334,0.18593,1.35523
-0.13512,0.91684,-0.3757,-0.65137,0.68967,1.01146
-0.13684,0.92844,-0.34536,-0.16182,0.72443,0.93836
-0.15693,0.93372,-0.32177,0.34862,0.65191,0.93386
-0.18769,0.9441,-0.271,0.67336,0.37597,0.66684
-0.2063,0.95782,-0.20004,1.12463,0.15018,-0.0508
-0.21752,0.96717,-0.13136,0.64321,-0.11581,-0.33267
-0.21499,0.97182,-0.0966,0.25361,-0.15559,-0.48859
-0.20116,0.97748,-0.06365,0.14992,-0.06789,-0.15665
-0.18467,0.98247,-0.02541,-0.23989,-0.04648,0.17456
-0.16673,0.98599,0.00329,-0.29718,-0.24704,0.07696
-0.15851,0.98688,0.03061,-0.1318,-0.40825,-0.03691
-0.16296,0.98513,0.05443,-0.12677,-0.29309,-0.04094
-0.17492,0.98145,0.07845,-0.1278,-0.1341,-0.1366
-0.19589,0.97377,0.11571,0.10512,-0.02454,0.01167
-0.22179,0.96303,0.1529,0.28768,0.07353,-0.23251
-0.23887,0.95129,0.19487,0.37568,0.37316,-0.37729
-0.24274,0.93971,0.24086,0.07529,0.42708,-0.52604
-0.23638,0.93308,0.27105,0.16136,0.53603,-0.61084
-0.23976,0.93167,0.27296,0.39363,0.45981,-0.35857
-0.24691,0.93421,0.25744,0.54506,0.59585,-0.23717
-0.24871,0.9389,0.23792,0.76391,0.59284,-0.6159
-0.23553,0.94593,0.22302,0.64202,0.39885,-0.51468
-0.21666,0.95854,0.18505,0.02658,0.54646,-0.85564
-0.19804,0.9716,0.12949,-0.22871,0.61791,-0.14743
-0.18518,0.98094,0.05879,0.05397,0.28119,0.85856
-0.17609,0.98401,-0.02668,-0.21427,0.41875,0.50225
-0.1599,0.98112,-0.10874,-0.52103,0.864,0.28768
-0.15296,0.97414,-0.16627,-0.78853,0.60169,0.36976
-0.17255,0.9632,-0.20609,-0.77919,0.33962,0.30566
-0.1945,0.95186,-0.2369,-0.721,0.10089,0.34084
-0.19045,0.9438,-0.27012,-0.01596,-0.24154,0.56872
-0.15992,0.93845,-0.30616,0.46031,-0.24915,0.68105
-0.13831,0.92655,-0.34981,0.65476,-0.20837,0.68459
-0.13407,0.90936,-0.3938,0.31469,-0.43643,0.62575
-0.13039,0.8945,-0.42762,0.12662,-0.5584,0.60015
-0.13018,0.87875,-0.45918,0.04206,-0.64703,0.65143
-0.13627,0.866,-0.48112,-0.08983,-0.81184,0.75629
-0.14808,0.85952,-0.48918,-0.12989,-0.82882,0.79623
-0.15854,0.85832,-0.48801,-0.24019,-0.85455,0.76555
-0.164,0.86359,-0.47677,-0.13348,-0.72182,0.67409
-0.16618,0.87581,-0.45315,-0.10433,-0.19328,0.22514
-0.17362,0.89141,-0.41863,0.06038,0.07165,-0.21797
-0.17989,0.91086,-0.37144,0.14191,1.52498,-2.07589
-0.17221,0.91234,-0.37144,-0.03757,1.617,-1.55597
-0.17322,0.9043,-0.39017,0.07971,-0.03135,-0.44756
-0.17448,0.89929,-0.40103,0.12671,-0.45189,-0.41929
-0.17444,0.89671,-0.40679,0.0991,-0.62114,0.15511
-0.17504,0.90227,-0.39403,-0.59785,-0.07441,1.18213
-0.16742,0.91,-0.37929,-0.59053,0.08998,1.34795
-0.14999,0.91803,-0.36705,-1.59633,1.89402,-2.03839
-0.16367,0.93891,-0.30273,-0.74821,0.91695,1.4031
-0.16059,0.92795,-0.33632,-0.15583,-0.50821,1.51123
-0.13713,0.92606,-0.35158,-0.15941,-0.48888,0.92165
-0.12987,0.9369,-0.32457,0.04335,-0.54193,1.10855
-0.14406,0.95452,-0.26103,0.1416,0.36019,1.46678
-0.16398,0.96286,-0.21448,0.37727,0.58784,1.19569
-0.18595,0.96346,-0.19279,0.36056,0.47883,0.75254
-0.20143,0.96623,-0.16069,0.63095,0.29189,-0.89588
-0.20994,0.97577,-0.06159,0.21536,-0.1563,-0.23429
-0.20161,0.97944,0.00638,0.06215,-0.11988,-0.2724
-0.18106,0.98303,0.02918,-0.19512,-0.01459,-0.14472
-0.16084,0.98545,0.05487,-0.30875,-0.14667,0.01081
-0.14967,0.98519,0.08362,-0.1621,-0.57804,-0.00321
-0.15408,0.98242,0.10537,-0.20794,-0.53639,-0.10819
-0.17039,0.97786,0.12146,-0.23291,-0.27435,-0.07045
-0.1944,0.97007,0.14547,-0.01782,-0.03716,0.0758
-0.22511,0.95892,0.17258,0.46348,0.47685,-0.33308
-0.2441,0.94392,0.22231,0.57945,0.70124,-0.39469
-0.24089,0.92615,0.29019,0.43976,0.55104,-0.75776
-0.22679,0.91413,0.33605,0.38063,0.59767,-1.01197
-0.23715,0.91725,0.32001,0.56224,0.79042,-0.30748
-0.24779,0.92173,0.29834,0.58817,0.93098,-0.26778
-0.23519,0.92989,0.28282,0.58398,0.49242,-0.74576
-0.21026,0.94495,0.25068,0.36026,0.5433,-0.70325
-0.18687,0.9625,0.19664,-0.21618,0.36805,-0.64798
-0.17261,0.97661,0.12814,-0.07784,0.81779,0.65944
-0.16581,0.98505,0.0467,0.018,0.76501,0.94759
-0.14951,0.98793,-0.04031,-0.49867,0.79095,0.45233
-0.13318,0.98524,-0.10749,-0.7753,0.97974,0.35673
-0.1394,0.97743,-0.15872,-0.77265,0.73783,0.35415
-0.15632,0.96599,-0.20595,-0.73013,0.17877,0.36467
-0.15908,0.954,-0.25411,0.03348,-0.22497,0.55696
-0.14474,0.94275,-0.30043,0.2405,-0.26327,0.65312
-0.13649,0.92882,-0.34446,0.46289,-0.25756,0.75358
-0.13889,0.91475,-0.37939,0.55848,-0.37475,0.70171
-0.13356,0.90175,-0.41111,0.24043,-0.58574,0.63079
-0.12988,0.88719,-0.44275,0.05035,-0.71009,0.80771
-0.13726,0.87449,-0.46521,-0.11965,-0.7709,0.83537
-0.15317,0.86459,-0.47855,-0.1652,-0.84943,0.7753
-0.17043,0.85762,-0.48522,-0.19631,-0.86378,0.77215
-0.18069,0.8568,-0.48295,-0.1288,-0.8788,0.79789
-0.18028,0.86385,-0.47039,-0.20072,-0.05693,0.06669
-0.16673,0.87826,-0.44816,-0.20864,0.47834,-0.78902
-0.1551,0.88977,-0.42924,0.09649,2.16876,-2.55251
-0.15566,0.87743,-0.45375,0.29255,0.19862,-0.43772
-0.17213,0.86316,-0.47468,0.26106,-0.20696,-0.19085
-0.18397,0.85586,-0.48338,-0.42742,0.04516,0.16064
-0.18631,0.8562,-0.48188,-0.83648,0.37377,0.30617
-0.17712,0.86587,-0.46786,-0.66898,1.51342,-0.44809
-0.15811,0.87015,-0.46673,-0.59369,0.30699,0.91077
-0.12428,0.86342,-0.48893,-0.84577,-1.21222,1.29952
-0.10138,0.88023,-0.46359,-0.68172,-0.79156,1.0626
-0.09191,0.91094,-0.40216,-0.56172,0.08692,1.33744
-0.09019,0.93486,-0.34336,-0.60415,0.42413,0.95829
-0.11231,0.95057,-0.28948,-0.06826,0.59599,1.14327
-0.14502,0.95931,-0.24226,0.47584,0.59338,1.06969
-0.17734,0.96332,-0.2014,0.81801,0.43423,0.14679
-0.19661,0.97001,-0.14292,0.83803,0.12687,-0.4203
-0.20239,0.9737,-0.10457,0.50198,-0.25642,-0.54547
-0.19679,0.97714,-0.08038,0.22108,-0.12825,-0.14589
-0.18602,0.9816,-0.04296,0.19253,-0.13474,-0.04265
-0.16833,0.98571,-0.00559,-0.17635,0.02782,-0.09958
-0.15719,0.98704,0.03209,-0.17682,-0.23222,0.10175
-0.15419,0.98649,0.05528,-0.02493,-0.54559,0.11994
-0.15735,0.98497,0.07113,-0.1271,-0.37979,-0.22383
-0.16546,0.98101,0.10112,-0.22115,-0.09457,-0.17594
-0.18394,0.97337,0.13675,-0.12833,0.07449,0.01286
-0.20358,0.96415,0.17017,0.10408,0.25321,-0.28609
-0.21363,0.95242,0.21736,0.14659,0.52734,-0.45394
-0.21121,0.93983,0.26852,0.21804,0.48537,-0.66913
-0.21367,0.93413,0.28588,0.57824,0.49856,-0.54572
-0.22238,0.93789,0.26627,0.58391,0.55094,-0.40224
-0.22025,0.94263,0.25087,0.49776,0.66948,-0.43509
-0.21021,0.9483,0.23775,0.37667,0.43868,-0.81935
-0.19584,0.95876,0.20594,0.34208,0.36872,-0.75356
-0.18637,0.97124,0.14815,0.0318,0.34857,-0.61989
-0.1782,0.98123,0.07365,0.02635,0.48159,0.72377
-0.1702,0.98537,-0.008,-0.05244,0.53584,0.66492
-0.15333,0.98428,-0.08757,-0.25284,0.60437,0.4708
-0.14386,0.97821,-0.14965,-0.76323,0.99693,0.29437
-0.163,0.96737,-0.19395,-0.87,0.90832,0.4562
-0.19236,0.9536,-0.23161,-0.88914,0.27026,0.3787
-0.19475,0.94273,-0.27081,-0.17555,-0.22155,0.52696
-0.1683,0.9349,-0.31247,0.16805,-0.30117,0.66513
-0.14412,0.92531,-0.35075,0.25932,-0.30814,0.7692
-0.13295,0.91255,-0.38675,0.65448,-0.46278,0.70874
-0.1261,0.89822,-0.42105,0.43697,-0.44839,0.73201
-0.12084,0.88058,-0.45822,0.20603,-0.55028,0.66406
-0.12451,0.86592,-0.48444,-0.05514,-0.69772,0.81439
-0.13686,0.85613,-0.4983,-0.10777,-0.72361,0.82716
-0.14808,0.85175,-0.50257,-0.22155,-0.75619,0.80621
-0.15461,0.85361,-0.49744,-0.2542,-0.72492,0.685
-0.15505,0.86265,-0.48145,-0.28182,-0.57221,0.56937
-0.15257,0.87939,-0.45099,-0.12859,0.5633,-1.07588
-0.15274,0.88767,-0.4344,0.22336,1.75608,-1.83785
-0.15863,0.87878,-0.45009,0.07881,0.1299,-0.44603
-0.16195,0.87134,-0.46317,-0.03302,-0.18363,-0.36918
-0.16326,0.86918,-0.46675,-0.00398,-0.47259,-0.10183
-0.16037,0.87324,-0.46014,-0.08565,-0.50611,0.00465
-0.15575,0.8847,-0.43937,-0.74282,0.04693,1.3784
-0.14172,0.89602,-0.42078,-0.77095,0.37351,0.92031
-0.13333,0.92392,-0.35859,-0.83486,2.09422,-0.94058
-0.12237,0.934,-0.33566,-0.23247,-0.02988,1.15211
-0.10224,0.93502,-0.33954,-0.38705,-0.35016,0.92015
-0.09018,0.94396,-0.31749,-0.30107,-0.34191,0.86423
-0.09685,0.95549,-0.27865,-0.13584,-0.24788,0.9265
-0.11477,0.96535,-0.23434,0.08334,0.17161,1.12351
-0.13694,0.96863,-0.20735,0.24201,0.34999,1.00914
-0.15883,0.96767,-0.1959,0.24637,0.36527,0.58251
-0.17391,0.97389,-0.14589,0.29723,0.0389,-0.76669
-0.18257,0.98164,-0.05513,0.1652,-0.14332,-0.16724
-0.17973,0.98371,-0.00088,0.09137,-0.18864,-0.26213
-0.16597,0.98573,0.02784,-0.04603,-0.16539,0.01814
-0.15499,0.9866,0.0509,-0.04541,-0.40892,0.18761
-0.15315,0.98555,0.07232,-0.02494,-0.45529,0.21496
-0.16095,0.98272,0.0914,-0.05121,-0.22625,-0.24665
-0.17455,0.97714,0.12132,-0.05771,0.01299,-0.07947
-0.19503,0.96806,0.15754,0.07734,0.1679,-0.07758
-0.21282,0.95746,0.19487,0.26802,0.34603,-0.4681
-0.21673,0.94491,0.24529,0.25561,0.5294,-0.48697
-0.2119,0.93204,0.29393,0.31964,0.5278,-0.77573
-0.21954,0.9266,0.30529,0.47662,0.50753,-0.60395
-0.23033,0.93074,0.284,0.48741,0.50339,-0.58266
-0.22783,0.93668,0.26592,0.45563,0.78698,-0.40607
-0.21657,0.94223,0.25552,0.47464,0.51186,-0.87901
-0.19837,0.95273,0.23011,0.46753,0.40399,-0.79815
-0.18507,0.96752,0.17218,0.18457,0.30703,-0.65556
-0.17487,0.97964,0.09861,-0.09875,0.55227,0.35699
-0.1658,0.98596,0.01931,0.05215,0.55496,0.83306
-0.15457,0.98596,-0.06305,-0.11002,0.61702,0.72643
-0.14566,0.97997,-0.13578,-0.7722,1.11462,0.22377
-0.15835,0.97034,-0.18264,-0.85245,0.65416,0.36105
-0.17984,0.95995,-0.21483,-0.82689,0.29071,0.43314
-0.18299,0.94942,-0.25517,-0.3898,-0.15615,0.49575
-0.16415,0.93942,-0.30088,0.15421,-0.29289,0.57003
-0.1473,0.9244,-0.35181,0.31301,-0.31147,0.72018
-0.14514,0.90586,-0.39792,0.75493,-0.34919,0.89487
-0.15171,0.89061,-0.42871,0.40618,-0.42705,0.66938
-0.15139,0.8742,-0.46136,0.17317,-0.53728,0.69177
-0.15035,0.85898,-0.48943,0.03448,-0.64911,0.79063
-0.15658,0.84907,-0.50454,-0.11681,-0.74151,0.81058
-0.16671,0.8438,-0.51011,-0.18305,-0.79144,0.8089
-0.17687,0.84465,-0.50526,-0.13598,-0.76535,0.78936
-0.18512,0.85334,-0.48737,-0.16292,-0.47918,0.58188
-0.19132,0.86992,-0.45456,-0.08659,0.09219,-0.5097
-0.18866,0.8839,-0.42794,-0.16788,1.85382,-2.54875
-0.19199,0.87444,-0.44552,0.04051,1.1184,-0.99012
-0.19958,0.86633,-0.45786,0.01128,-0.09687,-0.46466
-0.20373,0.86221,-0.46377,-0.08194,-0.39882,-0.27035
-0.20372,0.865,-0.45854,-0.49913,0.15695,0.33974
-0.19575,0.87098,-0.45064,-0.70738,0.89705,0.30905
-0.17708,0.87674,-0.44718,-0.77252,1.18387,0.16275
-0.16474,0.87536,-0.45454,-0.49361,-0.98861,1.71067
-0.15051,0.88322,-0.44415,-0.24171,-0.97731,1.51875
-0.13181,0.90454,-0.4055,-0.30487,-0.2117,1.18924
-0.12424,0.92651,-0.35517,-0.35949,0.20145,0.9475
-0.14169,0.94495,-0.29496,-0.01791,0.59406,1.19939
-0.16645,0.95473,-0.24653,0.50176,0.5045,1.01053
-0.18885,0.95733,-0.21873,0.50706,0.40328,0.67993
-0.20091,0.96501,-0.1685,0.57414,0.02598,-0.40318
-0.20338,0.9741,-0.09877,0.21444,-0.20286,-0.32874
-0.19516,0.97905,-0.0581,0.16435,-0.17689,-0.20761
-0.18084,0.98313,-0.02737,0.12415,-0.01412,-0.06113
-0.16299,0.98662,0.00044,-0.24341,-0.13299,0.11587
-0.14895,0.98846,0.02755,-0.16476,-0.30448,0.11789
-0.1445,0.98836,0.04742,-0.08674,-0.59925,0.10506
-0.14896,0.98625,0.07153,-0.35039,-0.23658,-0.21282
-0.1649,0.98049,0.10696,-0.32708,-0.12198,-0.17657
-0.19145,0.97156,0.13931,0.00233,0.09182,0.03017
-0.2151,0.96146,0.17122,0.28675,0.48784,-0.47161
-0.22297,0.94816,0.22641,0.32903,0.63362,-0.45089
-0.22039,0.93327,0.28358,0.28653,0.44081,-0.61717
-0.22654,0.92779,0.29643,0.67695,0.47576,-0.68106
-0.23313,0.9346,0.26862,0.54052,0.57814,-0.40049
-0.22379,0.9431,0.2459,0.46932,0.48747,-0.25421
-0.21077,0.9485,0.23646,0.17053,0.35922,-0.84496
-0.19409,0.95733,0.21411,0.23834,0.33091,-0.88049
-0.18579,0.96987,0.15754,0.18716,0.38296,-0.70782
-0.18112,0.98041,0.07733,0.08653,0.64862,0.46841
-0.17359,0.98476,-0.01048,0.09375,0.51546,0.81831
-0.15982,0.98267,-0.09382,-0.28165,0.5947,0.49511
-0.14958,0.9755,-0.1613,-0.69166,1.09857,0.31201
-0.16338,0.96494,-0.20542,-0.87296,0.87933,0.39139
-0.19422,0.95185,-0.23717,-0.86291,0.08829,0.40886
-0.20687,0.9377,-0.27912,-0.52334,-0.26527,0.50593
-0.18951,0.92553,-0.32782,0.01567,-0.25436,0.61359
-0.1708,0.91044,-0.37673,0.26055,-0.33571,0.80561
-0.16178,0.89313,-0.41969,0.80756,-0.28042,0.86425
-0.16605,0.87594,-0.45294,0.45801,-0.48609,0.7645
-0.16319,0.85979,-0.48386,0.26759,-0.55393,0.73682
-0.16421,0.84663,-0.5062,0.07844,-0.69621,0.84081
-0.1712,0.83924,-0.5161,-0.08091,-0.77534,0.85489
-0.18034,0.83785,-0.51524,-0.11173,-0.75828,0.81862
-0.18964,0.8439,-0.50186,-0.06767,-0.70549,0.78851
-0.19749,0.85759,-0.4749,-0.13039,-0.37749,0.59076
-0.20525,0.87615,-0.43615,-0.3079,0.2416,-0.43909
-0.20504,0.88793,-0.41175,-0.14134,2.16265,-3.05679
-0.20723,0.87238,-0.44272,-0.07233,1.16981,-0.93306
-0.20976,0.85925,-0.46656,0.0092,-0.2216,-0.25356
-0.20611,0.85434,-0.4771,0.0557,-0.52365,-0.19595
-0.19961,0.85799,-0.47329,-0.31336,-0.36045,0.337
-0.19559,0.86826,-0.45591,-0.85247,0.36088,0.75575
-0.19193,0.87957,-0.43534,-0.67259,1.26701,-0.91047
-0.17029,0.88653,-0.43019,-0.69423,1.26005,-0.91561
-0.16915,0.88503,-0.43371,-0.43783,-0.71623,1.66805
-0.15116,0.8919,-0.42622,-0.24987,-0.40613,1.05328
-0.13773,0.91052,-0.38985,-0.23708,-0.28942,1.0132
-0.14074,0.9318,-0.33455,-0.24341,0.11544,0.92043
-0.15732,0.9479,-0.27701,0.36249,0.65875,1.22336
-0.17383,0.9548,-0.24112,0.4442,0.55935,1.01241
-0.18942,0.95838,-0.21359,0.56546,0.46528,0.12568
-0.20168,0.96919,-0.14138,0.44088,-0.10454,-0.30404
-0.20132,0.97534,-0.09042,0.25551,-0.17265,-0.34414
-0.18808,0.98015,-0.06266,0.12673,-0.1628,-0.07771
-0.17134,0.98482,-0.02754,-0.15854,-0.0236,0.17297
-0.15429,0.98796,0.01103,-0.19476,-0.35384,0.03859
-0.14389,0.98846,0.04727,-0.04502,-0.54872,0.11793
-0.14447,0.98688,0.07199,-0.03183,-0.40259,-0.14496
-0.15232,0.98327,0.09986,-0.20581,-0.13558,-0.31242
-0.16767,0.97595,0.13927,-0.06214,0.01551,-0.00446
-0.18961,0.96718,0.16913,0.08445,0.16588,-0.22848
-0.20555,0.95756,0.20204,0.15587,0.43882,-0.34375
-0.20711,0.9472,0.24475,0.14989,0.44264,-0.39909
-0.20299,0.93838,0.2797,0.49706,0.42951,-0.4914
-0.21098,0.93607,0.28151,0.61987,0.47769,-0.5591
-0.21179,0.94028,0.26646,0.43834,0.58639,-0.43844
-0.20424,0.94551,0.25354,0.33319,0.77524,-0.68841
-0.19089,0.95261,0.23679,0.4404,0.40293,-0.82532
-0.17803,0.96466,0.19419,0.30996,0.40461,-0.71251
-0.16916,0.97751,0.1259,-0.10277,0.43843,-0.18031
-0.16065,0.9859,0.04666,-0.01098,0.51254,0.7334
-0.15117,0.98796,-0.03261,-0.10984,0.54811,0.66132
-0.14194,0.98409,-0.10677,-0.52571,0.7981,0.3814
-0.14589,0.97509,-0.16703,-0.88067,1.17498,0.27627
-0.17184,0.96253,-0.20975,-0.87203,0.52572,0.43402
-0.19324,0.94867,-0.25034,-0.6905,-0.00038,0.37862
-0.18888,0.93629,-0.29611,-0.11942,-0.15937,0.55324
-0.1675,0.92273,-0.34713,0.0997,-0.23172,0.6441
-0.15469,0.90171,-0.4037,0.18533,-0.22067,0.70549
-0.16537,0.87752,-0.45011,0.70946,-0.26459,0.95714
-0.17667,0.86284,-0.47359,0.43726,-0.49696,0.75474
-0.17998,0.8486,-0.49746,0.15164,-0.64043,0.76257
-0.17983,0.83807,-0.51506,0.02001,-0.67103,0.84212
-0.18372,0.83439,-0.51964,-0.08987,-0.72014,0.89687
-0.18694,0.83691,-0.51442,-0.17825,-0.76528,0.79868
-0.18764,0.84529,-0.50027,-0.1125,-0.75502,0.73315
-0.19206,0.85886,-0.47484,-0.18986,-0.05658,0.11638
-0.20229,0.87717,-0.43548,-0.10899,1.00345,-1.37883
-0.20056,0.88554,-0.41903,-0.16053,2.19145,-3.10025
-0.19895,0.87242,-0.44643,-0.04263,0.14832,-0.57168
-0.19699,0.86446,-0.46248,0.1453,-0.43093,-0.36006
-0.19661,0.86409,-0.46335,0.14335,-0.31827,-0.31665
-0.20192,0.86711,-0.45534,-0.24001,0.13784,0.55133
-0.20791,0.87415,-0.43889,-0.24238,0.52926,0.74946
-0.20025,0.88507,-0.42017,-0.29542,0.53778,1.30682
-0.16139,0.89897,-0.40719,-1.29858,0.65461,-0.58568
-0.15296,0.90516,-0.3966,-0.35783,-0.68332,1.49494
-0.13299,0.90701,-0.39955,-0.31327,-0.74138,1.1346
-0.11436,0.91999,-0.37487,-0.34698,-0.28265,0.87505
-0.11372,0.93831,-0.32655,-0.28573,0.04982,0.94909
-0.13405,0.95488,-0.265,0.0889,0.62936,1.27627
-0.16029,0.96039,-0.22793,0.34564,0.46985,0.95761
-0.18397,0.96054,-0.20858,0.48047,0.31007,0.13983
-0.19808,0.96812,-0.1533,0.60081,0.031,-0.44625
-0.20218,0.97596,-0.08137,0.2744,-0.18976,-0.32821
-0.19203,0.9803,-0.04612,0.12485,-0.1246,-0.25823
-0.17323,0.98475,-0.01604,-0.00279,-0.00629,0.28839
-0.15765,0.98742,0.0118,-0.21972,-0.2476,0.03817
-0.14599,0.98852,0.03872,-0.09815,-0.4199,0.20385
-0.14433,0.98786,0.05735,-0.23194,-0.32378,-0.19852
-0.15009,0.98498,0.08527,-0.29034,-0.2081,-0.19055
-0.16647,0.97825,0.12369,-0.21638,-0.03514,0.0012
-0.18985,0.96981,0.15301,0.13461,0.28738,-0.36323
-0.20703,0.95989,0.18904,0.18682,0.47978,-0.36789
-0.20979,0.94812,0.23882,0.30112,0.5038,-0.34963
-0.20617,0.93641,0.28394,0.59797,0.45648,-0.55806
-0.21181,0.93272,0.29181,0.68178,0.52112,-0.73043
-0.21288,0.93927,0.26914,0.58114,0.51801,-0.5958
-0.20587,0.94619,0.24964,0.33898,0.66413,-0.49561
-0.19012,0.95243,0.23816,0.2173,0.33941,-0.72047
-0.17559,0.96299,0.20447,0.19542,0.33244,-0.75947
-0.16627,0.97571,0.14262,-0.03223,0.50704,-0.39199
-0.16002,0.98522,0.061,-0.04491,0.49149,0.53525
-0.14897,0.98851,-0.02545,-0.17872,0.49054,0.67325
-0.13578,0.98512,-0.10532,-0.52497,0.77941,0.40246
-0.13741,0.97643,-0.16641,-0.71527,0.99554,0.40085
-0.16493,0.9641,-0.20808,-1.10101,0.43849,0.40779
-0.19566,0.9491,-0.24681,-0.88128,-0.03675,0.27716
-0.20451,0.93623,-0.28573,-0.28206,-0.24443,0.54484
-0.18713,0.92552,-0.32922,0.2722,-0.21394,0.73742
-0.16815,0.91066,-0.37737,0.50539,-0.2125,0.82139
-0.16999,0.89049,-0.42205,0.80466,-0.24622,0.92608
-0.16713,0.87755,-0.44941,0.22014,-0.49901,0.63655
-0.16221,0.86199,-0.48028,0.15356,-0.55891,0.6796
-0.16315,0.84921,-0.50221,0.02832,-0.6673,0.76745
-0.16891,0.84286,-0.51094,-0.08078,-0.702,0.82338
-0.17606,0.84287,-0.5085,-0.08998,-0.72135,0.80414
-0.1833,0.84895,-0.49566,-0.0653,-0.74445,0.73719
-0.19091,0.86125,-0.47095,-0.13693,-0.14556,0.31642
-0.19935,0.87789,-0.43539,-0.18727,0.67674,-1.12491
-0.20262,0.88947,-0.4096,-0.04184,1.93712,-2.71449
-0.20581,0.87467,-0.43885,-0.36041,0.48053,-0.52262
-0.20555,0.86197,-0.46342,-0.1534,-0.74388,-0.35219
-0.20077,0.86114,-0.46704,-0.15379,-0.86771,-0.33435
-0.19731,0.8677,-0.45624,-0.64058,-0.07856,0.65828
-0.20164,0.87593,-0.43827,-0.50512,0.36925,1.13742
-0.2003,0.88351,-0.42342,-0.30901,0.92272,0.5924
-0.18048,0.90268,-0.39062,-0.73716,1.01088,-0.22754
-0.17263,0.90437,-0.39027,-0.1598,-0.45297,1.53956
-0.14325,0.90756,-0.39473,-0.29651,-0.36382,0.92489
-0.12494,0.92265,-0.36482,-0.31607,-0.26703,0.92097
-0.12457,0.9426,-0.3098,-0.22044,0.05634,0.94582
-0.14006,0.95693,-0.25428,0.07725,0.44866,1.18951
-0.15809,0.96046,-0.22915,0.19749,0.36368,0.86418
-0.17517,0.95909,-0.22237,0.30511,0.2594,0.12853
-0.19297,0.96723,-0.16497,0.45778,-0.03544,-0.46588
-0.20445,0.97581,-0.0774,0.10875,-0.15427,-0.08701
-0.19819,0.97953,-0.03518,0.00854,-0.10965,-0.16012
-0.1823,0.98317,-0.01158,0.11754,-0.06816,-0.04906
-0.16526,0.98616,0.01261,-0.11367,-0.31902,0.18945
-0.1551,0.98725,0.03565,-0.06386,-0.36437,0.11022
-0.15864,0.98553,0.05957,-0.08346,-0.30502,-0.00298
-0.17128,0.98081,0.09302,-0.12373,-0.23605,-0.18721
-0.19039,0.9724,0.13484,0.02889,0.09904,-0.11937
-0.20864,0.96265,0.17254,0.14425,0.2263,-0.36928
-0.21334,0.95205,0.21927,0.22698,0.40536,-0.50045
-0.20828,0.94085,0.26721,0.20988,0.41929,-0.55858
-0.21253,0.93663,0.27846,0.5225,0.46765,-0.44771
-0.22399,0.94037,0.25599,0.50593,0.56789,-0.32746
-0.22178,0.94641,0.23474,0.39506,0.48831,-0.2467
-0.214,0.95001,0.22733,0.32655,0.55483,-0.50577
-0.20033,0.95398,0.22309,0.24794,0.36729,-0.86375
-0.18943,0.96291,0.19213,0.29484,0.43555,-0.669
-0.18748,0.9736,0.13017,0.005,0.41239,-0.17991
-0.18579,0.9813,0.05016,0.09373,0.40787,0.67553
-0.17926,0.98322,-0.03375,0.03557,0.43661,0.79947
-0.17094,0.97894,-0.11153,-0.54465,0.8237,0.5854
-0.17091,0.96878,-0.17959,-0.96583,0.99344,0.18621
-0.19403,0.9559,-0.22045,-0.97934,0.64136,0.21084
-0.21878,0.94439,-0.24546,-0.84545,-0.00242,0.4043
-0.2187,0.93441,-0.28113,0.04202,-0.20167,0.42643
-0.20301,0.92155,-0.33094,0.11627,-0.1904,0.54381
-0.19325,0.90471,-0.37966,0.5116,-0.23022,0.75282
-0.19085,0.8888,-0.41666,0.64394,-0.22173,0.67722
-0.18992,0.87153,-0.45207,0.32644,-0.37635,0.6611
-0.19149,0.85206,-0.48715,0.16314,-0.5491,0.72395
-0.19522,0.83758,-0.51024,-0.03622,-0.66717,0.80924
-0.20336,0.8293,-0.52049,-0.15179,-0.70353,0.80203
-0.21424,0.82633,-0.52084,-0.1822,-0.74917,0.79298
-0.22274,0.83054,-0.51047,-0.12379,-0.63061,0.67788
-0.22812,0.84173,-0.48933,-0.12731,-0.28751,0.36977
-0.23185,0.85954,-0.45544,-0.19982,0.01965,-0.15328
-0.23456,0.87289,-0.42782,-0.21313,1.95218,-2.35926
-0.23697,0.8628,-0.44655,-0.17324,1.72963,-1.69833
-0.23859,0.85386,-0.46258,-0.09976,-0.26439,-0.43399
-0.23865,0.85096,-0.46788,-0.27858,-0.19485,-0.33891
-0.24288,0.85326,-0.46146,-0.56692,0.27638,0.53049
-0.24497,0.85607,-0.45511,-0.46384,0.75845,0.25266
-0.23599,0.86092,-0.45069,-0.25638,0.76971,0.64867
-0.2093,0.85997,-0.46544,-0.40795,-0.84055,1.45755
-0.19259,0.87112,-0.45173,-0.2704,-0.88343,1.51516
-0.16769,0.89241,-0.41891,-0.25608,-0.40545,1.03241
-0.15205,0.91613,-0.37091,-0.32152,-0.05222,0.83223
-0.15823,0.93761,-0.30957,-0.19398,0.57888,1.08995
-0.17721,0.94746,-0.2663,0.07737,0.79253,1.28081
-0.1929,0.95027,-0.24447,0.39081,0.41884,0.65109
-0.20544,0.9581,-0.19959,0.95381,0.21504,-0.76704
-0.2189,0.96785,-0.12385,0.56088,-0.14011,-0.17246
-0.21618,0.97218,-0.09018,0.10743,-0.12212,-0.07915
-0.20199,0.97688,-0.06995,0.12782,-0.05969,0.03768
-0.18354,0.98218,-0.04045,0.09104,0.06542,0.12297
-0.16451,0.98636,-0.00451,-0.30358,-0.19287,0.09287
-0.1565,0.98705,0.03503,-0.26116,-0.48339,0.20457
-0.15796,0.98521,0.06634,-0.10811,-0.35835,-0.09467
-0.16809,0.98123,0.0945,-0.17624,-0.20539,-0.19018
-0.18584,0.97438,0.12666,-0.15493,-0.1239,-0.16789
-0.20803,0.96574,0.1551,0.20138,0.32038,-0.32052
-0.22108,0.95596,0.19301,0.23463,0.47953,-0.43947
-0.22043,0.94356,0.24715,0.26929,0.49043,-0.48476
-0.21275,0.933,0.29023,0.46668,0.48762,-0.76212
-0.21895,0.9328,0.28624,0.53617,0.51344,-0.637
-0.22322,0.93949,0.25983,0.50834,0.53919,-0.4414
-0.21438,0.94642,0.24148,0.34618,0.50226,-0.73261
-0.19753,0.955,0.22126,0.25836,0.31637,-0.81246
-0.18546,0.96698,0.17477,0.08597,0.30809,-0.76038
-0.18177,0.9782,0.10036,0.01059,0.63281,0.27986
-0.17723,0.98401,0.01736,0.14952,0.62379,0.75644
-0.1686,0.98345,-0.06634,-0.04119,0.57849,0.76815
-0.15988,0.97731,-0.13892,-0.67027,0.99431,0.3684
-0.16655,0.96743,-0.19061,-0.86998,0.91732,0.33656
-0.19081,0.95599,-0.22284,-0.84703,0.52223,0.41694
-0.20956,0.94325,-0.25761,-0.57094,-0.21981,0.38454
-0.20521,0.93025,-0.30416,-0.06117,-0.27216,0.51847
-0.18566,0.91715,-0.35266,0.15557,-0.24303,0.72045
-0.17662,0.89596,-0.4075,0.63952,-0.22177,0.87594
-0.19159,0.87021,-0.45389,0.62611,-0.44107,0.90456
-0.1996,0.85271,-0.48274,0.31821,-0.52375,0.7206
-0.20178,0.83529,-0.51144,0.09985,-0.69294,0.7774
-0.2055,0.82429,-0.52756,-0.03396,-0.71447,0.86759
-0.21246,0.8204,-0.53085,-0.05397,-0.70101,0.88786
-0.21838,0.82355,-0.52353,-0.10527,-0.73178,0.79292
-0.22124,0.83362,-0.50608,-0.15034,-0.58134,0.62956
-0.22532,0.84855,-0.47874,-0.24928,0.03586,-0.134
-0.23702,0.86603,-0.44024,0.03696,1.29671,-1.67711
-0.24464,0.86041,-0.44704,-0.14653,1.95444,-1.70849
-0.24924,0.84407,-0.47479,-0.15713,0.1245,-0.57598
-0.24623,0.83369,-0.49429,-0.21972,-0.6897,-0.47025
-0.24543,0.8355,-0.49164,-0.47487,0.01296,-0.11383
-0.24783,0.84224,-0.47876,-0.68532,0.43926,0.45106
-0.24889,0.84481,-0.47365,-0.28177,1.45475,0.2641
-0.22873,0.83172,-0.50589,-0.65809,-1.13032,1.3513
-0.21403,0.83709,-0.50345,-0.50314,-1.23222,1.72168
-0.1972,0.86508,-0.46124,-0.20958,-0.59398,1.12502
-0.18407,0.89423,-0.40801,-0.28674,0.19148,1.14881
-0.17801,0.9159,-0.35978,-0.28113,0.76205,1.09885
-0.18557,0.92984,-0.31775,0.30923,0.86628,1.21504
-0.19304,0.93935,-0.28347,0.51093,0.56575,0.81371
-0.20091,0.95129,-0.23383,1.05322,0.26467,-0.61207
-0.21434,0.96281,-0.16448,0.71279,-0.13029,-0.28476
-0.21516,0.96796,-0.12939,0.26678,-0.17779,-0.20031
-0.20182,0.97375,-0.10519,0.17585,-0.09607,0.10841
-0.18637,0.97976,-0.07302,-0.14348,-0.09449,0.26311
-0.16753,0.98506,-0.03974,-0.21136,-0.09093,0.11629
-0.15353,0.98814,-0.00212,-0.25577,-0.31962,0.11025
-0.1499,0.98819,0.03158,-0.19187,-0.34214,0.01624
-0.15315,0.98621,0.0627,-0.20151,-0.24378,-0.16213
-0.16628,0.98104,0.09956,-0.16032,-0.15822,-0.18067
-0.18823,0.97333,0.1311,0.1039,0.01223,-0.02952
-0.20894,0.96532,0.15651,0.18494,0.18202,-0.20519
-0.21708,0.95618,0.19645,0.24452,0.57553,-0.36557
-0.21183,0.94544,0.24752,0.17819,0.45138,-0.68783
-0.20976,0.93862,0.27383,0.34518,0.48327,-0.73892
-0.22451,0.94061,0.25462,0.6408,0.55537,-0.50412
-0.23042,0.9463,0.22676,0.80967,0.72764,-0.2272
-0.21782,0.9522,0.21416,0.69607,0.63441,-0.43898
-0.19397,0.96025,0.20075,0.06222,0.39023,-0.73056
-0.17683,0.97154,0.15759,-0.20977,0.40456,-0.71003
-0.16972,0.98133,0.09039,-0.18852,0.49906,-0.32612
-0.16934,0.98552,0.00802,0.08551,0.44301,0.73862
-0.16183,0.98344,-0.08156,-0.25094,0.64707,0.54674
-0.14992,0.97608,-0.15745,-0.64336,0.9075,0.38898
-0.15669,0.96514,-0.20963,-0.86482,0.67672,0.45083
-0.1842,0.95132,-0.24709,-0.81315,0.16571,0.32076
-0.20553,0.93784,-0.27965,-0.68797,-0.05013,0.38079
-0.19973,0.92633,-0.3194,0.10242,-0.25436,0.54502
-0.1797,0.91304,-0.36614,0.44323,-0.13823,0.7089
-0.17769,0.88973,-0.42047,0.82948,-0.24168,0.87584
-0.17996,0.87041,-0.45825,0.39104,-0.33116,0.72261
-0.17753,0.85147,-0.49343,0.15462,-0.5161,0.70368
-0.17849,0.83295,-0.52377,0.02153,-0.63382,0.7888
-0.1825,0.82164,-0.53999,-0.0451,-0.63178,0.87393
-0.18812,0.81738,-0.54451,-0.15159,-0.69437,0.85929
-0.19312,0.81949,-0.53958,-0.12272,-0.68025,0.73633
-0.19513,0.82949,-0.52332,-0.11326,-0.58363,0.64582
-0.19593,0.84743,-0.49344,-0.19189,-0.14407,0.10322
-0.19815,0.86957,-0.45231,-0.14179,2.03497,-2.5362
-0.1968,0.86658,-0.4586,-0.20168,2.04024,-2.02726
-0.20296,0.85171,-0.48311,-0.07908,0.28045,-0.66209
-0.20452,0.84343,-0.49679,-0.06249,-0.44852,-0.44201
-0.20764,0.84293,-0.49634,-0.03774,-0.4187,-0.3865
-0.21302,0.84815,-0.48504,-0.32094,0.27029,0.64334
-0.21313,0.85591,-0.47115,-0.49143,0.77367,0.89416
-0.18787,0.8648,-0.46565,-0.53497,0.79153,0.14342
-0.16917,0.87448,-0.4546,-0.98158,0.83434,-0.87195
-0.15274,0.88125,-0.44728,-0.28204,-0.76472,1.5031
-0.12782,0.8971,-0.42293,-0.30783,-0.43098,0.91963
-0.11583,0.91858,-0.37789,-0.27771,-0.23687,0.89208
-0.13029,0.94138,-0.31117,-0.1851,0.39807,1.08671
-0.15365,0.95423,-0.25657,0.34704,0.66677,1.30952
-0.17272,0.95747,-0.23111,0.47968,0.39405,0.81832
-0.18893,0.96079,-0.20293,0.83564,0.34332,-0.74521
-0.1975,0.9708,-0.13615,0.54248,-0.08271,-0.356
-0.19431,0.97598,-0.09848,0.19245,-0.19009,-0.20704
-0.1821,0.98042,-0.07493,0.06715,-0.12469,-0.0339
-0.16625,0.98523,-0.04089,-0.03321,0.02081,0.10878
-0.15175,0.98841,-0.00431,-0.20132,-0.42723,0.22805
-0.14241,0.98952,0.02363,-0.18354,-0.45527,0.07051
-0.14437,0.98822,0.05061,-0.09473,-0.38279,0.07071
-0.15578,0.98452,0.08029,-0.15429,-0.14953,-0.21426
-0.173,0.97765,0.11943,-0.09753,-0.04557,-0.13162
-0.19297,0.96936,0.15194,0.07644,0.12272,-0.1288
-0.20524,0.9598,0.19143,0.22599,0.47536,-0.33296
-0.20283,0.94955,0.23916,0.23144,0.4659,-0.3643
-0.19567,0.94129,0.27511,0.30001,0.45024,-0.55932
-0.20478,0.94069,0.27049,0.47263,0.5148,-0.54371
-0.20778,0.9463,0.24766,0.44391,0.52914,-0.35559
-0.20175,0.95126,0.23323,0.37435,0.61596,-0.49991
-0.1855,0.95643,0.22542,0.32031,0.30109,-0.7821
-0.16857,0.96671,0.19246,0.30361,0.38932,-0.68959
-0.16083,0.97814,0.13181,-0.13678,0.38972,-0.44722
-0.15794,0.98617,0.0501,0.01954,0.54709,0.56048
-0.15494,0.9872,-0.03763,0.06246,0.53613,0.76435
-0.14708,0.98166,-0.12128,-0.36025,0.68227,0.51767
-0.14361,0.97157,-0.18821,-0.76213,0.99439,0.38807
-0.15975,0.95983,-0.23066,-0.83711,0.48849,0.38639
-0.18231,0.94849,-0.25908,-0.74936,-0.04903,0.40184
-0.18976,0.93701,-0.29324,-0.28885,-0.20384,0.48924
-0.17966,0.92362,-0.33859,0.13587,-0.16605,0.54528
-0.17404,0.90139,-0.39649,0.43878,-0.13886,0.592
-0.18991,0.87116,-0.45278,0.73875,-0.19722,0.90215
-0.19822,0.85085,-0.48658,0.45945,-0.37027,0.83114
-0.19931,0.834,-0.5145,0.16364,-0.52043,0.76314
-0.19681,0.82067,-0.53643,-0.00343,-0.57211,0.77461
-0.19893,0.8135,-0.54648,-0.19329,-0.71872,0.83741
-0.2029,0.81227,-0.54686,-0.22473,-0.7535,0.79002
-0.20489,0.81769,-0.53795,-0.22357,-0.76351,0.76528
-0.20557,0.83106,-0.51679,-0.19636,-0.46073,0.54022
-0.21245,0.85014,-0.4818,-0.11597,0.1637,-0.37414
-0.218,0.86485,-0.45222,0.0485,0.67726,-0.95059
-0.22148,0.85124,-0.47574,0.00383,1.4841,-1.44079
-0.22543,0.83835,-0.49634,-0.0036,-0.00799,-0.45554
-0.22449,0.83433,-0.50349,-0.15532,-0.37525,-0.45119
-0.22995,0.83888,-0.49336,-0.28376,0.08944,0.15962
-0.23085,0.84631,-0.48006,-0.60271,0.6601,0.43897
-0.22551,0.85351,-0.46974,-0.18017,0.89612,0.87651
-0.186,0.85077,-0.49151,-0.91805,-0.53615,0.45059
-0.16524,0.86442,-0.47484,-0.69539,-0.82399,1.34294
-0.14187,0.88784,-0.43773,-0.29581,-0.34962,1.01526
-0.12509,0.91272,-0.38896,-0.33484,-0.07792,0.9202
-0.12591,0.9355,-0.33012,-0.20179,0.42032,0.91019
-0.1479,0.95,-0.27498,0.30186,0.64619,1.19592
-0.17096,0.95499,-0.24241,0.43362,0.48971,0.99879
-0.18929,0.95727,-0.21862,0.52999,0.27779,0.37481
-0.2018,0.96603,-0.16142,0.53863,-0.05864,-0.29704
-0.20475,0.9714,-0.12024,0.22735,-0.16334,-0.28989
-0.19725,0.97581,-0.09424,0.16057,-0.10891,-0.13207
-0.18362,0.98072,-0.06688,0.04067,0.01776,0.18141
-0.1665,0.98537,-0.03638,-0.10956,-0.1423,0.15371
-0.15245,0.9883,-0.00422,-0.16152,-0.31713,0.10816
-0.14747,0.98872,0.02614,-0.15395,-0.39227,0.19528
-0.15069,0.98702,0.05538,-0.13471,-0.27142,-0.16816
-0.16171,0.98236,0.09383,-0.13198,-0.10958,-0.24909
-0.18034,0.97551,0.12586,0.09771,0.01403,-0.0803
-0.19783,0.968,0.15438,0.17397,0.27025,-0.35602
-0.20442,0.95938,0.19442,0.13136,0.41393,-0.28634
-0.20027,0.95092,0.23586,0.10646,0.46157,-0.43407
-0.20094,0.94486,0.25856,0.49168,0.52064,-0.45067
-0.20956,0.94552,0.24915,0.55818,0.53607,-0.44249
-0.20614,0.95048,0.23257,0.49697,0.66717,-0.27838
-0.19591,0.95517,0.22194,0.27034,0.56334,-0.68164
-0.17948,0.96223,0.20465,0.13754,0.412,-0.75253
-0.17242,0.97218,0.15854,-0.03736,0.32526,-0.71188
-0.17443,0.981,0.08492,-0.08245,0.41369,-0.08327
-0.17564,0.98445,-0.00285,0.22508,0.46456,0.76659
-0.17067,0.98096,-0.09262,-0.0443,0.54162,0.75626
-0.16301,0.97182,-0.17022,-0.51986,0.81728,0.52818
-0.17038,0.96003,-0.22204,-0.74728,0.78171,0.28931
-0.19272,0.949,-0.24951,-0.83334,0.28316,0.43727
-0.20919,0.93651,-0.28138,-0.70024,-0.11446,0.39235
-0.19923,0.92455,-0.3248,-0.09625,-0.20703,0.54664
-0.17755,0.91063,-0.37312,0.20751,-0.23862,0.65228
-0.18033,0.88353,-0.43226,0.67169,-0.14719,0.6718
-0.19771,0.85948,-0.47138,0.72856,-0.28044,0.89478
-0.20071,0.84368,-0.49792,0.33302,-0.40879,0.69321
-0.19938,0.82906,-0.5224,0.0241,-0.63196,0.81876
-0.2011,0.81952,-0.5366,-0.03766,-0.62464,0.86306
-0.20419,0.81677,-0.53962,-0.09787,-0.64076,0.87757
-0.20739,0.81947,-0.53428,-0.17174,-0.69915,0.7425
-0.2084,0.82892,-0.51909,-0.11157,-0.65124,0.69861
-0.20961,0.84643,-0.4895,-0.14921,-0.486,0.57292
-0.21108,0.86689,-0.4516,-0.12106,0.83843,-1.16188
-0.20486,0.86091,-0.46569,-0.18114,2.13479,-2.40797
-0.20311,0.8474,-0.49057,0.05365,-0.27794,-0.52433
-0.20286,0.84364,-0.4971,-0.02015,-0.50215,-0.17117
-0.2064,0.84878,-0.48679,-0.24941,-0.01944,0.45965
-0.20576,0.85653,-0.47331,-0.30603,0.73509,0.50866
-0.19328,0.86747,-0.4584,-0.27141,0.47552,0.83996
-0.15579,0.87718,-0.45418,-1.1137,0.45088,-0.91671
-0.14672,0.8863,-0.43925,-0.4544,-0.65705,1.65722
-0.13108,0.89562,-0.42506,-0.33213,-0.69767,1.37329
-0.11425,0.91292,-0.39182,-0.29909,-0.21614,0.73757
-0.11916,0.9345,-0.33542,-0.24243,0.32182,0.9169
-0.14779,0.94944,-0.27697,0.01989,0.59795,1.21594
-0.17586,0.95453,-0.24071,0.50148,0.37459,1.02767
-0.19603,0.95564,-0.21979,0.51093,0.22247,0.44176
-0.20051,0.96429,-0.17299,0.50528,0.05383,-0.58014
-0.19535,0.97531,-0.10292,0.1612,-0.06946,-0.2808
-0.18398,0.98064,-0.06702,0.03708,-0.08438,-0.22965
-0.16934,0.98481,-0.0382,-0.05466,0.03135,0.17408
-0.15496,0.98788,-0.00805,-0.25603,-0.19575,0.20606
-0.14617,0.9891,0.01775,-0.10064,-0.48864,0.07524
-0.14565,0.98851,0.0402,-0.01235,-0.53493,0.10004
-0.15309,0.98653,0.05762,-0.09938,-0.24998,-0.11417
-0.16726,0.98219,0.08551,-0.12997,-0.00545,0.00216
-0.18791,0.97524,0.11656,-0.0073,0.17327,-0.04549
-0.20497,0.96677,0.15275,0.16006,0.40957,-0.43179
-0.20712,0.9559,0.20818,0.198,0.45618,-0.37702
-0.19615,0.94365,0.26655,0.50191,0.47974,-0.79221
-0.19658,0.93704,0.2886,0.58139,0.46921,-0.8417
-0.2029,0.94307,0.26352,0.44762,0.60332,-0.59793
-0.2003,0.95118,0.2348,0.44623,0.7789,-0.38928
-0.18765,0.95846,0.21478,0.28998,0.34481,-0.64518
-0.17248,0.96812,0.1816,0.17291,0.30588,-0.81507
-0.166,0.97913,0.11725,-0.10141,0.43164,-0.35217
-0.16361,0.98594,0.03399,0.10907,0.64201,0.60953
-0.15882,0.98601,-0.05059,0.06623,0.58167,0.76403
-0.15235,0.98001,-0.12793,-0.32683,0.72872,0.6499
-0.15511,0.96855,-0.19453,-0.68061,0.97214,0.41995
-0.17909,0.95535,-0.23499,-0.79747,0.49564,0.30904
-0.20433,0.94269,-0.26376,-0.67704,-0.02958,0.4995
-0.20793,0.9308,-0.30062,-0.39647,-0.28778,0.55936
-0.19319,0.91818,-0.34587,0.04306,-0.22923,0.57151
-0.17933,0.89803,-0.40172,0.24634,-0.25402,0.67067
-0.19203,0.86882,-0.45638,0.69947,-0.17645,0.92089
-0.20129,0.85169,-0.48384,0.54821,-0.2846,0.80327
-0.20431,0.83445,-0.51181,0.09784,-0.52151,0.78422
-0.20787,0.82024,-0.53291,0.00836,-0.56476,0.82099
-0.21333,0.81318,-0.54149,-0.12445,-0.64776,0.88329
-0.21813,0.81392,-0.53847,-0.12089,-0.70242,0.7972
-0.22095,0.82266,-0.52384,-0.06342,-0.63223,0.71734
-0.22285,0.83858,-0.4971,-0.17375,-0.19808,0.26161
-0.23036,0.85764,-0.45976,-0.09034,0.58794,-0.98597
-0.23293,0.86806,-0.43843,-0.12932,1.53351,-2.2428
-0.23461,0.85403,-0.46431,0.04144,0.62345,-0.62315
-0.23186,0.84507,-0.48175,-0.01334,-0.30894,-0.3623
-0.22883,0.84421,-0.48471,-0.21114,-0.14519,-0.02907
-0.23613,0.84774,-0.47494,-0.5444,0.09655,0.65095
-0.23797,0.85268,-0.46509,-0.47231,0.20993,0.84872
-0.23379,0.86467,-0.44462,-0.28286,0.57074,0.8155
-0.1938,0.87483,-0.44397,-0.78065,0.51438,-0.62459
-0.17609,0.88909,-0.42251,-0.47423,-0.53392,1.4553
-0.15439,0.90243,-0.40223,-0.24159,-0.47457,1.09417
-0.13315,0.92042,-0.36755,-0.30192,-0.19244,0.81469
-0.13115,0.93922,-0.31726,-0.19534,0.0845,0.77942
-0.14698,0.95373,-0.26229,0.09167,0.51048,1.05001
-0.16609,0.95886,-0.23022,0.38545,0.37189,0.88142
-0.18235,0.95933,-0.21548,0.46319,0.25813,0.28601
-0.18938,0.96662,-0.17258,0.66315,0.00824,-0.43447
-0.18961,0.97506,-0.11533,0.33608,-0.08523,-0.18489
-0.18011,0.98012,-0.08319,0.15951,-0.10866,-0.14615
-0.16754,0.98441,-0.05355,0.09472,0.04034,0.08614
-0.15445,0.98774,-0.02244,-0.18411,-0.18359,0.28841
-0.14232,0.98981,0.00324,-0.16031,-0.41068,0.15429
-0.13947,0.98973,0.03118,-0.12808,-0.41151,0.12106
-0.14516,0.98761,0.05956,-0.1391,-0.18101,-0.15269
-0.16136,0.98253,0.09262,-0.05234,-0.04804,-0.10038
-0.18179,0.97555,0.12351,0.09349,0.08906,-0.12823
-0.19605,0.96733,0.16071,0.16294,0.36145,-0.3303
-0.197,0.95751,0.21063,0.13241,0.46705,-0.31686
-0.18755,0.94686,0.2613,0.20064,0.37873,-0.64234
-0.19209,0.9423,0.27417,0.45978,0.41552,-0.60664
-0.20042,0.94729,0.24992,0.46286,0.49514,-0.39344
-0.19756,0.95311,0.22922,0.43529,0.65587,-0.14041
-0.18492,0.95794,0.21941,0.2891,0.47338,-0.61045
-0.16718,0.96557,0.19929,0.09882,0.38821,-0.7629
-0.15761,0.97624,0.14865,-0.01825,0.37796,-0.69661
-0.15692,0.98484,0.07386,-0.11417,0.41833,-0.43854
-0.15895,0.98726,-0.00712,0.13243,0.4674,0.72591
-0.1586,0.98343,-0.08778,0.01382,0.48619,0.66581
-0.15833,0.97377,-0.16338,-0.61323,0.94156,0.45857
-0.17328,0.96052,-0.21763,-0.7554,0.85568,0.25495
-0.19844,0.94892,-0.24529,-0.68921,0.08847,0.43932
-0.2102,0.93759,-0.27699,-0.28031,-0.16397,0.50049
-0.19685,0.92545,-0.3237,-0.00196,-0.2174,0.50316
-0.17525,0.9094,-0.37719,0.18548,-0.1972,0.66795
-0.17603,0.88187,-0.4374,0.62189,-0.27043,0.86017
-0.19402,0.85766,-0.4762,0.64545,-0.32965,0.92382
-0.19867,0.84174,-0.50199,0.35763,-0.36922,0.68826
-0.197,0.82576,-0.5285,0.05227,-0.63667,0.73776
-0.19567,0.81527,-0.54502,-0.04158,-0.58349,0.84762
-0.19795,0.81212,-0.54889,-0.09772,-0.58049,0.84923
-0.20117,0.81553,-0.54262,-0.15564,-0.67922,0.78837
-0.20246,0.82591,-0.52618,-0.13439,-0.52554,0.59604
-0.20561,0.84195,-0.49883,-0.21762,-0.0118,-0.00717
-0.21171,0.86236,-0.4599,-0.03765,1.13253,-1.53589
-0.21383,0.86142,-0.46069,-0.01437,1.7433,-1.89851
-0.22414,0.84739,-0.48134,-0.02217,0.24719,-0.55259
-0.22671,0.84113,-0.49103,-0.06481,-0.42834,-0.34419
-0.22861,0.84318,-0.4866,-0.11246,-0.3142,0.1125
-0.2338,0.85038,-0.47136,-0.41161,0.08868,0.83321
-0.23051,0.86092,-0.45351,-0.32667,0.50494,0.91881
-0.20098,0.87358,-0.44324,-0.48556,0.87466,0.16737
-0.17722,0.88912,-0.42197,-0.94449,0.2312,0.0174
-0.1709,0.89199,-0.4185,-0.16083,-0.66208,1.51172
-0.14689,0.8996,-0.41127,-0.24204,-0.41124,0.96582
-0.13126,0.91874,-0.37241,-0.27713,-0.12046,0.89401
-0.13766,0.93959,-0.3134,-0.02715,0.33761,1.04112
-0.15419,0.95106,-0.26778,0.36704,0.48718,1.08951
-0.17262,0.95461,-0.24273,0.44652,0.34883,0.69508
-0.18764,0.95974,-0.209,0.73936,0.18713,-0.69815
-0.19466,0.97062,-0.14142,0.29373,-0.07091,-0.33226
-0.1924,0.97583,-0.10357,0.11987,-0.16965,-0.25906
-0.1843,0.97944,-0.08196,0.12656,-0.15699,-0.03045
-0.16918,0.98422,-0.05172,-0.11209,-0.08653,0.26406
-0.15229,0.98807,-0.0226,-0.21222,-0.27011,0.28975
-0.14164,0.9899,0.00508,-0.21514,-0.34465,0.11714
-0.14328,0.98921,0.03052,-0.1127,-0.31295,0.07507
-0.15418,0.9864,0.05685,-0.10705,-0.18612,-0.14882
-0.17247,0.98068,0.09223,-0.09282,-0.12775,-0.16581
-0.19173,0.97325,0.1265,0.08948,0.13937,-0.14338
-0.20258,0.96466,0.16844,0.17506,0.39561,-0.3446
-0.20125,0.95479,0.21877,0.20688,0.42351,-0.51966
-0.19385,0.94587,0.26025,0.29253,0.43489,-0.67761
-0.19979,0.94513,0.25846,0.49592,0.51099,-0.55683
-0.20229,0.95118,0.23306,0.43995,0.58045,-0.43118
-0.19438,0.95671,0.2166,0.24107,0.47789,-0.60966
-0.18183,0.96275,0.20008,0.23912,0.32664,-0.87497
-0.17464,0.97196,0.15744,0.11486,0.31938,-0.68474
-0.17279,0.98118,0.08616,0.01725,0.40176,-0.37141
-0.16925,0.98556,0.00262,0.26468,0.58379,0.84246
-0.16459,0.98316,-0.07938,0.00349,0.58062,0.69692
-0.16085,0.97459,-0.15587,-0.41045,0.90594,0.71835
-0.1694,0.96038,-0.2213,-0.60564,1.08036,0.57809
-0.19753,0.94701,-0.25328,-0.84988,0.29492,0.38156
-0.21894,0.93575,-0.27644,-0.66167,-0.15904,0.40109
-0.20825,0.92444,-0.31944,-0.068,-0.13265,0.50134
-0.17943,0.91135,-0.37047,0.03917,-0.20062,0.66838
-0.1652,0.88749,-0.43019,0.43575,-0.2743,0.76399
-0.1854,0.85502,-0.48431,0.69964,-0.28965,0.89933
-0.20326,0.83595,-0.50976,0.44444,-0.36099,0.81639
-0.20667,0.81917,-0.53502,0.14666,-0.52694,0.75738
-0.20963,0.80607,-0.55345,-0.02217,-0.57516,0.82677
-0.21653,0.79978,-0.55987,-0.11073,-0.60243,0.87535
-0.22268,0.8005,-0.55642,-0.17666,-0.64607,0.82873
-0.22502,0.80907,-0.54293,-0.20134,-0.62689,0.75723
-0.22713,0.82489,-0.51765,-0.26799,-0.27172,0.29903
-0.2365,0.84489,-0.47982,-0.05918,0.46051,-0.84605
-0.23779,0.85189,-0.46662,-0.02037,2.203,-2.59647
-0.24386,0.83337,-0.496,-0.06909,0.76112,-0.667
-0.24504,0.82129,-0.51521,-0.05008,-0.36081,-0.28551
-0.24477,0.81748,-0.52135,-0.30173,-0.33073,-0.33235
-0.25245,0.82252,-0.50963,-0.30656,-0.02174,-0.07046
-0.25806,0.82775,-0.49823,-0.1932,1.21608,0.57074
-0.25047,0.83303,-0.49329,-0.0328,0.86027,1.00624
-0.21206,0.83247,-0.51188,-0.20465,0.27184,0.63949
-0.18916,0.84896,-0.49343,-0.43165,-0.62002,1.18172
-0.16661,0.8753,-0.45398,-0.3763,-0.41112,1.01361
-0.15124,0.90137,-0.40578,-0.38116,-0.15296,1.02495
-0.15371,0.92467,-0.34837,-0.26429,0.30338,0.89831
-0.17285,0.94288,-0.28477,0.23041,0.70522,1.28202
-0.19021,0.95191,-0.24018,0.42664,0.61183,1.13781
-0.20083,0.95762,-0.20645,0.89197,0.28444,-0.23628
-0.20438,0.96626,-0.15673,0.61051,0.04709,-0.49082
-0.20257,0.9712,-0.12542,0.45213,-0.07545,-0.43718
-0.19688,0.97561,-0.097,0.16508,-0.07594,-0.10949
-0.18746,0.9804,-0.06054,-0.11413,-0.00416,0.2526
-0.17386,0.98436,-0.02822,-0.13316,-0.15517,0.01851
-0.16341,0.98655,0.0003,-0.08925,-0.20808,0.04987
-0.1598,0.98688,0.02296,0.02006,-0.3649,0.08068
-0.16246,0.98588,0.04046,-0.03418,-0.21183,-0.17713
-0.16872,0.98309,0.07116,-0.04363,-0.08541,-0.24398
-0.18027,0.97764,0.10825,-0.03309,-0.01372,-0.0165
-0.19225,0.97053,0.14528,0.0342,0.25215,-0.29173
-0.19489,0.9626,0.18815,0.02872,0.31779,-0.32961
-0.18819,0.95542,0.22748,-0.02333,0.31655,-0.47194
-0.19123,0.95206,0.23876,0.49491,0.53751,-0.35387
-0.20047,0.95476,0.21962,0.54451,0.52612,-0.25375
-0.19733,0.95939,0.20155,0.5127,0.50527,-0.13503
-0.1878,0.96266,0.19497,0.20939,0.41466,-0.63375
-0.17386,0.96691,0.18668,0.1832,0.42129,-0.80246
-0.1648,0.97468,0.15111,0.15943,0.41851,-0.72641
-0.16575,0.98246,0.08539,-0.00559,0.41087,-0.17267
-0.16531,0.98623,0.00452,0.16396,0.42716,0.63972
-0.16306,0.98354,-0.07777,0.03046,0.49743,0.74342
-0.16228,0.9751,-0.15113,-0.43511,0.73427,0.64885
-0.17428,0.96291,-0.20598,-0.80222,0.79794,0.27202
-0.19883,0.95194,-0.23297,-0.83747,0.50607,0.28972
-0.21363,0.94009,-0.26568,-0.61267,-0.00567,0.35969
-0.198,0.93025,-0.3089,-0.1077,-0.12557,0.54986
-0.16988,0.91825,-0.35771,0.22268,-0.17369,0.67967
-0.17149,0.89476,-0.4123,0.70123,-0.20283,0.76731
-0.17908,0.87594,-0.44794,0.50594,-0.19683,0.69798
-0.16919,0.85961,-0.48212,0.15465,-0.43003,0.57831
-0.16169,0.84379,-0.51173,0.04572,-0.53155,0.72675
-0.16149,0.83185,-0.53099,-0.10725,-0.62309,0.80462
-0.16702,0.82437,-0.54085,-0.1366,-0.6331,0.78871
-0.17359,0.82274,-0.54126,-0.16229,-0.65777,0.77069
-0.17798,0.82757,-0.53239,-0.12686,-0.65878,0.68222
-0.17986,0.8389,-0.5137,-0.05482,-0.44703,0.48207
-0.1832,0.85477,-0.4856,-0.02105,-0.23022,0.12659
-0.18732,0.85986,-0.47492,0.10397,2.11977,-1.84845
-0.20226,0.84393,-0.49686,0.06269,1.00278,-0.94337
-0.21225,0.82986,-0.51602,-0.06195,-0.24068,-0.28717
-0.21414,0.82609,-0.52127,-0.58072,0.24102,-0.19493
-0.21302,0.83243,-0.51154,-0.76391,0.67131,0.26687
-0.20329,0.83633,-0.50914,-0.71489,1.75414,-0.58173
-0.19306,0.82052,-0.53802,-0.11641,-0.21487,1.59016
-0.16064,0.81437,-0.55766,-0.48278,-1.60923,1.80608
-0.12166,0.8411,-0.52701,-0.54557,-0.55715,0.70561
-0.10184,0.88603,-0.45231,-0.43971,0.06193,1.2931
-0.08662,0.91869,-0.38536,-0.65151,0.52479,1.10285
-0.08884,0.93813,-0.33467,-0.07463,0.90996,1.086
-0.10797,0.94903,-0.29612,0.22092,0.78913,0.97617
-0.13349,0.95845,-0.25208,0.71835,0.41325,0.13316
-0.15337,0.9713,-0.1818,0.92256,-0.08665,-0.06634
-0.16335,0.97502,-0.15047,0.58134,-0.12,-0.22423
-0.16661,0.97691,-0.13371,0.20686,-0.07783,-0.21854
-0.17075,0.97956,-0.10626,0.06774,-0.17275,0.14122
-0.16734,0.98288,-0.07701,-0.05641,-0.23952,0.38231
-0.1612,0.98588,-0.04525,-0.03118,-0.02426,-0.09387
-0.15489,0.98789,-0.00899,-0.01482,-0.32797,0.09469
-0.15067,0.98844,0.0164,-0.00237,-0.39179,0.11643
-0.15073,0.98799,0.03382,-0.00922,-0.33183,0.15032
-0.15439,0.986,0.06292,-0.00692,-0.08385,-0.3036
-0.16419,0.98141,0.09936,0.07779,-0.04406,-0.01742
-0.17547,0.97631,0.12655,0.06525,0.11724,-0.1762
-0.18145,0.97068,0.15763,0.00866,0.28902,-0.24761
-0.18045,0.96435,0.19356,0.08531,0.3888,-0.2995
-0.18075,0.95864,0.21982,0.40175,0.48124,-0.39704
-0.18287,0.95717,0.22446,0.5343,0.50321,-0.59845
-0.17979,0.9599,0.21508,0.42291,0.4654,-0.55435
-0.17435,0.96381,0.20167,0.3355,0.58519,-0.61593
-0.16708,0.97003,0.17638,0.27342,0.46448,-0.7458
-0.1619,0.97793,0.13203,0.16957,0.37882,-0.729
-0.1586,0.98548,0.06054,-0.01421,0.53606,-0.1026
-0.15486,0.98738,-0.03306,0.19938,0.60625,0.7712
-0.14485,0.98152,-0.12505,-0.27126,0.69759,0.63512
-0.13731,0.97054,-0.19795,-0.49738,0.88532,0.58342
-0.14571,0.95898,-0.24315,-0.69864,1.06649,0.4567
-0.17045,0.94758,-0.27024,-1.05174,0.08881,0.15756
-0.18494,0.93395,-0.30583,-1.03724,0.10244,0.19316
-0.17004,0.91941,-0.35463,0.01376,-0.1197,0.58758
-0.14896,0.90081,-0.40786,0.57628,-0.15226,0.87757
-0.14983,0.87859,-0.45345,0.76307,-0.18966,0.8102
-0.15011,0.86008,-0.48757,0.44763,-0.25946,0.76522
-0.14765,0.83817,-0.52504,0.04941,-0.57874,0.79407
-0.15032,0.81785,-0.55544,0.01005,-0.61093,0.8756
-0.15644,0.80439,-0.57314,-0.1218,-0.64549,0.87036
-0.16377,0.79856,-0.5792,-0.21052,-0.73557,0.87196
-0.17051,0.79981,-0.57553,-0.14822,-0.81719,0.86892
-0.17507,0.80975,-0.56005,-0.0552,-0.71264,0.78004
-0.17719,0.82898,-0.53047,-0.19883,-0.14697,0.15024
-0.17936,0.85527,-0.48615,-0.07048,0.95518,-1.33397
-0.17625,0.86379,-0.47201,-0.15258,2.01319,-1.97874
-0.18705,0.8505,-0.49159,0.0192,0.34126,-0.65597
-0.19517,0.84151,-0.50375,-0.04436,-0.2444,-0.41383
-0.19974,0.83773,-0.50824,-0.04619,-0.15995,-0.05354
-0.2052,0.83912,-0.50375,-0.44498,0.26592,0.59625
-0.20576,0.84442,-0.49457,-0.32715,0.58302,0.62821
-0.19068,0.85892,-0.47528,-0.23195,0.51085,0.59956
-0.14746,0.86778,-0.47456,-1.24765,0.16745,-0.32156
-0.14065,0.87389,-0.46533,-0.45914,-0.65991,1.53683
-0.12845,0.88353,-0.45041,-0.23249,-0.25664,0.93563
-0.11502,0.90049,-0.41939,-0.25446,-0.06018,0.83942
-0.11649,0.92258,-0.36779,-0.19205,0.43711,0.97092
-0.13397,0.94179,-0.30834,0.45066,0.51848,1.14806
-0.14787,0.9502,-0.27432,0.49861,0.35336,0.89079
-0.1539,0.95488,-0.25399,0.77168,0.20706,-0.53406
-0.1608,0.96632,-0.20092,0.36965,-0.07624,-0.25336
-0.16518,0.97494,-0.14898,0.27073,-0.17112,-0.29874
-0.16203,0.97952,-0.11951,0.08462,-0.08044,0.02981
-0.15393,0.98369,-0.09298,-0.05779,0.01048,0.17468
-0.14152,0.98797,-0.06237,-0.15135,-0.06754,0.06085
-0.12826,0.99122,-0.0319,-0.07993,-0.32473,0.08867
-0.11952,0.99282,-0.00289,-0.04863,-0.37826,0.18265
-0.11701,0.99293,0.0198,-0.11513,-0.25981,-0.06715
-0.12137,0.99165,0.04349,-0.15858,-0.11039,-0.14642
-0.13501,0.98773,0.07844,-0.08035,-3e-05,-0.03095
-0.15254,0.9821,0.11045,0.08604,0.1631,-0.23482
-0.16479,0.97574,0.14408,0.18059,0.35882,-0.2224
-0.16645,0.9688,0.1836,0.17141,0.44363,-0.30008
-0.15948,0.96179,0.22252,0.33794,0.52675,-0.51684
-0.15853,0.95781,0.2397,0.40053,0.45234,-0.7386
-0.16,0.96132,0.22416,0.38296,0.59126,-0.55286
-0.15791,0.96659,0.20188,0.31054,0.52447,-0.6353
-0.15168,0.97223,0.17816,0.27378,0.31233,-0.77466
-0.14566,0.97942,0.13963,0.12831,0.28612,-0.74588
-0.14459,0.98663,0.07516,0.07741,0.54676,0.09181
-0.14314,0.9896,-0.01349,0.26547,0.62619,0.8578
-0.13365,0.98545,-0.10496,-0.14824,0.64281,0.63258
-0.12454,0.97605,-0.17836,-0.5891,0.89233,0.57728
-0.1294,0.96412,-0.23176,-0.88052,0.84061,0.40692
-0.15293,0.95259,-0.26301,-1.0458,0.17309,0.27392
-0.17931,0.93896,-0.29359,-0.73893,-0.14303,0.37321
-0.18321,0.92523,-0.33222,-0.02612,-0.20375,0.51464
-0.1648,0.91241,-0.37463,0.21809,-0.19057,0.69128
-0.15351,0.89373,-0.42151,0.64801,-0.15905,0.73784
-0.16168,0.87355,-0.45909,0.59173,-0.33161,0.82223
-0.15978,0.85978,-0.48501,0.20652,-0.42906,0.64412
-0.15736,0.84399,-0.51276,0.07168,-0.64539,0.77074
-0.15737,0.83275,-0.53081,-0.02154,-0.66441,0.81362
-0.16069,0.82808,-0.53709,-0.13642,-0.65855,0.80879
-0.16419,0.82889,-0.53477,-0.17739,-0.65798,0.69959
-0.16676,0.83541,-0.52371,-0.17125,-0.63367,0.63852
-0.16906,0.84721,-0.50364,-0.17399,-0.47344,0.51623
-0.17574,0.86331,-0.47308,0.0424,1.31243,-1.68971
-0.1866,0.87127,-0.45395,-0.00036,1.91883,-2.19945
-0.19569,0.85729,-0.47619,-0.10115,0.17892,-0.64639
-0.19813,0.841,-0.50345,-0.18995,-0.43713,-0.43562
-0.1952,0.83275,-0.51809,-0.12038,-0.37406,-0.37042
-0.1958,0.83361,-0.51648,-0.56447,0.59449,0.48771
-0.19884,0.83601,-0.51141,-0.73492,1.04715,0.35118
-0.20568,0.83464,-0.51094,-0.49036,0.36656,0.58595
-0.19331,0.82155,-0.53636,-0.68972,-1.13941,1.71055
-0.18166,0.8267,-0.53251,-0.40597,-0.77416,1.31367
-0.15818,0.85564,-0.49281,-0.22999,-0.04716,1.31416
-0.14104,0.88977,-0.43406,-0.42568,0.39423,1.04924
-0.12922,0.91743,-0.37632,-0.07543,0.7547,1.14026
-0.13412,0.93823,-0.31896,0.37293,0.63199,1.11483
-0.14521,0.94796,-0.28332,0.47266,0.38726,0.66751
-0.1541,0.95364,-0.25848,0.7871,0.18843,-0.59692
-0.16821,0.9647,-0.2026,0.56857,0.03983,-0.3842
-0.17861,0.97157,-0.15534,0.28933,-0.03179,-0.07591
-0.17515,0.97626,-0.12741,0.25623,-0.01941,0.09767
-0.16521,0.98169,-0.09479,0.09282,-0.00603,0.0429
-0.14808,0.98732,-0.05712,-0.03322,-0.16637,0.15484
-0.13084,0.99111,-0.02365,-0.05892,-0.29826,-0.03593
-0.12216,0.99245,0.01035,-0.03993,-0.38607,0.13294
-0.1207,0.99207,0.03475,-0.05509,-0.23399,0.01105
-0.12542,0.9906,0.05442,-0.18139,-0.09569,-0.12243
-0.13945,0.98658,0.08486,-0.07039,-0.08498,-0.06808
-0.15878,0.98005,0.11949,0.03007,-0.03875,-0.06686
-0.17518,0.97275,0.15184,0.15331,0.33383,-0.33397
-0.18146,0.96433,0.19269,0.1596,0.46986,-0.32807
-0.17469,0.95573,0.23674,0.16236,0.44834,-0.54277
-0.17034,0.94975,0.26258,0.31862,0.5055,-0.6137
-0.17888,0.95131,0.25097,0.34856,0.58412,-0.46246
-0.18299,0.95702,0.22496,0.35366,0.7367,-0.30171
-0.18051,0.96167,0.20636,0.34936,0.46717,-0.73097
-0.1706,0.96828,0.18254,0.39443,0.49576,-0.60136
-0.16568,0.97775,0.1286,0.12442,0.38709,-0.54828
-0.16509,0.98496,0.05083,-0.05306,0.46696,0.26266
-0.16649,0.98536,-0.03664,0.11333,0.53637,0.85436
-0.16475,0.97836,-0.12515,-0.16925,0.63572,0.69938
-0.16324,0.96617,-0.19963,-0.51897,0.86084,0.47496
-0.1763,0.9536,-0.24403,-0.64907,0.50598,0.34629
-0.19532,0.94455,-0.26394,-0.5652,0.25059,0.37423
-0.20475,0.93495,-0.28972,-0.24438,-0.00874,0.4391
-0.18283,0.92473,-0.33383,0.10141,-0.15204,0.56821
-0.14887,0.91126,-0.38397,0.60155,-0.10253,0.73326
-0.12896,0.89354,-0.43006,0.68132,-0.08653,0.69089
-0.12925,0.87237,-0.47144,0.30384,-0.36049,0.63861
-0.13757,0.8454,-0.51612,0.04606,-0.53715,0.80068
-0.15384,0.81817,-0.55402,-0.03862,-0.62774,0.85315
-0.17158,0.79887,-0.5765,-0.23572,-0.61656,0.8672
-0.18788,0.78771,-0.58669,-0.26104,-0.63101,0.81171
-0.19705,0.78533,-0.58687,-0.19725,-0.62116,0.74833
-0.19761,0.79327,-0.5759,-0.18245,-0.38533,0.38463
-0.19606,0.81033,-0.55219,-0.12282,0.27801,-0.56526
-0.19768,0.83099,-0.51998,-0.05175,1.50193,-1.75267
-0.20345,0.82954,-0.52007,0.1866,1.66814,-1.47444
-0.22211,0.81762,-0.53119,0.17793,0.08198,-0.30589
-0.23416,0.80666,-0.54265,0.07156,-0.4614,-0.18349
-0.23741,0.80173,-0.54851,-0.13838,-0.11485,0.14805
-0.23617,0.81048,-0.53604,-0.4661,0.75447,0.4633
-0.22315,0.82563,-0.51821,-0.52038,0.78875,0.54562
-0.19224,0.83632,-0.51343,-0.84572,0.34775,0.11257
-0.17813,0.84209,-0.50907,-0.47558,-0.65363,1.49973
-0.16501,0.85195,-0.49693,-0.22767,-0.42292,1.07205
-0.14911,0.87345,-0.46352,-0.19308,-0.00058,1.05904
-0.14367,0.90072,-0.40996,-0.12558,0.40666,1.1548
-0.15097,0.92596,-0.34613,0.29285,0.53291,1.20208
-0.16676,0.93643,-0.30868,0.3811,0.46613,0.77223
-0.1853,0.93828,-0.29204,0.69907,0.42242,-0.36486
-0.2046,0.94789,-0.24422,0.50723,0.0429,-0.12364
-0.21782,0.95848,-0.18404,0.22192,-0.14515,-0.09219
-0.21759,0.96412,-0.15202,0.16974,-0.06366,-0.00211
-0.20619,0.97047,-0.12515,0.12663,-0.03556,0.17445
-0.19129,0.97707,-0.09343,-0.00878,-0.13398,-0.0798
-0.17523,0.98281,-0.05799,-0.08638,-0.20962,-0.04201
-0.1608,0.98661,-0.02714,-0.02678,-0.36429,0.10574
-0.15232,0.9883,-0.00726,-0.0949,-0.20681,-0.08341
-0.15214,0.98815,0.0198,-0.16645,-0.12345,-0.23481
-0.16233,0.98489,0.0602,0.03663,0.01941,-0.05269
-0.17979,0.97901,0.09588,0.10973,0.09484,-0.24616
-0.19187,0.97208,0.13504,0.16023,0.21914,-0.35064
-0.19165,0.96411,0.18371,0.05879,0.461,-0.48856
-0.18308,0.95706,0.22472,0.23465,0.49092,-0.50362
-0.18856,0.95485,0.22953,0.4616,0.42791,-0.41418
-0.19733,0.95771,0.20939,0.40753,0.49299,-0.31372
-0.19726,0.96122,0.19271,0.40031,0.67743,-0.35408
-0.1915,0.96432,0.18276,0.32131,0.37727,-0.69617
-0.17935,0.97003,0.16392,0.33236,0.33408,-0.71032
-0.17582,0.97711,0.11971,0.04649,0.42894,-0.23853
-0.18072,0.98254,0.04416,0.26627,0.50527,0.66189
-0.18448,0.98192,-0.04237,0.1439,0.63925,0.70821
-0.17975,0.9755,-0.12678,-0.27794,0.75927,0.62817
-0.17487,0.96491,-0.19584,-0.66692,0.93565,0.46482
-0.18738,0.95097,-0.24604,-0.80199,0.40555,0.36957
-0.21676,0.93772,-0.27145,-0.80666,0.21369,0.40482
-0.23551,0.9254,-0.29693,-0.15129,-0.16852,0.51886
-0.22242,0.91383,-0.33977,0.11457,-0.26595,0.5896
-0.19455,0.90072,-0.38838,0.42902,-0.23666,0.75101
-0.17822,0.87984,-0.44059,0.83481,-0.15902,0.86027
-0.18272,0.85679,-0.4822,0.37315,-0.36604,0.73905
-0.18506,0.83875,-0.5121,0.14705,-0.56219,0.68953
-0.18741,0.82186,-0.53797,0.0112,-0.64346,0.80543
-0.19479,0.81019,-0.55285,-0.04952,-0.60662,0.88159
-0.20517,0.80416,-0.55788,-0.12232,-0.64175,0.81154
-0.21524,0.80349,-0.55504,-0.11241,-0.62247,0.76142
-0.2223,0.81131,-0.5407,-0.17244,-0.37954,0.50928
-0.22726,0.82859,-0.51165,-0.13687,0.29372,-0.4611
-0.22833,0.85156,-0.47192,-0.17594,1.76477,-2.2849
-0.22096,0.85019,-0.47786,-0.14896,1.84684,-2.01045
-0.22293,0.83607,-0.50128,0.12736,-0.06665,-0.3931
-0.22343,0.8288,-0.51299,0.12712,-0.2453,-0.16022
-0.22806,0.82515,-0.51684,0.22795,-0.43188,0.36084
-0.2341,0.8288,-0.50821,-0.19623,0.11881,0.84805
-0.23101,0.84077,-0.48962,-0.32989,0.32164,1.10544
-0.20215,0.85945,-0.46955,-0.8719,1.31408,-0.75858
-0.17035,0.88905,-0.42493,-1.29433,1.88361,-1.99342
-0.16158,0.89155,-0.42311,-0.26271,-0.67477,1.25646
-0.14081,0.89304,-0.42737,-0.31803,-0.23926,0.8279
-0.12873,0.90806,-0.39856,-0.27537,-0.17652,0.86229
-0.13755,0.92911,-0.34325,-0.03267,0.06921,1.132
-0.15808,0.94445,-0.28812,0.45396,0.44211,1.13393
-0.17964,0.94855,-0.26073,0.44937,0.41719,0.89258
-0.19684,0.94809,-0.24974,0.61123,0.3812,-0.14447
-0.19992,0.95881,-0.20178,0.50868,0.03331,-0.35549
-0.19602,0.97136,-0.13426,0.25087,-0.21567,-0.37889
-0.18494,0.97795,-0.09698,0.08607,-0.16735,-0.211
-0.17022,0.98295,-0.06952,-0.02965,0.06686,0.16129
-0.15358,0.98715,-0.04404,-0.14263,-0.20111,0.02884
-0.13964,0.98995,-0.02234,-0.02986,-0.37015,0.13415
-0.13338,0.99104,-0.00646,-0.01019,-0.37884,0.09949
-0.13604,0.99063,0.01162,-0.11932,-0.22583,-0.12307
-0.14814,0.98803,0.04301,-0.02841,0.03148,-0.01298
-0.16749,0.98309,0.07392,0.04913,0.08118,-0.09974
-0.18572,0.97692,0.10552,0.18265,0.24302,-0.16535
-0.19302,0.97032,0.14564,0.30028,0.35369,-0.18602
-0.1909,0.96424,0.18381,0.38175,0.49656,-0.21483
-0.18787,0.95975,0.20872,0.53733,0.50639,-0.34903
-0.18491,0.95924,0.2137,0.32169,0.58293,-0.48762
-0.17917,0.96247,0.20381,0.28626,0.67732,-0.52774
-0.17383,0.96604,0.19117,0.26429,0.34181,-0.66558
-0.16388,0.97138,0.17189,0.24376,0.36545,-0.78186
-0.15698,0.97867,0.1325,0.15509,0.32343,-0.68534
-0.1549,0.98583,0.06422,0.12933,0.49413,0.35903
-0.1507,0.98832,-0.02228,0.13075,0.51155,0.75877
-0.144,0.98393,-0.10558,-0.28485,0.68829,0.60102
-0.13849,0.97413,-0.17855,-0.68624,1.1409,0.54664
-0.15117,0.95969,-0.23691,-0.86609,0.57684,0.36004
-0.18046,0.94654,-0.26737,-0.8916,-0.04346,0.29438
-0.20761,0.93313,-0.29353,-0.56908,-0.28385,0.49027
-0.2093,0.92178,-0.32635,-0.03196,-0.23163,0.59274
-0.1813,0.91089,-0.37067,0.29263,-0.18435,0.70817
-0.16621,0.88645,-0.43195,0.76021,-0.24634,0.78334
-0.18236,0.8592,-0.47804,0.6099,-0.22089,0.81775
-0.18957,0.8439,-0.50189,0.18295,-0.48593,0.66646
-0.18766,0.82917,-0.52655,0.02297,-0.62873,0.73471
-0.18987,0.8184,-0.54236,-0.10969,-0.65431,0.79381
-0.19794,0.81297,-0.54762,-0.15113,-0.7356,0.81154
-0.20974,0.81255,-0.54385,-0.09783,-0.72457,0.77697
-0.22146,0.81881,-0.52962,-0.02229,-0.55462,0.65721
-0.22993,0.83183,-0.50515,-0.111,-0.0105,-0.01879
-0.23823,0.85,-0.46984,-0.04036,1.22363,-1.73908
-0.2346,0.85422,-0.46397,0.05748,2.0394,-1.96664
-0.24246,0.83753,-0.48965,-0.05474,0.13998,-0.48474
-0.24815,0.82433,-0.50883,-0.13358,-0.48378,-0.37888
-0.25019,0.82199,-0.51159,-0.51839,0.05661,0.17512
-0.25298,0.82677,-0.50244,-0.74872,0.65966,0.44412
-0.25063,0.83,-0.49828,-0.16519,0.82675,0.70508
-0.23275,0.8274,-0.51111,-0.50866,-0.33569,0.66238
-0.20359,0.83137,-0.51708,-0.80445,-0.80218,1.15249
-0.19183,0.8516,-0.48782,-0.18346,-0.51385,1.24452
-0.17102,0.88014,-0.44283,-0.17667,0.18625,1.14097
-0.15399,0.912,-0.38018,-0.24176,0.61193,1.15124
-0.14571,0.93661,-0.31864,0.13848,0.55381,1.12038
-0.14266,0.95045,-0.27619,0.24357,0.38248,0.75977
-0.14265,0.95676,-0.25348,0.4215,0.23492,0.02833
-0.14906,0.96461,-0.21747,0.66905,0.12311,-0.30859
-0.16459,0.97118,-0.17236,0.21103,-0.02927,0.01157
-0.17343,0.9735,-0.14905,0.16149,-0.06458,0.14359
-0.17078,0.97778,-0.12157,0.10992,-0.11851,0.13591
-0.16498,0.98248,-0.08662,0.0075,-0.14734,0.10846
-0.15703,0.98632,-0.04997,-0.04238,-0.17047,0.15889
-0.15005,0.98853,-0.01709,-0.02046,-0.36406,0.18937
-0.14425,0.9895,0.0083,-0.05283,-0.21585,0.13402
-0.14646,0.98865,0.03332,-0.06112,-0.14373,-0.13392
-0.15609,0.98553,0.06598,-0.00055,-0.11142,-0.17692
-0.16983,0.98028,0.10097,0.1066,0.03962,-0.10403
-0.18436,0.97401,0.13154,0.0986,0.30173,-0.28624
-0.19265,0.96618,0.17139,0.07297,0.43089,-0.26383
-0.1911,0.95747,0.21615,0.24025,0.33857,-0.45923
-0.18582,0.94889,0.25509,0.51741,0.49192,-0.59688
-0.19312,0.94563,0.26169,0.52434,0.53576,-0.58395
-0.19945,0.95057,0.23797,0.52756,0.60348,-0.43925
-0.18997,0.95829,0.2135,0.37573,0.54016,-0.4606
-0.17286,0.9668,0.18816,0.10216,0.49145,-0.48244
-0.15582,0.97742,0.14272,-0.23919,0.33208,-0.56747
-0.14447,0.98617,0.08117,-0.3734,0.29618,-0.35272
-0.14224,0.98981,0.00621,-0.11775,0.29957,0.59533
-0.14446,0.98661,-0.07561,-0.36784,0.70875,0.61858
-0.14948,0.97698,-0.15215,-0.65589,0.84792,0.33117
-0.16248,0.96432,-0.209,-0.75911,0.31749,0.32925
-0.17669,0.95355,-0.24398,-0.74085,-0.04931,0.37148
-0.18782,0.94272,-0.27568,-0.36686,-0.1557,0.51094
-0.18494,0.9314,-0.31349,0.10658,-0.1497,0.53266
-0.17613,0.91416,-0.36509,0.31329,-0.14287,0.55541
-0.18263,0.88484,-0.4286,0.60739,-0.17589,0.85849
-0.19463,0.86109,-0.46973,0.49178,-0.23639,0.77772
-0.20037,0.84412,-0.4973,0.16081,-0.43972,0.72557
-0.19986,0.82755,-0.52462,0.05265,-0.57176,0.76317
-0.19787,0.81557,-0.54378,-0.05222,-0.58945,0.82277
-0.20035,0.81055,-0.55033,-0.10496,-0.61658,0.80774
-0.20631,0.81161,-0.54655,-0.05759,-0.66168,0.79169
-0.21381,0.81951,-0.53169,-0.03114,-0.59957,0.6527
-0.22171,0.83459,-0.50429,-0.18447,-0.15198,0.26799
-0.23204,0.85622,-0.46156,-0.08499,0.61249,-0.94844
-0.22957,0.87359,-0.42912,-0.36913,2.38531,-3.17957
-0.23554,0.85874,-0.45507,-0.00778,0.68336,-0.82081
-0.24522,0.84516,-0.47495,0.15277,-0.37946,-0.20888
-0.24562,0.83849,-0.48642,-0.11876,-0.29892,0.0078
-0.24968,0.83714,-0.48668,-0.43153,-0.04118,0.8285
-0.25036,0.84157,-0.47861,-0.4357,0.43652,0.94604
-0.22984,0.84889,-0.47598,-0.86864,0.95131,0.33294
-0.20671,0.85842,-0.46946,-0.35546,-0.49117,1.68917
-0.21853,0.85864,-0.46366,0.08019,-0.39137,1.32274
-0.2019,0.86787,-0.45391,0.01171,-0.05101,1.17878
-0.18568,0.89156,-0.41308,0.21002,0.43656,1.25791
-0.17833,0.91886,-0.35199,0.41461,0.52203,1.14745
-0.17688,0.93638,-0.30314,0.40603,0.3481,0.69931
-0.17971,0.94508,-0.27297,0.51009,0.17329,0.1175
-0.18538,0.95362,-0.23713,0.40004,-0.02581,-0.2121
-0.18797,0.96715,-0.17113,0.16983,-0.10701,-0.07612
-0.18072,0.97553,-0.12522,0.03882,-0.15778,-0.11879
-0.16846,0.98142,-0.09181,-0.02209,-0.17048,-0.03658
-0.15367,0.98645,-0.05744,-0.13677,-0.05908,0.13916
-0.13875,0.98991,-0.02876,-0.15813,-0.42532,0.11728
-0.12682,0.99186,-0.01071,-0.16023,-0.34796,0.01749
-0.12348,0.99222,0.01552,-0.16865,-0.21256,-0.13136
-0.13334,0.98967,0.05258,-0.02976,-0.08995,-0.03968
-0.15382,0.98464,0.08261,0.04831,0.03781,-0.12978
-0.17743,0.97844,0.10565,0.10568,0.11909,-0.30159
-0.19196,0.97167,0.13781,0.12777,0.24755,-0.18097
-0.19372,0.96532,0.175,0.26545,0.29069,-0.23012
-0.18825,0.95967,0.20876,0.46558,0.48684,-0.25599
-0.18547,0.95737,0.22144,0.45931,0.50989,-0.41262
-0.1814,0.95946,0.21569,0.01505,0.41311,-0.49566
-0.17385,0.96199,0.21057,-0.12707,0.4752,-0.57807
-0.17528,0.96315,0.20397,-0.05491,0.6196,-0.75175
-0.17728,0.96777,0.17887,0.54035,0.43511,-0.74423
-0.17955,0.97463,0.13362,0.52637,0.51144,-0.64084
-0.1837,0.98125,0.05831,0.21045,0.50609,0.31388
-0.18016,0.98308,-0.03303,0.27792,0.552,0.70854
-0.17098,0.97816,-0.1182,-0.13306,0.64915,0.64104
-0.16705,0.96731,-0.19077,-0.58724,1.11276,0.73147
-0.18326,0.95056,-0.25068,-0.81789,0.63815,0.25604
-0.21601,0.93481,-0.2819,-0.77905,0.1383,0.33219
-0.24644,0.92124,-0.30095,-0.57816,-0.3254,0.50023
-0.25027,0.90898,-0.33333,0.05662,-0.21196,0.55633
-0.22998,0.89544,-0.38117,0.29788,-0.18493,0.6823
-0.22005,0.86743,-0.44625,0.74044,-0.1039,0.6494
-0.23803,0.83377,-0.49816,0.78197,-0.17966,1.04635
-0.25215,0.81234,-0.52585,0.22901,-0.46026,0.77527
-0.26079,0.79222,-0.5517,0.15055,-0.50981,0.83432
-0.27177,0.77698,-0.56784,0.02765,-0.57979,0.90032
-0.28603,0.76997,-0.57038,-0.0895,-0.63076,0.92968
-0.29718,0.77243,-0.56128,-0.08144,-0.70151,0.82973
-0.30319,0.78518,-0.53997,-0.03352,-0.65951,0.77512
-0.30386,0.80741,-0.50572,-0.17951,-0.21006,0.35777
-0.30324,0.83517,-0.45884,-0.33694,1.66541,-2.2333
-0.29073,0.85035,-0.43861,-0.5593,2.51138,-3.3149
-0.29195,0.83339,-0.46928,0.06601,-0.21935,-0.43903
-0.29348,0.82305,-0.48627,0.10353,-0.48777,-0.33801
-0.2944,0.81951,-0.49166,-0.17975,-0.07453,0.36245
-0.30313,0.8213,-0.4833,-0.43586,0.53647,0.86665
-0.30342,0.82644,-0.47427,-0.43326,1.38543,0.8625
-0.2808,0.835,-0.47319,-0.90967,0.37461,-0.28697
-0.25433,0.83091,-0.49487,-0.37212,-0.96852,1.87512
-0.23435,0.83993,-0.48949,-0.21714,-0.47071,1.14337
-0.20768,0.86371,-0.45921,-0.25057,-0.1115,0.97826
-0.18927,0.89189,-0.41073,-0.22687,0.30595,1.05188
-0.19154,0.91842,-0.34614,0.23278,0.62522,1.3571
-0.20075,0.93271,-0.29957,0.4279,0.37943,1.0268
-0.20377,0.9392,-0.27638,0.36438,0.33389,0.50372
-0.20347,0.94581,-0.25307,0.68859,0.15475,-0.67329
-0.20865,0.96115,-0.18069,0.33656,-0.11022,-0.17812
-0.20727,0.96989,-0.12786,0.20052,-0.10817,-0.18345
-0.19445,0.97574,-0.10061,0.10757,-0.04951,-0.03999
-0.17878,0.98115,-0.07328,-0.03646,-0.01446,0.18819
-0.16399,0.9855,-0.04357,-0.08219,-0.24781,0.1554
-0.15181,0.98826,-0.01708,-0.03212,-0.41464,0.22745
-0.14588,0.9893,-0.00048,-0.19247,-0.21363,-0.18563
-0.14777,0.98876,0.02266,-0.1754,-0.08997,-0.17543
-0.16069,0.98503,0.06224,-0.04666,0.05667,0.01818
-0.18072,0.97891,0.0952,0.1117,0.20343,-0.27663
-0.19863,0.97161,0.12847,0.14837,0.32248,-0.31352
-0.20651,0.963,0.17312,0.13697,0.40061,-0.28279
-0.20352,0.95417,0.21939,0.59585,0.44285,-0.4593
-0.20394,0.94775,0.24528,0.6462,0.45689,-0.504
-0.21167,0.95038,0.22796,0.57024,0.4577,-0.55566
-0.20609,0.95716,0.20336,0.33158,0.58965,-0.3922
-0.19761,0.9615,0.19096,0.08524,0.29037,-0.7641
-0.1869,0.96744,0.17063,0.06684,0.26168,-0.78701
-0.18743,0.97478,0.12113,0.12319,0.40881,0.0023
-0.1954,0.97975,0.04351,0.30139,0.59354,0.53531
-0.19491,0.97971,-0.04649,0.27011,0.6267,0.78019
-0.18355,0.97411,-0.13196,-0.18559,0.69484,0.62889
-0.17474,0.96273,-0.20642,-0.6216,1.03794,0.6146
-0.18966,0.94626,-0.26192,-0.8252,0.59966,0.29566
-0.22498,0.93124,-0.28665,-0.78915,0.11213,0.40283
-0.25843,0.91669,-0.30477,-0.62284,-0.29633,0.3405
-0.26416,0.90273,-0.33954,0.09416,-0.14663,0.50069
-0.24914,0.88453,-0.39437,0.25361,-0.27946,0.69187
-0.23882,0.85679,-0.45702,0.49341,-0.21443,0.85486
-0.25646,0.82656,-0.50103,0.56911,-0.24442,0.85317
-0.26959,0.81039,-0.52017,0.33948,-0.39102,0.72119
-0.27095,0.79553,-0.54196,0.10959,-0.57298,0.78899
-0.27719,0.78447,-0.55477,0.00342,-0.57393,0.90877
-0.28768,0.77959,-0.5563,-0.03563,-0.58798,0.91108
-0.29598,0.78234,-0.54802,-0.04031,-0.67122,0.82657
-0.30046,0.79404,-0.52841,0.02082,-0.43912,0.64951
-0.30327,0.81437,-0.4948,-0.04103,-0.19538,0.39982
-0.30795,0.8412,-0.44446,-0.27534,1.3886,-2.02531
-0.29729,0.85686,-0.42119,-0.44077,1.76835,-1.75794
-0.30056,0.83756,-0.45623,0.06658,-0.02908,-0.43789
-0.30377,0.82485,-0.4768,0.00219,-0.20741,-0.24474
-0.3018,0.82282,-0.48153,-0.47112,0.30186,0.35629
-0.30865,0.823,-0.47687,-0.30893,0.93337,0.4267
-0.30813,0.82471,-0.47425,-0.02558,1.58369,-0.15919
-0.29663,0.82032,-0.48895,-0.26848,-0.69746,1.58241
-0.24944,0.80397,-0.53982,-0.50235,-1.24101,1.52331
-0.20158,0.82062,-0.53474,-0.48457,-0.65518,0.97891
-0.17819,0.86082,-0.47668,-0.43449,-0.12871,1.13218
-0.16429,0.9003,-0.40306,-0.45541,0.28203,0.9373
-0.16415,0.9292,-0.3311,-0.35399,0.47375,0.95919
-0.17383,0.93969,-0.29456,0.23494,0.50649,0.92227
-0.1887,0.94152,-0.27916,0.72187,0.37606,-0.68568
-0.19677,0.94775,-0.25111,0.93278,0.20637,-0.64881
-0.20112,0.96463,-0.17041,0.82016,0.088,-0.19698
-0.19812,0.97197,-0.12655,0.21053,-0.11504,-0.14254
-0.18512,0.9767,-0.10855,0.17919,-0.00139,0.08542
-0.17005,0.98172,-0.08547,0.04061,0.04825,0.33167
-0.15363,0.98638,-0.05877,-0.15934,-0.34766,0.23847
-0.14049,0.98969,-0.02767,-0.18408,-0.44211,0.33043
-0.13476,0.99087,-0.00261,-0.25019,-0.53208,0.19887
-0.13502,0.99049,0.02636,-0.32486,-0.00245,-0.08276
-0.14957,0.98671,0.06343,-0.12222,0.00296,-0.01399
-0.17075,0.98006,0.10159,0.08846,0.00302,-0.0566
-0.18605,0.97199,0.14357,0.30014,0.44475,-0.31407
-0.19011,0.96236,0.19417,0.15438,0.38389,-0.51206
-0.18797,0.9544,0.23188,0.204,0.39157,-0.64989
-0.19897,0.9543,0.22298,0.56447,0.43331,-0.42019
-0.20439,0.95965,0.19307,0.48243,0.53351,-0.19376
-0.19836,0.96374,0.17844,0.21903,0.45775,-0.63282
-0.18457,0.96751,0.17278,0.20788,0.36812,-0.87712
-0.17192,0.97438,0.14494,0.18505,0.42474,-0.76042
-0.16772,0.98228,0.08361,-0.01282,0.51322,0.00737
-0.16408,0.98644,0.00313,0.07936,0.49557,0.73176
-0.15734,0.98416,-0.08167,0.00176,0.50009,0.72007
-0.15048,0.97498,-0.1636,-0.50354,0.95134,0.55866
-0.15275,0.96059,-0.23223,-0.70944,1.1685,0.56784
-0.17702,0.94543,-0.27353,-0.85934,0.67339,0.42716
-0.20295,0.93393,-0.29425,-0.42795,0.02713,0.36648
-0.2047,0.92335,-0.32484,0.07464,-0.02039,0.57501
-0.1759,0.9089,-0.37809,0.21751,-0.10014,0.68302
-0.15009,0.89081,-0.42887,0.74802,-0.05109,0.78037
-0.13934,0.86957,-0.47375,0.33413,-0.26831,0.74122
-0.13388,0.84842,-0.51211,0.2153,-0.38057,0.69322
-0.14225,0.82356,-0.5491,-0.00872,-0.56683,0.72298
-0.15209,0.80623,-0.57172,-0.12519,-0.62518,0.75792
-0.16186,0.79565,-0.58373,-0.18027,-0.59165,0.78383
-0.16896,0.7904,-0.58882,-0.18347,-0.63055,0.7868
-0.16793,0.7925,-0.5863,-0.15139,-0.64931,0.73734
-0.15854,0.80346,-0.57386,-0.12324,-0.52975,0.45724
-0.14364,0.82385,-0.54829,-0.23266,-0.15523,-0.06051
-0.13982,0.84894,-0.50966,0.15824,0.72559,-1.13977
-0.15801,0.86131,-0.48289,0.69533,1.57128,-1.26878
-0.17788,0.85156,-0.49315,0.38743,0.48251,-0.55517
-0.19346,0.83531,-0.51461,0.17489,-0.1806,-0.19013
-0.19959,0.8283,-0.52352,0.07251,-0.60331,0.09892
-0.20103,0.83476,-0.5126,-0.39119,0.0004,0.39682
-0.19667,0.8537,-0.4822,-1.1251,0.85547,1.06458
-0.18302,0.86778,-0.46202,-1.11126,0.63987,0.35946
-0.18264,0.87847,-0.4415,-0.62734,0.11387,0.12616
-0.18851,0.87597,-0.444,-0.5164,-0.376,1.34689
-0.18641,0.88024,-0.43638,-0.26531,-0.17916,0.99537
-0.1788,0.89585,-0.4068,0.04533,0.03554,1.142
-0.16264,0.91741,-0.36319,0.4673,0.3479,1.17423
-0.15313,0.93629,-0.3161,0.53335,0.39126,1.06134
-0.15185,0.94552,-0.28797,0.53124,0.48627,0.85436
-0.16107,0.95026,-0.26657,0.84054,0.15698,-0.27484
-0.17877,0.96035,-0.21393,0.58462,-0.06918,-0.11813
-0.1904,0.96687,-0.17002,0.2626,-0.18414,0.03148
-0.18878,0.971,-0.14665,0.03517,-0.12094,0.21313
-0.18002,0.97609,-0.12183,-0.09963,-0.12921,0.20369
-0.16639,0.98245,-0.08428,-0.20431,-0.09112,0.30471
-0.14997,0.98752,-0.04804,-0.35991,-0.27997,0.12621
-0.13759,0.99043,-0.01076,-0.27553,-0.39457,0.07099
-0.13214,0.99083,0.02797,-0.18674,-0.28441,-0.11532
-0.13966,0.98859,0.05643,-0.17549,-0.18158,-0.11874
-0.15427,0.9843,0.08568,-0.03953,-0.10948,0.03059
-0.1757,0.97825,0.11023,0.28042,0.23455,-0.17513
-0.19546,0.97101,0.1376,0.30496,0.433,-0.19678
-0.20012,0.96227,0.18434,0.20973,0.37677,-0.22667
-0.19448,0.95274,0.23337,0.44083,0.42879,-0.66292
-0.19484,0.94601,0.25903,0.53711,0.42057,-0.70097
-0.20186,0.94814,0.24551,0.58904,0.72465,-0.36333
-0.20552,0.95306,0.22234,0.56903,0.63106,-0.37415
-0.19256,0.96011,0.20273,0.43348,0.48035,-0.41525
-0.17067,0.9714,0.16505,-0.31731,0.32044,-0.66883
-0.15276,0.98227,0.10864,-0.43472,0.31346,-0.19838
-0.14532,0.98859,0.03962,-0.29873,0.35763,0.40245
-0.1438,0.98891,-0.03691,-0.15487,0.6879,0.59075
-0.136,0.98413,-0.11398,-0.53258,0.93024,0.2404
-0.13037,0.97635,-0.17242,-0.59573,0.68635,0.38396
-0.13991,0.96603,-0.21726,-0.63893,0.26421,0.39071
-0.15263,0.95335,-0.26043,-0.50252,-0.04577,0.46833
-0.15217,0.94024,-0.30462,-0.117,-0.20614,0.55385
-0.137,0.92802,-0.34641,0.24257,-0.21014,0.70689
-0.11972,0.9151,-0.38505,0.6094,-0.20695,0.77244
-0.11332,0.89764,-0.42591,0.49522,-0.31542,0.7051
-0.11217,0.88311,-0.45555,0.19515,-0.52096,0.60872
-0.10903,0.86871,-0.48317,0.01386,-0.65329,0.65506
-0.11308,0.8529,-0.50967,-0.0867,-0.69353,0.72918
-0.12421,0.84118,-0.52629,-0.14763,-0.69433,0.72862
-0.14052,0.83445,-0.53287,-0.14588,-0.67888,0.74016
-0.16082,0.83344,-0.52869,-0.0655,-0.59391,0.74451
-0.17843,0.84016,-0.51215,-0.01241,-0.29287,0.51881
-0.18848,0.85399,-0.48495,-0.09083,0.2236,-0.46624
-0.19417,0.86884,-0.45543,0.22407,2.25243,-2.814
-0.20306,0.86116,-0.46602,-0.0147,1.16417,-0.80019
-0.21929,0.84479,-0.4881,-0.12547,-0.06566,-0.16794
-0.22217,0.83693,-0.50018,-0.69193,0.06775,0.0434
-0.2153,0.83921,-0.49937,-1.17617,1.29112,-0.32666
-0.21758,0.83648,-0.50295,0.02453,1.27816,0.53175
-0.19808,0.81252,-0.54825,-0.07877,-1.52562,2.00511
-0.13507,0.80865,-0.57257,-0.21157,-1.33242,1.54003
-0.07929,0.84063,-0.53578,-0.29688,-0.41736,1.01255
-0.05686,0.88292,-0.46606,-0.51819,0.33881,0.96127
-0.06394,0.91089,-0.40766,-0.48343,1.07338,0.98561
-0.09937,0.91387,-0.39364,0.03692,0.84881,0.81963
-0.15028,0.90971,-0.38709,0.56546,0.52376,-0.15705
-0.20856,0.92681,-0.31229,0.89008,0.10653,-0.05596
-0.24303,0.94605,-0.21429,0.58943,-0.06075,0.18401
-0.24295,0.9533,-0.17944,0.37634,-0.14533,-0.07401
-0.2142,0.96287,-0.16428,0.35916,-0.01342,0.12283
-0.17906,0.97372,-0.1407,-0.13004,-0.24606,0.19733
-0.14407,0.98423,-0.10257,-0.54335,-0.20344,-0.02863
-0.12542,0.99028,-0.06011,-0.49523,-0.18788,-0.08227
-0.12714,0.99151,-0.02709,-0.27217,-0.2492,0.12612
-0.14037,0.99009,0.00283,-0.18453,-0.28794,0.20472
-0.15813,0.98663,0.03921,-0.16369,0.01036,0.03269
-0.17786,0.98077,0.08032,0.27544,0.07079,-0.25254
-0.19611,0.97295,0.12203,0.42542,0.22828,-0.40575
-0.20869,0.96511,0.15814,0.36078,0.36937,-0.47003
-0.21557,0.95997,0.1788,0.45808,0.41733,-0.40066
-0.22319,0.95714,0.18456,0.61004,0.40448,-0.21428
-0.22758,0.95626,0.18375,0.55865,0.47167,-0.33959
-0.22384,0.95665,0.18627,0.53352,0.66865,-0.61015
-0.21645,0.95973,0.17907,0.564,0.45814,-0.65508
-0.20462,0.96671,0.15357,0.38097,0.46152,-0.45419
-0.19323,0.97568,0.10342,0.1131,0.44915,-0.30902
-0.18052,0.98271,0.04107,-0.07867,0.60248,0.39314
-0.16585,0.98574,-0.02824,-0.29572,0.67978,0.83308
-0.14827,0.98368,-0.10186,-0.59443,0.8321,0.40441
-0.1349,0.97689,-0.16579,-0.56458,0.78642,0.29475
-0.14362,0.96633,-0.21348,-0.61949,0.49621,0.40004
-0.16239,0.95281,-0.25648,-0.65085,0.15832,0.3938
-0.171,0.93908,-0.29814,-0.36676,-0.11332,0.66963
-0.1544,0.92805,-0.33894,0.11317,-0.22821,0.68273
-0.12553,0.91699,-0.37864,0.49639,-0.26887,0.73159
-0.11323,0.90039,-0.42009,0.56696,-0.31943,0.8543
-0.10858,0.8858,-0.45119,0.27374,-0.55685,0.69239
-0.10694,0.86998,-0.48136,0.09175,-0.58981,0.71936
-0.11104,0.85159,-0.51231,-0.10913,-0.7006,0.79068
-0.12047,0.83851,-0.5314,-0.1238,-0.69317,0.85561
-0.13504,0.83217,-0.53782,-0.1415,-0.71352,0.86909
-0.15231,0.83158,-0.5341,-0.10321,-0.67324,0.78077
-0.16796,0.83726,-0.52037,-0.02414,-0.45864,0.69548
-0.17838,0.84979,-0.49602,0.02163,-0.27961,0.48905
-0.1823,0.86752,-0.46279,0.19329,2.55375,-3.06036
-0.18455,0.86142,-0.47317,0.01509,1.64651,-1.30984
-0.19368,0.84483,-0.49875,-0.03844,-0.03494,-0.25113
-0.18901,0.8368,-0.51386,-0.20914,-0.5409,-0.40713
-0.18212,0.8392,-0.51241,-0.34135,-0.36868,-0.23567
-0.17788,0.84535,-0.50373,-0.67091,1.24605,0.13071
-0.17876,0.84743,-0.49989,0.05808,1.8565,0.60004
-0.156,0.83494,-0.52777,-0.16788,-0.66469,1.5186
-0.10791,0.83303,-0.5426,-0.4684,-1.28123,1.6719
-0.06336,0.85824,-0.50932,-0.67953,-0.67678,0.83114
-0.04025,0.89467,-0.4449,-0.64161,0.24066,1.0467
-0.03992,0.92178,-0.38564,-0.6222,0.51224,0.64336
-0.06602,0.93696,-0.34314,-0.19417,0.5908,0.83362
-0.10768,0.93623,-0.33448,0.39754,0.31007,1.04827
-0.14817,0.93753,-0.31476,0.74917,0.30217,0.18222
-0.17747,0.94753,-0.26587,0.77663,0.05224,-0.14535
-0.18536,0.96541,-0.18333,0.64133,-0.04598,-0.06333
-0.17559,0.97408,-0.14255,0.33974,-0.08125,-0.28772
-0.15591,0.98032,-0.12107,0.21003,-0.09294,0.01069
-0.12706,0.98613,-0.10672,-0.18303,-0.14843,0.23125
-0.10205,0.99128,-0.0833,-0.37731,-0.22891,0.01629
-0.09101,0.99466,-0.0485,-0.34174,-0.24683,0.05527
-0.092,0.99556,-0.01944,-0.31313,-0.30985,0.09725
-0.1052,0.99439,0.01049,-0.157,0.00523,0.09004
-0.12743,0.99072,0.04706,-0.00211,0.1806,0.02165
-0.15272,0.98472,0.08363,0.35157,0.18352,-0.26481
-0.1724,0.97661,0.12845,0.42053,0.30727,-0.37236
-0.18182,0.96783,0.17387,0.36555,0.33287,-0.58393
-0.18796,0.96208,0.19766,0.68243,0.35195,-0.4817
-0.19568,0.96193,0.19075,0.8055,0.42384,-0.21312
-0.19228,0.96469,0.17998,0.57099,0.52512,-0.4666
-0.181,0.96826,0.17235,0.22835,0.39251,-0.7675
-0.167,0.97452,0.14967,0.18633,0.40721,-0.68037
-0.16001,0.98188,0.10148,0.17373,0.42356,-0.44255
-0.15448,0.98748,0.03179,0.14604,0.54435,0.62072
-0.14559,0.9883,-0.04526,-0.3249,0.48914,0.87755
-0.12776,0.98529,-0.11348,-0.72481,0.87801,0.32377
-0.11967,0.97863,-0.1672,-0.69626,0.93469,0.34376
-0.13082,0.96736,-0.21699,-0.77751,0.70869,0.50494
-0.14827,0.95217,-0.26715,-0.74946,0.33799,0.37244
-0.14383,0.93767,-0.31635,-0.64418,0.1509,0.56371
-0.10501,0.92492,-0.36535,0.1033,-0.06486,0.75334
-0.06897,0.90942,-0.41012,0.41228,-0.39312,0.92606
-0.06191,0.89393,-0.44391,0.46282,-0.43062,0.90196
-0.05513,0.88346,-0.46524,0.16676,-0.47278,0.60906
-0.04498,0.87269,-0.4862,-0.10855,-0.68493,0.6917
-0.03841,0.86132,-0.5066,-0.1509,-0.72744,0.73299
-0.03912,0.85438,-0.51817,-0.156,-0.74234,0.77184
-0.04685,0.8526,-0.52046,-0.1662,-0.6865,0.74199
-0.05743,0.85532,-0.5149,-0.16457,-0.66739,0.67209
-0.07221,0.86131,-0.50291,-0.13874,-0.64854,0.64796
-0.08821,0.87336,-0.47902,0.03851,0.55122,-0.56808
-0.09549,0.88909,-0.44765,0.06283,1.58396,-2.10111
-0.09236,0.88461,-0.45709,0.29468,1.57137,-1.82979
-0.09109,0.87302,-0.4791,0.01105,0.08673,-0.44879
-0.08398,0.86782,-0.48972,-0.27506,-0.18786,-0.19402
-0.07648,0.87247,-0.48263,-0.76433,0.73637,0.39627
-0.06923,0.87486,-0.4794,-0.74264,1.73665,-0.53589
-0.0629,0.8637,-0.50006,-0.19486,0.07818,1.2285
-0.02618,0.84035,-0.5414,-0.72855,-1.52649,1.6188
0.01576,0.853,-0.52166,-0.67755,-0.56449,1.07444
0.04557,0.88749,-0.45857,-0.70449,0.08374,1.27316
0.05258,0.92078,-0.38652,-0.70668,0.71225,0.85372
0.03727,0.94497,-0.32501,-0.21718,0.85718,0.92343
0.00438,0.95579,-0.29399,0.13567,0.67327,0.89708
-0.04082,0.96186,-0.27047,0.68005,0.25689,0.13658
-0.08208,0.97146,-0.22251,0.95389,-0.06755,-0.10677
-0.10143,0.98389,-0.14715,0.79066,-0.12678,-0.05242
-0.09963,0.98787,-0.11903,0.30764,-0.09847,-0.225
-0.08498,0.99103,-0.10307,0.16889,-0.01453,0.05812
-0.06885,0.9945,-0.07881,0.07437,-0.00018,0.20141
-0.0496,0.99755,-0.04912,-0.24462,-0.2816,0.21086
-0.03442,0.99925,-0.0177,-0.39513,-0.35937,-0.06155
-0.02907,0.99928,0.02411,-0.31447,-0.15083,-0.10187
-0.03541,0.99741,0.06254,-0.12461,-0.14583,-0.17808
-0.05112,0.99485,0.08744,0.08611,-0.04231,-0.02742
-0.06938,0.99172,0.10799,0.16749,0.02842,-0.04311
-0.08085,0.98667,0.14116,0.1967,0.3214,-0.2264
-0.0862,0.97836,0.18804,0.03016,0.36291,-0.38825
-0.09019,0.97054,0.22338,0.15943,0.32891,-0.58983
-0.10007,0.96969,0.22289,0.39977,0.39956,-0.28597
-0.10635,0.97269,0.20629,0.39056,0.36687,-0.10192
-0.10064,0.97457,0.20019,0.26131,0.32728,-0.13557
-0.09288,0.97599,0.197,0.16004,0.51199,-0.69851
-0.08138,0.98082,0.17708,0.30807,0.27882,-0.71436
-0.07244,0.98871,0.13115,0.06742,0.31272,-0.57808
-0.06354,0.99593,0.06386,-0.1266,0.43773,-0.09482
-0.05554,0.99841,-0.00866,-0.12296,0.41933,0.72811
-0.05077,0.9954,-0.0812,-0.17773,0.59178,0.69511
-0.04563,0.98746,-0.15112,-0.53379,0.8777,0.31945
-0.04759,0.97751,-0.20544,-0.68354,0.76996,0.27093
-0.06313,0.96591,-0.25103,-0.71014,0.59393,0.37571
-0.07387,0.95164,-0.29819,-0.52111,0.09108,0.53122
-0.06352,0.93684,-0.34392,-0.18055,-0.14569,0.62619
-0.04347,0.92033,-0.38872,0.15011,-0.15473,0.71504
-0.04042,0.89917,-0.43572,0.38728,-0.254,0.74073
-0.04582,0.87889,-0.47481,0.23428,-0.41106,0.71738
-0.04529,0.86333,-0.50259,0.13089,-0.42283,0.67821
-0.04325,0.84717,-0.52956,0.0524,-0.50761,0.70984
-0.04176,0.83532,-0.54817,-0.16832,-0.6872,0.81305
-0.04535,0.83055,-0.5551,-0.16719,-0.67959,0.81663
-0.05217,0.83258,-0.55144,-0.16575,-0.69232,0.81905
-0.05868,0.84156,-0.53696,-0.13196,-0.51597,0.68722
-0.06262,0.85705,-0.51141,-0.14646,-0.31701,0.56218
-0.06769,0.87573,-0.47803,-0.1132,-0.06549,0.25766
-0.07551,0.89107,-0.44752,0.49714,2.51081,-2.78369
-0.07875,0.87864,-0.47093,0.12961,1.38274,-1.15064
-0.0812,0.85957,-0.50452,-0.09226,-0.0922,-0.281
-0.07706,0.8499,-0.52127,-0.1395,-0.70353,-0.22119
-0.07014,0.85097,-0.5205,-0.31079,-0.54048,0.28434
-0.06504,0.85669,-0.51171,-0.63445,0.37143,0.76904
-0.07342,0.86294,-0.49995,-0.52439,0.42076,0.9725
-0.06072,0.8711,-0.48734,-0.32221,1.07573,-0.10133
-0.06212,0.88448,-0.46241,-0.30163,-0.19511,1.64712
-0.05306,0.87677,-0.47797,-0.20893,-0.46489,1.62746
-0.02431,0.88446,-0.46598,-0.28214,-0.16009,1.02617
-0.0032,0.90619,-0.42285,-0.25619,0.18819,0.97746
-0.00866,0.93057,-0.36599,0.00491,0.50554,1.17169
-0.03406,0.94503,-0.32521,0.29784,0.44288,0.8783
-0.07127,0.95147,-0.29937,0.38887,0.32591,0.54506
-0.10313,0.95946,-0.26229,0.62436,0.10042,-0.43095
-0.11774,0.97628,-0.18169,0.29865,-0.14026,-0.11264
-0.11274,0.98468,-0.13301,0.13562,-0.14523,-0.12909
-0.09441,0.98936,-0.11063,0.12467,-0.05476,0.07493
-0.07325,0.99365,-0.08531,-0.10349,-0.09219,0.27039
-0.04978,0.99733,-0.05341,-0.28004,-0.33181,0.22623
-0.03578,0.9992,-0.01772,-0.27605,-0.41024,0.10033
-0.03161,0.99925,0.02231,-0.29303,-0.25639,-0.03734
-0.04003,0.99697,0.06655,-0.38074,-0.11505,-0.28969
-0.05733,0.99257,0.10724,0.02616,0.00193,-0.13189
-0.07833,0.98791,0.13373,0.14097,0.05863,-0.26001
-0.09113,0.98192,0.16588,0.25421,0.45048,-0.29295
-0.09405,0.97396,0.20627,0.26608,0.4012,-0.43206
-0.09624,0.96724,0.2349,0.43065,0.44219,-0.50402
-0.10578,0.96743,0.22994,0.49848,0.41419,-0.47326
-0.10512,0.97217,0.20932,0.29714,0.62385,-0.28835
-0.10134,0.97508,0.19733,0.2371,0.67205,-0.54747
-0.09623,0.97832,0.18337,0.32111,0.3963,-0.74596
-0.09206,0.98505,0.14555,0.19119,0.36328,-0.54392
-0.08879,0.99237,0.0855,0.0871,0.33173,-0.28864
-0.08771,0.99612,0.00675,-0.01956,0.32992,0.07865
-0.0836,0.99342,-0.07826,-0.16924,0.61776,0.68349
-0.0758,0.98462,-0.15739,-0.3644,0.85005,0.63116
-0.07623,0.97166,-0.22373,-0.56571,1.06292,0.55859
-0.09669,0.9595,-0.26459,-0.87295,0.45858,0.43046
-0.11803,0.9482,-0.29491,-0.78245,0.0647,0.39523
-0.11813,0.93679,-0.32932,-0.67963,-0.10427,0.42117
-0.09553,0.92554,-0.36639,0.26714,-0.28428,0.79965
-0.07648,0.91088,-0.40552,0.48116,-0.1691,0.86017
-0.08241,0.88877,-0.45088,0.61787,-0.17748,0.75454
-0.08373,0.87111,-0.48388,0.17098,-0.45482,0.59948
-0.08144,0.85352,-0.51465,0.11802,-0.51752,0.70241
-0.08714,0.83934,-0.53658,-0.06399,-0.66951,0.87564
-0.09685,0.83211,-0.54608,-0.12804,-0.59919,0.91159
-0.10623,0.83251,-0.54372,-0.15601,-0.59876,0.89314
-0.11321,0.84029,-0.53018,-0.08752,-0.6664,0.80458
-0.1152,0.85664,-0.50289,-0.11391,-0.25704,0.58913
-0.11338,0.87818,-0.4647,-0.19027,0.0182,0.27936
-0.11148,0.90268,-0.41562,0.14392,2.2741,-3.29303
-0.10287,0.90097,-0.42151,0.09842,2.39681,-2.94769
-0.10969,0.88561,-0.45128,-0.11235,-0.32401,-0.37587
-0.11296,0.87763,-0.46582,-0.18353,-0.43283,-0.04776
-0.11417,0.87632,-0.46799,-0.55441,0.09559,0.70812
-0.11433,0.87772,-0.46533,-0.55424,0.09419,0.70546
-0.11274,0.88634,-0.4491,-0.52973,1.55415,0.17626
-0.09489,0.88948,-0.44701,-0.88523,0.04479,0.32272
-0.09692,0.87777,-0.46917,-0.23508,-0.80697,1.71568
-0.07786,0.88062,-0.46737,-0.19197,-0.58669,1.32235
-0.049,0.90344,-0.42589,-0.33755,-0.03455,1.04727
-0.04261,0.93238,-0.35894,-0.17898,0.45063,1.19003
-0.06144,0.94814,-0.31184,0.22831,0.49865,1.13412
-0.0899,0.95188,-0.29297,0.41862,0.42545,0.80603
-0.11381,0.95452,-0.27556,0.73797,0.32911,-0.35408
-0.12388,0.97074,-0.2057,0.58143,-0.01188,-0.18412
-0.12365,0.98321,-0.13417,0.08022,-0.18502,-0.25496
-0.11085,0.9881,-0.10655,0.05918,-0.09115,-0.0477
-0.09241,0.99105,-0.09631,-0.0186,-0.07128,0.25294
-0.06993,0.99503,-0.07078,-0.25414,-0.10885,0.13922
-0.05322,0.9979,-0.03681,-0.26466,-0.37449,0.27894
-0.04841,0.99881,-0.00551,-0.29942,-0.44005,0.23714
-0.05322,0.99813,0.03005,-0.3501,-0.12894,-0.1204
-0.07229,0.99513,0.06701,-0.33103,-0.12594,-0.15735
-0.09834,0.99041,0.09701,0.20152,0.05805,-0.14593
-0.11889,0.98461,0.12807,0.29498,0.41976,-0.23654
-0.12392,0.97733,0.17161,0.20855,0.43403,-0.31867
-0.12088,0.96829,0.21862,0.17261,0.37787,-0.4186
-0.13,0.96348,0.23408,0.70477,0.49877,-0.5586
-0.1359,0.96843,0.20895,0.70151,0.49409,-0.37623
-0.12748,0.97409,0.18679,0.55204,0.56722,-0.21378
-0.11476,0.97701,0.17962,-0.01199,0.27743,-0.67678
-0.10095,0.98211,0.15893,0.14302,0.34754,-0.79082
-0.094,0.98997,0.10538,0.18408,0.40123,-0.4871
-0.09111,0.99554,0.02422,0.04819,0.52698,0.2786
-0.0797,0.99458,-0.06671,-0.05415,0.50615,0.86467
-0.06282,0.98687,-0.14877,-0.39893,0.67706,0.5848
-0.05515,0.97528,-0.21396,-0.69876,1.06616,0.53522
-0.07561,0.96176,-0.26325,-0.97056,0.85624,0.47713
-0.11285,0.94798,-0.29764,-0.82363,-0.07124,0.32403
-0.13704,0.93521,-0.32649,-0.51297,-0.26463,0.44058
-0.13097,0.92351,-0.36051,0.12415,-0.23475,0.51777
-0.11286,0.9078,-0.40392,0.65925,-0.17302,0.77372
-0.11142,0.88457,-0.45289,0.79062,-0.09792,0.7935
-0.11516,0.86639,-0.48591,0.36813,-0.32407,0.80894
-0.11586,0.84815,-0.51692,0.04132,-0.60017,0.83699
-0.12226,0.83186,-0.54136,-0.01737,-0.7022,0.92237
-0.13256,0.82458,-0.54999,-0.0978,-0.70788,0.89034
-0.14433,0.82411,-0.54773,-0.13814,-0.71054,0.84645
-0.15418,0.82958,-0.53668,-0.07029,-0.64493,0.77798
-0.1589,0.84227,-0.5151,-0.09684,-0.29716,0.60919
-0.16065,0.86018,-0.48403,-0.22569,0.36279,-0.46119
-0.16164,0.88023,-0.44616,-0.14353,2.39424,-3.39439
-0.16174,0.86782,-0.46981,-0.30414,2.17983,-2.23348
-0.17246,0.8457,-0.50501,-0.15203,-0.42547,-0.21166
-0.17339,0.8361,-0.52044,-0.10365,-0.76066,-0.10179
-0.16549,0.83935,-0.51778,-0.29019,-0.33825,0.55442
-0.16119,0.84739,-0.50592,-0.70282,0.48954,1.11372
-0.16103,0.85777,-0.48815,-0.60183,1.02687,1.16985
-0.14031,0.87376,-0.46567,-0.96012,1.97324,-1.56373
-0.14197,0.86925,-0.47354,-0.56611,0.15896,0.79602
-0.11442,0.8657,-0.4873,-0.1078,-0.643,1.35501
-0.08161,0.88698,-0.45454,-0.25918,-0.26711,1.12238
-0.06951,0.9199,-0.38595,-0.29805,-0.02172,1.06339
-0.07864,0.94287,-0.32373,0.30889,0.51335,1.08513
-0.09716,0.95029,-0.2958,0.32742,0.50593,1.0572
-0.11681,0.9524,-0.28157,0.47234,0.36639,0.02822
-0.13337,0.96542,-0.22398,0.53141,0.05965,-0.36942
-0.14188,0.97788,-0.15365,0.14686,-0.1803,-0.11495
-0.13292,0.9832,-0.1251,0.0964,-0.11422,-0.01609
-0.11221,0.98808,-0.1053,-0.01059,-0.03351,0.2247
-0.08728,0.99359,-0.07182,-0.2084,-0.1974,0.02144
-0.06648,0.99732,-0.03031,-0.22321,-0.39732,0.2673
-0.05616,0.9984,0.00618,-0.15064,-0.35553,0.03772
-0.06004,0.99723,0.04385,-0.25046,-0.16935,-0.16791
-0.07549,0.99395,0.07975,-0.1448,-0.04714,-0.18076
-0.09738,0.98942,0.10753,0.096,0.06706,-0.07689
-0.11504,0.98474,0.13058,0.17144,0.25728,-0.25269
-0.11988,0.97867,0.1668,0.21471,0.53035,-0.30407
-0.11569,0.97002,0.21368,0.23529,0.37411,-0.48785
-0.1163,0.96353,0.24098,0.48315,0.47614,-0.60785
-0.12473,0.9658,0.22731,0.51387,0.62936,-0.34766
-0.11961,0.97169,0.20374,0.38976,0.60551,-0.46437
-0.10782,0.97592,0.18958,0.15842,0.34741,-0.75772
-0.09337,0.98249,0.16123,0.00946,0.39116,-0.76092
-0.09033,0.99075,0.10123,-0.07359,0.46659,-0.56433
-0.09375,0.99546,0.01644,0.11134,0.41705,0.71961
-0.0934,0.9928,-0.07496,-0.06533,0.5323,0.72691
-0.08529,0.98352,-0.15937,-0.45477,0.77038,0.65163
-0.07903,0.96921,-0.23322,-0.82997,0.86728,0.42548
-0.09787,0.95318,-0.28612,-0.88693,0.33234,0.37715
-0.13102,0.93895,-0.31812,-0.72002,-0.09018,0.46292
-0.15066,0.92452,-0.35009,-0.24146,-0.30365,0.46903
-0.14661,0.90987,-0.38811,0.21404,-0.1491,0.65908
-0.13773,0.88913,-0.43644,0.70668,-0.15645,0.76688
-0.14935,0.85732,-0.49264,0.74323,-0.04055,0.9396
-0.16029,0.83397,-0.52802,0.25396,-0.34874,0.73767
-0.1662,0.81176,-0.55984,0.12278,-0.51893,0.81957
-0.17236,0.79501,-0.58159,-0.01626,-0.5883,0.91287
-0.18061,0.78701,-0.58991,-0.10818,-0.60682,0.92427
-0.18887,0.78617,-0.58844,-0.12671,-0.66063,0.89577
-0.19405,0.79394,-0.5762,-0.11963,-0.65168,0.82081
-0.19327,0.81135,-0.55169,-0.17212,-0.29453,0.53216
-0.1926,0.83476,-0.51583,-0.05263,0.77025,-0.92907
-0.19075,0.86026,-0.47282,-0.15619,1.59572,-2.16257
-0.18795,0.85378,-0.48552,-0.3077,1.34468,-1.2843
-0.19815,0.83364,-0.51554,-0.14823,-0.07941,-0.29693
-0.1989,0.82431,-0.53005,-0.00907,-0.43774,-0.2888
-0.19716,0.82496,-0.52968,-0.04965,-0.34347,0.02617
-0.1972,0.83055,-0.52085,-0.54741,0.84616,0.78834
-0.19509,0.83888,-0.50815,-0.54952,0.83783,0.77564
-0.16865,0.84554,-0.50658,-0.6245,0.82623,-0.62574
-0.15763,0.84456,-0.51174,-0.25559,-0.62984,1.61931
-0.14311,0.84745,-0.51122,-0.21016,-0.58942,1.28549
-0.11044,0.86659,-0.48664,-0.20316,-0.4796,1.06209
-0.0892,0.89881,-0.42916,-0.32243,0.10525,0.94047
-0.09221,0.92888,-0.35873,0.01373,0.68039,1.23589
-0.11364,0.93959,-0.32288,0.39551,0.47774,1.05645
-0.13619,0.94283,-0.30416,0.48778,0.29829,0.66887
-0.14622,0.94823,-0.2819,0.62851,0.16923,-0.3111
-0.14322,0.96787,-0.20667,0.44095,-0.00902,-0.19152
-0.1366,0.98079,-0.13921,0.15312,-0.11464,-0.32253
-0.11979,0.98702,-0.10698,0.18808,-0.16706,-0.19069
-0.09563,0.99114,-0.09219,-0.02338,-0.10344,0.01269
-0.06779,0.99519,-0.07069,-0.16363,-0.14296,0.25355
-0.0522,0.99742,-0.0492,-0.20894,-0.28143,0.26542
-0.04699,0.99868,-0.02061,-0.29319,-0.26975,-0.07138
-0.05115,0.99847,0.02084,-0.31004,-0.15564,-0.16789
-0.06819,0.99569,0.0628,-0.17095,-0.04099,0.01415
-0.09188,0.99183,0.08842,0.17176,0.15709,-0.31713
-0.10806,0.9873,0.11645,0.18784,0.31869,-0.27685
-0.11033,0.98159,0.15591,0.16131,0.35948,-0.22933
-0.10436,0.97424,0.19991,0.38987,0.43113,-0.42359
-0.1037,0.96821,0.22763,0.52726,0.45185,-0.53392
-0.10526,0.97034,0.2176,0.4227,0.55587,-0.27664
-0.09865,0.97503,0.19895,0.24216,0.6025,-0.39306
-0.08875,0.97801,0.18873,0.12358,0.35129,-0.76713
-0.07859,0.98399,0.15994,0.1327,0.34819,-0.68219
-0.07715,0.99162,0.10359,-0.0018,0.30339,-0.33903
-0.0788,0.99652,0.02704,0.07979,0.43944,0.52817
-0.0754,0.99553,-0.05687,0.00404,0.50885,0.76398
-0.06691,0.98869,-0.13417,-0.38476,0.61131,0.50296
-0.06085,0.97799,-0.19957,-0.66234,0.94695,0.40164
-0.07337,0.96576,-0.24885,-0.7259,0.56891,0.37672
-0.09851,0.95318,-0.28591,-0.67616,0.12565,0.42466
-0.1176,0.93939,-0.32206,-0.50461,-0.21587,0.53489
-0.1141,0.92354,-0.36613,-0.04098,-0.18028,0.5952
-0.10827,0.90122,-0.41962,0.274,-0.20668,0.65044
-0.11729,0.86946,-0.47987,0.72838,-0.15616,0.83598
-0.13168,0.84604,-0.51659,0.47224,-0.23339,0.81188
-0.13397,0.83078,-0.54023,0.16603,-0.43532,0.75948
-0.13387,0.8172,-0.56059,-0.06645,-0.60479,0.84871
-0.13908,0.80852,-0.57179,-0.14938,-0.61112,0.89128
-0.14821,0.80597,-0.5731,-0.20502,-0.65076,0.88473
-0.15664,0.81004,-0.56506,-0.14211,-0.66555,0.79187
-0.15923,0.82203,-0.54673,-0.1154,-0.57383,0.70785
-0.15493,0.84182,-0.51704,-0.10665,-0.3926,0.52405
-0.15609,0.86473,-0.47736,0.05054,2.10556,-2.70935
-0.16039,0.86657,-0.47258,0.09603,2.11935,-2.18359
-0.17164,0.84848,-0.50061,-0.03763,0.33299,-0.54451
-0.17136,0.83566,-0.52183,-0.19295,-0.54785,-0.20905
-0.16541,0.83358,-0.52705,-0.25805,-0.44852,0.06699
-0.16274,0.83944,-0.51851,-0.35935,-0.15751,0.34022
-0.16433,0.84552,-0.50802,-0.54435,0.66186,0.81722
-0.14999,0.8546,-0.49715,-0.41462,1.20334,0.31667
-0.13157,0.86207,-0.48941,-0.88845,1.3176,-1.07217
-0.12001,0.86015,-0.49572,-0.09221,-0.56149,1.39995
-0.08735,0.87213,-0.4814,-0.21325,-0.24939,1.08275
-0.06588,0.90171,-0.42729,-0.26223,-0.0058,1.05107
-0.06828,0.92906,-0.36356,0.03037,0.51631,1.269
-0.08751,0.93939,-0.3315,0.3472,0.49456,1.06904
-0.11206,0.94215,-0.31589,0.46626,0.36704,0.21799
-0.12762,0.9528,-0.27546,0.60533,0.06961,-0.25342
-0.132,0.97252,-0.19178,0.41293,-0.01944,-0.10856
-0.12123,0.98197,-0.14501,0.17217,-0.09771,-0.11874
-0.09854,0.98774,-0.12108,-0.142,-0.16324,0.22697
-0.06752,0.9927,-0.09995,-0.22319,-0.10022,0.06071
-0.04207,0.99729,-0.06032,-0.32651,-0.32693,0.18834
-0.02767,0.9995,-0.01532,-0.26551,-0.28613,0.00874
-0.02423,0.99952,0.01928,-0.27035,-0.26848,0.02842
-0.03513,0.99843,0.04352,-0.26521,-0.13292,-0.00356
-0.05656,0.99594,0.07004,0.10566,0.07192,-0.01995
-0.07833,0.99225,0.09648,0.2818,0.22769,-0.18477
-0.0879,0.98714,0.13347,0.32061,0.51612,-0.24488
-0.08687,0.97918,0.18346,0.10639,0.37681,-0.45649
-0.07951,0.97057,0.2273,0.19508,0.34669,-0.70156
-0.08487,0.96981,0.2286,0.33367,0.38287,-0.45237
-0.09176,0.9738,0.20806,0.2791,0.43253,-0.17579
-0.09156,0.97509,0.20203,0.09645,0.3134,-0.52214
-0.08645,0.97715,0.19416,0.15287,0.38207,-0.83398
-0.08591,0.98332,0.1603,0.28855,0.24092,-0.78919
-0.0887,0.99118,0.0984,0.34698,0.57812,-0.16823
-0.08955,0.99587,0.01496,0.25725,0.63077,0.46401
-0.07875,0.99432,-0.07156,0.0522,0.51224,0.91879
-0.06751,0.98698,-0.14595,-0.15336,0.48192,0.85249
-0.06643,0.97633,-0.20581,-0.71871,1.08231,0.42912
-0.08924,0.96395,-0.25065,-0.8781,0.53985,0.25214
-0.12677,0.95059,-0.28338,-0.81737,0.09351,0.34037
-0.14621,0.93483,-0.32359,-0.33188,-0.09709,0.5265
-0.13181,0.91931,-0.3708,-0.0638,-0.20167,0.63627
-0.10117,0.90439,-0.41453,0.28152,-0.23824,0.90363
-0.08523,0.8814,-0.46461,0.72049,-0.1322,0.81841
-0.10547,0.85412,-0.50926,0.32935,-0.32232,0.79628
-0.12001,0.83277,-0.54046,0.19502,-0.44553,0.70432
-0.12506,0.8135,-0.56796,0.08568,-0.54248,0.71614
-0.13392,0.80114,-0.5833,-0.16169,-0.62412,0.93042
-0.14216,0.79731,-0.58658,-0.1579,-0.66002,0.93881
-0.14665,0.80273,-0.57803,-0.14135,-0.69499,0.91634
-0.14732,0.81634,-0.55846,-0.15282,-0.29394,0.51076
-0.14594,0.8364,-0.52834,-0.1542,-0.06918,0.14189
-0.14683,0.86164,-0.48582,-0.15931,0.23391,-0.51743
-0.15046,0.86207,-0.48393,-0.06239,0.99504,-1.04915
-0.16053,0.84664,-0.50738,-0.08775,-0.27179,-0.29703
-0.16057,0.83863,-0.5205,-0.21319,-0.27872,-0.12733
-0.15378,0.84255,-0.5162,-0.75664,0.47191,0.79118
-0.14387,0.84764,-0.51069,-0.777,1.36612,0.10299
-0.13824,0.85369,-0.5021,-0.20172,0.90329,0.22201
-0.11343,0.83827,-0.53333,-0.61556,-0.88625,1.49177
-0.08842,0.83616,-0.54131,-0.38471,-0.81234,1.44312
-0.05623,0.86032,-0.50664,-0.40733,-0.2135,1.24017
-0.03213,0.89478,-0.44535,-0.46573,0.38409,1.05237
-0.02781,0.92722,-0.37348,-0.32904,0.5661,1.04831
-0.04669,0.94186,-0.33274,0.38527,0.65249,1.1078
-0.07548,0.9461,-0.31495,0.45167,0.45441,0.50306
-0.10077,0.95287,-0.28615,0.79987,0.0663,-0.50534
-0.11627,0.97118,-0.20804,0.44816,-0.12093,-0.08936
-0.11918,0.97929,-0.16366,0.2405,-0.17146,-0.04261
-0.10428,0.98448,-0.14113,0.17132,-0.09447,0.06522
-0.0825,0.98994,-0.11497,-0.09823,-0.04844,0.37969
-0.05276,0.99527,-0.08149,-0.30927,-0.21909,0.15075
-0.03236,0.99881,-0.03641,-0.42164,-0.36504,0.08019
-0.02441,0.99963,0.01206,-0.40262,-0.24403,-0.06518
-0.03017,0.99817,0.05232,-0.36156,-0.17439,-0.24497
-0.05129,0.99526,0.08259,0.04549,-0.03779,-0.04947
-0.07772,0.99179,0.10154,0.16563,0.0223,-0.06857
-0.09544,0.98757,0.12482,0.33563,0.47535,-0.18091
-0.10027,0.98119,0.16497,0.34046,0.48174,-0.22106
-0.09694,0.97301,0.20942,0.11422,0.30986,-0.53942
-0.09869,0.96872,0.22768,0.21298,0.39443,-0.60144
-0.10482,0.97205,0.21007,0.23819,0.4263,-0.46278
-0.10397,0.97638,0.18936,0.27319,0.65272,-0.22588
-0.09792,0.97937,0.17675,0.24685,0.32031,-0.71848
-0.08797,0.98524,0.14686,0.42682,0.4479,-0.65482
-0.08531,0.99277,0.0844,0.24156,0.38847,-0.43523
-0.08238,0.99659,0.00451,-0.07837,0.36807,0.28687
-0.081,0.99373,-0.07701,-0.01876,0.4917,0.81009
-0.0799,0.98426,-0.1576,-0.26021,0.68947,0.62368
-0.08065,0.971,-0.22506,-0.51197,0.89604,0.45143
-0.09441,0.95779,-0.27153,-0.66469,0.55105,0.52942
-0.11466,0.94453,-0.30776,-0.64245,0.14005,0.4012
-0.12571,0.931,-0.34267,-0.36155,0.00729,0.50675
-0.12122,0.91657,-0.38105,0.05071,-0.11979,0.54766
-0.11091,0.89671,-0.42849,0.30802,-0.08728,0.68226
-0.11096,0.87089,-0.47878,0.51783,-0.18237,0.81815
-0.1144,0.84785,-0.51775,0.28763,-0.24743,0.8232
-0.11227,0.82971,-0.54678,-0.00587,-0.51602,0.80138
-0.1128,0.81423,-0.56947,-0.10666,-0.61889,0.83818
-0.11447,0.80563,-0.58126,-0.16282,-0.60154,0.8459
-0.11975,0.80326,-0.58347,-0.17772,-0.65897,0.84324
-0.12514,0.80774,-0.5761,-0.17404,-0.61045,0.76351
-0.12978,0.81873,-0.55931,-0.15745,-0.51875,0.66742
-0.1335,0.8368,-0.53097,-0.14673,0.2233,-0.26572
-0.13977,0.85895,-0.49261,0.11671,1.69239,-2.30343
-0.14132,0.8586,-0.49278,0.15543,1.98044,-2.47897
-0.1512,0.84156,-0.51857,0.11333,0.00211,-0.18352
-0.15276,0.82895,-0.53806,0.12505,-0.48218,0.07872
-0.1501,0.82548,-0.54411,0.09442,-0.55955,0.36202
-0.14339,0.83295,-0.53445,-0.58847,0.40312,0.95138
-0.1263,0.84835,-0.51415,-0.64809,0.93174,0.90532
-0.09878,0.86948,-0.48399,-0.62363,1.67224,-1.25414
-0.07807,0.88342,-0.46203,-0.28878,-0.31543,1.376
-0.05082,0.87778,-0.47636,-0.36988,-0.58193,1.22364
-0.01585,0.88527,-0.4648,-0.42314,-0.40342,1.05631
-0.00068,0.91326,-0.40736,-0.45983,-0.1219,1.04779
-0.01243,0.93953,-0.34225,-0.21461,0.2524,1.08783
-0.03775,0.95131,-0.30589,0.14291,0.41493,0.93614
-0.07562,0.95357,-0.29151,0.29135,0.39048,0.55643
-0.11239,0.95591,-0.2713,0.56359,0.20709,-0.69708
-0.12862,0.9732,-0.1906,0.46036,0.03154,-0.49765
-0.12834,0.98453,-0.11925,0.20308,-0.20276,-0.27918
-0.11258,0.98978,-0.08753,0.07679,-0.18674,-0.00326
-0.08679,0.9938,-0.0694,-0.0785,-0.16472,0.06152
-0.06132,0.99723,-0.04203,-0.25689,-0.20449,0.15603
-0.04648,0.99886,-0.01032,-0.2386,-0.22021,-0.03846
-0.04688,0.99864,0.02264,-0.12887,-0.23265,-0.01069
-0.0609,0.99693,0.04918,-0.05831,-0.02192,0.03983
-0.08219,0.99374,0.07569,0.05922,0.04848,-0.0147
-0.09819,0.98897,0.11091,0.24339,0.052,-0.12666
-0.1035,0.98249,0.15493,0.26028,0.28338,-0.25706
-0.10284,0.97477,0.19809,0.08832,0.34878,-0.54286
-0.10742,0.97074,0.21477,0.15576,0.48285,-0.59716
-0.11446,0.97301,0.20034,0.36212,0.48876,-0.27943
-0.11825,0.97616,0.18199,0.51231,0.65511,-0.27158
-0.11258,0.97898,0.17007,0.46922,0.51535,-0.43858
-0.09721,0.98345,0.15286,0.45126,0.5235,-0.60534
-0.08548,0.99087,0.1042,-0.11975,0.34842,-0.60861
-0.07831,0.99641,0.03212,-0.18402,0.42634,-0.13472
-0.07632,0.99561,-0.05412,-0.1053,0.52218,0.4808
-0.07108,0.98742,-0.14123,-0.37661,0.56852,0.42933
-0.06545,0.97564,-0.20938,-0.55673,0.78579,0.33346
-0.07817,0.96396,-0.25431,-0.65492,0.65259,0.49169
-0.10498,0.9515,-0.28918,-0.63826,0.26476,0.41375
-0.11881,0.93887,-0.32311,-0.26053,-0.02752,0.53872
-0.10148,0.92636,-0.3627,0.04037,-0.18967,0.62045
-0.06843,0.91142,-0.40575,0.37431,-0.18037,0.71314
-0.05954,0.88496,-0.46183,0.50257,-0.1631,0.73669
-0.06329,0.86266,-0.50181,0.24449,-0.33074,0.74338
-0.0588,0.84587,-0.53014,0.11152,-0.36973,0.72301
-0.059,0.82796,-0.55767,-0.09129,-0.63695,0.82523
-0.06465,0.8154,-0.57527,-0.15427,-0.68494,0.86227
-0.07401,0.8097,-0.58215,-0.13842,-0.7053,0.84686
-0.08183,0.81088,-0.57946,-0.16939,-0.78469,0.79639
-0.08748,0.81844,-0.56789,-0.1116,-0.48833,0.55089
-0.09204,0.83159,-0.54772,-0.14684,-0.28044,0.29344
-0.09972,0.84821,-0.52018,-0.17465,0.48652,-0.93786
-0.11286,0.84746,-0.51873,0.41629,2.00054,-2.3587
-0.12956,0.82966,-0.54303,0.22468,0.37975,-0.33164
-0.14218,0.81252,-0.56533,-0.01482,-0.19351,-0.1421
-0.14912,0.80438,-0.57509,-0.44987,0.21968,0.24866
-0.14905,0.80706,-0.57134,-1.03097,1.12206,0.16671
-0.14042,0.80939,-0.57023,-0.80085,0.86431,0.54856
-0.11782,0.79951,-0.58898,-0.69811,-0.78642,1.34374
-0.09375,0.80421,-0.58691,-0.55098,-0.86239,1.58708
-0.06197,0.83238,-0.55073,-0.38739,-0.19452,1.30998
-0.03391,0.87159,-0.48906,-0.47236,0.53599,1.17394
-0.01987,0.90489,-0.42518,-0.17754,0.80675,1.08937
-0.03662,0.92433,-0.37982,0.32206,0.7577,1.06436
-0.06836,0.93507,-0.34781,0.58482,0.5265,0.46136
-0.09409,0.95144,-0.29308,0.97818,0.19039,-0.16936
-0.11117,0.96611,-0.23294,0.50323,-0.21352,-0.20588
-0.11307,0.97246,-0.20379,0.2487,-0.10926,-0.08536
-0.1047,0.97819,-0.17937,0.19023,-0.06796,0.16368
-0.09005,0.98571,-0.14235,0.13173,-0.08143,0.23808
-0.0665,0.99255,-0.10203,-0.21181,-0.21556,0.05119
-0.04536,0.99745,-0.05512,-0.27967,-0.41653,0.24271
-0.03522,0.99927,-0.01456,-0.28607,-0.45643,0.07399
-0.03093,0.99933,0.01944,-0.25919,-0.28046,-0.15993
-0.04029,0.99773,0.05395,-0.11907,0.02841,0.02069
-0.06051,0.99445,0.08605,0.0386,0.07394,0.01185
-0.07915,0.99007,0.11617,0.13565,0.13399,-0.10932
-0.08973,0.98365,0.15612,0.0454,0.41407,-0.3572
-0.09122,0.97703,0.19256,0.09076,0.43536,-0.47541
-0.09951,0.97459,0.20067,0.28875,0.41604,-0.46091
-0.10664,0.9773,0.18303,0.516,0.4109,-0.21167
-0.0992,0.98072,0.16838,0.38776,0.41871,-0.21771
-0.09001,0.98248,0.1632,0.20022,0.49691,-0.36189
-0.07791,0.98623,0.14589,0.14054,0.26106,-0.87159
-0.07625,0.99217,0.09889,0.09548,0.24901,-0.7863
-0.08025,0.99655,0.02089,0.22905,0.61657,0.40002
-0.08135,0.99398,-0.07335,0.16809,0.53182,0.91948
-0.07156,0.98415,-0.16225,-0.03285,0.63165,0.90838
-0.06317,0.97087,-0.23112,-0.58587,1.05382,0.43058
-0.07489,0.95735,-0.27904,-0.81839,0.72813,0.45078
-0.10924,0.94459,-0.30955,-0.86059,0.43974,0.45231
-0.13688,0.93077,-0.33901,-0.532,-0.04422,0.4404
-0.1303,0.91715,-0.37665,-0.00338,-0.19402,0.57609
-0.09668,0.90364,-0.41724,0.0708,-0.18348,0.7177
-0.07569,0.88032,-0.4683,0.6593,-0.30354,0.76197
-0.0807,0.8526,-0.51629,0.47497,-0.29782,0.95077
-0.08436,0.83279,-0.54713,0.23138,-0.40603,0.77967
-0.0886,0.81259,-0.57606,-0.03139,-0.60544,0.79156
-0.09755,0.79877,-0.59367,-0.12924,-0.64672,0.88434
-0.108,0.79249,-0.60025,-0.18407,-0.68412,0.91954
-0.11695,0.79363,-0.59705,-0.2035,-0.68371,0.86733
-0.12515,0.80135,-0.58495,-0.11492,-0.50818,0.7405
-0.13197,0.81495,-0.56431,-0.13542,-0.08172,0.1915
-0.13536,0.83464,-0.53391,0.02917,1.05289,-1.52408
-0.13923,0.83551,-0.53154,0.16527,1.93576,-2.02154
-0.15497,0.8169,-0.55557,0.03103,0.36736,-0.48046
-0.16165,0.80519,-0.57056,-0.06489,-0.42976,-0.28076
-0.16242,0.80418,-0.57176,-0.18019,-0.49564,0.18335
-0.16101,0.81284,-0.5598,-0.70655,0.27765,0.92915
-0.1535,0.82352,-0.54612,-0.6162,0.81744,0.80806
-0.13349,0.83774,-0.52951,-0.5359,1.25758,-0.15334
-0.11244,0.84254,-0.52676,-1.05516,1.18836,-1.24101
-0.10782,0.83735,-0.53593,-0.15191,-0.83691,1.76273
-0.07572,0.84894,-0.52304,-0.20209,-0.39694,1.13504
-0.04688,0.87701,-0.47819,-0.25459,-0.22561,1.05349
-0.03757,0.91062,-0.41154,-0.08608,0.55925,1.21501
-0.05192,0.93182,-0.35917,0.39593,0.74118,1.27283
-0.07243,0.94022,-0.33276,0.46117,0.50556,0.78161
-0.08904,0.94943,-0.30109,0.90422,0.2562,-0.56666
-0.09839,0.96915,-0.226,0.59401,-0.06689,-0.22363
-0.10057,0.97781,-0.18375,0.177,-0.13211,-0.24621
-0.09486,0.98194,-0.16369,0.04272,-0.09792,0.09358
-0.0856,0.98662,-0.13877,-0.04678,-0.02461,0.27152
-0.07115,0.992,-0.10428,-0.18797,-0.12069,0.4175
-0.05411,0.99599,-0.07124,-0.29136,-0.36473,0.41305
-0.04623,0.99847,-0.03026,-0.32987,-0.32603,0.0785
-0.04645,0.99887,0.01009,-0.30534,-0.2404,-0.07166
-0.0603,0.99706,0.04722,-0.30026,-0.11818,-0.17808
-0.08576,0.9933,0.07742,0.16942,0.11122,-0.12784
-0.10848,0.98869,0.1035,0.26682,0.29034,-0.25719
-0.11732,0.9829,0.14193,0.25901,0.47932,-0.28764
-0.11364,0.97538,0.18899,0.32366,0.39968,-0.55489
-0.11792,0.9706,0.20981,0.52433,0.42062,-0.63074
-0.12385,0.97493,0.18485,0.568,0.35623,-0.33727
-0.11767,0.98064,0.1565,0.34069,0.51116,-0.29464
-0.10985,0.98319,0.14584,0.01749,0.3589,-0.76316
-0.10219,0.98651,0.12786,0.32665,0.27164,-0.79333
-0.10294,0.99177,0.07616,0.36328,0.42782,-0.37935
-0.1092,0.994,-0.00606,0.29709,0.54119,0.41878
-0.10542,0.98921,-0.10173,0.09928,0.57938,0.85037
-0.08742,0.97844,-0.18711,-0.28748,0.7252,0.68142
-0.07856,0.96456,-0.25189,-0.4623,0.86041,0.69473
-0.09464,0.94887,-0.30114,-0.9193,0.73077,0.4351
-0.13005,0.93445,-0.33151,-0.90158,0.18654,0.33285
-0.15921,0.92058,-0.35662,-0.55268,-0.20035,0.44067
-0.15799,0.90601,-0.39267,0.06,-0.14817,0.52346
-0.1374,0.88915,-0.43651,0.35595,-0.1161,0.77702
-0.13139,0.86155,-0.49038,0.80263,-0.11385,0.86469
-0.14124,0.83461,-0.53242,0.49454,-0.23181,0.94616
-0.14041,0.81486,-0.56239,0.12599,-0.42411,0.83572
-0.15105,0.79521,-0.58722,0.00765,-0.54536,0.94803
-0.16701,0.78301,-0.59917,-0.04533,-0.55681,0.98442
-0.18119,0.77947,-0.59967,-0.1435,-0.6541,0.92691
-0.19058,0.78388,-0.59095,-0.16033,-0.66515,0.89551
-0.19593,0.79554,-0.57335,-0.22634,-0.48061,0.72198
-0.19953,0.81231,-0.54804,-0.2812,-0.07715,0.19857
-0.19652,0.83536,-0.51337,-0.27859,0.2119,-0.43621
-0.1894,0.84039,-0.50781,-0.36012,1.52434,-1.82957
-0.19373,0.82309,-0.53385,-0.11601,0.42111,-0.78012
-0.19524,0.81046,-0.5523,-0.01388,0.07683,-0.42639
-0.19733,0.80516,-0.55926,0.14689,-0.0078,-0.26523
-0.2032,0.8019,-0.56183,0.14832,-0.17489,0.29065
-0.20892,0.80397,-0.55675,-0.27921,0.33221,0.68064
-0.21023,0.81498,-0.54001,-0.45831,0.38734,1.19397
-0.17386,0.83095,-0.52847,-0.85043,1.18932,-0.52133
-0.16683,0.84167,-0.51358,-0.90662,0.22066,0.97996
-0.15134,0.84264,-0.51678,-0.21756,-0.68349,1.55946
-0.11328,0.85792,-0.50113,-0.21378,-0.40306,0.94562
-0.09155,0.88633,-0.45392,-0.2319,-0.11886,0.90019
-0.09423,0.92037,-0.37951,-0.06974,0.45591,1.22477
-0.1039,0.94031,-0.32406,0.48073,0.58712,1.3592
-0.10876,0.94705,-0.30211,0.43713,0.41047,0.75285
-0.11653,0.95252,-0.28127,0.72055,0.33326,-0.71654
-0.12208,0.97067,-0.20708,0.34762,-0.09098,-0.13615
-0.11879,0.9805,-0.15652,0.21092,-0.14289,-0.17766
-0.10642,0.98541,-0.1328,-0.0792,-0.10727,0.09498
-0.09045,0.99046,-0.10394,-0.05636,-0.03584,0.13411
-0.07607,0.99472,-0.06883,-0.14822,-0.22215,0.22314
-0.06433,0.99716,-0.03904,-0.14029,-0.43715,0.24709
-0.05701,0.99826,-0.01498,-0.12111,-0.2642,0.12345
-0.06182,0.99799,0.01407,-0.14206,-0.1579,-0.15654
-0.07446,0.9959,0.05121,-0.02632,0.05918,-0.09401
-0.09096,0.99197,0.08786,0.12012,0.18627,-0.17958
-0.10293,0.98725,0.1214,0.17028,0.39114,-0.27524
-0.10409,0.98142,0.16114,0.15776,0.40943,-0.33129
-0.09733,0.9743,0.2031,0.31529,0.41188,-0.54288
-0.10004,0.97027,0.22037,0.41438,0.45248,-0.59787
-0.10531,0.97458,0.19772,0.45361,0.55214,-0.48117
-0.09831,0.98104,0.16699,0.41635,0.48722,-0.45254
-0.08814,0.98624,0.13987,0.14708,0.29782,-0.62184
-0.07819,0.99239,0.09507,-0.06699,0.34527,-0.63897
-0.07593,0.99686,0.02233,-0.18444,0.49272,0.07541
-0.07594,0.99499,-0.06491,0.11082,0.50462,0.76129
-0.07253,0.98582,-0.1513,-0.10873,0.62255,0.70129
-0.06854,0.97094,-0.22928,-0.46249,1.00312,0.65538
-0.07584,0.95353,-0.29159,-0.74131,0.93194,0.33549
-0.09816,0.94027,-0.32596,-0.79015,0.32439,0.44146
-0.11398,0.92777,-0.3553,-0.34014,-0.09208,0.51874
-0.11044,0.91212,-0.39477,-0.12635,-0.08282,0.57294
-0.09827,0.89147,-0.44229,0.03,-0.12334,0.61932
-0.0945,0.86556,-0.4918,0.67767,-0.15345,0.8907
-0.10547,0.84105,-0.53056,0.68865,-0.12894,0.92946
-0.11171,0.81991,-0.56148,0.20845,-0.39482,0.78505
-0.11562,0.80012,-0.58858,-0.02151,-0.69121,0.88476
-0.12143,0.78901,-0.60226,-0.09196,-0.67556,0.90679
-0.13117,0.78585,-0.60434,-0.19366,-0.67272,0.9346
-0.13817,0.79068,-0.59643,-0.2066,-0.66646,0.87049
-0.14026,0.80422,-0.57754,-0.19072,-0.61297,0.84251
-0.14281,0.82531,-0.54633,-0.21346,-0.174,0.48802
-0.15045,0.85163,-0.50208,-0.17656,0.47655,-0.61241
-0.15154,0.86484,-0.47863,0.07583,2.20126,-2.97127
-0.16159,0.85059,-0.50039,-0.02533,0.84114,-0.89975
-0.16389,0.84044,-0.51653,0.02568,-0.28036,-0.13296
-0.1552,0.83876,-0.5219,-0.03387,-0.46476,0.06927
-0.15013,0.84341,-0.51587,-0.44876,0.01043,0.67259
-0.14423,0.85059,-0.50566,-0.49892,0.49876,1.04476
-0.12391,0.86364,-0.48864,-0.55198,0.99929,0.30615
-0.10937,0.87312,-0.47508,-0.71357,0.74316,-0.51789
-0.10381,0.86167,-0.49673,-0.277,-0.5355,1.64223
-0.07885,0.86247,-0.49993,-0.28379,-0.49581,1.10342
-0.05479,0.8796,-0.47255,-0.2611,-0.2377,0.96793
-0.04805,0.90439,-0.42398,-0.18945,0.21609,1.04631
-0.06238,0.92214,-0.38179,0.16089,0.69866,1.28012
-0.08224,0.93096,-0.35574,0.33853,0.58827,0.93329
-0.10098,0.94121,-0.32236,0.55188,0.19625,-0.41675
-0.11565,0.95978,-0.25583,0.3696,0.01379,-0.11705
-0.12095,0.96768,-0.22126,0.23308,-0.12181,-0.06086
-0.11548,0.97274,-0.20107,0.08096,-0.04461,0.22896
-0.10282,0.98006,-0.16999,0.03878,-0.03281,0.1375
-0.08826,0.98737,-0.13157,-0.11288,-0.23099,0.07125
-0.07176,0.99318,-0.09185,-0.15617,-0.39299,0.13009
-0.06221,0.99645,-0.05659,-0.09964,-0.34675,0.14767
-0.05946,0.99785,-0.02759,-0.07623,-0.23594,0.01314
-0.06354,0.99797,0.00277,-0.16289,-0.12436,-0.04228
-0.07628,0.99616,0.04282,-0.16371,-0.01063,-0.07179
-0.09055,0.99233,0.08415,0.02828,0.1531,-0.18856
-0.10381,0.98692,0.12328,0.22051,0.27219,-0.30048
-0.11002,0.98116,0.15878,0.33005,0.34941,-0.32926
-0.10623,0.97782,0.18047,0.35084,0.41173,-0.45422
-0.10227,0.97818,0.18082,0.22178,0.37591,-0.47908
-0.10183,0.98132,0.16318,0.24529,0.54929,-0.44705
-0.09998,0.98482,0.14185,0.35326,0.57403,-0.58002
-0.0968,0.98818,0.1188,0.43917,0.5228,-0.69807
-0.09633,0.99275,0.0718,0.35538,0.53436,-0.55657
-0.09872,0.99508,-0.00766,0.12516,0.42742,0.08175
-0.0963,0.99032,-0.09996,0.14633,0.49818,0.80967
-0.0891,0.97836,-0.1867,-0.20654,0.71564,0.80763
-0.0864,0.96141,-0.26117,-0.62415,1.046,0.6951
-0.10342,0.94368,-0.31427,-0.88944,0.72478,0.37739
-0.13347,0.92948,-0.34388,-0.86157,0.26471,0.44173
-0.15105,0.91645,-0.37052,-0.75817,0.07041,0.47291
-0.14181,0.90364,-0.40412,0.21549,-0.07312,0.63987
-0.12478,0.8835,-0.4515,0.19847,-0.05298,0.68725
-0.12572,0.85909,-0.49614,0.84802,0.06478,0.86336
-0.12169,0.84114,-0.52695,0.16503,-0.29269,0.64078
-0.12106,0.82016,-0.55917,0.06893,-0.40071,0.77232
-0.12413,0.80337,-0.58239,0.02448,-0.53854,0.85866
-0.13016,0.7939,-0.59395,-0.09795,-0.65485,0.91727
-0.13798,0.79122,-0.59577,-0.13108,-0.64165,0.8958
-0.14513,0.79528,-0.58861,-0.14547,-0.665,0.84054
-0.15224,0.8055,-0.57271,-0.10871,-0.65993,0.80493
-0.1543,0.82306,-0.54658,-0.18207,-0.31963,0.54763
-0.14942,0.84737,-0.50953,-0.31496,0.2624,-0.32944
-0.14766,0.8596,-0.48916,-0.16481,1.42113,-2.24008
-0.15599,0.84367,-0.51369,0.42319,1.39444,-1.27813
-0.16363,0.82912,-0.53458,0.29749,0.24,-0.21883
-0.16352,0.82026,-0.54811,0.12189,-0.15715,-0.11482
-0.16319,0.817,-0.55306,0.03366,-0.48828,0.39048
-0.16417,0.82348,-0.54307,-0.59037,0.13239,0.76792
-0.15453,0.83192,-0.53294,-0.79448,0.31807,1.2201
-0.12753,0.84797,-0.51447,-1.30718,1.17922,-0.86325
-0.1319,0.85158,-0.50736,-0.27229,-0.46574,1.87105
-0.11772,0.84134,-0.52753,-0.22078,-0.60489,1.63225
-0.09596,0.8566,-0.50697,-0.26904,-0.49695,0.99851
-0.0857,0.88618,-0.45534,-0.2202,0.2065,1.04416
-0.0936,0.91313,-0.39677,-0.04646,0.50786,1.20228
-0.10905,0.92501,-0.36394,0.34773,0.65412,0.97616
-0.11849,0.93089,-0.34553,0.55318,0.5567,-0.13224
-0.13043,0.94856,-0.28846,0.71763,0.16638,-0.11899
-0.14335,0.96399,-0.22399,0.24338,-0.15474,-0.07333
-0.14251,0.97119,-0.19099,0.05439,-0.14137,0.05555
-0.12947,0.97764,-0.16567,-0.01383,-0.09442,0.20262
-0.10851,0.98579,-0.12817,-0.2173,-0.05507,0.20082
-0.08329,0.99293,-0.08453,-0.38467,-0.29461,0.01302
-0.06291,0.9972,-0.04022,-0.21524,-0.44475,0.06723
-0.05835,0.99827,-0.00702,-0.06427,-0.40272,0.13138
-0.06362,0.99788,0.01317,-0.02462,-0.2025,-0.05863
-0.07876,0.99612,0.03907,0.04929,0.00467,-0.04175
-0.09796,0.9927,0.07037,0.15157,0.20137,-0.04223
-0.10947,0.98835,0.10574,0.20244,0.39355,-0.19853
-0.10961,0.98246,0.15081,0.10968,0.3682,-0.27793
-0.10083,0.97585,0.19373,0.06569,0.42956,-0.52399
-0.1026,0.97293,0.20708,0.1821,0.45226,-0.63472
-0.11088,0.9764,0.18533,0.35792,0.35069,-0.29214
-0.11063,0.98042,0.16285,0.37409,0.40906,-0.23497
-0.10927,0.98265,0.14985,0.24994,0.43548,-0.43732
-0.10773,0.98655,0.12286,0.29255,0.42288,-0.7061
-0.11407,0.9919,0.05588,0.25555,0.45915,-0.37555
-0.12131,0.99184,-0.03906,0.20647,0.45983,0.07948
-0.1183,0.98368,-0.13554,-0.00699,0.51286,0.82037
-0.1121,0.96986,-0.21633,-0.01319,0.52668,0.90116
-0.11542,0.95205,-0.28333,-0.50846,0.94189,0.72664
-0.13489,0.93431,-0.32995,-0.8548,0.4805,0.34434
-0.16236,0.92136,-0.35318,-0.80285,0.26581,0.36218
-0.16662,0.90825,-0.38381,-0.38809,-0.0492,0.49459
-0.14162,0.89203,-0.42922,0.1931,-0.15443,0.71779
-0.11477,0.86657,-0.48567,0.36164,-0.20783,0.84044
-0.11949,0.83536,-0.53656,0.6087,-0.16603,0.91702
-0.13148,0.8155,-0.56362,0.21659,-0.34193,0.70185
-0.13795,0.79414,-0.59186,0.15364,-0.40874,0.77884
-0.14766,0.77745,-0.61136,0.03775,-0.60549,0.88504
-0.15899,0.77062,-0.61715,-0.05915,-0.62482,0.92103
-0.16911,0.77232,-0.6123,-0.10483,-0.59395,0.93768
-0.17499,0.78338,-0.59639,-0.09907,-0.66342,0.89962
-0.17537,0.80344,-0.56898,-0.11431,-0.55788,0.75477
-0.17367,0.83031,-0.52955,-0.26528,-0.04627,0.22186
-0.16912,0.85992,-0.4816,-0.18274,1.79604,-2.43312
-0.16306,0.85544,-0.49155,-0.11259,2.05848,-2.68969
-0.17375,0.83748,-0.5181,-0.04812,0.55697,-0.74491
-0.17914,0.82762,-0.53192,0.08275,-0.26988,-0.20119
-0.18126,0.82468,-0.53577,0.10951,-0.33327,0.11737
-0.18196,0.82818,-0.5301,-0.22569,0.01563,0.69965
-0.17316,0.83853,-0.51661,-0.52713,0.72905,1.16143
-0.14092,0.85481,-0.49943,-0.92251,1.81058,-1.68218
-0.13291,0.8578,-0.4965,-0.47701,-0.42616,1.63969
-0.11888,0.84821,-0.51614,-0.26897,-0.73963,1.28791
-0.08971,0.86055,-0.5014,-0.34848,-0.52006,0.92912
-0.0677,0.88821,-0.45442,-0.27956,0.02805,1.10322
-0.07226,0.91637,-0.39376,-0.00437,0.6391,1.38668
-0.09177,0.9302,-0.35539,0.3618,0.60586,1.18808
-0.1113,0.9361,-0.33367,0.4139,0.41539,0.57604
-0.12952,0.9495,-0.28577,0.73933,0.16393,-0.66098
-0.14362,0.96736,-0.20876,0.25887,-0.14417,-0.1175
-0.13995,0.97415,-0.17732,0.10574,-0.10188,-0.00129
-0.12241,0.97933,-0.161,0.07059,-0.04581,0.14853
-0.10018,0.98634,-0.13075,-0.1529,-0.1121,0.27616
-0.07421,0.9927,-0.09506,-0.2895,-0.24248,0.17062
-0.0574,0.99672,-0.05696,-0.15777,-0.40773,0.09413
-0.05257,0.99832,-0.02414,-0.10098,-0.26926,0.1075
-0.05989,0.9982,0.0019,-0.15973,-0.21472,-0.1114
-0.07532,0.99661,0.03289,-0.01706,-0.09393,0.05965
-0.09587,0.99342,0.06264,0.14585,0.18981,-0.1415
-0.11175,0.98903,0.09652,0.17981,0.30793,-0.20092
-0.11669,0.98323,0.14015,0.21285,0.38587,-0.21099
-0.11303,0.97644,0.18378,0.40689,0.40842,-0.55157
-0.11315,0.97278,0.2022,0.46682,0.45942,-0.60155
-0.11682,0.97584,0.18463,0.39666,0.46049,-0.57548
-0.11189,0.98043,0.16196,0.35903,0.54138,-0.38529
-0.10493,0.98327,0.14888,0.29533,0.36904,-0.59715
-0.09563,0.9884,0.11798,0.30229,0.25674,-0.78221
-0.09421,0.99414,0.05286,0.01611,0.40727,-0.09758
-0.09424,0.99505,-0.03155,0.06407,0.55999,0.36062
-0.0897,0.989,-0.1176,0.16224,0.5598,0.79718
-0.08433,0.97641,-0.19875,-0.30459,0.79036,0.6655
-0.08295,0.95932,-0.26983,-0.52191,1.07815,0.69548
-0.10042,0.94351,-0.31574,-0.80604,1.05307,0.38033
-0.12629,0.9315,-0.3411,-0.79675,0.06038,0.39913
-0.13792,0.9166,-0.37525,-0.53668,-0.06425,0.452
-0.13028,0.89621,-0.42407,0.08914,-0.09928,0.62535
-0.1209,0.86788,-0.48184,0.36591,-0.1213,0.79063
-0.13065,0.83198,-0.5392,0.68853,-0.13894,0.91649
-0.14807,0.80728,-0.57129,0.43688,-0.34825,0.87238
-0.15468,0.78707,-0.59715,0.18537,-0.52085,0.86114
-0.16387,0.77011,-0.6165,0.0692,-0.62223,0.92168
-0.17538,0.76333,-0.62175,-0.13329,-0.67716,0.98498
-0.18717,0.76484,-0.61643,-0.19714,-0.68334,0.96114
-0.19219,0.77544,-0.60146,-0.19755,-0.6523,0.89974
-0.1911,0.79486,-0.57591,-0.19439,-0.40225,0.6998
-0.1942,0.81908,-0.5398,-0.17595,0.23463,-0.05706
-0.20336,0.84455,-0.49535,0.11631,1.31732,-1.73663
-0.20553,0.84119,-0.50016,-0.12159,1.83751,-1.42238
-0.21489,0.8198,-0.5308,-0.20616,0.23525,-0.50302
-0.21675,0.80415,-0.5535,-0.08264,-0.58818,-0.23394
-0.2117,0.80147,-0.55931,-0.1637,-0.44176,0.02571
-0.20822,0.80882,-0.54995,-0.43339,0.32832,0.60179
-0.21027,0.8168,-0.53724,-0.1777,0.75875,0.49114
-0.20161,0.82471,-0.5284,0.0779,0.85528,0.52138
-0.17585,0.82388,-0.53879,-1.02252,0.14813,-0.0911
-0.18209,0.8222,-0.53928,-0.32584,-0.67019,1.55903
-0.17198,0.83616,-0.52081,-0.15882,-0.26286,1.21156
-0.15355,0.86245,-0.48228,-0.19812,0.20554,1.07632
-0.14098,0.8882,-0.4373,-0.12658,0.38793,1.02163
-0.14765,0.90719,-0.39396,0.48369,0.7194,1.1715
-0.15586,0.91997,-0.35966,0.56221,0.46891,0.79122
-0.16126,0.9342,-0.3182,0.89701,0.16243,-0.27617
-0.16525,0.95127,-0.26034,0.41829,-0.13121,-0.03211
-0.16008,0.96097,-0.22562,0.1306,-0.1004,0.11428
-0.14446,0.9694,-0.19849,0.05619,-0.13666,0.28454
-0.12193,0.97895,-0.16368,-0.1103,-0.11637,0.25902
-0.10022,0.98728,-0.12344,-0.27426,-0.13651,0.16307
-0.08657,0.99261,-0.08503,-0.33287,-0.24743,0.04866
-0.08272,0.99527,-0.05093,-0.20878,-0.19801,0.09993
-0.08626,0.99608,-0.01948,-0.06389,-0.14877,0.01901
-0.09655,0.99525,0.01199,-0.00463,-0.13939,0.01448
-0.11253,0.99279,0.04126,0.13652,-0.04516,0.06125
-0.1289,0.98928,0.06852,0.21553,0.28589,-0.19203
-0.14139,0.98449,0.10388,0.22546,0.33476,-0.20598
-0.14433,0.97882,0.14518,0.14603,0.32511,-0.33782
-0.14069,0.97337,0.18094,0.39081,0.40652,-0.47054
-0.1428,0.97118,0.19079,0.47034,0.47936,-0.39241
-0.14674,0.97445,0.17,0.49691,0.53127,-0.31977
-0.14141,0.97902,0.14666,0.43301,0.45159,-0.39295
-0.1295,0.98225,0.13568,0.23959,0.30214,-0.48653
-0.11697,0.98641,0.11537,0.15683,0.37921,-0.58417
-0.11557,0.99107,0.06651,-0.09498,0.4585,-0.04837
-0.12353,0.99229,-0.01012,0.10084,0.45736,0.45075
-0.13041,0.98681,-0.09592,0.2362,0.47926,0.73891
-0.13389,0.97475,-0.17869,-0.29369,0.83352,0.71798
-0.13778,0.9578,-0.25225,-0.42693,0.86447,0.67251
-0.1519,0.9391,-0.30823,-0.61242,0.24573,0.32917
-0.17181,0.92558,-0.33731,-0.52023,0.02637,0.50584
-0.1813,0.91395,-0.36306,-0.29795,-0.02316,0.51216
-0.17193,0.89916,-0.40242,0.26161,-0.0973,0.57408
-0.16182,0.8733,-0.45952,0.52118,-0.19715,0.62953
-0.17505,0.83283,-0.52512,0.70339,-0.18524,0.91668
-0.1924,0.80187,-0.56567,0.40506,-0.22474,0.90988
-0.19737,0.78363,-0.58905,0.15762,-0.39871,0.8796
-0.20237,0.76904,-0.60632,0.12845,-0.4109,0.89926
-0.20936,0.76009,-0.61516,-0.08749,-0.47625,0.94573
-0.21818,0.75922,-0.61317,-0.14368,-0.56809,0.91577
-0.22623,0.76648,-0.60111,-0.1214,-0.67796,0.87762
-0.22811,0.78384,-0.57754,-0.19518,-0.37296,0.60869
-0.22571,0.80982,-0.54152,-0.24683,0.26184,-0.15495
-0.21995,0.84062,-0.49495,-0.32488,1.25412,-1.86966
-0.21215,0.84993,-0.48228,0.16776,1.46647,-1.71674
-0.22358,0.83121,-0.50901,0.31715,0.24719,-0.28609
-0.2309,0.82064,-0.52272,0.22968,-0.18862,-0.18196
-0.23092,0.81698,-0.52841,-0.04725,0.12681,0.3078
-0.23508,0.81741,-0.5259,-0.51701,0.58504,0.81902
-0.23418,0.8235,-0.51672,-0.45681,1.16055,0.75894
-0.21617,0.82991,-0.51431,-0.60281,0.33784,-0.13303
-0.18423,0.82166,-0.53938,-0.71748,-0.58342,1.61377
-0.16751,0.82626,-0.5378,-0.40265,-0.77464,1.53678
-0.13766,0.85049,-0.50765,-0.32122,-0.10355,1.19933
-0.10413,0.8806,-0.46228,-0.37349,0.37459,1.0254
-0.09486,0.90876,-0.4064,-0.19606,0.49434,0.9969
-0.11449,0.92574,-0.3604,0.42995,0.50915,1.07762
-0.14576,0.9346,-0.32447,0.50802,0.28107,0.60337
-0.17234,0.94158,-0.28936,0.76474,-0.00725,-0.62202
-0.18114,0.95947,-0.21587,0.36084,-0.07731,-0.11231
-0.17534,0.96979,-0.16955,0.20977,-0.06776,-0.19697
-0.1573,0.97582,-0.15171,0.22131,-0.04725,0.11315
-0.13653,0.98228,-0.12837,-0.03905,-0.09133,0.18557
-0.11177,0.98893,-0.0976,-0.13806,-0.33663,0.3691
-0.08887,0.9937,-0.06821,-0.15919,-0.28815,0.20315
-0.07557,0.9965,-0.03562,-0.16953,-0.24378,-0.00756
-0.07681,0.99704,-0.00118,-0.04055,-0.06714,0.02666
-0.09334,0.99524,0.02792,0.05727,-0.05456,0.10051
-0.11549,0.9921,0.04896,0.12468,0.01659,0.06689
-0.13189,0.98809,0.07915,0.27423,0.31545,-0.13329
-0.13735,0.98257,0.12526,0.22692,0.29623,-0.22104
-0.13384,0.97565,0.17374,0.14599,0.27066,-0.34861
-0.13423,0.97038,0.20082,0.45013,0.42223,-0.46881
-0.14304,0.97175,0.18769,0.54525,0.67258,-0.18032
-0.13999,0.97734,0.15873,0.46648,0.547,-0.29998
-0.12539,0.9816,0.14401,0.02619,0.34206,-0.61218
-0.11018,0.9856,0.12823,0.03118,0.44586,-0.65409
-0.10415,0.99135,0.07984,-0.09561,0.42392,-0.31146
-0.10702,0.99424,0.00573,-0.01246,0.37556,0.50595
-0.11083,0.99065,-0.07956,0.07336,0.38767,0.78285
-0.1122,0.98011,-0.16365,-0.11227,0.60845,0.72175
-0.11338,0.96444,-0.23873,-0.5438,0.87382,0.38173
-0.12634,0.94694,-0.29552,-0.60233,0.37988,0.39762
-0.14461,0.93229,-0.33153,-0.57909,0.0886,0.48636
-0.15274,0.91741,-0.36744,-0.25575,-0.06787,0.46328
-0.14807,0.89843,-0.41338,-0.0263,-0.04185,0.52062
-0.15093,0.86784,-0.47336,0.38555,-0.11585,0.62952
-0.18219,0.82295,-0.53811,0.7561,-0.16215,1.15699
-0.20961,0.79025,-0.57581,0.73939,-0.15602,1.02976
-0.2205,0.77052,-0.59806,0.16767,-0.42372,0.75959
-0.21802,0.75525,-0.61811,-0.02243,-0.52347,0.8443
-0.21597,0.747,-0.62876,-0.07526,-0.49758,0.93736
-0.22081,0.74645,-0.62773,-0.08762,-0.5245,0.93015
-0.225,0.7545,-0.61653,-0.05422,-0.60269,0.86439
-0.22645,0.77131,-0.59481,0.00268,-0.56074,0.76897
-0.22572,0.79518,-0.56279,-0.04198,-0.14864,0.37958
-0.2245,0.82391,-0.52034,-0.02116,0.795,-0.81352
-0.22254,0.84885,-0.47951,-0.07136,2.68869,-3.3914
-0.22635,0.83098,-0.50817,-0.26974,0.62408,-0.75825
-0.23915,0.80675,-0.54033,-0.00324,-0.67961,-0.27644
-0.23722,0.79826,-0.55363,-0.24974,-0.45041,-0.03056
-0.23472,0.80407,-0.54624,-0.47914,0.1972,0.87471
-0.23739,0.81036,-0.53569,-0.37023,0.68896,0.78317
-0.23587,0.81949,-0.5223,-0.19301,0.94691,0.75138
-0.20172,0.82447,-0.52873,-0.66602,0.20867,-0.03836
-0.18057,0.82549,-0.53476,-0.21752,-0.61595,1.69896
-0.14843,0.83726,-0.52628,-0.14858,-0.62351,1.47534
-0.11009,0.86238,-0.49415,-0.26111,0.00046,1.08799
-0.09094,0.89643,-0.43374,-0.22424,0.44016,1.03863
-0.09699,0.92231,-0.37409,-0.04107,0.5784,1.05025
-0.11625,0.93192,-0.34352,0.36636,0.38493,0.74829
-0.13791,0.93791,-0.31827,0.73554,0.26175,-0.31381
-0.15903,0.95373,-0.25514,0.59779,-0.02177,-0.13954
-0.16827,0.96468,-0.20266,0.22384,-0.10164,-0.06283
-0.16187,0.96939,-0.18459,0.13002,-0.04292,0.17421
-0.14798,0.97478,-0.16702,0.09662,-0.05966,0.3407
-0.12878,0.98159,-0.14104,0.03956,-0.07355,0.34505
-0.10873,0.98848,-0.10528,-0.21306,-0.29255,0.30724
-0.09368,0.99314,-0.06993,-0.21585,-0.35828,0.28637
-0.08709,0.99559,-0.03487,-0.19473,-0.22088,0.03097
-0.09324,0.99564,0.00245,-0.14788,-0.14334,-0.0998
-0.10959,0.99324,0.0382,-0.13153,-0.14094,-0.13555
-0.12942,0.98934,0.06667,0.25173,0.11964,-0.22388
-0.14091,0.98472,0.10223,0.14413,0.34479,-0.19764
-0.14107,0.97897,0.14736,0.09515,0.31585,-0.29751
-0.13926,0.97245,0.18692,0.60352,0.47248,-0.46954
-0.14966,0.97025,0.19026,0.72903,0.58836,-0.31117
-0.15338,0.97404,0.16646,0.70267,0.56839,-0.20959
-0.14094,0.97883,0.14839,0.23906,0.5295,-0.36065
-0.12391,0.98279,0.13695,-0.04436,0.6266,-0.60041
-0.11093,0.98861,0.10169,-0.12852,0.56121,-0.65134
-0.10494,0.99374,0.03825,-0.4497,0.2195,0.00695
-0.10635,0.99336,-0.04376,-0.32421,0.18591,0.50233
-0.10776,0.98535,-0.13216,-0.27349,0.6165,0.55077
-0.10538,0.97149,-0.21238,-0.57971,0.93332,0.53611
-0.11487,0.95587,-0.27041,-0.72677,0.92753,0.54889
-0.1368,0.93989,-0.31288,-0.75499,0.14553,0.43534
-0.14982,0.92432,-0.35097,-0.26992,0.00209,0.45911
-0.14522,0.90772,-0.39363,0.01046,-0.05575,0.53073
-0.13719,0.88268,-0.44949,0.42394,-0.03356,0.68837
-0.15056,0.84612,-0.51128,0.61577,-0.12536,0.96079
-0.15798,0.82041,-0.54951,0.29354,-0.22112,0.7859
-0.15361,0.80328,-0.57546,0.00339,-0.4445,0.75504
-0.14323,0.78738,-0.59959,-0.058,-0.57159,0.85038
-0.1341,0.77807,-0.6137,-0.05495,-0.58284,0.89007
-0.13094,0.77619,-0.61674,-0.04371,-0.59396,0.89891
-0.13112,0.78175,-0.60965,-0.08423,-0.64238,0.8443
-0.1347,0.79372,-0.59318,-0.02686,-0.6756,0.81251
-0.13864,0.81309,-0.56538,0.04966,-0.38818,0.67047
-0.13915,0.83961,-0.52506,-0.08798,0.25965,0.02529
-0.13964,0.86796,-0.47659,0.16588,1.90343,-2.50969
-0.13535,0.86735,-0.47893,-0.16154,1.68799,-1.66073
-0.15007,0.84563,-0.51223,-0.02475,-0.08992,-0.34243
-0.15835,0.83317,-0.52985,0.01955,-0.69339,-0.15493
-0.157,0.83328,-0.53008,-0.35124,-0.28128,0.55364
-0.15226,0.84005,-0.5207,-0.78541,0.43766,1.13093
-0.1504,0.84431,-0.51431,-0.53307,1.41874,0.07391
-0.13715,0.85442,-0.50115,-0.70997,1.67257,-1.31696
-0.13938,0.84931,-0.50916,-0.66488,0.37058,0.10693
-0.12657,0.8421,-0.52426,-0.16069,-0.32906,1.35295
-0.08553,0.85563,-0.51047,-0.25471,-0.15749,1.14582
-0.05717,0.88684,-0.45853,-0.31551,-0.0147,1.02411
-0.06228,0.91848,-0.39052,0.20829,0.63297,1.31347
-0.08597,0.93335,-0.34852,0.37456,0.49851,1.1115
-0.11413,0.93911,-0.3241,0.41216,0.31162,0.60817
-0.13628,0.94897,-0.28438,0.62122,0.0737,-0.63008
-0.14515,0.96734,-0.2078,0.30184,-0.11645,-0.16441
-0.13971,0.97588,-0.16775,0.11884,-0.13384,-0.15972
-0.12502,0.98073,-0.1501,0.10053,-0.0931,0.11618
-0.10677,0.98576,-0.1299,0.05669,-0.06083,0.20984
-0.08263,0.99176,-0.09791,-0.26251,-0.25187,0.17645
-0.06199,0.99621,-0.06103,-0.33411,-0.35961,0.1653
-0.0531,0.99835,-0.02194,-0.29894,-0.21648,-0.02224
-0.06154,0.99795,0.01744,-0.26483,-0.09947,-0.15587
-0.08379,0.99525,0.04953,0.09078,0.01365,-0.06567
-0.10667,0.99166,0.07225,0.32742,0.05824,-0.19417
-0.11967,0.98754,0.10218,0.34258,0.23298,-0.19532
-0.12417,0.98186,0.14327,0.16055,0.29591,-0.30808
-0.12605,0.97609,0.17708,0.34456,0.37316,-0.39954
-0.13389,0.97479,0.17844,0.36479,0.49409,-0.50681
-0.13293,0.97829,0.15896,0.35518,0.40236,-0.2981
-0.12628,0.9822,0.13906,0.16514,0.50738,-0.45698
-0.12162,0.9846,0.12557,0.18062,0.34784,-0.82994
-0.11989,0.98849,0.09219,0.25869,0.33152,-0.69972
-0.12636,0.99171,0.02312,0.2404,0.48798,0.07447
-0.12686,0.98925,-0.07261,0.35039,0.5875,0.70905
-0.11159,0.97975,-0.16623,-0.08917,0.75443,0.83775
-0.09913,0.96586,-0.23932,-0.56762,1.26091,0.76351
-0.10653,0.94953,-0.29503,-0.97012,0.89064,0.39751
-0.13465,0.9357,-0.32608,-1.06902,0.10089,0.27127
-0.15816,0.92231,-0.35259,-0.69305,-0.14909,0.38701
-0.14978,0.90738,-0.3927,0.03376,-0.16826,0.49386
-0.11725,0.89135,-0.43788,0.21648,-0.14138,0.78836
-0.09038,0.86819,-0.48793,0.75408,-0.07137,0.96303
-0.10626,0.83762,-0.53581,0.59863,-0.15372,0.97661
-0.1222,0.8132,-0.56901,0.20922,-0.31889,0.7725
-0.13485,0.78654,-0.60264,0.15768,-0.48759,0.88433
-0.15152,0.76542,-0.62543,0.02136,-0.56463,0.95256
-0.17154,0.75393,-0.63416,-0.06778,-0.57571,1.00811
-0.189,0.75261,-0.63075,-0.12041,-0.58884,0.97502
-0.2016,0.76187,-0.61555,-0.05951,-0.57883,0.91939
-0.20665,0.78219,-0.58777,-0.02204,-0.4464,0.70952
-0.20522,0.81231,-0.54592,-0.1101,-0.01937,0.28295
-0.20126,0.84958,-0.48755,-0.25479,0.76186,-0.84097
-0.19482,0.86854,-0.45572,-0.27609,2.48146,-3.01514
-0.2044,0.84839,-0.48832,-0.33352,0.70339,-0.65118
-0.21416,0.82863,-0.5172,-0.14419,-0.45319,-0.25301
-0.20962,0.82166,-0.53003,-0.28613,-0.45031,-0.0373
-0.20496,0.82444,-0.52753,-0.48376,-0.20179,0.29267
-0.20087,0.83163,-0.51773,-0.61865,0.78759,0.62544
-0.19359,0.84289,-0.50206,0.04244,2.02079,-0.50564
-0.17682,0.82839,-0.5315,-0.35037,-0.21323,1.17785
-0.16988,0.81786,-0.54976,-0.0981,-0.762,2.29461
-0.13181,0.83041,-0.54133,-0.21057,-0.1763,1.13949
-0.09711,0.86394,-0.49413,-0.27093,0.03057,1.04591
-0.091,0.90268,-0.42058,-0.15583,0.67152,1.26166
-0.10142,0.92118,-0.37568,0.24594,0.68165,1.204
-0.11677,0.92834,-0.35291,0.35351,0.47675,0.7404
-0.13566,0.93832,-0.31802,0.70893,0.27693,-0.72414
-0.15404,0.95962,-0.23538,0.37296,-0.04499,-0.04386
-0.15138,0.96981,-0.19117,0.07676,-0.09237,0.01787
-0.13554,0.97542,-0.17373,0.02217,-0.04401,0.15963
-0.11502,0.9824,-0.14717,-0.0341,-0.09321,0.18382
-0.09467,0.98878,-0.11553,-0.22694,-0.31872,0.20395
-0.07823,0.99356,-0.08193,-0.19594,-0.34224,0.20293
-0.07114,0.99631,-0.04782,-0.09932,-0.37541,0.20563
-0.07234,0.99728,-0.01394,-0.09955,-0.21716,0.03248
-0.08464,0.99611,0.02441,-0.08825,-0.07729,-0.08777
-0.10424,0.99277,0.05935,0.08257,0.10343,-0.08694
-0.12185,0.98796,0.0953,0.20877,0.2045,-0.35638
-0.12842,0.9819,0.1392,0.19236,0.3185,-0.38645
-0.12972,0.97494,0.18071,0.49265,0.31728,-0.34628
-0.13938,0.97191,0.1896,0.59565,0.53173,-0.29206
-0.14489,0.97505,0.16812,0.47558,0.37597,-0.31766
-0.13673,0.97956,0.14749,0.33936,0.42226,-0.21533
-0.12886,0.98204,0.13776,0.00735,0.42572,-0.42456
-0.12117,0.9843,0.12833,0.08707,0.4014,-0.79271
-0.12,0.98858,0.09113,0.26687,0.51039,-0.5933
-0.12212,0.99241,0.01411,0.17846,0.36832,0.13447
-0.11348,0.99028,-0.08042,-0.04692,0.20896,0.83028
-0.0965,0.98169,-0.16424,-0.2852,0.69405,0.70332
-0.08707,0.9685,-0.23326,-0.68591,1.20256,0.59966
-0.09664,0.9527,-0.28813,-0.99218,0.9344,0.40489
-0.12581,0.93835,-0.32196,-0.95357,0.08206,0.43036
-0.13986,0.92315,-0.35808,-0.42993,-0.06132,0.45311
-0.12517,0.90799,-0.39985,0.06974,-0.16345,0.59988
-0.09907,0.89278,-0.43947,0.40878,-0.20218,0.8837
-0.08037,0.87408,-0.47909,0.39008,-0.18348,0.92332
-0.09139,0.84856,-0.52114,0.41601,-0.09817,0.77822
-0.09805,0.82348,-0.5588,0.13732,-0.34767,0.73796
-0.11085,0.79863,-0.59152,0.0705,-0.54566,0.93274
-0.1244,0.78421,-0.60789,0.05429,-0.59175,0.94116
-0.14038,0.77814,-0.6122,-0.18699,-0.57806,0.92735
-0.15425,0.77969,-0.60687,-0.17252,-0.58043,0.90644
-0.16323,0.79059,-0.59019,-0.13503,-0.64374,0.85565
-0.16604,0.81253,-0.55876,-0.11806,-0.23687,0.58234
-0.16661,0.8411,-0.51458,-0.1175,-0.26543,0.53816
-0.16081,0.87609,-0.45455,-0.09256,0.89271,-1.12393
-0.15019,0.8821,-0.44648,-0.00476,2.50963,-2.96735
-0.16181,0.85969,-0.4845,-0.12773,1.41097,-1.12785
-0.17,0.84378,-0.50906,0.10127,-0.48132,-0.07974
-0.16673,0.83872,-0.51841,0.04322,-0.6103,0.22698
-0.16232,0.84021,-0.5174,-0.34123,-0.28825,0.79686
-0.1625,0.84906,-0.50269,-0.48281,-0.01642,1.08887
-0.15479,0.8631,-0.48073,-0.79112,1.70815,-0.95173
-0.13843,0.88492,-0.4447,-0.80748,1.68633,-0.98777
-0.15176,0.87887,-0.45227,0.04616,-0.16241,2.12175
-0.13096,0.8685,-0.47808,-0.11318,-0.4763,1.1723
-0.10356,0.88141,-0.46086,-0.17305,-0.34439,1.00372
-0.10009,0.9084,-0.40595,-0.13198,-0.10884,1.14029
-0.11036,0.92924,-0.35261,0.13261,0.38276,1.28019
-0.12779,0.93644,-0.32673,0.30278,0.43499,1.0242
-0.14651,0.93991,-0.30838,0.31743,0.38249,0.4771
-0.16464,0.95544,-0.24501,0.56627,0.16512,-0.50855
-0.16785,0.96937,-0.17929,0.22241,-0.16615,-0.06951
-0.15669,0.97535,-0.15533,-0.01292,-0.09163,0.02363
-0.14042,0.98083,-0.13512,-0.12774,-0.04326,0.17041
-0.12265,0.98724,-0.10157,-0.15383,-0.05926,0.03727
-0.11181,0.99154,-0.06595,-0.20574,-0.3785,0.21797
-0.10657,0.99351,-0.0396,-0.10695,-0.4503,0.20977
-0.11022,0.99384,-0.01118,-0.06334,-0.33571,0.09446
-0.12014,0.99245,0.02446,0.03347,-0.02311,-0.01927
-0.13403,0.98905,0.06169,0.09175,0.05726,-0.08752
-0.14774,0.98382,0.10128,0.24116,0.2063,-0.34138
-0.15552,0.97697,0.14609,0.26555,0.35668,-0.46758
-0.15449,0.97003,0.18755,0.33691,0.37072,-0.56299
-0.15992,0.96725,0.19712,0.58626,0.48792,-0.49885
-0.16209,0.971,0.17574,0.52384,0.43701,-0.53897
-0.15385,0.97578,0.15552,0.26898,0.26286,-0.42604
-0.15244,0.97825,0.14068,-0.19385,0.40443,-0.73803
-0.1536,0.98156,0.11375,0.11327,0.30927,-0.77262
-0.16311,0.98516,0.0534,0.34479,0.60967,-0.07883
-0.16781,0.98482,-0.04422,0.46554,0.73595,0.67377
-0.15131,0.97723,-0.14874,-0.04635,0.57699,0.76179
-0.13189,0.96369,-0.23219,-0.45169,0.78366,0.80331
-0.13094,0.94623,-0.29581,-0.93102,1.373,0.6512
-0.16012,0.92961,-0.33193,-1.1236,0.61902,0.26214
-0.19751,0.91624,-0.34856,-0.84674,-0.09767,0.2511
-0.21313,0.90235,-0.37461,-0.12013,-0.11657,0.4628
-0.20196,0.88365,-0.42235,0.33572,-0.13931,0.70526
-0.19015,0.86107,-0.4716,0.63117,-0.08717,1.06553
-0.18369,0.83998,-0.51058,0.8177,-0.00158,0.87187
-0.18567,0.81101,-0.55478,0.21753,-0.28999,0.88907
-0.19788,0.783,-0.58971,0.13225,-0.54002,0.97986
-0.21765,0.76363,-0.60786,0.13578,-0.57493,0.94433
-0.23888,0.75513,-0.61051,0.11031,-0.58398,0.96248
-0.25585,0.75738,-0.60075,-0.00669,-0.65387,0.9344
-0.26574,0.77014,-0.57988,0.00921,-0.68014,0.91654
-0.26616,0.79294,-0.54808,0.01891,-0.71599,0.866
-0.26249,0.82227,-0.50495,-0.1748,0.33847,-0.25486
-0.26126,0.85333,-0.45118,-0.17603,0.3074,-0.30863
-0.26192,0.84913,-0.45867,-0.53413,2.60711,-2.29752
-0.27845,0.82352,-0.49425,-0.1325,-0.36754,-0.38496
-0.28823,0.80428,-0.51967,0.05765,-0.86179,-0.22088
-0.28717,0.79795,-0.52991,-0.25796,-0.54394,-0.04215
-0.29459,0.80069,-0.52164,-0.48007,0.39156,1.04223
-0.29799,0.80503,-0.51295,-0.09191,1.32558,0.69769
-0.27448,0.79479,-0.54127,-0.59091,1.24456,-0.51687
-0.29295,0.78169,-0.55058,-0.4341,-0.8201,2.09999
-0.28568,0.79286,-0.5383,0.14029,-0.6343,1.73971
-0.25268,0.81866,-0.5157,0.06724,-0.01904,1.37101
-0.22068,0.84934,-0.4795,0.20534,1.1311,1.4287
-0.2102,0.87214,-0.4418,0.32798,1.11955,1.29468
-0.20763,0.88913,-0.40784,0.36629,0.92103,1.08174
-0.22216,0.91342,-0.34104,0.74071,0.11943,-0.02006
-0.24352,0.93095,-0.27208,0.29025,-0.14028,0.11071
-0.24178,0.94054,-0.2386,0.12392,-0.09492,0.24864
-0.2272,0.95036,-0.21258,-0.02702,-0.06582,0.25544
-0.20625,0.96252,-0.17612,-0.123,-0.04746,0.26034
-0.1839,0.97433,-0.12985,-0.19658,-0.14454,-0.00098
-0.16837,0.98273,-0.0767,-0.16655,-0.40326,0.04737
-0.16258,0.98603,-0.03606,-0.06293,-0.40295,0.05419
-0.16417,0.98636,-0.01146,-0.03076,-0.21532,0.12396
-0.17358,0.98479,0.0071,-0.06955,-0.06226,-0.04841
-0.18909,0.98137,0.03394,0.14324,0.01195,0.00272
-0.20469,0.97679,0.06302,0.26206,0.20894,-0.18074
-0.21281,0.97187,0.10083,0.28718,0.47228,-0.32909
-0.21263,0.96514,0.15258,0.17414,0.37017,-0.47131
-0.20688,0.9586,0.19566,0.34676,0.36005,-0.59703
-0.21607,0.95732,0.19196,0.49715,0.51902,-0.5225
-0.21802,0.96311,0.15772,0.58011,0.66797,-0.31621
-0.20801,0.96932,0.1309,0.55228,0.48142,-0.24807
-0.19602,0.9746,0.10822,0.22465,0.33322,-0.45506
-0.18695,0.98004,0.06757,-0.00452,0.34124,-0.6738
-0.18833,0.9821,-0.00065,-0.09004,0.54028,-0.06619
-0.19178,0.97764,-0.0862,0.16422,0.49054,0.84702
-0.18946,0.96717,-0.16934,0.06013,0.60517,0.67418
-0.18625,0.95262,-0.24047,-0.09248,0.72184,0.64829
-0.18765,0.93632,-0.29678,-0.65317,0.71576,0.38818
-0.20063,0.92279,-0.32895,-0.64019,0.7293,0.42036
-0.21025,0.90968,-0.35816,-0.33189,0.05288,0.44803
-0.20911,0.89191,-0.40096,0.16691,-0.09349,0.53676
-0.2007,0.86558,-0.45879,0.23514,-0.09196,0.65477
-0.21084,0.82865,-0.51854,0.35336,-0.04508,0.78153
-0.23013,0.7977,-0.55741,0.57696,-0.23724,0.94333
-0.23609,0.77749,-0.58289,0.35997,-0.33281,0.84605
-0.23724,0.75836,-0.60713,0.1528,-0.42796,0.91054
-0.24546,0.74662,-0.61831,0.07896,-0.47817,0.99645
-0.25628,0.74486,-0.61604,0.00536,-0.51216,0.98436
-0.26497,0.75095,-0.60487,-0.07719,-0.5247,0.94098
-0.26985,0.76525,-0.58444,-0.10006,-0.60003,0.85041
-0.27172,0.78703,-0.55385,-0.0886,-0.4305,0.62324
-0.2785,0.81321,-0.51101,-0.15429,0.14845,0.04851
-0.27676,0.8401,-0.46651,-0.16417,1.15289,-1.6344
-0.27628,0.82744,-0.48889,-0.38873,1.86673,-2.03012
-0.28657,0.80728,-0.51592,-0.00846,0.31114,-0.46941
-0.28414,0.79798,-0.5315,0.09101,-0.39817,-0.4241
-0.28294,0.79571,-0.53553,-0.00135,-0.11878,-0.28399
-0.28386,0.79715,-0.5329,-0.47855,1.62689,0.18734
-0.2756,0.79846,-0.53526,-0.03284,1.96569,0.00292
-0.25374,0.77183,-0.58301,-0.41502,-1.2031,1.84012
-0.22821,0.77246,-0.59265,-0.21012,-1.05612,1.5316
-0.19506,0.80832,-0.55549,-0.16824,-0.14137,1.4362
-0.15743,0.84552,-0.51021,-0.38862,0.51387,1.10038
-0.13428,0.8724,-0.46999,-0.16164,1.01321,1.17975
-0.14956,0.88805,-0.43472,0.3694,0.85717,1.23656
-0.17904,0.90135,-0.39435,0.49012,0.67872,0.99459
-0.20879,0.92133,-0.32796,0.88018,0.10861,-0.33097
-0.22778,0.93914,-0.25715,0.39253,-0.17246,-0.09716
-0.22662,0.94554,-0.23367,0.23858,-0.0424,0.12609
-0.21447,0.95235,-0.21684,0.17169,-0.06502,0.29055
-0.19778,0.96222,-0.18712,0.01437,0.00787,0.44905
-0.17172,0.97343,-0.15145,-0.1931,-0.17398,0.1443
-0.14824,0.98313,-0.1071,-0.2359,-0.27747,0.25733
-0.13542,0.9883,-0.07014,-0.14346,-0.38501,0.10348
-0.13304,0.99026,-0.04086,-0.1214,-0.16699,-0.07364
-0.14389,0.98948,-0.0146,-0.00653,0.00977,-0.03414
-0.16375,0.98646,0.00862,0.23504,0.03142,0.04636
-0.181,0.98288,0.03435,0.38598,0.16158,-0.24234
-0.18707,0.97904,0.0805,0.35163,0.37355,-0.15568
-0.17987,0.97457,0.13363,0.21471,0.36453,-0.40949
-0.17427,0.96998,0.16957,0.36812,0.35746,-0.45961
-0.17911,0.97121,0.15702,0.45552,0.41882,-0.28234
-0.17349,0.97627,0.12958,0.37253,0.37526,0.07138
-0.16495,0.9796,0.11473,0.35247,0.49715,0.10816
-0.15305,0.98179,0.11246,-0.06768,0.30818,-0.43599
-0.14301,0.98473,0.09919,-0.06566,0.39759,-0.82905
-0.1434,0.98792,0.05868,0.09328,0.36421,-0.61035
-0.15269,0.98814,-0.01605,0.08264,0.40252,0.10789
-0.15618,0.98195,-0.10661,0.20119,0.54002,0.73149
-0.15168,0.9696,-0.192,-0.05795,0.73401,0.7211
-0.15087,0.95474,-0.25633,-0.39279,0.83181,0.5793
-0.16161,0.94031,-0.29949,-0.49774,0.65939,0.44905
-0.18065,0.92791,-0.32609,-0.46126,0.31273,0.43405
-0.19588,0.91432,-0.35447,-0.27511,0.08188,0.42324
-0.19226,0.89658,-0.39896,-0.00943,-0.0955,0.52296
-0.18035,0.87215,-0.45477,0.27584,-0.05701,0.7059
-0.18109,0.84304,-0.50645,0.69557,-0.05724,0.93545
-0.18199,0.82103,-0.54109,0.48767,-0.23566,0.80302
-0.1777,0.79864,-0.57498,0.19417,-0.32493,0.74133
-0.17769,0.77873,-0.60167,0.06455,-0.47235,0.81044
-0.18122,0.76678,-0.61579,-0.02265,-0.50389,0.89907
-0.19239,0.75943,-0.62149,-0.06741,-0.57268,0.93622
-0.20095,0.76056,-0.61738,-0.11792,-0.65034,0.874
-0.20127,0.7713,-0.60381,-0.06951,-0.53357,0.78188
-0.19506,0.7906,-0.58044,-0.01194,-0.1565,0.43548
-0.18762,0.81616,-0.54651,0.11165,0.61264,-0.67952
-0.18288,0.83227,-0.52333,0.01531,2.26746,-2.63225
-0.198,0.81633,-0.54258,0.16789,1.7153,-1.60596
-0.21111,0.80212,-0.5586,0.12318,-0.26008,-0.11691
-0.20916,0.79728,-0.56621,-0.00236,-0.37196,0.07597
-0.20198,0.8036,-0.55985,-0.13031,-0.13414,0.37198
-0.18699,0.81396,-0.55,-0.44107,0.52212,0.69809
-0.16892,0.83025,-0.53118,-0.33882,0.64398,0.81881
-0.13654,0.84428,-0.51821,-0.39042,0.69921,-0.04209
-0.12557,0.85638,-0.50084,-0.39411,-0.41499,1.3849
-0.11014,0.86195,-0.49487,-0.23482,-0.30106,1.03588
-0.087,0.87817,-0.47037,-0.23274,-0.08176,0.83559
-0.08269,0.90267,-0.4223,-0.12335,0.20771,1.01243
-0.10404,0.92092,-0.3756,0.28918,0.51579,1.20298
-0.13549,0.92843,-0.34591,0.45079,0.45406,0.88372
-0.16477,0.93479,-0.31466,0.75664,0.32342,-0.57939
-0.18275,0.94944,-0.25526,0.50942,-0.04936,-0.24239
-0.1873,0.95716,-0.22078,0.25698,-0.08354,-0.04478
-0.18153,0.96241,-0.20201,0.18144,-0.11704,0.23224
-0.16711,0.97034,-0.17467,-0.00849,-0.01424,0.30282
-0.14997,0.97997,-0.13101,-0.07825,-0.0694,0.03294
-0.13594,0.98687,-0.08713,-0.19948,-0.3775,0.19176
-0.12815,0.98993,-0.0601,-0.06031,-0.39905,0.14221
-0.12807,0.9911,-0.03621,-0.01072,-0.2713,0.02125
-0.13639,0.99063,-0.00719,0.02215,-0.04127,-0.00146
-0.15162,0.98811,0.02531,0.12228,-0.00053,0.05108
-0.16571,0.98442,0.05881,0.20015,0.18203,-0.14246
-0.17171,0.97999,0.10064,0.23462,0.37,-0.19297
-0.16845,0.97531,0.14275,0.21313,0.37062,-0.39062
-0.16851,0.97275,0.1592,0.3711,0.52445,-0.47056
-0.17367,0.97415,0.14447,0.47785,0.58373,-0.32621
-0.17206,0.97746,0.12228,0.49906,0.46484,-0.30117
-0.16157,0.98083,0.10891,0.29378,0.41044,-0.36608
-0.15215,0.98472,0.08467,0.19585,0.44262,-0.52841
-0.14734,0.98872,0.0267,-0.14317,0.34181,-0.287
-0.14745,0.98765,-0.05296,-0.19636,0.35152,0.19259
-0.14955,0.97891,-0.13912,-0.03986,0.34851,0.71961
-0.14856,0.96361,-0.22221,-0.33479,0.76349,0.58725
-0.15276,0.94556,-0.28735,-0.51834,0.93511,0.55688
-0.17801,0.92806,-0.32712,-0.81577,0.36622,0.53229
-0.20153,0.91219,-0.35678,-0.66499,0.05322,0.4467
-0.20181,0.89807,-0.39081,-0.08075,-0.15157,0.51569
-0.1742,0.88315,-0.43554,0.32781,-0.14602,0.75332
-0.15404,0.85743,-0.491,0.6452,-0.18965,0.75217
-0.17111,0.81931,-0.54722,0.63373,-0.14365,1.01298
-0.18139,0.79515,-0.57865,0.30178,-0.35518,0.7313
-0.18227,0.7739,-0.60652,0.14993,-0.48953,0.80691
-0.18148,0.75973,-0.62439,0.02846,-0.56328,0.88512
-0.18212,0.75548,-0.62935,-0.12226,-0.61368,0.88213
-0.18476,0.75881,-0.62456,-0.14237,-0.62379,0.88704
-0.19025,0.76926,-0.60996,-0.11077,-0.61627,0.86073
-0.19539,0.78677,-0.5855,0.03057,-0.35626,0.64199
-0.19524,0.80984,-0.5532,-0.03599,0.23398,-0.05692
-0.19202,0.83277,-0.51925,0.19549,1.9246,-2.48745
-0.19803,0.82333,-0.5319,-0.02829,1.53878,-1.52848
-0.21565,0.80514,-0.55249,-0.10354,-0.15122,-0.20601
-0.21801,0.79923,-0.56009,-0.15628,-0.50228,-0.11602
-0.21472,0.80742,-0.54951,-0.63443,0.20529,0.72424
-0.20539,0.81456,-0.5425,-0.63149,0.72025,0.86159
-0.18878,0.82615,-0.53088,-0.15725,1.06776,0.51089
-0.15381,0.83073,-0.535,-0.68436,0.03572,0.11886
-0.13685,0.83378,-0.53487,-0.17921,-0.55457,1.46094
-0.09852,0.84789,-0.52094,-0.22751,-0.33483,1.22117
-0.06082,0.87373,-0.48259,-0.29757,-0.1604,1.05777
-0.05161,0.90153,-0.42962,-0.25517,0.38788,1.04622
-0.07545,0.91966,-0.38539,-0.02899,0.63165,1.25404
-0.1123,0.9271,-0.35758,0.45306,0.39641,0.97312
-0.1455,0.93303,-0.32907,0.6367,0.20201,-0.07012
-0.16377,0.95348,-0.2531,0.78474,0.04718,-0.69698
-0.16571,0.96612,-0.19787,0.2421,-0.11628,-0.23369
-0.15371,0.97281,-0.17321,0.1918,-0.14194,-0.04012
-0.13843,0.97913,-0.14881,0.04233,-0.06842,0.16942
-0.11656,0.98602,-0.11904,-0.23958,-0.1608,0.47062
-0.09876,0.99122,-0.08789,-0.30942,-0.25659,0.29848
-0.09217,0.99417,-0.05588,-0.29168,-0.34071,0.09303
-0.09441,0.99534,-0.01961,-0.15493,-0.23519,-0.13964
-0.11001,0.99383,0.01416,-0.032,0.00124,0.01402
-0.1317,0.99044,0.04087,0.1306,0.12563,-0.015
-0.14607,0.98652,0.07368,0.26308,0.29811,-0.23694
-0.14993,0.98178,0.11671,0.17012,0.31578,-0.23567
-0.14826,0.97721,0.15189,0.18652,0.36845,-0.42832
-0.15476,0.97582,0.15434,0.61366,0.57776,-0.35498
-0.15674,0.97859,0.13338,0.6812,0.50312,-0.17679
-0.14476,0.98254,0.11688,0.55666,0.43789,-0.30191
-0.12869,0.98604,0.10567,0.34442,0.48285,-0.45168
-0.12045,0.99021,0.07045,-0.01107,0.53786,-0.59666
-0.12118,0.99262,-0.00245,-0.13894,0.6184,-0.38042
-0.12238,0.98775,-0.09684,0.07588,0.3711,0.90534
-0.11694,0.9748,-0.18998,-0.2354,0.54506,0.86146
-0.11099,0.95834,-0.26318,-0.58793,0.85035,0.51568
-0.12328,0.94267,-0.31012,-0.87745,0.66774,0.42605
-0.15343,0.92571,-0.34571,-0.89313,0.19772,0.50038
-0.1745,0.9064,-0.38468,-0.53588,-0.03848,0.46491
-0.16654,0.88906,-0.42642,0.08941,-0.11812,0.57603
-0.14876,0.86589,-0.47759,0.47504,-0.16808,0.76418
-0.16146,0.82932,-0.53493,0.63673,-0.20307,0.96094
-0.17614,0.80359,-0.56852,0.58694,-0.20969,0.86658
-0.1717,0.78625,-0.59357,0.21494,-0.36925,0.75664
-0.16658,0.76861,-0.61764,0.11154,-0.43094,0.81288
-0.16959,0.75766,-0.63023,0.01215,-0.51149,0.88791
-0.17766,0.75454,-0.63175,-0.04005,-0.53159,0.8906
-0.18368,0.76005,-0.62336,-0.07107,-0.5571,0.8543
-0.18738,0.77437,-0.60435,0.01508,-0.54062,0.75692
-0.18704,0.79582,-0.57592,0.05377,-0.29774,0.54682
-0.17949,0.82192,-0.54058,-0.0442,0.27372,-0.22399
-0.17077,0.84363,-0.50904,-0.09939,1.981,-2.58447
-0.17735,0.83006,-0.52871,-0.19621,1.26124,-1.31719
-0.19154,0.81129,-0.55238,-0.14412,-0.11642,-0.24428
-0.19335,0.80381,-0.56259,-0.15722,-0.41578,-0.3042
-0.18878,0.80787,-0.55831,-0.68452,0.24127,1.08823
-0.18079,0.81414,-0.5518,-0.69251,0.23499,1.08172
-0.16967,0.82342,-0.54148,-0.75894,0.92488,1.01284
-0.14374,0.83159,-0.53647,-0.56302,-0.28784,0.89183
-0.13506,0.83054,-0.54034,-0.25858,-0.72078,1.84321
-0.09803,0.845,-0.5257,-0.14626,-0.78856,1.64492
-0.05779,0.87487,-0.48089,-0.28043,0.13918,1.05244
-0.03389,0.90697,-0.41982,-0.27052,0.33973,1.06913
-0.0371,0.9293,-0.36745,0.15693,0.70415,1.29934
-0.05759,0.94084,-0.33391,0.41421,0.54681,1.06981
-0.08381,0.95014,-0.30034,0.75145,0.39431,-0.29007
-0.10735,0.96646,-0.2333,0.63321,-0.0077,-0.31709
-0.11456,0.97285,-0.20108,0.24847,-0.11853,-0.00125
-0.10687,0.97661,-0.18656,0.09718,-0.11141,0.26743
-0.09636,0.98214,-0.16156,-0.11718,-0.13891,0.28955
-0.07939,0.98934,-0.12209,-0.24788,-0.10603,0.28782
-0.0652,0.99496,-0.07613,-0.26616,-0.31102,0.16
-0.05894,0.99751,-0.03876,-0.21212,-0.384,0.19307
-0.06044,0.99813,-0.00898,-0.12201,-0.27721,-0.0394
-0.0685,0.99738,0.02322,-0.10145,-0.13983,-0.14331
-0.08252,0.99506,0.05518,0.07715,0.00227,0.05854
-0.09834,0.99142,0.08609,0.15901,0.12688,-0.16179
-0.10965,0.98582,0.127,0.18454,0.35709,-0.26104
-0.1145,0.97876,0.17005,0.14998,0.42749,-0.52648
-0.11945,0.97368,0.19407,0.42987,0.41561,-0.56043
-0.12549,0.97479,0.18448,0.57447,0.54854,-0.47816
-0.1219,0.97913,0.16259,0.54852,0.58209,-0.27959
-0.11384,0.98301,0.14398,0.26687,0.45335,-0.57538
-0.10127,0.98768,0.11927,0.05249,0.40346,-0.65734
-0.09448,0.99323,0.06755,-0.06086,0.35441,-0.57515
-0.09475,0.9954,-0.01424,0.08929,0.60569,0.30488
-0.08867,0.98985,-0.11107,0.08559,0.46981,0.97001
-0.0745,0.97785,-0.19559,-0.26139,0.60939,0.70087
-0.06689,0.96253,-0.26279,-0.68106,1.03366,0.63563
-0.08,0.94631,-0.31318,-1.00183,0.79412,0.46316
-0.10387,0.93195,-0.34738,-0.96313,0.18519,0.36961
-0.10485,0.91715,-0.3845,-0.39898,-0.01456,0.51808
-0.07641,0.90003,-0.42907,-0.02138,-0.18104,0.63474
-0.05162,0.87873,-0.47451,0.26082,-0.14376,0.85839
-0.05851,0.85144,-0.52117,0.70489,-0.08373,0.96865
-0.07434,0.82794,-0.55587,0.5462,-0.20503,0.97584
-0.07166,0.80742,-0.58561,0.19631,-0.40357,0.85897
-0.07283,0.7904,-0.60825,-0.07596,-0.63508,0.95326
-0.08293,0.78102,-0.61897,-0.13495,-0.64456,0.9721
-0.09579,0.77963,-0.61887,-0.17771,-0.6483,0.97406
-0.10555,0.78758,-0.6071,-0.22753,-0.63058,0.89273
-0.11285,0.80337,-0.58469,-0.22023,-0.64637,0.87032
-0.11898,0.82624,-0.55061,-0.07688,-0.25222,0.58216
-0.127,0.85295,-0.50631,-0.04262,1.34658,-1.89445
-0.12977,0.86566,-0.48352,-0.03985,1.33387,-1.91723
-0.14761,0.84097,-0.52055,-0.44462,1.16376,-0.70394
-0.15769,0.8199,-0.55035,-0.37905,-0.50052,-0.20505
-0.15441,0.81808,-0.55398,-0.6627,-0.06401,0.01156
-0.14774,0.82161,-0.55057,-1.11811,0.78046,0.89835
-0.14751,0.81775,-0.55635,-0.5018,1.6873,-0.21496
-0.13742,0.78978,-0.59779,-0.25634,-0.31127,1.55371
-0.12637,0.7907,-0.59902,-0.20417,-1.44014,2.04392
-0.09853,0.82465,-0.557,-0.06199,-0.36289,1.25292
-0.06734,0.86328,-0.50021,-0.32327,0.3787,1.39577
-0.04326,0.89286,-0.44825,-0.18722,0.91719,1.16987
-0.04481,0.91592,-0.39885,0.2767,1.03431,1.13045
-0.05716,0.9363,-0.34652,0.72238,0.59454,0.21215
-0.07512,0.95766,-0.27793,0.57647,-0.09302,-0.18459
-0.08532,0.96556,-0.24579,0.11059,-0.12168,0.14826
-0.08708,0.96874,-0.23227,0.01776,-0.07461,0.23954
-0.0876,0.97393,-0.20921,-0.12863,-0.15635,0.31258
-0.08439,0.98139,-0.17247,-0.24623,-0.2269,0.38909
-0.06963,0.98905,-0.13013,-0.15935,-0.11772,0.02704
-0.0565,0.99497,-0.08266,-0.18315,-0.32473,0.12118
-0.04741,0.99774,-0.04747,-0.12359,-0.33124,0.12517
-0.04583,0.99875,-0.01987,-0.07276,-0.16543,0.08307
-0.05065,0.99867,0.00959,-0.05781,-0.16453,0.01337
-0.05986,0.99727,0.04315,0.02161,-0.08206,0.11934
-0.07355,0.99439,0.07592,0.04153,0.06799,-0.01649
-0.08563,0.98998,0.11227,0.11223,0.47729,-0.25284
-0.09092,0.98329,0.15772,0.05859,0.45431,-0.366
-0.09067,0.97592,0.19838,0.37729,0.34014,-0.6557
-0.10009,0.97369,0.20468,0.46336,0.49701,-0.57817
-0.1081,0.97796,0.17861,0.40044,0.42527,-0.36257
-0.1071,0.98222,0.15415,0.43852,0.50882,-0.41397
-0.10115,0.98566,0.13505,0.24115,0.40085,-0.68671
-0.09237,0.99064,0.10048,0.09492,0.52012,-0.675
-0.0889,0.9954,0.0356,-0.02767,0.57178,0.17225
-0.08788,0.99482,-0.05106,0.18998,0.56819,1.09186
-0.08199,0.98754,-0.13428,-0.17856,0.73025,0.72819
-0.07532,0.97554,-0.20648,-0.68959,1.0386,0.44629
-0.07842,0.96024,-0.26793,-0.98409,0.87239,0.37437
-0.1028,0.94495,-0.31064,-0.97753,0.25911,0.43302
-0.11717,0.92806,-0.35352,-0.42023,0.00673,0.53577
-0.09879,0.91066,-0.40116,0.02094,-0.18662,0.74021
-0.0697,0.8943,-0.442,0.46008,-0.10232,0.97827
-0.05158,0.87373,-0.48366,0.76561,-0.24366,0.85204
-0.05616,0.84317,-0.53471,0.24981,-0.25029,0.88661
-0.06006,0.81453,-0.577,0.06183,-0.54218,0.88643
-0.0675,0.78956,-0.60994,0.03277,-0.55606,0.90603
-0.07959,0.77237,-0.63016,-0.00194,-0.54636,0.95066
-0.09688,0.76346,-0.63854,-0.20743,-0.61292,1.00541
-0.11369,0.76286,-0.63648,-0.21407,-0.61435,0.95943
-0.12694,0.77099,-0.62406,-0.20425,-0.6043,0.89378
-0.13536,0.78879,-0.59958,-0.09141,0.14301,0.10348
-0.13762,0.81661,-0.56055,-0.02007,0.57805,-0.65531
-0.13502,0.84246,-0.52156,-0.06703,1.45526,-1.77598
-0.14484,0.82628,-0.54431,-0.34762,0.90258,-0.78873
-0.16016,0.80352,-0.57332,-0.29582,0.19998,-0.38943
-0.15948,0.79287,-0.58816,-0.27116,-0.52431,-0.11137
-0.15531,0.79572,-0.58541,-0.39399,0.10963,0.40119
-0.15469,0.80374,-0.57451,-0.33326,1.06605,1.03272
-0.14731,0.81211,-0.5646,-0.35723,1.253,0.70581
-0.11816,0.81471,-0.56769,-0.81966,-0.23868,0.36671
-0.12384,0.81293,-0.56905,-0.46618,-0.84692,1.77992
-0.1046,0.8291,-0.54922,-0.1116,-0.27069,1.16776
-0.07988,0.85744,-0.50834,-0.14108,0.21362,1.09899
-0.07027,0.88888,-0.45271,0.18498,0.70992,1.29258
-0.0769,0.91307,-0.40047,0.53204,0.64773,1.19178
-0.0824,0.92633,-0.36759,0.69564,0.52741,0.22792
-0.08897,0.94549,-0.31327,0.55273,0.12567,-0.41836
-0.09688,0.96174,-0.25624,0.03995,-0.14253,0.07037
-0.10121,0.96828,-0.22843,-0.01546,-0.08603,0.24417
-0.10124,0.97243,-0.21007,-0.11101,-0.15855,0.39301
-0.08471,0.9783,-0.18909,-0.07674,0.05143,0.00265
-0.07136,0.98687,-0.14487,-0.2146,-0.27317,0.34618
-0.06086,0.99326,-0.09862,-0.13035,-0.37245,0.30637
-0.05103,0.99628,-0.0694,-0.07832,-0.31951,0.10325
-0.04463,0.99806,-0.04324,-0.18831,-0.1066,-0.01047
-0.04871,0.99877,-0.00875,-0.10754,0.04879,0.03305
-0.06267,0.99765,0.02756,0.07681,0.04511,0.02313
-0.07932,0.9952,0.05725,0.14121,0.33666,-0.28926
-0.08973,0.99114,0.09784,0.15247,0.39739,-0.39322
-0.09188,0.98517,0.14489,0.18027,0.27144,-0.58649
-0.0931,0.98129,0.1685,0.30613,0.29294,-0.50609
-0.10071,0.98243,0.15708,0.32198,0.29395,-0.23111
-0.1055,0.98416,0.14244,0.35294,0.5549,-0.29579
-0.10717,0.98548,0.13168,0.44866,0.52687,-0.53656
-0.10697,0.98847,0.10712,0.34015,0.38807,-0.62713
-0.10554,0.99285,0.05566,0.13244,0.43624,-0.37605
-0.10129,0.99474,-0.01492,-0.0504,0.33625,0.37765
-0.09876,0.99111,-0.08906,0.0647,0.39971,0.92915
-0.09585,0.98272,-0.15829,-0.15894,0.66687,0.57378
-0.09578,0.97122,-0.21807,-0.45948,0.91367,0.43069
-0.10157,0.95783,-0.26878,-0.52926,1.0011,0.39444
-0.11523,0.94242,-0.31394,-0.51478,0.43089,0.45778
-0.11521,0.92512,-0.36175,-0.28228,0.11954,0.59393
-0.09056,0.90813,-0.40876,-0.15895,-0.00977,0.66557
-0.0608,0.89122,-0.44946,0.21757,-0.13065,0.73758
-0.04731,0.87335,-0.48477,0.47958,-0.25855,0.82178
-0.04199,0.85703,-0.51354,0.36303,-0.35513,0.74518
-0.03855,0.83389,-0.55058,0.08959,-0.43781,0.80395
-0.0465,0.81098,-0.58322,-0.01746,-0.56938,0.86682
-0.06335,0.79428,-0.60424,-0.02821,-0.55972,0.89416
-0.08491,0.78315,-0.616,-0.18795,-0.5272,0.94492
-0.10898,0.77642,-0.62071,-0.25021,-0.5583,0.87274
-0.12778,0.77793,-0.61521,-0.25487,-0.57051,0.75314
-0.14084,0.78797,-0.59938,-0.20334,-0.52546,0.61077
-0.15576,0.80575,-0.5714,0.11325,0.77125,-1.11001
-0.1819,0.82134,-0.54065,0.40163,1.57501,-1.89881
-0.21069,0.81312,-0.54262,0.20416,1.22833,-0.94565
-0.23405,0.79404,-0.56099,-0.0568,0.21514,-0.33433
-0.2426,0.778,-0.57953,-0.16141,-0.39693,-0.11702
-0.23902,0.77379,-0.58661,-0.63913,0.4159,0.41617
-0.23382,0.77865,-0.58226,-0.77383,1.09869,0.36371
-0.24191,0.77743,-0.58058,-0.59866,1.20653,0.21956
-0.24147,0.76418,-0.5981,-0.0577,-0.31166,1.40444
-0.24964,0.7528,-0.60907,0.21662,-0.66216,1.48669
-0.238,0.75988,-0.60492,0.29681,-0.4546,1.25259
-0.20846,0.78314,-0.58586,0.20075,0.37462,1.26907
-0.18297,0.80663,-0.56202,0.20827,1.11236,1.17705
-0.18982,0.82405,-0.53377,0.48073,0.83473,0.97664
-0.21312,0.8372,-0.50366,0.71615,0.56363,0.29802
-0.23574,0.85934,-0.45383,0.65798,0.14019,0.18721
-0.25424,0.88794,-0.38331,0.49524,-0.02276,0.12293
-0.25086,0.90828,-0.33479,0.08093,-0.07856,0.14584
-0.23102,0.92268,-0.30869,0.0482,-0.05688,0.30874
-0.192,0.93802,-0.28851,0.04984,0.02419,0.02642
-0.15878,0.95645,-0.24491,-0.46341,-0.21814,0.27214
-0.12802,0.97258,-0.19414,-0.48398,-0.25662,0.04546
-0.11668,0.98133,-0.15286,-0.08881,-0.16183,0.12874
-0.11987,0.9836,-0.1347,0.08603,-0.07008,0.38702
-0.11844,0.98613,-0.11626,-0.16528,-0.05893,0.33162
-0.10944,0.99037,-0.08472,-0.18033,0.12328,0.24212
-0.11047,0.99289,-0.04427,0.17339,0.27957,0.27437
-0.12536,0.9921,-0.00229,0.55804,0.24404,0.11626
-0.13484,0.98909,0.05919,0.58853,0.18677,-0.22048
-0.13206,0.98439,0.11632,0.12695,0.47684,-0.66614
-0.13391,0.98181,0.13456,0.1884,0.55524,-0.36045
-0.13852,0.98093,0.13632,0.12166,0.61643,-0.19682
-0.13791,0.98073,0.13831,0.35265,0.58966,-0.29031
-0.13492,0.98248,0.12853,0.48166,0.36051,-0.58034
-0.13139,0.98614,0.10126,0.39444,0.1924,-0.61198
-0.13133,0.98959,0.05878,0.47342,0.38402,-0.28319
-0.13231,0.9912,-0.00011,0.1541,0.4251,-0.03474
-0.12809,0.98954,-0.06632,-0.01584,0.51342,0.523
-0.11821,0.98373,-0.13522,-0.15089,0.60498,0.74838
-0.11058,0.97277,-0.20367,-0.35636,0.64254,0.49822
-0.11345,0.95824,-0.26249,-0.41492,0.58447,0.44105
-0.13329,0.94171,-0.30889,-0.45048,0.50966,0.40931
-0.16054,0.9246,-0.34545,-0.27246,0.18769,0.47181
-0.1766,0.90798,-0.37997,-0.1838,0.06748,0.58973
-0.15934,0.89116,-0.42479,-0.12026,0.01393,0.62655
-0.1197,0.87582,-0.46755,0.15254,-0.12869,0.79618
-0.09385,0.86017,-0.50129,0.23298,-0.14559,0.93143
-0.08177,0.8531,-0.51529,0.48962,-0.11716,0.95135
-0.06682,0.84204,-0.53526,0.03678,-0.29083,0.56585
-0.06731,0.81975,-0.56875,-0.09987,-0.43297,0.68541
-0.08555,0.79145,-0.60521,-0.15215,-0.5402,0.73435
-0.10673,0.76288,-0.63767,-0.19843,-0.49621,0.71358
-0.11916,0.73994,-0.66203,-0.19496,-0.45295,0.68985
-0.12478,0.72329,-0.67918,-0.12579,-0.26067,0.38607
-0.12765,0.71048,-0.69204,0.08144,-0.00687,-0.11413
-0.13242,0.69588,-0.70584,0.16879,0.21203,-0.34129
-0.14277,0.67114,-0.72745,0.48849,0.57239,-0.55949
-0.16727,0.63875,-0.75101,0.47242,0.46625,-0.38584
-0.2046,0.60626,-0.76849,0.34837,0.19823,-0.03302
-0.24424,0.58071,-0.77661,0.2317,-0.06797,-0.05024
-0.27547,0.56554,-0.77736,0.30701,-0.532,-0.08046
-0.29359,0.56635,-0.77009,0.29425,-0.77251,0.32404
-0.29713,0.59527,-0.74657,-1.39685,-0.36854,0.90154
-0.26413,0.64158,-0.72014,-1.26162,3.85184,-2.08964
-0.22207,0.66097,-0.7168,-1.30368,3.83246,-2.09299
-0.2285,0.67223,-0.70419,-0.13165,-1.06655,1.97592
-0.17232,0.70155,-0.69146,-0.49647,-0.84593,0.35293
-0.12199,0.75402,-0.64542,-0.02092,-0.39072,1.31847
-0.06427,0.80407,-0.59104,-0.22519,0.97481,1.02281
-0.03021,0.85342,-0.52034,-0.02277,0.62906,0.9048
-0.01925,0.89131,-0.45298,0.33252,0.80626,0.68594
-0.02487,0.91496,-0.40276,0.79719,0.79068,0.20954
-0.04246,0.93181,-0.36044,0.62202,0.25998,0.23515
-0.06961,0.94097,-0.33123,0.14138,0.02207,0.32841
-0.09556,0.9455,-0.31127,-0.09593,-0.04514,0.29207
-0.12008,0.95025,-0.28739,-0.09608,-0.05407,0.26981
-0.14277,0.95611,-0.25584,0.0916,-0.07356,0.22259
-0.16321,0.96169,-0.22024,0.23156,-0.10637,0.1535
-0.17683,0.96638,-0.18662,0.26484,-0.16386,0.11635
-0.17692,0.97252,-0.15131,0.1051,-0.2195,0.43112
-0.16095,0.97899,-0.12513,0.02847,-0.26366,0.19883
-0.13845,0.98502,-0.10277,0.05672,-0.06461,0.08342
-0.11895,0.99003,-0.07537,0.02755,-0.11546,0.05031
-0.10934,0.99308,-0.04281,-0.09792,-0.04987,0.09771
-0.11169,0.99367,-0.01159,-0.14482,-0.03154,0.11437
-0.11815,0.99283,0.01756,-0.05135,-0.04444,-0.002
-0.13094,0.98966,0.05839,0.27858,0.21802,-0.08991
-0.13852,0.98455,0.10707,0.19048,0.35226,-0.40376
-0.13683,0.9792,0.14978,0.16285,0.35787,-0.61087
-0.14121,0.97681,0.16088,0.25448,0.39303,-0.40972
-0.14743,0.97658,0.15665,0.37258,0.55444,-0.22427
-0.14848,0.97784,0.14754,0.5611,0.39298,-0.21933
-0.14253,0.98185,0.12506,0.43309,0.37115,-0.39426
-0.1316,0.98721,0.08986,0.05611,0.42273,-0.33787
-0.12454,0.99148,0.03799,-0.04678,0.42016,-0.11128
-0.12054,0.9923,-0.02818,-0.16169,0.4986,0.15231
-0.11594,0.98813,-0.10071,-0.34518,0.60623,0.54259
-0.10516,0.97924,-0.17325,-0.39757,0.63704,0.48979
-0.09674,0.9675,-0.23362,-0.41761,0.61421,0.46239
-0.09659,0.95341,-0.28578,-0.45956,0.45577,0.39506
-0.10004,0.9369,-0.33498,-0.40539,0.34933,0.43968
-0.09976,0.91944,-0.38036,-0.22181,-0.03908,0.59506
-0.08843,0.90006,-0.4267,0.01928,-0.16658,0.7122
-0.07052,0.87937,-0.47089,0.28742,-0.24558,0.80852
-0.06715,0.8574,-0.51024,0.40245,-0.35784,0.883
-0.07855,0.84026,-0.53646,0.31814,-0.34676,0.73628
-0.0838,0.82706,-0.55582,0.13826,-0.42123,0.65647
-0.08399,0.81472,-0.57373,0.00452,-0.42448,0.69664
-0.08634,0.80462,-0.58747,-0.129,-0.49894,0.76608
-0.09893,0.79568,-0.59759,-0.14084,-0.51023,0.78238
-0.11509,0.78958,-0.60275,-0.09495,-0.58481,0.74434
-0.13002,0.78911,-0.60032,-0.02104,-0.51603,0.6656
-0.14037,0.79592,-0.5889,-0.02047,-0.37009,0.5562
-0.14356,0.8095,-0.56929,-0.0913,0.34221,-0.61554
-0.14456,0.82322,-0.549,0.33123,1.23302,-1.62114
-0.15214,0.82257,-0.54793,0.49941,1.23238,-1.25147
-0.16389,0.81168,-0.56064,0.07721,0.35345,-0.24452
-0.17805,0.79701,-0.57712,-0.02558,-0.04127,-0.12228
-0.19149,0.78573,-0.58818,0.03565,-0.23144,0.04332
-0.198,0.78279,-0.58994,-0.33693,-0.28665,0.47464
-0.19824,0.79209,-0.57731,-0.80839,0.27661,1.3168
-0.18199,0.79932,-0.57267,-1.51469,1.08718,-0.0794
-0.17609,0.82243,-0.54092,-0.28043,1.83706,0.09566
-0.17301,0.82611,-0.53629,-0.04336,-0.43852,1.37309
-0.13011,0.82716,-0.54669,-0.077,-0.41737,0.93509
-0.08954,0.847,-0.52399,-0.0099,-0.39851,0.89408
-0.0676,0.87426,-0.48071,0.17973,0.43006,1.17598
-0.07225,0.9015,-0.4267,0.18437,0.40282,1.12197
-0.09514,0.91829,-0.38431,0.47522,0.54065,0.91533
-0.12759,0.92621,-0.35474,0.44163,0.33857,0.24741
-0.15066,0.93917,-0.30863,0.1593,0.04304,-0.19809
-0.15243,0.95527,-0.25342,0.08322,-0.10647,0.01093
-0.14661,0.96199,-0.23036,0.08834,-0.13146,0.07933
-0.14029,0.96645,-0.21513,0.06545,-0.0869,0.24203
-0.12973,0.97308,-0.19046,-0.10586,-0.03974,0.36591
-0.11441,0.98132,-0.15465,-0.10765,-0.0376,0.04957
-0.10377,0.98856,-0.10936,-0.07738,-0.31565,0.21722
-0.09746,0.9923,-0.07628,0.02101,-0.3905,0.34379
-0.09453,0.99398,-0.05527,0.10855,-0.23521,0.16571
-0.09665,0.99478,-0.03243,0.11604,-0.1015,-0.03825
-0.10262,0.99471,-0.00014,0.12849,-0.03849,0.01056
-0.11121,0.99314,0.03597,0.06493,0.12283,-0.10871
-0.11929,0.99006,0.07441,0.03377,0.24595,-0.22061
-0.12063,0.98532,0.12075,0.01188,0.30977,-0.23498
-0.11984,0.97907,0.16446,0.35329,0.42387,-0.65232
-0.12274,0.97577,0.18109,0.43956,0.49489,-0.45999
-0.12672,0.97814,0.16482,0.50407,0.62048,-0.25069
-0.12359,0.98214,0.14179,0.50397,0.50748,-0.33579
-0.11377,0.98692,0.11412,0.38656,0.45378,-0.37176
-0.09964,0.99292,0.06452,-0.16079,0.50221,-0.47261
-0.08983,0.99595,0.00043,-0.27824,0.46053,0.24449
-0.08523,0.99355,-0.07475,-0.10618,0.37628,0.74339
-0.08259,0.98431,-0.1559,-0.34226,0.67573,0.55898
-0.07935,0.96993,-0.23004,-0.67444,1.00353,0.3864
-0.09044,0.95502,-0.2824,-0.75046,0.81351,0.42457
-0.11136,0.93987,-0.32286,-0.62909,0.14604,0.49404
-0.12382,0.92343,-0.36324,-0.20598,-0.00269,0.55587
-0.1138,0.90487,-0.41018,0.12651,-0.16049,0.58671
-0.09184,0.88393,-0.4585,0.44514,-0.1185,0.88334
-0.08419,0.85272,-0.51553,0.54208,-0.08158,0.82293
-0.10265,0.81792,-0.5661,0.30562,-0.25409,1.02226
-0.11651,0.79579,-0.59426,0.13413,-0.45552,0.7806
-0.12292,0.77624,-0.61833,0.01098,-0.53935,0.82658
-0.12902,0.76133,-0.63539,-0.0528,-0.4951,0.9306
-0.14025,0.7543,-0.64137,-0.04976,-0.51107,0.92598
-0.15306,0.7558,-0.63666,-0.04346,-0.56659,0.84357
-0.1656,0.76422,-0.62332,-0.03824,-0.57672,0.83341
-0.17338,0.78067,-0.6004,0.06016,-0.42229,0.70881
-0.17605,0.806,-0.56512,0.03506,-0.01393,0.21435
-0.17555,0.83776,-0.51705,-0.05303,0.42147,-0.46658
-0.17456,0.84508,-0.50533,-0.22277,2.00766,-1.56065
-0.19455,0.82608,-0.5289,0.01067,0.18353,-0.60029
-0.20552,0.8093,-0.55027,0.10272,-0.53806,-0.2272
-0.20492,0.80184,-0.56129,-0.01128,-0.45179,0.19577
-0.20137,0.80466,-0.55854,-0.51602,0.40059,1.14369
-0.19608,0.80906,-0.55404,-0.40747,0.76712,0.75637
-0.18039,0.81714,-0.54748,-0.66089,1.24306,-0.47524
-0.16535,0.81845,-0.55026,-0.77754,0.32141,0.67491
-0.17935,0.80662,-0.5632,0.06576,-0.44645,1.98935
-0.15275,0.80938,-0.56707,-0.02688,-0.16262,1.38294
-0.11857,0.83075,-0.54386,-0.11481,0.09123,1.04909
-0.10943,0.86054,-0.49748,0.01838,0.57736,1.12864
-0.12721,0.88066,-0.45634,0.29899,0.62031,1.07034
-0.15601,0.89325,-0.42162,0.44742,0.29346,0.60398
-0.18306,0.90396,-0.38643,0.48247,0.22744,0.34732
-0.19668,0.92402,-0.32787,0.59678,0.03527,-0.25121
-0.18818,0.94716,-0.25973,0.15974,-0.06179,0.02128
-0.16504,0.96195,-0.21769,0.08943,-0.11604,0.02969
-0.13602,0.97156,-0.19382,0.1001,-0.13991,0.01415
-0.10653,0.98083,-0.1631,-0.17191,-0.26378,0.31482
-0.07861,0.98838,-0.13008,-0.22018,-0.33449,0.25774
-0.05997,0.99334,-0.09831,-0.33507,-0.21218,0.12854
-0.05577,0.99604,-0.06911,-0.376,-0.18444,-0.01444
-0.06679,0.99703,-0.03827,-0.04723,-0.07297,0.15122
-0.09007,0.99587,-0.01082,0.1876,0.06085,-0.03089
-0.11378,0.99342,0.0124,0.35273,0.3812,-0.27831
-0.12842,0.99029,0.05303,0.32959,0.49678,-0.1998
-0.1323,0.98558,0.10542,0.30757,0.32294,-0.41053
-0.13253,0.97949,0.15174,0.59849,0.41961,-0.66134
-0.13985,0.97815,0.1538,0.51359,0.4936,-0.47883
-0.13711,0.98258,0.12537,0.43065,0.5532,-0.17045
-0.12885,0.98606,0.10518,0.10864,0.35952,-0.58444
-0.12092,0.98871,0.08843,0.15245,0.33309,-0.70056
-0.12126,0.99166,0.04346,0.25037,0.47857,-0.36975
-0.12432,0.99172,-0.03186,0.16465,0.54166,0.37985
-0.12132,0.98509,-0.12195,0.03096,0.42585,0.84998
-0.11032,0.97247,-0.20524,-0.27558,0.71457,0.67649
-0.10385,0.95538,-0.2765,-0.61293,1.12735,0.57443
-0.11766,0.93644,-0.3305,-0.82142,0.73506,0.51992
-0.15043,0.91815,-0.36657,-0.79086,0.19201,0.43906
-0.16933,0.90041,-0.40073,-0.2905,-0.06879,0.50634
-0.15644,0.88218,-0.44416,0.19857,-0.21544,0.71005
-0.12073,0.86105,-0.49397,0.59956,0.01249,0.88243
-0.10815,0.82646,-0.5525,0.61755,-0.07753,0.88312
-0.13001,0.79121,-0.59756,0.54508,-0.11073,1.15603
-0.14583,0.76464,-0.62774,0.12743,-0.29479,0.8616
-0.16486,0.73681,-0.65569,0.11725,-0.42265,0.93642
-0.18322,0.71862,-0.67082,-0.0051,-0.45109,1.01105
-0.20162,0.71116,-0.6735,-0.11068,-0.5655,0.99253
-0.21383,0.71372,-0.667,-0.06889,-0.62695,0.92217
-0.22187,0.72571,-0.65124,-0.02356,-0.58679,0.90991
-0.22503,0.74727,-0.62525,-0.04664,-0.52802,0.81101
-0.22326,0.7779,-0.58738,-0.0696,0.55222,-0.59439
-0.2163,0.81302,-0.54055,-0.2779,1.27545,-1.94265
-0.21122,0.81404,-0.54103,-0.0863,1.81547,-1.65867
-0.22845,0.7941,-0.56321,0.08512,0.29777,-0.41787
-0.23665,0.7827,-0.57564,0.15719,-0.29274,-0.33395
-0.23589,0.77694,-0.58371,-0.01587,-0.27919,0.30875
-0.23581,0.77954,-0.58027,-0.67718,0.33289,1.10772
-0.2347,0.78995,-0.56648,-0.59524,1.01448,0.82511
-0.21289,0.80752,-0.55007,-0.33645,2.15439,-1.56162
-0.19675,0.79148,-0.57866,-0.31293,-0.90038,2.29776
-0.17994,0.78442,-0.59356,-0.14633,-0.7896,1.83704
-0.14142,0.80284,-0.57917,-0.20263,-0.21246,1.17131
-0.10961,0.84066,-0.53034,-0.28077,0.33747,1.20995
-0.0976,0.88351,-0.45813,0.14411,0.8353,1.42382
-0.10957,0.90426,-0.41267,0.50279,0.55472,1.1275
-0.12792,0.91075,-0.39262,0.48333,0.38844,0.54132
-0.14498,0.91756,-0.37021,0.7279,0.32059,-0.37687
-0.1501,0.94314,-0.29655,0.42873,-0.0424,-0.06571
-0.14654,0.95862,-0.24404,0.23795,-0.11471,-0.12028
-0.13612,0.96547,-0.22209,0.12517,-0.05338,0.14161
-0.12239,0.97213,-0.19992,0.05833,0.00509,0.22577
-0.10488,0.98008,-0.16863,-0.08691,-0.25847,0.38231
-0.08334,0.9864,-0.14158,-0.16275,-0.31648,0.30495
-0.06686,0.99089,-0.11682,-0.17425,-0.28162,0.14369
-0.05796,0.99455,-0.08652,-0.22354,-0.21208,-0.05537
-0.06396,0.99667,-0.05049,-0.1129,-0.08115,0.07294
-0.0832,0.99639,-0.01628,0.07264,0.05343,-0.00764
-0.10588,0.99429,0.01238,0.19495,0.2746,-0.20064
-0.12134,0.99136,0.04969,0.2674,0.41262,-0.10508
-0.1271,0.98751,0.09299,0.26821,0.37447,-0.23921
-0.12782,0.98303,0.13154,0.58451,0.43262,-0.48268
-0.13117,0.98144,0.13982,0.56348,0.49504,-0.58305
-0.12492,0.98556,0.11419,0.50018,0.55913,-0.38279
-0.11239,0.98993,0.08593,0.22202,0.39793,-0.38818
-0.10279,0.99287,0.06018,0.14999,0.33663,-0.42373
-0.09997,0.99488,0.0141,0.10154,0.44106,-0.36821
-0.10106,0.99327,-0.05641,0.08522,0.50636,0.60664
-0.0993,0.98421,-0.14645,0.02285,0.54166,0.79422
-0.09161,0.96772,-0.23474,-0.10612,0.64626,0.81911
-0.08726,0.94767,-0.30708,-0.57317,1.14431,0.63923
-0.09662,0.92746,-0.3612,-0.78065,0.71277,0.46197
-0.12083,0.91005,-0.39649,-0.84768,0.41794,0.47701
-0.14445,0.89124,-0.4299,-0.21238,-0.14025,0.65086
-0.14557,0.87095,-0.46929,-0.21126,-0.11996,0.69026
-0.13677,0.84071,-0.52392,0.57995,-0.107,0.89197
-0.13745,0.80341,-0.57933,0.58449,0.00883,0.88468
-0.14947,0.77168,-0.61819,0.32891,-0.11253,0.78881
-0.16028,0.73938,-0.65393,0.14332,-0.31601,0.88583
-0.17342,0.71076,-0.68171,0.00426,-0.52206,0.98837
-0.18982,0.69236,-0.69613,-0.07219,-0.52737,1.0154
-0.20977,0.68312,-0.69952,-0.17604,-0.59241,1.00955
-0.2239,0.68544,-0.69284,-0.06831,-0.59293,0.95641
-0.23125,0.69927,-0.67641,-0.01382,-0.49011,0.85628
-0.2331,0.72206,-0.65137,0.0062,-0.16101,0.38822
-0.23233,0.75292,-0.61573,0.00859,0.59251,-0.8053
-0.22902,0.76533,-0.60151,-0.26153,2.1079,-2.14769
-0.24455,0.74626,-0.61911,-0.03842,0.32079,-0.36962
-0.26031,0.72865,-0.63348,-0.07219,-0.10762,-0.26137
-0.26461,0.71927,-0.64236,-0.21256,-0.08984,-0.29111
-0.26846,0.72336,-0.63614,-0.329,0.44229,0.6615
-0.26442,0.72877,-0.63164,-0.18959,1.00124,0.38187
-0.25605,0.73199,-0.63136,-0.62372,0.39145,0.57367
-0.23417,0.72691,-0.64556,-0.76598,-0.54816,1.39538
-0.2272,0.73559,-0.63818,-0.2924,-0.53625,1.40275
-0.20666,0.76367,-0.61163,-0.18629,-0.2677,1.32066
-0.17273,0.80311,-0.57024,-0.22002,0.57824,1.21276
-0.14174,0.84037,-0.52314,0.09006,1.0236,1.20983
-0.13855,0.86556,-0.48125,0.37287,0.6701,0.99373
-0.13802,0.88391,-0.44681,0.59536,0.35209,0.2975
-0.13339,0.90783,-0.39755,0.95737,0.1484,0.01089
-0.13481,0.93287,-0.334,0.57697,-0.15614,-0.14904
-0.14049,0.94532,-0.29433,0.24277,-0.04492,0.0341
-0.13615,0.95369,-0.26818,0.20698,0.01436,0.14739
-0.12522,0.96288,-0.23908,0.17974,-0.06362,0.16884
-0.11075,0.97327,-0.20115,0.03648,-0.0898,0.22001
-0.09042,0.9821,-0.16517,-0.07926,-0.2197,0.37305
-0.0639,0.98813,-0.13967,-0.18225,-0.34167,0.32195
-0.04346,0.99341,-0.10595,-0.2853,-0.09011,-0.06511
-0.0395,0.99725,-0.06256,-0.23738,-0.04407,-0.10184
-0.05169,0.99842,-0.02177,-0.09609,-0.079,-0.01144
-0.07367,0.99725,0.00763,0.14331,0.1404,-0.16248
-0.09172,0.99497,0.03999,0.23817,0.33088,-0.19034
-0.10183,0.99138,0.08228,0.15824,0.16255,-0.20864
-0.1029,0.98832,0.11234,0.26017,0.29255,-0.24064
-0.10692,0.98827,0.10893,0.33082,0.45995,-0.09175
-0.1061,0.99036,0.08897,0.25042,0.40057,0.02119
-0.09953,0.99196,0.07809,0.06442,0.32129,-0.02065
-0.09815,0.99196,0.07974,0.14252,0.26077,-0.6451
-0.09662,0.99245,0.07538,0.24846,0.21987,-0.78981
-0.09968,0.99352,0.05437,0.36958,0.38009,-0.71631
-0.10592,0.99436,-0.0036,0.26934,0.44956,0.08132
-0.10781,0.9901,-0.08975,0.11122,0.41,0.38706
-0.10433,0.97825,-0.17925,0.0082,0.40456,0.74985
-0.09839,0.96023,-0.26127,-0.44033,0.91164,0.71995
-0.10883,0.94159,-0.31867,-0.55408,0.80751,0.65951
-0.13953,0.92436,-0.35508,-0.61154,0.53507,0.55058
-0.1702,0.9106,-0.37661,-0.20703,0.08022,0.44167
-0.17791,0.8957,-0.4075,0.01775,-0.03587,0.47374
-0.15458,0.87604,-0.45677,0.12864,-0.07709,0.58442
-0.13373,0.84579,-0.51648,0.5538,-0.03524,0.81262
-0.13435,0.81193,-0.56807,0.38835,-0.1236,0.97528
-0.13296,0.78887,-0.6,0.12493,-0.25455,0.81649
-0.13269,0.76613,-0.62883,0.04695,-0.38277,0.92176
-0.13707,0.74652,-0.65109,0.04686,-0.41685,0.9481
-0.14786,0.73602,-0.66061,-0.03438,-0.52504,0.95915
-0.16024,0.73346,-0.66057,-0.04242,-0.62999,0.9527
-0.17227,0.73951,-0.65072,-0.03978,-0.62575,0.9203
-0.18288,0.7527,-0.63245,-0.057,-0.32156,0.63356
-0.18768,0.77463,-0.60391,-0.11081,0.11271,-0.0535
-0.18271,0.80477,-0.56477,-0.17029,0.57901,-0.78588
-0.18047,0.81213,-0.55486,0.17542,1.5148,-1.55487
-0.20299,0.79264,-0.5749,0.07462,0.25783,-0.27091
-0.21777,0.77766,-0.58976,0.01936,-0.23329,-0.14761
-0.21964,0.77258,-0.59571,-0.20327,-0.10105,0.37791
-0.21689,0.77499,-0.59358,-0.55401,0.41531,0.79419
-0.20951,0.78547,-0.58235,-0.47572,1.42615,0.53659
-0.19387,0.79748,-0.57135,-0.43816,0.96945,-0.25363
-0.1727,0.78302,-0.59753,-0.57852,-0.68036,1.70755
-0.15862,0.77971,-0.60571,-0.35653,-0.78427,1.83214
-0.12378,0.80119,-0.58546,-0.27666,-0.15021,1.34031
-0.08321,0.83853,-0.53846,-0.41998,0.24489,1.13043
-0.06704,0.87961,-0.47095,-0.13988,0.71483,1.26195
-0.08563,0.90121,-0.42482,0.36851,0.63834,1.19501
-0.1221,0.90634,-0.40451,0.46874,0.50669,0.77216
-0.15447,0.91094,-0.38252,0.54514,0.36203,0.29007
-0.1625,0.93743,-0.30791,0.58335,-0.004,-0.01042
-0.15561,0.95561,-0.25015,0.37329,-0.08133,-0.117
-0.13907,0.96522,-0.22133,0.33023,-0.08914,-0.06699
-0.11998,0.97313,-0.19651,0.21776,-0.02656,0.2338
-0.0928,0.9816,-0.16687,-0.13685,-0.17216,0.56336
-0.05991,0.98839,-0.13956,-0.33329,-0.29714,0.07054
-0.0377,0.99433,-0.09937,-0.36859,-0.24495,0.05292
-0.03226,0.99734,-0.06524,-0.37652,-0.16931,-0.05064
-0.04835,0.99813,-0.03713,-0.06044,-0.03289,0.01551
-0.07564,0.99702,-0.01452,0.16196,0.05907,0.01341
-0.09881,0.99501,0.01325,0.30096,0.29402,-0.09205
-0.11222,0.992,0.05767,0.304,0.34317,-0.0848
-0.11809,0.98767,0.10264,0.21547,0.32128,-0.19169
-0.12233,0.98433,0.12696,0.49944,0.4262,-0.40225
-0.12701,0.98532,0.11402,0.52775,0.49816,-0.27643
-0.1184,0.98895,0.08916,0.46848,0.40845,-0.1077
-0.10639,0.99129,0.07757,-0.22395,0.37781,-0.53064
-0.09989,0.99222,0.0742,-0.06701,0.34283,-0.76155
-0.09975,0.99358,0.0533,0.27569,0.29012,-0.56163
-0.10491,0.99447,-0.0006,0.20797,0.35041,-0.02696
-0.10843,0.9907,-0.08207,0.15613,0.5237,0.5389
-0.10581,0.97916,-0.17329,0.06319,0.55411,0.8126
-0.10215,0.9608,-0.2577,-0.21831,0.78195,0.76063
-0.10358,0.93942,-0.32672,-0.37292,1.0009,0.76307
-0.11989,0.91932,-0.37479,-0.6378,0.50095,0.45874
-0.14792,0.90479,-0.39932,-0.68613,0.08576,0.41615
-0.16854,0.89071,-0.42216,-0.61386,-0.0599,0.46472
-0.15982,0.87312,-0.46056,0.05448,-0.11796,0.58595
-0.13582,0.84554,-0.51634,0.33578,-0.18801,0.74507
-0.13578,0.80384,-0.57913,0.47785,-0.18455,0.8499
-0.15175,0.77409,-0.61461,0.46717,-0.20515,0.89144
-0.15627,0.75832,-0.63287,0.22932,-0.34063,0.79269
-0.1569,0.74291,-0.65074,0.17698,-0.38361,0.84721
-0.16433,0.73206,-0.66112,0.03795,-0.49506,0.94662
-0.18017,0.72817,-0.66129,-0.07429,-0.53317,0.96096
-0.19862,0.73127,-0.65253,-0.09171,-0.56806,0.94384
-0.2157,0.7434,-0.63311,-0.04015,-0.49712,0.87687
-0.22558,0.76515,-0.60304,-0.07459,-0.20292,0.60704
-0.2212,0.79924,-0.55883,-0.13001,0.3561,-0.42572
-0.19967,0.8361,-0.51094,0.07435,2.53397,-4.02607
-0.1973,0.82485,-0.5298,0.08269,0.96615,-0.7878
-0.21348,0.80604,-0.55202,0.16615,-0.2653,-0.06816
-0.21709,0.79581,-0.56529,-0.15009,-0.01435,0.30613
-0.21808,0.7936,-0.568,-0.83232,0.8142,0.70784
-0.21193,0.79783,-0.5644,-0.69597,1.47461,0.06331
-0.19795,0.80674,-0.55675,-0.14295,1.37178,-0.62622
-0.17838,0.77791,-0.60252,-0.44167,-0.92557,2.18553
-0.15465,0.76741,-0.62222,-0.41535,-0.92165,1.51207
-0.12372,0.78775,-0.60344,-0.30708,-0.28319,1.53116
-0.09283,0.82936,-0.55094,-0.49842,0.38336,1.2976
-0.07454,0.87463,-0.47902,-0.1904,0.80849,1.32769
-0.07719,0.89962,-0.42979,0.27973,0.74603,1.184
-0.09004,0.90878,-0.40744,0.41214,0.51326,0.6768
-0.10592,0.92177,-0.37297,0.89053,0.281,-0.5503
-0.12114,0.94766,-0.29537,0.49674,-0.04723,0.03166
-0.1242,0.95801,-0.25843,0.15826,-0.0685,0.03365
-0.11341,0.96457,-0.23816,0.02895,-0.02109,0.14174
-0.10364,0.9727,-0.20763,-0.04938,-0.01237,0.22463
-0.09102,0.98091,-0.17179,-0.1436,-0.17148,0.12286
-0.07669,0.98686,-0.14217,-0.20934,-0.40968,0.24547
-0.06362,0.99055,-0.12142,-0.12925,-0.31421,0.21498
-0.05885,0.99308,-0.10162,-0.033,-0.21442,0.08888
-0.06214,0.99482,-0.08036,-0.05152,-0.1538,0.03681
-0.07601,0.99582,-0.05043,0.05839,0.02101,0.07965
-0.09634,0.99521,-0.01591,0.18809,0.12394,-0.1693
-0.11347,0.99326,0.02325,0.26188,0.29855,-0.16686
-0.12159,0.99008,0.07024,0.30323,0.33267,-0.25298
-0.12601,0.98506,0.11727,0.56082,0.47952,-0.41396
-0.13311,0.98091,0.14172,0.58999,0.46084,-0.53707
-0.13122,0.9828,0.12987,0.30378,0.31755,-0.44108
-0.12008,0.98691,0.10753,0.11296,0.46406,-0.34803
-0.11248,0.98997,0.08543,-0.19377,0.3822,-0.50619
-0.11053,0.99189,0.06262,0.2052,0.35281,-0.57832
-0.1148,0.99334,0.00906,0.23173,0.58581,0.03498
-0.11921,0.99001,-0.07523,0.24256,0.6055,0.45628
-0.11423,0.97794,-0.17485,-0.01533,0.67711,0.73207
-0.10425,0.95962,-0.26126,-0.35045,0.93264,0.70169
-0.1038,0.93874,-0.32862,-0.63842,1.12332,0.68899
-0.12235,0.91786,-0.37757,-0.97797,0.3158,0.49999
-0.15536,0.90016,-0.40689,-0.84331,-0.04444,0.28308
-0.18198,0.8856,-0.42731,-0.31779,-0.23546,0.61501
-0.17044,0.8701,-0.46246,0.27758,-0.12825,0.71268
-0.14784,0.84331,-0.51668,0.72111,-0.12664,0.76688
-0.15957,0.7977,-0.58155,0.8399,-0.0625,1.10702
-0.18393,0.76555,-0.61652,0.80017,-0.06661,1.24999
-0.19156,0.74242,-0.64196,0.1895,-0.37184,0.92596
-0.20148,0.72231,-0.66156,0.19942,-0.35174,0.94556
-0.21729,0.71131,-0.66845,0.01219,-0.48546,1.04096
-0.23711,0.70902,-0.66412,-0.00973,-0.64053,0.9859
-0.25509,0.71692,-0.6488,0.00825,-0.64843,0.97058
-0.26619,0.73648,-0.62188,-0.04252,-0.468,0.7931
-0.26511,0.76921,-0.5814,-0.24146,0.44963,-0.34434
-0.24966,0.81195,-0.52765,-0.38366,1.15636,-1.48535
-0.23628,0.82476,-0.51375,-0.48364,1.39839,-1.77617
-0.25277,0.81044,-0.52847,-0.16268,0.33905,-0.66428
-0.26845,0.79739,-0.54046,-0.01089,0.01473,-0.25259
-0.27015,0.79344,-0.54541,-0.22114,0.47651,-0.02609
-0.26546,0.79304,-0.54829,-0.50179,1.15536,0.34829
-0.24439,0.79827,-0.55048,-0.01858,2.42736,-0.7534
-0.21573,0.77172,-0.59825,-0.56441,-0.82876,2.18173
-0.17534,0.74543,-0.6431,-0.53287,-1.51565,1.91531
-0.14177,0.762,-0.63187,-0.44112,-0.70209,0.8074
-0.12997,0.81217,-0.56875,-0.51287,0.14027,1.51846
-0.10645,0.85999,-0.49909,-0.53277,0.7445,1.24201
-0.09872,0.89181,-0.44151,0.03138,1.09177,1.36218
-0.1113,0.89989,-0.42167,0.40826,0.52548,0.74079
-0.12214,0.90725,-0.40247,0.91555,0.27,-0.64783
-0.13135,0.93737,-0.32261,0.85576,0.17036,-0.12816
-0.1328,0.95928,-0.24928,0.21205,-0.09166,0.0988
-0.12165,0.96525,-0.23129,0.1187,-0.01824,0.15002
-0.10418,0.97115,-0.21449,0.02375,-0.05216,0.16512
-0.08938,0.97919,-0.1822,-0.1068,-0.15666,0.24974
-0.07416,0.98633,-0.14711,-0.22488,-0.41625,0.37396
-0.05576,0.99083,-0.12306,-0.25181,-0.44803,0.07995
-0.04389,0.9951,-0.08851,-0.24714,-0.25343,0.17921
-0.04441,0.99753,-0.05439,-0.24314,-0.20135,0.15452
-0.05581,0.99817,-0.02286,-0.20113,-0.18001,0.12287
-0.07632,0.99706,0.00598,0.0515,0.04834,-0.0937
-0.09904,0.99434,0.03835,0.21804,0.25751,-0.19429
-0.11258,0.99022,0.08236,0.28326,0.35971,-0.15613
-0.11706,0.98426,0.13237,0.43214,0.35014,-0.45592
-0.1209,0.9763,0.17947,0.60986,0.35938,-0.71721
-0.13093,0.97459,0.18172,0.48429,0.39882,-0.56139
-0.12883,0.98013,0.15082,0.48016,0.60186,-0.19491
-0.12134,0.98496,0.12297,0.49809,0.63697,-0.17651
-0.11053,0.98867,0.10151,0.3128,0.41229,-0.45268
-0.09948,0.99329,0.05886,-0.01147,0.36038,-0.46442
-0.09431,0.99542,-0.01515,-0.05425,0.66209,0.4058
-0.08615,0.98998,-0.11188,0.04571,0.57719,0.84004
-0.07063,0.97614,-0.20532,-0.36657,0.74458,0.58057
-0.06139,0.95849,-0.27842,-0.59859,1.16376,0.50497
-0.07117,0.9416,-0.32911,-0.74862,0.95009,0.48392
-0.09366,0.92517,-0.36781,-0.7737,0.27472,0.37341
-0.11453,0.90827,-0.40239,-0.09248,-0.03266,0.54398
-0.11772,0.88642,-0.44766,0.11055,-0.02953,0.51379
-0.11,0.85567,-0.50569,0.22418,-0.04821,0.64573
-0.10949,0.81907,-0.56314,0.74761,-0.07177,1.06215
-0.11748,0.78749,-0.60502,0.47594,-0.20674,1.0371
-0.12674,0.76094,-0.63632,0.34728,-0.28766,1.06735
-0.1398,0.73822,-0.65991,0.02129,-0.61549,1.01575
-0.15845,0.72266,-0.6728,-0.01105,-0.60632,1.03011
-0.18034,0.71726,-0.67306,-0.04306,-0.60946,1.06611
-0.19791,0.72252,-0.66241,-0.0666,-0.59598,0.99243
-0.20918,0.73888,-0.64055,-0.03036,-0.56351,0.91783
-0.21659,0.76334,-0.60861,-0.02427,-0.47194,0.78585
-0.22445,0.79226,-0.56739,-0.24988,1.35991,-1.90448
-0.22696,0.80975,-0.54109,-0.41342,2.34694,-3.03154
-0.24613,0.78918,-0.56269,-0.31913,0.88334,-0.66095
-0.2603,0.76914,-0.58366,-0.0323,-0.37371,-0.28147
-0.26275,0.75881,-0.59596,-0.29048,-0.12691,-0.35498
-0.26694,0.75792,-0.59522,-0.46867,1.15013,0.306
-0.26523,0.75948,-0.594,-0.13612,1.725,-0.47303
-0.24688,0.74874,-0.61517,-0.74019,-0.64607,1.37335
-0.22347,0.73056,-0.64524,-0.56079,-1.18813,1.87787
-0.20614,0.74659,-0.63254,-0.05462,-0.43838,1.31908
-0.18957,0.79022,-0.58276,0.06377,0.03148,1.7454
-0.15022,0.83016,-0.5369,0.01178,1.21955,1.44741
-0.12036,0.86034,-0.4953,0.36894,1.00424,1.17311
-0.11327,0.87739,-0.4662,0.4462,0.82004,0.96695
-0.118,0.89302,-0.43426,0.84358,0.24806,-0.28721
-0.13287,0.92227,-0.36297,0.55274,-0.0143,0.07371
-0.14846,0.9412,-0.30348,0.26285,-0.0693,0.0812
-0.14673,0.94989,-0.276,0.21709,-0.01187,0.28366
-0.12893,0.95995,-0.24874,0.12759,0.10173,0.16389
-0.1075,0.9718,-0.20985,-0.09252,-0.00284,0.16921
-0.07636,0.98213,-0.17196,-0.1695,-0.40612,0.2247
-0.04304,0.98994,-0.13477,-0.122,-0.35682,0.06381
-0.02265,0.99454,-0.10183,-0.17908,-0.2935,0.17805
-0.01515,0.99662,-0.08071,-0.37445,-0.12856,-0.07945
-0.02727,0.99822,-0.05286,-0.04035,-0.05131,0.32059
-0.0524,0.99834,-0.02377,0.21814,0.16136,-0.01177
-0.0734,0.99721,0.01305,0.26105,0.3392,-0.2165
-0.08035,0.99441,0.06835,0.08968,0.38669,-0.23023
-0.07598,0.98925,0.12491,0.07358,0.33259,-0.53028
-0.07686,0.98585,0.14894,0.53863,0.27059,-0.55187
-0.08306,0.98818,0.12877,0.46189,0.46126,-0.10281
-0.08068,0.99051,0.11116,0.39774,0.63451,-0.09715
-0.06966,0.99239,0.10147,0.28766,0.40161,-0.50172
-0.05528,0.99555,0.0763,0.09117,0.38809,-0.52021
-0.04641,0.99871,0.02004,-0.07628,0.35849,-0.39868
-0.04068,0.99751,-0.05752,-0.24851,0.26859,-0.12268
-0.0376,0.98945,-0.13986,-0.1292,0.6686,0.89365
-0.031,0.97471,-0.22128,-0.27987,0.816,0.75073
-0.02353,0.95617,-0.29186,-0.44852,0.9469,0.5496
-0.03451,0.93755,-0.34613,-0.70136,0.67265,0.52781
-0.05945,0.91917,-0.38934,-0.66387,0.40538,0.50746
-0.07513,0.90045,-0.42841,-0.4568,0.05709,0.60653
-0.06782,0.87881,-0.47231,-0.00951,-0.02766,0.6338
-0.0609,0.8467,-0.52858,0.21036,-0.00935,0.73819
-0.07852,0.80268,-0.59122,0.34123,0.00973,0.80474
-0.10084,0.77402,-0.62508,0.41459,-0.21793,0.76365
-0.10988,0.75286,-0.64894,0.19266,-0.22964,0.75447
-0.12058,0.72799,-0.6749,0.09596,-0.29168,0.83239
-0.13754,0.70796,-0.69273,-0.07495,-0.56847,0.97258
-0.15846,0.6967,-0.69964,-0.08318,-0.61574,0.95524
-0.17722,0.69284,-0.69897,-0.07053,-0.67929,0.89677
-0.19022,0.69722,-0.69116,0.03706,-0.52438,0.73376
-0.19548,0.71092,-0.67556,0.05986,-0.34712,0.54585
-0.1936,0.73362,-0.65139,-0.18341,0.71389,-1.00893
-0.18654,0.75561,-0.6279,0.01491,1.86982,-1.8315
-0.20069,0.74666,-0.63421,0.23963,1.39359,-0.91948
-0.22139,0.73045,-0.64609,-0.06062,-0.01827,-0.0437
-0.23232,0.71892,-0.65511,-0.13522,-0.18018,0.00991
-0.23717,0.71744,-0.655,-0.18486,-0.09487,0.12732
-0.23904,0.72539,-0.64549,-0.59853,0.60751,0.46254
-0.23745,0.73743,-0.6323,-0.43972,0.64854,0.90636
-0.20705,0.74802,-0.63055,-0.54081,0.70248,0.22799
-0.18207,0.75721,-0.62728,-0.37565,-0.41079,1.38177
-0.16283,0.77251,-0.61376,-0.07209,-0.31296,1.3276
-0.13224,0.79989,-0.58539,-0.08072,0.06803,1.17566
-0.10465,0.8368,-0.53741,0.01884,0.53936,1.16643
-0.09039,0.87335,-0.47862,0.40506,0.69539,1.1261
-0.09264,0.89496,-0.43641,0.46359,0.53563,0.77897
-0.10295,0.90635,-0.40978,0.72147,0.28835,-0.0812
-0.10762,0.92611,-0.36158,0.46725,-0.01564,0.02462
-0.11054,0.94359,-0.31211,0.18354,-0.06516,0.00703
-0.11093,0.95264,-0.28314,0.15549,-0.0242,0.28516
-0.1053,0.96087,-0.25618,0.05929,-0.11549,0.26526
-0.09165,0.97142,-0.21893,0.05472,-0.09422,0.2334
-0.07438,0.98168,-0.17541,-0.1858,-0.17334,0.33339
-0.05516,0.98901,-0.1371,-0.23171,-0.38078,0.27853
-0.03353,0.99414,-0.10273,-0.24181,-0.36841,0.19755
-0.0194,0.99764,-0.06572,-0.2911,-0.13598,-0.10101
-0.02298,0.99935,-0.02767,-0.21405,-0.11312,0.05851
-0.04255,0.99909,0.00102,0.00541,-0.0241,0.07909
-0.06573,0.99764,0.01956,0.16416,0.16436,-0.13792
-0.08177,0.99554,0.04699,0.17193,0.36301,-0.06144
-0.08696,0.99248,0.08606,0.18952,0.3083,-0.18735
-0.08547,0.98813,0.12757,0.3001,0.28517,-0.29917
-0.09079,0.9857,0.14188,0.41524,0.41888,-0.39824
-0.08803,0.98817,0.12555,0.41096,0.50308,-0.25074
-0.07996,0.99109,0.10645,0.41589,0.60675,-0.1568
-0.0701,0.99327,0.09208,0.23057,0.43983,-0.54822
-0.06212,0.99632,0.0589,0.1359,0.46933,-0.58475
-0.06066,0.99814,-0.00378,-0.12606,0.39848,0.19302
-0.06303,0.99417,-0.08743,-0.0109,0.41074,0.67502
-0.06191,0.98273,-0.17434,-0.04576,0.52296,0.81758
-0.0586,0.96573,-0.25281,-0.48092,0.99691,0.551
-0.06416,0.9464,-0.31654,-0.66533,0.83601,0.37729
-0.08585,0.9281,-0.36228,-0.70047,0.33532,0.5779
-0.11069,0.91012,-0.39927,-0.57998,-0.07574,0.5264
-0.12074,0.89173,-0.43616,-0.16979,-0.15993,0.65361
-0.10778,0.87063,-0.47998,0.0065,-0.14779,0.6789
-0.09925,0.83517,-0.54096,0.478,-0.17792,0.61799
-0.12995,0.78212,-0.60942,0.77305,-0.18927,1.37772
-0.16356,0.75116,-0.63953,0.60864,-0.13391,1.04856
-0.18182,0.73169,-0.65693,0.18022,-0.40299,0.85394
-0.18732,0.71579,-0.67272,0.00609,-0.50003,0.93145
-0.19352,0.70789,-0.67929,-0.0353,-0.5208,0.96796
-0.20472,0.70843,-0.67544,-0.0293,-0.59538,0.98604
-0.21446,0.71912,-0.66096,-0.00163,-0.57406,0.92532
-0.22006,0.73992,-0.63567,-0.06403,-0.24031,0.61799
-0.22614,0.76686,-0.60066,-0.10621,0.33634,-0.2306
-0.22835,0.79982,-0.55511,-0.08553,2.14133,-3.19205
-0.22666,0.79743,-0.55921,-0.18172,1.36567,-0.94105
-0.24782,0.77187,-0.58549,0.00482,-0.24127,-0.11461
-0.25592,0.75741,-0.60069,0.01783,-0.63093,0.00863
-0.25533,0.75518,-0.60374,0.02707,-0.61207,0.29982
-0.25911,0.76114,-0.59458,-0.35271,0.30657,1.08842
-0.26376,0.76923,-0.58199,-0.32377,1.16932,0.92919
-0.23384,0.78498,-0.57369,-0.83696,2.21292,-1.57996
-0.21058,0.81128,-0.54541,-0.36558,0.29553,1.55847
-0.19428,0.80084,-0.56649,0.0656,-0.50518,1.7169
-0.14503,0.80259,-0.57863,-0.07248,-0.41546,1.36791
-0.10719,0.82983,-0.54761,-0.13524,-0.19045,1.10887
-0.09299,0.87133,-0.4818,-0.0117,0.52465,1.31923
-0.10649,0.89562,-0.43187,0.27028,0.50533,1.23802
-0.13268,0.90236,-0.41005,0.31019,0.34377,0.86722
-0.1531,0.90826,-0.38938,0.35935,0.27185,0.18381
-0.16248,0.93064,-0.32787,0.42054,0.07473,-0.10289
-0.15952,0.95556,-0.24787,0.20379,-0.04588,-0.02863
-0.14073,0.9693,-0.20158,0.10877,-0.05805,-0.06878
-0.11675,0.97775,-0.17427,-0.12585,-0.04885,0.24761
-0.0831,0.98528,-0.14934,-0.27051,-0.27228,0.19708
-0.05264,0.99186,-0.11592,-0.2972,-0.30959,0.13792
-0.03648,0.99599,-0.08159,-0.25957,-0.27794,0.16638
-0.03738,0.99795,-0.05177,-0.36524,-0.19766,0.04443
-0.05635,0.99815,-0.02265,0.12052,0.0134,0.05956
-0.08237,0.9966,0.00044,0.22743,0.09271,-0.07494
-0.10122,0.99442,0.02965,0.33322,0.17026,-0.23152
-0.11003,0.9909,0.07749,0.27224,0.30987,-0.42899
-0.10691,0.98505,0.13501,0.43869,0.28573,-0.6931
-0.10893,0.98085,0.1614,0.46667,0.46008,-0.61344
-0.11163,0.98553,0.12751,0.38879,0.41147,-0.34957
-0.10274,0.99056,0.0907,0.2447,0.45909,-0.16048
-0.09622,0.99277,0.0717,0.13658,0.31468,-0.61064
-0.09094,0.99459,0.05013,0.1647,0.3609,-0.75497
-0.09452,0.99548,-0.00883,0.16425,0.46874,-0.31084
-0.10186,0.98944,-0.10307,0.32865,0.71774,0.81971
-0.09471,0.9742,-0.20484,-0.03798,0.68736,0.78484
-0.08403,0.95402,-0.28771,-0.21762,0.78829,0.81961
-0.0839,0.93262,-0.35097,-0.65611,1.1505,0.61909
-0.10023,0.91359,-0.39409,-0.79951,0.40868,0.43927
-0.12823,0.90065,-0.4152,-0.71108,-0.05104,0.34402
-0.14696,0.88691,-0.43794,-0.19877,-0.10235,0.53086
-0.14345,0.86676,-0.47765,0.15321,-0.06917,0.6644
-0.1187,0.84033,-0.52892,0.40815,-0.04067,0.83764
-0.10715,0.80595,-0.58221,0.58471,-0.10493,0.95059
-0.13052,0.77013,-0.62438,0.45618,-0.17937,1.06112
-0.15592,0.74008,-0.65419,0.21779,-0.33019,1.08247
-0.17653,0.71952,-0.67166,0.12407,-0.56417,1.03824
-0.19909,0.70798,-0.67759,-0.00522,-0.57205,1.10728
-0.22145,0.70507,-0.67367,-0.02642,-0.60293,1.10111
-0.23694,0.7135,-0.65938,0.00576,-0.61457,1.09538
-0.24251,0.73359,-0.63484,0.00717,-0.08653,0.52513
-0.24157,0.76171,-0.60119,0.00624,-0.11465,0.49148
-0.24217,0.79306,-0.55893,-0.28092,1.43922,-1.97058
-0.24237,0.79537,-0.55555,-0.54889,1.37508,-1.35081
-0.25865,0.77509,-0.57648,-0.10169,-0.02205,-0.52121
-0.26716,0.76027,-0.59213,0.03438,-0.48549,-0.08629
-0.26208,0.75729,-0.59819,-0.17086,0.0272,-0.07996
-0.25812,0.76525,-0.58971,-0.22363,0.51318,0.14062
-0.24617,0.77342,-0.58414,-0.12065,1.77439,0.40273
-0.21348,0.77003,-0.60123,-0.91158,0.71323,-0.06518
-0.21293,0.74576,-0.63127,-0.50329,-0.89168,2.58914
-0.19029,0.74399,-0.64052,-0.26648,-0.59775,1.31304
-0.16157,0.77685,-0.6086,-0.30521,0.12382,1.60732
-0.12145,0.81751,-0.56295,-0.33209,0.35047,1.37545
-0.10194,0.85397,-0.51023,0.08836,1.01845,1.33387
-0.09956,0.87482,-0.47411,0.3365,0.6734,0.99408
-0.10211,0.89106,-0.44224,0.53389,0.41338,0.10443
-0.11417,0.92225,-0.36934,0.78734,0.11847,-0.09389
-0.1233,0.94835,-0.29226,0.37307,-0.12826,-0.07645
-0.11958,0.95735,-0.26302,0.15293,-0.09883,-0.00042
-0.1051,0.96388,-0.24469,0.09724,0.04536,0.1626
-0.08824,0.97251,-0.21546,-0.07948,-0.17762,0.23738
-0.06667,0.98202,-0.17657,-0.21699,-0.38897,0.26283
-0.04541,0.98952,-0.13701,-0.2217,-0.30649,0.10349
-0.03423,0.99394,-0.10446,-0.05427,-0.2447,0.14898
-0.03418,0.9961,-0.08128,-0.1098,-0.11262,0.15044
-0.04658,0.99742,-0.05445,0.00161,-0.0064,0.159
-0.06742,0.9975,-0.02113,0.19273,0.09519,-0.0213
-0.08694,0.99604,0.01846,0.251,0.13525,-0.14002
-0.09648,0.99295,0.06874,0.20712,0.38064,-0.35231
-0.09738,0.98746,0.12419,0.13482,0.34564,-0.6827
-0.09815,0.98285,0.15607,0.26486,0.32391,-0.70885
-0.10829,0.98468,0.13661,0.49713,0.45299,-0.25354
-0.10824,0.9884,0.1065,0.50047,0.43276,-0.18072
-0.10004,0.99103,0.08852,0.37981,0.53801,-0.25299
-0.09065,0.99331,0.07146,0.28019,0.39362,-0.70952
-0.08823,0.99567,0.02908,0.25837,0.61616,-0.41136
-0.09022,0.9943,-0.05672,0.17071,0.58456,0.57953
-0.0879,0.98325,-0.15965,0.00477,0.58194,0.95546
-0.0775,0.9645,-0.25243,-0.34123,0.75353,0.75275
-0.07463,0.94415,-0.32094,-0.65233,1.10433,0.55322
-0.09352,0.92564,-0.36666,-0.75556,0.79357,0.48168
-0.12793,0.91044,-0.39334,-0.75906,0.00724,0.33777
-0.15777,0.89194,-0.42373,-0.40854,-0.02042,0.48678
-0.15812,0.86878,-0.46927,0.10864,-0.1203,0.69005
-0.12812,0.84056,-0.52634,0.41818,0.00065,0.88668
-0.11153,0.79809,-0.59213,0.579,0.09448,0.85764
-0.13232,0.75696,-0.63992,0.41838,-0.1909,1.1613
-0.15208,0.72769,-0.66883,0.19545,-0.36305,0.97558
-0.17269,0.7008,-0.69214,0.13332,-0.47906,1.03848
-0.19324,0.68241,-0.70497,0.05077,-0.55341,1.07212
-0.21697,0.67546,-0.70475,-0.01565,-0.6311,1.08786
-0.23838,0.67993,-0.69344,0.00932,-0.66388,1.03175
-0.25432,0.696,-0.67149,-0.03313,-0.42752,0.83273
-0.26321,0.72275,-0.63901,-0.06422,0.03993,0.17933
-0.26437,0.75627,-0.59846,-0.32201,1.03079,-1.3445
-0.26219,0.76011,-0.59454,-0.63965,1.8792,-2.1815
-0.28533,0.73036,-0.62061,-0.13621,0.40788,-0.30036
-0.30006,0.71122,-0.6357,0.07831,-0.21129,-0.08045
-0.30607,0.70975,-0.63448,-0.38886,0.50933,0.10694
-0.30722,0.71532,-0.62764,-0.15347,1.89477,-0.8253
-0.29179,0.71445,-0.63593,0.03569,1.74699,-0.1234
-0.27255,0.68954,-0.67101,-0.56522,-0.93216,2.09995
-0.24013,0.6919,-0.68089,-0.35881,-0.76758,1.2381
-0.20746,0.73635,-0.644,-0.18719,-0.42335,1.19009
-0.16916,0.79634,-0.58071,-0.30206,0.74004,1.36324
-0.11775,0.84039,-0.52903,0.09291,1.28803,1.29818
-0.09498,0.86494,-0.49281,0.4107,0.8559,0.99893
-0.09581,0.88152,-0.46231,0.70488,0.47566,0.27558
-0.104,0.90322,-0.41638,0.95187,0.10265,-0.05864
-0.11851,0.93239,-0.34146,0.71063,-0.08406,-0.05011
-0.13054,0.94406,-0.30282,0.31818,-0.07933,0.19674
-0.12142,0.95152,-0.2826,0.18303,-0.02801,0.30001
-0.10405,0.96095,-0.25638,0.09215,-0.00411,0.2576
-0.07763,0.97225,-0.22068,-0.24369,-0.21001,0.40014
-0.04245,0.98167,-0.18575,-0.31362,-0.30136,0.15865
-0.01261,0.98955,-0.14356,-0.24439,-0.22068,0.1253
0.00098,0.99408,-0.10857,-0.2474,-0.3071,0.15806
-0.00357,0.99608,-0.08836,-0.09599,-0.13879,0.07213
-0.02371,0.99733,-0.06893,0.03303,-0.04944,0.17168
-0.04795,0.99797,-0.04184,0.24773,0.17287,-0.06404
-0.06418,0.99793,0.00205,0.22992,0.36891,-0.15621
-0.06975,0.99556,0.06302,0.07588,0.42578,-0.23822
-0.0643,0.99048,0.12169,0.02629,0.32985,-0.65579
-0.07224,0.98817,0.13523,0.47931,0.36268,-0.36178
-0.08371,0.9911,0.10341,0.49015,0.45215,-0.16313
-0.07489,0.99406,0.07894,0.37589,0.6717,-0.06426
-0.06405,0.99559,0.06848,0.16894,0.36206,-0.69184
-0.05449,0.99749,0.04519,0.15937,0.36017,-0.66855
-0.05395,0.99849,-0.01011,-0.04311,0.40836,-0.29515
-0.05818,0.99409,-0.09156,0.12028,0.54332,0.74148
-0.0594,0.98134,-0.18283,0.1233,0.61257,0.89211
-0.05741,0.96129,-0.26947,0.00792,0.67798,0.87431
-0.05817,0.93768,-0.34257,-0.45457,1.04845,0.58516
-0.07036,0.91558,-0.39592,-0.54222,0.99871,0.47847
-0.09358,0.89905,-0.42772,-0.58684,0.24037,0.56669
-0.10715,0.88266,-0.45762,-0.4299,-0.05345,0.61299
-0.09695,0.85979,-0.50136,-0.22193,-0.07638,0.64139
-0.08695,0.82371,-0.5603,0.20963,-0.10363,0.72633
-0.09908,0.77665,-0.62209,0.67014,-0.10454,1.04632
-0.12089,0.74161,-0.65985,0.4917,-0.07311,1.04753
-0.1354,0.71675,-0.68406,0.22246,-0.26089,0.8671
-0.14609,0.69274,-0.70623,0.07338,-0.40215,0.90229
-0.16034,0.67589,-0.71935,-0.0528,-0.49501,0.99677
-0.17947,0.66684,-0.72327,-0.17118,-0.60148,0.99384
-0.19349,0.66664,-0.71983,-0.09775,-0.66244,0.97653
-0.20115,0.67846,-0.70657,-0.00367,-0.45128,0.81322
-0.20588,0.69912,-0.68472,0.09612,0.30924,-0.51203
-0.21013,0.72521,-0.65567,0.16185,0.94365,-1.29553
-0.21785,0.72547,-0.65286,-0.03646,1.68424,-1.72747
-0.24331,0.7053,-0.66585,-0.00076,0.02856,-0.11182
-0.2576,0.69139,-0.67499,-0.14263,-0.29198,-0.12454
-0.2589,0.68913,-0.6768,-0.04167,-0.42865,0.09639
-0.26394,0.69745,-0.66625,-0.18154,0.24212,0.59106
-0.26869,0.71264,-0.64803,-0.34115,0.43984,1.61233
-0.25369,0.73024,-0.63434,-0.46621,0.54889,1.35068
-0.20355,0.76805,-0.60717,-0.80269,1.40755,-0.84667
-0.17946,0.78038,-0.599,-0.17343,-0.36272,1.82612
-0.13873,0.78062,-0.60941,-0.20444,-0.46104,1.51873
-0.09149,0.80413,-0.58736,-0.22959,-0.1811,1.15627
-0.06023,0.84286,-0.53474,-0.16761,0.22428,1.11892
-0.05464,0.87957,-0.47261,0.01702,0.47615,1.209
-0.07642,0.8941,-0.4413,0.36351,0.55645,0.95401
-0.1123,0.89543,-0.4308,0.46029,0.39298,0.2574
-0.14216,0.90832,-0.39336,0.65138,0.15905,-0.49694
-0.15387,0.93652,-0.31503,0.31893,-0.00716,0.07467
-0.14588,0.95251,-0.26726,0.29778,-0.05916,0.01146
-0.12324,0.96309,-0.23929,0.11317,-0.03326,0.25887
-0.08912,0.97256,-0.21491,-0.14535,-0.10865,0.1449
-0.05485,0.98255,-0.17769,-0.31427,-0.25716,0.31418
-0.0242,0.98943,-0.14295,-0.35045,-0.29369,0.18844
-0.01149,0.99273,-0.11979,-0.25856,-0.22588,0.16924
-0.01666,0.99381,-0.10982,0.02197,-0.07585,0.19472
-0.03265,0.99497,-0.09469,0.03796,-0.07701,0.17959
-0.04917,0.99626,-0.0709,0.22798,0.07803,0.06277
-0.05828,0.99771,-0.03423,0.13685,0.28987,-0.09552
-0.05982,0.99813,0.01228,0.13839,0.28946,-0.14203
-0.05765,0.99687,0.0539,0.13329,0.45791,-0.44568
-0.05798,0.99568,0.07242,0.27693,0.46999,-0.27924
-0.05621,0.99551,0.07608,0.27516,0.47016,-0.28289
-0.05379,0.99581,0.07383,0.24657,0.71644,-0.37867
-0.05041,0.99699,0.05888,0.2904,0.31967,-0.61853
-0.04578,0.99855,0.02792,0.14796,0.29626,-0.52341
-0.04738,0.99859,-0.02378,0.04994,0.2716,-0.49164
-0.05454,0.99409,-0.09378,0.28702,0.60176,0.69676
-0.05949,0.98235,-0.17733,0.28839,0.5629,0.93222
-0.05201,0.96395,-0.26092,-0.18731,0.73153,0.78086
-0.04403,0.94367,-0.32793,-0.4377,0.94971,0.50753
-0.05796,0.92544,-0.37444,-0.54806,0.67739,0.6268
-0.09031,0.9074,-0.41045,-0.5942,0.33706,0.54964
-0.11875,0.88839,-0.44346,-0.45708,0.11653,0.48089
-0.12614,0.86854,-0.47929,-0.01499,0.0439,0.59518
-0.10751,0.84207,-0.52854,0.33044,0.01004,0.7065
-0.0933,0.80437,-0.58675,0.52962,-0.00608,0.82255
-0.09753,0.76571,-0.63574,0.38757,-0.08693,1.04245
-0.1153,0.72653,-0.67739,-0.02528,-0.36467,0.88068
-0.13835,0.68879,-0.71163,-0.13863,-0.42956,0.87717
-0.16383,0.65717,-0.73572,-0.12803,-0.38209,0.89868
-0.1879,0.63174,-0.75206,-0.14259,-0.4757,0.91292
-0.1998,0.617,-0.76117,-0.07228,-0.53898,0.86847
-0.20383,0.61184,-0.76427,-0.0124,-0.47686,0.83771
-0.20129,0.61807,-0.75991,0.12374,0.04152,-0.2479
-0.20125,0.63231,-0.74812,0.31714,0.62729,-0.94652
-0.21189,0.63408,-0.74367,0.42156,0.83412,-0.93765
-0.2418,0.62364,-0.74338,-0.05329,0.12327,-0.16972
-0.26875,0.61779,-0.73899,-0.08147,-0.16157,0.09603
-0.2748,0.62117,-0.73392,-0.05383,-0.30543,0.03224
-0.26673,0.63646,-0.72372,-0.28491,-0.1748,0.41328
-0.24933,0.66223,-0.7066,-1.22822,0.77103,1.22808
-0.22811,0.69763,-0.67917,-1.21102,1.40535,-0.12791
-0.20132,0.71301,-0.67163,0.00697,0.03991,1.27315
-0.1915,0.71517,-0.6722,-0.32805,-0.57625,1.70281
-0.15259,0.73132,-0.66474,-0.08578,-0.43625,0.95577
-0.11608,0.77004,-0.62735,-0.0068,0.06294,1.39894
-0.0812,0.81806,-0.56936,-0.0424,0.54316,1.26014
-0.06475,0.86338,-0.50038,0.0754,0.74441,1.30954
-0.07223,0.88251,-0.46471,0.39666,0.70807,0.89909
-0.09555,0.88879,-0.44823,0.53572,0.5416,-0.01328
-0.12805,0.90689,-0.40142,0.56648,0.27848,-0.37261
-0.1467,0.92978,-0.33761,0.15927,-0.11557,0.21235
-0.14525,0.94193,-0.30277,0.0562,-0.01987,0.23554
-0.13079,0.95183,-0.2773,0.0922,-0.05958,0.25183
-0.10727,0.96347,-0.24539,0.04264,-0.02313,0.32903
-0.07938,0.9757,-0.20418,-0.13604,-0.18031,0.27058
-0.05112,0.98585,-0.1596,-0.16833,-0.29686,0.25776
-0.02745,0.99256,-0.11859,-0.00613,-0.39431,0.16035
-0.01744,0.99582,-0.08957,-0.14311,-0.16921,-0.06819
-0.02068,0.99744,-0.06837,-0.09406,-0.03899,0.07827
-0.03689,0.99841,-0.04253,-0.01375,0.01313,0.22851
-0.05194,0.99861,-0.00787,0.20321,0.33946,-0.21082
-0.05925,0.9973,0.04324,0.21053,0.34077,-0.26193
-0.05592,0.99331,0.10093,-0.013,0.36345,-0.55302
-0.05038,0.9889,0.13973,0.25901,0.32555,-0.57425
-0.05855,0.98994,0.12878,0.28528,0.37344,-0.31272
-0.06338,0.99263,0.10323,0.33759,0.57584,0.07055
-0.06109,0.99426,0.08772,0.30787,0.43559,-0.35906
-0.05168,0.99598,0.07303,0.29846,0.43387,-0.34436
-0.04356,0.99848,0.03365,0.00973,0.23034,-0.59968
-0.04333,0.99854,-0.03225,-0.23931,0.23456,-0.39739
-0.05038,0.99212,-0.11464,-0.09984,0.48214,0.53382
-0.05658,0.97774,-0.20205,0.10587,0.61315,0.91892
-0.05432,0.95687,-0.28537,-0.23761,0.87351,0.75134
-0.05261,0.93407,-0.35318,-0.59351,1.09205,0.53592
-0.06235,0.91496,-0.39868,-0.58906,0.606,0.59239
-0.07098,0.89845,-0.43329,-0.52935,0.2067,0.63291
-0.06795,0.8817,-0.46689,-0.49778,0.12122,0.65396
-0.05201,0.85957,-0.50835,0.1739,-0.08481,0.64666
-0.05653,0.82344,-0.56458,0.36717,-0.16816,0.79015
-0.09302,0.77787,-0.6215,0.45102,-0.20298,0.95357
-0.12122,0.74453,-0.65649,0.48904,-0.10968,0.9702
-0.13855,0.72496,-0.67471,0.10617,-0.37815,0.8254
-0.14133,0.70909,-0.69081,0.00669,-0.45003,0.84021
-0.14618,0.69901,-0.70001,-0.13645,-0.52319,0.95734
-0.1568,0.69625,-0.70046,-0.10037,-0.58135,0.94506
-0.17157,0.70029,-0.69293,-0.04405,-0.604,0.91944
-0.18617,0.71266,-0.67636,0.01511,-0.43763,0.79364
-0.19591,0.73494,-0.64921,-0.02604,0.03083,0.26099
-0.20011,0.76543,-0.61161,-0.04993,1.02745,-1.32405
-0.19422,0.78309,-0.5908,0.06183,2.334,-2.51509
-0.21559,0.7633,-0.609,-0.01744,0.5755,-0.29157
-0.22956,0.7421,-0.62976,0.13217,-0.51071,-0.11153
-0.22694,0.73408,-0.64002,-0.39044,0.13851,0.39264
-0.21878,0.73795,-0.6384,-0.97941,0.92097,0.32668
-0.21887,0.74199,-0.63367,-0.35243,1.42242,0.05191
-0.21346,0.71899,-0.66143,-0.41427,-0.62791,1.63042
-0.19649,0.70571,-0.68071,-0.23512,-1.07955,2.00298
-0.16537,0.72796,-0.66537,-0.36827,-0.18928,0.9675
-0.14282,0.774,-0.61686,-0.40032,0.82335,1.58766
-0.11106,0.80432,-0.58371,-0.19808,1.08415,1.07274
-0.09419,0.82903,-0.55121,0.04995,0.96534,0.99814
-0.09234,0.85665,-0.50756,0.49491,0.43924,0.64055
-0.10264,0.8879,-0.44842,0.8479,0.08223,0.27579
-0.11367,0.91738,-0.38143,0.64094,-0.02048,0.14002
-0.11463,0.93417,-0.33791,0.40496,-0.06187,-0.04187
-0.1048,0.94447,-0.31142,-0.00788,0.00168,0.28991
-0.08999,0.95464,-0.28382,0.0057,-0.05576,0.2982
-0.06829,0.96635,-0.24797,0.02276,-0.0226,0.26424
-0.04421,0.97686,-0.20925,-0.30101,-0.23905,0.18122
-0.02526,0.98619,-0.16364,-0.29528,-0.30542,0.24263
-0.01066,0.99232,-0.12322,-0.26813,-0.33941,0.23254
-0.00513,0.99596,-0.08958,-0.05214,-0.15497,0.03424
-0.01357,0.99793,-0.06285,0.01598,-0.07895,0.01057
-0.03233,0.99885,-0.03523,0.0995,-0.02971,0.01834
-0.05061,0.99871,-0.00239,0.22562,0.24683,-0.1115
-0.06131,0.99727,0.04111,0.21781,0.36743,-0.20638
-0.06136,0.99375,0.09316,0.08408,0.31855,-0.3445
-0.06183,0.99053,0.12252,0.30267,0.35378,-0.42303
-0.07329,0.99211,0.10165,0.39859,0.42805,-0.25884
-0.07387,0.99491,0.06842,0.50946,0.52558,0.02722
-0.06566,0.99664,0.04886,0.2496,0.45691,-0.28213
-0.05747,0.99765,0.03715,0.19216,0.44437,-0.4957
-0.05475,0.9985,-0.00047,0.03078,0.32003,-0.47171
-0.0593,0.99597,-0.06716,-0.13014,0.3658,0.16198
-0.06664,0.98604,-0.15255,0.01474,0.41313,0.6658
-0.06859,0.96818,-0.24068,-0.13032,0.71086,0.80179
-0.06564,0.9451,-0.32012,-0.44934,0.96199,0.66623
-0.07451,0.92068,-0.38313,-0.55937,0.9262,0.58145
-0.09811,0.9007,-0.42322,-0.66637,0.30604,0.61037
-0.11925,0.88496,-0.45013,-0.56885,-0.04597,0.53393
-0.12092,0.86844,-0.48082,-0.34594,-0.07005,0.61511
-0.11142,0.84222,-0.52749,0.27703,-0.05578,0.63574
-0.12622,0.79599,-0.592,0.66064,-0.119,0.91028
-0.15371,0.75388,-0.63877,0.57153,-0.08185,1.02261
-0.17034,0.72472,-0.66765,0.2367,-0.23749,0.87409
-0.18212,0.69908,-0.69146,0.12153,-0.37074,0.93023
-0.19109,0.68031,-0.70757,0.02108,-0.38608,1.03101
-0.20278,0.67281,-0.71148,-0.04604,-0.46373,1.02256
-0.21199,0.67611,-0.70565,-0.08101,-0.49637,1.001
-0.22043,0.68706,-0.69236,-0.07539,-0.58674,0.92806
-0.22651,0.70554,-0.67149,-0.14591,-0.20899,0.55884
-0.23066,0.73142,-0.64172,-0.10026,0.39948,-0.39812
-0.23261,0.75993,-0.60696,-0.08303,0.9883,-1.10729
-0.24034,0.74958,-0.61673,-0.1481,1.27862,-1.01529
-0.25937,0.72535,-0.63765,-0.10431,0.03335,-0.17334
-0.26537,0.70987,-0.65243,-0.04715,-0.36064,-0.06359
-0.26266,0.70979,-0.65361,-0.00602,-0.49127,0.51924
-0.25139,0.72175,-0.64488,-0.4151,0.0172,1.07742
-0.23683,0.73956,-0.63005,-0.6749,0.69779,1.21015
-0.21272,0.76255,-0.61095,-0.63446,1.85911,-0.95448
-0.19847,0.78172,-0.5912,0.04978,-0.32339,1.97048
-0.1825,0.76739,-0.61466,0.05813,-0.51769,1.88503
-0.13508,0.77425,-0.61829,0.03144,-0.56718,1.53582
-0.09746,0.80936,-0.57916,-0.18091,0.12623,1.24503
-0.07839,0.85569,-0.51151,-0.06829,0.39497,1.27943
-0.08172,0.8812,-0.46563,0.25627,0.54982,1.23752
-0.10149,0.88652,-0.45142,0.30382,0.4832,0.67171
-0.12716,0.88848,-0.44093,0.37511,0.38779,0.36223
-0.14607,0.91307,-0.38074,0.54829,0.15192,-0.62049
-0.14967,0.94317,-0.2967,0.15483,-0.15004,-0.03463
-0.13298,0.95918,-0.24955,0.12948,-0.16963,-0.08388
-0.106,0.96903,-0.22302,0.09148,-0.11419,-0.03223
-0.07153,0.9775,-0.19844,-0.2631,-0.23,0.1631
-0.03565,0.98502,-0.1687,-0.29898,-0.23752,0.13336
-0.01277,0.9908,-0.13466,-0.27205,-0.30656,0.25584
-0.00683,0.99404,-0.1088,-0.27958,-0.21868,0.15105
-0.01934,0.99638,-0.08274,-0.16153,-0.151,0.17887
-0.04292,0.9975,-0.05605,0.14442,0.11009,0.00579
-0.06673,0.99736,-0.02842,0.28317,0.40832,-0.0171
-0.08268,0.99655,0.00683,0.32284,0.41529,-0.00845
-0.08351,0.99524,0.0502,0.17831,0.46801,-0.23831
-0.07573,0.99268,0.09398,0.33759,0.42989,-0.46903
-0.07851,0.99183,0.10047,0.40283,0.372,-0.50011
-0.07817,0.99426,0.07293,0.55446,0.57692,-0.21779
-0.07025,0.99629,0.04966,0.40976,0.47277,-0.24631
-0.05999,0.99776,0.02945,0.31197,0.41516,-0.35049
-0.05308,0.99851,-0.01187,-0.18662,0.36831,-0.58374
-0.05389,0.99534,-0.07986,-0.32061,0.30828,0.26253
-0.06069,0.98409,-0.16693,-0.10897,0.31177,0.75667
-0.06363,0.96499,-0.25442,-0.15078,0.65158,0.73014
-0.0647,0.94148,-0.33079,-0.42979,0.88581,0.61555
-0.07364,0.9174,-0.39109,-0.50526,0.91971,0.59108
-0.09171,0.89698,-0.43244,-0.60866,0.2685,0.64409
-0.10468,0.87916,-0.46488,-0.55564,-0.06051,0.57784
-0.10182,0.8607,-0.49882,-0.35292,-0.07286,0.7016
-0.09228,0.83295,-0.54559,0.36806,-0.01888,0.63967
-0.11028,0.78771,-0.60609,0.66872,-0.05408,0.8708
-0.13242,0.74885,-0.64938,0.65697,-0.04961,1.08097
-0.14911,0.72118,-0.6765,0.18397,-0.2418,0.85424
-0.15854,0.69851,-0.69781,0.04784,-0.40152,0.87991
-0.16664,0.68187,-0.71224,-0.00972,-0.42877,0.9428
-0.17771,0.67519,-0.71591,-0.05534,-0.52398,0.98196
-0.18685,0.67847,-0.71047,-0.0435,-0.58927,0.94344
-0.19369,0.6908,-0.69661,-0.04128,-0.53234,0.83668
-0.19956,0.71173,-0.6735,-0.06132,-0.24469,0.60914
-0.20245,0.74214,-0.63894,-0.1258,0.33321,-0.31607
-0.20333,0.77309,-0.60081,-0.05051,1.9202,-2.39348
-0.21558,0.76228,-0.61028,-0.05776,1.31671,-0.94828
-0.2349,0.73978,-0.63052,-0.04513,0.01105,-0.21786
-0.23893,0.7254,-0.64552,-0.06444,-0.36195,-0.09477
-0.23868,0.73167,-0.63851,-0.60526,0.35035,0.58442
-0.23209,0.74066,-0.63051,-0.56816,1.0085,0.53573
-0.21862,0.74951,-0.62485,-0.35682,1.62181,-0.17834
-0.19782,0.72714,-0.65737,-0.27447,-0.4046,1.51649
-0.15739,0.71465,-0.68154,-0.32091,-0.72019,1.54191
-0.10354,0.7391,-0.66558,-0.36451,-0.43376,1.39501
-0.05605,0.78644,-0.61512,-0.40615,-0.15715,1.30131
-0.02798,0.83673,-0.5469,-0.34769,0.87882,1.16962
-0.03425,0.86843,-0.49462,0.143,0.76247,1.11284
-0.07318,0.87917,-0.47085,0.40146,0.45478,0.83437
-0.10571,0.89045,-0.44264,0.87477,0.22226,-0.39172
-0.11978,0.92226,-0.36753,0.58241,0.03159,-0.00491
-0.12053,0.94364,-0.30825,0.25226,-0.08385,-0.16736
-0.10926,0.95306,-0.28237,0.20007,-0.06683,0.16324
-0.09223,0.96035,-0.26308,0.16256,-0.05619,0.23404
-0.06831,0.96917,-0.23674,-0.16359,-0.16332,0.17718
-0.04211,0.97828,-0.20294,-0.16494,-0.23986,0.22686
-0.02027,0.98564,-0.16765,-0.16911,-0.2599,0.26794
-0.00388,0.99031,-0.13875,-0.21884,-0.19837,0.06208
0.00017,0.99389,-0.11034,-0.19603,-0.128,0.07996
-0.0129,0.99673,-0.07972,-0.11248,-0.12165,0.16798
-0.03394,0.99804,-0.0524,0.04725,0.05132,0.07732
-0.0544,0.99829,-0.02101,0.09929,0.20479,-0.08425
-0.06762,0.99743,0.02336,0.12145,0.25709,-0.08282
-0.07235,0.99489,0.07036,0.44697,0.33174,-0.40951
-0.0756,0.99184,0.10256,0.60574,0.35413,-0.43407
-0.08194,0.99188,0.09723,0.55604,0.39005,-0.40396
-0.07806,0.99403,0.07618,0.46031,0.41947,-0.13203
-0.06764,0.99582,0.06137,0.21878,0.38883,-0.18755
-0.05639,0.99716,0.04974,0.15131,0.32776,-0.5164
-0.05242,0.99851,0.01495,0.05201,0.4972,-0.54829
-0.05622,0.99704,-0.0524,0.00431,0.44965,0.4057
-0.05939,0.98881,-0.13679,0.00748,0.45787,0.49009
-0.05687,0.97316,-0.22298,-0.104,0.56723,0.87444
-0.05415,0.95228,-0.30037,-0.56254,1.1052,0.5742
-0.06229,0.93004,-0.36214,-0.66818,0.98358,0.49584
-0.08505,0.91226,-0.40067,-0.72029,0.38127,0.52152
-0.10677,0.89667,-0.42963,-0.66586,0.01967,0.51778
-0.11523,0.87967,-0.46141,-0.28639,-0.07576,0.62603
-0.10503,0.85806,-0.50269,0.04621,-0.09904,0.6996
-0.09928,0.82135,-0.56172,0.26285,0.02225,0.71585
-0.13079,0.76431,-0.63145,0.36576,-0.01937,0.68316
-0.16173,0.73114,-0.66278,0.64073,-0.16668,1.12925
-0.17955,0.71405,-0.67667,0.25715,-0.31182,0.86657
-0.18909,0.70056,-0.68808,0.13439,-0.41148,0.88982
-0.20191,0.69297,-0.69211,-0.01237,-0.43817,1.00518
-0.21686,0.69409,-0.68645,-0.05684,-0.49723,1.00177
-0.23041,0.70454,-0.67121,-0.02417,-0.53091,0.97677
-0.23942,0.72386,-0.64707,-0.01369,-0.46419,0.80593
-0.24554,0.75066,-0.61336,-0.05745,-0.14858,0.48053
-0.24896,0.78627,-0.5655,-0.05399,0.11754,0.08708
-0.24545,0.80711,-0.53696,-0.1561,2.87011,-3.81168
-0.2637,0.78203,-0.56471,-0.42667,1.06729,-0.61269
-0.28159,0.75439,-0.59295,-0.20736,0.16088,-0.39514
-0.28563,0.74142,-0.60721,0.05855,-0.81828,0.14842
-0.27993,0.74485,-0.60567,-0.52719,-0.03478,0.88235
-0.28502,0.74991,-0.59699,-0.49103,0.45355,0.85532
-0.27816,0.75707,-0.59115,-0.28324,1.29703,0.37416
-0.26829,0.75879,-0.59351,-0.43645,1.51275,-0.27652
-0.2766,0.74842,-0.60279,0.13495,0.24852,2.33541
-0.21303,0.75607,-0.61884,0.07343,-0.26291,1.53959
-0.15715,0.78891,-0.59408,0.01701,0.1639,1.04299
-0.14267,0.83176,-0.53648,0.01171,0.56411,1.15893
-0.15386,0.85602,-0.4935,0.28442,0.62265,1.06276
-0.17002,0.86765,-0.46719,0.30004,0.45847,0.70872
-0.18206,0.88195,-0.43475,0.34417,0.38024,0.31307
-0.18813,0.9139,-0.35972,0.25699,0.06811,0.11581
-0.17359,0.94135,-0.28934,0.05582,-0.13622,0.06847
-0.14384,0.95792,-0.24837,-0.00211,-0.13849,0.03156
-0.11355,0.96815,-0.22313,-0.10985,0.05845,0.04918
-0.0844,0.97771,-0.19223,-0.2062,-0.27767,0.08749
-0.05848,0.98648,-0.15306,-0.16552,-0.37322,0.12582
-0.03671,0.99209,-0.12004,-0.09837,-0.27482,0.25948
-0.02718,0.99492,-0.09686,-0.25978,-0.21978,0.05945
-0.03488,0.99685,-0.07123,-0.24201,-0.14878,-0.0465
-0.05711,0.99753,-0.04082,0.09521,0.07237,0.0519
-0.07735,0.99695,-0.01022,0.24227,0.20104,-0.20225
-0.09012,0.99538,0.0331,0.31859,0.2954,-0.26006
-0.09446,0.99179,0.08614,0.27104,0.29236,-0.45591
-0.09377,0.98705,0.13008,0.53595,0.33869,-0.50918
-0.09915,0.98777,0.12033,0.59044,0.32338,-0.455
-0.08925,0.99281,0.07973,0.36588,0.39274,-0.17856
-0.07833,0.99561,0.0511,0.15693,0.51454,-0.0352
-0.07048,0.99665,0.04138,0.04053,0.46043,-0.23544
-0.06842,0.9976,0.00969,0.2001,0.52678,-0.7424
-0.0738,0.99513,-0.0653,0.01189,0.44066,0.46865
-0.07454,0.98418,-0.16069,0.01264,0.45161,0.56404
-0.06772,0.96599,-0.24956,-0.22812,0.67157,0.84145
-0.06704,0.9443,-0.32219,-0.64451,1.22415,0.66163
-0.0818,0.92186,-0.37879,-0.62975,1.24658,0.71823
-0.10792,0.90274,-0.41641,-0.71662,0.431,0.5248
-0.12581,0.88469,-0.44888,-0.51117,0.09686,0.55543
-0.12758,0.86257,-0.48958,-0.25279,0.04841,0.58365
-0.12052,0.83031,-0.5441,0.17175,-0.08065,0.73452
-0.12184,0.78,-0.6138,0.55205,0.01407,0.77431
-0.15064,0.73353,-0.66275,0.84775,-0.00072,1.12697
-0.17984,0.70546,-0.68556,0.41958,-0.19462,0.97464
-0.19985,0.68185,-0.70366,0.13648,-0.41131,0.99787
-0.21694,0.66407,-0.71551,0.07582,-0.43168,1.03078
-0.23448,0.65723,-0.71628,-0.04854,-0.46378,1.07653
-0.25094,0.66022,-0.70791,-0.06648,-0.4925,1.07114
-0.26053,0.67483,-0.69046,-0.06592,-0.59752,0.99408
-0.26239,0.70292,-0.6611,-0.06162,-0.49674,0.79364
-0.26027,0.74282,-0.61682,-0.09558,0.38574,0.08812
-0.25468,0.79102,-0.55626,-0.15743,0.84997,-0.55606
-0.23342,0.80178,-0.55015,-0.63855,1.52238,-1.57553
-0.25012,0.77327,-0.58266,0.07738,-0.07249,-0.38225
-0.26406,0.75191,-0.60407,0.27329,-0.42954,-0.09771
-0.26753,0.74293,-0.61358,0.17132,-0.05742,0.32384
-0.27032,0.74605,-0.60855,0.01602,0.43605,0.92462
-0.26399,0.75795,-0.5965,-0.25199,0.87812,1.32103
-0.22801,0.76841,-0.59796,-0.81488,1.42544,-0.99032
-0.21231,0.77438,-0.59603,-0.68365,0.0454,1.85768
-0.2211,0.7627,-0.60778,-0.17376,-0.37186,2.03008
-0.18753,0.77278,-0.60633,-0.07435,-0.24243,1.35001
-0.14381,0.81011,-0.56836,-0.1362,0.1899,1.32481
-0.12018,0.85324,-0.50747,-0.06619,0.44173,1.31643
-0.11532,0.87814,-0.46429,0.34808,0.54253,1.14768
-0.12343,0.88968,-0.43958,0.36447,0.48059,0.73174
-0.13771,0.90088,-0.41164,0.41327,0.38121,0.37585
-0.14905,0.93007,-0.33578,0.42814,0.0034,0.08693
-0.14638,0.95042,-0.27435,0.15338,-0.08636,-0.01938
-0.12869,0.96069,-0.24597,0.12225,-0.07971,0.01498
-0.10211,0.96908,-0.22462,0.01333,-0.02715,0.03043
-0.07503,0.97851,-0.19205,-0.17419,-0.13898,0.18928
-0.04952,0.98651,-0.15602,-0.202,-0.28447,0.25665
-0.02943,0.99152,-0.12653,-0.19181,-0.3817,0.17301
-0.02168,0.9947,-0.10042,-0.27374,-0.21243,0.03528
-0.03021,0.99698,-0.07149,-0.27037,-0.1404,0.04873
-0.04973,0.99782,-0.04329,0.03525,0.01372,0.07596
-0.06823,0.99754,-0.01591,0.21122,0.06096,-0.1199
-0.08067,0.9965,0.02182,0.30788,0.20814,-0.19484
-0.0893,0.99353,0.07013,0.24581,0.31406,-0.31311
-0.09026,0.98881,0.1187,0.3936,0.3116,-0.55401
-0.09645,0.98733,0.12593,0.48901,0.30477,-0.62145
-0.0947,0.99115,0.09294,0.45926,0.51799,-0.36104
-0.08337,0.99482,0.05806,0.49025,0.53634,-0.23022
-0.07236,0.99697,0.0283,0.37537,0.451,-0.22601
-0.06648,0.99757,-0.02074,-0.0166,0.39991,-0.37965
-0.06593,0.99294,-0.09856,-0.0579,0.57917,0.39527
-0.05937,0.98038,-0.18795,0.01105,0.5388,0.86474
-0.04934,0.96272,-0.26594,-0.36737,0.73865,0.70145
-0.05034,0.94374,-0.32683,-0.62218,1.10271,0.47578
-0.07362,0.92578,-0.37082,-0.69376,1.12273,0.5083
-0.10173,0.90792,-0.40661,-0.705,0.23656,0.56692
-0.11729,0.88811,-0.44441,-0.3583,0.0527,0.54991
-0.11147,0.86416,-0.4907,-0.1395,0.01821,0.59845
-0.0955,0.83088,-0.5482,0.18227,0.00718,0.72012
-0.09397,0.78661,-0.61025,0.61879,-0.064,1.14726
-0.10814,0.75255,-0.64959,0.68499,-0.13548,1.32133
-0.11875,0.73256,-0.67026,0.24533,-0.25731,1.03249
-0.13563,0.715,-0.68584,-0.03597,-0.55005,0.98482
-0.15178,0.70375,-0.69404,-0.01982,-0.5388,0.99302
-0.1693,0.701,-0.69277,-0.13783,-0.52641,1.05255
-0.1844,0.70736,-0.68237,-0.06441,-0.5655,1.01198
-0.1928,0.72436,-0.66191,-0.05601,-0.5825,0.99151
-0.19325,0.75247,-0.62964,-0.11184,-0.17016,0.54686
-0.19396,0.78825,-0.58399,-0.27443,1.56681,-2.09445
-0.19175,0.81951,-0.54004,-0.35372,2.67862,-3.87499
-0.20244,0.79867,-0.56669,-0.26459,0.87538,-0.79085
-0.21703,0.7751,-0.5934,0.11172,-0.42672,-0.19132
-0.21785,0.76296,-0.60863,-0.04992,-0.37205,0.00998
-0.21571,0.76282,-0.60957,-0.23267,-0.04464,0.35128
-0.21181,0.7688,-0.60339,-0.07213,1.51251,0.98874
-0.19057,0.78017,-0.59583,-0.09337,1.50114,0.98118
-0.16431,0.76543,-0.62219,-0.71137,-0.23183,1.45353
-0.16081,0.74935,-0.64235,-0.17125,-0.49554,1.56766
-0.12644,0.76269,-0.63428,-0.22172,-0.19836,1.51185
-0.09111,0.80044,-0.59244,-0.24606,0.63019,1.4009
-0.07314,0.84463,-0.53033,0.13208,0.84452,1.38596
-0.0746,0.868,-0.49093,0.25146,0.73443,1.19759
-0.08853,0.8782,-0.47001,0.48866,0.46695,-0.04134
-0.10987,0.89706,-0.42803,0.44274,0.12502,0.0681
-0.12733,0.92757,-0.35127,0.32186,-0.02346,0.14944
-0.12769,0.94153,-0.3118,-0.02307,-0.0668,0.30266
-0.11298,0.9502,-0.29043,-0.03911,-0.01691,0.25871
-0.09035,0.96172,-0.25869,-0.05816,-0.00556,0.17091
-0.06992,0.9735,-0.21773,-0.2365,-0.41089,0.21419
-0.04781,0.98324,-0.17594,-0.15907,-0.42711,0.27858
-0.03389,0.98949,-0.14054,-0.14863,-0.38871,0.28127
-0.02908,0.99324,-0.11232,-0.12335,-0.18401,0.1749
-0.036,0.99577,-0.08453,-0.03007,-0.11468,0.16595
-0.05061,0.99709,-0.05686,0.01037,-0.04874,0.115
-0.065,0.99744,-0.02974,0.17198,0.23267,-0.11919
-0.0758,0.9971,0.00524,0.29621,0.39785,-0.05184
-0.08434,0.99529,0.04767,0.29991,0.337,-0.12983
-0.08505,0.99224,0.09067,0.48773,0.33746,-0.43843
-0.08355,0.98998,0.11383,0.34092,0.39868,-0.54488
-0.07992,0.9916,0.1016,0.2918,0.40044,-0.48194
-0.07406,0.99409,0.07936,0.32558,0.49545,-0.27937
-0.06671,0.99586,0.06169,0.27473,0.33817,-0.40697
-0.0605,0.9977,0.03039,0.2564,0.42064,-0.44819
-0.05747,0.99798,-0.02679,-0.04904,0.41716,-0.09681
-0.05616,0.99288,-0.10499,-0.00927,0.52555,0.64307
-0.04968,0.98049,-0.19018,-0.04059,0.6105,0.86622
-0.04243,0.96307,-0.26586,-0.40442,0.80092,0.68987
-0.03859,0.94365,-0.32869,-0.62692,1.05585,0.56953
-0.04361,0.92576,-0.37558,-0.62368,0.53434,0.54154
-0.05437,0.91051,-0.40988,-0.44589,0.12286,0.67072
-0.05832,0.89343,-0.44539,-0.18022,-0.12094,0.69657
-0.05379,0.87193,-0.48666,-0.11621,-0.14923,0.70298
-0.045,0.84783,-0.52836,-0.02561,-0.2014,0.83077
-0.03766,0.82458,-0.56449,0.31517,-0.22387,1.03197
-0.04883,0.802,-0.59531,0.32825,-0.28226,1.01257
-0.07278,0.78363,-0.61694,0.28011,-0.30179,1.01056
-0.08898,0.77118,-0.63036,0.02297,-0.46385,0.7786
-0.10109,0.76185,-0.63981,-0.0627,-0.46748,0.83247
-0.11655,0.75548,-0.64472,-0.2014,-0.50857,1.01884
-0.13147,0.75789,-0.63899,-0.25246,-0.56086,0.95799
-0.14436,0.77003,-0.62145,-0.25991,-0.51361,0.89964
-0.15486,0.79071,-0.59228,-0.24827,0.02524,0.34676
-0.16553,0.81836,-0.55035,-0.23767,1.4239,-1.92019
-0.16483,0.83787,-0.52039,-0.09372,2.50725,-3.65132
-0.16953,0.81706,-0.55106,0.01093,0.19644,-0.52762
-0.17446,0.79714,-0.57803,0.19351,-0.61883,-0.15317
-0.16523,0.78709,-0.59429,0.11693,-0.49684,0.05566
-0.1614,0.78473,-0.59846,-0.14276,0.10439,0.91328
-0.16323,0.79267,-0.58738,-0.22727,1.13703,1.15619
-0.15038,0.80994,-0.5669,-0.31016,1.95927,1.11628
-0.10742,0.82087,-0.56092,-0.63365,-0.14211,1.24202
-0.09185,0.80375,-0.58783,-0.37734,-0.60401,1.51944
-0.05648,0.80084,-0.5962,-0.41646,-0.58234,1.47319
-0.01804,0.82563,-0.56392,-0.4085,0.30619,1.24468
-0.00297,0.85801,-0.51362,-0.25541,0.50653,1.2688
-0.01357,0.87929,-0.47608,-0.05332,0.55607,1.23873
-0.04817,0.88914,-0.45508,0.27195,0.435,0.85507
-0.09055,0.89781,-0.43097,0.57609,0.26067,-0.07049
-0.11895,0.9212,-0.37045,0.73137,0.12694,-0.2314
-0.11874,0.94826,-0.29445,0.15222,-0.13722,-0.05641
-0.09493,0.96195,-0.25619,0.09902,-0.02703,0.12455
-0.06278,0.97017,-0.23412,-0.03537,-0.00989,0.18726
-0.03027,0.97909,-0.20116,-0.2594,-0.22919,0.28918
-0.00144,0.9864,-0.16436,-0.23185,-0.29973,0.25454
0.01802,0.99067,-0.13505,-0.26114,-0.34239,0.1876
0.02289,0.99379,-0.10882,-0.28116,-0.19083,0.10952
0.00991,0.99663,-0.08136,-0.06406,-0.00125,0.19266
-0.01355,0.99831,-0.05643,0.04367,0.02752,0.11004
-0.03564,0.99897,-0.02778,0.28456,0.18288,-0.06058
-0.0517,0.99856,0.01423,0.28624,0.2846,-0.07775
-0.05947,0.99626,0.06261,0.27796,0.26851,-0.23992
-0.06201,0.99258,0.10456,0.46556,0.39588,-0.45764
-0.06241,0.99271,0.10309,0.3214,0.40791,-0.41265
-0.05352,0.99553,0.07773,0.13909,0.27534,-0.15242
-0.04737,0.99687,0.06321,-0.12634,0.43103,-0.29706
-0.04773,0.99754,0.05127,0.23815,0.39805,-0.49466
-0.05077,0.99857,0.01659,0.45483,0.39932,-0.37992
-0.04941,0.99778,-0.04453,0.16651,0.45573,-0.09602
-0.04619,0.99122,-0.12385,-0.02023,0.36704,0.66647
-0.04123,0.97762,-0.20627,-0.07832,0.36706,0.84645
-0.03608,0.95963,-0.27893,-0.35384,0.66679,0.76362
-0.03706,0.93876,-0.34255,-0.76745,0.96157,0.30744
-0.05627,0.91848,-0.39143,-0.74823,0.98185,0.35632
-0.0852,0.9023,-0.4226,-0.67673,0.04593,0.60636
-0.09961,0.88542,-0.45399,-0.14511,-0.15352,0.64039
-0.0927,0.86598,-0.49141,0.09335,-0.13688,0.73443
-0.0789,0.84185,-0.53391,0.39189,-0.11727,0.87892
-0.07817,0.81084,-0.58002,0.7016,-0.05673,0.91695
-0.09411,0.78288,-0.61501,0.59027,-0.07138,0.99252
-0.10377,0.76288,-0.63815,0.10504,-0.35682,0.81885
-0.1165,0.74318,-0.65887,-0.00271,-0.47641,0.96399
-0.13465,0.73311,-0.66665,-0.11208,-0.48613,1.00321
-0.15487,0.73181,-0.66368,-0.11168,-0.50397,1.01098
-0.17026,0.73998,-0.65072,-0.1184,-0.53858,0.94995
-0.17847,0.75797,-0.6274,-0.09796,-0.52747,0.83062
-0.18099,0.78435,-0.59333,-0.22176,0.04837,0.22939
-0.18052,0.81678,-0.54798,-0.18334,0.39265,-0.28967
-0.1762,0.83962,-0.5138,-0.17483,1.87829,-2.8134
-0.1839,0.8237,-0.53638,-0.13739,0.37453,-0.55988
-0.19303,0.80652,-0.5588,0.09928,-0.31068,-0.15351
-0.19177,0.79822,-0.57102,-0.17867,0.17373,0.16507
-0.19011,0.79721,-0.57299,-0.6595,1.69121,0.67009
-0.18226,0.80222,-0.56852,-0.45412,2.96244,-0.70777
-0.16942,0.80695,-0.56579,0.14044,2.24874,-0.92479
-0.13907,0.75607,-0.63954,-0.50235,-1.52591,2.45647
-0.08825,0.746,-0.66007,-0.48966,-0.80635,1.17667
-0.05663,0.78582,-0.61585,-0.40857,-0.40335,1.32181
-0.02308,0.8333,-0.55233,-0.30829,1.06724,1.352
-0.00597,0.87101,-0.49122,-0.12585,1.25281,1.40746
-0.01723,0.88284,-0.46936,0.12183,0.95963,1.25949
-0.05165,0.88814,-0.45666,0.49657,0.4214,0.41752
-0.0855,0.9092,-0.40749,0.85443,0.02663,-0.05691
-0.10161,0.94361,-0.31507,0.6898,-0.04113,0.19112
-0.09636,0.95832,-0.26896,0.18126,-0.21125,0.05855
-0.07187,0.96547,-0.25038,0.03886,0.03814,0.23119
-0.0465,0.97318,-0.22529,-0.03765,0.11793,0.27349
-0.02295,0.98164,-0.18932,-0.38514,-0.19308,0.46801
-2e-05,0.9876,-0.15699,-0.40856,-0.34033,0.0584
0.01575,0.99285,-0.11826,-0.41196,-0.35032,0.07404
0.01885,0.99661,-0.08005,-0.18314,-0.14723,0.1746
0.00383,0.99864,-0.05189,-0.05683,-0.09585,0.20894
-0.02083,0.9991,-0.03671,0.0319,-0.01766,0.14169
-0.04411,0.99886,-0.01821,0.23176,0.17804,-0.13817
-0.0616,0.99795,0.01681,0.24622,0.27374,-0.0283
-0.07239,0.99558,0.05977,0.2379,0.29536,-0.1442
-0.0787,0.99154,0.10314,0.56402,0.34153,-0.42805
-0.08537,0.98981,0.11389,0.60009,0.3597,-0.49032
-0.0793,0.99275,0.09022,0.49916,0.40266,-0.37068
-0.06755,0.9956,0.06488,0.33373,0.45012,-0.3323
-0.05622,0.99755,0.04149,0.0205,0.22833,-0.40602
-0.05017,0.99874,0.00092,-0.07335,0.29626,-0.56173
-0.0531,0.99613,-0.06993,-0.01125,0.54244,0.18617
-0.05313,0.98518,-0.16306,0.16124,0.49012,0.90691
-0.04013,0.96636,-0.25404,-0.12469,0.60415,0.78619
-0.03075,0.94393,-0.3287,-0.27752,0.7767,0.71587
-0.03315,0.92151,-0.38694,-0.72862,1.45824,0.59388
-0.05606,0.90433,-0.42313,-0.80458,0.99592,0.521
-0.08113,0.88864,-0.45137,-0.41745,-0.01996,0.55159
-0.08797,0.86938,-0.48625,0.04608,-0.09049,0.59064
-0.07271,0.8445,-0.5306,0.13711,-0.06778,0.73349
-0.06244,0.80877,-0.58479,0.62115,-0.03296,1.12419
-0.08108,0.77222,-0.63016,0.53604,-0.15401,1.13841
-0.10041,0.74301,-0.6617,0.32626,-0.19298,1.07781
-0.11801,0.71452,-0.68959,0.03076,-0.54772,1.10291
-0.1378,0.69579,-0.7049,-0.05002,-0.64447,1.06922
-0.15928,0.68804,-0.70798,-0.10501,-0.62929,1.08341
-0.17728,0.69148,-0.70031,-0.06615,-0.67001,1.02201
-0.18805,0.70679,-0.68197,-0.04532,-0.55077,0.92242
-0.18959,0.73315,-0.6531,-0.0702,-0.39854,0.77078
-0.18954,0.76499,-0.61552,-0.08749,0.73713,-1.01526
-0.18927,0.78757,-0.58644,-0.18772,1.69648,-2.2147
-0.20073,0.77363,-0.60099,-0.41757,1.54923,-0.97293
-0.21171,0.75631,-0.61901,-0.05489,-0.21496,-0.26936
-0.21491,0.74341,-0.63337,-0.05158,-0.27997,-0.28977
-0.21616,0.73908,-0.63799,-0.09306,-0.17518,-0.09674
-0.21691,0.74189,-0.63446,-0.37647,0.58928,1.00937
-0.21356,0.7474,-0.62911,-0.25661,1.25782,0.40806
-0.19825,0.75447,-0.62568,-0.10937,1.58994,0.12591
-0.17907,0.74173,-0.64634,-0.50402,-0.53341,1.7419
-0.1682,0.74331,-0.64745,-0.11847,-0.26986,1.52422
-0.13459,0.76873,-0.62525,-0.15207,-0.29528,1.50202
-0.09191,0.80871,-0.58098,-0.19975,0.38912,1.28211
-0.07407,0.85097,-0.51995,0.36899,0.77834,1.4038
-0.07888,0.8761,-0.47564,0.3738,0.75322,1.35949
-0.09047,0.88734,-0.45215,0.46182,0.44585,0.7251
-0.09909,0.90003,-0.4244,0.49886,0.02754,-0.12478
-0.09637,0.93132,-0.3512,0.49613,-0.00376,-0.19798
-0.08757,0.94999,-0.29974,0.11258,-0.07029,-0.06358
-0.07834,0.9571,-0.27895,0.05145,-0.08898,0.22353
-0.06174,0.96519,-0.25414,-0.01178,-0.02639,0.24481
-0.03716,0.9752,-0.21818,-0.20705,-0.30709,0.36865
-0.00812,0.9834,-0.18127,-0.18351,-0.39425,0.26977
0.01663,0.98972,-0.14205,-0.20021,-0.33122,0.18184
0.02964,0.99397,-0.10554,-0.32715,-0.21579,0.05358
0.02376,0.99701,-0.07343,-0.30186,-0.07471,0.07767
0.00151,0.99888,-0.04721,-0.14587,-0.0201,0.13015
-0.02383,0.99948,-0.02171,0.18995,0.18091,-0.10618
-0.04176,0.999,0.01548,0.22186,0.37552,-0.07294
-0.04767,0.99687,0.063,0.15125,0.35152,-0.178
-0.04609,0.99266,0.11175,0.44286,0.37402,-0.52424
-0.05175,0.99216,0.11369,0.40391,0.38676,-0.35342
-0.04701,0.99581,0.07839,0.36276,0.39288,-0.18746
