gravity.x,gravity.y,gravity.z,userAcceleration.x,userAcceleration.y,userAcceleration.z
-0.1931,0.97602,-0.10048,0.33153,-0.72039,0.59953
-0.2292,0.97191,-0.05333,0.28775,-0.56748,0.6548
-0.26279,0.96454,0.02441,0.17619,-0.11963,-1.06142
-0.32813,0.93637,0.12467,0.32024,0.14234,-0.65128
-0.43497,0.87979,0.19175,-0.36336,3.21248,0.97352
-0.52148,0.81969,0.23699,-0.2726,3.75971,0.11004
-0.55016,0.78485,0.2852,-0.24152,2.08605,0.18439
-0.60243,0.74221,0.29359,-0.86698,1.39488,0.10353
-0.65289,0.69631,0.29813,-0.96692,1.30894,-0.24669
-0.68767,0.6558,0.3115,-0.40976,0.97039,-0.19
-0.70226,0.62733,0.33657,0.94025,-0.61492,-0.54386
-0.69622,0.61843,0.36444,1.34114,-1.1951,-0.41804
-0.67952,0.63497,0.36751,1.20466,-1.46431,-0.45939
-0.65717,0.66915,0.34692,1.129,-1.35984,-0.68846
-0.63377,0.70994,0.3071,1.3644,-1.51673,-0.63691
-0.61377,0.74782,0.25307,1.53726,-1.47206,-0.5095
-0.58645,0.78085,0.21526,0.70902,-0.40518,-0.28156
-0.55041,0.80187,0.23247,-0.03275,0.07107,0.29915
-0.53927,0.80062,0.26112,-0.49274,0.25315,0.35916
-0.57475,0.78164,0.24229,-0.73726,0.01852,-0.29276
-0.62172,0.75875,0.19432,1.50097,0.05138,-1.15255
-0.64672,0.74435,0.16639,1.52452,1.21346,-0.45588
-0.59719,0.77255,0.21569,1.86747,1.81652,0.37742
-0.58064,0.79404,0.17986,0.27273,-0.6495,-0.89244
-0.55526,0.81911,0.14402,0.20623,-0.68022,-0.65564
-0.47877,0.87403,0.08273,0.32454,0.91329,-0.64097
-0.34673,0.937,0.04255,-0.10405,1.85164,-1.22101
-0.2338,0.97202,0.02248,-0.8544,2.71745,-2.00765
-0.185,0.97704,-0.10565,-1.73025,0.78303,2.55316
-0.15777,0.9796,-0.12444,0.69468,1.53651,0.67616
-0.13274,0.98152,-0.13778,-0.19612,0.77835,0.563
-0.10673,0.9823,-0.15389,-0.1975,-1.18245,0.77862
-0.07813,0.98062,-0.17967,-0.07737,-1.65881,0.68608
-0.05145,0.97827,-0.20083,-0.38781,-1.67404,0.32782
-0.05059,0.97703,-0.20699,-1.0172,-1.4709,0.1207
-0.07924,0.97377,-0.21329,-0.16345,-0.92798,-0.12963
-0.12792,0.96912,-0.2108,0.09664,-0.86893,0.08624
-0.17897,0.96595,-0.18686,0.4725,-0.5358,0.80971
-0.21426,0.96649,-0.14139,0.38937,-0.30592,-0.24488
-0.25627,0.96421,-0.068,0.37035,-0.1215,0.02271
-0.32915,0.94428,-0.00144,-0.40366,0.92236,0.40202
-0.43916,0.89497,0.07856,-0.36916,3.95478,0.15804
-0.51284,0.8416,0.16937,-0.29547,4.00814,0.06723
-0.54968,0.80179,0.23447,-0.39682,1.7989,0.52024
-0.60657,0.75142,0.25968,-0.80589,1.27217,-0.0335
-0.64567,0.70672,0.28923,-0.81725,1.06695,-0.14465
-0.67118,0.66905,0.3192,0.72477,-0.16653,-0.72409
-0.67193,0.64565,0.36283,0.91981,-0.78517,-0.80693
-0.66287,0.63916,0.38997,1.17898,-1.18976,-0.72519
-0.65642,0.65259,0.37847,1.36768,-1.5328,-0.49065
-0.65214,0.68322,0.32851,1.29362,-1.51117,-0.37791
-0.6433,0.72006,0.26013,1.26903,-1.46674,-0.42108
-0.62607,0.75564,0.19245,0.98964,-1.1639,-0.47812
-0.5991,0.78591,0.15303,0.37126,-0.29252,-0.37721
-0.5709,0.80222,0.17468,-0.03869,0.27035,0.34427
-0.57866,0.78943,0.2048,-0.58003,0.2492,0.26937
-0.63581,0.75349,0.16731,0.24777,-0.50581,-0.36601
-0.67219,0.73125,0.11591,1.37637,-0.21315,-0.85312
-0.65419,0.74513,0.12965,1.79578,2.12515,0.03473
-0.63574,0.76594,0.09572,0.57107,0.12937,-0.32076
-0.61631,0.78288,0.08514,0.39767,-0.47377,-0.74203
-0.55659,0.82976,0.04129,-0.08828,0.50545,-0.75606
-0.43818,0.89875,-0.01543,-0.11372,1.84874,-0.89234
-0.33434,0.94117,-0.04903,-0.68064,2.38341,-1.75465
-0.28656,0.94782,-0.1397,-1.64337,1.16288,1.85287
-0.24386,0.95104,-0.18986,-0.68327,1.42382,1.83425
-0.22648,0.95202,-0.20583,0.82285,1.42199,0.66464
-0.18899,0.95646,-0.22239,-0.53556,-0.15457,0.65329
-0.15054,0.95836,-0.24266,-0.44828,-1.6875,0.82518
-0.11877,0.95958,-0.25516,-0.48004,-1.68872,0.83768
-0.11442,0.96201,-0.24789,-0.69027,-1.60808,0.01124
-0.13874,0.96189,-0.23561,0.01325,-0.96465,0.16948
-0.1781,0.95869,-0.22179,0.18873,-0.89172,0.23037
-0.21933,0.95536,-0.19795,0.47719,-0.56289,0.06207
-0.25086,0.95696,-0.1459,0.39023,-0.27348,0.16312
-0.29018,0.95281,-0.08917,0.07575,-0.12998,0.1635
-0.35345,0.93426,-0.04731,-0.30694,1.51905,-0.09401
-0.43203,0.90134,0.03068,0.00764,1.70233,-0.26443
-0.4978,0.85995,0.11258,0.20085,2.46875,-0.00691
-0.52931,0.83192,0.16653,-0.12432,2.82428,0.46765
-0.57187,0.79944,0.18401,-0.67672,1.61987,0.46498
-0.61764,0.76396,0.18679,-0.53783,1.02798,0.08057
-0.65846,0.72557,0.19997,0.14852,0.09551,-0.95903
-0.67537,0.69359,0.25062,1.21008,-1.0434,-0.80759
-0.668,0.68428,0.29247,1.23537,-1.48413,-0.42052
-0.64811,0.70346,0.29173,1.17907,-2.04951,-0.29701
-0.61757,0.74078,0.2643,0.95441,-1.80318,-0.69748
-0.58256,0.78053,0.22668,0.99683,-1.61668,-0.80235
-0.54501,0.81448,0.19898,0.77042,-0.74993,-0.42714
-0.50648,0.83893,0.19917,0.42521,-0.14444,-0.14504
-0.48225,0.84951,0.21393,0.18052,0.18438,0.13627
-0.49953,0.83605,0.2269,-0.18659,0.80457,1.12787
-0.5516,0.80188,0.22962,0.18978,-0.50294,-0.61471
-0.60292,0.78015,0.16687,0.99376,-0.79393,-0.71996
-0.59987,0.78152,0.17141,1.83041,1.83725,0.27377
-0.57488,0.80148,0.16474,0.46474,-0.04713,-0.35352
-0.55482,0.81859,0.14862,0.41792,-0.34731,-0.69715
-0.50397,0.85612,0.11438,0.15344,0.23246,-0.56499
-0.39291,0.91759,0.06042,-0.12613,1.52711,-1.1085
-0.25882,0.96565,0.02307,-0.68828,2.07181,-1.40802
-0.17858,0.98072,-0.07941,-2.01737,1.51494,0.92376
-0.13659,0.9787,-0.15325,0.10793,1.49354,1.20925
-0.10595,0.98094,-0.16288,1.19845,1.62341,0.81118
-0.08204,0.98062,-0.17791,-0.55317,-0.23227,0.69156
-0.04926,0.97869,-0.19933,-0.46363,-1.19833,0.66443
-0.01372,0.97597,-0.21746,-0.50458,-1.57656,0.44202
-0.00138,0.97519,-0.22136,-1.43792,-1.46169,0.45918
-0.02772,0.9764,-0.21419,0.06305,-0.85169,-0.32431
-0.07317,0.97479,-0.21078,0.10849,-0.85008,-0.32772
-0.1236,0.97234,-0.19818,0.39326,-0.83106,0.40988
-0.16769,0.97176,-0.16603,0.15004,-0.44795,-0.23746
-0.20105,0.97538,-0.09065,0.18339,-0.45158,-0.31284
-0.26221,0.9649,-0.01462,-0.85753,1.69535,0.32491
-0.36345,0.93057,0.04414,-0.50778,2.1662,-0.14362
-0.45169,0.88315,0.12662,-0.13391,3.18495,-0.09889
-0.48048,0.85122,0.21108,0.14911,2.09857,0.29382
-0.52753,0.81281,0.24709,-0.33217,1.84534,0.49241
-0.57424,0.77274,0.2704,-0.74985,1.5827,-0.26939
-0.60486,0.73584,0.30444,0.38156,-0.09473,-0.29321
-0.6255,0.70629,0.33152,0.62762,-0.42203,-0.73735
-0.62377,0.69336,0.36079,0.91385,-0.85411,-0.70141
-0.6175,0.70249,0.35384,1.34689,-2.25306,-0.52362
-0.60191,0.7376,0.30604,1.26057,-2.01328,-0.92912
-0.57435,0.78293,0.23906,1.4781,-1.70434,-0.84274
-0.54247,0.81554,0.20154,1.10933,-0.70615,-0.7155
-0.50648,0.83332,0.22147,0.07185,0.26316,0.42393
-0.49899,0.82774,0.25663,-0.39278,0.51372,0.81943
-0.54112,0.80101,0.25606,-0.72677,0.44382,0.51602
-0.59757,0.77147,0.21849,0.8023,-0.52703,-0.5047
-0.63301,0.75479,0.17201,1.73948,2.82441,0.13836
-0.59478,0.77785,0.20292,1.5759,1.2961,-0.10032
-0.58166,0.79155,0.18738,0.78778,-0.77054,-0.87657
-0.56228,0.81032,0.16496,0.68954,-0.56615,-0.74894
-0.48462,0.86694,0.11643,0.5265,1.30504,-0.9675
-0.35694,0.93079,0.07888,0.05095,1.51623,-1.28927
-0.23278,0.97241,0.01531,-1.54134,3.41548,-1.03243
-0.1683,0.97913,-0.11392,-1.81771,1.1965,1.82545
-0.14102,0.98187,-0.12669,0.05908,0.80654,0.84396
-0.10663,0.9835,-0.14613,-0.07523,0.22437,0.40415
-0.07071,0.98365,-0.1656,-0.24613,-1.10403,0.72738
-0.02718,0.98311,-0.181,-0.74675,-1.627,0.51512
-0.00337,0.98336,-0.18165,-1.213,-1.63427,-0.07034
-0.01881,0.98431,-0.17545,-0.57704,-1.03385,-0.14313
-0.0608,0.98349,-0.17046,0.13048,-1.12663,-0.08784
-0.11366,0.98115,-0.1563,0.24593,-1.19442,0.04176
-0.15908,0.97884,-0.12872,0.03464,-0.73128,0.57603
-0.19432,0.97837,-0.07095,0.01918,-0.19581,-0.57617
-0.25462,0.96697,0.01165,0.14217,0.16168,-0.20395
-0.35759,0.93111,0.07188,-0.3844,2.17355,0.21904
-0.45705,0.87843,0.13956,0.17145,4.31527,-0.17488
-0.47326,0.85487,0.21265,0.31718,3.28353,-0.13161
-0.50523,0.82371,0.25737,-0.71296,1.32138,0.96437
-0.55229,0.79264,0.25827,-0.87125,1.31025,0.63677
-0.58793,0.75701,0.28508,-0.97338,1.1431,-0.46025
-0.61534,0.72209,0.31614,0.56598,-0.13307,-0.92367
-0.62555,0.69926,0.34601,1.77544,-1.4068,-0.67993
-0.62184,0.69808,0.35498,1.77172,-1.40561,-0.6889
-0.60182,0.72394,0.33723,1.33912,-1.90976,-0.79902
-0.57157,0.76557,0.29531,1.31685,-1.41454,-0.73638
-0.53891,0.80579,0.2455,1.28419,-1.45477,-0.68657
-0.5056,0.83352,0.22276,0.06259,0.11483,-0.06729
-0.48503,0.83808,0.24974,-0.5739,0.69058,0.86174
-0.51248,0.8104,0.28391,-0.67125,0.78119,0.95074
-0.58094,0.76708,0.27221,0.22558,-0.07035,-0.052
-0.63726,0.73706,0.22503,2.13317,2.41922,-0.03327
-0.63013,0.74376,0.22305,2.06309,1.76894,0.11629
-0.61542,0.76628,0.18456,1.04517,0.04731,-0.3944
-0.58179,0.79644,0.16489,0.33079,0.1321,-0.72408
-0.49324,0.86137,0.1215,0.29216,0.61085,-0.70582
-0.35703,0.93134,0.07156,-0.04208,1.39313,-1.11633
-0.23215,0.97211,0.03328,-1.58147,3.10004,-1.21662
-0.17749,0.97726,-0.11603,-2.39229,2.86074,0.42247
-0.15232,0.98079,-0.12189,0.90557,1.18376,0.5587
-0.12462,0.98382,-0.12869,0.26696,0.67987,0.46046
-0.09384,0.98474,-0.14653,-0.30515,-0.68927,0.70621
-0.05496,0.98389,-0.17011,-0.53832,-1.73787,0.58135
-0.02283,0.98357,-0.17908,-1.42172,-1.60027,0.32489
-0.02673,0.98448,-0.17344,-1.33375,-1.27759,0.18824
-0.06112,0.98367,-0.16928,0.11968,-1.02328,-0.31766
-0.1066,0.98104,-0.16183,0.25273,-1.18539,0.10562
-0.15107,0.97796,-0.1441,0.24978,-1.05681,0.32421
-0.18639,0.97656,-0.10767,-0.0231,-0.43131,-0.46517
-0.23633,0.97114,-0.03228,-0.16373,0.19189,0.18844
-0.31987,0.94712,0.02526,-0.54995,0.98362,0.56932
-0.42721,0.89939,0.09267,-0.31932,3.71503,-0.46797
-0.47548,0.86275,0.17195,0.37908,2.81235,0.08
-0.49266,0.83579,0.24236,0.15044,1.97169,0.1163
-0.53429,0.8024,0.26587,-0.65502,1.27287,0.26527
-0.5734,0.77319,0.27091,-0.50298,1.01585,-0.43397
-0.60923,0.73677,0.29327,0.08153,0.50585,-0.60742
-0.63363,0.70194,0.32526,0.88019,-0.40851,-0.86168
-0.63976,0.68212,0.35414,1.73954,-1.36753,-0.72121
-0.63219,0.69026,0.35196,1.64778,-1.9487,-0.62224
-0.61098,0.72615,0.31529,1.47979,-1.99481,-0.76271
-0.58413,0.7695,0.25819,1.51405,-1.40785,-0.56483
-0.55688,0.80287,0.21278,1.07176,-0.93305,-0.44203
-0.53024,0.81866,0.22055,-0.05456,0.26735,0.25992
-0.53202,0.80475,0.2633,-0.8675,0.56485,0.71471
-0.58321,0.76972,0.25961,-0.76649,0.46391,0.42847
-0.641,0.7394,0.20592,1.65091,1.28877,-1.26201
-0.64071,0.73517,0.22138,1.64192,3.00204,0.98986
-0.61742,0.75797,0.21041,1.17843,0.26579,-0.16175
-0.60579,0.77398,0.18435,0.7642,-0.57371,-0.98195
-0.57126,0.80579,0.15609,0.57837,0.67178,-0.55195
-0.48153,0.87013,0.10493,0.62206,1.43182,-0.50689
-0.3589,0.93119,0.06387,0.0072,1.49181,-1.37011
-0.25933,0.96555,0.0215,-1.53388,2.87155,-0.80562
-0.21174,0.96905,-0.12692,-2.18404,1.96569,0.45492
-0.17715,0.9733,-0.14594,0.09954,1.47253,0.96462
-0.14576,0.97585,-0.16271,-0.07982,0.03564,0.43682
-0.11077,0.9774,-0.18003,-0.25503,-0.64797,0.69088
-0.06701,0.97781,-0.19848,-0.14776,-1.53258,0.8364
-0.03284,0.98014,-0.19557,-1.04985,-1.56161,0.0766
-0.03451,0.98302,-0.18024,-0.92983,-1.30005,0.03935
-0.06517,0.98203,-0.17711,-0.09811,-1.05828,-0.35092
-0.10861,0.97781,-0.17913,0.26792,-0.98155,0.33589
-0.15093,0.97486,-0.16388,0.28459,-0.84605,0.4906
-0.18385,0.97529,-0.12255,-0.07477,-0.41793,-0.33932
-0.22699,0.97255,-0.05123,-0.36615,-0.04929,0.11606
-0.29746,0.95473,0.00241,-0.65324,0.664,0.23098
-0.39873,0.91491,0.06284,-0.29215,2.87683,-0.3593
-0.46718,0.87347,0.13708,0.3676,3.19716,0.2781
-0.48899,0.84555,0.21432,0.63146,2.06307,-0.1408
-0.52531,0.81484,0.24512,-1.0125,1.682,0.24068
-0.56732,0.78075,0.26188,-0.79791,1.2209,-0.50402
-0.60292,0.73883,0.30102,-0.28706,0.86588,-0.63951
-0.62288,0.70522,0.33864,0.96906,-0.39889,-0.70037
-0.62408,0.69038,0.36592,1.66052,-1.45269,-0.51999
-0.61535,0.69735,0.36749,1.43885,-1.95168,-0.50029
-0.59543,0.72879,0.33812,1.2688,-2.07695,-0.97124
-0.56992,0.77071,0.28494,1.59835,-1.67232,-0.97621
-0.54341,0.80625,0.23378,1.49131,-1.39263,-0.74282
-0.51559,0.82917,0.21594,0.2673,0.296,-0.0239
-0.49526,0.83071,0.25421,-0.62429,1.0828,1.5058
-0.52321,0.80138,0.2899,-0.9625,1.15018,1.5793
-0.58779,0.76839,0.25314,0.37714,-0.69625,-1.0839
-0.6342,0.74711,0.19904,1.98907,1.00084,-1.37305
-0.61743,0.76022,0.20211,1.99569,1.45751,0.03745
-0.59006,0.78435,0.19135,0.53433,-0.27765,-0.86889
-0.55171,0.81206,0.19016,0.17044,-0.50971,-1.19268
-0.47555,0.86549,0.15741,0.06877,0.98382,-0.47887
-0.36583,0.92715,0.08104,-0.2715,1.86617,-1.10437
-0.25329,0.96696,0.02888,-1.29619,2.64309,-0.96294
-0.1873,0.97791,-0.09279,-1.77516,1.97018,0.68081
-0.15219,0.98148,-0.11637,-0.20459,0.91371,0.78803
-0.12364,0.98456,-0.12389,-0.11697,0.4636,0.40441
-0.09108,0.9858,-0.14111,-0.54636,-0.25894,0.64506
-0.05631,0.98492,-0.16357,-0.23982,-1.54861,0.45485
-0.02113,0.98437,-0.17484,-1.09596,-1.53132,0.2329
-0.0094,0.9856,-0.16883,-1.22026,-1.40377,0.35027
-0.03228,0.98657,-0.16012,-0.37397,-1.01991,-0.36568
-0.07094,0.98425,-0.1619,0.24962,-1.04398,-0.01781
-0.11521,0.98133,-0.15397,0.23841,-1.08845,0.20092
-0.15566,0.97942,-0.12849,0.07594,-0.9168,0.48026
-0.19338,0.97829,-0.07448,0.22295,-0.16396,-0.03716
-0.2568,0.96644,-0.00714,0.18957,0.18558,0.09677
-0.35121,0.93509,0.04753,-0.44264,1.47934,0.26855
-0.45411,0.88541,0.09915,-0.15573,4.01181,0.18703
-0.48984,0.85865,0.15091,-0.113,2.51766,0.27896
-0.52513,0.82766,0.19803,-0.80432,1.18874,0.45233
-0.56715,0.79428,0.21785,-0.90115,1.33885,-0.08868
-0.60121,0.76425,0.23337,-0.69619,1.12915,-0.39808
-0.63368,0.72854,0.26016,0.55207,-0.15083,-0.8382
-0.64898,0.70076,0.29623,1.61505,-0.98294,-0.56026
-0.64606,0.69564,0.31415,1.73254,-1.52714,-0.33851
-0.62593,0.71889,0.30233,1.11378,-2.0779,-0.58811
-0.59351,0.7588,0.26828,1.26109,-1.76428,-0.88901
-0.55956,0.79844,0.22223,1.32642,-1.46696,-0.75823
-0.53295,0.82311,0.19611,0.31899,0.13038,-0.133
-0.51114,0.82865,0.22819,-0.3988,0.66056,0.8289
-0.53433,0.80317,0.26345,-0.67685,0.68889,0.83743
-0.5954,0.76711,0.23884,0.52147,-0.43537,-0.65078
-0.63975,0.74316,0.19604,1.88021,2.00916,-0.14987
-0.61839,0.76032,0.19878,2.34715,2.63476,0.90985
-0.59966,0.78376,0.16165,0.72915,-0.16285,-0.95054
-0.56208,0.815,0.14089,0.17391,-0.21047,-0.96226
-0.47549,0.87436,0.09701,0.21638,0.4021,-0.64646
-0.34273,0.93887,0.03259,-0.0551,1.8984,-1.37567
-0.22741,0.97374,-0.01091,-1.56735,2.70581,0.30382
-0.16737,0.97604,-0.13903,-2.10303,1.8387,1.71837
-0.14149,0.97954,-0.14313,0.11993,1.02298,0.58652
-0.1124,0.98123,-0.15672,-0.31059,-0.1929,0.44366
-0.08011,0.98158,-0.17345,-0.34288,-0.19325,0.46039
-0.04148,0.9807,-0.19106,-0.0982,-1.46166,0.7235
-0.01105,0.98045,-0.19648,-1.05435,-1.60345,0.19905
-0.00724,0.98082,-0.19476,-1.04451,-1.32956,0.33596
-0.03154,0.97978,-0.19759,0.06,-0.93458,-0.15751
-0.07165,0.97719,-0.19993,0.2633,-0.90651,-0.03927
-0.11457,0.97607,-0.18483,0.33058,-0.84919,0.20619
-0.15186,0.97672,-0.15151,-0.07315,-0.47712,0.04327
-0.19046,0.97795,-0.08564,0.11672,-0.24431,-0.20037
-0.25814,0.96605,-0.01074,-0.31893,0.37154,0.42735
-0.36147,0.93073,0.05547,-0.41682,2.66923,-0.44039
-0.4561,0.87987,0.13344,-0.13742,3.95986,-0.26863
-0.47597,0.85579,0.20267,0.22388,3.85434,-0.00684
-0.50556,0.83054,0.23371,-0.62008,1.15819,0.91479
-0.54583,0.80671,0.22648,-1.0606,0.94767,-0.48813
-0.57716,0.78005,0.24169,-0.62629,0.8527,-0.36352
-0.60723,0.7488,0.26564,0.43528,-0.37602,-0.56569
-0.61772,0.72996,0.29253,1.22751,-1.09619,-0.77866
-0.61356,0.72873,0.30414,1.4411,-1.63993,-0.5931
-0.59341,0.75226,0.2863,1.55914,-2.32755,-0.50859
-0.56192,0.79027,0.24436,1.60793,-1.62984,-0.65762
-0.53138,0.82362,0.19823,1.31763,-1.06185,-0.54273
-0.50374,0.84475,0.18068,0.24032,0.20225,0.00473
-0.48522,0.84587,0.22152,-0.48373,0.74021,0.95736
-0.50932,0.82009,0.26085,-0.67995,0.69973,0.8497
-0.57125,0.78412,0.24253,0.69585,-0.33974,-0.36094
-0.61958,0.75862,0.20152,1.93463,2.04663,-0.89121
-0.60882,0.76991,0.19122,2.03643,1.95724,0.20366
-0.59849,0.78798,0.14455,1.15469,-0.08977,-0.62401
-0.57193,0.81137,0.12072,0.58914,-0.07013,-1.01602
-0.48014,0.87207,0.09465,0.42393,0.45265,-0.78575
-0.33868,0.93944,0.05238,-0.41404,1.87373,-1.72258
-0.21096,0.97732,0.01818,-2.22861,3.11624,-0.02574
-0.15405,0.97898,-0.13365,-2.66584,1.72652,0.60093
-0.12259,0.97949,-0.15992,0.71922,1.1034,0.7434
-0.09809,0.98047,-0.17043,0.18797,0.64796,0.51166
-0.0682,0.97857,-0.19427,-0.17796,-0.08552,0.61338
-0.0282,0.97652,-0.21357,-0.35353,-1.66014,0.43373
0.00387,0.97626,-0.21656,-1.49951,-1.70954,0.40622
0.00075,0.97877,-0.20495,-1.75524,-1.44107,0.45336
-0.03331,0.97803,-0.20579,0.22592,-1.0347,-0.50158
-0.08124,0.97359,-0.21334,0.34144,-1.0801,0.33113
-0.12768,0.97249,-0.19486,0.27901,-1.02577,0.61847
-0.1675,0.9763,-0.13706,-0.09278,-0.46557,-0.47743
-0.22809,0.9705,-0.07816,-0.83057,0.13856,0.15276
-0.31725,0.94789,-0.0293,-0.90569,1.40041,0.94512
-0.41729,0.90739,0.05008,-0.1401,3.65731,-0.26214
-0.44902,0.88362,0.13263,0.43184,3.48599,0.22781
-0.46894,0.86084,0.19761,0.41983,2.10529,0.21409
-0.50891,0.83284,0.21768,-0.85119,1.52616,0.10895
-0.5432,0.80798,0.22828,-0.0986,0.87157,-0.30374
-0.58234,0.77538,0.24425,0.08616,0.56258,-0.50396
-0.60923,0.74395,0.27455,1.46745,-1.27866,-0.80663
-0.61394,0.73036,0.29941,1.63358,-1.69258,-0.62723
-0.60071,0.7464,0.28643,1.60727,-2.58078,-0.59999
-0.56779,0.78588,0.24497,1.67124,-1.65006,-0.59101
-0.52931,0.8246,0.19965,0.7423,-0.46072,-0.43838
-0.49177,0.85182,0.18046,0.38405,-0.16332,-0.28429
-0.4667,0.86053,0.20414,-0.08264,0.29605,0.28055
-0.47989,0.84415,0.23897,-0.86152,0.49114,0.56012
-0.53263,0.81231,0.23761,-0.29007,-0.01235,-0.12351
-0.5923,0.78187,0.19455,0.85271,-0.76981,-0.87566
-0.61598,0.7615,0.20171,2.11028,3.04166,1.30012
-0.59194,0.77521,0.2206,1.2835,2.05637,-0.41296
-0.58925,0.78869,0.17537,0.50357,-0.55891,-1.05442
-0.56924,0.81053,0.13784,0.75863,-0.19046,-0.81826
-0.49253,0.86721,0.07323,0.68995,0.72143,-0.8791
-0.36393,0.9311,0.02473,-0.38825,2.17539,-1.69975
-0.23824,0.97114,-0.01102,-1.94308,3.13986,0.35503
-0.17695,0.97396,-0.14171,-2.71377,1.7171,2.75366
-0.14617,0.97679,-0.15658,0.50839,0.97357,0.66007
-0.12182,0.97739,-0.17284,0.35465,0.55287,0.4249
-0.08661,0.97617,-0.19895,0.02293,-0.0945,0.50186
-0.04494,0.97347,-0.22433,-0.27138,-1.57589,0.98007
-0.0119,0.97309,-0.23011,-1.15829,-1.64312,0.07089
-0.01278,0.9761,-0.21692,-1.30402,-1.52802,0.1147
-0.04309,0.97677,-0.20991,-0.03748,-1.03921,-0.1878
-0.0924,0.97468,-0.2036,0.20932,-1.07487,0.20074
-0.14269,0.97347,-0.17887,0.33216,-0.93708,0.42211
-0.18229,0.97317,-0.14038,0.02308,-0.43434,0.08908
-0.22414,0.97214,-0.06861,0.2115,0.18807,0.27175
-0.29472,0.95555,-0.00821,-0.24114,0.60923,0.32619
-0.3933,0.91749,0.05934,-0.30058,2.64331,-0.43471
-0.45001,0.88221,0.13853,0.15927,2.8838,-0.11909
-0.46474,0.86006,0.21048,0.09109,2.01517,0.07063
-0.50219,0.82955,0.24424,-0.65597,1.37463,0.51861
-0.54322,0.80398,0.2419,-0.79088,1.04204,-0.21257
-0.57515,0.7771,0.25556,-0.51424,0.79943,-0.33291
-0.60213,0.74857,0.27762,0.54178,-0.33297,-0.75831
-0.61236,0.73085,0.30145,1.50109,-1.09735,-0.56052
-0.61075,0.73448,0.29585,1.44733,-1.44075,-0.48147
-0.59222,0.76118,0.26434,1.36284,-1.93882,-0.72128
-0.56062,0.79912,0.21706,1.31647,-1.4133,-0.48239
-0.52781,0.83021,0.17934,0.93391,-0.87637,-0.35823
-0.49885,0.84677,0.18472,0.15411,-0.03757,0.00313
-0.49057,0.84206,0.22421,-0.65884,0.39036,0.56064
-0.52845,0.81525,0.23685,-0.73099,0.47213,0.56656
-0.58741,0.78289,0.20503,0.54316,0.07319,-0.317
-0.61609,0.76341,0.19402,1.59732,2.77512,-0.32161
-0.61366,0.76801,0.18324,1.36947,-0.25391,-0.23044
-0.60855,0.77981,0.14683,1.15491,-0.31237,-0.84569
-0.56286,0.81788,0.11946,0.63901,0.74298,-0.91765
-0.44269,0.89434,0.06473,0.34386,1.68751,-0.79889
-0.29299,0.95607,0.00936,0.00692,1.79608,-1.26491
-0.19033,0.98101,-0.03738,-2.1782,2.03393,1.00566
-0.14567,0.97231,-0.18271,-2.22286,2.04262,1.15099
-0.12607,0.97504,-0.18277,-0.32935,0.83761,0.71135
-0.11326,0.97497,-0.19135,0.00995,-0.09333,0.28612
-0.09249,0.97281,-0.21231,-0.01549,-0.59493,0.65575
-0.06311,0.97066,-0.23202,-0.0942,-1.48729,0.6924
-0.03827,0.97188,-0.23233,-0.86494,-1.39632,0.16743
-0.03709,0.97424,-0.22246,-0.9022,-1.21383,0.18732
-0.06085,0.97415,-0.21753,-0.03514,-1.08116,-0.07963
-0.09739,0.97191,-0.21426,0.17173,-0.96126,0.23892
-0.13799,0.97106,-0.19493,0.23418,-0.89315,0.37265
-0.17235,0.97199,-0.15979,-0.11447,-0.39098,-0.22757
-0.21996,0.97098,-0.09393,0.0228,0.11057,0.18602
-0.29749,0.95411,-0.03419,-0.45369,0.81134,0.55961
-0.40127,0.91537,0.0328,-0.08667,2.82805,-0.3565
-0.46851,0.87613,0.11352,0.40803,3.55922,0.36114
-0.49209,0.85148,0.18117,0.42066,2.35491,0.51846
-0.53094,0.82535,0.19209,-0.74273,1.3858,0.30551
-0.57493,0.79809,0.18029,-0.81395,0.92304,-0.38489
-0.61518,0.7648,0.19142,-0.65112,0.79848,-0.3589
-0.64502,0.7329,0.21637,0.59307,-0.36316,-0.69716
-0.65345,0.71544,0.24729,1.46332,-1.48975,-0.51069
-0.6398,0.72451,0.2564,1.41229,-1.9853,-0.44077
-0.60638,0.75867,0.23817,1.42765,-2.31993,-0.51119
-0.56504,0.80057,0.19952,1.49983,-1.61179,-0.63717
-0.52913,0.83239,0.16479,1.17679,-1.00078,-0.62344
-0.50174,0.8473,0.17418,0.08682,0.25687,0.17677
-0.49912,0.83659,0.22582,-0.75664,0.86547,1.13388
-0.54621,0.80182,0.24235,-0.77818,0.76902,0.79433
-0.6089,0.76675,0.20332,0.40169,-0.98412,-1.05061
-0.64792,0.74669,0.15053,2.6172,2.44818,0.2129
-0.60749,0.76612,0.20977,2.57678,2.42875,0.15366
-0.58511,0.79034,0.18169,0.11505,0.31322,-0.70774
-0.57346,0.80819,0.13411,0.47936,-1.09974,-0.63357
-0.5296,0.84579,0.06446,0.54007,-0.49585,-0.74155
-0.42446,0.90543,-0.00575,0.56825,1.7208,-0.66928
-0.28308,0.9588,-0.02392,-0.69167,3.01284,-1.88387
-0.21294,0.97091,-0.10952,-1.45464,3.12731,-0.10875
-0.17305,0.96789,-0.18232,-1.40738,1.15894,1.02662
-0.16655,0.96827,-0.18633,0.67332,0.6611,0.71915
-0.14084,0.96885,-0.20369,0.13003,0.20722,0.52763
-0.10393,0.96768,-0.22976,0.17766,-1.05751,0.79727
-0.06112,0.96925,-0.23838,-0.91857,-1.6701,0.14045
-0.03913,0.97241,-0.22996,-1.19283,-1.56761,0.30213
-0.04857,0.97384,-0.22199,-0.52548,-1.0805,-0.16856
-0.07932,0.97213,-0.22061,0.23117,-1.00219,0.18405
-0.11946,0.9708,-0.20802,0.33342,-0.89943,0.2736
-0.1548,0.97138,-0.18015,-0.04526,-0.67331,0.51745
-0.18859,0.97289,-0.13382,-0.08893,-0.28642,-0.51599
-0.24478,0.96795,-0.05626,0.06473,-0.16353,0.16843
-0.32841,0.94453,0.00388,-0.75351,1.811,0.26614
-0.44073,0.89482,0.07103,-0.42232,4.03082,-0.34566
-0.48926,0.85968,0.14685,0.01418,3.92558,-0.01018
-0.50868,0.83546,0.20797,-0.18602,1.22371,0.7848
-0.54903,0.80708,0.21722,-0.75349,1.34642,0.23386
-0.58664,0.78102,0.21415,-0.7667,1.17928,-0.13828
-0.61982,0.7484,0.23605,0.42267,0.03245,-0.56249
-0.64262,0.719,0.26472,0.89079,-0.49185,-0.72842
-0.64856,0.70527,0.28628,1.19858,-0.98051,-0.76901
-0.63533,0.71692,0.28701,1.32616,-2.04272,-0.64864
-0.60815,0.75029,0.25928,1.41724,-2.01281,-0.61165
-0.57699,0.78848,0.21301,1.53245,-1.8098,-0.56015
-0.54799,0.81765,0.1765,0.70192,-0.24111,-0.38132
-0.52646,0.83017,0.18348,-0.04996,0.48819,0.39832
-0.53249,0.8133,0.2345,-0.76166,0.93806,1.18829
-0.58656,0.77334,0.24061,-0.24428,-0.15043,-0.07419
-0.64874,0.73898,0.1818,1.53489,1.78269,-1.74085
-0.64007,0.74261,0.19706,1.62277,3.52982,0.29519
-0.63383,0.75364,0.17403,1.07916,-0.71351,-0.14797
-0.62646,0.76382,0.1553,0.62142,-1.10121,-0.95904
-0.58162,0.8056,0.11277,0.66999,0.35303,-0.92298
-0.46943,0.88176,0.04628,0.22292,1.9486,-1.00211
-0.33463,0.94232,-0.00746,-0.61186,2.05051,-1.13194
-0.24039,0.96693,-0.08514,-1.36908,2.77055,-0.7564
-0.18483,0.96804,-0.16952,-1.26413,1.54061,1.41666
-0.17185,0.9702,-0.17084,0.44745,1.03574,0.57663
-0.14138,0.97291,-0.18292,0.25451,0.3688,0.41606
-0.10297,0.97286,-0.20721,-0.32231,-0.77624,0.94022
-0.05932,0.97292,-0.22339,-0.75569,-1.69188,0.10456
-0.03418,0.97504,-0.21938,-1.1015,-1.74236,-0.0319
-0.04506,0.97708,-0.20804,-0.80185,-1.33185,-0.09208
-0.08204,0.97537,-0.20473,0.18508,-1.0124,0.04238
-0.1324,0.97204,-0.19392,0.29086,-0.98805,0.27808
-0.17871,0.96997,-0.16498,0.32636,-0.84671,0.62681
-0.21134,0.96973,-0.12232,-0.123,-0.26233,-0.25625
-0.25079,0.9673,-0.03786,0.02029,-0.06569,-0.34722
-0.32362,0.94544,0.03757,-0.44826,0.79393,0.12394
-0.42895,0.89735,0.10374,-0.23041,3.92293,-0.18015
-0.48348,0.85631,0.18158,0.11254,4.41441,-0.11132
-0.49818,0.83208,0.24383,-0.20482,1.2055,0.63122
-0.53457,0.80112,0.26915,-0.46384,1.15468,0.52421
-0.57047,0.77327,0.27678,-0.71962,0.97285,-0.28216
-0.60027,0.73887,0.30616,0.12837,0.31882,-0.40756
-0.62454,0.70966,0.32609,1.05735,-0.74945,-0.68975
-0.63549,0.69624,0.33376,1.21948,-1.31062,-0.60126
-0.63231,0.7083,0.31383,1.14764,-1.81653,-0.6119
-0.61245,0.73962,0.27902,1.22781,-1.81674,-0.77526
-0.58172,0.77836,0.23611,1.38846,-1.73318,-0.71199
-0.54754,0.81241,0.20043,0.81323,-0.50602,-0.44866
-0.51162,0.8347,0.20374,0.03541,0.14403,0.27947
-0.49547,0.83402,0.24273,-0.43626,0.35826,0.58645
-0.53126,0.80685,0.25834,-0.55132,0.18146,0.39876
-0.59445,0.77193,0.22525,0.93369,0.34767,-1.00786
-0.62967,0.75146,0.19701,1.46004,1.79742,-1.71268
-0.62385,0.75736,0.19287,1.27296,-0.67965,0.23667
-0.61848,0.7663,0.17397,0.66442,-0.8535,-1.18532
-0.57773,0.79981,0.16287,0.26234,-0.70644,-1.11998
-0.46758,0.87685,0.1118,0.14977,2.16241,-0.89542
-0.34828,0.93603,0.05043,-0.38833,1.69527,-1.36553
-0.26179,0.965,-0.01538,-0.8796,1.71145,-0.5429
-0.20688,0.97145,-0.11611,-1.19969,1.84026,1.46676
-0.17826,0.97498,-0.13277,0.49632,1.39285,0.75672
-0.14152,0.97944,-0.14377,0.18641,0.84872,0.74121
-0.10863,0.97998,-0.16686,-0.15312,-0.62077,0.73031
-0.06834,0.97871,-0.19354,0.02312,-1.43958,0.7217
-0.03061,0.97863,-0.20332,-0.95198,-1.51609,0.33478
-0.02382,0.98058,-0.19467,-0.54975,-1.12485,-0.27085
-0.04827,0.98046,-0.19067,-0.12991,-1.02012,-0.39562
-0.08902,0.97804,-0.18842,0.14797,-1.08783,0.13652
-0.13051,0.97643,-0.17192,-0.06934,-0.77764,0.7595
-0.1637,0.97764,-0.13196,-0.20427,-0.61219,0.09958
-0.21189,0.97591,-0.05186,0.00186,-0.13248,0.04261
-0.2921,0.95633,0.0102,-0.67365,2.06103,0.00966
-0.40354,0.91124,0.08236,-0.29198,2.87132,-0.48585
-0.45514,0.87513,0.1643,0.46999,3.69198,-0.01373
-0.46692,0.85415,0.22891,0.34846,1.57587,0.43303
-0.51117,0.82305,0.24757,-0.3118,1.2219,0.69614
-0.55764,0.7932,0.24467,-0.73362,1.02345,-0.17257
-0.59676,0.7603,0.25654,-0.13823,0.47667,-0.60494
-0.62631,0.72766,0.27972,0.99658,-0.7276,-0.55649
-0.63598,0.70946,0.30363,1.21912,-1.06342,-0.56359
-0.63028,0.7146,0.30344,1.10991,-2.0204,-0.65804
-0.60868,0.74208,0.28074,1.50044,-2.38272,-0.84008
-0.57787,0.78042,0.23876,1.74587,-2.31776,-0.83722
-0.54753,0.8121,0.20174,0.98779,-0.41922,-0.30832
-0.51587,0.83375,0.19683,0.16423,0.16174,0.22513
-0.49482,0.83391,0.24441,-0.47056,0.63897,0.80149
-0.52568,0.80722,0.2684,-0.71762,0.28044,0.21704
-0.58641,0.77354,0.24033,0.55581,-0.99861,-0.72525
-0.62439,0.7571,0.19218,1.75852,-0.73589,-0.46761
-0.60543,0.76453,0.22123,1.72252,3.87611,-0.86323
-0.58058,0.78975,0.19805,0.81892,1.76616,-1.60743
-0.57116,0.80535,0.15869,0.11683,-1.26919,-0.70947
-0.53222,0.84111,0.09629,0.24422,0.40697,-0.96083
-0.42736,0.90368,0.02691,0.44672,2.04725,-0.81609
-0.29004,0.95695,0.01055,-0.05636,2.47708,-1.573
-0.21362,0.97499,-0.0613,-1.94945,1.48712,0.69871
-0.1669,0.97658,-0.13577,-1.18329,1.17077,0.84272
-0.15586,0.97757,-0.14166,-0.21536,0.76638,0.62671
-0.12506,0.97881,-0.16212,0.35263,0.03068,0.33064
-0.08748,0.97606,-0.19914,-0.07309,-0.98515,0.90702
-0.04883,0.97218,-0.22908,-0.05838,-1.44389,0.98324
-0.02397,0.97161,-0.23537,-1.02505,-1.46422,0.21495
-0.03646,0.97445,-0.22161,-0.63628,-1.07383,-0.22039
-0.07445,0.97366,-0.21551,-0.1692,-1.05062,-0.32903
-0.12358,0.97164,-0.20158,0.14138,-0.96645,0.45787
-0.16532,0.97161,-0.16921,0.20974,-0.48109,0.82236
-0.19563,0.97276,-0.12437,0.24005,-0.48223,0.77753
-0.23824,0.97031,-0.04167,-0.06294,0.27824,-0.0593
-0.31522,0.94855,0.02959,-0.7858,1.78956,0.17359
-0.42109,0.90218,0.09356,-0.86198,3.1383,-0.14528
-0.48197,0.86129,0.16088,-0.46989,3.36139,0.09035
-0.51237,0.82883,0.22475,-0.0406,1.37477,0.43934
-0.55411,0.79491,0.24713,-0.26866,1.43618,0.60419
-0.59981,0.76381,0.23834,-0.58065,1.42275,-0.02281
-0.64074,0.72746,0.24545,0.23081,0.32847,-0.73215
-0.66629,0.6953,0.26947,0.73355,-0.54782,-0.87189
-0.66538,0.68634,0.29358,1.75233,-1.63533,-0.84947
-0.64379,0.7065,0.29391,1.33382,-2.15702,-0.51295
-0.60956,0.74796,0.26266,1.36885,-2.00539,-0.46151
-0.5755,0.78991,0.21175,1.44205,-1.48568,-0.42937
-0.54343,0.82203,0.17015,0.42613,-0.07285,-0.04512
-0.51505,0.84002,0.17054,0.0509,0.15217,0.2915
-0.51302,0.83233,0.20985,-0.75529,0.60266,0.80285
-0.55593,0.80569,0.20442,-0.07226,-0.49243,-0.34393
-0.60334,0.78295,0.15155,0.4423,-0.96948,-0.72049
-0.6269,0.76834,0.12902,2.56594,2.5923,1.18943
-0.58963,0.78754,0.17921,0.30391,2.10811,-1.27795
-0.57531,0.80547,0.14224,-0.31694,0.26701,-0.50956
-0.53748,0.83773,0.0966,0.2296,0.15211,-0.69047
-0.4491,0.89337,0.01386,0.22758,1.60505,-1.01984
-0.33894,0.93956,-0.04838,-0.18285,1.91244,-1.48849
-0.26184,0.9603,-0.09624,-1.4816,1.50754,2.97777
-0.20525,0.96619,-0.15603,-0.24469,1.07387,0.48489
-0.18934,0.96907,-0.15825,0.40196,0.9815,0.68627
-0.15885,0.97286,-0.16822,-0.37435,-0.24737,0.7479
-0.12155,0.97502,-0.18589,-0.48683,-0.98798,0.23187
-0.08645,0.97578,-0.20092,-0.33006,-1.55737,0.3506
-0.06115,0.9755,-0.21134,-1.13265,-1.48358,0.36818
-0.06531,0.97503,-0.21227,-0.66243,-0.99094,0.0905
-0.09438,0.97213,-0.21459,-0.21591,-0.92889,0.0477
-0.13718,0.96995,-0.20095,0.25786,-0.96844,0.2983
-0.17252,0.96973,-0.17281,0.1755,-0.79913,0.2916
-0.20171,0.97029,-0.13356,0.1301,-0.68892,0.2142
-0.2441,0.9668,-0.07555,0.06321,-0.07322,0.40098
-0.31425,0.94891,-0.02834,-0.79441,1.31,0.11223
-0.41169,0.91028,0.04356,-0.32093,1.58722,-0.35304
-0.48123,0.86914,0.11404,0.09477,2.96585,0.63446
-0.51407,0.8399,0.17406,-0.19058,1.67498,0.54699
-0.56049,0.80661,0.18768,-0.39883,1.64522,0.43296
-0.60638,0.77063,0.19602,-0.79805,1.16847,-0.22826
-0.63993,0.73254,0.2321,0.46912,0.15946,-0.4004
-0.6649,0.69879,0.26379,0.80534,-0.08791,-0.69385
-0.67562,0.68006,0.28469,1.30332,-0.68676,-0.73235
-0.67289,0.68208,0.28632,1.17635,-1.96234,-0.43707
-0.65084,0.70959,0.26997,1.15053,-2.13689,-0.42051
-0.61878,0.75073,0.23132,1.27685,-2.03111,-0.64543
-0.58531,0.78966,0.18394,0.89943,-0.28246,-0.37598
-0.55783,0.81131,0.17491,0.3149,0.1611,-0.03666
-0.54559,0.80536,0.23177,-0.72463,0.89805,1.13134
-0.59054,0.76386,0.26036,-0.23173,0.15021,0.53126
-0.66299,0.71605,0.21842,1.02185,1.6485,-0.77003
-0.68535,0.69724,0.21012,1.45427,3.00752,0.14872
-0.68796,0.69963,0.19293,1.15746,-0.86172,-1.04768
-0.68178,0.71131,0.17087,0.77309,-0.98178,-1.18765
-0.62098,0.77369,0.12562,0.61419,0.60396,-0.8859
-0.5124,0.85699,0.05483,0.26295,1.82183,-0.98545
-0.42532,0.90499,-0.00941,-0.02615,1.16998,-0.54022
-0.34081,0.93684,-0.07864,-0.94679,1.24493,-0.33238
-0.25585,0.95621,-0.14216,-1.93985,2.34119,0.6125
-0.20917,0.96173,-0.17698,-1.73416,1.83829,0.76565
-0.19125,0.96315,-0.18912,0.66657,0.52391,0.75788
-0.16189,0.96523,-0.20522,0.43356,-0.25322,0.75147
-0.11887,0.96479,-0.23463,-0.09911,-0.70763,1.0561
-0.07488,0.96675,-0.24449,-1.13163,-1.70949,0.32405
-0.05638,0.97131,-0.23102,-1.23896,-1.62095,0.11172
-0.07712,0.97226,-0.22081,-0.72041,-1.28621,-0.16963
-0.12197,0.96922,-0.21386,0.28607,-0.94839,0.18648
-0.16451,0.96728,-0.19315,0.25462,-0.84165,0.50733
-0.19568,0.96729,-0.16143,0.10026,-0.77549,0.50829
-0.22666,0.96808,-0.10695,0.0694,-0.3136,-0.42315
-0.28396,0.95793,-0.04172,-0.30552,0.50883,0.06237
-0.37167,0.92828,0.01209,-0.51458,1.96065,-0.01158
-0.4654,0.882,0.07399,-0.10034,4.09674,0.14103
-0.49965,0.85456,0.14164,0.08559,2.00185,0.37269
-0.53403,0.82297,0.1937,-0.02289,1.3859,0.50204
-0.58169,0.78896,0.19791,-0.59562,1.34911,0.07954
-0.62579,0.75408,0.19934,-0.53722,1.08718,-0.30269
-0.66407,0.71241,0.2269,-0.1197,0.86485,-0.58178
-0.68153,0.68443,0.25898,1.42141,-1.15667,-0.48587
-0.67662,0.68464,0.271,1.48414,-1.72316,-0.56502
-0.65443,0.71025,0.25932,1.22645,-1.91437,-0.63774
-0.62272,0.74976,0.22378,1.47564,-1.98926,-0.59179
-0.58953,0.78773,0.17867,0.81177,-0.56177,-0.28858
-0.55485,0.81746,0.15454,0.45016,-0.18918,-0.15573
-0.52771,0.82877,0.18618,-0.34835,0.49783,0.44682
-0.54621,0.81135,0.20823,-0.35026,0.22494,0.34202
-0.59863,0.77891,0.18691,0.22482,-0.06119,-0.14133
-0.64376,0.75084,0.14769,1.34652,2.02936,-0.86682
-0.63892,0.75402,0.15239,1.6583,1.09213,0.11003
-0.63436,0.763,0.12414,0.88378,-0.51793,-0.70721
-0.6117,0.78355,0.10893,0.4464,-0.6652,-0.9781
-0.53296,0.8438,0.06288,0.25615,2.11218,-1.00122
-0.41668,0.90905,-0.00034,-0.00594,1.91169,-1.21771
-0.31943,0.94668,-0.04198,-1.04438,1.79714,-0.57716
-0.2487,0.95888,-0.13671,-1.99243,1.43815,1.50233
-0.21137,0.96431,-0.15945,-0.96332,1.50876,0.88003
-0.1891,0.96795,-0.16527,0.50279,0.8924,0.6982
-0.15956,0.97105,-0.17775,-0.0432,-0.56099,0.72834
-0.12422,0.97106,-0.20399,-0.11585,-1.05242,0.76083
-0.08699,0.97177,-0.21929,-0.43836,-1.62903,0.58808
-0.06933,0.97387,-0.21627,-1.10215,-1.4596,0.19468
-0.08832,0.97475,-0.20506,-0.61612,-1.1163,-0.15707
-0.13061,0.97016,-0.20425,0.41942,-1.0203,-0.02689
-0.18051,0.96506,-0.18992,0.42999,-0.92166,0.57388
-0.21945,0.96244,-0.15982,0.23119,-0.90397,0.71861
-0.25082,0.96111,-0.11555,-0.03975,-0.43651,0.09244
-0.29421,0.955,-0.03763,0.38755,0.00873,-0.15394
-0.36968,0.92842,0.03683,0.08868,0.44932,-0.07593
-0.47505,0.87595,0.08384,-0.63551,3.89939,0.07197
-0.5354,0.83351,0.13637,-0.41293,2.65195,0.19418
-0.56611,0.80312,0.18574,-0.21454,1.55843,0.33309
-0.61077,0.76746,0.19484,-0.68504,1.23625,0.36983
-0.65375,0.73274,0.18894,-0.99408,1.06766,-0.27238
-0.6866,0.69477,0.21419,-0.54364,0.91934,-0.34509
-0.70486,0.66473,0.24758,1.17467,-0.80325,-0.89607
-0.69896,0.66035,0.27458,1.63809,-1.4515,-0.67701
-0.67478,0.68439,0.27617,1.5605,-1.7994,-0.60406
-0.63704,0.72769,0.25426,1.36343,-1.75639,-0.50577
-0.59745,0.77228,0.21592,1.36752,-1.59821,-0.39997
-0.56114,0.80905,0.17476,0.81682,-0.67319,-0.32001
-0.53032,0.83193,0.16322,-0.09951,0.48904,0.44495
-0.51761,0.8313,0.20252,-0.33409,0.64592,0.76018
-0.55001,0.8044,0.22454,-0.34579,0.61987,0.7294
-0.61001,0.77106,0.1826,0.28033,-0.90584,-0.7389
-0.65319,0.74717,0.12274,2.22877,0.70409,-0.97295
-0.62319,0.7659,0.15823,2.31046,2.36084,1.42141
-0.6144,0.78012,0.11796,-0.00267,0.26964,-0.06437
-0.5924,0.8003,0.09261,0.32131,-0.20983,-0.47454
-0.52513,0.84946,0.05154,0.34013,0.37446,-0.391
-0.42755,0.90395,-0.00783,0.11654,1.55544,-1.16399
-0.33363,0.94193,-0.03814,-0.7582,1.75448,-0.74931
-0.25621,0.95721,-0.13449,-1.93161,1.8425,0.95284
-0.20841,0.96018,-0.18607,-1.02446,1.04809,0.94209
-0.18521,0.96073,-0.2066,0.419,0.70426,0.74894
-0.14922,0.96334,-0.22296,-0.18066,0.32263,0.62325
-0.10903,0.96013,-0.25742,-0.15029,-0.89694,0.89728
-0.06935,0.95644,-0.28356,-0.35307,-1.56719,0.8193
-0.05164,0.95686,-0.2859,-1.21327,-1.73294,0.23695
-0.07146,0.9583,-0.27667,-0.62699,-1.11725,-0.17638
-0.11832,0.95473,-0.27292,0.07519,-1.13799,-0.04908
-0.17021,0.95162,-0.25583,0.31959,-0.80763,0.5825
-0.20995,0.95212,-0.22222,0.20131,-0.45767,-0.0597
-0.23989,0.95928,-0.14908,0.04539,0.04296,0.25556
-0.29651,0.95049,-0.09296,-0.61174,0.66718,0.30495
-0.38767,0.92128,-0.03082,-0.15509,2.61029,-0.35545
-0.46678,0.88217,0.06224,0.21382,3.19249,0.26062
-0.50161,0.85208,0.14943,0.16221,2.46466,0.38536
-0.54367,0.81497,0.20059,-0.5787,1.48575,0.44861
-0.58825,0.77835,0.21937,-0.66522,1.16167,-0.22623
-0.62242,0.74401,0.24297,-0.37535,1.03578,-0.31073
-0.64956,0.71006,0.27181,0.64794,-0.36586,-0.52308
-0.66176,0.6877,0.29855,1.37024,-1.40395,-0.80739
-0.65454,0.68985,0.30932,1.51659,-1.80345,-0.77543
-0.63747,0.71672,0.28273,1.36065,-1.9427,-0.67474
-0.61785,0.75186,0.23013,1.714,-1.72502,-0.63328
-0.59577,0.78428,0.17306,1.70202,-1.5147,-0.42552
-0.56788,0.81204,0.13454,0.40162,-0.10176,-0.12367
-0.53845,0.82678,0.16278,-0.4627,0.59772,0.93072
-0.54542,0.81461,0.19727,-0.94997,0.90861,0.89768
-0.59656,0.78181,0.18129,0.12766,0.82463,-0.38884
-0.64647,0.74801,0.15017,1.37715,2.197,0.53103
-0.64949,0.74434,0.15527,2.34597,0.213,0.05579
-0.64539,0.7535,0.12528,1.20789,-0.51542,-1.12697
-0.60341,0.79177,0.09483,0.82115,0.48536,-1.17111
-0.47951,0.87541,0.06092,0.44562,1.54631,-1.00587
-0.33904,0.94067,0.01343,-0.39408,1.80318,-0.91675
-0.23904,0.96925,-0.05829,-1.67356,2.16179,0.01413
-0.18315,0.96608,-0.18207,-2.21456,1.68203,0.84027
-0.15509,0.96838,-0.1954,-0.44629,0.96866,0.92758
-0.13991,0.9704,-0.19681,0.15832,-0.0431,0.26181
-0.11611,0.97034,-0.21201,0.19803,-0.61162,0.48165
-0.07968,0.96733,-0.24067,0.0373,-1.34874,0.77545
-0.04346,0.96564,-0.25621,-1.24939,-1.18404,0.36813
-0.03319,0.9677,-0.24991,-1.26195,-1.13313,0.29712
-0.05462,0.96949,-0.23894,-0.33225,-1.08395,-0.25331
-0.0949,0.96842,-0.23055,0.42045,-1.09941,0.20466
-0.13748,0.96855,-0.20738,0.40454,-1.02449,0.37004
-0.17107,0.96981,-0.17379,0.06574,-0.97182,0.58691
-0.20356,0.97167,-0.12004,0.03234,-0.19218,0.10754
-0.26592,0.9621,-0.06039,-0.49217,0.29925,0.21557
-0.36687,0.93023,-0.00805,-0.84535,2.0756,-0.12068
-0.47063,0.88,0.06408,-0.15554,4.22701,0.03887
-0.4969,0.85575,0.14411,0.34055,2.2082,0.20292
-0.52483,0.82571,0.20676,-0.01239,1.31855,0.64056
-0.56847,0.79347,0.21734,-0.53632,1.35103,-0.11946
-0.60386,0.7657,0.22144,-0.47017,1.05061,-0.2614
-0.63213,0.73591,0.24254,0.19929,0.21346,-0.41572
-0.64449,0.71659,0.26669,1.22239,-1.12758,-0.69248
-0.63801,0.71789,0.27851,1.3951,-1.47161,-0.60157
-0.6176,0.74244,0.2595,1.17551,-1.96816,-0.52896
-0.58824,0.78047,0.21173,1.4383,-1.79774,-0.56658
-0.55638,0.81603,0.15661,1.40154,-1.55074,-0.49655
-0.52767,0.83947,0.1298,0.40726,-0.0711,-0.05258
-0.50912,0.84646,0.15584,-0.38046,0.30704,0.77291
-0.52165,0.82823,0.20473,-0.84951,0.67905,1.02515
-0.57539,0.79251,0.2021,-0.06462,-0.19715,-0.39302
-0.63109,0.75912,0.15953,1.02852,2.83386,-0.59724
-0.62751,0.75639,0.18466,1.96618,3.03987,0.68841
-0.62512,0.76054,0.1755,1.24615,-0.80094,-0.80575
-0.6125,0.77603,0.15039,0.82043,-0.9324,-1.1134
-0.54085,0.83264,0.11912,0.55896,0.62398,-1.08584
-0.42323,0.90435,0.05493,-0.03688,1.73878,-0.93549
-0.30964,0.95045,-0.0276,-1.19877,1.84424,-0.35189
-0.2253,0.96649,-0.12303,-1.96312,1.93679,0.41413
-0.18806,0.9693,-0.15836,-1.27655,1.2274,0.78019
-0.1704,0.96816,-0.18337,0.65868,0.80041,0.75497
-0.13861,0.97145,-0.19251,0.72599,0.73422,0.66434
-0.10099,0.97013,-0.22056,-0.01423,-0.73088,0.75178
-0.06046,0.96832,-0.24226,-0.55807,-1.45894,0.72236
-0.03402,0.97038,-0.23916,-1.2054,-1.60133,0.23143
-0.04222,0.97504,-0.21795,-0.57261,-1.31286,-0.21611
-0.07577,0.97572,-0.20547,0.10351,-1.29343,-0.13682
-0.11895,0.97371,-0.19425,0.27458,-1.22102,0.01676
-0.16046,0.97202,-0.17151,-0.04784,-0.71487,0.70064
-0.19516,0.9712,-0.13664,-0.12185,-0.3675,-0.04181
-0.23202,0.97062,-0.06369,0.05551,-0.2618,-0.65526
-0.29963,0.9538,0.02201,-0.75054,1.65802,0.26315
-0.40645,0.91075,0.07294,-0.67366,2.88742,0.17486
-0.48858,0.86371,0.12362,0.0337,4.43307,0.16102
-0.51622,0.83531,0.18913,0.19145,1.54448,0.35182
-0.55672,0.801,0.22014,-0.47369,1.05859,0.2117
-0.60229,0.76996,0.21069,-0.58995,0.9152,-0.19621
-0.63755,0.73952,0.21595,-0.2443,0.47159,-0.42521
-0.6558,0.71631,0.23835,1.1318,-0.83722,-0.5718
-0.65527,0.7093,0.25982,1.39159,-1.35557,-0.4762
-0.63754,0.72792,0.25232,1.28122,-2.0874,-0.50756
-0.60387,0.76602,0.22033,1.42231,-2.14886,-0.64224
-0.56417,0.80677,0.17556,1.43786,-1.81232,-0.56657
-0.5296,0.83496,0.14952,0.79361,-0.49721,-0.35303
-0.50735,0.84381,0.17484,-0.45616,0.51155,0.66055
-0.52477,0.8252,0.20894,-0.85238,0.76913,0.72259
-0.57964,0.78925,0.20273,-0.4496,0.16365,0.00157
-0.63134,0.76138,0.14734,1.58097,1.23862,-1.20885
-0.62011,0.76615,0.16875,1.98183,3.14288,1.41799
-0.6072,0.77632,0.1692,0.64527,-0.24333,-0.43011
-0.60115,0.78648,0.14163,0.25478,-0.85052,-1.14401
-0.56087,0.8213,0.10436,0.38884,-0.51282,-0.78669
-0.46863,0.88264,0.03649,0.05393,1.99891,-1.19693
-0.35609,0.93418,-0.02249,-0.37224,1.88755,-1.25538
-0.26201,0.95934,-0.10492,-0.92797,1.95823,-0.63008
-0.21078,0.9651,-0.15541,-1.29462,0.97013,0.53165
-0.19784,0.96431,-0.17598,-0.57977,0.95015,0.81465
-0.17163,0.96717,-0.18742,0.88021,0.74368,0.74005
-0.13686,0.96792,-0.21069,0.13219,-0.59566,0.59308
-0.09771,0.96609,-0.23899,-0.13644,-1.39958,0.92387
-0.06477,0.96623,-0.24941,-0.6909,-1.60015,0.78643
-0.0633,0.96973,-0.23583,-1.02362,-1.40413,-0.07619
-0.09465,0.96908,-0.22787,-0.03333,-1.22622,-0.2338
-0.14314,0.96527,-0.21854,0.22929,-1.16513,0.15395
-0.1882,0.9635,-0.19038,0.44991,-0.67149,0.68885
-0.21963,0.96486,-0.1442,0.13247,-0.51351,-0.32636
-0.26169,0.96305,-0.06366,0.26695,-0.26667,-0.27414
-0.34246,0.93945,-0.01203,-0.75539,1.9475,0.42635
-0.44895,0.89252,0.04302,-0.08989,3.36728,-0.18119
-0.4992,0.85825,0.11913,0.23661,3.19512,0.01365
-0.5304,0.82847,0.17974,-0.40974,1.33717,0.70432
-0.57433,0.79479,0.19608,-0.61628,1.42961,0.77439
-0.6156,0.76238,0.19948,-0.89285,1.52199,0.07482
-0.64715,0.72799,0.22631,0.25298,0.45923,-0.34791
-0.66546,0.70096,0.25653,0.9659,-0.50824,-0.63719
-0.66319,0.69383,0.28064,1.34487,-1.19014,-0.67169
-0.64435,0.70989,0.28437,1.16686,-1.83194,-0.55663
-0.61302,0.74492,0.26324,1.16049,-1.91237,-0.54839
-0.57876,0.78682,0.21435,1.38973,-1.65808,-0.58684
-0.54788,0.82056,0.16279,0.811,-0.35004,-0.31942
-0.52337,0.83821,0.15321,0.41044,0.0989,-0.00208
-0.51555,0.8317,0.2061,-0.41658,0.7028,1.11911
-0.55847,0.79653,0.2316,-0.36594,-0.2736,-0.14731
-0.6262,0.75836,0.18095,0.41203,-0.12514,-0.46953
-0.65131,0.74273,0.15536,1.3117,2.84165,0.02251
-0.64648,0.7481,0.14966,1.33431,-0.3085,0.08763
-0.64162,0.75412,0.14005,0.45263,-1.14053,-1.13256
-0.60757,0.78324,0.1318,0.33486,-0.80101,-0.9221
-0.51627,0.85239,0.08302,0.08664,1.53296,-0.48258
-0.39939,0.91666,0.01455,-0.36564,2.39248,-1.33298
-0.31078,0.94892,-0.05445,-0.9707,1.41278,-0.16987
-0.25242,0.95958,-0.12443,-1.25817,1.10351,0.63679
-0.22316,0.96206,-0.15694,0.54042,1.4804,0.83789
-0.18324,0.96783,-0.17242,0.671,1.04696,0.76635
-0.14267,0.9715,-0.18926,-0.37181,-0.29318,0.5988
-0.10425,0.9707,-0.21646,-0.33914,-1.2166,0.62766
-0.06747,0.96848,-0.23977,-0.56184,-1.5761,0.7855
-0.0534,0.96953,-0.23908,-1.25726,-1.45842,0.24489
-0.07911,0.97148,-0.22353,-0.16288,-1.10524,-0.50422
-0.1234,0.9676,-0.22026,0.1662,-1.10115,-0.35535
-0.16748,0.96464,-0.20353,0.53671,-0.6475,0.72772
-0.20051,0.96429,-0.17304,0.38978,-0.56933,0.90519
-0.22078,0.96938,-0.10751,0.19238,-0.42104,-0.31429
-0.2753,0.96087,-0.03038,-0.51445,0.71442,0.04187
-0.37539,0.92664,0.02039,-0.56684,2.16455,-0.23682
-0.47536,0.87564,0.08529,-0.14828,3.06708,-0.25564
-0.5151,0.84471,0.14539,0.07352,1.45559,0.3289
-0.55346,0.81124,0.18858,-0.39977,1.16961,0.52669
-0.60079,0.77421,0.19909,-0.61222,1.41382,0.3938
-0.63578,0.74106,0.21588,-0.50701,0.98515,-0.79691
-0.65643,0.70787,0.26077,0.39706,0.23625,-0.32799
-0.67342,0.68283,0.28325,0.65278,-0.12071,-0.51414
-0.67153,0.67641,0.30251,1.5084,-1.29381,-0.65282
-0.65351,0.69337,0.30357,1.24905,-1.69772,-0.50434
-0.62722,0.72827,0.27606,1.25137,-1.76272,-0.38579
-0.60108,0.76966,0.21523,1.2683,-1.03983,-0.52996
-0.57216,0.80571,0.15314,0.60445,-0.0945,-0.22497
-0.54297,0.82656,0.14823,0.21684,0.23083,0.1748
-0.54059,0.81846,0.19461,-0.6204,0.37372,0.5006
-0.58934,0.78624,0.18573,0.08837,-0.67936,-0.55882
-0.63873,0.7598,0.12133,0.94857,-0.54694,-0.22776
-0.64249,0.75832,0.11024,1.77584,2.42441,0.69206
-0.60476,0.78964,0.10359,1.47187,2.96552,0.07259
-0.59716,0.79911,0.06935,0.35508,-0.62525,-0.86276
-0.57463,0.81682,0.05088,0.22656,-0.93397,-0.44593
-0.49876,0.86667,-0.01028,0.28253,1.20408,-0.40874
-0.36787,0.92772,-0.06319,-0.09294,2.22268,-1.12277
-0.26992,0.95875,-0.08906,-1.29641,2.03347,-0.15248
-0.22207,0.95613,-0.19103,-1.73345,1.22319,0.39653
-0.1853,0.95672,-0.22437,-0.52685,1.56771,1.2508
-0.16342,0.96018,-0.22658,0.71979,0.85587,0.54526
-0.12481,0.9621,-0.24246,0.05667,-0.69595,0.64036
-0.07992,0.96015,-0.26782,-0.01969,-1.12288,0.6467
-0.04127,0.9593,-0.27933,-1.1381,-1.62326,0.28161
-0.03378,0.96224,-0.27009,-1.16176,-1.61117,0.22002
-0.06318,0.96425,-0.25736,-0.4388,-1.27247,-0.26346
-0.10937,0.96174,-0.25118,0.23095,-1.02122,0.0892
-0.15618,0.96092,-0.22854,0.36784,-0.71033,0.91775
-0.19136,0.96346,-0.18741,0.21916,-0.71228,0.87131
-0.22931,0.96756,-0.10601,0.15486,-0.18473,-0.21551
-0.29635,0.95492,-0.01722,-0.62225,1.05228,0.58746
-0.40655,0.91282,0.03842,-0.7125,2.17529,0.50658
-0.50305,0.85705,0.11137,-0.01697,4.53961,-0.052
-0.52744,0.83152,0.17429,0.40835,2.375,0.49014
-0.57081,0.79748,0.19543,-0.30904,1.09991,0.74498
-0.62359,0.75579,0.19978,-1.20945,1.02081,-0.44759
-0.65916,0.71624,0.22913,-0.17249,0.5479,-0.55315
-0.679,0.68576,0.26208,0.23172,0.1265,-0.6257
-0.6805,0.6719,0.29235,1.62872,-1.09298,-0.56068
-0.67128,0.68186,0.29057,1.50972,-2.09659,-0.55957
-0.64895,0.71708,0.25426,1.41119,-2.1002,-0.49019
-0.6183,0.7586,0.20544,1.50992,-1.60149,-0.49948
-0.58661,0.7948,0.15547,1.01289,-0.80342,-0.27606
-0.55513,0.82128,0.13158,0.20601,-0.00156,0.04499
-0.53222,0.82846,0.17428,-0.60306,0.64732,0.9185
-0.55777,0.80691,0.19436,-0.94914,0.48394,0.05004
-0.61299,0.77407,0.15822,-0.11479,0.08153,-0.45184
-0.64271,0.75432,0.1338,1.4765,1.98699,0.94768
-0.63357,0.75997,0.14502,0.93911,-0.71216,-0.35686
-0.62226,0.77121,0.13425,0.43351,-0.8697,-0.97168
-0.58366,0.80247,0.12397,-0.08446,-0.11367,-0.96583
-0.48884,0.86919,0.07433,0.31398,2.28442,-0.65497
-0.37759,0.92574,0.02034,0.44505,2.07739,-1.00013
-0.28601,0.95741,-0.03931,-0.75835,1.48389,-0.00767
-0.22263,0.96707,-0.12328,-1.65646,2.11795,1.01447
-0.1889,0.97052,-0.14967,-0.49049,1.15871,0.85069
-0.15672,0.97286,-0.17019,0.27964,0.5411,0.62562
-0.11782,0.97463,-0.19026,-0.01199,-0.5995,0.49853
-0.07657,0.97312,-0.21716,0.02368,-0.99772,0.6183
-0.03383,0.97134,-0.23525,-0.5966,-1.47363,0.63054
-0.01382,0.97231,-0.23327,-1.01614,-1.29447,0.15536
-0.02925,0.97414,-0.22402,-0.60463,-1.20183,-0.22033
-0.06609,0.9727,-0.22246,0.12145,-1.17319,-0.01949
-0.10614,0.97241,-0.20773,0.23948,-0.87968,0.57635
-0.14025,0.97498,-0.1724,0.02534,-0.85847,0.60381
-0.17558,0.97892,-0.10428,-0.08458,-0.26688,0.13768
-0.23174,0.97185,-0.04239,-0.84567,1.44484,0.58104
-0.33278,0.94295,0.00958,-0.56131,2.32143,0.10527
-0.42609,0.90044,0.08741,0.4435,3.63881,-0.11022
-0.45062,0.87933,0.15397,0.49765,1.7275,0.15892
-0.48285,0.85255,0.19999,-0.19343,1.24422,0.6402
-0.5297,0.82209,0.20876,-0.89471,1.49929,0.20796
-0.57296,0.79013,0.21771,-0.56295,0.82923,-0.53941
-0.60782,0.75575,0.24369,0.10538,0.35669,-0.49913
-0.62664,0.73149,0.26876,1.32699,-1.24151,-0.46606
-0.62224,0.73071,0.28082,1.34859,-1.88515,-0.48659
-0.60158,0.75244,0.26819,1.1393,-1.9608,-0.498
-0.57288,0.78663,0.23022,1.42434,-1.80734,-0.78454
-0.54587,0.81814,0.18069,1.30018,-0.99797,-0.49306
-0.51977,0.84064,0.15214,0.90301,-0.52679,-0.26794
-0.49828,0.84793,0.18088,-0.19224,0.32788,0.54244
-0.51202,0.83277,0.21053,-0.69205,0.69818,0.74299
-0.57204,0.79573,0.19894,-0.36992,1.56557,0.80405
-0.63854,0.74928,0.17558,1.36387,0.58661,-1.02653
-0.66258,0.72955,0.1695,2.49562,-1.53394,0.48061
-0.66061,0.73256,0.16413,1.93819,-1.55862,-0.65297
-0.61474,0.77422,0.15056,0.70728,0.31631,-0.93785
-0.48215,0.86884,0.11239,0.44126,2.34207,-1.27462
-0.32408,0.94265,0.07975,0.03302,2.11662,-0.97555
-0.21464,0.97666,-0.00728,-1.70357,1.98564,0.08015
-0.16355,0.98006,-0.11282,-1.84103,1.63672,0.83727
-0.14179,0.97845,-0.1501,-1.4318,1.51641,1.21305
-0.11513,0.97929,-0.16652,0.5254,0.83631,0.5845
-0.07785,0.97961,-0.1852,0.03231,-0.75831,0.64059
-0.02887,0.9777,-0.20799,-0.33105,-1.19265,0.79385
0.01506,0.97668,-0.21416,-1.29673,-1.4549,0.45801
0.02708,0.97898,-0.20215,-0.72595,-1.33754,-0.2696
0.00525,0.98076,-0.19514,-0.17434,-1.14534,-0.30893
-0.03168,0.98096,-0.19158,0.27533,-1.03273,0.10686
-0.07005,0.98227,-0.17386,0.06121,-1.10771,0.36133
-0.10798,0.98619,-0.12556,-0.10036,-0.70124,-0.59807
-0.16377,0.98296,-0.08347,-0.66961,-0.3638,0.0387
-0.2522,0.9667,-0.04344,-0.53885,2.10964,0.36758
-0.34686,0.93778,0.01543,0.44906,2.46743,-0.28445
-0.39556,0.91401,0.08997,0.72599,1.79137,0.11661
-0.42265,0.89289,0.15523,0.67584,1.56121,0.17616
-0.46168,0.86797,0.18295,-0.54221,1.64207,0.49678
-0.50998,0.83944,0.18773,-0.76111,1.115,0.02781
-0.54445,0.81091,0.21443,-0.20329,0.56632,-0.41997
-0.57458,0.78095,0.24486,0.43762,0.10897,-0.27259
-0.59131,0.7609,0.26714,1.07123,-0.91419,-0.55843
-0.58907,0.75884,0.27775,0.9939,-1.54001,-0.47926
-0.57534,0.77332,0.26635,0.97749,-1.91956,-0.57192
-0.55948,0.79761,0.22535,1.22344,-2.05365,-0.7819
-0.54536,0.82086,0.16958,1.43329,-1.4445,-0.64556
-0.53215,0.83252,0.15399,0.4707,0.06039,-0.09865
-0.54051,0.81877,0.19353,-0.76891,1.06565,1.4985
-0.60213,0.77505,0.19165,-0.90308,2.11435,1.18919
-0.66161,0.73142,0.1652,0.39101,1.55128,-1.07007
-0.6726,0.7211,0.16617,2.37194,-0.88495,-0.18984
-0.65498,0.74089,0.14856,1.72862,-0.75801,-0.80946
-0.58599,0.80038,0.12648,1.26637,0.35584,-1.27492
-0.45937,0.88272,0.09885,0.57597,1.57819,-1.35183
-0.33383,0.94175,0.04078,0.0234,1.5019,-0.79668
-0.22164,0.97189,-0.07934,-0.70047,1.76703,0.02947
-0.15458,0.97118,-0.18143,-2.19781,1.74701,1.19666
-0.13339,0.97342,-0.18613,-1.37272,0.98795,0.86834
-0.10441,0.97441,-0.19906,0.58288,0.28165,0.51194
-0.06809,0.97383,-0.21681,0.18163,-0.33327,0.52844
-0.02576,0.96851,-0.24761,-0.1687,-1.31562,0.93537
0.01052,0.96567,-0.25955,-0.71322,-1.43636,0.85035
0.01523,0.96841,-0.24886,-1.18648,-1.37886,-0.00677
-0.01584,0.97091,-0.23891,-0.22984,-1.20945,-0.35974
-0.06445,0.96955,-0.23627,0.09941,-1.25195,0.06602
-0.11119,0.97134,-0.21007,0.30664,-0.89924,0.60117
-0.14755,0.97494,-0.16649,0.13541,-0.83517,0.50996
-0.18747,0.97691,-0.10242,0.05557,-0.17218,-0.32204
-0.24998,0.96742,-0.03988,-0.57278,0.85518,0.28471
-0.35052,0.93626,0.02335,-0.34154,2.12462,-0.09194
-0.44794,0.8892,0.09308,-0.14915,3.19217,-0.05785
-0.47819,0.86318,0.162,-0.01683,1.61233,0.22833
-0.51367,0.83181,0.2103,-0.2476,1.26875,0.60825
-0.56185,0.79803,0.21783,-0.66146,1.539,0.42621
-0.60034,0.76454,0.23466,-0.46431,1.20141,-0.47857
-0.63142,0.72653,0.27102,0.52221,0.26744,-0.85886
-0.64236,0.70182,0.30791,1.57214,-1.04616,-0.74889
-0.63697,0.70449,0.31297,1.62089,-1.8599,-0.54366
-0.61665,0.73241,0.28863,1.40179,-2.03312,-0.5122
-0.59035,0.77036,0.24088,1.53028,-1.85774,-0.52057
-0.56551,0.80461,0.18105,0.60299,-0.61948,-0.34453
-0.53576,0.83105,0.14937,0.23724,-0.23756,-0.15561
-0.51635,0.83749,0.17882,-0.50008,0.34667,0.48268
-0.54338,0.81712,0.19247,-0.83275,0.44645,0.47715
-0.6025,0.77865,0.17516,0.25375,1.86934,-0.51281
-0.64005,0.74751,0.17762,1.10027,2.48275,0.4574
-0.65406,0.73732,0.169,1.92432,-1.13067,0.06947
-0.64722,0.74791,0.14742,1.42233,-1.07861,-0.78812
-0.5874,0.80002,0.12215,1.0686,0.00854,-1.52317
-0.46142,0.88416,0.07307,0.35723,2.16386,-1.08408
-0.32309,0.94634,0.00608,-0.23016,1.9397,-0.67089
-0.21836,0.97101,-0.0972,-1.85305,2.5146,0.33973
-0.16096,0.97606,-0.14622,-1.94163,1.50033,0.74018
-0.1461,0.97675,-0.15689,-1.36086,1.07349,0.8738
-0.12894,0.97894,-0.15825,0.4619,0.448,0.59726
-0.09845,0.97954,-0.17549,0.5025,-0.77013,0.42967
-0.0557,0.97744,-0.2037,0.11596,-1.1295,0.61982
-0.01666,0.97562,-0.2188,-0.72274,-1.40475,0.88849
-0.00298,0.9772,-0.21226,-1.05118,-1.32738,0.03013
-0.02671,0.97959,-0.19919,-0.51852,-1.32768,-0.42647
-0.06616,0.97868,-0.19443,0.32648,-1.20655,-0.19549
-0.10534,0.97898,-0.17462,0.27502,-0.92574,0.59559
-0.13851,0.98206,-0.12793,0.02916,-0.79319,0.03765
-0.18779,0.97981,-0.06853,-0.07569,-0.46191,0.00201
-0.26746,0.96311,-0.02944,-0.78561,1.99381,0.4692
-0.36683,0.92955,0.03683,-0.25752,2.17395,-0.35618
-0.42297,0.89813,0.12022,0.53462,2.74756,-0.08035
-0.45113,0.87194,0.19023,0.23696,1.92806,0.63377
-0.49872,0.84005,0.21349,-0.68883,1.76899,0.36645
-0.55032,0.80908,0.2062,-0.55261,1.01338,-0.08672
-0.58576,0.78071,0.21763,-0.00362,0.38919,-0.37591
-0.61219,0.75252,0.24274,0.33402,-0.21623,-0.51521
-0.61969,0.73813,0.26672,1.36705,-1.30454,-0.62952
-0.60964,0.74526,0.27003,1.29922,-2.09191,-0.56495
-0.58225,0.77491,0.24596,1.27839,-2.18204,-0.57446
-0.54334,0.81629,0.19605,1.42424,-1.91633,-0.68093
-0.50224,0.85158,0.15015,0.6841,-0.3191,-0.413
-0.47056,0.86934,0.15106,0.32177,0.07621,0.00499
-0.46397,0.86365,0.19705,-0.62589,0.60887,1.1844
-0.51301,0.83375,0.20413,-0.78323,0.52184,0.39258
-0.5777,0.79859,0.16884,0.40835,-0.09674,-0.53292
-0.60734,0.77793,0.16112,1.55036,2.72992,-0.22679
-0.60093,0.78197,0.16551,1.4203,-0.34333,-0.47964
-0.59967,0.78828,0.13784,1.01458,-0.84681,-0.88896
-0.57877,0.80792,0.1108,0.73908,-0.39471,-0.74897
-0.49454,0.86644,0.0685,0.44169,1.54655,-0.60417
-0.36263,0.9318,0.01544,0.27837,2.0131,-1.07187
-0.25122,0.96732,-0.03429,-0.91197,2.14267,-0.40465
-0.18528,0.9732,-0.13615,-2.02705,1.59061,1.3621
-0.14961,0.97525,-0.16277,-1.26476,1.02293,0.65619
-0.1305,0.97492,-0.18023,0.26094,0.46866,0.61797
-0.09749,0.97642,-0.1926,0.1583,0.17918,0.41006
-0.05886,0.9732,-0.22227,0.19735,-0.81181,0.64162
-0.01636,0.96841,-0.24883,-0.32535,-1.3724,0.96434
0.00886,0.96772,-0.25185,-1.25443,-1.31089,0.33286
-0.00073,0.97226,-0.23387,-1.00025,-1.3353,-0.09992
-0.03824,0.97374,-0.22443,-0.00854,-1.12335,0.14148
-0.08289,0.97423,-0.20974,0.33415,-0.79454,0.6331
-0.11983,0.97804,-0.17052,0.33905,-0.75599,0.23182
-0.16262,0.9814,-0.10195,-0.53246,-0.04152,0.04403
-0.23265,0.9709,-0.05676,-0.72525,1.86483,0.67668
-0.32693,0.94485,0.01895,-0.18307,1.82055,-0.32986
-0.40989,0.90594,0.10604,0.35539,2.76651,-0.12607
-0.4537,0.8733,0.17746,-0.09441,2.06289,0.44194
-0.50384,0.8384,0.2079,-0.53925,1.8073,0.46409
-0.56109,0.7989,0.2166,-0.94373,1.68932,0.27357
-0.60484,0.75972,0.2387,0.07684,0.62997,-0.39654
-0.64074,0.72035,0.26559,0.49349,0.24477,-0.63418
-0.6526,0.69944,0.29135,1.01575,-0.77233,-0.71469
-0.64196,0.70321,0.30557,1.33255,-1.84257,-0.61247
-0.61873,0.73,0.29027,1.27543,-1.9179,-0.55684
-0.59243,0.76723,0.24572,1.33897,-1.87941,-0.61087
-0.56822,0.80042,0.19092,1.38993,-1.20957,-0.23415
-0.53668,0.82702,0.16736,0.94386,-0.74791,-0.06759
-0.51127,0.83539,0.20176,-0.55901,0.63862,0.95659
-0.53103,0.82068,0.21089,-0.95092,0.63203,0.24194
-0.58196,0.79364,0.17733,0.895,2.38086,-1.2503
-0.61204,0.77181,0.17233,1.54827,3.03017,-0.02363
-0.60768,0.77238,0.18475,1.56587,-0.6317,0.05161
-0.59942,0.78216,0.17002,1.18418,-0.9085,-0.80412
-0.57306,0.80732,0.14083,0.67271,-0.55926,-1.22555
-0.4906,0.86619,0.09495,0.22387,1.45361,-1.12616
-0.36568,0.92999,0.0371,-0.55256,2.18223,-1.38923
-0.24942,0.96737,-0.04439,-2.0021,2.5893,0.64412
-0.17903,0.97661,-0.11903,-2.16325,1.1813,0.54295
-0.16184,0.97827,-0.12954,-0.61761,0.82892,0.6979
-0.14041,0.98009,-0.14038,0.87539,0.62444,0.45865
-0.10322,0.9814,-0.16183,0.2871,0.03735,0.46299
-0.0613,0.97855,-0.19668,0.02166,-1.17714,0.7541
-0.02039,0.97632,-0.21535,-0.75785,-1.63771,0.62795
-0.00988,0.97803,-0.2082,-1.49354,-1.53418,0.13007
-0.03996,0.97931,-0.19835,-0.27872,-1.15441,-0.64239
-0.09111,0.97648,-0.1954,0.24722,-1.10084,0.30723
-0.14036,0.97575,-0.16794,0.40966,-0.54644,0.88563
-0.17431,0.97888,-0.10673,0.04154,-0.56513,-0.1558
-0.216,0.9762,-0.01895,-0.15967,-0.22778,0.07119
-0.28916,0.95619,0.04553,-0.9388,1.22785,0.47543
-0.39681,0.90924,0.12572,-0.09361,1.92244,-0.47129
-0.46365,0.85857,0.21879,0.49662,3.32664,-0.03504
-0.49437,0.82091,0.28582,0.14799,2.00595,0.21656
-0.56155,0.76887,0.30575,-0.71572,1.78362,0.61726
-0.61151,0.72796,0.31003,-0.86192,1.07249,-0.0858
-0.63421,0.69344,0.3419,-0.37635,0.40179,-0.20628
-0.63965,0.66876,0.37894,0.56609,-0.7247,-0.92855
-0.62808,0.66325,0.40694,1.00915,-1.28984,-0.96025
-0.61333,0.68349,0.3958,1.55762,-1.75342,-0.64771
-0.59535,0.72106,0.35443,1.3783,-1.76489,-0.64712
-0.57241,0.76462,0.29614,1.43509,-1.44487,-0.65918
-0.54359,0.80278,0.24504,0.93072,-0.76834,-0.47885
-0.51227,0.82402,0.24199,0.5145,-0.25215,-0.26686
-0.50256,0.81515,0.28803,-0.75295,1.4746,1.53341
-0.56305,0.77516,0.28651,-0.44867,1.30226,0.92801
-0.63512,0.73218,0.24602,-0.09816,2.80826,-1.42985
-0.64909,0.72183,0.24005,1.67949,-1.1649,0.00403
-0.64256,0.73214,0.22599,1.32457,-1.03086,-1.10278
-0.61467,0.75712,0.22122,0.95327,-1.13106,-1.15001
-0.53194,0.82134,0.20598,0.53064,0.0763,-1.34189
-0.39676,0.90607,0.14703,0.22238,2.31169,-0.93756
-0.26902,0.96106,0.06308,-0.14726,2.27372,-0.28854
-0.19112,0.98059,-0.04371,-0.85034,2.45268,0.01192
-0.16034,0.98443,-0.07201,-1.04946,1.2219,0.76855
-0.14125,0.98493,-0.09979,-0.3685,0.22329,0.61345
-0.1157,0.98587,-0.1211,-0.23329,-0.41415,0.2789
-0.08892,0.98383,-0.15542,-0.01912,-1.09605,0.37592
-0.05983,0.9782,-0.19884,0.10701,-1.34559,0.71181
-0.03959,0.975,-0.21864,-1.02135,-0.92013,0.46589
-0.05259,0.97579,-0.21228,-0.72038,-0.89995,-0.09785
-0.08776,0.97508,-0.20374,-0.22132,-0.94206,-0.29206
-0.13135,0.97337,-0.18786,0.36354,-1.09349,0.30152
-0.17014,0.97341,-0.15337,0.45852,-0.8588,0.59386
-0.19686,0.97536,-0.09949,0.20581,-0.32636,-0.18467
-0.24574,0.96887,-0.02995,0.06044,-0.18785,0.1247
-0.33088,0.9434,0.02269,-0.78833,1.23353,0.27338
-0.45288,0.88656,0.09434,-0.58124,3.42965,-0.34586
-0.51332,0.84216,0.16511,0.33679,3.28576,0.32415
-0.54052,0.81137,0.22248,-0.15633,1.24577,0.54935
-0.58578,0.77533,0.23603,-0.4119,1.1889,0.64496
-0.62584,0.74151,0.2418,-0.87387,1.16269,-0.25797
-0.65805,0.70506,0.26428,-0.13837,0.68419,-0.4422
-0.67232,0.67777,0.29766,1.08525,-0.69698,-0.7617
-0.66652,0.67274,0.32118,1.60069,-1.28395,-0.66057
-0.64861,0.69313,0.31442,1.25056,-1.82968,-0.69836
-0.62475,0.73018,0.2766,1.22069,-1.81691,-0.68315
-0.60406,0.76809,0.21243,1.48174,-1.63435,-0.51312
-0.57893,0.79982,0.15851,1.00359,-0.85246,-0.31032
-0.55173,0.8182,0.16166,0.21826,0.09211,0.13668
-0.55811,0.81059,0.17736,-0.52416,0.61071,0.48968
-0.60173,0.78465,0.14915,-0.40102,0.15655,0.28962
-0.64594,0.7562,0.10449,0.8129,1.06535,-0.7321
-0.65027,0.75334,0.0981,1.34547,2.24634,-0.24376
-0.65521,0.75199,0.07207,1.18918,-0.49679,-0.71965
-0.64321,0.76368,0.05535,1.12941,-0.6475,-0.68047
-0.56428,0.8253,0.02123,0.75769,1.66284,-0.75358
-0.42901,0.90329,-0.00208,0.57981,1.9156,-0.9947
-0.31782,0.94798,-0.01761,-0.40973,2.32282,-1.26066
-0.25616,0.95608,-0.14244,-1.9576,1.98863,0.7849
-0.19862,0.9592,-0.20118,-0.9608,0.9003,0.85398
-0.18066,0.96171,-0.20606,-0.23329,0.65447,0.73193
-0.14681,0.96411,-0.22122,-0.12747,-0.10353,0.46643
-0.11071,0.96336,-0.24428,-0.12427,-1.05687,0.78343
-0.07331,0.96288,-0.25975,-0.26092,-1.34002,0.79715
-0.05614,0.96364,-0.26124,-0.95439,-1.51318,0.158
-0.07226,0.96396,-0.25605,-0.55356,-1.18109,-0.11625
-0.11082,0.96066,-0.25463,-0.1711,-1.11937,-0.10288
-0.15486,0.95741,-0.24366,0.30785,-0.89,0.52922
-0.1892,0.95822,-0.2145,0.31835,-0.78332,0.643
-0.21591,0.96183,-0.16811,0.21582,-0.68189,0.54557
-0.26188,0.96035,-0.09565,0.27178,-0.24535,-0.4021
-0.34167,0.93884,-0.04287,-0.83131,1.71372,0.55583
-0.45288,0.8914,0.01702,-0.33966,2.98265,-0.0612
-0.50787,0.8578,0.07894,-0.0089,3.6514,0.07795
-0.53582,0.83212,0.14302,-0.02784,1.19469,0.60946
-0.57935,0.79869,0.16259,-0.18815,1.19421,0.75423
-0.61866,0.76743,0.16822,-0.82593,1.47375,0.05472
-0.64932,0.73344,0.20109,-0.03648,0.8151,-0.29458
-0.67596,0.69919,0.23283,0.58616,-0.25021,-0.49561
-0.68524,0.68199,0.25559,1.19886,-0.95746,-0.71049
-0.67796,0.68731,0.26068,1.28114,-1.66472,-0.57449
-0.6593,0.71083,0.24502,1.29042,-1.7561,-0.55647
-0.64081,0.74081,0.20136,1.64677,-1.79953,-0.46148
-0.62095,0.77206,0.13542,1.66752,-1.3293,-0.33397
-0.59122,0.80099,0.09417,0.67493,-0.10621,-0.19947
-0.56424,0.81432,0.13601,-0.22653,0.60686,0.89788
-0.58297,0.79943,0.14508,-0.90737,0.47225,0.61571
-0.63044,0.77034,0.09548,0.09267,0.05089,-0.06603
-0.65887,0.74893,0.0706,1.42813,1.29575,-0.16641
-0.65763,0.75263,0.03261,1.47243,0.5904,-0.14077
-0.64062,0.76774,0.013,0.78724,-0.03123,-0.77187
-0.59669,0.80244,0.00575,0.43887,-0.23121,-0.69069
-0.50771,0.86041,-0.04381,0.20756,1.40562,-0.51381
-0.38473,0.91786,-0.0975,0.14853,1.80074,-0.71795
-0.28672,0.94833,-0.13585,-0.96778,1.83022,-0.67686
-0.23156,0.94815,-0.21766,-2.06414,1.48839,0.43537
-0.18741,0.94838,-0.25581,-1.23064,1.4589,1.19145
-0.17231,0.95075,-0.25762,0.04814,0.67989,0.6919
-0.14578,0.95262,-0.26695,0.25647,0.14284,0.53923
-0.10763,0.9493,-0.29537,0.08572,-0.82571,0.86097
-0.06734,0.94718,-0.31354,-0.24455,-1.37499,1.14765
-0.05078,0.95027,-0.30724,-1.05686,-1.54711,0.16032
-0.07547,0.9532,-0.29276,-0.81942,-1.41676,-0.16505
-0.12351,0.94895,-0.29021,-0.0666,-1.15266,-0.18116
-0.1763,0.9444,-0.27752,0.27319,-0.88279,0.47306
-0.21635,0.94345,-0.25117,0.41692,-0.63124,0.8465
-0.24615,0.94939,-0.19507,0.20184,-0.38888,0.36774
-0.3013,0.9461,-0.11876,-0.14275,0.28954,0.03792
-0.38949,0.919,-0.06097,-0.53903,1.17134,0.33791
-0.4954,0.86866,-0.0016,-0.43644,3.0394,0.06011
-0.53387,0.8431,0.06447,0.39911,2.0841,0.42686
-0.56533,0.81613,0.11969,0.2635,1.50425,0.6404
-0.61203,0.77933,0.13436,-0.31085,1.34144,0.51092
-0.6537,0.74422,0.1371,-1.05641,1.25572,-0.36307
-0.68809,0.7059,0.16802,-0.54363,0.84657,-0.42219
-0.7022,0.67986,0.21141,0.56867,-0.29931,-0.76312
-0.69591,0.67813,0.23629,1.77832,-1.60569,-0.45269
-0.67568,0.70248,0.22355,1.52883,-1.97817,-0.4449
-0.64503,0.74129,0.18549,1.47376,-1.74107,-0.43939
-0.61411,0.778,0.13257,1.31007,-1.38963,-0.44759
-0.58486,0.80655,0.08611,0.62833,-0.50712,-0.39771
-0.56008,0.8233,0.09204,0.02987,0.07927,0.26326
-0.56432,0.81441,0.13515,-0.65222,0.70796,0.91369
-0.60883,0.7824,0.13098,-0.30578,0.28618,0.24981
-0.65249,0.75369,0.07871,0.99617,-0.46238,-0.33022
-0.65583,0.7514,0.07266,1.72768,1.67011,0.73337
-0.62994,0.77502,0.05012,0.89295,0.61771,-1.01193
-0.61024,0.79159,0.0312,0.44468,-0.24489,-0.60659
-0.57658,0.81698,0.00958,0.16334,0.0055,-0.64441
-0.49235,0.86906,-0.04804,0.38422,1.54547,-0.1042
-0.37257,0.92262,-0.0998,0.37171,1.24764,-0.55639
-0.27031,0.95287,-0.1377,-1.05952,2.17958,-0.45221
-0.21141,0.95377,-0.21361,-2.26305,2.21782,0.97292
-0.17425,0.95423,-0.24306,-0.97903,1.12278,1.04697
-0.15055,0.95571,-0.25287,0.25547,0.56852,0.67349
-0.12105,0.95619,-0.26653,-0.31359,-0.10927,0.58901
-0.0827,0.95294,-0.29164,-0.12399,-1.14439,0.74907
-0.04338,0.94951,-0.31071,-0.29461,-1.55298,0.82859
-0.0257,0.9489,-0.31453,-0.96322,-1.36194,0.4098
-0.04022,0.94952,-0.31109,-0.63814,-0.96443,0.01501
-0.07374,0.94717,-0.31214,0.12643,-0.8867,-0.09202
-0.11453,0.94538,-0.30519,0.51115,-0.89496,0.28488
-0.14923,0.94726,-0.2836,0.45441,-0.95337,0.56636
-0.18015,0.95507,-0.23535,-0.04341,-0.64563,-0.05315
-0.2331,0.95574,-0.17949,-0.07073,-0.36664,0.34407
-0.31479,0.94063,-0.12694,-0.88785,1.0553,0.68699
-0.41238,0.90968,-0.04913,-0.43339,2.16884,-0.31823
-0.46455,0.88476,0.03734,0.24648,3.56806,0.23259
-0.48606,0.86747,0.10596,0.60752,2.12644,0.50517
-0.52602,0.84069,0.12859,-0.71147,1.69323,0.53227
-0.57071,0.81131,0.12672,-0.65071,1.43936,0.22639
-0.61203,0.77974,0.13193,-0.38048,1.02821,-0.11533
-0.64926,0.74626,0.14677,0.05797,0.19751,-0.46689
-0.66511,0.72678,0.17149,0.96908,-0.89891,-0.68605
-0.65826,0.72974,0.18483,1.402,-1.6079,-0.45978
-0.63319,0.75543,0.16849,1.38447,-2.07449,-0.5352
-0.60004,0.7902,0.12461,1.62115,-2.06594,-0.64297
-0.56771,0.81922,0.08108,1.74332,-1.58315,-0.47381
-0.53915,0.83954,0.06692,0.4867,-0.01719,0.05183
-0.52452,0.84568,0.09847,-0.42038,0.70277,1.13441
-0.55014,0.82601,0.12263,-0.99922,1.08216,1.30944
-0.60093,0.79353,0.09586,0.11502,-0.36784,-0.44131
-0.63641,0.76887,0.06174,1.1299,0.29869,-0.80166
-0.63412,0.77118,0.0563,1.98773,1.95749,0.73508
-0.62216,0.78203,0.03667,0.9246,-0.38788,-0.8306
-0.59711,0.80111,0.04085,0.68498,-0.75085,-0.89692
-0.52441,0.85135,0.01412,0.19048,-0.20405,-0.65557
-0.40195,0.91434,-0.0491,0.20146,2.0782,-0.70887
-0.29846,0.94909,-0.10077,-0.85042,1.95124,-0.71796
-0.24692,0.94984,-0.19193,-1.34194,1.83155,-0.06251
-0.20397,0.95176,-0.22923,-1.16755,1.45617,0.85859
-0.18616,0.95241,-0.24137,0.45742,0.96601,0.7599
-0.15196,0.95552,-0.25274,0.07719,0.34588,0.52734
-0.11092,0.95379,-0.27924,-0.32686,-0.69871,0.79658
-0.06923,0.94915,-0.30712,-0.33909,-1.385,0.88364
-0.0426,0.94785,-0.31586,-0.94233,-1.47606,0.43405
-0.0527,0.94995,-0.30793,-0.71032,-1.35849,0.12322
-0.0894,0.95056,-0.29737,-0.05043,-0.98001,-0.08521
-0.13598,0.94927,-0.28354,0.21533,-1.0102,0.1857
-0.17731,0.9496,-0.2585,0.15151,-1.04061,0.60817
-0.2146,0.95544,-0.20269,0.17018,-0.27477,0.08674
-0.2753,0.95183,-0.13503,0.10082,0.00015,0.28891
-0.37398,0.92376,-0.08247,-0.67421,1.93935,0.54364
-0.48004,0.87712,-0.01467,0.04654,3.58057,-0.15343
-0.50853,0.85828,0.0689,1.15235,2.55633,0.15779
-0.53261,0.83754,0.1218,-0.36623,1.22699,0.8572
-0.57168,0.8103,0.12878,-0.96679,1.33456,0.51334
-0.60852,0.78052,0.14315,-0.87656,1.22232,-0.29947
-0.64426,0.74622,0.16753,-0.13659,0.67245,-0.28678
-0.66806,0.71907,0.19139,0.54367,-0.30191,-0.5765
-0.67119,0.71163,0.20753,1.43912,-1.27049,-0.67998
-0.65364,0.73079,0.19671,1.59244,-2.0007,-0.53158
-0.6209,0.76685,0.16253,1.42837,-1.63461,-0.3696
-0.58785,0.80087,0.11417,1.31708,-1.28172,-0.3094
-0.55767,0.82734,0.06718,0.64216,-0.44597,-0.2377
-0.53519,0.84275,0.05774,0.1837,0.1413,0.27167
-0.53222,0.83859,0.11619,-0.3897,0.6424,1.15596
-0.57749,0.80764,0.11925,-0.3384,0.10405,-0.15727
-0.63246,0.77194,0.06398,1.0653,0.07895,-0.42743
-0.64698,0.75979,0.06424,1.71948,2.08024,1.01442
-0.63318,0.77251,0.04794,0.85854,-0.01023,-0.49286
-0.61774,0.78599,0.02482,0.49557,-0.54066,-1.01332
-0.58454,0.81125,0.01311,0.15994,-0.02863,-0.69957
-0.49268,0.86954,-0.03408,0.08867,1.98994,-0.32694
-0.36698,0.92561,-0.09257,-0.24167,1.59429,-0.75187
-0.27572,0.94974,-0.14819,-1.33244,2.07115,-0.15784
-0.22762,0.94455,-0.23664,-1.70301,1.54876,1.53823
-0.20596,0.94695,-0.24668,-0.4173,1.23667,0.80572
-0.18621,0.94816,-0.25753,0.73073,0.47431,0.60401
-0.15397,0.95072,-0.26913,-0.1571,-0.81302,0.76774
-0.11529,0.94744,-0.29843,0.00584,-1.23406,0.8569
-0.07458,0.94343,-0.32306,-0.3682,-1.50911,0.84672
-0.05622,0.94254,-0.32933,-0.8277,-1.22763,0.2526
-0.0711,0.9444,-0.32101,-0.52729,-1.05053,0.04621
-0.10596,0.94334,-0.31444,0.10945,-0.9396,-0.0333
-0.14787,0.94186,-0.30172,0.38067,-0.86213,0.63222
-0.18061,0.94356,-0.27763,0.33346,-0.76869,0.799
-0.20231,0.94991,-0.23818,0.06632,-0.40983,-0.49737
-0.23788,0.958,-0.16011,-0.12113,-0.09956,0.12135
-0.30184,0.94792,-0.10168,-1.05841,1.66346,0.49182
-0.40415,0.91348,-0.04686,-0.87444,2.39073,0.05347
-0.47542,0.87947,0.02207,0.62174,3.01402,0.5367
-0.48434,0.87108,0.08135,0.53402,1.80213,0.49716
-0.5166,0.84989,0.10394,0.27568,1.41271,0.80956
-0.55689,0.82359,0.10753,-0.75787,1.03818,-0.25914
-0.59466,0.79375,0.12775,-0.16427,0.80227,-0.24493
-0.62587,0.7658,0.14776,0.38133,-0.22284,-0.3439
-0.6345,0.75529,0.1641,0.8904,-1.14627,-0.60732
-0.62327,0.76348,0.16918,1.14789,-1.50516,-0.52544
-0.59329,0.79007,0.15424,1.30571,-1.93483,-0.395
-0.553,0.82436,0.12086,1.41952,-1.76247,-0.39462
-0.51163,0.85509,0.08388,0.67314,-0.35709,-0.30101
-0.47989,0.87472,0.06746,0.31583,0.13697,-0.04675
-0.468,0.87835,0.09727,-0.36023,0.63233,1.03736
-0.49997,0.85212,0.15461,-0.86305,0.93522,0.66962
-0.57001,0.80942,0.14109,0.21412,-0.28886,-0.53881
-0.6224,0.77672,0.09648,1.71081,2.18658,-0.37044
-0.61562,0.78137,0.10229,1.60993,-0.46611,0.19171
-0.60193,0.79446,0.08068,0.89549,-0.72069,-0.87011
-0.57437,0.81547,0.07134,0.43428,-0.08832,-1.02262
-0.49367,0.86852,0.0442,0.04579,1.84753,-0.39432
-0.36054,0.93244,-0.0236,-0.34373,2.01846,-0.75204
-0.24673,0.96405,-0.09855,-1.224,1.97071,-0.24288
-0.18554,0.96665,-0.17648,-1.70697,1.43105,0.97277
-0.16187,0.96533,-0.20475,-0.79571,0.99042,0.74058
-0.14863,0.96411,-0.21999,0.06841,0.35041,0.6601
-0.12178,0.96478,-0.23315,0.05043,-0.17006,0.51808
-0.08775,0.96079,-0.263,0.21596,-0.77904,0.58415
-0.04561,0.95375,-0.2971,0.1567,-1.27878,1.01863
-0.01009,0.95029,-0.31118,-0.89697,-1.10685,0.63867
-0.00331,0.95348,-0.30143,-1.02814,-1.16317,0.19292
-0.0251,0.9571,-0.28864,-0.1577,-1.15387,-0.16418
-0.06212,0.95826,-0.27906,0.22491,-1.24732,0.15304
-0.09962,0.96013,-0.26119,0.11821,-0.94641,0.46784
-0.13171,0.96442,-0.22922,-0.07839,-0.53214,-0.2475
-0.17523,0.97087,-0.16337,-0.62029,0.13734,0.40443
-0.25199,0.9615,-0.10961,-1.00443,1.98342,0.16131
-0.37063,0.92818,-0.03338,-0.53742,2.63269,-0.39394
-0.44502,0.89399,0.05219,0.55485,4.50622,0.37778
-0.45086,0.88435,0.12099,0.67399,1.78997,0.55405
-0.49067,0.85949,0.14322,-0.91107,1.3837,0.3376
-0.54264,0.82955,0.13183,-0.95834,1.05627,-0.03295
-0.58553,0.79779,0.14376,-0.13336,0.29194,-0.22736
-0.62013,0.7666,0.16657,0.627,-0.60504,-0.54746
-0.63465,0.74771,0.19528,1.00818,-1.02103,-0.71974
-0.62662,0.75146,0.20647,1.55421,-2.34004,-0.5433
-0.5975,0.78019,0.18516,1.49824,-2.21198,-0.52146
-0.55924,0.81705,0.14023,1.56104,-1.95578,-0.48619
-0.52181,0.84749,0.09729,0.74051,-0.39591,-0.18316
-0.49206,0.86613,0.0876,0.18577,0.08955,0.2773
-0.48358,0.86564,0.12965,-0.7213,0.48991,0.86107
-0.5206,0.84182,0.14248,-0.47708,0.09167,0.25378
-0.57651,0.80938,0.11191,0.90392,0.18926,-0.53654
-0.6096,0.78647,0.0992,1.18782,1.7411,-1.17179
-0.60963,0.78461,0.11286,0.98752,-0.45683,0.07366
-0.6114,0.78556,0.0952,0.54292,-0.90318,-1.13846
-0.59004,0.80424,0.07108,0.51998,-0.17559,-0.69226
-0.50442,0.86322,0.01994,0.12319,1.95093,-0.71617
-0.3772,0.92545,-0.03541,-0.42729,2.2407,-1.19469
-0.28572,0.95348,-0.09608,-1.20044,1.76945,0.12588
-0.23551,0.95524,-0.17898,-1.34249,1.32086,0.71731
-0.21082,0.95468,-0.21006,-0.28535,1.3793,0.92462
-0.1888,0.95496,-0.22891,0.66837,0.75514,0.69667
-0.14879,0.9583,-0.24395,0.11218,-0.00478,0.46835
-0.10521,0.95711,-0.26992,-0.06947,-0.53509,0.75672
-0.05924,0.95357,-0.29527,-0.88709,-1.53684,0.57685
-0.03076,0.95421,-0.29753,-1.12876,-1.49655,0.23699
-0.03627,0.95781,-0.28509,-0.66412,-1.18004,-0.03399
-0.06574,0.95828,-0.27815,0.07345,-1.07078,-0.08902
-0.1044,0.95678,-0.27143,0.30921,-0.92714,0.30347
-0.13935,0.95793,-0.2509,0.20586,-0.84396,0.60105
-0.1703,0.96481,-0.20033,-0.12809,-0.49023,-0.38677
-0.22116,0.96665,-0.12913,-0.25059,-0.17488,0.27553
-0.31047,0.94767,-0.0743,-0.82609,1.77607,0.5886
-0.42279,0.90622,-0.00165,-0.1964,3.30354,-0.32043
-0.46242,0.88331,0.07696,0.64798,2.81243,0.35036
-0.47554,0.86889,0.13742,-0.2035,1.27688,0.84155
-0.51182,0.84602,0.14925,-0.64388,1.38272,0.54681
-0.55561,0.81924,0.14193,-0.85504,1.37428,0.1791
-0.59821,0.78752,0.14814,0.0194,0.40191,-0.38097
-0.62973,0.75803,0.16977,0.46924,0.02421,-0.52487
-0.64148,0.74316,0.19028,1.19281,-1.20256,-0.48958
-0.63167,0.75129,0.19113,1.37034,-2.19444,-0.51985
-0.59862,0.78359,0.16625,1.30071,-2.26076,-0.58788
-0.55434,0.82427,0.11519,1.4776,-2.02397,-0.61277
-0.51547,0.85363,0.07481,0.73132,-0.42675,-0.2371
-0.48702,0.8699,0.0779,0.02368,0.04559,0.43619
-0.48415,0.86595,0.12537,-1.02202,0.61897,1.06175
-0.52765,0.83824,0.13756,-0.46838,-0.01489,0.32039
-0.58486,0.80434,0.10472,1.31611,-0.01997,-0.29222
-0.61082,0.78543,0.09999,1.8261,3.23145,0.47499
-0.60518,0.78923,0.10425,0.67016,-0.35657,-0.67438
-0.6058,0.79183,0.07743,0.5368,-0.79485,-1.12313
-0.58389,0.80957,0.06051,0.5056,-0.05429,-0.59041
-0.49975,0.86613,0.00703,0.15624,1.89542,-0.40739
-0.37809,0.92316,-0.06939,0.02682,2.02617,-0.56243
-0.27876,0.95219,-0.12501,-0.78044,2.21116,-0.56377
-0.22102,0.95673,-0.18923,-1.15996,1.34594,0.70217
-0.1899,0.95756,-0.2168,-0.26688,0.95204,0.64626
-0.16806,0.95572,-0.24156,0.71166,0.24966,0.70094
-0.13179,0.95783,-0.25532,-0.22006,-0.07305,0.49416
-0.09659,0.95415,-0.28332,-0.27876,-1.19061,0.9187
-0.05819,0.9499,-0.30707,-0.42071,-1.63067,0.82983
-0.0366,0.94917,-0.31263,-1.11272,-1.48019,0.39756
-0.04653,0.95232,-0.30152,-0.72509,-1.00075,0.06471
-0.0811,0.95287,-0.29231,-0.11232,-0.97254,0.04619
-0.1286,0.95215,-0.27723,0.24335,-0.80933,0.38138
-0.1712,0.95266,-0.25123,0.43577,-0.68074,0.52502
-0.20097,0.96213,-0.18417,0.31704,-0.29437,-0.06992
-0.24955,0.96002,-0.12678,-0.76858,0.64111,0.22121
-0.33732,0.93856,-0.07292,-0.70292,1.98022,-0.23601
-0.42737,0.90395,0.01479,-0.21263,2.6831,-0.37417
-0.46012,0.88233,0.09882,0.62658,2.11892,0.38285
-0.49248,0.85821,0.1447,0.37222,1.78156,0.48909
-0.54035,0.82861,0.14634,-0.81831,1.50888,0.31345
-0.58094,0.80094,0.14492,-0.70722,0.85054,-0.14407
-0.61736,0.76945,0.1637,-0.24413,0.3738,-0.28113
-0.64574,0.73992,0.18847,0.88856,-0.71294,-0.43823
-0.64914,0.72988,0.21418,1.43595,-1.51269,-0.5184
-0.63178,0.74292,0.22116,1.10068,-1.92309,-0.50662
-0.59868,0.77525,0.2014,1.08803,-2.02586,-0.55979
-0.56191,0.81096,0.16303,1.2348,-1.67322,-0.61796
-0.52855,0.83868,0.13131,1.04132,-0.92053,-0.34263
-0.50418,0.85436,0.12594,0.5309,-0.16045,0.00808
-0.50651,0.85001,0.14461,-0.37892,0.54963,0.86481
-0.55742,0.81697,0.14777,-0.77643,0.81158,0.47133
-0.61337,0.78291,0.10401,0.71713,-0.18286,-0.32771
-0.61001,0.77955,0.14209,2.04184,2.78751,0.53693
-0.60569,0.78343,0.1392,0.46132,0.38147,-1.2707
-0.60145,0.79252,0.10084,0.52833,-0.39345,-1.16285
-0.56952,0.81922,0.06719,0.40461,0.58419,-0.64429
-0.47702,0.87882,0.01143,0.18835,1.30914,-0.44738
-0.36125,0.93043,-0.06149,0.00713,1.55493,-0.69774
-0.26189,0.95629,-0.13006,-1.4854,2.26545,1.10859
-0.20206,0.96278,-0.1795,-1.43178,1.92159,0.84783
-0.18151,0.96437,-0.19247,-0.92748,0.96934,0.56761
-0.16172,0.96413,-0.21048,0.16417,-0.02742,0.50687
-0.1313,0.96525,-0.22594,0.0943,-0.22323,0.29653
-0.09434,0.96141,-0.25843,0.16324,-1.18869,0.53519
-0.05235,0.9553,-0.29096,-0.33178,-1.29758,1.01653
-0.02245,0.95331,-0.30114,-0.8081,-0.97023,0.40768
-0.02223,0.95677,-0.28999,-0.39637,-1.13943,0.1878
-0.04134,0.95899,-0.28038,0.22246,-1.12954,-0.02623
-0.0695,0.9593,-0.27368,0.41413,-1.14187,0.24785
-0.09786,0.96043,-0.26076,0.12544,-1.06477,0.31404
-0.12753,0.96309,-0.23702,-0.24402,-0.90215,0.45747
-0.16795,0.96871,-0.1827,-0.31998,-0.41003,-0.21472
-0.23351,0.96357,-0.13037,-1.19343,0.56595,0.37625
-0.34551,0.93491,-0.08101,-0.88136,2.24789,-0.09157
-0.45499,0.89034,-0.01646,-0.29347,3.32459,-0.18
-0.47843,0.87659,0.05183,0.81233,3.04036,0.58484
-0.48486,0.86833,0.10448,0.63862,1.56869,0.64653
-0.5247,0.84433,0.10859,-0.54833,1.53526,0.28747
-0.57495,0.8119,0.10114,-0.70524,1.2634,0.11773
-0.61047,0.78253,0.12228,-0.21161,0.62306,0.03633
-0.64273,0.75287,0.14171,0.32138,-0.15992,-0.38147
-0.65482,0.73762,0.16467,0.84357,-1.08638,-0.64153
-0.64318,0.74557,0.17446,1.36585,-1.76102,-0.30768
-0.60962,0.7775,0.15444,1.18093,-1.82645,-0.18486
-0.5631,0.81861,0.11305,1.07906,-1.58294,-0.32585
-0.51431,0.85443,0.07365,0.81675,-0.95776,-0.45909
-0.48094,0.87428,0.06574,0.47354,-0.17508,-0.13545
-0.47703,0.87251,0.10562,-0.10345,0.21016,0.73584
-0.51558,0.84766,0.12502,-0.51953,0.32415,0.69857
-0.57521,0.81158,0.10231,0.0425,-0.57657,-0.18457
-0.61813,0.78436,0.05187,1.98704,0.06693,-0.57421
-0.60504,0.79233,0.07834,1.72689,3.29445,0.95509
-0.59861,0.79981,0.0442,0.17928,0.2596,-0.84678
-0.58657,0.80981,0.01176,0.23866,-0.78121,-0.95462
-0.54364,0.839,-0.02303,0.45907,-0.29011,-0.31309
-0.45511,0.88678,-0.08063,0.35391,1.70096,-0.33678
-0.36153,0.92556,-0.11238,-0.00607,1.96156,-1.16939
-0.30506,0.93861,-0.16106,-0.74683,0.81531,0.19247
-0.26109,0.93488,-0.24048,-0.866,0.58298,0.77048
-0.22937,0.93338,-0.27601,-0.30585,0.67399,0.86326
-0.20237,0.93421,-0.29376,0.12656,0.12623,0.59997
-0.16185,0.9388,-0.30406,-0.17956,-0.12149,0.43022
-0.12192,0.93987,-0.31903,-0.43349,-0.70554,0.46135
-0.08698,0.94074,-0.32777,-0.4579,-1.21929,0.76059
-0.07082,0.94185,-0.32849,-0.52734,-1.31009,0.59399
-0.08043,0.94105,-0.32855,-0.20312,-1.41668,-0.0172
-0.10774,0.93768,-0.33038,-0.13753,-1.25257,0.12681
-0.14386,0.93476,-0.32484,-0.17153,-0.82784,0.80423
-0.17843,0.93549,-0.30499,-0.04787,-0.53163,0.39751
-0.22153,0.9369,-0.27042,0.42005,-0.18767,0.19691
-0.28574,0.9292,-0.23436,-0.7396,1.18762,-0.3325
-0.39309,0.89644,-0.20464,-1.21063,2.43683,0.07418
-0.48971,0.85549,-0.16826,0.79914,4.09383,0.66122
-0.53512,0.83537,-0.12572,1.12133,1.83344,0.99158
-0.55534,0.82635,-0.09341,1.18365,1.40408,0.96501
-0.57975,0.80771,-0.10714,0.34822,1.20089,-0.23569
-0.62108,0.77298,-0.12946,-0.40963,0.99757,0.22555
-0.66519,0.73063,-0.15393,-0.07247,0.24541,0.09593
-0.69528,0.70099,-0.15872,0.39806,0.05365,0.26225
-0.71484,0.68252,-0.15219,0.61818,-0.46118,-0.0049
-0.71669,0.68464,-0.13271,1.0717,-1.15213,-0.08668
-0.69215,0.7109,-0.12467,1.15941,-1.41445,0.07659
-0.64615,0.75064,-0.13794,1.05153,-1.45375,0.17877
-0.58926,0.78886,-0.17454,0.78204,-1.34555,0.04868
-0.53648,0.81962,-0.20101,0.66196,-1.04186,0.0583
-0.50497,0.84213,-0.18926,0.51139,-0.52881,0.21134
-0.50108,0.84842,-0.17055,-0.04253,-0.21338,0.39999
-0.51846,0.83639,-0.17787,-0.37619,0.00383,0.25176
-0.5635,0.80171,-0.19932,-0.1701,-0.32873,0.16601
-0.61633,0.77123,-0.15918,1.77075,2.96318,4.78457
-0.64743,0.74045,-0.18043,-0.39666,3.18669,-3.60951
-0.65209,0.72478,-0.22241,0.80195,0.28979,-0.49832
-0.63063,0.73394,-0.25226,0.47118,-0.76111,0.77854
-0.58453,0.7683,-0.26083,0.30071,1.45561,-0.16966
-0.53012,0.80366,-0.27035,0.16379,2.35655,-0.75375
-0.49693,0.80963,-0.31234,0.28027,0.60226,0.19271
-0.45147,0.80474,-0.38544,0.46532,0.62701,0.47444
-0.40741,0.80504,-0.4312,0.3723,0.44421,-0.03287
-0.37007,0.81234,-0.45072,0.26323,0.26841,0.41666
-0.31877,0.82211,-0.47172,-0.11539,0.03916,0.56921
-0.27192,0.82898,-0.48872,-0.08776,-0.45986,0.39254
-0.23842,0.8294,-0.50521,-0.07103,-0.67539,0.44319
-0.20129,0.82724,-0.52454,-0.25875,-0.83493,0.50277
-0.16915,0.82699,-0.53617,-0.43392,-0.76673,0.50394
-0.14984,0.83052,-0.53644,-0.49176,-0.64856,0.58088
-0.14043,0.83272,-0.53558,-0.2538,-0.37702,0.43045
-0.14319,0.83432,-0.53235,-0.13782,-0.38692,0.41919
-0.15328,0.83906,-0.522,-0.08175,-0.42857,0.71873
-0.16442,0.85179,-0.49741,-0.10824,-0.57339,0.62573
-0.18624,0.86676,-0.46264,0.05782,-0.49822,0.20006
-0.22255,0.87079,-0.43841,0.49036,-0.05552,0.58065
-0.28511,0.8629,-0.41727,-0.28966,1.51497,0.32701
-0.36526,0.84368,-0.39343,-0.35271,2.35577,0.19666
-0.39889,0.84499,-0.35618,0.07321,2.52847,1.16232
-0.4189,0.85106,-0.31656,0.56009,1.65237,0.54224
-0.4484,0.84902,-0.27946,0.54023,1.73953,0.40664
-0.4696,0.84625,-0.25164,-0.18865,1.58424,0.42365
-0.49379,0.8373,-0.23473,-0.49394,0.95122,0.25964
-0.51691,0.82938,-0.21197,-0.15109,0.65648,0.32675
-0.53232,0.82446,-0.19205,0.41359,-0.05318,0.21612
-0.53418,0.82749,-0.17293,0.52585,-0.55895,0.0569
-0.52106,0.83815,-0.16125,0.72838,-0.82642,0.00507
-0.48908,0.85579,-0.16856,0.81687,-1.05069,0.07233
-0.43364,0.88072,-0.19049,0.71123,-1.31875,0.16745
-0.36411,0.90492,-0.22031,0.25008,-1.44092,-0.12959
-0.30014,0.9217,-0.24572,-0.24134,-1.14517,-0.23383
-0.26987,0.9282,-0.25612,-0.48309,-0.67509,0.10652
-0.273,0.92685,-0.2577,-0.52054,-0.59468,0.32811
-0.2909,0.91667,-0.27403,-0.16416,-0.77023,-0.07101
-0.3171,0.90314,-0.28943,0.61987,-0.63822,0.55014
-0.34965,0.90424,-0.24514,1.20055,1.04168,2.62899
-0.32336,0.91061,-0.25734,-0.30595,1.90354,-1.84288
-0.28565,0.91448,-0.28656,0.16601,1.93247,-0.98707
-0.25405,0.91327,-0.31841,-0.11547,0.31349,0.05565
-0.20128,0.91252,-0.35608,-0.33157,0.92281,0.1748
-0.15866,0.90916,-0.38502,-0.41397,1.02457,0.29196
-0.12667,0.90374,-0.40892,-0.1639,0.13005,0.44006
-0.08806,0.90162,-0.42346,-0.01207,-0.01722,0.08407
-0.05125,0.90234,-0.42797,0.07194,-0.3364,-0.00111
-0.01542,0.89538,-0.44504,0.07595,-0.42332,0.18022
0.02029,0.88305,-0.46884,-0.05416,-0.57351,0.87366
0.06136,0.87987,-0.47124,-0.36896,-0.60216,0.68752
0.09631,0.87926,-0.46649,-0.68887,-0.56119,0.29732
0.12229,0.87792,-0.46292,-0.85453,-0.29235,0.37447
0.14008,0.87665,-0.46028,-0.76351,-0.29522,0.27326
0.15614,0.87197,-0.46399,-0.37479,-0.17223,0.17078
0.17462,0.86306,-0.47395,-0.58267,0.35967,0.44862
0.19114,0.85931,-0.47439,-1.08103,0.4149,0.7042
0.19847,0.86183,-0.46675,-1.12998,0.25449,0.63964
0.19296,0.86903,-0.45558,-0.87996,-0.02752,0.36255
0.17003,0.88718,-0.42896,-0.70932,-0.32298,-0.11549
0.12146,0.90478,-0.40818,-0.55893,-0.48523,0.24319
0.05963,0.91811,-0.39181,-0.08276,0.54165,0.82781
-0.00522,0.93772,-0.34734,-0.2323,1.11832,0.66347
-0.07007,0.95766,-0.27922,-0.17671,1.49601,0.73231
-0.13215,0.96771,-0.21463,-0.06725,1.8595,0.5842
-0.16996,0.97359,-0.15243,0.50207,1.59448,0.40107
-0.20483,0.97393,-0.09744,0.33465,1.37623,0.39359
-0.28395,0.95757,-0.04922,-0.47554,1.19448,0.46746
-0.37833,0.92566,0.00356,-1.35461,0.6317,-0.26308
-0.4434,0.89343,0.0719,-0.90736,0.86865,-0.04589
-0.48514,0.86393,0.13513,-0.32564,0.77929,-0.26823
-0.50602,0.83983,0.19652,0.6918,-0.91676,-0.24422
-0.50555,0.82992,0.23587,0.81839,-1.33805,-0.18309
-0.4889,0.83759,0.24375,0.81135,-1.31256,-0.27349
-0.46172,0.85492,0.23646,0.80852,-1.09306,-0.58302
-0.43347,0.87465,0.21697,1.03096,-1.28732,-0.2754
-0.40847,0.89471,0.18067,0.81583,-1.33622,-0.02865
-0.38382,0.91298,0.13836,0.28578,-1.0684,0.03319
-0.35896,0.92607,0.11633,-0.10428,-0.80026,0.16464
-0.34388,0.93244,0.11082,-0.20242,-0.68939,0.15401
-0.34917,0.93237,0.0936,0.03163,-0.45373,-0.11427
-0.36514,0.92863,0.06569,0.40623,-0.22819,-0.01973
-0.3726,0.92531,0.0705,0.54995,1.0555,0.73464
-0.35341,0.93302,0.0675,0.43182,1.29813,-0.16063
-0.32913,0.94247,0.05834,0.11653,0.33579,-0.682
-0.29584,0.95387,0.051,0.19999,0.56194,-0.31113
-0.23485,0.97165,0.02716,0.1543,0.79161,-0.31452
-0.15759,0.98745,0.01,-0.02786,0.72289,-0.32282
-0.07464,0.99714,-0.01133,-0.3063,0.66897,-0.32298
0.00463,0.99828,-0.05837,-1.35999,1.10099,-0.42695
0.06788,0.98959,-0.12689,-1.69359,1.09287,-0.43451
0.10918,0.9793,-0.17041,-0.98714,0.97659,1.09728
0.13984,0.97386,-0.179,0.1068,0.56611,0.45267
0.17704,0.96588,-0.18902,-0.5574,0.30118,0.72229
0.21297,0.9561,-0.20127,-0.66634,-0.46829,0.5635
0.24925,0.94273,-0.22163,-0.76862,-1.00264,0.613
0.27381,0.93322,-0.23265,-1.02916,-1.33349,0.36008
0.27054,0.9333,-0.23612,-1.24267,-1.38433,0.21578
0.23589,0.94421,-0.22983,-0.78344,-1.13793,0.06572
0.18201,0.95859,-0.219,-0.1933,-1.05334,0.0104
0.12842,0.9711,-0.20118,0.00705,-0.98873,0.31537
0.08401,0.98363,-0.15937,0.12674,-0.80428,0.24625
0.03274,0.99463,-0.09815,-0.23691,0.24826,0.20541
-0.04299,0.99788,-0.04867,-0.47111,0.94685,0.43421
-0.14335,0.98941,0.02266,-0.48286,2.58057,-0.09304
-0.19886,0.9748,0.10107,0.01693,2.66545,0.28042
-0.2296,0.95907,0.16573,-0.2475,1.47335,0.14703
-0.27432,0.93914,0.20675,-0.8683,1.62034,0.33857
-0.32311,0.91712,0.23343,-0.97627,1.38745,-0.08217
-0.36597,0.89508,0.25472,-0.52737,0.98686,-0.1545
-0.40762,0.87245,0.26955,0.05529,0.01503,-0.43309
-0.43024,0.85705,0.28346,0.52262,-0.50211,-0.39996
-0.42444,0.85608,0.29489,1.33664,-1.57752,-0.64626
-0.39931,0.87128,0.28534,0.90686,-2.11068,-0.42976
-0.36108,0.89696,0.25511,0.96893,-2.11322,-0.50859
-0.31975,0.9231,0.21362,1.12778,-1.84017,-0.46202
-0.27893,0.94408,0.17579,0.22717,-0.71442,-0.37298
-0.24126,0.9556,0.16913,-0.2579,-0.09588,0.17465
-0.23529,0.95416,0.18494,-0.82617,0.36893,0.37922
-0.27763,0.94258,0.18562,-0.47619,0.19512,0.14084
-0.33565,0.92699,0.16735,0.72193,0.52517,-0.8019
-0.35714,0.91881,0.16798,0.99357,1.86758,0.98221
-0.35895,0.91807,0.16818,0.79987,-0.55246,-0.24438
-0.35409,0.91981,0.16901,0.44288,-0.87635,-0.95542
-0.3165,0.93454,0.16267,0.23389,0.59089,-0.76318
-0.20362,0.97043,0.12956,-0.0337,2.22966,-0.87066
-0.08421,0.9923,0.09069,-0.21483,1.62287,-0.92277
0.00287,0.99997,0.00673,-1.25713,1.04946,-0.1397
0.0593,0.99624,-0.06313,-1.60613,0.80827,0.36938
0.09438,0.99082,-0.09673,-1.13521,1.01447,0.48001
0.11644,0.98564,-0.12227,0.03752,0.75368,0.59601
0.14329,0.98086,-0.1318,-0.29683,0.36295,0.55975
0.17045,0.97433,-0.14706,-0.54314,-0.48269,0.54806
0.20151,0.96602,-0.16181,-0.64794,-1.22583,0.61461
0.22512,0.95949,-0.1694,-1.09383,-1.44171,0.40486
0.22582,0.95959,-0.16786,-1.06614,-1.44438,0.14552
0.20175,0.96583,-0.16267,-0.5515,-1.08422,-0.09769
0.16301,0.97427,-0.15563,-0.08432,-1.07102,0.04424
0.12377,0.98226,-0.1408,0.0996,-0.94573,0.21839
0.08902,0.99159,-0.09389,0.06984,-0.51005,-0.26127
0.03433,0.99864,-0.03908,-0.3982,-0.01762,0.01605
-0.05859,0.99827,0.004,-0.81692,1.94054,0.72711
-0.16027,0.98307,0.08871,-0.17625,2.98972,-0.1839
-0.19329,0.96586,0.17242,0.38287,2.30281,0.16028
-0.2166,0.94863,0.23058,-0.38449,1.54289,0.40725
-0.2682,0.92706,0.26195,-1.40801,1.73775,0.177
-0.31735,0.90338,0.28842,-1.29181,1.21117,-0.4071
-0.34814,0.88196,0.31768,-0.29058,0.76141,-0.24107
-0.36545,0.86644,0.34018,0.54567,-0.13198,-0.4789
-0.36468,0.85966,0.35775,1.20746,-1.57975,-0.48228
-0.3506,0.86585,0.35687,0.96089,-1.85598,-0.45795
-0.32707,0.88448,0.33271,0.59526,-2.10314,-0.56211
-0.30112,0.90785,0.29177,0.97676,-1.88093,-0.64742
-0.27547,0.92761,0.25227,0.88596,-1.68533,-0.55431
-0.2457,0.94168,0.22992,0.09537,-0.51645,-0.31799
-0.22105,0.94511,0.24059,-0.52085,0.27696,0.49499
-0.24076,0.93644,0.25513,-0.71815,0.60883,0.73351
-0.29798,0.92067,0.25212,-0.42649,0.27732,0.28832
-0.34319,0.91064,0.23008,1.39737,0.78353,-0.73826
-0.32172,0.90993,0.26174,1.1938,2.02931,-0.27799
-0.31178,0.91561,0.25385,0.06535,-0.43027,-1.11685
-0.29494,0.9238,0.24409,-0.17215,-1.07049,-1.09991
-0.24462,0.94621,0.21172,-0.11767,0.82173,-0.62081
-0.13653,0.9782,0.15643,-0.41218,2.23695,-1.14879
-0.01961,0.99402,0.10739,-1.40816,2.05472,-0.27124
0.0501,0.99831,0.02925,-1.77779,0.71321,0.52846
0.08751,0.99616,0.00044,-0.98805,0.81245,0.18319
0.10126,0.99449,-0.02702,0.36712,0.83333,0.58488
0.13597,0.98974,-0.04381,-0.31358,0.23991,0.46555
0.17066,0.98304,-0.06699,-0.70283,-0.50357,0.39707
0.20209,0.97448,-0.09769,-0.29349,-1.30927,0.63254
0.23265,0.9652,-0.11936,-0.82358,-1.36437,0.48482
0.24316,0.96221,-0.1225,-1.32949,-1.27272,0.04755
0.22353,0.96723,-0.12036,-0.74521,-1.01842,-0.16277
0.1834,0.97632,-0.1147,-0.23659,-1.08687,0.00505
0.13798,0.98571,-0.09658,-0.09013,-0.94338,0.33071
0.0976,0.99435,-0.04165,-0.03154,-0.41908,-0.39484
0.04187,0.99894,0.01866,-0.47159,-0.06085,0.05134
-0.04014,0.99668,0.07073,-0.95295,1.67364,0.36237
-0.13591,0.9773,0.1625,-0.32866,2.45204,-0.37183
-0.17968,0.95087,0.2521,0.2903,2.5398,-0.01281
-0.20308,0.9275,0.31382,-0.28839,1.49607,0.30709
-0.25332,0.9072,0.33587,-1.05421,1.34686,0.28332
-0.30055,0.88983,0.3433,-1.21746,1.0891,-0.21551
-0.33854,0.87132,0.3552,-0.72258,0.73216,-0.22723
-0.37258,0.85363,0.36398,0.2147,-0.14571,-0.42149
-0.38932,0.84217,0.37305,0.87426,-0.85622,-0.6543
-0.38788,0.84484,0.36848,1.06357,-1.54435,-0.70778
-0.37097,0.86242,0.34439,0.95896,-1.80309,-0.63794
-0.34449,0.88905,0.3015,1.09057,-1.77909,-0.56131
-0.31429,0.91417,0.25593,1.15102,-1.49843,-0.36202
-0.28022,0.93206,0.22961,0.59463,-0.86744,-0.19267
-0.25205,0.93896,0.23411,-0.01747,-0.23687,0.10832
-0.26392,0.93513,0.23634,-0.60729,0.32486,0.49399
-0.31405,0.92449,0.21604,-0.57111,0.10504,-0.25728
-0.34812,0.91251,0.21477,0.87415,1.8649,0.62837
-0.33865,0.91278,0.22831,0.9187,1.69534,-0.20028
-0.32738,0.91745,0.22602,0.5477,0.54054,-0.45827
-0.30058,0.92831,0.21881,-0.16804,-0.38018,-1.10248
-0.2192,0.96221,0.1615,-0.06017,0.59208,-0.7513
-0.09438,0.99007,0.10408,-0.17422,1.98016,-1.01971
0.00826,0.99882,0.04764,-1.14962,2.04012,-0.99617
0.06838,0.99658,-0.04621,-1.00536,0.96802,1.08452
0.0988,0.99329,-0.05997,-0.4218,1.00172,0.46285
0.13004,0.98833,-0.07929,-0.10776,0.21187,0.40899
0.1677,0.98104,-0.09706,-0.74488,-0.38101,0.34878
0.19604,0.97214,-0.12846,-0.33873,-1.20578,0.56245
0.22563,0.96155,-0.15656,-0.22753,-1.4122,0.68454
0.23923,0.95587,-0.17049,-1.32113,-1.05972,0.23667
0.22271,0.96035,-0.16771,-0.94378,-1.05811,0.01706
0.18252,0.96963,-0.16277,-0.24805,-1.01174,-0.21122
0.13166,0.97961,-0.15173,-0.02982,-1.0888,-0.07131
0.08875,0.98764,-0.12915,0.04964,-0.86357,0.31119
0.05259,0.9961,-0.07083,-0.02026,-0.31677,0.05272
-0.01112,0.99968,-0.02265,-1.02117,0.82622,0.38692
-0.11218,0.99296,0.03794,-0.93714,2.05811,-0.42251
-0.20413,0.97216,0.11496,-0.54018,2.99082,-0.31177
-0.2264,0.95579,0.18758,0.37062,2.37154,0.24775
-0.2609,0.93746,0.23039,-0.43929,1.50878,0.53896
-0.31321,0.91932,0.23819,-0.81466,1.54993,0.42852
-0.35477,0.90239,0.24457,-0.93104,0.73174,-0.34209
-0.3835,0.88494,0.26419,-0.17825,0.34185,-0.36493
-0.4047,0.87002,0.28154,0.59916,-0.58474,-0.50622
-0.40556,0.86655,0.29086,1.12771,-1.48708,-0.70159
-0.38432,0.87896,0.28234,1.12494,-2.01636,-0.38394
-0.34703,0.90303,0.25316,0.88263,-1.96584,-0.35886
-0.30402,0.92862,0.21266,0.8753,-1.70733,-0.5328
-0.26513,0.94649,0.18396,0.7209,-0.89715,-0.47087
-0.23436,0.95285,0.19272,0.0853,0.03129,0.18427
-0.2349,0.94516,0.2269,-0.70587,0.66141,1.16567
-0.2979,0.92588,0.23233,-0.73963,0.10206,-0.20432
-0.36132,0.91091,0.1992,0.56179,-0.54959,-0.63671
-0.3581,0.90615,0.22503,1.49613,1.46305,0.77008
-0.34928,0.91223,0.21406,0.7058,0.31947,-0.7449
-0.33228,0.92148,0.2011,0.06864,-0.37888,-1.54262
-0.27206,0.94915,0.15838,-0.04747,0.08433,-0.84286
-0.16424,0.98285,0.08376,-0.21223,2.01066,-0.51389
-0.05195,0.99821,0.02922,-0.96566,2.01839,-1.0567
0.01739,0.99903,-0.04035,-1.80546,1.17086,1.27749
0.05851,0.99542,-0.07546,-1.2993,0.89696,0.16318
0.0765,0.99182,-0.10213,-0.27346,0.73902,0.53516
0.11545,0.98609,-0.11954,0.10597,0.19798,0.52126
0.15418,0.97761,-0.14318,-0.8196,-0.15789,0.44896
0.18546,0.96724,-0.17334,-0.40464,-0.94522,0.60862
0.21152,0.9589,-0.18913,-0.46875,-1.29192,0.66361
0.21498,0.95837,-0.18786,-1.07164,-1.20801,0.16051
0.18935,0.96569,-0.17772,-0.51114,-1.07544,-0.1933
0.1458,0.97496,-0.16785,-0.25077,-1.2685,-0.00963
0.10025,0.98382,-0.14847,-0.24757,-1.03179,0.53801
0.06082,0.99172,-0.11306,-0.2637,-0.52811,0.06137
0.01628,0.99941,-0.02999,-0.0885,-0.02212,0.22005
-0.06506,0.99701,0.04143,-0.82832,1.20781,0.13858
-0.18119,0.97691,0.11313,-0.74569,2.05527,-0.25291
-0.24142,0.95097,0.1933,-0.13595,3.58637,-0.00534
-0.25934,0.93058,0.25834,-0.62997,1.11674,0.38349
-0.30478,0.90694,0.29078,-1.29135,1.3703,0.51983
-0.35098,0.88633,0.30201,-1.39933,1.04693,-0.25497
-0.37759,0.86808,0.32224,-0.42563,0.79837,-0.23438
-0.40006,0.85087,0.34051,0.28728,0.09136,-0.51717
-0.40909,0.84038,0.35551,0.85764,-1.03055,-0.84783
-0.3998,0.84649,0.35155,1.41964,-1.89083,-0.65999
-0.37302,0.8692,0.32455,1.15757,-2.03346,-0.58812
-0.33947,0.89799,0.27991,1.13517,-1.64529,-0.49289
-0.30911,0.92301,0.22911,1.08848,-1.27332,-0.24431
-0.27714,0.94176,0.19041,0.46632,-0.58547,-0.07689
-0.24412,0.9497,0.19611,-0.29331,-0.0528,0.47575
-0.24818,0.94471,0.21426,-1.0047,0.39385,0.36486
-0.29922,0.93186,0.20514,-0.64416,-0.25884,-0.25877
-0.35155,0.9198,0.17427,0.81729,-0.01268,-0.63561
-0.34236,0.91902,0.19538,1.42773,1.83626,0.23652
-0.32649,0.92747,0.18215,0.71742,0.07975,-0.33219
-0.31411,0.93434,0.16828,0.15384,-0.7778,-1.05766
-0.26996,0.95252,0.14078,0.10173,-0.13668,-0.80124
-0.16607,0.98191,0.09084,0.13221,2.15802,-0.54317
-0.04842,0.99733,0.05457,-0.61499,1.67764,-0.93694
0.03862,0.99888,-0.02718,-1.70782,1.64637,-0.17925
0.10103,0.99096,-0.08815,-2.16655,1.15416,0.59719
0.13092,0.98448,-0.11681,-1.03529,0.99228,0.78166
0.16365,0.97788,-0.13024,-0.24629,0.55786,0.55168
0.19534,0.96977,-0.14621,-0.76763,0.05325,0.46574
0.23166,0.95799,-0.16907,-0.57616,-1.08355,0.67916
0.26692,0.94674,-0.18008,-0.5872,-1.52805,0.59134
0.27838,0.94337,-0.18042,-1.22123,-1.41892,0.12889
0.25653,0.95016,-0.17711,-0.97232,-1.21324,-0.11716
0.21597,0.96013,-0.17749,-0.3962,-1.11474,-0.1514
0.16862,0.97057,-0.17188,-0.20899,-1.11012,0.26756
0.12682,0.9816,-0.14271,0.00053,-0.68953,0.56685
0.08408,0.99369,-0.0741,0.07666,-0.3012,-0.17488
0.01962,0.99953,-0.02321,-0.47939,0.37191,0.08727
-0.07296,0.99645,0.04193,-0.67002,1.60779,-0.12289
-0.15046,0.98042,0.12695,-0.14641,2.70158,0.11381
-0.18065,0.9644,0.19307,-0.1509,2.20479,0.20971
-0.2223,0.94813,0.2272,-0.60345,1.41168,0.67532
-0.27303,0.93287,0.23492,-1.02653,1.2513,-0.06387
-0.31754,0.91613,0.24467,-0.81016,1.04843,-0.24847
-0.36575,0.89542,0.25383,-0.35024,0.64962,-0.35684
-0.40032,0.87725,0.26489,0.69206,-0.84739,-0.65021
-0.40673,0.87065,0.27661,1.01858,-1.12233,-0.57237
-0.38819,0.88,0.27368,1.0408,-2.1178,-0.51695
-0.34944,0.90186,0.25399,1.09892,-2.0487,-0.57603
-0.31222,0.92453,0.21849,1.25353,-1.6195,-0.52816
-0.28203,0.94097,0.18715,0.66687,-0.8069,-0.22015
-0.25326,0.94896,0.18791,-0.09028,-0.02523,0.30924
-0.25877,0.94345,0.20716,-1.07958,0.57353,0.75181
-0.31845,0.92745,0.19598,-0.62167,-0.18961,-0.57912
-0.36585,0.91426,0.17396,1.24216,0.74679,-0.70135
-0.35228,0.91476,0.19771,1.24459,1.76112,-0.18187
-0.33974,0.92394,0.17579,0.30531,-0.22302,-0.6796
-0.31252,0.93679,0.15728,-0.30856,-0.85825,-1.14705
-0.23609,0.96642,0.10137,-0.23416,0.54371,-0.53641
-0.10326,0.99362,0.04521,-0.43658,2.13939,-0.94873
0.00832,0.99995,-0.00452,-1.57569,2.36756,-0.44737
0.06398,0.99602,-0.06194,-1.67587,0.7574,0.8348
0.08304,0.99315,-0.0822,-0.55746,0.87912,0.47309
0.10745,0.98857,-0.10565,0.89668,0.38578,0.67227
0.15178,0.9797,-0.13092,-0.41953,-0.1014,0.42997
0.19455,0.96823,-0.15706,-0.50464,-0.98213,0.57013
0.22901,0.95738,-0.17597,-0.75692,-1.48254,0.52639
0.24358,0.95254,-0.18254,-1.18254,-1.38479,0.02402
0.22706,0.95667,-0.18224,-0.85966,-1.05958,0.05593
0.18693,0.96623,-0.17731,-0.25322,-1.11273,0.08428
0.14032,0.97711,-0.15988,-0.06189,-1.11457,0.20239
0.10182,0.9856,-0.13499,-0.13983,-0.87138,0.3963
0.06389,0.99456,-0.08217,-0.23294,-0.45327,-0.36117
0.00055,0.9999,-0.0138,-0.36002,0.2922,0.34332
-0.1001,0.99375,0.0493,-0.9048,1.05055,0.27823
-0.18588,0.97429,0.12729,-0.55415,3.76314,-0.28149
-0.20042,0.961,0.19052,0.10995,1.88837,-0.03311
-0.2306,0.94452,0.23384,0.08138,1.39918,0.38566
-0.27458,0.93155,0.23835,-0.85655,1.40546,0.34102
-0.31403,0.91997,0.23456,-0.92339,0.81213,-0.25438
-0.3466,0.90582,0.24361,-0.51526,0.47121,-0.47417
-0.36363,0.89572,0.25583,0.53618,-0.61891,-0.574
-0.36218,0.89731,0.25227,1.18557,-1.71618,-0.42529
-0.32919,0.91512,0.23274,1.10037,-2.25651,-0.57034
-0.2788,0.93943,0.19932,0.97396,-2.16175,-0.66787
-0.23225,0.95898,0.16249,1.10669,-1.60386,-0.51232
-0.1959,0.97038,0.14131,0.68215,-0.73793,-0.27773
-0.17394,0.97273,0.15341,0.10917,-0.1332,0.25971
-0.19663,0.96445,0.17655,-0.89659,0.51897,1.13857
-0.26365,0.94733,0.18176,-1.19311,0.08471,-0.1132
-0.32891,0.93219,0.15109,-0.03068,-0.94902,-0.68789
-0.33731,0.92664,0.16599,1.51137,0.8819,-0.69729
-0.32473,0.93333,0.15307,1.2181,1.96929,-0.185
-0.30642,0.94126,0.14184,0.01444,-0.83935,-0.92173
-0.25335,0.96066,0.11371,-0.02965,0.21443,-0.32303
-0.14419,0.98765,0.06119,0.07371,1.96671,-0.44606
-0.02597,0.9991,0.03337,-0.76883,1.77595,-0.94499
0.05323,0.99774,-0.04085,-1.64156,1.5204,0.13952
0.10283,0.98825,-0.11299,-2.11332,0.85795,0.79833
0.12458,0.98422,-0.12565,-0.58903,0.51343,0.62833
0.15356,0.97818,-0.13989,-0.04919,0.15596,0.45215
0.19022,0.96829,-0.16192,-0.65401,-0.29658,0.66627
0.22352,0.95722,-0.18375,-0.19629,-1.14888,0.61171
0.25171,0.94752,-0.19707,-0.38288,-1.43887,0.40436
0.2621,0.94327,-0.20381,-0.94458,-1.25998,0.16136
0.24541,0.94789,-0.20317,-0.96476,-1.07592,0.01825
0.20984,0.95763,-0.19724,-0.54808,-1.02306,0.02393
0.16887,0.96985,-0.17567,-0.48996,-1.05103,0.28736
0.11955,0.98533,-0.12177,-0.26193,-0.47231,-0.13428
0.04781,0.99522,-0.08505,-0.65361,0.3485,0.31148
-0.04611,0.9985,-0.02933,-0.71425,2.08489,-0.19388
-0.13245,0.98985,0.05151,-0.08325,3.26081,-0.07931
-0.14931,0.98063,0.12675,0.50728,1.83294,0.34354
-0.16258,0.97156,0.17212,-0.08098,1.45346,0.30611
-0.19906,0.96141,0.18987,-1.37858,1.40666,0.20849
-0.25276,0.94748,0.19593,-1.18639,0.73363,-0.32761
-0.2973,0.93194,0.20757,-0.50901,0.39179,-0.32566
-0.32858,0.91728,0.22497,0.30267,-0.35915,-0.50233
-0.33517,0.91189,0.23688,1.00392,-1.36922,-0.72702
-0.31643,0.91996,0.23137,1.19462,-2.08666,-0.67997
-0.2784,0.93793,0.20681,1.22134,-2.24259,-0.5522
-0.23788,0.95631,0.1699,1.32851,-2.00531,-0.35301
-0.20062,0.97032,0.13499,0.74475,-1.00444,-0.17303
-0.1721,0.97621,0.13185,-0.04914,-0.15169,0.20804
-0.17855,0.97077,0.16033,-0.88384,0.58109,1.15383
-0.23979,0.95579,0.17017,-1.17119,0.42602,0.332
-0.31327,0.9373,0.15271,0.24776,0.78526,-1.17581
-0.3409,0.92729,0.15464,1.478,1.38366,-0.34756
-0.3438,0.92915,0.13592,1.15453,-0.70559,-0.29304
-0.31375,0.94172,0.12129,0.71245,-0.9866,-1.14799
-0.20416,0.97578,0.07844,0.38756,0.73579,-0.86747
-0.05238,0.99774,0.04198,0.073,2.31316,-0.88154
0.06134,0.99763,-0.03109,-1.22344,2.40186,-0.61585
0.12442,0.98295,-0.13534,-2.09157,1.08059,1.2321
0.15613,0.97761,-0.14108,-1.62655,1.18817,0.80983
0.17459,0.97374,-0.14609,-0.22268,0.22736,0.46306
0.20781,0.9652,-0.15876,-0.47174,-0.04344,0.50522
0.24292,0.95119,-0.19034,-0.3522,-1.0226,0.70777
0.27662,0.93532,-0.22057,-0.61136,-1.37265,0.85111
0.29337,0.92801,-0.2296,-1.14434,-1.25123,0.52315
0.27768,0.93436,-0.22327,-0.98492,-1.07421,-0.07908
0.23912,0.9467,-0.2158,-0.23373,-1.07109,-0.19321
0.1933,0.95962,-0.20432,-0.22038,-1.15976,0.29381
0.15442,0.9721,-0.17653,-0.32619,-0.67375,0.11399
0.11053,0.98757,-0.11169,-0.15277,-0.23389,0.40902
0.03809,0.9976,-0.05773,-1.31358,1.36516,0.30712
-0.07413,0.997,0.02195,-1.03172,1.94308,-0.31692
-0.14762,0.98394,0.10034,0.31277,3.4463,0.22838
-0.14479,0.9737,0.17589,0.49338,1.47131,0.08464
-0.17786,0.96015,0.21558,0.12776,1.33884,0.38426
-0.22658,0.94616,0.23116,-1.20154,1.204,0.03538
-0.27111,0.93068,0.2456,-0.97631,0.75262,-0.382
-0.30375,0.91553,0.26367,0.00794,0.05485,-0.41306
-0.32138,0.90369,0.28292,0.81205,-0.9442,-0.67437
-0.3188,0.90101,0.29416,0.77241,-1.60333,-0.66365
-0.29965,0.9126,0.27815,1.01462,-2.37024,-0.73619
-0.26898,0.93275,0.24005,1.2086,-2.29635,-0.64427
-0.23777,0.95212,0.19215,1.3939,-1.85777,-0.41824
-0.20449,0.96588,0.15889,0.48726,-0.5668,-0.31987
-0.18017,0.96941,0.16663,-0.26819,0.17196,0.21811
-0.19771,0.95926,0.20177,-1.01226,0.94262,1.47151
-0.27896,0.9385,0.20346,-0.26696,1.5491,-1.32124
-0.34883,0.91664,0.19514,1.26778,0.558,-0.63615
-0.36456,0.91219,0.18709,1.49835,-0.98537,0.01654
-0.35155,0.91667,0.19004,0.63369,-1.02075,-1.04066
-0.2801,0.94524,0.16752,0.31512,0.55403,-1.25363
-0.1358,0.98525,0.10407,-0.06975,2.24891,-1.00855
0.01502,0.99823,0.05742,-1.13693,2.55519,-0.95954
0.10663,0.99275,-0.05549,-2.08104,1.31057,0.94154
0.15062,0.98228,-0.11147,-0.95659,1.17355,0.71918
0.16168,0.97833,-0.12933,0.02788,0.82607,0.77098
0.19031,0.97071,-0.14665,-0.54577,0.18631,0.4071
0.21651,0.96168,-0.16822,-0.44034,-0.84698,0.43891
0.25052,0.94788,-0.19687,-0.12554,-1.4274,0.759
0.28145,0.93416,-0.21936,-1.11194,-1.15551,0.71862
0.28947,0.9315,-0.22024,-1.27769,-0.93539,0.3766
0.27024,0.9402,-0.20736,-0.56536,-1.05041,-0.41989
0.23187,0.9523,-0.19838,-0.18536,-1.12144,0.0383
0.18757,0.96569,-0.1796,-0.09811,-1.11582,0.3272
0.15027,0.97847,-0.14147,-0.2605,-0.70958,-0.22732
0.10088,0.99166,-0.08019,-0.27479,-0.21085,0.209
0.01957,0.99952,-0.02374,-1.35464,1.34339,0.37567
-0.09391,0.99431,0.05013,-0.62971,2.31787,-0.25127
-0.16814,0.97754,0.12705,0.05834,3.30422,0.39261
-0.19538,0.96161,0.19267,-0.26144,1.52368,0.37627
-0.23838,0.94417,0.22737,-1.00826,1.29553,0.37858
-0.28918,0.92648,0.24082,-0.98228,1.10939,-0.0306
-0.32973,0.90819,0.25781,-0.36005,0.87583,-0.30971
-0.36954,0.88631,0.27908,0.57235,-0.71832,-0.49284
-0.3927,0.87238,0.29108,0.67744,-1.28916,-0.43187
-0.39528,0.87279,0.28631,0.73863,-1.96386,-0.63927
-0.37538,0.88797,0.26567,0.76994,-2.09175,-0.66651
-0.34206,0.91123,0.22945,1.38637,-1.93996,-0.59711
-0.30998,0.93237,0.18597,1.02415,-0.991,-0.41145
-0.27802,0.94701,0.16083,0.57175,-0.3564,-0.17672
-0.2531,0.95078,0.17872,-0.74844,0.67165,1.16224
-0.28129,0.94106,0.1878,-1.05498,0.40474,0.78478
-0.33229,0.93065,0.15315,0.8556,-0.01891,-0.48013
-0.3517,0.92418,0.14896,1.22962,2.25664,0.29011
-0.33358,0.93126,0.14649,0.54927,0.22903,-0.54848
-0.31848,0.93976,0.12415,0.0301,-0.9428,-1.26226
-0.28454,0.95364,0.09794,-0.01247,-0.45109,-0.79658
-0.19337,0.98037,0.03825,-0.08138,1.79923,-0.52356
-0.05164,0.99864,-0.00662,-0.41807,2.3871,-0.96088
0.0559,0.99574,-0.07323,-2.11304,1.38416,1.6332
0.11126,0.98479,-0.13343,-1.41911,0.48933,0.33327
0.1238,0.98215,-0.14157,-0.12197,0.68972,0.63565
0.13935,0.97729,-0.15962,0.17944,0.18843,0.45246
0.1738,0.9669,-0.18681,-0.67506,-0.58883,0.92358
0.20613,0.9556,-0.21053,-0.36146,-1.40432,0.61538
0.23067,0.94639,-0.22613,-0.90565,-1.52456,0.15119
0.23601,0.94319,-0.23386,-0.88066,-1.32521,0.07665
0.21425,0.94802,-0.23525,-0.41194,-0.91085,0.21177
0.17188,0.95922,-0.22438,-0.09074,-0.88395,0.35808
0.13155,0.97164,-0.19647,-0.19776,-0.76691,0.10071
0.09198,0.98687,-0.13273,-0.2596,-0.40067,0.00222
0.02815,0.99598,-0.08503,-1.10449,0.77069,0.3362
-0.07332,0.99679,-0.03197,-0.85615,2.51801,-0.3114
-0.1678,0.98448,0.05132,0.13042,3.26792,0.21867
-0.17893,0.97526,0.12977,0.6021,1.35317,0.08145
-0.18927,0.96489,0.18208,-0.53377,1.15938,0.60079
-0.22709,0.95222,0.20419,-1.14454,1.19106,-0.03225
-0.27621,0.93661,0.21555,-0.81522,0.54664,-0.39069
-0.31312,0.92144,0.22999,0.16427,-0.28759,-0.33476
-0.33674,0.90925,0.24467,0.53521,-0.76945,-0.39996
-0.33829,0.90677,0.25163,0.91942,-1.31233,-0.45719
-0.31692,0.91819,0.23766,0.78907,-2.27837,-0.60281
-0.27788,0.93952,0.20018,0.81866,-2.25377,-0.653
-0.23677,0.95932,0.15376,0.94443,-2.11097,-0.61682
-0.20304,0.971,0.12623,0.174,-0.14317,0.16587
-0.18335,0.97303,0.13992,-0.17889,0.03968,0.68036
-0.20867,0.96377,0.16613,-0.61899,0.3561,1.08953
-0.27647,0.94704,0.16333,0.40898,-0.47407,-0.04707
-0.32749,0.93436,0.14042,1.52806,0.84654,-0.57008
-0.311,0.93417,0.1749,1.53242,2.68558,0.11339
-0.30577,0.93664,0.17085,-0.06666,-1.16452,-0.81433
-0.28763,0.94373,0.1632,-0.33458,-1.10274,-1.23828
-0.22111,0.96611,0.13317,-0.21169,-0.60205,-1.03776
-0.10647,0.99195,0.06848,-0.22768,2.18137,-0.75498
0.00077,0.99999,0.00449,-1.10882,2.22441,-1.02803
0.0606,0.9935,-0.09636,-1.28112,0.70311,0.81208
0.09406,0.98678,-0.13192,-0.38964,0.97597,0.73078
0.11132,0.98207,-0.15214,0.21843,0.80466,0.71244
0.15104,0.97446,-0.16616,-0.70576,0.02067,0.40763
0.18653,0.96325,-0.19328,-0.35003,-0.95249,0.65371
0.22156,0.95072,-0.21686,-0.13329,-1.30137,0.79453
0.24817,0.94157,-0.22771,-1.17264,-1.31245,0.29703
0.24514,0.943,-0.22505,-1.0369,-1.09922,0.25016
0.21749,0.95191,-0.21578,-0.36804,-0.99466,-0.12944
0.17523,0.96336,-0.20303,-0.27382,-1.09973,0.26986
0.13682,0.97384,-0.18138,-0.27354,-0.80841,0.51576
0.10533,0.9859,-0.12999,-0.19103,-0.32159,-0.01708
0.0554,0.99652,-0.06219,-1.00789,0.75855,0.20854
-0.04231,0.9991,-0.00318,-0.92209,2.29818,-0.47529
-0.15059,0.98572,0.07524,-0.51828,3.38342,-0.19673
-0.17295,0.9733,0.15089,0.53344,1.46318,0.03704
-0.18464,0.96152,0.20343,0.2302,1.12724,0.29561
-0.22522,0.94846,0.2229,-1.17314,1.14759,0.09996
-0.28076,0.93272,0.22628,-1.21466,0.65783,-0.43403
-0.31948,0.91764,0.23634,-0.35472,0.18636,-0.35751
-0.34418,0.9052,0.24927,0.4677,-0.82967,-0.58796
-0.34671,0.90173,0.25819,1.11911,-1.72455,-0.52687
-0.32843,0.91333,0.24072,0.98448,-2.44797,-0.58066
-0.28865,0.9363,0.20004,0.96216,-2.28337,-0.5045
-0.24322,0.95836,0.14959,0.97295,-1.59835,-0.43978
-0.20314,0.97225,0.11598,0.41848,-0.42527,-0.21008
-0.1798,0.97561,0.12589,-0.30607,0.21311,0.67785
-0.2069,0.96654,0.15158,-0.90588,0.66685,1.04657
-0.27726,0.94942,0.14736,-0.20765,-0.34731,0.18989
-0.3284,0.93569,0.12894,1.14322,1.34648,-1.21207
-0.32515,0.93604,0.13455,0.99805,0.82245,-0.11006
-0.3122,0.94309,0.11444,0.4329,-0.72761,-0.36812
-0.28423,0.95255,0.10891,-0.03318,-0.69792,-0.98324
-0.19185,0.97834,0.07773,-0.13883,1.05644,-0.40536
-0.05776,0.99773,0.03453,-0.59511,2.31743,-1.15376
0.03571,0.99889,-0.03073,-1.28445,1.95831,0.09504
0.08075,0.98868,-0.12644,-1.29193,0.78377,1.08969
0.11325,0.98108,-0.15702,-0.37214,0.90734,0.69091
0.15536,0.97013,-0.18627,0.0826,0.47715,0.64942
0.20273,0.95697,-0.20761,-0.74582,0.02837,0.43561
0.23828,0.9422,-0.23552,-0.50113,-0.73018,0.54135
0.26825,0.92566,-0.26681,-0.27161,-1.19702,0.85762
0.28755,0.91566,-0.28085,-1.34819,-1.09452,0.60004
0.27666,0.9217,-0.27189,-1.25463,-1.28213,0.39644
0.24388,0.93421,-0.26031,-0.38494,-0.97546,-0.1017
0.19864,0.94805,-0.24846,-0.13563,-0.94547,0.34636
0.1582,0.96178,-0.22349,-0.10614,-0.83559,0.26282
0.11946,0.97874,-0.16671,-0.27871,-0.40538,0.03675
0.05252,0.98932,-0.13595,-1.10861,1.65488,0.63596
-0.04367,0.99687,-0.06585,-0.58913,1.82297,-0.15548
-0.1319,0.99105,0.02019,-0.09819,3.09595,-0.17275
-0.15873,0.98265,0.09583,0.39775,1.76374,0.21478
-0.18616,0.97439,0.12608,-0.15902,1.59994,0.37575
-0.24073,0.96213,0.12785,-1.25245,1.15432,0.27071
-0.30697,0.94365,0.12367,-1.11794,0.13056,-0.43513
-0.35092,0.9269,0.13305,0.01311,-0.3015,-0.41848
-0.36781,0.91695,0.15463,1.19307,-1.21149,-0.73426
-0.35867,0.91793,0.16957,1.2659,-1.86121,-0.45909
-0.32899,0.93092,0.15856,1.20806,-2.24522,-0.48889
-0.28274,0.95196,0.11756,1.19645,-2.01608,-0.631
-0.23608,0.96916,0.07061,1.03132,-1.2606,-0.17234
-0.20623,0.97758,0.04233,0.29893,-0.49881,0.12285
-0.20514,0.97764,0.04616,-0.55473,0.19984,0.91036
-0.24687,0.96737,0.05689,-1.16644,0.6469,1.07071
-0.3118,0.94906,0.04543,-0.01833,0.43183,-0.48568
-0.35662,0.93359,0.03509,0.71959,2.74965,-0.2666
-0.36155,0.93155,0.03846,1.07925,-0.57326,0.45638
-0.3477,0.93728,0.02464,0.61946,-0.48623,-1.03082
-0.29292,0.956,0.01579,0.44619,0.23806,-0.73785
-0.17022,0.98513,-0.02303,0.32087,1.94873,-0.8594
-0.05697,0.99628,-0.06458,-0.25476,1.429,-1.05366
0.01277,0.98994,-0.14088,-1.19599,1.37255,0.18174
0.0657,0.9661,-0.24967,-1.93578,1.24042,1.50915
0.10954,0.95913,-0.26091,-0.92682,0.73405,0.93492
0.13946,0.9525,-0.27073,-0.76464,0.12479,0.53034
0.16868,0.94333,-0.28577,-0.84153,-0.30082,0.68721
0.19999,0.92909,-0.31113,-0.10342,-1.04159,0.84418
0.23353,0.91214,-0.33685,-0.55305,-1.30509,0.86975
0.24732,0.90392,-0.34894,-1.31437,-1.04727,0.56124
0.22728,0.90993,-0.34695,-1.05614,-1.13657,0.20515
0.18297,0.92091,-0.34416,-0.39754,-1.01925,-0.10242
0.13364,0.93198,-0.33696,-0.33958,-1.03705,0.31583
0.07791,0.94902,-0.30543,-0.23559,-0.5569,-0.07844
0.00756,0.95993,-0.28012,-0.64345,0.52818,1.04373
-0.07126,0.9721,-0.22347,-0.44172,2.02238,-0.15235
-0.15322,0.97767,-0.14377,0.1781,3.30338,-0.04306
-0.20717,0.97685,-0.05324,0.65595,2.72421,0.49394
-0.23546,0.97185,0.00733,0.37413,1.91171,0.41018
-0.28201,0.95866,0.03783,-1.03029,1.53151,0.50191
-0.3417,0.93816,0.05554,-1.12411,0.90095,0.01677
-0.39896,0.91333,0.0816,-0.7189,0.23084,-0.19457
-0.4359,0.89283,0.11327,0.35862,-0.5318,-0.64771
-0.44734,0.88357,0.1385,1.07397,-1.24041,-0.83249
-0.43356,0.8895,0.14423,1.4129,-2.12626,-0.65361
-0.40104,0.90825,0.11933,1.58058,-2.52672,-0.39981
-0.35966,0.92994,0.07655,1.48511,-2.05483,-0.28527
-0.3203,0.94683,0.03034,0.32408,-0.67783,-0.10381
-0.2922,0.95632,0.00789,-0.32896,-0.04081,0.2836
-0.29486,0.95507,0.02982,-0.64695,0.40145,0.86276
-0.33599,0.94048,0.05105,-0.41122,0.29986,0.65667
-0.39259,0.91885,0.03986,0.42364,-0.91534,-0.52775
-0.42527,0.90503,-0.00796,1.27398,-1.23572,-0.38606
-0.4116,0.91118,0.01823,0.71737,1.61569,-0.63592
-0.37883,0.92545,-0.00477,-0.27894,2.43594,-1.57654
-0.34947,0.93667,-0.02249,0.00258,-0.21904,-0.66649
-0.29555,0.95367,-0.05626,0.15407,0.26334,-0.19135
-0.19342,0.97574,-0.10259,0.26961,1.49099,-0.49834
-0.08507,0.98834,-0.1263,-0.07915,1.46621,-0.78231
-0.01492,0.97989,-0.19897,-1.49948,1.63605,-0.00012
0.03528,0.9515,-0.3056,-2.04912,0.9063,0.94215
0.08404,0.93798,-0.33635,-0.36576,0.81623,1.4351
0.11232,0.9329,-0.34216,-0.142,0.6587,0.83636
0.1511,0.92171,-0.35724,-0.55123,-0.4688,0.74178
0.19297,0.9077,-0.37261,-0.6777,-1.28832,0.89298
0.22293,0.89943,-0.37593,-1.35424,-1.54863,0.30725
0.21308,0.90441,-0.36963,-1.35166,-1.34881,0.2475
0.17129,0.91613,-0.36244,-0.57979,-0.99595,0.0693
0.11702,0.92914,-0.35072,-0.1884,-0.93584,0.54212
0.07201,0.94185,-0.32823,0.12677,-0.63525,0.91341
0.04915,0.96232,-0.26744,0.07502,-0.37763,-0.10663
0.00814,0.98426,-0.17654,0.07995,0.18455,0.10397
-0.07769,0.9906,-0.11257,-0.84033,1.80666,0.43372
-0.18299,0.98265,-0.0303,-0.60384,4.35384,-0.01965
-0.21571,0.97542,0.04485,0.0812,2.40649,0.33388
-0.24863,0.96361,0.09816,-0.48343,0.8981,0.80626
-0.29734,0.94638,0.1263,-0.83701,0.81978,0.17411
-0.34625,0.92691,0.14469,-1.01517,0.67451,-0.38029
-0.38859,0.90641,0.16554,0.10144,0.24509,-0.49633
-0.41227,0.89102,0.19004,0.71841,-0.86926,-0.55149
-0.41348,0.88675,0.20663,0.94601,-1.60308,-0.43295
-0.39082,0.89896,0.19781,0.98681,-2.27912,-0.65057
-0.35016,0.9208,0.1718,1.07318,-2.01139,-0.68723
-0.31659,0.93916,0.1332,1.21437,-1.6434,-0.44352
-0.28947,0.95219,0.0977,0.5897,-0.65537,-0.03726
-0.26435,0.959,0.10212,-0.00044,0.04005,0.55375
-0.2782,0.95149,0.1314,-0.8872,0.64254,0.86801
-0.33374,0.93556,0.11552,-0.28312,-0.12678,-0.25041
-0.37296,0.92256,0.0989,1.44793,1.00983,-0.52514
-0.36794,0.92374,0.10642,1.30462,0.88964,-0.2032
-0.34836,0.93205,0.09967,0.42979,-0.09795,-1.10216
-0.29787,0.95174,0.0739,-0.1028,-0.4793,-1.38865
-0.18987,0.98175,0.01082,-0.23319,1.0755,-0.46565
-0.05304,0.99752,-0.04626,-0.57155,1.43878,-0.6517
0.06219,0.99094,-0.11899,-1.96046,2.14402,0.07737
0.12422,0.97847,-0.1648,-1.82416,0.97588,0.29917
0.13555,0.97397,-0.18167,-1.08382,0.91162,0.71821
0.16005,0.96742,-0.19617,0.55769,0.61594,0.60701
0.19162,0.95711,-0.21731,-0.83581,-0.60352,0.61646
0.22864,0.94144,-0.24782,-0.24798,-1.35927,0.85701
0.25853,0.92749,-0.27003,-1.00827,-1.507,0.52151
0.26077,0.92538,-0.27507,-1.22342,-1.51321,0.0671
0.22863,0.93424,-0.27371,-0.59954,-1.15375,-0.17331
0.17585,0.94575,-0.2732,-0.23716,-0.93916,0.33861
0.12459,0.95885,-0.25511,-0.31367,-0.52866,0.33203
0.07703,0.97755,-0.19609,-0.05195,-0.10409,0.31581
0.01266,0.98943,-0.14445,-0.94326,1.345,0.97257
-0.07795,0.99386,-0.07853,-0.5846,2.24131,-0.46725
-0.15913,0.98724,0.00624,0.04066,3.13561,0.06979
-0.19548,0.97678,0.08764,0.25178,1.72984,0.29709
-0.24044,0.96121,0.1351,-0.5709,1.47685,0.64549
-0.29638,0.9437,0.14692,-1.09705,1.33248,0.19377
-0.35139,0.9232,0.15562,-0.79566,0.77629,-0.13377
-0.40035,0.89905,0.17729,-0.19758,0.14951,-0.37519
-0.42971,0.88067,0.1994,0.71977,-1.06197,-0.87038
-0.42592,0.87952,0.21223,1.55781,-2.33852,-0.77386
-0.39332,0.89675,0.20283,1.30402,-2.2311,-0.57766
-0.35117,0.91974,0.17535,1.34975,-1.90564,-0.44812
-0.31139,0.94086,0.13346,1.31913,-1.43659,-0.21945
-0.27183,0.95797,0.09161,0.56141,-0.6831,-0.12535
-0.23608,0.96786,0.08668,-0.09514,0.01551,0.2699
-0.23718,0.965,0.11193,-0.86332,0.90956,0.98564
-0.29187,0.9485,0.1231,-0.62598,0.41396,0.68459
-0.36928,0.92281,0.10978,0.57941,2.0375,-1.04436
-0.3953,0.91106,0.11707,1.06252,0.09018,-0.40656
-0.39201,0.91589,0.08646,0.91502,-1.13972,-0.60432
-0.35268,0.93349,0.06484,0.61749,-0.92777,-1.10157
-0.23325,0.97207,0.02606,0.22783,1.02035,-0.79384
-0.07852,0.99684,-0.01173,-0.19817,2.31972,-1.13256
0.03231,0.99605,-0.08265,-1.68889,2.4345,0.36486
0.09217,0.98042,-0.17401,-2.05901,0.93219,0.74977
0.11794,0.97245,-0.20106,-1.15023,0.9085,0.81677
0.14094,0.96429,-0.22422,0.29047,0.69504,0.83822
0.17665,0.95118,-0.25308,-0.19786,0.29731,0.60441
0.21762,0.93246,-0.28837,-0.31558,-0.84611,0.87516
0.25778,0.91434,-0.31231,-0.63619,-1.43552,0.96525
0.27586,0.90945,-0.31112,-1.62048,-1.30932,0.60017
0.25785,0.91955,-0.29654,-1.0415,-1.04608,-0.18808
0.21077,0.93362,-0.28972,-0.25174,-1.11759,-0.08537
0.15714,0.94831,-0.2757,-0.14189,-1.10224,0.38503
0.1161,0.9624,-0.24556,-0.1535,-0.88495,0.80577
0.07808,0.98162,-0.17416,-0.24081,-0.37584,0.00488
0.0049,0.99395,-0.10973,-0.95186,0.56571,0.40927
-0.11334,0.99304,-0.03191,-0.96375,2.16072,-0.33137
-0.19413,0.97929,0.05746,-0.28317,4.54006,0.26348
-0.20425,0.9695,0.13547,0.30267,1.80665,0.01288
-0.25126,0.94962,0.18732,-0.87058,1.23587,0.50662
-0.30846,0.92822,0.20799,-0.99133,1.17559,0.10095
-0.35251,0.90561,0.2358,-0.4875,0.86564,-0.63717
-0.38812,0.88444,0.25909,0.23117,-0.47057,-0.44629
-0.40053,0.87173,0.28223,0.97879,-1.57683,-0.78704
-0.38833,0.8744,0.2909,1.02153,-2.25892,-0.72376
-0.35772,0.89409,0.26951,1.22232,-2.23365,-0.6515
-0.32018,0.92117,0.22121,1.33238,-1.9734,-0.70273
-0.28252,0.94532,0.16296,1.26938,-1.72422,-0.53291
-0.24477,0.9597,0.13807,0.05169,-0.1773,-0.16175
-0.22429,0.96088,0.16246,-0.78041,0.82195,1.14189
-0.26432,0.94561,0.18963,-0.67896,0.74621,1.13407
-0.34717,0.9205,0.1793,0.05533,2.65895,-0.99096
-0.38995,0.90074,0.19133,1.04941,0.75824,-0.70555
-0.39975,0.8971,0.18816,1.43365,-1.5718,0.06534
-0.38323,0.90614,0.17902,0.71874,-1.55929,-1.10805
-0.29733,0.94391,0.14363,0.34127,0.34488,-1.04659
-0.14169,0.98744,0.06995,-0.37479,2.51948,-1.19789
-0.00678,0.99996,0.00562,-1.18368,1.83173,-0.83776
0.07285,0.99326,-0.09008,-2.26197,1.06628,1.02659
0.12115,0.98381,-0.13208,-1.68403,1.33344,0.45495
0.13442,0.97877,-0.15472,-0.10777,1.21422,0.99409
0.165,0.97168,-0.16916,0.17415,0.37831,0.5487
0.20325,0.96027,-0.19122,-0.28295,-0.46222,0.52571
0.24824,0.94304,-0.22148,-0.47169,-1.21692,0.47314
0.28694,0.92513,-0.2486,-1.21599,-1.31825,0.95336
0.29068,0.92438,-0.24703,-1.51559,-1.28383,0.21881
0.25911,0.93527,-0.2411,-0.48629,-1.14851,-0.31944
0.2109,0.9495,-0.23233,0.09016,-1.32056,-0.1299
0.16549,0.96289,-0.21319,0.10195,-1.3927,0.28636
0.12759,0.97641,-0.1742,-0.36134,-0.74266,-0.29065
0.06644,0.99022,-0.12266,-0.24355,-0.0893,0.30997
-0.03173,0.99762,-0.06126,-1.14384,1.99413,0.45156
-0.14303,0.98961,0.01481,-0.29591,2.33956,-0.1507
-0.20032,0.97651,0.07938,0.12697,2.8426,0.25921
-0.23808,0.9641,0.11755,-0.6213,1.47388,0.66846
-0.29729,0.94729,0.11944,-1.37507,1.66652,0.69939
-0.34363,0.92974,0.1323,-1.15312,0.94142,-0.12516
-0.37844,0.91166,0.16018,-0.41196,0.57084,-0.10081
-0.4084,0.89514,0.1787,0.37898,-0.41804,-0.56655
-0.41075,0.89074,0.1946,1.04457,-1.2466,-1.02407
-0.38794,0.901,0.19417,1.16211,-1.78224,-0.55322
-0.3512,0.92036,0.17203,1.29874,-2.29574,-0.22107
-0.31057,0.94094,0.13486,1.35384,-2.13655,-0.18883
-0.27132,0.95748,0.09811,0.42333,-0.69534,-0.45504
-0.23941,0.96616,0.09597,-0.30791,0.1847,0.18789
-0.24181,0.96158,0.12999,-1.10225,0.6812,1.02003
-0.29507,0.94439,0.14513,-0.94539,0.50741,0.73046
-0.36565,0.92247,0.12385,0.8157,1.66546,-0.96726
-0.38554,0.91311,0.13263,1.5045,1.63177,0.08962
-0.38294,0.91702,0.11144,1.16621,-0.78212,0.15597
-0.36608,0.9259,0.0932,0.60143,-1.02498,-1.10526
-0.28391,0.9565,0.06714,0.42689,0.47247,-0.6785
-0.12362,0.99194,0.02764,0.17734,1.47058,-0.56199
0.02738,0.99953,-0.01346,-0.95641,2.33227,-0.69554
0.11942,0.98418,-0.13086,-2.68323,2.22508,1.05612
0.16624,0.97137,-0.16969,-2.45874,1.31428,1.12437
0.17737,0.96472,-0.19456,-0.08078,0.62958,0.87512
0.20255,0.95541,-0.21485,0.00575,0.22046,0.44672
0.23466,0.94049,-0.24581,-0.11287,-0.16966,0.33289
0.27788,0.91961,-0.27765,-0.35259,-1.44948,0.75782
0.30894,0.90459,-0.29373,-1.4913,-1.38376,0.5654
0.30552,0.90707,-0.28961,-1.62498,-1.11038,0.36634
0.27386,0.91727,-0.28915,-0.44942,-0.95936,-0.29944
0.22243,0.92939,-0.29454,-0.09969,-1.12306,0.24363
0.17413,0.94419,-0.27962,0.0137,-0.79631,0.54464
0.13379,0.9649,-0.22597,-0.21654,-0.42174,-0.44595
0.0745,0.98044,-0.18219,-0.91677,0.26077,0.33011
-0.01151,0.99213,-0.12467,-0.63902,2.06132,0.15778
-0.09309,0.99506,-0.03446,-0.02865,2.82856,-0.27773
-0.13066,0.98956,0.06086,0.34023,1.98983,0.32822
-0.16563,0.97866,0.12162,-0.08554,1.83047,0.50182
-0.22288,0.96461,0.14091,-1.32451,1.81416,0.2622
-0.28206,0.94711,0.15304,-1.06315,0.93482,-0.1782
-0.33328,0.92724,0.17072,-0.23836,0.35967,-0.36648
-0.37586,0.90691,0.19038,0.30869,-0.50676,-0.41304
-0.3925,0.89646,0.20567,0.7569,-1.08292,-0.59883
-0.37988,0.90031,0.21243,1.03304,-2.02234,-0.69625
-0.34247,0.91908,0.19494,1.30471,-2.56709,-0.59678
-0.29656,0.94311,0.15028,1.58759,-2.23823,-0.58561
-0.25317,0.96084,0.11261,1.04408,-1.16517,-0.24862
-0.21902,0.96995,0.10595,0.12208,-0.14129,0.01195
-0.21549,0.968,0.12856,-0.72864,0.59666,1.04042
-0.26706,0.95055,0.15851,-1.36959,0.8781,1.05643
-0.34298,0.92881,0.14024,-0.39587,-0.3627,-0.6406
-0.36443,0.9186,0.15283,1.74276,1.80836,0.24014
-0.3592,0.92117,0.14971,1.16291,-0.06288,-0.20352
-0.34707,0.92588,0.14927,0.78388,-0.63723,0.67701
-0.28786,0.95041,0.11767,0.32908,0.36166,-0.67785
-0.15064,0.98665,0.06185,-0.05093,2.02821,-1.17414
-0.01531,0.99971,0.01836,-0.74547,1.83203,-1.09099
0.06961,0.99504,-0.0711,-1.2984,1.80433,-0.19882
0.12217,0.98015,-0.15614,-1.49779,1.10704,1.10651
0.14553,0.97291,-0.1796,-0.16968,0.81062,0.80589
0.17567,0.96363,-0.20138,0.07287,0.39436,0.64265
0.21199,0.95082,-0.22583,-0.33075,-0.36317,0.62138
0.2534,0.93463,-0.24952,-0.42561,-1.2355,0.93032
0.29041,0.9205,-0.2614,-1.4157,-1.37021,0.58579
0.29547,0.9197,-0.25854,-1.75543,-1.3168,0.34198
0.26388,0.93035,-0.25461,-0.71699,-1.15556,-0.25629
0.20947,0.94368,-0.25611,-0.35338,-1.1598,0.18866
0.15727,0.95616,-0.24701,-0.21914,-0.9251,0.49839
0.11944,0.97061,-0.20893,-0.20449,-0.45984,-0.00859
0.07041,0.98911,-0.1292,-0.12399,0.15552,0.17892
-0.02164,0.99732,-0.06993,-1.12677,1.71072,0.29176
-0.14196,0.98981,0.01132,-0.5631,3.36215,-0.30998
-0.19278,0.97671,0.09415,0.33099,2.88023,0.23513
-0.22562,0.96246,0.15085,-0.18255,1.38057,0.72219
-0.29488,0.94048,0.16894,-1.15099,1.48738,0.60183
-0.35618,0.91924,0.16774,-1.46001,0.81445,-0.4119
-0.39627,0.89918,0.18561,-0.44736,0.39672,-0.55426
-0.42341,0.88241,0.20509,0.82498,-0.92532,-0.60281
-0.42103,0.87969,0.22109,1.34305,-1.42859,-0.44944
-0.39813,0.89062,0.21974,1.14584,-2.0619,-0.58029
-0.35945,0.91095,0.20237,1.16986,-2.0992,-0.66513
-0.31941,0.93316,0.16488,1.37606,-1.8811,-0.63012
-0.28231,0.95117,0.12478,1.13547,-1.15105,-0.23818
-0.24757,0.9629,0.10734,0.35651,-0.21376,0.01331
-0.23656,0.96404,0.12105,-0.62156,0.70443,0.93714
-0.2782,0.94968,0.14391,-1.21544,0.82965,0.46783
-0.34259,0.93043,0.13007,-0.17833,0.26232,-0.32961
-0.37073,0.91542,0.15671,0.95667,2.57214,0.39374
-0.37672,0.91407,0.15015,1.09604,-0.97657,-0.11376
-0.37142,0.91875,0.1339,0.66911,-1.09817,-1.11834
-0.30741,0.94727,0.09039,0.34272,-0.26154,-0.9202
-0.16066,0.98686,0.01695,-0.04044,2.15436,-0.67754
-0.02843,0.99922,-0.02742,-0.58059,1.7947,-1.26107
0.04214,0.99293,-0.11098,-1.76435,1.7416,0.67371
0.08777,0.98386,-0.15591,-1.56319,0.99559,0.43091
0.10419,0.97908,-0.17474,-0.70808,1.19485,0.82832
0.13567,0.97238,-0.18992,-0.03253,0.38518,0.73511
0.17107,0.96134,-0.21577,-0.39071,-0.32487,0.46918
0.21106,0.94595,-0.24624,-0.35002,-1.24273,0.93085
0.24486,0.93159,-0.26867,-0.87961,-1.27441,0.90905
0.24921,0.92925,-0.27274,-1.40229,-1.29696,0.22072
0.22016,0.93767,-0.26888,-0.54561,-1.11307,-0.02798
0.17178,0.95015,-0.26021,-0.19785,-1.17317,0.27912
0.12917,0.9611,-0.24411,-0.11582,-1.0405,0.39972
0.09692,0.97032,-0.22154,-0.3952,-0.65941,0.59546
0.06007,0.98655,-0.15205,-0.15591,-0.24253,-0.13569
-0.01287,0.9968,-0.07884,-0.24962,0.03358,0.07172
-0.13379,0.99091,-0.01381,-0.92916,2.84774,-0.47166
-0.22223,0.9725,0.06966,0.20583,4.77507,0.28413
-0.22235,0.96473,0.14091,0.61348,2.70803,0.3147
-0.26852,0.94579,0.18266,-0.28446,1.01823,0.80858
-0.34039,0.92362,0.17623,-1.06122,0.94363,0.02482
-0.38964,0.90241,0.18395,-1.03972,0.44839,-0.56283
-0.4136,0.88556,0.21146,0.18814,-0.38966,-0.62638
-0.41086,0.87944,0.24038,1.00533,-1.60485,-0.59113
-0.38921,0.88796,0.24502,1.00403,-2.00103,-0.67991
-0.349,0.9101,0.22342,0.94208,-2.21959,-0.67744
-0.30825,0.9353,0.17375,1.16773,-1.92393,-0.62384
-0.27238,0.95441,0.12213,0.96485,-1.32298,-0.21815
-0.24229,0.96542,0.09624,0.06727,-0.17866,0.11503
-0.23973,0.96417,0.11356,-0.74903,0.70138,0.92663
-0.28718,0.94877,0.13175,-0.76819,0.59066,1.15214
-0.35179,0.93154,0.09207,0.5748,-0.52718,-0.54555
-0.36728,0.92707,0.07508,1.53774,1.80462,-0.05995
-0.34236,0.9367,0.07342,0.71432,0.61323,-0.57258
-0.32089,0.94433,0.07261,0.00333,-0.60154,-0.36404
-0.27052,0.96218,0.03206,0.21854,-0.52479,-0.46023
-0.15048,0.98851,-0.01441,0.14376,1.3888,-0.69912
-0.02746,0.9986,-0.04525,-0.51955,1.82059,-1.13784
0.04251,0.99063,-0.12977,-1.56337,1.81047,-0.17485
0.09339,0.9729,-0.21154,-2.15679,0.83168,1.3214
0.1171,0.96807,-0.22163,-0.72293,0.99831,0.93611
0.14621,0.96243,-0.22881,0.18031,0.51191,0.566
0.18175,0.95198,-0.24636,-0.40758,-0.19849,0.53826
0.22137,0.938,-0.26674,-0.55021,-0.99235,0.66506
0.25002,0.9246,-0.28739,-1.01469,-1.40936,0.91783
0.24908,0.92368,-0.29117,-1.56582,-1.39511,0.38425
0.21605,0.9322,-0.29038,-0.78461,-1.14955,-0.11617
0.1642,0.9436,-0.28749,-0.10747,-1.05972,0.0735
0.11678,0.95596,-0.26926,0.16226,-0.77742,0.59772
0.09136,0.97116,-0.22023,-0.16511,-0.62141,0.39351
0.04982,0.9888,-0.14066,-0.06825,-0.07872,-0.08046
-0.03937,0.99611,-0.07882,-1.01989,1.55038,0.80106
-0.14661,0.98919,0.00289,-0.15683,3.64741,-0.15383
-0.17999,0.98025,0.08198,0.31687,3.42568,0.16477
-0.19243,0.97167,0.13717,0.48863,2.08083,0.13796
-0.24435,0.95798,0.15021,-1.46384,1.38908,0.29289
-0.30904,0.94078,0.1394,-1.37623,0.70035,-0.55404
-0.35357,0.92423,0.1442,-0.83401,0.53348,-0.5282
-0.38767,0.90913,0.15226,0.14637,-0.70734,-0.28228
-0.39889,0.90278,0.16087,1.13515,-1.57703,-0.46779
-0.38248,0.91027,0.15849,1.26571,-1.9927,-0.68765
-0.34083,0.93016,0.1365,1.57762,-2.58041,-0.52852
-0.28696,0.95173,0.10888,1.71448,-1.98465,-0.08497
-0.24104,0.96626,0.09075,0.92791,-0.7697,0.07973
-0.21028,0.97246,0.10047,-0.05279,-0.08435,0.19102
-0.21511,0.96892,0.12217,-1.13285,0.92465,1.11987
-0.26797,0.95181,0.14914,-1.07199,0.60353,0.52484
-0.33282,0.93471,0.12463,0.63934,-0.7728,-0.88087
-0.351,0.92878,0.11898,1.26898,1.61849,0.50149
-0.33444,0.9369,0.10178,0.59301,0.57169,-0.08528
-0.30618,0.9462,0.10465,-0.12856,-0.2974,-1.23798
-0.2384,0.96794,0.07911,-0.05036,-0.01774,-0.30361
-0.13037,0.99119,0.02315,0.07971,1.04039,-0.80704
-0.01327,0.99986,-0.00969,-0.43405,1.43127,-0.9676
0.07176,0.99291,-0.09478,-1.12671,2.19371,-0.51015
0.12107,0.97878,-0.16532,-1.98063,1.81887,1.10088
0.14395,0.97346,-0.17791,-0.44784,0.66578,0.63822
0.17489,0.96504,-0.19523,0.45847,0.07879,0.43091
0.21485,0.95256,-0.21556,-0.49978,-0.3622,0.34614
0.25664,0.93635,-0.23953,-0.48333,-1.29477,0.77522
0.28605,0.92344,-0.25579,-0.93375,-1.41535,0.83482
0.28603,0.92327,-0.25641,-1.28235,-1.11225,0.36061
0.25918,0.93134,-0.25581,-0.73336,-1.18449,0.05313
0.21556,0.94248,-0.25545,-0.30999,-1.03991,0.0512
0.16913,0.95505,-0.24345,-0.27034,-0.8609,0.32628
0.12892,0.96783,-0.21606,-0.36829,-0.61676,0.42468
0.08321,0.98443,-0.15485,0.03776,-0.05735,0.06668
0.01016,0.9956,-0.09308,-0.84985,0.96432,0.31137
-0.09667,0.9951,-0.02073,-0.68162,2.03134,-0.50539
-0.16573,0.98451,0.05712,-0.04012,3.34863,0.02207
-0.195,0.97324,0.12155,0.24347,1.75993,0.38909
-0.24552,0.95801,0.14808,-0.47956,1.5471,0.74407
-0.3072,0.9416,0.13793,-1.16441,1.43272,0.16725
-0.35479,0.92483,0.13713,-1.19676,0.69928,-0.33813
-0.39583,0.90684,0.14478,-0.2824,0.09353,-0.21952
-0.41613,0.89659,0.15152,1.07366,-1.49652,-0.53336
-0.40631,0.90182,0.14708,1.29315,-1.96363,-0.44431
-0.36823,0.92151,0.12336,1.19254,-2.16815,-0.38737
-0.31584,0.94461,0.0892,1.27038,-1.73649,-0.30959
-0.26675,0.96178,0.06177,0.96869,-0.96163,-0.174
-0.23073,0.97135,0.05695,0.36851,-0.40987,-0.00849
-0.21234,0.97416,0.07687,-0.34003,-0.09448,0.51914
-0.22881,0.96971,0.08546,-0.76081,0.2077,0.55946
-0.26931,0.95829,0.09567,-0.61804,-0.1635,0.17862
-0.31801,0.94408,0.08709,0.41001,-0.46178,-0.50042
-0.34494,0.93416,0.09147,1.50551,0.65789,-0.98261
-0.35676,0.93012,0.08715,0.41074,0.2611,-0.60873
-0.35828,0.93196,0.05556,0.26483,-0.46341,-0.96947
-0.31318,0.94947,0.0205,0.17865,-0.24524,-0.84554
-0.19953,0.97915,-0.03805,0.16481,1.56984,-0.51306
-0.08318,0.99412,-0.06929,-0.17019,1.40537,-0.9834
0.00244,0.99266,-0.12087,-1.27273,1.89642,0.19259
0.05837,0.97534,-0.21286,-1.86936,1.28397,0.9068
0.10235,0.96551,-0.23939,-1.02741,0.88605,0.81122
0.12712,0.95861,-0.25478,-0.00905,0.36938,0.70126
0.16371,0.94754,-0.27454,-0.53028,0.00199,0.56772
0.20508,0.9314,-0.30071,-0.41652,-0.77767,0.94992
0.2457,0.91724,-0.31354,-0.65412,-1.33748,0.91388
0.26505,0.91365,-0.30818,-1.18119,-1.3337,0.08802
0.25459,0.91978,-0.29865,-0.8883,-1.1298,0.00788
0.22528,0.92985,-0.29089,-0.42772,-1.13934,0.09822
0.1875,0.94141,-0.28034,-0.31294,-1.23299,0.37634
0.14858,0.95367,-0.26161,-0.06016,-0.80834,0.71397
0.11721,0.9735,-0.19635,-0.29675,-0.34083,-0.24513
0.0527,0.99191,-0.11544,-0.17959,0.23822,0.15539
-0.05808,0.99732,-0.0444,-0.93162,1.90557,0.08914
-0.15113,0.98811,0.02829,-0.72332,3.83355,-0.13156
-0.17595,0.98131,0.07785,-0.09849,2.36921,0.38355
-0.21257,0.97056,0.11328,-0.62111,1.1865,0.64313
-0.26295,0.95646,0.12662,-1.13149,1.12912,0.05211
-0.31022,0.94068,0.1374,-0.70105,0.74307,-0.45171
-0.35197,0.92417,0.14839,0.00338,0.01379,-0.33206
-0.37418,0.91348,0.15984,0.49091,-0.97202,-0.43106
-0.37086,0.91429,0.16291,0.89329,-1.63145,-0.40412
-0.34103,0.92727,0.15445,1.07153,-2.03399,-0.50438
-0.29619,0.94584,0.13287,1.26043,-1.99098,-0.42008
-0.25702,0.96134,0.09879,1.32116,-1.52403,-0.19817
-0.22558,0.97135,0.07479,0.55726,-0.71233,-0.05944
-0.2057,0.97437,0.09099,-0.33836,0.16501,0.77038
-0.22578,0.96856,0.1045,-1.17884,0.36564,0.44842
-0.28358,0.95416,0.09569,-0.43871,-0.58858,-0.8286
-0.33411,0.94016,0.06689,0.96535,0.40969,-0.72089
-0.33597,0.93812,0.08392,1.21345,1.07381,0.28072
-0.32203,0.94381,0.07422,0.29723,-0.56158,-0.51253
-0.28436,0.9558,0.07472,-0.08983,-0.57543,-1.09247
-0.1855,0.98208,0.03314,-0.06262,1.48087,-0.46111
-0.05167,0.99861,-0.01061,-0.38459,1.8938,-1.12526
0.04639,0.99658,-0.06838,-0.99874,1.98282,-0.96805
0.09725,0.98095,-0.16819,-1.88486,0.73494,0.81757
0.13882,0.96964,-0.2013,-0.85012,1.29812,1.08131
0.155,0.96515,-0.21086,-0.12802,1.0688,0.83756
0.18591,0.95615,-0.22629,-0.51094,0.16316,0.47713
0.21946,0.94281,-0.25088,-0.46275,-0.99529,0.83379
0.25089,0.92927,-0.27113,-0.71218,-1.53811,1.03013
0.26449,0.92329,-0.27853,-1.21582,-1.468,0.18717
0.24714,0.9288,-0.27614,-0.88904,-1.17814,0.05787
0.20848,0.93829,-0.27594,-0.28923,-0.95814,0.10848
0.16201,0.95029,-0.26588,-0.07126,-0.8762,0.48179
0.12615,0.96477,-0.23089,0.0272,-0.6389,0.21627
0.08724,0.9843,-0.15341,-0.06586,-0.30335,0.0378
0.01398,0.99549,-0.0938,-0.80515,0.76832,0.71073
-0.09217,0.9954,-0.02599,-0.77441,1.86577,-0.38766
-0.17415,0.98302,0.05784,-0.36633,2.81975,-0.29241
-0.20186,0.97335,0.10881,-0.157,1.58283,0.31293
-0.25407,0.95852,0.12913,-1.44981,1.30828,0.3299
-0.31836,0.93772,0.13901,-1.76735,1.39767,-0.01032
-0.36464,0.91747,0.15898,-0.52398,0.71148,-0.13188
-0.39677,0.8998,0.18145,0.29289,-0.19555,-0.40194
-0.4019,0.89224,0.20587,0.67934,-0.62371,-0.56334
-0.38146,0.89767,0.22063,1.16128,-1.72326,-0.38171
-0.34898,0.91332,0.20989,0.9632,-1.73792,-0.36886
-0.31588,0.93239,0.17567,1.22704,-1.78193,-0.44117
-0.2843,0.9506,0.12458,1.349,-1.5842,-0.40701
-0.24736,0.9652,0.08484,0.69855,-0.86585,-0.3452
-0.22178,0.97092,0.09014,-0.07739,0.2297,-0.01384
-0.24154,0.96162,0.13015,-0.72091,1.01087,1.32317
-0.31937,0.93687,0.14236,-1.0253,0.36375,0.71547
-0.37577,0.92004,0.11101,0.78002,0.40137,-1.9249
-0.36341,0.92648,0.09785,1.26999,0.79072,0.45259
-0.33869,0.93487,0.10634,0.61242,-0.30062,-0.05267
-0.28661,0.95287,0.09944,-0.20794,-0.62224,-1.18446
-0.174,0.98358,0.04779,-0.08758,0.82687,-0.28836
-0.04087,0.99916,0.00011,-0.17713,1.64744,-0.85145
0.06437,0.99516,-0.07429,-1.38871,1.86511,-0.46076
0.11864,0.98071,-0.15532,-2.16813,1.25018,0.72206
0.14447,0.97138,-0.18852,-1.27843,1.00733,0.86374
0.18181,0.96026,-0.21177,-0.05821,0.6045,0.66764
0.2221,0.94657,-0.23382,-0.57467,-0.27898,0.7148
0.26449,0.92971,-0.25629,-0.31422,-1.32058,0.88347
0.29818,0.91539,-0.27045,-0.73702,-1.44103,0.79082
0.30096,0.91351,-0.27372,-1.7809,-1.2239,0.2454
0.26578,0.92366,-0.27606,-0.73506,-1.06488,-0.06044
0.20837,0.93786,-0.27749,-0.42462,-1.11565,0.10356
0.15026,0.95229,-0.26565,-0.07076,-0.85394,0.69789
0.1104,0.96675,-0.23066,-0.17409,-0.54921,0.31684
0.07049,0.98696,-0.14468,-0.16578,0.02236,-0.03743
-0.00993,0.99695,-0.07737,-0.9428,1.61523,0.45403
-0.12878,0.99166,0.00412,-0.63574,3.77947,-0.45082
-0.17634,0.97996,0.0926,-0.12226,4.92592,0.02201
-0.19994,0.96925,0.14344,-0.20984,1.21679,0.78504
-0.25933,0.94976,0.17523,-0.95693,1.09715,0.35147
-0.31968,0.92922,0.18534,-1.20639,0.55192,-0.59785
-0.36787,0.90702,0.20488,-0.02674,-0.23701,-0.58103
-0.39968,0.88991,0.21979,0.77938,-1.08587,-0.27262
-0.40118,0.8876,0.2263,1.24311,-1.75758,-0.42471
-0.37944,0.90096,0.21047,0.83902,-1.94913,-0.86412
-0.3446,0.92185,0.1773,1.32247,-1.95988,-0.87945
-0.31309,0.94019,0.13418,1.38963,-1.39013,-0.29375
-0.27871,0.95518,0.09975,1.0933,-1.07597,-0.06168
-0.24922,0.96232,0.10875,-0.58733,0.47025,0.64568
-0.26472,0.9569,0.11944,-0.88791,0.48063,0.75569
-0.31355,0.94296,0.1118,-0.76901,0.23279,0.78783
-0.35061,0.93022,0.10839,1.11804,2.28462,0.17392
-0.34654,0.93043,0.11923,0.89666,1.17314,-0.24957
-0.33547,0.93668,0.10041,0.50376,-0.35384,-0.60836
-0.30244,0.94979,0.0802,0.29777,0.25587,-0.85817
-0.19541,0.98034,0.02745,0.16512,1.19897,-0.69151
-0.06755,0.99755,-0.01815,-0.21719,1.46202,-0.97916
0.04617,0.99486,-0.09005,-1.68466,2.11466,-0.03954
0.11993,0.98155,-0.1489,-2.79173,2.91502,0.94927
0.15351,0.9727,-0.17402,-0.41698,0.80157,0.9526
0.19987,0.96165,-0.1878,-0.2181,0.60538,0.68513
0.24407,0.94692,-0.20922,-0.92699,-0.1881,0.43181
0.2899,0.92736,-0.23654,-0.62421,-1.33467,0.6479
0.32263,0.91016,-0.25983,-1.70109,-1.20412,0.58116
0.31951,0.91002,-0.26414,-1.81353,-1.15276,0.30621
0.28322,0.92128,-0.26652,-0.71855,-1.03274,-0.21065
0.22999,0.93455,-0.2715,0.10089,-1.21486,0.28249
0.18105,0.949,-0.25811,-0.04151,-0.87772,0.57842
0.14887,0.96293,-0.22494,-0.33597,-0.62788,0.90722
0.12347,0.98001,-0.15597,-0.42454,-0.2542,-1.02903
0.06294,0.99531,-0.07341,-0.10895,-0.08899,-0.44083
-0.04052,0.99918,-0.00203,-1.12042,2.1532,0.38564
-0.15003,0.98593,0.07373,-0.63489,4.9693,-0.05945
-0.18852,0.97387,0.1266,-0.25259,3.61544,0.13471
-0.24081,0.95644,0.16504,-0.70388,0.94728,0.49759
-0.31434,0.93512,0.16349,-1.18482,1.25331,0.11372
-0.37774,0.91209,0.15941,-0.96682,0.84956,-0.53897
-0.43015,0.88486,0.17888,0.10645,-0.04652,-0.74026
-0.45643,0.86619,0.20343,1.67315,-1.62747,-0.75438
-0.44722,0.86869,0.21299,1.68636,-2.22973,-0.55734
-0.41544,0.88851,0.19485,1.74646,-2.11301,-0.53827
-0.37934,0.91208,0.15559,1.74025,-1.57347,-0.26569
-0.3433,0.93223,0.11443,0.8156,-0.81982,0.16015
-0.30686,0.946,0.10445,-0.10977,-0.35013,0.28738
-0.29718,0.94754,0.11769,-1.23645,0.04486,-0.00214
-0.33411,0.93621,0.10896,-0.92558,-0.13699,0.03606
-0.37326,0.92505,0.0704,0.35766,-1.06966,-0.39227
-0.38847,0.91928,0.06335,1.76979,0.31496,-0.44048
-0.35349,0.93111,0.08984,0.7112,2.89442,-0.55558
-0.32765,0.94265,0.06375,-0.31168,0.29263,-0.54547
-0.27539,0.96083,0.03103,-0.35797,-0.16684,-0.42487
-0.18127,0.98216,-0.05004,0.07479,0.66614,-0.9571
-0.0707,0.99107,-0.11305,-0.55262,1.45386,-1.18177
0.01077,0.98415,-0.177,-1.48658,2.06542,-0.35211
0.07801,0.97204,-0.22149,-1.94596,1.2348,0.82261
0.10857,0.96525,-0.23773,-0.17368,1.04498,0.63626
0.1477,0.95624,-0.25256,-0.2719,0.57612,0.62546
0.18076,0.94381,-0.27668,-0.49751,-0.35628,0.72708
0.21266,0.93019,-0.29921,-0.24692,-1.36611,0.58806
0.23935,0.91924,-0.31259,-1.19751,-1.52165,0.63739
0.23905,0.9198,-0.31117,-1.1852,-1.32203,0.32849
0.21074,0.92648,-0.3118,-0.48787,-0.91797,-0.09985
0.1687,0.93435,-0.31388,-0.01907,-0.91969,0.23434
0.12668,0.94533,-0.3005,-0.03478,-1.02492,0.58061
0.08995,0.9639,-0.25062,-0.37069,-0.6644,-0.25434
0.03231,0.97858,-0.20333,-0.66541,-0.36435,0.15607
-0.05402,0.98377,-0.17108,-1.18939,1.63207,1.29257
-0.1338,0.98697,-0.08933,-0.32083,2.21772,-0.25733
-0.17359,0.98482,0.00013,0.15774,2.52834,0.26482
-0.20963,0.97595,0.05985,0.19461,2.2488,0.31656
-0.25909,0.96194,0.08688,-1.07488,1.44016,0.18135
-0.30943,0.94504,0.10565,-0.63238,0.74434,-0.03402
-0.35603,0.92578,0.1272,-0.15712,0.24135,-0.17818
-0.39235,0.90687,0.15379,0.49914,-0.61555,-0.4533
-0.40203,0.89759,0.18085,0.96659,-1.3326,-0.60733
-0.38629,0.902,0.19278,0.94271,-1.71957,-0.55142
-0.35078,0.91946,0.17759,1.04744,-2.3053,-0.59796
-0.31269,0.94066,0.13188,1.21662,-1.97705,-0.57303
-0.27693,0.95703,0.0861,1.07061,-1.65489,-0.40212
-0.24551,0.96644,0.0757,-0.03794,-0.07918,0.08804
-0.25133,0.96303,0.09705,-0.89504,0.91539,1.14669
-0.30383,0.94538,0.11807,-0.79775,0.84148,1.32205
-0.36289,0.92614,0.10281,0.97091,1.34107,-1.09526
-0.36772,0.92263,0.11637,1.03603,1.10844,-0.01078
-0.35724,0.92861,0.10031,0.73364,-0.74227,-0.77425
-0.33601,0.93767,0.08869,0.26474,-1.04346,-0.85499
-0.26262,0.9632,0.05721,0.40334,0.12565,-0.70626
-0.11746,0.99307,0.00283,0.0927,1.60387,-0.75642
0.03279,0.99874,-0.03788,-0.84444,2.13857,-1.35897
0.11752,0.98044,-0.15789,-2.47135,2.68574,0.68871
0.16215,0.96642,-0.19933,-2.17445,1.2049,1.65723
0.17738,0.96078,-0.21318,0.01223,0.68307,0.58499
0.21276,0.94831,-0.23544,-0.41923,0.16665,0.48331
0.24811,0.9317,-0.26529,-0.42624,-0.6195,0.86644
0.2904,0.91179,-0.29034,-0.21055,-1.43229,1.09482
0.32033,0.89832,-0.30068,-1.49732,-1.17394,0.48071
0.31667,0.90033,-0.29854,-1.39354,-1.03897,0.03029
0.28468,0.91013,-0.30102,-0.56047,-0.92212,-0.15395
0.23683,0.92366,-0.30125,-0.25241,-0.97452,0.34233
0.19275,0.93967,-0.28262,-0.10429,-1.05838,0.63177
0.15976,0.9577,-0.23933,-0.41139,-0.80643,0.35579
0.10489,0.98093,-0.16365,-0.27819,-0.12688,0.06267
0.01242,0.99581,-0.09062,-1.08907,0.95988,0.6865
-0.12353,0.99227,-0.01159,-0.94214,2.54377,-0.27064
-0.19047,0.97978,0.06119,0.00837,4.63406,0.25612
-0.21859,0.96797,0.12347,-0.00632,1.54698,0.45794
-0.28905,0.94621,0.14539,-0.79687,0.9932,0.72214
-0.35167,0.92381,0.15137,-1.40969,0.80567,-0.35203
-0.39784,0.90097,0.17311,-0.5165,0.07305,-0.46211
-0.421,0.88372,0.20445,0.38229,-0.41787,-0.58851
-0.42002,0.87853,0.22752,1.31445,-2.1186,-0.5572
-0.39474,0.89256,0.21797,1.28917,-2.13263,-0.54765
-0.35214,0.91873,0.17869,1.62475,-2.11503,-0.7958
-0.31012,0.94248,0.12476,1.29519,-1.11003,-0.28524
-0.27052,0.95896,0.08492,0.68225,-0.48852,-0.142
-0.24567,0.96398,0.10189,-0.82594,0.80774,1.16425
-0.2766,0.95291,0.12433,-0.81006,0.3519,0.70142
-0.33569,0.93539,0.11117,-0.43335,-0.07534,0.76217
-0.36567,0.92342,0.11656,1.19503,2.99498,-0.05574
-0.3625,0.92519,0.11234,0.6691,-1.12439,-0.41109
-0.34691,0.9334,0.09181,0.65434,-1.17453,-0.22967
-0.28397,0.95732,0.05379,0.31535,-0.22272,-1.24071
-0.14648,0.98909,-0.01589,-0.03596,1.89182,-0.72486
0.00052,0.99798,-0.06358,-0.19274,1.92411,-1.01435
0.09274,0.98337,-0.15614,-2.51987,2.68269,1.5069
0.14325,0.96576,-0.21631,-1.60586,1.13304,0.49135
0.15387,0.95857,-0.23973,-0.81803,0.91887,0.88585
0.18652,0.94789,-0.25831,0.22275,0.37095,0.55346
0.22714,0.93167,-0.28355,-0.28303,-0.59248,0.70349
0.27296,0.91189,-0.30651,-0.36996,-1.00968,0.82064
0.30371,0.9,-0.31266,-1.84458,-1.3202,0.51926
0.29459,0.90387,-0.31022,-1.1899,-1.23462,-0.10918
0.25778,0.91289,-0.31651,-0.5962,-1.20755,-0.18711
0.20673,0.92596,-0.31602,-0.04601,-1.14059,0.31013
0.15968,0.94005,-0.30135,-0.23267,-0.79097,0.4048
0.11996,0.95376,-0.27558,-0.3646,-0.64518,0.69077
0.07803,0.97706,-0.19817,-0.37161,-0.05058,-0.85512
-0.00064,0.99312,-0.1171,-0.67152,0.49464,0.01678
-0.11812,0.99194,-0.04587,-0.9441,1.26401,0.26752
-0.2037,0.97867,0.02652,-0.37563,5.04597,0.41478
-0.22639,0.96972,0.09159,0.06556,1.67586,0.1443
-0.27061,0.95259,0.13908,-0.0761,1.10891,0.43433
-0.3217,0.93475,0.15082,-0.76349,0.82494,-0.01172
-0.36677,0.91561,0.16476,-0.71725,0.49356,-0.21789
-0.399,0.89759,0.18745,-0.27157,0.29678,-0.51999
-0.41197,0.88943,0.19798,0.92606,-1.68198,-0.50976
-0.39341,0.90185,0.17859,1.37475,-2.61239,-0.558
-0.34263,0.9278,0.14764,1.28126,-2.68494,-0.58348
-0.28801,0.95099,0.11256,1.24057,-1.67572,-0.29786
-0.2468,0.96522,0.0863,0.44777,-0.51182,-0.11828
-0.2274,0.96827,0.10367,-0.57895,0.31016,0.84689
-0.26608,0.95561,0.12657,-1.32689,0.64388,0.75818
-0.33177,0.93603,0.11741,-0.49326,-0.35935,-0.25614
-0.38052,0.92107,0.08262,1.25191,-0.02447,-1.0413
-0.35712,0.92825,0.10398,2.03308,1.95018,1.02947
-0.33374,0.93958,0.07625,0.19527,-0.56473,-1.00777
-0.27764,0.95945,0.04878,0.13917,-0.5846,-0.9803
-0.15507,0.9879,0.002,-0.12493,1.27829,-0.55145
-0.01931,0.99809,-0.05862,-0.10807,1.14751,-0.46822
0.07872,0.9885,-0.12912,-1.00397,2.16958,-1.11916
0.13173,0.96441,-0.22927,-1.79778,1.59554,1.96317
0.15221,0.96,-0.23502,-0.11111,0.67214,0.57904
0.17668,0.95129,-0.25265,0.13653,-0.13316,0.57401
0.21346,0.93775,-0.27396,-0.26474,-0.77954,0.59618
0.25533,0.918,-0.30346,-0.31502,-1.54167,0.86013
0.28898,0.89817,-0.33133,-0.75533,-1.58559,1.00506
0.29575,0.89276,-0.33987,-1.70676,-0.87378,0.34446
0.27281,0.89879,-0.34316,-0.5234,-1.03306,0.00458
0.22967,0.90896,-0.3479,-0.20342,-0.97598,0.12365
0.18571,0.92338,-0.33598,-0.07347,-0.74551,0.43069
0.14466,0.94638,-0.28885,-0.45771,-0.41036,-0.30107
0.0821,0.96494,-0.24928,-0.92295,-0.1797,0.34343
-0.00406,0.98463,-0.17463,-0.3989,1.92468,-0.22982
-0.09242,0.99214,-0.08434,0.13363,3.11446,-0.16123
-0.13698,0.99041,0.01785,0.37907,3.02599,0.27933
-0.17107,0.98174,0.08325,-0.00822,1.99008,0.59964
-0.23143,0.967,0.10656,-1.1569,1.39531,0.47863
-0.29666,0.94804,0.11498,-1.03097,1.05454,0.01818
-0.35687,0.92531,0.12821,-0.37564,0.15623,-0.08171
-0.40213,0.90295,0.15157,0.27516,-0.64567,-0.61562
-0.41545,0.89227,0.17681,0.69921,-1.2526,-0.94185
-0.39068,0.90265,0.18052,1.61354,-2.70989,-0.69785
-0.3514,0.92361,0.15319,1.54613,-2.06179,-0.40952
-0.31102,0.94405,0.10967,1.50575,-2.08224,-0.366
-0.26875,0.96039,0.0736,0.38095,-0.63265,-0.23793
-0.23503,0.96862,0.08082,-0.26399,0.22271,0.20632
-0.24999,0.96229,0.10728,-0.71682,0.73876,0.68253
-0.30949,0.9428,0.12385,0.23482,0.32615,0.13086
-0.37693,0.91884,0.11683,1.28733,1.67654,-1.17521
-0.39,0.9135,0.11588,1.54037,2.86058,-0.34877
-0.38086,0.91914,0.10067,0.51598,-0.99712,-0.98404
-0.34961,0.93286,0.08686,0.13239,-0.76335,-0.87572
-0.24962,0.96732,0.04456,0.07946,0.216,-0.91071
-0.10725,0.99422,-0.00532,-0.06168,1.73511,-0.98984
0.01602,0.99741,-0.07017,-0.88902,1.91846,-0.75927
0.08489,0.97664,-0.19741,-1.5399,2.37816,0.05661
0.11786,0.96448,-0.23642,-1.67895,1.41921,0.88771
0.13584,0.95605,-0.25985,0.38178,0.9708,0.87728
0.17479,0.94385,-0.28036,-0.15805,0.0609,0.70108
0.2238,0.92605,-0.30388,-0.45984,-0.56056,0.9549
0.27648,0.90925,-0.31116,-1.24023,-1.57344,0.59929
0.30135,0.90233,-0.3082,-1.58451,-1.63001,0.29276
0.2834,0.91017,-0.3021,-0.85171,-1.02219,-0.25931
0.23795,0.92246,-0.30405,-0.28124,-1.06759,0.07929
0.18882,0.93536,-0.29907,-0.37571,-0.92401,0.48066
0.14521,0.94981,-0.27709,-0.55107,-0.65594,0.67754
0.0962,0.97222,-0.21337,-0.13014,-0.01324,0.41337
0.01572,0.98859,-0.14977,-0.87277,1.38492,0.55131
-0.09355,0.99287,-0.07389,-0.49767,1.74245,-0.05761
-0.1768,0.98402,0.02099,-0.21235,3.66661,-0.04043
-0.19823,0.9746,0.10418,0.3548,2.3923,0.2056
-0.24795,0.95588,0.1575,-0.65959,1.42676,0.60775
-0.31575,0.93326,0.17126,-1.1646,0.95085,-0.30828
-0.36544,0.91015,0.19512,-1.22775,0.70343,-0.51942
-0.40239,0.88825,0.22157,0.35872,-0.62868,-0.4308
-0.41358,0.87682,0.24523,1.10749,-1.47939,-0.73682
-0.39888,0.88275,0.24829,1.26005,-1.97738,-0.61922
-0.36721,0.90395,0.21918,0.94449,-2.31004,-0.7364
-0.32935,0.9298,0.16433,1.17641,-2.05875,-0.56491
-0.29649,0.94849,0.11165,1.12495,-1.60054,-0.35715
-0.26932,0.95872,0.09119,0.09401,-0.10948,0.14657
-0.2682,0.95714,0.10937,-0.80988,0.56952,1.00619
-0.30402,0.94401,0.12813,-0.83226,0.52088,0.94859
-0.35373,0.928,0.11703,0.1036,-0.53789,-0.31001
-0.37808,0.91942,0.10825,1.95736,1.33139,-1.10197
-0.37455,0.92055,0.11088,1.41403,2.88427,0.62376
-0.38167,0.91976,0.09145,0.26233,-0.37243,0.40297
-0.34782,0.93468,0.07344,0.39636,-0.26622,-0.71455
-0.24409,0.96962,0.01596,0.29263,-0.30116,-0.65707
-0.12887,0.99092,-0.03828,-0.04608,1.43866,-0.82764
-0.02778,0.99632,-0.08112,-0.9544,1.64043,-0.4259
0.05709,0.98496,-0.16308,-1.7228,2.3759,0.64627
0.10688,0.97281,-0.20545,-1.39176,0.91813,0.54421
0.1403,0.96089,-0.23876,-0.02585,0.35652,0.70006
0.18426,0.94721,-0.26238,-0.06981,0.37021,0.72369
0.22443,0.92811,-0.29705,-0.47795,-0.30839,0.76369
0.26635,0.90785,-0.32382,-0.8704,-1.24011,1.07324
0.29158,0.89919,-0.32623,-0.89563,-1.23145,1.07566
0.27733,0.90522,-0.32196,-1.37857,-1.24569,-0.01204
0.23632,0.91746,-0.32003,-0.26692,-1.1071,0.16424
0.18731,0.93163,-0.31143,-0.21791,-1.12126,0.15564
0.14332,0.94588,-0.29115,-0.10046,-0.78954,0.64351
0.10932,0.96404,-0.24223,-0.28592,-0.31989,-0.35761
0.05465,0.98555,-0.1603,-0.23125,-0.3414,-0.43953
-0.03764,0.99518,-0.09059,-0.70129,0.87909,0.35286
-0.15262,0.98826,-0.00734,-0.85142,2.86962,-0.43119
-0.19917,0.97788,0.06385,-0.70624,4.7929,-0.10925
-0.24097,0.96384,0.11377,-0.59947,1.27026,0.70065
-0.30028,0.9442,0.13531,-1.09402,0.91755,0.06938
-0.34716,0.92559,0.15087,-1.1101,0.77833,-0.40488
-0.38665,0.90523,0.17621,0.18627,0.15249,-0.61914
-0.41205,0.88883,0.20047,1.05849,-1.32241,-0.61794
-0.40988,0.88767,0.20986,1.62014,-1.8355,-0.45822
-0.38111,0.90498,0.18911,1.30472,-2.36262,-0.64463
-0.33863,0.93012,0.14217,1.37039,-1.97412,-0.60147
-0.29762,0.95039,0.09047,1.23327,-1.58326,-0.27038
-0.25875,0.96435,0.05541,0.04334,-0.4599,0.01816
-0.23327,0.97045,0.06173,-0.61706,0.24351,0.56701
-0.25146,0.9647,0.07828,-0.80456,0.50721,0.72995
-0.30279,0.94915,0.08622,-0.06003,-0.05779,0.12078
-0.35055,0.9352,0.05023,0.91494,-1.12155,-0.25076
-0.36654,0.92921,0.04709,1.80452,-0.56013,-0.16827
-0.32136,0.94567,0.04935,0.60096,3.08798,-1.87877
-0.281,0.9597,-0.00103,-0.45153,-0.24967,-0.28168
-0.22722,0.97325,-0.03389,-0.60862,-0.63582,-1.09083
-0.12523,0.98888,-0.08022,-0.08769,0.98477,-0.35379
0.00253,0.99388,-0.11044,-1.00386,2.41144,-1.43598
0.0797,0.9773,-0.19627,-1.77427,3.04395,-0.58074
0.13316,0.96059,-0.24399,-1.61857,0.80952,1.34038
0.14965,0.9553,-0.25498,0.58711,0.65078,0.54561
0.18235,0.94546,-0.26992,0.49571,0.51925,0.55931
0.22451,0.9299,-0.29135,-0.55109,-0.9024,0.69797
0.26327,0.91108,-0.3172,-0.40243,-1.72535,1.04675
0.28463,0.90052,-0.3287,-1.04029,-1.48985,1.02816
0.27406,0.90323,-0.33026,-0.70155,-1.0372,-0.14418
0.24233,0.90969,-0.33726,-0.28345,-1.1959,0.35539
0.19864,0.92087,-0.33547,-0.17283,-1.21421,0.54346
0.16008,0.93762,-0.3086,-0.08011,-0.9164,0.67059
0.13265,0.95554,-0.26333,-0.38628,-0.37857,-0.47028
0.08494,0.9791,-0.18481,-0.19107,-0.1291,-0.16474
0.00043,0.99285,-0.11937,-1.18022,1.71667,0.41359
-0.12385,0.99155,-0.03843,-0.75058,2.23382,-0.17376
-0.19947,0.97919,0.03728,-0.56825,3.89587,-0.21326
-0.2317,0.96838,0.09248,-0.12744,1.79421,0.68557
-0.28818,0.95045,0.11655,-0.96555,1.07022,0.59946
-0.34031,0.93166,0.12728,-1.24377,0.83332,-0.11891
-0.38278,0.91138,0.15118,-0.20735,0.45437,-0.49848
-0.41336,0.89279,0.17902,0.65972,-1.12386,-0.83678
-0.41615,0.88573,0.20568,0.6625,-1.11679,-0.86344
-0.38899,0.89979,0.19762,1.54915,-2.49042,-0.71232
-0.34309,0.92589,0.15815,1.68132,-2.00655,-0.62789
-0.29308,0.95012,0.10665,1.57282,-1.7012,-0.39002
-0.24605,0.96705,0.0653,0.10776,-0.39232,-0.07876
-0.21016,0.97583,0.05983,-0.52498,0.16403,0.62424
-0.21677,0.97218,0.08872,-0.981,0.49098,0.95672
-0.2745,0.95557,0.10739,-0.45139,-0.29107,-0.14301
-0.33768,0.93799,0.07844,0.89035,-0.54507,-0.7649
-0.35598,0.93134,0.07669,1.43106,0.64286,-0.96394
-0.32666,0.94125,0.08571,0.05261,-0.79212,-0.60794
-0.3093,0.9486,0.06703,-0.21713,-0.53309,-1.55518
-0.24159,0.96976,0.03455,-0.24699,0.08436,-1.12693
-0.10902,0.99361,-0.02929,0.00985,1.60577,-0.64133
0.02353,0.99651,-0.0801,-0.25471,1.51365,-0.92099
0.10356,0.97907,-0.17521,-1.44236,2.33108,-0.23461
0.157,0.95931,-0.23467,-1.80407,1.07305,1.03748
0.17526,0.95351,-0.24517,-0.0973,0.90514,0.73935
0.2061,0.94386,-0.25817,0.18331,0.62894,0.68326
0.24221,0.93069,-0.27414,-0.43157,-0.60365,0.63836
0.28554,0.91363,-0.2894,-0.38461,-1.42951,0.83716
0.31806,0.89978,-0.29871,-1.03426,-1.51753,1.04525
0.31895,0.90059,-0.29531,-1.22174,-1.20541,0.05741
0.29533,0.90641,-0.30199,-0.32177,-1.12258,-0.0761
0.25809,0.9157,-0.30801,-0.19412,-1.08328,0.1328
0.21781,0.9303,-0.29514,-0.50391,-0.90301,0.41525
0.16945,0.95329,-0.25004,-0.55698,-0.5681,-0.40103
0.09904,0.97098,-0.21767,-0.77233,-0.44976,0.14412
0.0035,0.98879,-0.14925,-0.61147,2.06283,0.01289
-0.09094,0.994,-0.06083,0.0794,3.26485,-0.22063
-0.13109,0.99102,0.02641,0.43593,3.18109,0.3817
-0.16972,0.98277,0.07321,-0.10372,2.0058,0.63696
-0.23455,0.96798,0.08943,-1.31612,1.56766,0.23331
-0.29329,0.94988,0.10822,-1.32016,1.19415,-0.19229
-0.34259,0.93024,0.1315,-0.56102,0.14667,-0.08188
-0.37435,0.91436,0.15427,0.44413,-0.87724,-0.53982
-0.37419,0.91141,0.17119,0.9153,-1.35196,-0.85123
-0.34944,0.92341,0.15877,1.54945,-2.27567,-0.71663
-0.31263,0.94209,0.12136,1.77897,-2.21173,-0.26333
-0.26973,0.95966,0.07939,1.22353,-1.63255,-0.11354
-0.22543,0.97246,0.05918,-0.10463,-0.28105,-0.16677
-0.20223,0.9767,0.07186,-0.84185,0.45029,0.68696
-0.22546,0.96922,0.09889,-1.10696,0.61681,1.10623
-0.27901,0.95266,0.1208,-0.20347,-0.30938,-0.04713
-0.33517,0.93642,0.10381,1.69872,0.43821,-0.81477
-0.34049,0.93316,0.11522,1.70403,0.44147,-0.82619
-0.3411,0.93348,0.11078,0.24848,0.12452,-0.17331
-0.34227,0.93386,0.10367,0.223,-1.3328,-1.17356
-0.29201,0.95384,0.07018,0.50235,-0.00187,-0.70571
-0.16484,0.98627,0.01034,0.3116,1.70363,-0.81813
-0.03319,0.99902,-0.02918,-0.48955,1.59715,-1.20228
0.06472,0.99187,-0.10957,-1.25048,2.21484,-0.3258
0.13299,0.97197,-0.19386,-2.12921,1.64714,1.02306
0.1652,0.96043,-0.22422,-0.08146,0.78847,0.90008
0.20042,0.94781,-0.24797,0.21664,0.54757,0.77349
0.24301,0.93172,-0.26989,-0.27197,-0.34729,0.64361
0.29714,0.91148,-0.28443,-0.51205,-1.28798,0.85677
0.33887,0.89488,-0.29046,-1.15095,-1.42066,0.85236
0.34446,0.89388,-0.28693,-1.60604,-1.07546,0.05169
0.32121,0.9013,-0.29067,-0.64211,-1.07325,0.01119
0.28346,0.91278,-0.29409,-0.34634,-1.11574,0.28853
0.24328,0.92775,-0.28301,-0.2367,-1.0345,0.14393
0.20427,0.94369,-0.26025,-0.51659,-0.7416,-0.04077
0.14864,0.96492,-0.2164,-0.43285,-0.45865,-0.46484
0.06844,0.98327,-0.16882,-1.30773,1.38906,0.75902
-0.03783,0.99416,-0.1011,-0.33865,2.3871,-0.36756
-0.11826,0.99281,-0.01873,-0.18907,3.51997,-0.28951
-0.13925,0.98907,0.04847,0.42049,1.92664,0.42858
-0.19015,0.97845,0.08049,-0.76684,1.66491,0.9482
-0.27362,0.95803,0.08553,-1.33762,2.37002,0.48351
-0.31958,0.94188,0.10364,-0.64304,0.03646,-0.38032
-0.35653,0.92561,0.12703,-0.14264,-0.33401,-0.14
-0.3817,0.91242,0.14765,0.27351,-0.57447,-0.29786
-0.38355,0.90885,0.16397,1.07964,-1.90361,-0.79649
-0.35792,0.91909,0.16482,1.17431,-2.40699,-0.82191
-0.3166,0.93784,0.14221,1.39273,-2.56795,-0.72037
-0.27941,0.95393,0.10933,0.84272,-0.82626,-0.0724
-0.24924,0.96476,0.08436,0.07183,-0.18261,0.22054
-0.23335,0.96847,0.08724,-0.45356,0.28282,0.54095
-0.25582,0.96179,0.09754,-1.16034,0.54222,0.82317
-0.29752,0.94919,0.1026,0.04229,-0.53058,-0.74035
-0.3328,0.94016,0.07311,0.64782,-1.16751,-0.74018
-0.34038,0.93816,0.06316,2.71725,1.6023,0.70982
-0.30168,0.94938,0.08754,1.0258,4.01151,0.59419
-0.27862,0.95933,0.04545,-1.65173,0.60037,1.59438
-0.24419,0.96931,0.02856,0.06666,-1.13264,-0.6716
-0.16986,0.98471,-0.03857,0.41532,0.57284,-0.99866
-0.04278,0.99493,-0.09106,0.28824,0.56263,-0.94617
0.06875,0.98551,-0.15506,-1.06225,3.27229,-1.15086
0.13445,0.95719,-0.25633,-2.33197,1.81786,2.71068
0.15656,0.95147,-0.26493,-0.83239,0.8818,0.5074
0.18389,0.9398,-0.28803,0.31446,0.56823,0.45343
0.22299,0.92303,-0.31352,-0.51264,-0.70252,0.86486
0.26738,0.90494,-0.33105,-0.54317,-1.29817,1.06831
0.29895,0.89478,-0.33167,-1.53849,-1.30854,0.3431
0.2988,0.89707,-0.32553,-0.90049,-0.98559,-0.33412
0.27769,0.90112,-0.33297,-0.57052,-1.05487,-0.11698
0.24301,0.90885,-0.33903,-0.01786,-1.08042,0.61996
0.20964,0.92306,-0.3225,0.00392,-0.85144,0.50192
0.17987,0.93878,-0.29384,-0.12896,-0.82493,0.38905
0.14663,0.95537,-0.25645,-0.34229,-0.43347,1.09754
0.10415,0.97834,-0.17891,-0.38685,-0.23684,-0.99233
0.03368,0.99511,-0.09289,-0.23301,-0.19898,-0.41358
-0.08629,0.99594,-0.02566,-1.38331,2.19518,0.53181
-0.19663,0.97965,0.04023,-0.54234,5.34362,0.46258
-0.22543,0.97116,0.0776,-0.01082,3.66737,0.6261
-0.26974,0.95753,0.10186,-0.40692,0.81829,0.5193
-0.32644,0.93894,0.10878,-0.97181,0.73765,0.14961
-0.36928,0.92188,0.11737,-1.09957,0.7045,-0.04849
-0.40476,0.90609,0.12315,0.07925,-0.03857,-0.38863
-0.42086,0.89682,0.13634,0.73391,-1.24034,-0.56254
-0.4092,0.90186,0.13856,1.12622,-1.59447,-0.52357
-0.37162,0.9216,0.11204,1.29531,-2.41025,-0.56958
-0.32182,0.94478,0.06178,1.53414,-1.70301,-0.31395
-0.27541,0.96118,0.01692,1.03616,-1.05685,-0.24554
-0.23931,0.97094,0.0011,0.07325,-0.07563,0.09751
-0.23157,0.97255,0.02295,-1.19535,0.68708,1.15698
-0.27232,0.96132,0.04128,-1.25079,0.45421,0.87784
-0.32885,0.94396,0.02823,-0.25165,-0.69416,-0.19776
-0.36608,0.9304,-0.01863,2.63903,0.18085,-0.92322
-0.34956,0.93643,0.03014,2.6225,0.17482,-0.97199
-0.31206,0.95003,0.00776,-0.16534,1.92048,-1.58859
-0.28003,0.95914,-0.04034,-0.47119,-0.93622,-0.94259
-0.21534,0.97298,-0.08324,-0.53588,-0.95006,-0.89968
-0.10215,0.98523,-0.13741,-0.12395,0.87007,-0.58736
0.01308,0.98396,-0.17792,-0.84619,2.54133,-1.64946
0.06636,0.95193,-0.29905,-1.3134,2.84704,-0.68368
0.12361,0.93197,-0.3408,-1.2791,1.22994,2.20823
0.14007,0.92673,-0.34863,0.3568,0.62197,0.63412
0.1737,0.91384,-0.36706,0.32317,0.63487,0.65255
0.22235,0.89622,-0.38385,-0.44652,-1.49493,0.94718
0.26096,0.88208,-0.39221,-1.43273,-1.7199,0.63106
0.26981,0.87856,-0.39411,-1.83068,-1.579,0.5033
0.2445,0.88414,-0.39815,-0.648,-1.01358,-0.08976
0.19123,0.89204,-0.4095,-0.13952,-0.89487,0.49147
0.13435,0.90652,-0.4002,-0.03511,-0.7003,0.68337
0.09291,0.92461,-0.36942,-0.26285,-0.52687,0.96337
0.06279,0.95001,-0.30583,-0.36775,-0.09735,-0.54798
0.00256,0.97358,-0.22832,0.07745,0.05088,0.08882
-0.10953,0.98167,-0.15596,-0.9353,2.42058,0.0529
-0.24035,0.96836,-0.06722,-0.15547,5.25131,0.426
-0.26798,0.96326,0.01795,0.49063,4.03876,0.4535
-0.31091,0.94796,0.06857,-0.01326,1.00083,0.78809
-0.38561,0.91925,0.07925,-0.66834,0.62216,0.0594
-0.45369,0.88681,0.08794,-1.07747,0.40865,-0.19669
-0.49398,0.86224,0.11192,-0.09413,-0.36756,-0.30936
-0.5066,0.85139,0.13598,0.76327,-1.68388,-0.51503
-0.48575,0.86297,0.13903,1.12705,-2.11421,-0.55881
-0.43942,0.89058,0.11742,1.42471,-2.35324,-0.66933
-0.38783,0.91884,0.07292,1.80342,-2.19027,-0.39015
-0.34281,0.93926,0.01624,1.76293,-1.79179,-0.03896
-0.30055,0.95374,-0.00666,0.00436,0.16186,0.25686
-0.29077,0.9566,0.01915,-1.24702,1.11777,1.03526
-0.34232,0.93899,0.03349,-1.54973,1.21658,0.56478
-0.40423,0.91465,-0.00177,0.65734,-0.16806,-0.48568
-0.40999,0.91166,0.02797,2.29961,3.12879,2.36893
-0.40106,0.91605,-0.00298,1.51596,1.40872,0.12404
-0.37236,0.92698,-0.04538,0.29559,-0.3774,-1.29505
-0.2828,0.95527,-0.08645,0.12786,0.95273,-0.37252
-0.14249,0.98023,-0.13731,-0.01245,0.92778,-0.32166
-0.02408,0.98414,-0.17576,-0.80319,2.1025,-1.08842
0.03726,0.9642,-0.26256,-1.47273,1.2212,0.58063
0.09378,0.93841,-0.33256,-1.67367,0.65505,1.01673
0.11816,0.9278,-0.35388,-0.26016,0.84884,0.82449
0.15147,0.91586,-0.37183,-0.39167,-0.11952,0.83104
0.19295,0.90024,-0.3903,-0.43316,-0.1039,0.84951
0.24672,0.87902,-0.40798,-0.03542,-1.09091,1.0557
0.28861,0.86301,-0.41463,-1.60285,-1.10006,0.54808
0.29506,0.8636,-0.40882,-1.6093,-1.10064,0.54228
0.255,0.87618,-0.40901,-0.75329,-1.26854,-0.08274
0.1878,0.89188,-0.41143,-0.46017,-0.69048,0.65081
0.13245,0.91057,-0.39155,-0.38181,-0.49112,0.96765
0.08964,0.94376,-0.31823,0.6055,0.41228,0.40148
0.01109,0.967,-0.25455,-0.9537,2.61742,0.1797
-0.11458,0.97654,-0.18234,-0.82803,2.60788,0.1075
-0.21064,0.97411,-0.08206,0.12382,4.72665,-0.01111
-0.22568,0.97417,0.00812,0.76387,1.85237,0.42258
-0.27692,0.95946,0.05242,0.75568,1.32618,0.59683
-0.37153,0.92682,0.0545,-0.77472,0.53308,-0.24034
-0.44693,0.89297,0.05352,-0.42829,0.24261,-0.1811
-0.49646,0.86549,0.06673,0.13995,-0.02971,-0.11167
-0.51555,0.85214,0.08974,0.87377,-1.55135,-0.28869
-0.4972,0.86156,0.10251,1.13454,-2.22812,-0.56965
-0.45298,0.88663,0.09326,1.00338,-2.18593,-0.52455
-0.40268,0.91353,0.05755,1.2409,-2.04074,-0.02264
-0.35189,0.93585,0.01888,0.88423,-1.17668,0.16111
-0.29803,0.95454,0.00524,0.48078,-0.73196,0.12654
-0.26733,0.9636,0.00096,-0.60152,0.41689,0.24029
-0.29554,0.95527,0.01023,-1.38917,0.6886,-0.02786
-0.35975,0.93303,-0.0063,-1.15591,-0.16583,-0.2652
-0.38569,0.92253,0.01344,3.15793,-0.04919,0.45102
-0.36197,0.92835,0.08457,0.32553,4.46992,-1.38074
-0.36017,0.93239,0.03052,-0.83138,2.46539,-4.14305
-0.33459,0.94235,-0.00433,0.34255,-0.80716,-0.33141
-0.26866,0.96159,-0.05629,0.16486,-0.00666,-0.08519
-0.15851,0.98141,-0.10819,0.01659,1.01972,-0.28925
-0.043,0.98934,-0.13912,-0.36457,2.29804,-0.33427
0.03136,0.97489,-0.22047,-0.95996,1.09573,0.35745
0.08258,0.96373,-0.25379,-0.90865,0.68613,0.97573
0.11285,0.95963,-0.25764,-0.45306,0.96312,0.82943
0.15327,0.95305,-0.26115,-0.49084,0.07074,0.23432
0.19493,0.94191,-0.27352,-0.68119,-0.24408,0.2278
0.23186,0.92813,-0.29124,-0.71678,-1.46217,0.75451
0.25819,0.91876,-0.29869,-0.92595,-1.58163,0.40255
0.26163,0.917,-0.30109,-0.91414,-1.45722,0.25579
0.24556,0.92079,-0.30306,-0.54189,-0.86812,0.2168
0.21503,0.92983,-0.29864,-0.28192,-0.78114,0.23539
0.18135,0.94348,-0.27741,-0.17912,-0.82773,0.38552
0.15746,0.9597,-0.23276,0.031,-0.71783,0.8219
0.14225,0.97742,-0.15626,0.06189,-0.49199,0.67137
0.10849,0.99306,-0.04547,-0.09062,-0.36801,-0.1185
0.02724,0.99671,0.07629,-0.37701,0.52386,-1.04989
-0.11231,0.98367,0.14064,-0.68426,2.54384,0.86917
-0.18953,0.96231,0.19503,-0.28331,4.09708,-0.07015
-0.21754,0.94707,0.23608,0.23369,1.13118,0.43982
-0.30366,0.91805,0.25489,-0.9002,1.22834,0.48597
-0.37055,0.89327,0.25449,-1.19537,0.13005,-0.47943
-0.37938,0.87875,0.28962,-0.94483,-0.21131,-0.64776
-0.37542,0.87194,0.31428,0.02258,-0.49447,0.11068
-0.36181,0.87162,0.33072,0.00897,-0.49414,0.09424
-0.338,0.87983,0.33415,0.52435,-1.73162,-0.80792
-0.29953,0.89836,0.3213,0.68161,-1.83676,-0.84922
-0.2476,0.92306,0.29436,0.73944,-1.87004,-0.79033
-0.18716,0.94704,0.26094,0.80592,-0.79768,-0.37654
-0.12465,0.96095,0.24703,0.05153,0.00082,-0.16117
-0.09009,0.95901,0.26865,-0.34791,0.24811,0.08114
-0.11083,0.95008,0.29166,-0.62424,-0.15969,0.28357
-0.16073,0.9357,0.31406,-0.07024,-0.79997,0.05721
-0.21685,0.92152,0.32213,0.2917,-0.72862,-0.37937
-0.2368,0.90728,0.34751,0.55511,4.11634,1.25909
-0.27728,0.87686,0.39273,-1.18834,-0.21484,-0.29904
-0.31065,0.86713,0.38933,0.1322,-1.42368,0.26757
-0.30718,0.88531,0.34909,0.91309,-0.74481,-0.91481
-0.21651,0.92386,0.31561,-0.4214,0.80388,0.01455
-0.10599,0.95108,0.29019,-1.47744,2.07742,-0.19914
-0.01451,0.96379,0.26625,-1.43538,1.45865,-0.50877
0.05658,0.97409,0.21897,-0.74639,0.78636,-0.47855
0.0934,0.98434,0.14949,-0.52565,0.53066,-0.26764
0.13284,0.98689,0.09169,0.09443,1.34235,0.47177
0.18313,0.9818,0.05021,-0.73686,0.8512,0.83221
0.22035,0.97515,0.02273,-0.95958,0.05617,0.69629
0.25311,0.96742,0.00573,-0.72297,-0.97395,0.30202
0.28231,0.9593,-0.00621,-0.58232,-1.44369,0.05935
0.29819,0.95419,-0.02461,-0.52221,-1.64976,0.05966
0.29652,0.9545,-0.03169,-0.72674,-1.36281,0.50209
0.27649,0.96084,-0.01813,-0.62781,-0.83777,0.16096
0.24249,0.97011,0.00862,-0.51111,-0.8402,-0.06212
0.20621,0.97777,0.03785,-0.20685,-0.89689,0.07947
0.17184,0.98281,0.06743,-0.12328,-0.84883,0.18922
0.12806,0.98272,0.13361,-0.06067,-0.69205,-0.16521
0.05459,0.97643,0.20881,-0.80277,0.66806,-0.92896
-0.07559,0.9728,0.21898,-1.29294,2.17833,-0.13461
-0.17825,0.95679,0.22972,-1.39796,4.09646,-0.515
-0.24945,0.93371,0.25683,-0.59018,1.55393,0.28512
-0.34127,0.90755,0.2447,-1.43361,1.50849,0.36149
-0.4074,0.88323,0.23222,-1.74337,1.43433,-0.11147
-0.4459,0.86352,0.23558,-0.17212,-0.25625,-0.01143
-0.45031,0.85693,0.25079,1.59933,-1.43728,-0.52415
-0.41974,0.86394,0.27825,1.56876,-1.44429,-0.55161
-0.37682,0.87867,0.29316,1.22302,-0.95097,-0.65142
-0.34006,0.89671,0.28333,1.20991,-1.12541,-0.35555
-0.3108,0.91734,0.24876,1.18066,-1.14604,-0.32098
-0.27844,0.94002,0.19704,0.39346,-1.24316,-0.25512
-0.23977,0.95953,0.14768,0.16152,-1.13695,-0.27401
-0.20139,0.97161,0.12413,-0.285,-0.68562,-0.19512
-0.18859,0.97542,0.114,-0.86341,0.41014,0.28168
-0.21726,0.97202,0.08934,-0.82766,0.01784,-0.01813
-0.24393,0.96809,0.05748,0.26513,-0.54447,0.11194
-0.23776,0.96705,0.09101,0.53929,1.84449,-0.2956
-0.22566,0.97061,0.08361,-0.20462,0.09044,0.0251
-0.20019,0.97633,0.08192,-0.0644,-0.49474,-0.63197
-0.13727,0.98927,0.05007,-0.03725,0.54291,-0.51252
-0.04613,0.99893,-0.00019,-0.33737,1.48114,-1.0574
0.04593,0.99761,-0.05156,-0.98828,1.79635,-1.10552
0.11652,0.98239,-0.14606,-1.99073,1.24674,1.03186
0.15965,0.97243,-0.16997,-0.46337,1.21383,0.72443
0.18714,0.96445,-0.18657,0.55796,1.17617,0.71204
0.22063,0.95567,-0.19498,-0.92506,-0.04695,0.64178
0.2559,0.94385,-0.20897,-0.79315,-0.94687,0.32529
0.28283,0.9282,-0.24177,-0.75901,-1.23397,0.35759
0.29191,0.91794,-0.26867,-1.24115,-1.42047,0.68356
0.27221,0.9215,-0.27702,-1.01502,-1.02094,0.03979
0.23256,0.93039,-0.28334,-0.56401,-0.95359,-0.11661
0.18726,0.93855,-0.28992,-0.05742,-1.16735,0.29392
0.1459,0.94864,-0.2807,0.053,-1.02164,0.31683
0.1123,0.9615,-0.25083,0.07505,-0.94738,0.32762
0.07893,0.97863,-0.18988,-0.06961,-0.45871,-0.40106
0.01701,0.9934,-0.11345,-0.29546,0.13377,0.11893
-0.08806,0.99388,-0.06674,-0.61663,0.90336,0.98741
-0.19807,0.98016,-0.00674,-0.52126,3.80099,0.12634
-0.23967,0.97009,0.03848,-0.57591,2.46301,0.51824
-0.28243,0.95637,0.07469,-0.88498,1.33475,0.76236
-0.3381,0.93659,0.09214,-1.65433,0.97418,0.21197
-0.37707,0.91837,0.12007,-0.84592,0.99945,-0.32246
-0.40601,0.902,0.14678,-0.27451,0.81036,-0.38634
-0.42579,0.88921,0.16735,0.96087,-0.69565,-0.42447
-0.42746,0.88712,0.17408,1.36914,-1.73778,-0.27369
-0.40542,0.90046,0.1575,1.3472,-2.16531,-0.28944
-0.36508,0.92394,0.11423,1.04374,-2.24346,-0.43559
-0.32097,0.94535,0.05732,0.88213,-1.21884,-0.35198
-0.28245,0.95925,0.00732,0.3892,-0.62585,-0.23939
-0.2533,0.96737,-0.00624,-0.22273,-0.06955,0.24141
-0.25619,0.96644,0.01919,-0.95819,0.22268,0.43804
-0.28952,0.95691,0.02219,-0.5025,0.03476,0.29146
-0.3252,0.94561,-0.00788,1.13407,-0.43404,0.09961
-0.33769,0.94126,0.00057,1.71295,0.4713,-0.41017
-0.30124,0.9534,0.01699,1.21948,2.13894,0.35388
-0.29218,0.95621,-0.01729,-0.22392,-0.22912,-0.32658
-0.25437,0.96621,-0.04172,-0.44218,-0.71254,-0.93153
-0.1531,0.98398,-0.09135,-0.29348,0.70805,-0.37516
-0.02972,0.99091,-0.13117,-0.59084,1.53335,-0.78569
0.06231,0.98056,-0.18607,-1.0652,1.62779,-0.34178
0.11854,0.95797,-0.26124,-2.00593,1.39901,0.81298
0.14829,0.94555,-0.28972,-0.46756,1.12464,0.99595
0.17177,0.93482,-0.31082,0.2409,0.61732,0.83168
0.21039,0.92063,-0.3289,-0.40176,0.43928,0.79294
0.25225,0.90165,-0.35128,-0.82885,-0.66266,0.81771
0.28797,0.88268,-0.37141,-0.98444,-1.52906,0.91278
0.30027,0.87496,-0.37983,-1.40646,-1.55573,0.63043
0.27339,0.88257,-0.38253,-1.33557,-1.27585,0.18103
0.2215,0.89536,-0.38635,-0.28286,-0.98151,0.16334
0.16609,0.90999,-0.3799,-0.23328,-0.96335,0.41945
0.11993,0.92744,-0.35421,-0.27821,-0.36749,0.24149
0.07515,0.95485,-0.28741,-0.07014,-0.00257,0.47775
0.0027,0.97288,-0.23131,-0.51637,0.58115,0.3569
-0.10219,0.98169,-0.16077,-0.25261,2.77564,-0.12782
-0.17207,0.98199,-0.078,0.52022,3.09804,0.58176
-0.19108,0.98154,-0.0076,0.57693,1.78845,0.33386
-0.23281,0.97207,0.02952,-0.98606,1.21869,0.66284
-0.29586,0.95432,0.04176,-1.44167,1.02629,0.0183
-0.35506,0.9329,0.06029,-1.26634,0.67074,-0.2235
-0.40359,0.9107,0.08789,0.33513,-0.36433,-0.29304
-0.42636,0.89705,0.11625,0.87858,-1.18064,-0.78466
-0.41839,0.89938,0.12669,0.94285,-1.59137,-0.72928
-0.38714,0.91563,0.10831,1.22297,-2.13802,-0.50365
-0.34425,0.93647,0.06716,1.36637,-1.95661,-0.30919
-0.29404,0.9557,0.01326,1.3978,-1.79824,-0.14355
-0.24167,0.9701,-0.02238,0.36112,-0.42713,-0.10372
-0.21003,0.97768,-0.00567,-0.47426,0.49071,0.58856
-0.23567,0.9715,0.02527,-0.84912,0.8271,1.17745
-0.29409,0.95532,0.02959,-0.33289,-0.17886,0.14575
-0.34155,0.9398,-0.0113,0.94532,-1.27628,-0.26758
-0.33666,0.9413,0.02494,2.53608,-0.35186,-0.41025
-0.30662,0.95178,0.00974,-0.60241,2.55579,-1.82813
-0.29425,0.95557,-0.01739,-0.36446,-0.98638,-1.14566
-0.24833,0.96752,-0.04723,-0.41038,-0.99833,-1.11582
-0.14079,0.98443,-0.10521,-0.1634,0.66201,-0.32672
-0.00913,0.98999,-0.14086,-1.45517,2.80811,-0.5818
0.06889,0.974,-0.21581,-1.53318,2.82409,-0.50685
0.1079,0.95904,-0.26191,-1.74133,0.27289,0.31296
0.11626,0.95058,-0.28789,0.81025,0.88057,0.57779
0.14682,0.93811,-0.31367,0.77969,0.89304,0.60357
0.1855,0.91919,-0.34738,-0.48228,-0.74546,1.09541
0.22917,0.89857,-0.37425,-0.30436,-1.28133,1.06097
0.2634,0.88315,-0.38815,-0.933,-1.58295,0.82659
0.26703,0.88202,-0.38825,-1.29964,-1.12722,0.15343
0.23767,0.89018,-0.3887,-0.45947,-0.94305,0.15257
0.18745,0.90366,-0.38506,-0.20567,-0.91486,0.33098
0.1427,0.92021,-0.36448,-0.08171,-0.77966,0.77946
0.11565,0.9387,-0.32477,-0.25365,-0.55137,0.55058
0.08344,0.96512,-0.24814,-0.33498,-0.29206,-0.55701
0.00969,0.9818,-0.18965,-1.33356,1.35409,0.50287
-0.10814,0.98622,-0.12518,-0.86537,2.73198,-0.15999
-0.19134,0.98068,-0.04077,-0.50909,4.28214,0.06738
-0.20266,0.97885,0.02802,0.24961,1.2011,0.6226
-0.23656,0.96918,0.06875,-0.5486,0.92095,0.67629
-0.28395,0.95526,0.08273,-0.88069,1.08597,0.33541
-0.33784,0.93693,0.08955,-0.64074,0.51851,-0.29724
-0.38319,0.91787,0.1033,0.44381,-0.41923,-0.39357
-0.40173,0.90786,0.11999,0.79942,-0.95677,-0.73117
-0.39071,0.91245,0.12159,1.11831,-2.05521,-0.56705
-0.35496,0.92984,0.09698,1.12558,-2.2266,-0.43438
-0.30753,0.9502,0.05038,1.12289,-2.18298,-0.4607
-0.26218,0.96501,0.00368,0.85585,-1.15145,-0.05602
-0.22451,0.97433,-0.01667,0.09817,-0.28192,0.17794
-0.21636,0.97631,0.00163,-0.26829,0.07903,0.63866
-0.25702,0.96628,0.01568,-1.03189,0.60654,0.66964
-0.31028,0.95064,-0.00245,0.11808,-0.73374,-0.35629
-0.33837,0.94101,-0.00181,1.29715,-0.14159,0.08865
-0.30929,0.95094,0.007,0.96838,1.96363,-0.80978
-0.28106,0.95928,-0.02796,-0.10844,-0.83283,-0.36632
-0.2367,0.96929,-0.06669,-0.41887,-1.15935,-1.23203
-0.13039,0.98327,-0.12719,-0.17844,1.17708,-0.22831
0.00754,0.98565,-0.16865,-0.85685,2.98919,-1.09441
0.07597,0.9658,-0.24791,-1.39488,2.94398,-0.49876
0.12238,0.94808,-0.29356,-1.62038,0.35219,0.77738
0.13164,0.94414,-0.3021,-0.57178,0.69625,0.76822
0.15013,0.9367,-0.3163,-0.08629,0.45874,0.57932
0.18523,0.91987,-0.34571,-0.15542,-0.42255,0.82901
0.22268,0.89749,-0.38069,-0.46921,-1.42872,1.09819
0.24883,0.88353,-0.39682,-1.16325,-1.31843,0.55073
0.2466,0.88261,-0.40024,-1.36121,-1.21998,0.46247
0.217,0.89004,-0.40093,-0.24706,-0.87553,0.06974
0.16807,0.90311,-0.39515,-0.0555,-0.83463,0.26944
0.12506,0.91807,-0.37617,0.0241,-0.78149,0.63132
0.09557,0.93912,-0.33003,-0.22978,-0.58711,0.07389
0.04787,0.96264,-0.26652,-0.07237,-0.33579,-0.01384
-0.04896,0.97741,-0.20558,-0.75478,1.91074,-0.15797
-0.16475,0.97836,-0.12515,-0.41972,3.05557,-0.22146
-0.19168,0.98052,-0.04275,0.59114,3.46949,0.93689
-0.20048,0.97965,0.00935,0.24093,1.14587,0.53879
-0.25177,0.96739,0.02776,-1.61781,1.25029,0.1498
-0.32669,0.94422,0.04138,-1.79027,0.97693,-0.22022
-0.38327,0.921,0.06964,-0.39868,0.38199,-0.53558
-0.4173,0.90232,0.10808,1.13733,-0.66077,-1.06836
-0.42388,0.89404,0.14496,1.39785,-1.25381,-0.97115
-0.41077,0.90049,0.14276,1.46239,-2.30868,-0.53312
-0.38256,0.91764,0.10766,1.5274,-2.18759,-0.37908
-0.3481,0.936,0.05219,1.4929,-1.94101,-0.26863
-0.31155,0.95023,0.00047,0.84332,-1.13059,0.03903
-0.28029,0.95991,-0.00253,-0.44892,0.17771,0.69778
-0.287,0.95765,0.02302,-0.99373,0.5296,1.1958
-0.33265,0.94247,0.03295,0.11217,1.37883,1.09182
-0.38646,0.92058,0.05648,0.37872,2.97911,-1.05341
-0.39961,0.91532,0.05011,0.89631,-0.39876,0.03235
-0.38227,0.92337,0.03556,0.70165,-1.29678,-1.09104
-0.31105,0.95039,0.0023,0.57347,-0.18832,-1.2308
-0.1709,0.98325,-0.06342,0.08879,1.18506,-0.69246
-0.04449,0.99218,-0.11658,-0.60744,1.95166,-1.00039
0.0396,0.97953,-0.19736,-1.86534,1.78791,1.11848
0.10012,0.95986,-0.262,-1.94592,1.00065,1.01969
0.1167,0.9533,-0.27857,-0.74066,0.97892,0.87873
0.14561,0.94485,-0.29334,0.08591,0.42415,0.68936
0.18274,0.93349,-0.30855,-0.13901,0.08621,0.64828
0.22795,0.91434,-0.3347,-0.19217,-1.03833,0.9088
0.27132,0.89455,-0.35519,-0.77158,-1.24755,1.07679
0.29437,0.88519,-0.36025,-1.21318,-1.13245,0.70504
0.28187,0.89214,-0.35303,-1.11851,-1.12476,0.09877
0.24238,0.90717,-0.34393,-0.32362,-1.05754,-0.12633
0.19945,0.92223,-0.33124,-0.20972,-1.17114,0.09875
0.16371,0.93815,-0.30506,-0.29407,-0.78592,0.24728
0.12083,0.95818,-0.25939,-0.20099,-0.32481,0.48989
0.05148,0.97555,-0.21368,-0.71945,0.30534,0.87575
-0.04161,0.98842,-0.14589,-0.48778,2.17239,-0.27685
-0.11285,0.99135,-0.06695,0.10954,3.18356,0.32673
-0.1419,0.98988,0.00268,0.36741,2.44105,0.57109
-0.17985,0.98292,0.03894,-0.42259,1.2634,0.37132
-0.23143,0.97139,0.05335,-0.96014,1.1885,0.13961
-0.29421,0.9535,0.06545,-0.95829,0.93664,-0.11585
-0.34862,0.93389,0.07945,-0.22546,0.41908,-0.20127
-0.38229,0.919,0.09645,0.54911,-0.72789,-0.60759
-0.38853,0.91579,0.10188,1.07373,-1.54761,-0.50436
-0.36669,0.9267,0.08222,1.28636,-2.29146,-0.53228
-0.32325,0.94526,0.04462,1.41567,-2.12594,-0.32788
-0.27421,0.96167,-0.00121,1.34393,-1.83636,-0.0879
-0.23123,0.97242,-0.03056,0.23872,-0.31759,0.18222
-0.21078,0.97727,-0.0225,-0.60848,0.45537,1.18661
-0.23682,0.97152,0.00754,-1.09305,0.80188,1.28745
-0.29493,0.95537,0.01682,-0.71887,0.143,0.34666
-0.34161,0.93946,0.02681,1.14801,2.58743,-0.40688
-0.34283,0.93896,0.02871,1.1703,1.30199,0.27669
-0.3288,0.9444,0.00249,0.35213,-1.0104,-1.08906
-0.28786,0.9573,-0.0268,0.26891,-0.24607,-0.81442
-0.16435,0.98199,-0.0932,-0.00234,1.02608,-0.446
-0.04357,0.99032,-0.13177,-0.57216,2.18815,-1.29897
0.02071,0.97911,-0.20227,-1.54912,1.62811,1.57548
0.07709,0.96445,-0.25279,-1.63285,1.20644,1.64088
0.10225,0.95931,-0.26318,-0.40291,0.72477,0.70288
0.13903,0.95048,-0.27796,-0.21601,0.08581,0.609
0.17584,0.93751,-0.30025,-0.67079,-0.08153,0.56316
0.21275,0.91887,-0.33227,-0.24354,-1.27889,0.83049
0.24056,0.89958,-0.36453,-0.74297,-1.29057,0.98297
0.25101,0.89147,-0.3772,-1.24219,-1.01296,0.76938
0.23695,0.89677,-0.37372,-0.84059,-1.0128,0.00955
0.19732,0.90883,-0.36754,-0.26919,-1.02465,0.13717
0.15052,0.92345,-0.35295,-0.11549,-1.03422,0.27286
0.1133,0.9374,-0.32931,-0.20152,-0.72513,0.43017
0.07442,0.95885,-0.274,-0.22754,-0.28316,0.23732
0.00611,0.97502,-0.22203,-0.56759,0.12337,0.62001
-0.10481,0.98278,-0.1522,-0.55315,2.10499,-0.15445
-0.19265,0.97846,-0.07419,0.14892,3.69645,0.12735
-0.1996,0.97982,0.01068,0.67224,2.50144,0.47594
-0.21724,0.97448,0.05651,-0.03882,1.42094,0.6847
-0.26179,0.96262,0.06946,-0.8514,1.40603,0.33956
-0.32439,0.94336,0.06959,-0.98332,1.06279,0.11129
-0.37322,0.92366,0.087,-0.45699,0.18389,-0.30594
-0.4022,0.90859,0.11273,0.23344,-0.5975,-0.66786
-0.40688,0.9046,0.1271,0.62822,-1.06361,-0.7188
-0.38364,0.91597,0.11758,1.3116,-2.39822,-0.62857
-0.33966,0.93662,0.08583,1.44805,-2.3672,-0.2419
-0.2878,0.95698,0.03685,1.36521,-2.10856,-0.20784
-0.23621,0.9717,0.00282,0.50367,-0.74185,-0.15388
-0.20672,0.97826,0.0164,-1.04313,0.71725,1.28232
-0.23502,0.97019,0.05914,-1.53841,1.1584,1.36078
-0.29762,0.9518,0.0742,-0.87205,0.02332,0.15435
-0.34504,0.93616,0.0674,2.65454,1.36082,-0.90796
-0.3298,0.93498,0.13059,2.01778,3.29392,1.20159
-0.34871,0.9323,0.09595,-0.87124,0.2085,-2.15551
-0.35768,0.9319,0.06027,0.29362,-1.3188,-1.07903
-0.31388,0.94938,0.01269,0.4855,-0.75094,-0.54134
-0.20498,0.97729,-0.05369,-0.17403,2.01483,-0.58507
-0.09465,0.99137,-0.09067,-0.34173,2.33535,-1.02017
-0.02284,0.98845,-0.1498,-1.35249,2.115,0.66031
0.02515,0.98021,-0.19634,-1.32258,0.60438,0.43411
0.05141,0.97373,-0.2218,-0.84258,0.54636,0.66159
0.07502,0.96817,-0.23879,-0.04528,0.19825,0.79807
0.11183,0.95958,-0.25826,0.08275,-0.03984,0.48319
0.14817,0.94605,-0.28815,-0.2635,-0.98957,0.84423
0.18345,0.93393,-0.3068,-0.40838,-1.23112,0.93092
0.20379,0.92807,-0.3117,-1.11897,-1.41104,0.2512
0.19982,0.92955,-0.30983,-0.79491,-1.08013,0.17193
0.17527,0.93554,-0.30666,-0.51074,-0.94352,0.18048
0.13913,0.94492,-0.29625,0.0125,-0.85615,0.40606
0.10937,0.95463,-0.27698,-0.03876,-0.8158,0.61359
0.08838,0.96729,-0.2378,-0.12474,-0.81573,0.54595
0.05148,0.98306,-0.17592,-0.33679,-0.3196,0.25206
-0.0223,0.99041,-0.13632,-1.31061,1.50075,0.23959
-0.13005,0.9884,-0.07837,-1.05088,2.03695,-0.20692
-0.19642,0.98036,-0.01789,0.25222,2.8883,0.44659
-0.2097,0.97712,0.03558,0.42949,1.35032,0.5679
-0.23397,0.97067,0.05537,0.3788,1.1966,0.48943
-0.27607,0.96017,0.04311,-0.97476,1.13227,0.2279
-0.33831,0.94078,0.02194,-1.02644,0.62836,-0.15625
-0.38123,0.92435,0.01565,-0.82319,0.34627,-0.12263
-0.40631,0.91346,0.02239,-0.00386,-0.57748,-0.19826
-0.40511,0.91344,0.03882,0.56507,-1.122,-0.32578
-0.37892,0.92438,0.04409,0.8109,-1.44718,-0.32138
-0.32798,0.94409,0.03342,0.9368,-1.91155,-0.31066
-0.26917,0.96299,0.01429,1.16041,-1.82605,-0.2107
-0.22755,0.97376,-0.00201,1.18078,-1.58047,-0.12496
-0.20438,0.97888,0.00401,0.33814,-0.42931,0.24808
-0.20904,0.97715,0.03833,-1.26392,0.47925,0.62074
-0.25307,0.96594,0.05394,-1.21989,0.49046,0.60513
-0.30803,0.95018,0.04774,-0.26428,-0.74055,-0.13548
-0.33861,0.93908,0.05887,1.10593,0.97133,-0.47597
-0.34121,0.93552,0.09152,1.39254,2.70298,1.411
-0.36628,0.92648,0.0865,-0.01324,-0.46494,-0.39087
-0.36915,0.92698,0.0666,0.53374,-0.56005,-0.64811
-0.31511,0.94885,0.01966,0.26485,0.28501,-0.33797
-0.23434,0.97135,-0.03958,-0.66136,1.7705,-0.81018
-0.18159,0.98089,-0.06979,-1.03804,1.37769,0.45216
-0.14375,0.9848,-0.09752,-0.91417,0.58056,0.1819
-0.09903,0.98594,-0.13458,-0.54584,0.57233,0.03664
-0.06061,0.9814,-0.18217,-0.32327,0.20664,0.45924
-0.02668,0.97386,-0.22557,-0.28187,0.24487,0.50232
0.00529,0.96525,-0.26129,-0.3076,0.11508,0.48793
0.03958,0.95675,-0.28821,-0.12485,-0.29354,0.85721
0.07252,0.94979,-0.30437,-0.23672,-0.46729,0.91352
0.10289,0.94635,-0.30632,-0.34595,-0.90559,0.61408
0.11905,0.94716,-0.29785,-0.37914,-1.39397,0.21613
0.11718,0.95057,-0.28756,-0.36333,-1.37363,0.30634
0.10049,0.95695,-0.27232,-0.3959,-0.98104,0.3305
0.07784,0.96596,-0.24671,-0.28267,-0.74648,0.04143
0.045,0.97768,-0.20522,-0.2492,-0.62537,-0.41061
-0.00688,0.98525,-0.17101,-0.85222,0.52385,-0.06004
-0.0862,0.98701,-0.13553,-1.07754,2.47624,-0.39916
-0.1664,0.98105,-0.0993,-0.46493,3.49816,-0.41624
-0.19523,0.97908,-0.05735,0.66798,1.15062,0.47761
-0.22371,0.97427,-0.02751,0.54433,0.53824,0.48023
-0.24441,0.96957,-0.01422,0.29723,0.48467,0.20448
-0.25683,0.96645,-0.00326,-0.47912,0.36509,-0.07906
-0.2979,0.95455,-0.00989,-0.70921,0.44211,-0.02909
-0.34581,0.93817,-0.01566,-0.69322,0.14058,-0.02719
-0.3712,0.92851,-0.00869,0.31579,-0.20136,0.07575
-0.3793,0.92527,-0.00275,0.59362,-0.78385,0.03887
-0.3658,0.93069,0.00098,0.63055,-1.08736,-0.02323
-0.3318,0.94335,0.00136,0.48956,-1.56394,-0.02576
-0.28375,0.95889,-0.00468,0.42249,-1.56388,0.11418
-0.22853,0.97348,-0.01014,0.38861,-1.52043,0.17332
-0.18359,0.983,-0.00251,0.02676,-0.82735,0.2756
-0.17348,0.98476,0.01241,-0.79702,0.25017,0.5581
-0.2045,0.97769,0.04787,-0.97618,0.7977,0.77101
-0.25894,0.96316,0.07261,-0.85956,0.11464,0.36565
-0.3199,0.9458,0.05597,0.24566,-0.44311,-0.34288
-0.34984,0.93597,0.0397,1.16682,0.69569,-0.74763
-0.35984,0.93099,0.06142,-0.45399,2.194,0.13743
-0.37517,0.9255,0.05199,0.18922,-0.65412,-0.52103
-0.3738,0.92688,0.0342,0.50838,-0.83824,-0.60293
-0.35064,0.93639,0.01514,0.59845,-0.13328,-0.23245
-0.29065,0.95681,-0.0065,0.33484,1.2387,-0.29172
-0.233,0.97213,-0.02614,0.12305,1.4579,-0.49793
-0.19399,0.97873,-0.06676,-0.56812,0.44974,0.16043
-0.16568,0.97983,-0.11172,-0.25862,0.09712,-0.01646
-0.15136,0.97752,-0.14675,-0.09992,0.02922,0.05454
-0.13954,0.97615,-0.16633,0.01992,-0.24337,0.31339
-0.10867,0.97769,-0.17974,-0.36849,-0.42935,0.28475
-0.06696,0.97822,-0.19649,0.25507,-0.12128,0.2988
-0.04879,0.97694,-0.20785,0.3695,-0.40529,0.21964
-0.01472,0.97738,-0.21096,-0.14435,-0.37414,0.2008
0.01593,0.9718,-0.23528,-0.2373,-0.49174,0.05046
0.04593,0.96469,-0.25935,-0.47881,-0.57129,0.19168
0.0657,0.95743,-0.28108,-0.71942,-0.41474,0.65161
0.06891,0.95223,-0.29749,-0.82405,-0.45803,0.63375
0.06931,0.95216,-0.29763,-0.78893,-0.07156,0.42001
0.05376,0.95257,-0.29954,-0.58484,0.14481,0.21146
0.03117,0.9535,-0.29976,-0.49105,0.19316,0.13814
0.01052,0.9605,-0.27808,-0.14941,-0.15752,0.16348
-0.02169,0.97236,-0.23249,-0.18799,-0.00837,0.0169
-0.06963,0.98295,-0.17017,-0.27787,0.32898,0.55022
-0.1395,0.98251,-0.12337,0.01595,1.24551,0.19808
-0.20433,0.9749,-0.08843,0.37427,0.85524,-0.33382
-0.24153,0.96875,-0.05638,0.41754,0.79075,-0.36965
-0.25272,0.96695,-0.03361,0.03597,0.37908,-0.02811
-0.26148,0.96511,-0.01375,-0.25472,0.03251,0.117
-0.28223,0.95933,0.00602,-0.32794,-0.06361,-0.02173
-0.31626,0.94853,0.0164,-0.24666,0.21193,0.23558
-0.34432,0.93858,0.02274,0.11722,0.25248,0.05699
-0.36618,0.93003,0.03093,0.19654,0.15545,-0.034
-0.38572,0.9218,0.03863,0.4465,-0.35456,-0.10658
-0.39841,0.91624,0.0422,0.58919,-0.42499,-0.00024
