gravity.x,gravity.y,gravity.z,userAcceleration.x,userAcceleration.y,userAcceleration.z
0.02592,0.82581,0.56335,0.2936,-2.19458,-0.50644
0.03077,0.85379,0.5197,-0.00243,-1.86853,-0.78776
0.02021,0.88895,0.45756,-0.13267,-1.48218,-0.96856
-0.00368,0.91668,0.3996,-0.0666,-0.51133,-0.26459
-0.03074,0.92624,0.37568,-0.11817,0.07002,0.20159
-0.04891,0.9161,0.39796,-0.07668,0.23582,0.57973
-0.08409,0.90657,0.41359,0.33532,-0.18849,-0.12544
-0.1298,0.91662,0.37809,1.64674,0.55327,-1.42129
-0.09208,0.92315,0.37324,2.13693,2.2685,0.74131
-0.08247,0.9381,0.33641,-0.0201,-0.48291,-0.79538
-0.07931,0.95719,0.27836,-0.11169,-0.69052,-1.50645
-0.06454,0.9761,0.20751,0.32255,-0.5745,-1.9111
0.00467,0.99175,0.12812,0.52464,1.73462,-1.70857
0.12428,0.99132,0.04279,0.45424,4.47783,-1.13672
0.14539,0.9855,-0.0875,-1.47234,1.11829,3.24229
0.14214,0.97923,-0.1446,0.09048,1.33056,1.56419
0.14485,0.97051,-0.19267,0.92238,0.43839,1.73798
0.16244,0.96417,-0.20973,0.09841,0.11267,0.63476
0.18117,0.95982,-0.21429,-0.76815,-0.5346,-0.00465
0.19961,0.95303,-0.22778,-0.84744,-1.47017,0.22805
0.21325,0.94824,-0.23529,-1.21444,-1.02194,0.89179
0.20898,0.94958,-0.23372,-1.06817,-0.42211,0.75145
0.18778,0.95817,-0.21595,-0.53945,-0.78097,0.4421
0.15765,0.96837,-0.19341,-0.38125,-0.80161,0.35939
0.12917,0.97969,-0.15336,0.20767,-0.7014,0.0844
0.11756,0.98872,-0.09279,0.32267,0.04351,0.00511
0.10363,0.99426,-0.02651,0.29133,0.29711,0.2444
0.0893,0.99456,0.05365,-0.02673,0.79832,0.41846
0.08286,0.98679,0.13922,0.39996,2.4158,0.75519
0.06352,0.97458,0.21484,0.86806,2.2939,0.65485
0.0267,0.96341,0.26668,0.22885,1.75004,-1.522
-0.00459,0.94334,0.3318,-0.77094,2.20179,-0.49595
-0.03275,0.91003,0.41323,-0.68208,1.6861,-0.44133
-0.03092,0.86965,0.4927,0.07455,0.53088,-0.69639
0.00333,0.83154,0.55545,0.58961,-0.20847,-0.9209
0.05305,0.80732,0.58771,0.93531,-0.96074,-0.62269
0.09425,0.80126,0.59084,0.72536,-1.38825,-0.46011
0.111,0.81123,0.57409,0.0636,-1.6727,-0.73546
0.10772,0.83268,0.54318,-0.21808,-1.38688,-0.81333
0.08111,0.86059,0.5028,-0.34458,-1.30225,-0.9633
0.03728,0.88795,0.45843,0.04103,-0.88984,-0.149
0.00474,0.9058,0.42367,0.02935,-0.75721,0.15774
-0.01463,0.91195,0.41004,0.02387,-0.58451,0.35363
-0.05099,0.91464,0.40103,-0.15938,-0.77054,-0.65089
-0.1071,0.93201,0.34624,0.39183,-0.9578,-1.41491
-0.09818,0.93438,0.34248,1.07845,-0.70341,-1.69705
-0.03002,0.93838,0.34429,-0.25002,1.28546,-1.39266
-0.03806,0.96585,0.25627,-0.60113,-0.59,-0.9219
-0.05807,0.98478,0.16378,-0.65772,-1.13226,-0.93981
-0.04043,0.99621,0.07704,0.17565,-0.8749,-1.86604
0.06946,0.99694,0.03579,0.38345,2.55895,-2.06635
0.13075,0.98746,-0.08842,-0.91662,1.39331,2.50401
0.118,0.98009,-0.15965,-0.76101,1.11755,2.55448
0.13213,0.96741,-0.21601,0.77538,1.15329,2.07834
0.15628,0.95721,-0.24354,0.18356,0.37222,0.66343
0.18365,0.95119,-0.24801,-0.57287,0.1136,0.07186
0.21377,0.94277,-0.25589,-1.04855,-1.40926,0.0726
0.22984,0.93584,-0.26718,-1.39961,-0.77974,1.14508
0.22582,0.93515,-0.27293,-1.392,-0.35225,0.69691
0.19898,0.94336,-0.26547,-0.66754,-0.75057,0.45848
0.15811,0.9558,-0.24786,-0.30078,-0.74885,0.51302
0.1127,0.97092,-0.21123,0.46826,-0.75062,0.60423
0.09645,0.9832,-0.15498,0.78948,-0.46184,0.68115
0.08676,0.99319,-0.0777,0.23497,0.26465,0.04938
0.07868,0.99683,0.01186,-0.41129,1.42755,-0.48747
0.08199,0.99031,0.11203,-0.17525,3.53747,0.44963
0.06611,0.97671,0.20409,0.78951,2.40225,1.39757
0.00088,0.96034,0.27884,0.76984,1.68812,-0.53036
-0.04705,0.93637,0.34784,0.3063,2.01861,-1.09315
-0.07989,0.90231,0.42361,-0.06264,1.67828,-0.9911
-0.09517,0.86321,0.49579,0.013,0.27448,-0.64406
-0.08591,0.82922,0.55227,0.47525,-0.59649,-0.79167
-0.05573,0.80721,0.58762,1.01882,-1.19196,-1.02622
-0.01421,0.80083,0.59872,0.43529,-2.42966,-0.46859
0.01252,0.81151,0.5842,0.2815,-2.53902,-0.47438
0.00883,0.84126,0.54055,0.0427,-2.34622,-0.67214
-0.01062,0.88198,0.47117,0.32332,-1.16478,-1.04167
-0.0349,0.91541,0.40101,0.3523,-0.83826,-0.82863
-0.06011,0.93614,0.34645,0.07792,-0.51825,0.02199
-0.08229,0.93874,0.33465,-0.06313,0.44241,1.07689
-0.10614,0.92875,0.35517,-0.20037,0.49773,1.04301
-0.15343,0.93149,0.32981,-0.13592,0.19088,0.50179
-0.15271,0.94071,0.30289,2.05958,3.73821,-0.16875
-0.13123,0.93906,0.31771,0.79095,1.2817,-0.75881
-0.12732,0.95443,0.2699,-0.00395,-0.54126,-0.48018
-0.1287,0.97654,0.17263,0.32002,-1.19908,-2.19899
-0.07756,0.9956,0.05254,0.69141,-0.47323,-1.75653
0.03885,0.9992,-0.00937,0.75953,1.18813,-1.85829
0.08933,0.98981,-0.11091,-1.44219,1.54367,3.67167
0.07651,0.97972,-0.18518,-1.12345,1.35481,3.14131
0.09015,0.96639,-0.24076,-0.09556,1.53967,2.4433
0.11632,0.95927,-0.25744,0.36473,-0.02492,0.22357
0.1415,0.95621,-0.25621,-0.19765,-0.40332,-0.19451
0.16655,0.9507,-0.26158,-0.78232,-1.25086,0.00634
0.18268,0.94603,-0.26768,-1.43033,-1.17076,0.89186
0.17918,0.94597,-0.27025,-1.40211,-0.22321,0.96811
0.15213,0.95411,-0.25794,-0.51109,-0.83556,0.30827
0.11175,0.96665,-0.23045,-0.19555,-0.71552,0.61787
0.0727,0.98047,-0.18272,0.17537,-0.68297,0.62183
0.06016,0.99082,-0.12102,0.56922,-0.39256,0.34921
0.05504,0.99775,-0.03834,0.01855,0.37422,0.06463
0.05374,0.99722,0.05159,-0.22476,0.76621,-0.13477
0.0531,0.98737,0.14924,0.35878,3.31368,0.98388
0.02689,0.97327,0.22809,0.97441,2.22476,0.96875
-0.03005,0.9579,0.28553,1.0002,1.87961,-0.09817
-0.07093,0.93199,0.35548,-0.02349,1.87572,-1.08626
-0.09986,0.89819,0.4281,-0.20173,1.62471,-0.50904
-0.10947,0.86081,0.497,-0.02055,0.10011,-0.55423
-0.09371,0.83038,0.54926,0.67231,-0.56591,-0.72719
-0.06428,0.81452,0.57656,0.94683,-1.269,-0.74998
-0.03064,0.81705,0.57574,0.57484,-2.14092,-0.61201
-0.0092,0.83549,0.54942,0.30227,-2.41208,-0.42538
-0.01318,0.86829,0.49588,-0.0775,-2.20428,-0.97588
-0.02594,0.90906,0.41584,0.14074,-1.70603,-1.0623
-0.04424,0.94389,0.32727,0.24024,-0.80053,-0.81226
-0.05857,0.96424,0.25846,0.05505,-0.22405,0.06625
-0.07302,0.96264,0.26073,-0.02059,0.87914,0.24891
-0.08563,0.94695,0.30975,-0.15372,0.915,1.26108
-0.12575,0.94259,0.30937,-0.19799,-0.28739,0.00633
-0.19004,0.95513,0.22716,0.15285,-1.03819,-1.0995
-0.18491,0.95523,0.23095,3.11814,2.10657,0.74224
-0.14293,0.96637,0.21377,0.7665,1.45731,-0.93005
-0.12157,0.98479,0.12408,-0.53117,-0.59179,-0.42177
-0.11858,0.99241,0.03243,-0.03221,-1.19095,-1.66963
-0.05793,0.99695,-0.0523,0.03441,1.67955,-2.26004
0.02661,0.99487,-0.09762,-0.39533,3.84965,-2.09187
0.02835,0.97788,-0.20723,-1.52658,1.6484,4.27739
0.02165,0.96425,-0.26411,1.05454,0.97911,1.58627
0.03814,0.95123,-0.30611,1.35096,0.47052,1.63912
0.07681,0.94609,-0.31465,1.33079,0.15097,1.15374
0.11171,0.94085,-0.31987,-0.57079,-1.28196,0.04357
0.1358,0.93459,-0.32877,-1.04394,-1.37136,0.26159
0.14571,0.93087,-0.33503,-1.52861,-1.14715,0.81381
0.12696,0.93781,-0.3231,-0.71509,-0.85166,0.61936
0.08153,0.95227,-0.29418,-0.47004,-0.94244,0.49008
0.03467,0.96704,-0.25225,-0.34973,-0.86842,0.55578
0.01603,0.98106,-0.19304,0.66745,-0.60633,0.83996
0.01833,0.99276,-0.11872,0.63199,-0.51128,0.64741
0.02739,0.99943,-0.01959,0.44932,-0.389,0.22027
0.04006,0.99542,0.08681,-0.18543,3.96358,-0.62718
0.03675,0.98335,0.17795,0.13761,3.03069,1.18414
-0.0007,0.96829,0.24981,0.99742,1.92224,0.15122
-0.06554,0.95008,0.30504,0.52414,1.65658,-0.37954
-0.1108,0.92673,0.35901,0.0867,1.55952,-0.70032
-0.13521,0.89794,0.41883,-0.05274,0.96482,-0.82067
-0.1415,0.86701,0.47778,0.05329,-0.56957,-0.68312
-0.12616,0.84375,0.52169,0.49833,-0.89127,-0.7414
-0.10177,0.8326,0.54443,0.82279,-1.70042,-0.51292
-0.06764,0.83857,0.54056,0.32175,-2.1889,-0.39996
-0.03644,0.86028,0.50852,0.03116,-2.0797,-0.58762
-0.01734,0.89467,0.44639,0.16032,-1.86714,-0.97534
-0.01674,0.92538,0.37867,0.06772,-1.30133,-0.84722
-0.03888,0.94264,0.33154,-0.00673,-0.44432,-0.05648
-0.07265,0.93785,0.33935,-0.01651,-0.03764,0.46016
-0.11416,0.9229,0.36773,0.20959,-0.31325,0.40702
-0.15132,0.92834,0.33953,0.92544,0.2137,-0.53845
-0.13264,0.9296,0.34387,0.86744,4.71679,-0.68756
-0.13497,0.93802,0.31922,0.1395,-0.62735,-0.74721
-0.14483,0.9509,0.2735,-0.00354,-1.2616,-1.49199
-0.14446,0.97147,0.18809,0.31562,-1.347,-1.80049
-0.07707,0.99412,0.07605,0.83403,0.59655,-1.20745
0.06271,0.99795,-0.01278,0.9846,5.39077,-1.8541
0.07817,0.98891,-0.12622,-1.82138,2.14353,3.30954
0.0683,0.97959,-0.18905,-0.40959,1.32751,2.08249
0.0783,0.96636,-0.24498,0.90677,0.43837,1.65192
0.10505,0.95969,-0.26068,0.76719,-0.14948,0.4267
0.13348,0.9543,-0.26736,-0.19777,-0.83605,0.02697
0.16138,0.94688,-0.27816,-0.76983,-1.29667,0.29425
0.18081,0.94156,-0.28419,-1.43163,-0.77759,1.36052
0.18227,0.94156,-0.28326,-0.8978,-0.65697,0.38316
0.16058,0.95026,-0.26685,-0.6089,-0.83076,0.21808
0.12326,0.96351,-0.23761,-0.40023,-0.9385,0.22981
0.09309,0.97686,-0.19256,0.32854,-0.94666,0.54428
0.08783,0.98686,-0.13558,0.49437,-0.85692,0.5916
0.08617,0.99441,-0.06098,0.37676,-0.75009,0.47215
0.0852,0.99588,0.03087,-0.49302,0.82097,-0.11153
0.08664,0.98874,0.12196,-0.49446,0.8281,-0.20262
0.0632,0.97693,0.20396,-0.20432,3.89865,1.26616
-0.01085,0.96507,0.26174,1.19269,1.86999,-0.24419
-0.08776,0.95029,0.29873,0.88928,1.91871,-0.90238
-0.13468,0.91959,0.36906,0.39657,2.19006,-1.02121
-0.15887,0.87942,0.44875,-0.30346,0.36776,-0.86906
-0.13489,0.83861,0.52776,-0.28512,-0.15173,-0.90978
-0.08885,0.81039,0.57911,0.17332,-0.43594,-0.81733
-0.04228,0.80155,0.59643,0.9404,-1.32929,-0.54414
-0.01169,0.81477,0.57966,0.81836,-1.67109,-0.46006
0.00145,0.84293,0.53801,0.59404,-1.95144,-0.42616
0.0049,0.87747,0.47959,-0.01472,-1.74642,-0.76855
0.00242,0.91227,0.40956,0.03108,-1.52139,-0.7883
-0.01344,0.93895,0.34377,0.09629,-0.98299,-0.63965
-0.03476,0.94979,0.31095,0.01596,-0.37305,-0.22639
-0.05125,0.94284,0.32927,0.04267,0.37924,0.02692
-0.0724,0.93064,0.3587,-0.02828,0.15483,0.97301
-0.11698,0.93493,0.33498,0.85655,0.6406,-0.86771
-0.10894,0.94004,0.32318,1.75801,2.35714,-0.7801
-0.12124,0.94624,0.29986,0.22126,-0.61871,-0.58946
-0.13716,0.96385,0.22842,0.12145,-1.33889,-1.5843
-0.1208,0.98459,0.12641,0.30454,-1.416,-2.09318
-0.03498,0.9986,0.03952,0.75507,1.44528,-1.80982
0.08821,0.99609,-0.00322,0.12761,4.47314,-1.13487
0.11174,0.98789,-0.10763,-1.76375,1.61056,3.20326
0.10836,0.97834,-0.17637,-0.30134,1.37467,1.20565
0.11772,0.96502,-0.23424,0.77825,0.53536,1.61931
0.14298,0.95675,-0.25334,0.50645,0.15623,0.97067
0.17458,0.95112,-0.25475,-0.61966,-0.35503,0.1711
0.2021,0.94407,-0.26056,-0.87402,-1.20838,0.15315
0.21656,0.93879,-0.26791,-0.97035,-1.50414,0.72519
0.2174,0.93699,-0.27348,-1.23487,-0.25353,0.725
0.19313,0.94537,-0.26262,-0.85662,-0.74557,0.57741
0.15001,0.96093,-0.23261,-0.46635,-0.833,0.63699
0.1118,0.97509,-0.19158,0.18843,-0.92603,0.3825
0.09814,0.98595,-0.13514,0.35634,-0.65244,-0.28585
0.09446,0.99383,-0.05814,-0.06852,0.38282,-0.13198
0.09391,0.99527,0.02469,-0.28915,1.6104,0.35547
0.08321,0.9905,0.10941,0.06275,2.24573,1.24505
0.05614,0.97949,0.19351,0.97564,2.40903,0.72615
0.01686,0.96552,0.25978,1.10388,2.10333,0.19541
-0.01049,0.94795,0.31824,-0.81857,2.21625,-0.17264
-0.04906,0.91674,0.39646,-0.78,2.24746,-0.25086
-0.06292,0.87925,0.47218,-0.22885,0.53185,-0.95733
-0.0297,0.84073,0.54063,0.91183,-0.43126,-1.06651
0.02114,0.81242,0.58268,0.95805,-0.86766,-0.93672
0.06588,0.8051,0.58946,0.85071,-1.2316,-0.62345
0.08797,0.81714,0.56968,0.36191,-2.11176,-0.60905
0.09576,0.84133,0.53197,0.0505,-1.81672,-0.64658
0.09152,0.87401,0.47721,-0.32913,-1.52879,-1.01981
0.07526,0.90662,0.41517,-0.06063,-1.18091,-0.78743
0.04638,0.92842,0.36861,-0.03269,-0.58726,-0.19502
0.01664,0.93086,0.36498,-0.07858,0.1118,0.29264
-0.01245,0.91416,0.40514,-0.06079,0.62447,1.44738
-0.06066,0.89624,0.43939,0.27108,2.64816,1.26565
-0.07702,0.90174,0.42535,1.11567,1.27256,-2.39038
-0.07699,0.90924,0.40908,1.22877,-1.49213,0.0306
-0.0819,0.93648,0.34102,0.22399,-1.66225,-1.30057
-0.07464,0.96715,0.24297,0.17138,-1.29052,-2.52166
0.01466,0.98993,0.14078,0.57721,0.42769,-1.65211
0.15239,0.98525,0.07775,1.03883,4.68221,-2.36242
0.18222,0.98259,-0.03608,-1.6384,1.35063,3.32957
0.17507,0.97846,-0.10941,-1.06381,1.63539,1.80952
0.16413,0.96966,-0.18116,-0.10456,0.85543,1.01507
0.17757,0.96217,-0.20662,0.68346,-0.11151,1.32183
0.2052,0.95432,-0.21718,0.0719,-0.129,1.05869
0.23461,0.9457,-0.22496,-0.86095,-0.67441,0.13942
0.25275,0.9384,-0.23562,-0.92049,-1.24317,0.58793
0.25887,0.93563,-0.23994,-1.31934,-0.30571,0.74085
0.24078,0.94282,-0.23048,-1.02454,-0.61269,0.6128
0.19915,0.95869,-0.20308,-0.51832,-0.84836,0.44852
0.15416,0.97386,-0.1668,-0.11984,-0.89281,0.39994
0.13361,0.98438,-0.11468,0.43334,-0.8989,0.11404
0.13093,0.99039,-0.04452,0.15118,-0.12314,-0.02225
0.13463,0.99037,0.03214,-0.3225,0.78104,0.20597
0.13783,0.98363,0.11609,-0.31428,2.03404,0.63218
0.12545,0.97208,0.1983,0.58737,3.2612,1.10857
0.07587,0.96309,0.25826,0.62349,2.06421,-0.17407
0.02699,0.9491,0.31382,-0.07936,1.71288,-1.64908
0.00321,0.92082,0.38997,-0.55256,1.57668,-0.31203
-0.01218,0.88968,0.45641,-0.19677,0.90063,-0.91939
0.00399,0.85526,0.51818,0.387,0.35159,-1.01012
0.03178,0.82901,0.55832,0.9733,-0.68161,-0.79846
0.0634,0.82202,0.56591,1.00003,-1.8723,-0.42112
0.08353,0.82948,0.55225,0.73264,-2.23388,-0.43393
0.08558,0.84967,0.52032,0.52865,-2.3183,-0.47549
0.07531,0.88117,0.46676,-0.12607,-1.47431,-1.16697
0.05511,0.91392,0.40212,0.0178,-1.20236,-0.92322
0.02996,0.9381,0.34506,0.05119,-0.68749,-0.3345
0.00957,0.94427,0.32903,-0.03113,-0.05024,0.34784
-0.00033,0.93078,0.36558,-0.08526,0.57672,1.16082
-0.04143,0.9109,0.41054,-0.07991,1.4345,1.78801
-0.05804,0.92433,0.37714,0.95212,2.00438,-2.74113
-0.0706,0.93514,0.34718,0.94522,-0.89888,-0.83006
-0.06273,0.95218,0.29902,0.60084,-1.4584,-0.12132
-0.04609,0.9738,0.22266,0.25088,-1.27535,-1.97978
0.02528,0.99196,0.12395,0.67337,0.22459,-1.91556
0.13693,0.98833,0.06677,1.07421,4.31018,-2.23812
0.18057,0.98082,-0.07341,-1.16299,2.9872,1.31721
0.16803,0.97471,-0.1473,-1.47995,1.7506,1.83135
0.16215,0.96474,-0.20734,0.00128,0.99111,1.6032
0.17682,0.95785,-0.22641,0.90483,0.17533,1.39134
0.2013,0.95318,-0.22565,0.01605,-0.18159,0.37743
0.22772,0.94596,-0.23088,-0.5232,-0.77796,0.08446
0.24293,0.93997,-0.23967,-1.07325,-1.08621,0.58762
0.24459,0.93863,-0.24322,-1.41152,-0.26265,0.78059
0.21962,0.94805,-0.23014,-0.95752,-0.71987,0.60098
0.17029,0.96439,-0.20236,-0.46831,-0.83527,0.4136
0.12505,0.97818,-0.16592,0.27093,-0.94505,0.44019
0.10853,0.98776,-0.11205,0.53358,-0.80488,0.59264
0.10484,0.9938,-0.03683,0.13712,-0.06436,0.15568
0.11317,0.9926,0.04405,-0.33093,1.00801,-0.07977
0.12738,0.98249,0.13595,-0.56938,3.69517,0.13052
0.10913,0.96862,0.22332,0.15566,2.83867,0.99473
0.04517,0.95749,0.2849,0.31738,1.75574,-0.55089
-0.0015,0.9387,0.34472,-0.00517,1.5834,-0.7512
-0.03059,0.91348,0.40573,-0.04168,1.54748,-0.91915
-0.04579,0.88744,0.45863,0.14945,0.65002,-1.11836
-0.03653,0.85997,0.50903,0.65666,-0.23207,-0.74861
-0.01914,0.84416,0.53575,1.33599,-1.26341,-0.77691
0.00148,0.84161,0.54008,0.94364,-2.04728,-0.66598
0.02156,0.85187,0.52331,0.33441,-2.33328,-0.2897
0.02863,0.8783,0.47725,-0.24341,-2.27046,-0.76053
0.02385,0.9148,0.40321,-0.01622,-1.7298,-0.94251
0.00503,0.94492,0.32725,0.38079,-0.90458,-0.72007
-0.01067,0.96081,0.27698,0.17271,-0.19383,0.00465
-0.03157,0.95732,0.28729,0.09364,0.56358,0.48483
-0.0543,0.94248,0.32981,-0.05843,0.71711,1.00762
-0.09051,0.93966,0.32992,0.46083,0.2506,-1.49064
-0.10702,0.95538,0.2753,1.04307,1.88169,-1.52132
-0.11699,0.95722,0.26463,1.09417,2.28315,-1.34808
-0.10925,0.96794,0.22617,0.2835,-0.96046,-1.12926
-0.09198,0.98213,0.16418,0.26623,-0.97465,-1.06727
-0.03887,0.99564,0.08476,0.74074,-0.10315,-1.82775
0.05377,0.99846,0.01383,0.31878,4.1214,-1.36616
0.08727,0.98884,-0.12074,0.28529,4.13102,-1.23159
0.0767,0.9778,-0.19498,-1.57228,1.44189,2.26337
0.08409,0.96445,-0.25054,0.70861,0.48242,1.39878
0.10926,0.95728,-0.26773,0.7541,0.17677,1.30435
0.13842,0.95447,-0.26425,0.44833,0.03828,0.72723
0.16344,0.95077,-0.26328,-0.60289,-0.90767,0.2257
0.18155,0.94756,-0.26302,-0.91429,-1.24939,0.49542
0.18508,0.94691,-0.26286,-1.16494,-0.48766,0.71461
0.16357,0.95277,-0.25587,-1.11964,-0.79503,0.45393
0.1204,0.96658,-0.22631,-0.55686,-0.88095,0.61855
0.07617,0.97881,-0.19008,-0.19133,-0.79622,0.66673
0.05153,0.98855,-0.1418,0.4101,-0.821,0.39078
0.04153,0.99643,-0.07348,0.38661,-0.53812,0.12194
0.04394,0.99898,0.01011,-0.04626,0.30806,0.11297
0.05457,0.9933,0.1019,-0.50574,2.22758,-0.09852
0.03925,0.98205,0.18448,-0.0985,3.9018,1.24806
-0.01191,0.9691,0.24639,0.75418,1.69333,-0.34293
-0.05962,0.95027,0.30565,0.48137,1.68434,-1.03272
-0.07941,0.91896,0.38626,-0.0077,1.6752,-0.77467
-0.08571,0.8858,0.45609,0.01744,0.98516,-0.84452
-0.07537,0.85414,0.51454,0.14753,0.55447,-0.75063
-0.05145,0.8327,0.55133,0.72155,-0.49561,-0.83559
-0.03168,0.82767,0.56031,1.17018,-1.82456,-0.60894
-0.0197,0.83737,0.54628,0.97281,-2.28821,-0.52101
-0.01935,0.86313,0.5046,0.14592,-2.34049,-0.59089
-0.02083,0.90111,0.43309,-0.05868,-1.90997,-0.97203
-0.02228,0.93283,0.35962,0.10752,-1.16722,-0.83418
-0.03086,0.95331,0.30042,0.08272,-0.55005,-0.45383
-0.04804,0.9599,0.27618,-0.04744,0.05256,0.20172
-0.05895,0.95289,0.29754,0.1313,0.61158,0.40685
-0.06825,0.94147,0.3301,0.16987,0.67163,1.13328
-0.08978,0.94241,0.32219,0.57305,1.57087,-0.98193
-0.09147,0.95316,0.28828,0.97292,1.20592,-1.71054
-0.10494,0.95887,0.26372,0.49309,-0.83996,-0.18746
-0.1055,0.9757,0.19206,0.27301,-1.20304,-1.55642
-0.07992,0.9909,0.1083,0.48436,-0.81133,-1.87324
0.00522,0.99901,0.04416,0.72432,1.64952,-1.8217
0.11455,0.99239,-0.04514,0.2583,4.77955,-0.91861
0.10845,0.98452,-0.1377,-1.97939,1.26016,3.18536
0.10218,0.97333,-0.20541,-1.39844,1.39382,1.43391
0.10727,0.96064,-0.25624,0.45906,0.49743,1.34334
0.12795,0.95373,-0.27205,0.00999,-0.15276,0.75016
0.15607,0.94975,-0.27131,-0.40993,-0.32998,0.40262
0.17577,0.94429,-0.27826,-0.74155,-0.52519,0.15114
0.18428,0.94099,-0.28387,-0.94583,-0.83124,0.79378
0.17792,0.94203,-0.28447,-1.06289,-0.40736,0.88995
0.14545,0.95278,-0.26655,-0.99377,-0.59496,0.78462
0.09541,0.96841,-0.23039,-0.27643,-0.81847,0.6718
0.05614,0.9815,-0.18305,0.10063,-0.8223,0.63459
0.04267,0.99148,-0.12309,0.45958,-0.82987,0.50411
0.04981,0.99785,-0.04264,-0.05657,0.68796,-0.01293
0.07182,0.99627,0.0477,-0.37097,1.56664,-0.23708
0.0716,0.98747,0.14059,-0.344,2.98073,-0.01907
0.03359,0.97687,0.21118,0.48931,1.92728,-0.05689
-0.01903,0.96266,0.27004,0.48573,1.82517,-0.65247
-0.04699,0.93692,0.34637,0.2533,1.75127,-0.85644
-0.05895,0.90875,0.41315,-0.02455,1.00104,-0.7767
-0.05785,0.8803,0.47088,0.07833,0.56381,-0.55282
-0.04624,0.85722,0.51287,0.8789,-0.62577,-0.63379
-0.03328,0.84532,0.53321,0.88275,-1.13397,-0.7143
-0.01638,0.84589,0.5331,0.67591,-1.44675,-0.69446
-0.00342,0.85781,0.51395,0.26294,-2.18061,-0.53117
-0.00339,0.87905,0.4767,0.29446,-2.19009,-0.82523
-0.01289,0.90912,0.41632,0.27901,-2.10712,-1.07045
-0.02892,0.93607,0.35062,0.31126,-0.79604,-0.8286
-0.04732,0.94693,0.31792,-0.07972,-0.06824,0.35899
-0.06503,0.93864,0.33871,-0.10054,0.3205,0.5577
-0.07842,0.9249,0.37201,-0.10723,0.38316,0.96049
-0.10679,0.93068,0.3499,0.41378,-0.78314,-1.18019
-0.12538,0.94453,0.30355,0.77473,-0.85606,-1.76436
-0.11623,0.95192,0.28342,0.40132,2.25787,-1.74874
-0.11594,0.96782,0.22334,-0.15611,-0.68931,-0.28883
-0.11398,0.98302,0.1438,-0.20683,-0.78075,-0.95763
-0.0878,0.99556,0.03376,0.55919,-0.32392,-1.59403
0.01355,0.99915,-0.03896,0.40057,3.23517,-2.1376
0.07944,0.98794,-0.13287,-0.78839,2.89083,0.68606
0.06746,0.97755,-0.19961,-0.90122,1.258,2.18443
0.07644,0.96559,-0.24856,0.60429,0.93817,1.67504
0.09967,0.95486,-0.27984,0.90289,0.09135,1.55152
0.13007,0.95283,-0.2742,-0.03536,-0.25722,0.20292
0.15911,0.95029,-0.26765,-0.56124,-1.05319,0.22129
0.18493,0.94564,-0.26752,-1.07419,-1.31789,0.43879
0.19814,0.94258,-0.26885,-1.47733,-0.43445,0.62193
0.18199,0.94789,-0.26151,-1.05061,-0.57713,0.59295
0.1372,0.96385,-0.22837,-0.83332,-0.73493,0.67323
0.09149,0.97674,-0.19395,-0.18489,-0.90459,0.51028
0.07343,0.98604,-0.14945,0.46277,-1.01812,0.38022
0.07293,0.99365,-0.0857,0.46877,-0.84782,0.33342
0.07872,0.99689,-0.00397,-0.17227,0.11933,-0.09347
0.09087,0.99252,0.08153,-0.60292,3.90981,0.32353
0.0769,0.98429,0.15892,-0.58895,3.91804,0.24614
0.02406,0.97294,0.2298,0.53758,1.97193,0.53697
-0.02785,0.95823,0.28463,0.35276,1.63033,-0.77312
-0.0615,0.9382,0.34058,0.14576,1.77971,-0.77213
-0.08977,0.91496,0.39342,0.06365,1.77178,-0.90494
-0.09903,0.88619,0.4526,0.20258,0.12197,-0.604
-0.08806,0.86311,0.49726,0.53962,-0.25372,-0.76997
-0.06911,0.85145,0.51985,1.10294,-0.90855,-0.77032
-0.04971,0.85431,0.51738,1.01803,-1.8854,-0.33946
-0.04228,0.8708,0.4898,0.58752,-2.41113,-0.17571
-0.04313,0.90127,0.4311,0.17997,-2.28567,-0.67207
-0.04971,0.93431,0.35297,0.12469,-1.90097,-0.91021
-0.05954,0.95626,0.28638,0.27512,-0.93348,-0.75088
-0.07161,0.96347,0.25806,0.02454,-0.26153,-0.09199
-0.082,0.95159,0.29623,-0.05987,0.56991,0.56493
-0.09942,0.9385,0.33065,-0.11485,0.64657,1.30063
-0.12052,0.94341,0.30894,0.80263,1.44381,-1.76154
-0.10622,0.95007,0.29339,1.11489,1.08779,-1.72284
-0.1032,0.95434,0.28031,0.6736,-0.32364,-1.05448
-0.09608,0.96951,0.22541,0.02008,-1.13566,-1.63196
-0.07549,0.98653,0.1451,0.12157,-1.05907,-1.68557
0.00625,0.9969,0.07839,0.31812,3.06494,-2.14513
0.10866,0.99406,-0.00524,0.14654,3.46427,-0.56929
0.10381,0.9869,-0.12352,-1.23611,1.54895,2.70985
0.09625,0.97752,-0.18759,0.11859,1.17092,1.02893
0.10253,0.9664,-0.23572,0.85742,0.33243,1.23607
0.12429,0.96063,-0.24848,0.31534,-0.17204,0.89697
0.15165,0.9556,-0.25262,-0.71388,-0.46726,0.19197
0.17483,0.94915,-0.26179,-0.80337,-1.00875,0.23379
0.18963,0.94453,-0.26813,-0.98306,-0.8571,0.93515
0.19042,0.94484,-0.26649,-1.22826,-0.4346,0.54201
0.16441,0.95314,-0.25393,-0.70042,-0.80338,0.23449
0.11786,0.96574,-0.23121,-0.38818,-0.8444,0.41816
0.07912,0.97722,-0.19691,0.14233,-0.81298,0.6085
0.06498,0.98694,-0.14742,0.42875,-0.83833,0.57493
0.06055,0.9956,-0.07152,0.08003,-0.25564,0.01744
0.06155,0.99801,0.01365,-0.3886,0.78019,-0.19991
0.06508,0.99305,0.09807,-0.23852,3.08725,0.18035
0.0454,0.9836,0.17452,0.45588,2.59783,0.92385
-0.00613,0.97206,0.23463,0.86165,2.03117,0.44631
-0.04766,0.9565,0.28779,0.33464,1.49764,-0.93252
-0.07849,0.9356,0.34421,-0.34641,1.45624,-0.62929
-0.10999,0.91133,0.3967,-0.35461,0.87018,-0.68686
-0.11509,0.88758,0.44605,-0.19465,0.45321,-0.5613
-0.10239,0.87104,0.48042,1.0054,-1.08761,-0.59201
-0.08232,0.86724,0.49103,1.06439,-1.61439,-0.38157
-0.06626,0.87727,0.4754,1.09406,-2.0382,-0.11723
-0.05267,0.89923,0.43428,0.11325,-2.04143,-0.70509
-0.04663,0.92601,0.37459,-0.00973,-1.8276,-0.7323
-0.05577,0.94834,0.3123,-0.15524,-1.44044,-0.73019
-0.07488,0.96127,0.26524,0.05166,-0.67994,-0.22434
-0.09363,0.96114,0.25971,0.0649,-0.07356,0.17643
-0.11113,0.951,0.28852,0.07213,0.20752,0.57964
-0.13805,0.94707,0.28983,0.10413,-0.08156,0.29321
-0.137,0.9586,0.24963,0.98578,0.35541,-0.96342
-0.098,0.96162,0.25626,1.03839,3.48921,-0.59281
-0.10302,0.97219,0.21029,-0.07206,-0.25425,-0.91119
-0.11019,0.98218,0.1522,-0.03756,-1.13819,-1.03338
-0.08825,0.99247,0.08487,0.33379,-1.20419,-1.63086
0.00606,0.99936,0.03513,0.48021,1.52917,-1.74225
0.08822,0.99339,-0.07339,0.41825,3.94358,-0.92581
0.07306,0.98301,-0.16837,-1.25451,1.13697,2.42175
0.07955,0.97074,-0.22656,0.5881,0.97653,1.50018
0.09496,0.95935,-0.26575,0.6723,0.32699,1.21189
0.12614,0.95395,-0.27213,-0.1997,-0.11799,0.37734
0.15506,0.94818,-0.27732,-0.75503,-0.68773,0.08193
0.17264,0.94126,-0.29021,-0.90866,-1.38114,0.63405
0.18252,0.93944,-0.29007,-1.13447,-0.42291,0.90284
0.17227,0.9434,-0.2834,-0.84483,-0.68304,0.44423
0.13338,0.95704,-0.25745,-0.53171,-0.76896,0.45741
0.08754,0.97139,-0.22075,-0.08787,-0.79399,0.63542
0.06161,0.98326,-0.17147,0.38225,-0.78964,0.53416
0.05153,0.99331,-0.10332,0.1926,-0.30366,-0.02267
0.04841,0.99861,-0.02052,-0.26755,0.40068,0.00796
0.05013,0.99651,0.06672,-0.38937,2.31604,0.00757
0.04526,0.98777,0.14918,0.10728,2.86442,1.17673
0.01438,0.97585,0.21794,0.74247,1.84625,0.42966
-0.03339,0.96223,0.27017,0.35544,1.55729,-0.58621
-0.06034,0.93991,0.33604,-0.10598,1.97869,-0.85547
-0.09588,0.91428,0.39356,-0.13169,1.29391,-0.6297
-0.1079,0.88739,0.4482,0.21026,0.14957,-0.76818
-0.08803,0.86448,0.49489,0.76765,-0.41744,-0.79425
-0.06256,0.85369,0.517,0.90166,-0.87742,-0.71969
-0.03657,0.85685,0.51426,0.65339,-2.12531,-0.33131
-0.01744,0.87317,0.4871,0.44065,-2.22619,-0.28654
-0.01272,0.90107,0.43347,0.20642,-2.2366,-0.33254
-0.01459,0.93267,0.36043,0.11858,-1.32335,-0.9074
-0.02724,0.95665,0.28996,0.13123,-1.34733,-0.83693
-0.04392,0.9678,0.24783,0.05872,-0.34798,-0.07661
-0.06174,0.96058,0.27106,-0.1407,0.81175,1.3748
-0.08341,0.94332,0.3212,-0.09611,1.1211,2.20532
-0.11155,0.94308,0.31329,-0.0051,2.25291,2.44513
-0.12434,0.95026,0.28556,0.85811,-0.96297,-1.02825
-0.14693,0.95574,0.25489,0.81687,-1.62564,0.12183
-0.15796,0.9713,0.17782,0.71377,-1.75375,0.13914
-0.13287,0.98707,0.08959,0.93454,-0.53584,-1.57014
-0.02395,0.99946,0.02244,1.06418,0.91032,-1.44164
0.10578,0.99367,-0.03765,1.05607,4.93385,-1.91448
0.10912,0.98061,-0.16275,-1.26963,1.8085,1.83716
0.109,0.96902,-0.22163,-1.35803,1.64655,1.89808
0.1165,0.95476,-0.2736,-0.09203,0.96818,1.28379
0.13613,0.94809,-0.28739,0.33108,0.09341,1.09197
0.15749,0.94537,-0.28543,-0.35481,-0.21716,0.36083
0.17637,0.93982,-0.29263,-0.74723,-0.97336,0.68836
0.19148,0.93619,-0.29476,-0.92547,-0.9158,0.65462
0.19245,0.93699,-0.29157,-1.11911,-0.60607,0.54021
0.16552,0.9486,-0.26973,-0.81551,-0.71725,0.84652
0.11689,0.96516,-0.23408,-0.37322,-0.75569,0.61088
0.07813,0.97816,-0.19258,0.00436,-0.75046,0.54608
0.06014,0.98955,-0.13103,0.34048,-0.39339,0.195
0.05719,0.99717,-0.04874,0.03497,0.44692,0.25051
0.0638,0.99708,0.04195,-0.27997,1.91921,-0.13365
0.06608,0.98854,0.13568,0.18893,3.47021,1.11372
0.03086,0.97771,0.20767,0.43313,2.04819,0.27659
-0.02196,0.96429,0.26391,-0.05322,1.54607,-0.61596
-0.05787,0.93956,0.33746,-0.00537,1.46611,-0.49871
-0.08271,0.91175,0.40232,0.00235,1.15638,-1.06846
-0.08043,0.8818,0.4647,0.26157,0.36665,-0.74557
-0.06569,0.85768,0.50997,0.86116,-0.61967,-0.73488
-0.04683,0.84875,0.52672,1.12751,-1.4651,-0.64748
-0.02397,0.85478,0.51843,0.72186,-2.09761,-0.43251
-0.00848,0.87245,0.48863,0.25921,-2.29224,-0.33751
-0.00654,0.90205,0.43158,-0.06562,-2.12118,-0.91298
-0.01732,0.93475,0.35487,0.14615,-1.47674,-0.99888
-0.03552,0.95721,0.2872,0.17152,-0.62713,-0.4382
-0.05426,0.96362,0.26168,-0.06135,0.03564,0.39895
-0.07035,0.95254,0.29615,-0.01411,0.73011,1.05794
-0.10129,0.94216,0.31949,0.2928,0.84324,0.90538
-0.10336,0.95171,0.28907,1.32132,2.58578,-1.43364
-0.10677,0.95721,0.26897,1.15218,2.42739,-0.75556
-0.11017,0.96911,0.22066,0.19702,-1.37298,-0.39613
-0.10111,0.98477,0.1414,0.11399,-1.24857,-1.75426
-0.04934,0.99788,0.04234,0.61599,-0.38172,-1.80897
0.06268,0.99792,-0.01499,0.63475,3.00942,-1.93499
0.1179,0.98448,-0.12995,-1.58832,1.73755,3.23829
0.10416,0.97144,-0.21321,-1.6032,1.36119,3.06885
0.10294,0.95707,-0.27095,-0.83388,1.54438,1.31
0.11968,0.94677,-0.29884,0.64841,-0.01435,1.10576
0.14894,0.94189,-0.3011,0.21269,-0.28991,0.59135
0.17694,0.93627,-0.30345,-0.23669,-0.48292,0.2814
0.19355,0.93053,-0.31088,-0.99179,-1.25861,0.57588
0.19845,0.92871,-0.31321,-1.31219,-0.41961,0.94028
0.17848,0.93733,-0.29924,-1.36827,-0.29662,0.98299
0.13737,0.95051,-0.27867,-0.43314,-0.82688,0.36515
0.08946,0.96521,-0.24567,-0.27426,-0.68963,0.60122
0.06109,0.98052,-0.18669,0.10414,-0.65079,0.77967
0.04988,0.99292,-0.10774,-0.02676,0.24418,0.04702
0.04653,0.99872,-0.0198,-0.22204,0.6082,-0.08925
0.04597,0.9962,0.07398,0.06445,3.25054,0.65345
0.03256,0.98769,0.15297,0.72285,2.45146,0.79177
-0.01893,0.97872,0.20433,0.74774,1.65155,-0.64859
-0.07341,0.96216,0.26238,0.2054,1.63606,-0.97711
-0.10454,0.934,0.34162,0.01371,1.44245,-0.57555
-0.12505,0.9031,0.4108,-0.00236,1.0589,-0.85648
-0.11706,0.87392,0.47176,0.31077,-0.5435,-0.55745
-0.09798,0.85673,0.50636,0.96239,-1.12011,-0.51428
-0.07155,0.8558,0.51233,0.85682,-1.85961,-0.48808
-0.04829,0.8699,0.49085,0.43487,-2.28889,-0.40038
-0.03573,0.89598,0.44264,0.1417,-2.23165,-0.72698
-0.03213,0.92446,0.37991,0.08364,-1.61185,-0.79616
-0.04987,0.94393,0.32636,0.13663,-0.69788,-0.47602
-0.07373,0.95035,0.30233,0.2095,-0.27354,0.03509
-0.0855,0.94629,0.31178,0.17476,0.15719,0.42584
-0.10031,0.93007,0.3534,0.10095,0.76809,2.12068
-0.12235,0.92663,0.35551,0.38825,3.77861,-2.40617
-0.1357,0.93438,0.3294,0.45164,-0.10048,-1.83774
-0.15496,0.94262,0.29571,0.83591,-1.67472,0.38182
-0.16233,0.9661,0.20074,0.29171,-1.66416,-2.13262
-0.13529,0.98819,0.07194,0.70744,-1.02522,-1.72913
-0.01745,0.99952,-0.02554,1.14491,1.54649,-1.83599
0.11389,0.99132,-0.06564,0.46576,5.99652,-2.07408
0.11537,0.9786,-0.17039,-1.92187,1.63609,4.05247
0.1079,0.96715,-0.23014,-0.58208,1.50384,1.36401
0.11293,0.95256,-0.2826,0.44139,0.37069,1.47564
0.13697,0.94276,-0.30403,0.82135,-0.09288,1.65854
0.17064,0.938,-0.30173,-0.34891,-0.47407,0.38382
0.19951,0.92976,-0.3094,-0.77169,-1.14284,0.04119
0.21531,0.92377,-0.31669,-0.95909,-1.45999,0.14216
0.21511,0.92494,-0.31339,-1.34345,-0.21605,1.00353
0.18841,0.93894,-0.2879,-0.87822,-0.66239,0.6543
0.14262,0.95471,-0.26113,-0.47872,-0.75898,0.31565
0.10378,0.97026,-0.21866,0.14129,-0.79936,0.56627
0.08897,0.98443,-0.15155,0.43378,-0.62749,0.42134
0.09103,0.99341,-0.06957,0.16313,0.30293,0.23726
0.09532,0.9953,0.01722,-0.21711,1.31745,0.04615
0.09487,0.98922,0.11154,-0.02457,3.0754,0.57048
0.06366,0.98106,0.18292,0.62027,2.70517,0.70165
0.00634,0.97265,0.23219,0.50643,1.64996,-0.59533
-0.03509,0.95251,0.30247,-0.01497,1.5414,-0.74807
-0.06373,0.92624,0.37149,-0.00283,1.3824,-0.74459
-0.07785,0.8984,0.43221,-0.02891,1.10244,-0.92142
-0.06631,0.87397,0.48143,0.59007,-0.64222,-0.6909
-0.04429,0.86145,0.5059,0.86683,-1.07682,-0.52182
-0.01683,0.86172,0.5071,0.62621,-2.19474,-0.56304
0.00472,0.87383,0.4862,0.30726,-2.4824,-0.45969
0.01134,0.89931,0.43715,0.00269,-2.08153,-0.84665
0.00179,0.92851,0.37129,0.12214,-1.10559,-0.76283
-0.02538,0.94764,0.31832,0.20099,-0.46746,-0.15878
-0.05324,0.95088,0.30494,0.20704,0.07338,0.38196
-0.07218,0.93922,0.33562,0.26742,0.73419,1.60997
-0.1002,0.91452,0.39193,0.10461,3.98093,0.91576
-0.12079,0.9208,0.37084,0.434,0.18615,-2.82553
-0.14351,0.92915,0.3407,1.15774,-1.57864,0.05813
-0.15754,0.9535,0.25691,0.39971,-1.79901,-1.86821
-0.14579,0.98002,0.13524,0.51431,-1.1445,-2.01403
-0.06466,0.9979,-0.00101,0.98331,0.70894,-1.49093
0.07283,0.99643,-0.04264,0.87053,5.11778,-2.45032
0.12239,0.98523,-0.11972,-1.36412,2.68449,2.06586
0.11573,0.97507,-0.18931,-1.11376,1.63818,1.74643
0.11054,0.96213,-0.24915,-0.06944,0.73149,1.22344
0.12624,0.95022,-0.28486,0.77905,-0.22248,1.41925
0.15273,0.94404,-0.29233,0.10563,-0.44532,0.58259
0.1858,0.93633,-0.29794,-0.62264,-0.89519,0.05326
0.20667,0.92775,-0.31076,-1.01459,-1.20275,0.37846
0.216,0.92254,-0.31977,-1.40915,-0.27385,1.05024
0.20298,0.92879,-0.31008,-0.78422,-0.72641,0.57693
0.16516,0.94403,-0.28553,-0.53974,-0.807,0.36613
0.1182,0.95973,-0.25485,-0.38947,-0.82745,0.43876
0.09302,0.97477,-0.2029,0.43936,-0.57046,0.67158
0.08532,0.98826,-0.12674,0.26479,-0.21317,0.28823
0.08587,0.99569,-0.03505,-0.27012,0.8199,-0.00713
0.08539,0.99444,0.06159,-0.57352,2.94173,-0.07494
0.06713,0.98725,0.14432,0.28492,3.1762,0.93781
0.01621,0.9789,0.20369,0.97232,1.77594,0.07891
-0.03782,0.96425,0.26226,0.58738,1.44287,-0.76839
-0.06674,0.93914,0.33699,0.1465,1.69233,-0.76104
-0.0935,0.91093,0.40181,0.04968,1.16376,-0.89223
-0.09626,0.88245,0.46044,0.14145,0.02948,-0.60837
-0.08015,0.86311,0.49861,0.7419,-0.65878,-0.7665
-0.05684,0.85588,0.51403,0.99308,-1.66879,-0.66881
-0.03165,0.86162,0.50656,0.60681,-2.29906,-0.49193
-0.01259,0.88379,0.4677,0.58775,-2.32123,-0.45306
0.00086,0.9186,0.39517,0.01517,-2.25587,-0.85667
-0.00692,0.94665,0.32218,0.12726,-1.21967,-0.7725
-0.02938,0.95969,0.2795,0.2192,-0.74077,-0.54482
-0.05515,0.95605,0.28794,0.1625,0.46788,0.45037
-0.07529,0.94312,0.32381,0.1973,0.51047,0.73959
-0.10177,0.93889,0.32882,0.33308,-0.16049,-0.32128
-0.10316,0.95201,0.28814,1.70095,2.85203,-0.12879
-0.09397,0.95723,0.27364,-0.06683,0.54891,-1.59063
-0.09761,0.9672,0.2345,-0.09044,-1.25852,-0.36347
-0.09327,0.98268,0.16011,0.14556,-1.19223,-1.40262
-0.06803,0.99511,0.07153,0.55509,-0.31233,-1.79938
0.03183,0.99923,0.0228,0.54814,3.33388,-2.11803
0.1063,0.99068,-0.08509,-0.45522,2.87887,0.68411
0.089,0.98184,-0.16754,-1.2589,1.25092,2.50892
0.0976,0.96906,-0.22669,-0.41531,1.34171,1.71165
0.11328,0.95802,-0.26336,0.86408,0.12349,1.31524
0.14703,0.95321,-0.26413,-0.08809,-0.36016,0.15237
0.1807,0.94648,-0.26743,-0.49862,-0.65203,0.05001
0.20718,0.93871,-0.27549,-0.90989,-1.25642,0.77938
0.22405,0.93436,-0.27707,-1.1798,-0.58159,0.78784
0.21798,0.93707,-0.27274,-1.18363,-0.4838,0.54038
0.18812,0.94647,-0.26229,-0.57571,-0.86192,0.36593
0.14483,0.95904,-0.24342,-0.25163,-0.70903,0.51606
0.11516,0.97157,-0.20685,0.34631,-0.73961,0.67522
0.10376,0.98313,-0.15062,0.29785,-0.61741,0.59786
0.09526,0.99299,-0.06992,-0.18356,0.09731,-0.15238
0.08503,0.99617,0.0203,-0.62745,1.87531,-0.35546
0.07196,0.99249,0.09887,-0.46516,3.32629,0.8182
0.03496,0.98458,0.17139,0.45582,2.00537,0.40472
-0.01403,0.97301,0.23031,0.79056,1.61512,0.05646
-0.05133,0.95607,0.28859,0.29979,1.53165,-0.8901
-0.0855,0.93364,0.34786,-0.24331,1.87363,-0.50066
-0.11898,0.9068,0.40442,-0.25138,1.42887,-0.74066
-0.12304,0.87922,0.46024,0.12113,-0.21305,-0.74753
-0.09635,0.85948,0.502,1.02127,-0.9493,-0.87948
-0.06203,0.85666,0.51212,1.29315,-1.34459,-0.61166
-0.03371,0.87002,0.49186,0.66854,-2.36482,-0.4367
-0.02067,0.89503,0.44552,0.11844,-2.03836,-0.65984
-0.02958,0.92375,0.38183,0.07345,-1.66008,-0.75612
-0.0569,0.94718,0.3156,0.27132,-1.044,-0.69642
-0.07938,0.95962,0.26984,0.32833,-0.62272,-0.29757
-0.09169,0.95774,0.27263,0.28082,-0.26059,-0.02127
-0.10642,0.94819,0.29934,0.02852,0.42269,0.77753
-0.12685,0.95308,0.27485,0.27227,0.03496,-0.25585
-0.10872,0.96122,0.25344,1.08458,2.99223,0.34822
-0.11494,0.96595,0.23178,0.30225,0.52228,-1.75334
-0.11679,0.9776,0.17509,0.16661,-1.15796,-1.089
-0.10919,0.98932,0.0965,0.39288,-1.20589,-1.23212
-0.05093,0.99855,0.01752,0.57075,-1.01443,-1.33028
0.06033,0.99747,-0.03763,0.3904,4.1505,-1.62163
0.08489,0.98203,-0.16852,-0.38781,2.7831,-0.24263
0.0817,0.96933,-0.23179,-1.61094,1.28389,4.23297
0.09675,0.95524,-0.27955,0.65864,0.55808,1.11024
0.12837,0.94813,-0.29079,0.67307,0.11495,1.01825
0.16236,0.94387,-0.28764,0.31699,-0.12205,0.74792
0.19851,0.93859,-0.28221,-0.75792,-0.91043,0.26533
0.22134,0.93342,-0.28236,-0.87582,-1.20172,0.46174
0.23123,0.93121,-0.28175,-1.06163,-1.25529,0.6058
0.21148,0.93751,-0.27631,-1.1069,-0.72204,0.63839
0.17162,0.94961,-0.26227,-0.5074,-0.83456,0.42956
0.1301,0.96288,-0.23651,-0.09079,-0.56557,0.54234
0.10302,0.97657,-0.18895,0.15856,-0.50693,0.17095
0.0866,0.98912,-0.1189,-0.1885,0.27341,0.1749
0.0742,0.99616,-0.04637,-0.41435,1.28893,0.15216
0.06535,0.99707,0.03977,-0.08414,2.82949,0.6932
0.05295,0.99182,0.11607,0.33911,3.31155,0.83513
0.00589,0.98578,0.1679,0.66524,1.4857,-0.1884
-0.03643,0.97357,0.22545,0.1106,1.7506,-1.4411
-0.06815,0.94917,0.30727,-0.04892,1.73512,-1.02208
-0.0964,0.92188,0.37527,-0.10453,0.70318,-0.56647
-0.09815,0.89432,0.43652,0.36776,-0.07208,-0.73302
-0.07566,0.8742,0.47963,1.04296,-0.86248,-0.70972
-0.04962,0.86809,0.49391,1.11798,-2.07071,-0.47417
-0.03258,0.87758,0.47831,0.61008,-2.60742,-0.41525
-0.02497,0.90053,0.43407,0.07607,-2.22038,-0.74396
-0.02639,0.92697,0.37418,0.01817,-1.69539,-0.89938
-0.04255,0.9479,0.31569,0.24028,-0.97447,-0.52333
-0.05786,0.95582,0.28819,0.15776,-0.309,0.2141
-0.06577,0.95486,0.28965,0.15493,0.07629,0.46554
-0.07761,0.94932,0.30457,0.04068,0.13364,0.70773
-0.10181,0.94906,0.29816,0.20134,-0.01495,0.26884
-0.09832,0.95492,0.2801,1.65099,2.82629,-0.72977
-0.10698,0.95962,0.26013,0.13873,1.05385,-1.49293
-0.12008,0.97215,0.20124,0.09023,-0.40262,-0.22378
-0.12691,0.98605,0.10765,0.26551,-1.5142,-1.71213
-0.08158,0.9966,0.01087,0.95397,1.0884,-1.81569
0.03996,0.99878,-0.02892,0.71021,3.10188,-2.19767
0.08957,0.98321,-0.15895,0.65265,4.84217,-1.79864
0.07202,0.96852,-0.23827,-0.75665,1.43059,1.9878
0.08509,0.95216,-0.29351,0.1988,1.26348,1.54815
0.11766,0.94072,-0.31811,0.53218,0.68455,1.469
0.15041,0.93662,-0.3164,-0.3621,-0.53142,0.10658
0.17698,0.93024,-0.32145,-0.6007,-0.83746,0.2469
0.19881,0.92469,-0.32469,-0.74569,-1.11315,0.54012
0.20446,0.9249,-0.32054,-1.31719,-0.62151,0.76574
0.18172,0.93472,-0.3054,-1.03789,-0.78338,0.6513
0.13751,0.94819,-0.28641,-0.67223,-0.92264,0.40288
0.09286,0.96466,-0.24659,0.25197,-0.81146,0.70086
0.07125,0.98046,-0.18337,0.35059,-0.69779,0.63503
0.06227,0.99291,-0.10121,0.21723,-0.39976,0.20865
0.05794,0.99825,-0.01168,-0.55081,2.22683,-0.0399
0.05014,0.99501,0.08622,-0.33676,3.1106,0.54933
0.02611,0.98733,0.15652,0.70085,3.04049,1.12869
-0.04226,0.9785,0.20186,1.2494,1.88405,-0.19343
-0.09773,0.95718,0.27248,0.3313,1.82738,-1.50234
-0.13485,0.92337,0.35943,-0.1536,0.95799,-0.87972
-0.14049,0.88534,0.4432,-0.17597,-0.01744,-0.61447
-0.1116,0.85593,0.50489,0.16632,-0.38677,-0.6574
-0.07364,0.84252,0.5336,1.15676,-1.33332,-0.64145
-0.04252,0.84761,0.5289,0.95678,-2.38426,-0.36838
-0.03098,0.86986,0.49231,0.63256,-2.59899,-0.39668
-0.03329,0.90387,0.42649,-0.00782,-2.07053,-1.06921
-0.04597,0.93266,0.3578,0.04451,-1.21905,-0.89301
-0.0697,0.94782,0.31108,0.11237,-0.80251,-0.56474
-0.08897,0.94913,0.30203,0.00667,0.03176,0.31526
-0.09506,0.9446,0.31414,0.09975,0.25331,0.50159
-0.10255,0.93439,0.34117,0.07759,0.37174,0.89697
-0.12055,0.92754,0.35372,0.37464,3.9909,-2.49998
-0.13151,0.93033,0.34232,0.92069,0.20665,-1.77253
-0.16007,0.93724,0.30977,1.03304,-1.99087,0.64607
-0.17691,0.96594,0.18881,0.53579,-2.06982,-2.49329
-0.12757,0.99079,0.04542,0.65838,-1.74838,-2.32629
0.01877,0.99947,-0.02638,1.17234,2.23457,-2.4735
0.13949,0.98899,-0.04943,0.24267,5.23929,-1.98457
0.14268,0.97469,-0.1721,-1.98979,1.59797,5.0937
0.13995,0.96259,-0.23199,-0.72159,1.74811,1.71223
0.156,0.94801,-0.27736,0.4388,0.38945,1.66965
0.1842,0.94127,-0.28298,0.30646,-0.18302,0.85539
0.21114,0.93505,-0.28478,-0.28324,-0.30134,0.39498
0.22798,0.92727,-0.29697,-0.89333,-1.02851,0.06223
0.23722,0.92263,-0.30412,-1.03317,-0.99721,0.96263
0.22777,0.92796,-0.29496,-1.41115,-0.41069,1.05637
0.19629,0.9413,-0.27463,-0.79665,-0.8058,0.49695
0.14972,0.95637,-0.25088,-0.45833,-0.69953,0.37957
0.11528,0.973,-0.19991,0.23759,-0.80906,0.36466
0.0981,0.98731,-0.12487,0.13458,-0.03284,-0.00796
0.08454,0.99529,-0.04737,-0.34451,1.03659,0.15352
0.07376,0.99634,0.04303,-0.27481,1.68315,0.33824
0.06699,0.98954,0.12772,0.00864,2.61665,0.66553
0.01305,0.98421,0.17649,0.60259,1.50316,-0.42095
-0.04513,0.97394,0.22224,0.3707,1.5309,-1.24824
-0.08637,0.94947,0.30171,0.058,1.74564,-1.94467
-0.1202,0.92096,0.37063,-0.23725,0.38904,-0.97711
-0.10948,0.89156,0.43945,-0.05109,-0.04096,-1.01501
-0.07599,0.86991,0.48731,0.29626,-0.3357,-0.92976
-0.04227,0.86333,0.50286,1.01314,-2.06998,-0.43973
-0.02027,0.87244,0.48828,0.86974,-2.56586,-0.31702
-0.01526,0.89888,0.43791,0.09456,-2.39075,-0.90583
-0.02646,0.93156,0.3626,-0.03608,-1.40933,-0.98784
-0.06031,0.95468,0.29143,0.17382,-0.66802,-0.42903
-0.09244,0.96079,0.26141,0.09799,0.01196,0.34341
-0.10787,0.95499,0.2763,0.21826,0.46432,0.54747
-0.11794,0.94484,0.30556,0.12162,0.36013,1.06514
-0.13983,0.93695,0.32025,0.55841,1.05469,-0.3094
-0.12951,0.9444,0.30221,1.55388,2.95531,-0.79542
-0.14592,0.9518,0.26977,0.37989,0.47638,-1.6746
-0.15429,0.96916,0.19214,0.17592,-1.27835,-1.17328
-0.13671,0.98704,0.08396,0.57996,-1.17651,-1.93575
-0.05615,0.99838,-0.00908,0.63232,-0.66738,-1.77684
0.06309,0.99741,-0.03453,0.6776,4.00081,-2.28975
0.09035,0.9828,-0.16106,-0.91922,2.24851,2.94373
0.08657,0.97075,-0.22394,-0.62008,1.71823,1.93401
0.09871,0.95507,-0.27945,0.30783,0.70657,1.69333
0.12888,0.946,-0.29742,0.35142,0.04139,0.60954
0.15566,0.94019,-0.30301,-0.49329,-0.52743,0.04787
0.18117,0.93154,-0.31528,-0.77514,-1.14813,0.50062
0.20348,0.925,-0.32088,-1.19676,-0.6718,1.10767
0.2087,0.92509,-0.31724,-1.45417,-0.41066,0.81451
0.18851,0.93434,-0.30245,-1.01358,-0.76878,0.40646
0.1448,0.94872,-0.28101,-0.54948,-0.73766,0.54888
0.10179,0.96441,-0.24404,-0.01834,-0.74903,0.53998
0.07658,0.97899,-0.18897,0.28403,-0.75052,0.37141
0.05979,0.99204,-0.11077,-0.00481,0.06348,-0.01423
0.04882,0.9985,-0.02463,-0.22126,0.503,0.16722
0.03796,0.99683,0.06979,-0.17137,3.20188,0.75631
0.0047,0.98966,0.14331,0.74258,2.92266,1.17389
-0.0601,0.97911,0.19419,1.09654,2.10452,0.55964
-0.10685,0.95856,0.26407,0.53085,1.75349,-1.94089
-0.13971,0.92641,0.34963,0.04625,1.59238,-0.66124
-0.1582,0.8891,0.42949,0.03622,0.77686,-0.96782
-0.14241,0.85596,0.49702,0.47116,-0.26618,-0.73728
-0.11467,0.84139,0.5281,1.37433,-1.40096,-0.59855
-0.08701,0.84535,0.52707,1.12396,-2.31799,-0.49279
-0.06668,0.86698,0.49386,0.42119,-2.64572,-0.45492
-0.05191,0.90419,0.42396,-0.15464,-2.58137,-1.02357
-0.05596,0.93666,0.34573,-0.15058,-2.61384,-0.94534
-0.07243,0.95782,0.27808,0.26858,-0.73045,-0.5398
-0.09014,0.96195,0.2579,0.19814,0.09165,0.25974
-0.09835,0.95128,0.2922,0.30287,1.02373,0.60559
-0.12219,0.92826,0.35127,0.50997,3.50889,3.20184
-0.15576,0.92463,0.34754,0.30711,0.08791,-3.07756
-0.2012,0.92163,0.33183,0.80181,-1.53523,-1.91995
-0.25631,0.94061,0.22261,1.04275,-2.59907,-0.99772
-0.26296,0.96282,0.06178,1.21389,-1.78695,-1.68263
-0.15042,0.98597,-0.07234,1.552,0.65798,-1.13397
0.01969,0.99764,-0.06567,1.62092,5.86632,-2.9039
0.06562,0.98993,-0.1254,-0.81182,2.88699,-0.29601
0.05457,0.97134,-0.23133,-2.18096,1.61696,5.43337
0.06597,0.95585,-0.28634,-0.36385,0.946,1.00992
0.08756,0.94465,-0.31616,0.34737,-0.10646,1.30377
0.12522,0.94053,-0.31578,0.09269,-0.2741,0.77867
0.15064,0.93439,-0.32282,-0.49601,-1.0781,0.04234
0.17223,0.92726,-0.33244,-0.89953,-0.9169,0.88748
0.18161,0.92615,-0.33055,-1.25094,-0.21899,0.98103
0.1688,0.93584,-0.30935,-0.92708,-0.80706,0.66058
0.13843,0.94842,-0.28519,-0.43009,-0.92976,0.36144
0.10284,0.96285,-0.24969,-0.26537,-0.82185,0.45537
0.08144,0.97659,-0.1991,0.03227,-0.77631,0.54572
0.06538,0.9899,-0.12575,-0.15599,-0.0866,-0.11824
0.05131,0.99779,-0.0421,-0.56277,0.87498,0.02049
0.03564,0.99843,0.04304,-0.45386,2.51419,0.58139
0.01558,0.99259,0.12047,0.46351,3.0281,0.7758
-0.02432,0.98404,0.17627,1.05868,1.60691,0.21802
-0.07148,0.97146,0.22614,0.58277,1.39322,-1.1022
-0.10165,0.94929,0.2975,-0.21447,1.36118,-0.47618
-0.1338,0.92006,0.36821,-0.25175,0.99585,-0.75049
-0.1347,0.89174,0.43203,-0.23073,0.45363,-0.68339
-0.10952,0.87053,0.47977,1.2579,-1.00274,-0.66103
-0.08243,0.86445,0.4959,1.2308,-0.99667,-0.67716
-0.06003,0.87509,0.48022,0.85887,-2.46458,-0.27079
-0.04271,0.89968,0.43444,0.03184,-2.1997,-0.68729
-0.03263,0.9285,0.36987,-0.08387,-1.921,-0.75639
-0.04782,0.95047,0.30709,0.0488,-1.04788,-0.67132
-0.07168,0.96036,0.26937,0.29363,-0.48737,-0.28313
-0.08682,0.95771,0.27429,0.34046,0.17511,0.10361
-0.09593,0.94807,0.30323,0.20326,0.47863,0.77056
-0.11567,0.94124,0.31729,0.48931,1.78854,-0.40757
-0.10988,0.94675,0.30262,0.99147,3.12736,-1.35503
-0.12598,0.94639,0.29744,0.86923,2.81463,-1.65048
-0.15064,0.96008,0.23568,0.29915,-1.77566,-1.17167
-0.15692,0.97981,0.12387,0.34846,-1.7694,-1.80086
-0.08771,0.99604,0.01429,0.54188,-1.47912,-1.64155
0.06099,0.99801,-0.01576,0.70514,4.83018,-2.44919
0.1192,0.98619,-0.11496,0.25289,4.05104,-0.88475
0.1068,0.9752,-0.19382,-1.0553,2.2329,1.91584
0.11335,0.96006,-0.2558,0.25307,0.93022,1.32552
0.13399,0.94935,-0.28421,0.56599,-0.02421,1.04317
0.16425,0.94411,-0.28579,-0.24197,-0.46413,0.3657
0.18993,0.93646,-0.29489,-0.61984,-1.11819,0.09072
0.21117,0.93042,-0.29955,-1.06255,-1.16535,1.12122
0.2211,0.93019,-0.29301,-1.47307,-0.41457,0.82717
0.20386,0.93866,-0.27814,-1.08215,-0.73678,0.38759
0.16161,0.95322,-0.25544,-0.54276,-0.79674,0.42454
0.11863,0.96796,-0.2213,-0.05658,-0.76041,0.4198
0.09277,0.98164,-0.16664,-0.04849,-0.20399,-0.51083
0.07291,0.99282,-0.09479,-0.30266,0.29804,-0.48604
0.04752,0.9987,-0.01831,-0.09017,1.27031,0.55552
0.03712,0.99695,0.06861,0.3749,2.55395,1.2258
0.0161,0.98934,0.14473,0.79102,2.47177,0.89055
-0.03893,0.98102,0.18992,0.72475,1.44682,-0.40798
-0.09195,0.9685,0.2314,0.17073,1.84345,-1.82428
-0.15375,0.94142,0.30012,-0.51502,1.66217,-0.17057
-0.19266,0.90908,0.36938,-0.25389,0.47121,-0.65412
-0.18298,0.87899,0.44033,0.07011,0.13825,-0.85401
-0.15504,0.85872,0.48843,0.96788,-0.76721,-0.94091
-0.1221,0.85609,0.50218,1.22715,-2.24187,-0.34466
-0.10249,0.87209,0.47849,0.68069,-2.56458,-0.37254
-0.09998,0.9004,0.42341,0.19985,-2.20396,-0.96523
-0.10662,0.9281,0.35673,0.04984,-1.44804,-1.16611
-0.12883,0.94844,0.28959,0.06352,-0.45948,-0.18444
-0.15576,0.95466,0.25368,-0.00873,-0.23014,0.38068
-0.17682,0.94792,0.26489,-0.05453,0.32031,0.75845
-0.21177,0.93542,0.28308,-0.22078,0.49445,1.1832
-0.24916,0.934,0.25603,0.07765,0.54254,1.00292
-0.24583,0.9315,0.26808,1.84805,4.26197,-0.60926
-0.2604,0.9296,0.26082,0.85311,-1.10434,0.24748
-0.27408,0.94588,0.17373,0.74094,-1.82125,-1.29473
-0.25167,0.96692,0.0414,0.8531,-1.53539,-1.9648
-0.12312,0.98959,-0.07453,1.2469,0.62144,-1.21649
0.00379,0.99129,-0.13161,1.44531,4.44125,-2.00291
-0.00657,0.9766,-0.21497,-1.29479,2.58195,0.29936
-0.00588,0.95968,-0.28101,-0.96478,1.55356,1.24471
0.01369,0.94026,-0.34019,-0.22873,1.31644,1.2252
0.04124,0.93052,-0.36391,0.18424,0.65987,1.5658
0.07695,0.92949,-0.36073,-0.48318,-0.30267,0.37596
0.10333,0.92602,-0.36305,-0.69593,-0.58364,0.32742
0.12382,0.92141,-0.36833,-0.77641,-0.99876,0.48584
0.135,0.9175,-0.37413,-1.09599,-0.61819,0.71448
0.12308,0.91983,-0.3725,-1.13089,-0.57421,0.64533
0.08797,0.93316,-0.34852,-0.93872,-0.7131,0.71815
0.0478,0.94703,-0.31757,0.01449,-0.70069,0.56997
0.02115,0.96152,-0.2739,0.34981,-0.76192,0.4759
0.00465,0.97812,-0.20798,0.48665,-0.53447,0.6771
-0.00421,0.99291,-0.11875,0.14315,0.23107,0.33794
-0.00776,0.9997,-0.02293,-0.08915,0.68654,0.11488
-0.01841,0.99741,0.06946,-0.05764,3.59202,0.45339
-0.05363,0.98926,0.13591,0.52231,2.00483,0.53131
-0.10841,0.97702,0.18348,0.63499,1.63845,-0.19853
-0.16047,0.95477,0.25032,0.10827,1.827,-0.7032
-0.20155,0.9203,0.33529,-0.1379,1.41213,-0.37058
-0.2229,0.88726,0.40381,-0.08012,0.96166,-0.52378
-0.21302,0.86367,0.45681,0.47679,-0.35489,-0.57488
-0.19372,0.85316,0.48434,0.95979,-1.08512,-0.40889
-0.17171,0.85946,0.4815,1.06763,-1.36355,-0.37611
-0.14929,0.87781,0.45513,0.61633,-2.1415,-0.2848
-0.12727,0.90555,0.40468,0.27139,-2.28457,-0.6154
-0.11031,0.93656,0.33268,0.14094,-1.73328,-0.86744
-0.11441,0.95816,0.26234,0.20143,-0.88218,-0.77334
-0.12692,0.96879,0.21291,0.29453,-0.66088,-0.58155
-0.1425,0.96025,0.24002,0.17403,0.06577,0.03226
-0.17027,0.92905,0.32844,0.24392,2.87959,3.52015
-0.20752,0.92766,0.31043,-0.11391,2.15331,-2.64008
-0.23916,0.93307,0.26865,1.16743,-1.08247,-1.35774
-0.26201,0.94398,0.20061,1.57072,-2.06831,0.1447
-0.24076,0.96662,0.0876,0.72135,-1.63956,-1.58066
-0.14233,0.98899,-0.04039,0.81163,-1.33358,-1.60273
0.02208,0.99744,-0.06791,1.03496,3.37778,-2.25643
0.09273,0.98905,-0.11476,-0.18365,4.09698,-0.90604
0.07812,0.97596,-0.20343,-1.44191,2.39809,2.14304
0.0842,0.96028,-0.26603,-0.79001,1.46654,1.22805
0.09845,0.9484,-0.3014,0.37138,0.28363,1.52856
0.13208,0.94293,-0.30567,0.54199,-0.0469,1.40928
0.16924,0.93585,-0.30911,-0.38869,-0.58361,0.15992
0.19562,0.92806,-0.3169,-0.64258,-1.18345,0.30654
0.21432,0.92162,-0.32354,-1.21986,-0.85528,0.85966
0.21214,0.9253,-0.31433,-1.46109,-0.34738,0.87729
0.18543,0.93834,-0.29176,-0.55929,-0.90088,0.33267
0.15013,0.95224,-0.26588,-0.41882,-0.80745,0.26488
0.12047,0.9674,-0.22274,-0.18996,-0.71549,0.32032
0.1025,0.98101,-0.16461,0.20738,-0.61834,0.51844
0.08975,0.99257,-0.08216,-0.01068,-0.34213,0.11468
0.0826,0.99652,0.01102,-0.2398,0.1113,-0.05098
0.07851,0.99229,0.09588,-0.62219,3.6363,0.57071
0.05626,0.98274,0.17622,-0.1664,3.1558,0.67299
0.00559,0.97145,0.23716,0.6557,1.63158,-0.08865
-0.03299,0.95427,0.29709,-0.03778,1.66955,-0.6971
-0.06571,0.93282,0.35429,-0.27189,1.73095,-0.64441
-0.08823,0.91041,0.40417,-0.23358,0.57601,-0.7398
-0.08343,0.88887,0.45048,0.61588,-0.14792,-0.72854
-0.0696,0.87554,0.4781,1.45506,-1.25295,-0.70366
-0.05604,0.87678,0.47761,1.1898,-2.34513,-0.2678
-0.04461,0.89342,0.44699,0.47047,-2.40833,-0.42924
-0.02948,0.92093,0.38859,0.19098,-2.26561,-0.55694
-0.0224,0.94635,0.32236,0.07217,-1.42189,-0.64224
-0.02543,0.9636,0.26614,0.29715,-0.807,-0.43116
-0.03254,0.96893,0.24515,0.26648,-0.11994,0.0056
-0.04575,0.96442,0.26036,0.18953,0.24891,0.2695
-0.06328,0.95764,0.28092,0.04224,0.15239,0.56422
-0.08552,0.95823,0.2729,-0.06609,-0.07331,0.81058
-0.0727,0.96262,0.26088,0.69059,4.22539,0.01816
-0.07864,0.95859,0.2737,0.47601,0.27592,-1.51671
-0.08367,0.97007,0.22793,0.28859,-1.46574,-0.04212
-0.10661,0.98255,0.15242,0.24237,-1.77768,-1.46795
-0.07158,0.99568,0.05901,0.93697,-0.80119,-1.60946
0.05587,0.99839,0.00945,0.97618,3.93819,-2.092
0.11035,0.99015,-0.08611,-0.37504,2.54656,-0.5408
0.08957,0.9807,-0.17376,-1.98781,1.14167,3.81707
0.10273,0.9671,-0.23273,-1.34873,1.18632,2.08527
0.11709,0.95678,-0.26621,0.53191,0.33369,0.98778
0.14356,0.94977,-0.27806,0.03791,-0.12626,0.75961
0.16908,0.94156,-0.29134,-0.38423,-0.31408,0.48223
0.18524,0.93431,-0.30453,-0.80191,-1.15294,0.5801
0.19118,0.93205,-0.30777,-1.12888,-0.67314,0.9543
0.1758,0.93788,-0.29913,-1.07628,-0.6034,0.46275
0.13623,0.95208,-0.27383,-0.82437,-0.78045,0.42408
0.0928,0.96695,-0.23745,0.02233,-0.6814,0.63967
0.06411,0.97971,-0.18986,0.30854,-0.72984,0.55421
0.04543,0.99093,-0.12647,0.37573,-0.70128,0.48154
0.03602,0.99852,-0.04062,-0.25727,0.34231,0.17235
0.03604,0.99825,0.04675,-0.51636,1.32262,-0.13352
0.03816,0.99076,0.13012,-0.52742,2.70646,-0.24414
0.01426,0.98034,0.19679,0.58125,1.89123,0.33275
-0.04035,0.96917,0.24305,0.45574,1.56728,-0.28762
-0.07681,0.94875,0.30655,0.06473,1.49861,-0.80176
-0.11805,0.92665,0.35689,-0.29877,1.175,-0.9146
-0.13623,0.90328,0.40683,-0.12858,0.69663,-0.94229
-0.13548,0.88467,0.44608,0.1146,0.20241,-0.85422
-0.12725,0.87785,0.46171,1.48079,-1.61767,-0.48407
-0.11499,0.88544,0.45029,1.38511,-1.80387,-0.17084
-0.10337,0.90507,0.4125,0.58187,-2.26604,-0.3818
-0.08368,0.93242,0.35153,0.08232,-1.90459,-0.87216
-0.07226,0.95639,0.28301,-0.01035,-1.55029,-0.73476
-0.07218,0.97171,0.22484,0.11095,-0.56005,-0.22893
-0.07994,0.9754,0.20542,0.08333,0.06511,0.26429
-0.09456,0.96651,0.23856,0.05313,0.28924,0.77517
-0.12405,0.9557,0.26691,-0.05232,0.03623,0.78541
-0.15279,0.96327,0.22081,0.72922,0.76703,-1.49121
-0.12552,0.96844,0.21532,1.26591,2.91738,-1.16248
-0.13211,0.97039,0.2022,0.09396,-0.64335,-0.03459
-0.13386,0.98157,0.13633,0.04001,-1.30453,-1.48333
-0.1105,0.99306,0.04021,0.14688,-1.48522,-1.65155
-0.0192,0.99917,-0.03572,0.69644,1.43041,-1.7243
0.0855,0.99298,-0.0817,0.29798,4.07701,-1.56167
0.07934,0.97499,-0.2076,-0.40616,2.89105,0.08896
0.07412,0.96094,-0.26663,-0.59116,1.43199,1.30383
0.0804,0.94659,-0.31226,0.60522,0.73217,1.43627
0.10369,0.93999,-0.32504,0.53396,0.08639,0.87334
0.13038,0.93572,-0.32776,-0.29314,-0.63076,0.35196
0.1517,0.92954,-0.33607,-0.72119,-1.00881,0.39911
0.16437,0.92477,-0.3432,-1.06008,-1.03835,0.7935
0.16403,0.92531,-0.34188,-1.2505,-0.44334,0.83119
0.14081,0.93612,-0.32225,-0.76787,-0.79072,0.60479
0.10114,0.95112,-0.29177,-0.36705,-0.81068,0.50294
0.06462,0.96614,-0.24977,0.14098,-0.66956,0.63707
0.04295,0.98065,-0.19099,0.41029,-0.69915,0.59166
0.03669,0.9934,-0.10864,0.23965,-0.30849,0.19207
0.03522,0.99913,-0.02228,-0.47349,1.71585,-0.17375
0.03052,0.9974,0.06529,-0.02576,3.36233,0.6908
0.00508,0.99101,0.13366,0.3922,2.97068,1.16756
-0.04196,0.98171,0.18566,0.60608,1.33332,-0.30047
-0.07662,0.96485,0.25138,0.11831,1.69221,-1.04059
-0.11479,0.94095,0.31848,-0.16211,1.47302,-0.62477
-0.13989,0.91339,0.38228,0.01043,0.61256,-0.7094
-0.14094,0.88928,0.4351,0.45007,-0.39697,-0.68928
-0.12583,0.87468,0.46807,1.11889,-1.04863,-0.73724
-0.1037,0.87528,0.47235,0.95322,-1.85665,-0.4645
-0.08156,0.88996,0.44866,0.39172,-2.47663,-0.40731
-0.0654,0.91639,0.39489,0.17034,-2.40725,-0.67242
-0.05631,0.94532,0.32124,-0.04392,-2.27262,-0.9366
-0.06228,0.96549,0.25287,0.14895,-0.69588,-0.30673
-0.07596,0.97252,0.22005,-0.00467,-0.35199,0.0452
-0.08793,0.96524,0.24611,-0.03657,-0.04079,0.37792
-0.11681,0.94897,0.29293,0.20803,1.23229,2.04928
-0.14606,0.94929,0.27841,0.47974,3.79666,-2.27925
-0.16782,0.95173,0.25699,0.76079,-0.66875,-1.13758
-0.20015,0.95556,0.21641,0.7717,-1.75308,-0.02951
-0.20263,0.97097,0.12711,0.51305,-1.76528,-2.05243
-0.15023,0.98854,0.01437,0.78785,-0.78427,-1.21684
-0.01082,0.99815,-0.05984,0.73669,2.90412,-1.37894
0.08835,0.99117,-0.09886,0.82819,5.12687,-2.11334
0.06932,0.97697,-0.20179,-1.85779,1.21886,3.65942
0.0661,0.96208,-0.26463,-0.29295,1.42815,1.12308
0.07051,0.94611,-0.31607,0.17614,0.97468,1.2146
0.09626,0.9359,-0.33884,0.59205,-0.15473,1.28402
0.13044,0.92854,-0.34754,-0.25184,-0.54694,0.40873
0.15567,0.92028,-0.35895,-0.45326,-0.76514,0.05336
0.16814,0.91325,-0.37107,-0.95334,-0.99733,0.99462
0.17117,0.91205,-0.37264,-1.22832,-0.33224,0.74732
0.14341,0.92612,-0.34891,-1.00739,-0.52013,0.80694
0.09694,0.94356,-0.31669,-0.48659,-0.84561,0.5879
0.05937,0.96049,-0.27191,0.2264,-1.00793,0.67243
0.03891,0.97797,-0.20507,0.37912,-0.9336,0.62345
0.03777,0.99293,-0.11253,0.04211,0.20219,0.09285
0.0507,0.99864,-0.01223,-0.26008,2.23508,-0.19874
0.05601,0.9955,0.07635,0.18693,3.71315,0.88781
0.04054,0.98838,0.14644,0.98221,1.99895,0.72246
-0.01646,0.98037,0.19644,0.9019,1.81962,-0.71932
-0.06259,0.9663,0.24969,0.49086,1.6938,-0.83023
-0.11405,0.94767,0.29815,-0.20447,1.41134,-0.74478
-0.15275,0.92415,0.35016,-0.30624,-0.00972,-0.60088
-0.15656,0.90529,0.39487,0.38645,-1.11307,-0.82891
-0.13691,0.89321,0.42827,0.933,-1.33102,-0.92139
-0.10297,0.89367,0.43674,0.56278,-2.44088,-0.40596
-0.0728,0.91008,0.40798,0.30027,-2.48012,-0.50423
-0.05815,0.93952,0.3375,0.01512,-2.44193,-0.81405
-0.0635,0.96392,0.25849,0.2167,-0.81707,-0.43097
-0.07613,0.97631,0.20251,0.18251,-0.48127,0.02662
-0.10402,0.97252,0.20828,-0.0517,-0.13023,0.56314
-0.14034,0.95836,0.24867,-0.22515,0.69238,2.02106
-0.19178,0.9439,0.26881,-0.12992,2.05677,1.54476
-0.19165,0.93891,0.28584,0.04709,4.41508,-2.99176
-0.18818,0.93487,0.30099,1.17402,-2.09898,0.50287
-0.15888,0.95544,0.24876,0.58667,-1.80057,-1.7615
-0.12336,0.98424,0.12664,0.20168,-1.39976,-2.02558
-0.00203,0.9999,0.01358,0.9165,3.84428,-2.18735
0.08995,0.9936,-0.06828,0.72401,5.65922,-1.96683
0.06872,0.98567,-0.15402,-0.61064,4.31276,-0.22838
0.04949,0.97136,-0.23239,0.15139,1.2567,1.25191
0.0454,0.95597,-0.28993,0.15548,1.27209,1.30945
0.07004,0.94909,-0.30712,0.82745,-0.2519,0.84629
0.09891,0.94267,-0.31872,-0.30309,-0.62935,0.58918
0.12488,0.93385,-0.33515,-0.5352,-0.93577,0.33016
0.14143,0.92792,-0.34491,-0.94142,-1.03415,1.05087
0.14213,0.9274,-0.34603,-1.00916,-0.30156,1.01595
0.11936,0.93771,-0.32627,-0.8195,-0.56063,0.86262
0.08881,0.9499,-0.29965,-0.303,-0.82544,0.39087
0.05956,0.96395,-0.25933,0.32123,-0.86249,0.51959
0.04202,0.97891,-0.19991,0.4485,-0.84913,0.51555
0.03234,0.99261,-0.11693,-0.06432,0.45931,0.13782
0.02229,0.99937,-0.02736,-0.448,2.02431,-0.0008
0.01011,0.99832,0.05696,-0.48442,2.81306,0.28808
-0.0169,0.99177,0.1269,0.82937,2.09808,0.64467
-0.06029,0.98152,0.18158,0.66051,1.33934,-0.43041
-0.0881,0.96767,0.23629,0.39833,1.35297,-0.86096
-0.12614,0.94676,0.29618,-0.35217,1.56511,-0.60876
-0.15768,0.92128,0.35548,-0.2836,0.4443,-0.56092
-0.16096,0.89999,0.4051,-0.1274,-0.05697,-0.54287
-0.14563,0.88566,0.4409,0.99719,-1.11503,-0.645
-0.11912,0.8848,0.45046,0.94035,-1.84388,-0.36486
-0.09216,0.89857,0.42902,0.57102,-2.49342,-0.25632
-0.06759,0.92367,0.37717,0.08489,-2.1991,-0.55694
-0.05367,0.9484,0.31248,-0.24883,-1.10775,-0.51205
-0.06382,0.96443,0.2565,-0.13756,-0.82676,-0.26206
-0.08609,0.96816,0.23503,-0.00759,-0.58207,-0.04543
-0.10561,0.96025,0.25839,0.18843,0.28516,0.92401
-0.13326,0.94369,0.30278,0.33033,0.52027,1.3625
-0.14791,0.94087,0.30475,0.5611,1.34499,1.64296
-0.14682,0.94561,0.29026,1.02211,-0.5908,-0.53785
-0.1644,0.95094,0.26206,1.03969,-0.59613,-0.50965
-0.16057,0.97191,0.17206,0.39393,-1.44197,-2.36992
-0.109,0.99222,0.06003,0.68865,-0.46996,-1.62493
0.01354,0.99962,-0.02379,0.76592,0.96379,-1.25896
0.1188,0.98965,-0.08042,0.4508,5.57985,-2.07523
0.11042,0.9753,-0.1913,-1.68354,1.3829,3.16434
0.1073,0.9605,-0.25675,-1.68043,1.3977,3.22979
0.11343,0.94608,-0.30341,0.15939,0.63932,1.30903
0.14197,0.93917,-0.31274,0.42081,-0.08443,1.19225
0.17114,0.9335,-0.31508,-0.3741,-0.20677,0.61875
0.19027,0.92622,-0.32544,-0.73703,-0.86367,-0.01793
0.1976,0.92117,-0.33526,-0.89053,-0.73242,0.8175
0.19163,0.92327,-0.33293,-1.14506,-0.48434,0.83837
0.16247,0.93678,-0.30992,-0.87059,-0.70951,0.74225
0.11805,0.95331,-0.27795,-0.33713,-0.70792,0.67084
0.08266,0.96911,-0.23237,0.4514,-0.8006,0.66581
0.07016,0.98251,-0.17247,0.4478,-0.71626,0.65392
0.06856,0.99356,-0.09015,-0.03299,-0.0531,0.05094
0.07186,0.99737,0.00874,-0.35218,0.5932,-0.16988
0.06975,0.99256,0.0998,-0.86176,4.06216,0.56385
0.04395,0.98332,0.17646,0.33051,2.15459,0.73969
-0.00995,0.97204,0.23461,0.79135,1.63549,-0.07567
-0.0545,0.95502,0.29148,0.15707,1.40294,-0.46462
-0.09511,0.93593,0.33909,-0.07147,1.59613,-0.90905
-0.12425,0.91494,0.38398,-0.04072,1.15481,-0.9192
-0.12493,0.89463,0.42897,0.42161,-0.49215,-0.64469
-0.11121,0.88135,0.45918,1.21045,-1.35123,-0.67397
-0.09321,0.87951,0.46665,0.9766,-1.91069,-0.41467
-0.07564,0.89155,0.44655,0.49134,-2.46624,-0.34262
-0.05705,0.91946,0.38901,0.13148,-2.34446,-0.7515
-0.04543,0.94859,0.31321,0.02213,-2.04658,-0.77606
-0.05389,0.96656,0.25069,0.1531,-0.63276,-0.3935
-0.07693,0.9696,0.23226,0.12842,0.0535,0.10696
-0.09914,0.95804,0.26895,0.24919,0.52352,0.536
-0.12883,0.93984,0.31638,0.40643,0.63402,1.67844
-0.14857,0.93986,0.30754,0.59688,2.37169,-1.00293
-0.15655,0.94725,0.27965,0.69932,2.32596,-1.84872
-0.17552,0.954,0.24305,0.63867,-1.17161,0.19389
-0.17395,0.97237,0.15564,0.29498,-1.34232,-1.73884
-0.12602,0.99055,0.05412,0.36461,-1.33367,-1.85208
-0.00238,0.99996,0.00805,0.74805,4.00124,-2.04845
0.09834,0.9933,-0.06074,-0.8029,2.94152,0.51522
0.08266,0.98358,-0.16044,-0.78722,2.95124,0.61492
0.08233,0.96954,-0.23068,-0.89081,1.3342,1.16557
0.09083,0.95537,-0.28111,0.70709,0.34432,1.62574
0.11475,0.94841,-0.29554,0.59294,0.07143,1.33082
0.14223,0.94365,-0.29881,0.04168,-0.09479,0.86566
0.16514,0.93743,-0.30652,-0.60735,-1.33634,0.35573
0.18071,0.93198,-0.31425,-0.68458,-1.31499,0.75876
0.1836,0.9316,-0.3137,-1.16173,-0.35857,0.88395
0.16572,0.93942,-0.30005,-0.97381,-0.65148,0.5999
0.13237,0.95181,-0.27663,-0.48391,-0.83792,0.38554
0.09964,0.9647,-0.24375,-0.15297,-0.79907,0.4121
0.07938,0.97728,-0.1965,0.35453,-0.91455,0.50644
0.06749,0.9898,-0.12543,0.01368,-0.41862,0.02934
0.05405,0.99757,-0.04387,-0.5246,0.69478,0.03469
0.03309,0.99871,0.03851,-0.7324,2.50152,0.15451
0.00344,0.99401,0.10922,0.14253,2.84146,0.87287
-0.03439,0.98497,0.16926,0.8174,1.85141,0.23856
-0.06843,0.97186,0.2254,0.17192,1.53065,-0.91965
-0.09802,0.95157,0.29139,0.01215,1.83608,-0.97272
-0.13891,0.92558,0.35213,-0.2652,1.09399,-0.47339
-0.15768,0.8998,0.4068,0.19659,0.19352,-0.65952
-0.14117,0.88163,0.45032,0.57754,-0.21272,-0.86505
-0.11469,0.87195,0.47596,1.24103,-1.7584,-0.41798
-0.092,0.87536,0.47462,0.89265,-2.42071,-0.30474
-0.07765,0.89402,0.44123,0.65092,-2.48239,-0.39701
-0.06733,0.92312,0.37856,0.00821,-2.03869,-0.89995
-0.07147,0.94931,0.30608,0.10622,-1.34238,-0.78275
-0.08566,0.96427,0.25066,0.22537,-0.60806,-0.28794
-0.10185,0.96532,0.24036,0.12598,0.02342,0.23987
-0.11311,0.9596,0.25761,0.18803,0.35612,0.55974
-0.12735,0.95245,0.27679,0.18973,0.36571,0.82625
-0.14376,0.95718,0.25127,0.51669,1.01566,-0.30878
-0.13733,0.96203,0.23585,0.79876,3.5969,-1.39419
-0.16179,0.96274,0.21667,0.50769,0.57753,-1.73171
-0.1817,0.97136,0.15308,0.49021,-1.52254,-0.58903
-0.17732,0.98244,0.05801,0.823,-1.56922,-1.68187
-0.09871,0.9947,-0.02847,0.94953,-1.03343,-1.54726
0.03013,0.99678,-0.07431,0.84243,4.37041,-2.15953
0.0477,0.98003,-0.19306,-0.87343,2.4393,0.4643
0.03308,0.96603,-0.25628,-1.97897,1.23947,4.31786
0.05101,0.95014,-0.30761,0.12256,1.24148,1.43002
0.07941,0.94119,-0.32841,0.13031,-0.0802,0.77731
0.10804,0.93752,-0.33072,0.10168,-0.07653,0.77962
0.12959,0.93238,-0.33744,-0.84379,-0.92832,0.20411
0.14236,0.92813,-0.34394,-0.90707,-0.83893,0.918
0.14109,0.92867,-0.34302,-0.9058,-0.83947,0.91709
0.11794,0.93744,-0.32755,-0.87836,-0.76142,0.70531
0.07957,0.94994,-0.30211,-0.34812,-0.71798,0.56089
0.03739,0.96339,-0.26547,-0.30595,-0.73143,0.52424
0.00847,0.97742,-0.2111,0.45417,-0.73264,0.67629
-0.006,0.99112,-0.13281,-0.07437,0.51392,0.15615
-0.01332,0.99888,-0.04531,-0.30223,1.12198,-0.07426
-0.02296,0.99864,0.04663,-0.37102,3.07518,0.47401
-0.04871,0.99132,0.12208,0.58344,1.68167,0.47712
-0.09159,0.97876,0.1834,0.63162,1.35996,-0.0646
-0.12671,0.96193,0.24212,0.25903,1.51582,-0.7458
-0.17021,0.93855,0.30025,-0.17117,1.41744,-0.86431
-0.19467,0.909,0.36853,-0.22412,0.90637,-0.99464
-0.18868,0.88338,0.42899,0.63192,-0.18712,-0.92582
-0.16055,0.8677,0.47044,0.96132,-0.60323,-0.8656
-0.13497,0.86739,0.47896,1.22388,-1.76073,-0.3037
-0.1189,0.88382,0.45245,0.56572,-2.52591,-0.34862
-0.11144,0.91411,0.38983,0.29492,-2.44069,-0.54845
-0.11415,0.94438,0.3084,0.07199,-1.96112,-0.6943
-0.12623,0.96442,0.23225,0.28883,-0.86083,-0.5774
-0.13662,0.97197,0.19133,0.31306,-0.18214,-0.04991
-0.14506,0.96823,0.20366,0.35063,0.25192,0.11943
-0.15912,0.95757,0.24029,0.48066,1.14062,1.56803
-0.16532,0.95309,0.25353,0.70644,3.55182,-0.32761
-0.16851,0.95712,0.23563,0.88536,3.2351,-1.30291
-0.1968,0.95528,0.22067,0.71458,-1.803,-0.16495
-0.20495,0.96838,0.14222,0.54559,-1.83622,-1.61468
-0.1591,0.98591,0.05156,0.567,-1.64257,-1.87826
-0.03534,0.99934,-0.00802,0.76503,2.05298,-1.91903
0.08713,0.99397,-0.0665,0.17588,5.06549,-1.05655
0.07933,0.9815,-0.17424,-1.20068,2.94996,1.10945
0.07233,0.96811,-0.23984,-0.806,1.35417,1.12667
0.08171,0.95239,-0.29371,0.4917,0.48576,1.13508
0.11238,0.94488,-0.30752,0.74533,0.04122,1.26046
0.14727,0.93958,-0.30902,-0.35569,-0.11352,0.55824
0.17542,0.93183,-0.31768,-0.896,-0.62148,-0.0259
0.19354,0.92596,-0.32425,-0.83499,-1.10476,0.36313
0.20193,0.92638,-0.31788,-1.45655,-0.24242,0.87873
0.18554,0.93697,-0.29607,-1.00338,-0.73218,0.4569
0.14852,0.95285,-0.26459,-0.47698,-0.92952,0.44186
0.11402,0.96828,-0.22233,-0.0754,-0.90361,0.65565
0.09493,0.98098,-0.16929,0.32039,-0.91304,0.553
0.08315,0.9922,-0.0928,0.02931,-0.42293,-0.07662
0.07926,0.99684,-0.00472,-0.51928,0.7975,0.01591
0.06985,0.99459,0.07689,-0.71799,2.88728,0.32117
0.04679,0.98702,0.1536,-0.65208,2.93365,0.63474
-0.00626,0.97821,0.20751,0.50405,1.78647,-0.07369
-0.04989,0.96417,0.26053,0.22747,1.43547,-0.71777
-0.08048,0.94175,0.32654,-0.04567,1.67352,-1.14441
-0.11029,0.91959,0.37708,-0.18847,0.98868,-0.72432
-0.11262,0.89939,0.42238,0.68805,-0.02871,-0.77779
-0.09748,0.88521,0.45486,1.01783,-0.41484,-0.7356
-0.07981,0.88185,0.46472,1.05862,-1.67988,-0.40614
-0.0633,0.89135,0.44887,0.49148,-2.198,-0.20063
-0.0489,0.91344,0.40402,0.35249,-2.11012,-0.32494
-0.03493,0.94015,0.33897,0.10942,-1.65081,-0.61071
-0.03138,0.96088,0.27518,0.15519,-0.66725,-0.25122
-0.04585,0.97027,0.23761,0.16966,-0.67665,-0.21365
-0.07093,0.96702,0.24462,0.43054,0.2767,0.22298
-0.09692,0.95682,0.27404,0.0566,-0.05196,0.95265
-0.12186,0.95267,0.27851,0.16898,-0.20433,0.43207
-0.11866,0.96895,0.21693,1.11294,1.8404,-1.38992
-0.10686,0.96923,0.22174,0.06423,-0.06889,-0.2617
-0.10729,0.97272,0.20565,0.13723,-0.94059,0.55557
-0.11431,0.98087,0.15757,0.20743,-1.33064,-0.60895
-0.09858,0.99247,0.07264,0.92288,0.59546,-1.79195
-0.00816,0.99996,0.00117,0.66215,2.76986,-2.14
0.07834,0.99196,-0.09939,0.40724,4.42177,-1.74429
0.06081,0.97818,-0.19865,-1.4432,1.01474,1.27167
0.05876,0.96392,-0.25962,-1.44114,1.029,1.33263
0.06882,0.95347,-0.29351,0.69262,0.15768,1.26306
0.10285,0.94905,-0.29786,0.09422,-0.1358,0.49289
0.12566,0.94623,-0.2981,-0.34284,-0.48947,0.36012
0.1462,0.94296,-0.29908,-0.78772,-1.23989,0.62245
0.15884,0.94258,-0.29379,-1.16042,-0.72432,0.71735
0.15318,0.94698,-0.28243,-1.06267,-0.63881,0.69947
0.12205,0.95872,-0.25681,-0.37198,-0.77809,0.53878
0.07906,0.97071,-0.22687,-0.11583,-0.68325,0.62325
0.04823,0.98226,-0.18118,0.15366,-0.73428,0.52234
0.03318,0.993,-0.11337,-0.18777,0.25728,0.07652
0.0258,0.99882,-0.04119,-0.42551,1.55458,0.09481
0.01627,0.99906,0.04,-0.41364,1.94213,0.3856
0.00279,0.99318,0.11649,0.2679,2.22857,0.54748
-0.0318,0.98451,0.17241,0.41208,1.56838,-0.15483
-0.08517,0.97456,0.20729,0.0928,1.63643,-0.87091
-0.14028,0.95668,0.25509,-0.37155,1.49247,-0.6031
-0.19263,0.93366,0.30195,-0.22517,0.41398,-0.77106
-0.214,0.91033,0.35424,0.07391,0.08365,-0.72795
-0.20354,0.89285,0.40173,1.23831,-0.87991,-0.64718
-0.18552,0.88499,0.42705,1.33252,-1.86091,-0.06975
-0.17423,0.89313,0.41467,1.1348,-2.21209,-0.08682
-0.16225,0.91447,0.3707,0.31652,-2.0996,-0.52982
-0.14706,0.93965,0.30889,0.20188,-1.67562,-0.69111
-0.13841,0.95992,0.24369,0.43546,-1.06429,-0.45953
-0.13725,0.97076,0.19691,0.40127,-0.46309,-0.02597
-0.145,0.96911,0.19947,0.35034,0.43979,0.41174
-0.16924,0.95399,0.2475,0.39347,0.7261,1.00093
-0.20288,0.93231,0.29938,-0.28069,4.3747,-1.22015
-0.227,0.93856,0.25992,0.19269,-1.10229,-2.58211
-0.25703,0.94112,0.2196,0.88163,-1.52687,-1.24633
-0.27816,0.95333,0.11743,0.85831,-1.5526,-1.46711
-0.23783,0.97099,-0.02457,1.30523,0.31094,-1.31623
-0.09828,0.98975,-0.10354,1.1754,2.36378,-1.5617
0.0323,0.99568,-0.08697,-0.6644,2.69487,-0.28909
0.02341,0.98197,-0.18755,-1.8747,0.95635,3.21771
0.01678,0.96511,-0.26128,-1.86807,0.97321,3.29144
0.027,0.94823,-0.31642,0.03715,0.8231,1.33217
0.03952,0.93975,-0.33956,0.16965,0.0102,1.10446
0.06639,0.93612,-0.34534,-0.22002,-0.34654,0.58088
0.08839,0.93024,-0.35613,-0.52482,-0.94079,0.20884
0.10338,0.92398,-0.3682,-0.59378,-1.13897,0.77216
0.10985,0.92155,-0.37239,-0.8116,-0.81698,0.89392
0.09853,0.92877,-0.35731,-0.80293,-0.72853,0.85374
0.06788,0.94214,-0.32827,-0.2728,-0.75478,0.50706
0.03134,0.95607,-0.29144,0.0391,-0.70793,0.45393
0.00429,0.97161,-0.23653,0.17668,0.10273,-0.08836
-0.01387,0.98681,-0.16125,-0.05717,1.0476,0.35957
-0.03217,0.99645,-0.07779,-0.03878,1.46269,0.45645
-0.04124,0.99913,0.00547,0.55446,2.54974,0.84428
-0.0469,0.99614,0.07415,0.68481,1.81021,0.14595
-0.06759,0.98876,0.13332,0.51429,1.41662,-0.44142
-0.09077,0.97819,0.1868,-0.21336,1.89299,-0.5941
-0.14,0.96062,0.24001,-0.42666,1.03902,-0.59558
-0.17876,0.93661,0.30132,-0.29512,0.57224,-0.55689
-0.18745,0.91426,0.35914,0.66824,-0.48448,-0.86662
-0.17055,0.8983,0.40491,1.20595,-1.46608,-0.44054
-0.1469,0.89549,0.42014,0.95609,-2.39253,-0.12715
-0.12791,0.90722,0.40072,0.50907,-2.44476,-0.37365
-0.11429,0.9302,0.34878,0.11777,-2.08204,-0.69416
-0.10772,0.9543,0.27873,0.05043,-1.79502,-0.64036
-0.11658,0.97003,0.21319,0.13921,-0.66914,-0.20061
-0.13139,0.97391,0.18502,0.14701,-0.27884,0.20524
-0.15021,0.96566,0.21197,0.22713,0.53521,0.64356
-0.18046,0.94184,0.28347,-0.02311,4.18056,1.79814
-0.21617,0.93608,0.27751,0.2972,0.30776,-2.93497
-0.24786,0.93707,0.24588,0.81244,-1.0518,-1.87953
-0.27708,0.94471,0.17533,0.96355,-2.08828,-0.78851
-0.2622,0.96331,0.05721,0.82722,-1.30984,-1.70209
-0.17293,0.98235,-0.07118,1.0927,0.47192,-1.33628
-0.01626,0.99352,-0.11246,0.95727,4.94066,-2.63355
0.04791,0.9886,-0.14269,-0.85696,2.86377,0.42478
0.01793,0.97242,-0.23252,-1.74721,1.21158,3.86394
0.01742,0.95752,-0.28783,-0.0234,1.02193,1.11862
0.02333,0.9422,-0.33423,0.49434,-0.24135,1.05015
0.04655,0.93654,-0.34744,0.22116,-0.38584,0.76616
0.0746,0.93255,-0.35325,-0.32837,-0.82674,0.35068
0.09623,0.92504,-0.36746,-0.75423,-1.10661,0.74267
0.10908,0.91901,-0.37884,-0.92439,-0.65226,1.07883
0.11202,0.91785,-0.38078,-1.01892,-0.54282,0.755
0.0925,0.92707,-0.36329,-0.44951,-0.83979,0.5913
0.0554,0.93983,-0.33711,-0.32006,-0.74968,0.5211
0.01956,0.95241,-0.30419,0.20534,-0.64482,0.59438
-0.00657,0.96872,-0.24806,0.29581,-0.50807,0.46691
-0.02299,0.98553,-0.16792,0.31223,-0.52488,0.38678
-0.03618,0.99608,-0.08064,-0.42942,2.10301,-0.03693
-0.05212,0.99861,0.00768,0.14796,2.86677,0.954
-0.06975,0.99478,0.07437,0.57073,2.5437,0.90277
-0.10332,0.98564,0.13353,0.83022,1.40616,-0.42762
-0.13553,0.97165,0.19366,0.06385,1.79658,-0.39026
-0.17887,0.95172,0.24944,-0.13655,1.67671,-0.89301
-0.21326,0.92362,0.31848,0.17386,0.17995,-0.53259
-0.21713,0.89928,0.37966,0.80491,-0.63539,-0.72436
-0.19528,0.88269,0.42746,0.98603,-1.0136,-0.68002
-0.16843,0.88046,0.44318,0.90581,-2.275,-0.24597
-0.14838,0.89428,0.42217,0.55271,-2.48226,-0.46047
-0.13641,0.92204,0.36224,0.33449,-2.39853,-0.69068
-0.12935,0.95009,0.28387,-0.01851,-1.28154,-0.59393
-0.13871,0.96651,0.21589,-0.01207,-0.50441,-0.04693
-0.1571,0.96965,0.18732,-0.04611,0.13208,0.42816
-0.17577,0.96164,0.21058,0.03586,0.33568,0.98346
-0.19705,0.95295,0.23033,0.27137,-0.1236,0.01737
-0.21978,0.9581,0.18363,0.72771,-0.389,-0.93995
-0.17629,0.96648,0.18664,1.58449,4.45564,0.51378
-0.16228,0.97479,0.15312,-0.16367,-0.06502,-1.11794
-0.18191,0.97986,0.08225,-0.13767,-0.91225,-0.50826
-0.17959,0.98371,0.00716,0.36123,-1.28654,-1.57007
-0.12382,0.9895,-0.07448,0.65278,1.27368,-1.49225
-0.00575,0.99339,-0.11458,0.29981,3.12473,-1.962
0.02417,0.97418,-0.22446,-1.74959,1.41834,3.03792
0.00446,0.96025,-0.27907,-0.78173,1.12805,1.35119
0.00921,0.94364,-0.33083,0.11312,1.13435,1.50344
0.02636,0.93329,-0.35814,0.50795,0.00869,1.2831
0.06125,0.93074,-0.3605,-0.02542,-0.3481,0.5142
0.08494,0.92894,-0.36035,-0.36526,-0.70605,0.27127
0.10256,0.92576,-0.36392,-0.91895,-0.77014,0.91876
0.1141,0.92454,-0.36359,-1.12861,-0.49977,0.83569
0.10742,0.9278,-0.35727,-1.04414,-0.64299,0.60912
0.07061,0.94141,-0.32978,-0.40967,-0.7203,0.66922
0.02548,0.95329,-0.30096,0.02317,-0.62335,0.78395
-0.0071,0.96614,-0.25789,0.05574,-0.6362,0.74088
-0.02631,0.98155,-0.18938,-0.00088,0.22948,0.11467
-0.02749,0.99457,-0.10032,-0.36489,2.43913,-0.13969
-0.0228,0.99971,-0.00755,-0.24472,3.95266,0.07617
-0.03408,0.99667,0.07406,0.59119,1.65897,0.53768
-0.07274,0.98875,0.13069,0.47624,1.20937,-0.33595
-0.11583,0.97644,0.18203,0.26594,1.33089,-0.46477
-0.15128,0.95752,0.24547,-0.24674,1.38156,-0.73154
-0.18702,0.93389,0.30472,-0.04992,0.69056,-0.6241
-0.20117,0.91033,0.36169,0.17491,0.11625,-0.577
-0.18992,0.8934,0.40712,0.99099,-0.63004,-0.7186
-0.17061,0.88607,0.43101,1.29973,-1.63576,-0.38154
-0.15507,0.89413,0.42008,1.01187,-2.45074,-0.09995
-0.14158,0.91679,0.3734,0.16426,-2.11502,-0.67908
-0.13039,0.94515,0.29946,-0.00108,-1.50521,-0.64321
-0.13079,0.96685,0.21928,0.04265,-1.23713,-0.49397
-0.13761,0.97871,0.15223,0.14082,-0.4306,0.05631
-0.14798,0.97981,0.13437,0.21057,0.30408,0.55158
-0.16238,0.97015,0.18011,0.2465,0.61743,1.19594
-0.18749,0.95332,0.23668,0.2434,5.10416,-1.23023
-0.20543,0.95568,0.21085,0.28517,1.46073,-2.3842
-0.23871,0.95139,0.19461,0.78569,-1.83128,-0.5816
-0.25439,0.95896,0.12514,0.76706,-1.59912,-1.85339
-0.22376,0.9745,0.01628,1.00284,-0.8336,-1.58473
-0.11242,0.99073,-0.07615,1.1954,0.74328,-1.44925
0.02824,0.9958,-0.08702,0.36244,4.01503,-0.69563
0.03712,0.98345,-0.17732,-1.79093,0.8632,3.49321
0.02348,0.96862,-0.24743,-0.71669,1.30236,0.9665
0.02316,0.94922,-0.31376,0.35195,0.59983,1.00345
0.0376,0.93924,-0.34118,0.60876,0.06231,1.40856
0.06628,0.93476,-0.34902,0.17304,-0.13403,1.21365
0.09231,0.93138,-0.35214,-0.81143,-0.81157,0.11575
0.10816,0.9264,-0.36066,-0.51249,-1.24041,0.73989
0.11844,0.92298,-0.36616,-0.6228,-0.99944,0.98678
0.11721,0.92481,-0.36192,-0.9266,-0.66645,0.65986
0.09096,0.93558,-0.34118,-0.57805,-0.84058,0.70476
0.04847,0.95036,-0.30736,-0.2356,-0.72228,0.73126
0.01656,0.96448,-0.26361,0.2547,-0.71238,0.44041
-0.00124,0.98071,-0.19546,0.14084,0.16331,0.11442
-0.01111,0.99259,-0.12099,0.03967,0.6918,0.26649
-0.02409,0.99905,-0.03629,0.07478,2.59843,0.58236
-0.03382,0.99856,0.04145,0.66022,2.09845,0.88528
-0.05939,0.99382,0.09377,0.94285,1.64267,0.49074
-0.08947,0.98572,0.14262,0.19129,1.14758,-0.56875
-0.11506,0.97313,0.19943,-0.35034,1.32742,-0.44911
-0.15636,0.95492,0.25232,-0.35501,0.93258,-0.68161
-0.17672,0.93335,0.31244,-0.00835,0.2639,-0.49931
-0.16675,0.91499,0.3674,0.98485,-1.04703,-0.56519
-0.14338,0.9043,0.40209,1.10396,-1.4955,-0.39566
-0.11775,0.90813,0.40178,1.01179,-2.36931,-0.09408
-0.09837,0.92523,0.36642,0.29001,-2.15391,-0.59659
-0.08603,0.94909,0.30302,0.27766,-2.17777,-0.53319
-0.0888,0.96922,0.22962,0.00631,-0.82862,-0.46277
-0.10312,0.98035,0.16811,0.09759,-0.35116,0.10722
-0.11955,0.98101,0.15272,0.1548,0.03192,0.37221
-0.13767,0.97203,0.19028,0.35097,1.32361,2.28742
-0.16095,0.95813,0.23678,0.51591,2.9144,1.00103
-0.16318,0.96067,0.22467,0.70102,1.50338,-1.79568
-0.18162,0.96077,0.2096,0.93514,-1.52807,0.42543
-0.19303,0.96937,0.15179,0.41892,-1.59332,-2.04577
-0.16858,0.98385,0.06,0.51119,-1.31267,-1.8398
-0.08473,0.99535,-0.04572,0.89112,2.15133,-1.73892
0.04123,0.99616,-0.07717,0.08254,4.18028,-0.64042
0.07111,0.98439,-0.16097,-1.14818,2.25316,1.10468
0.05749,0.97187,-0.22838,-0.25835,1.15684,0.63482
0.05829,0.95333,-0.29625,0.20077,0.78735,0.99952
0.06667,0.94129,-0.33095,0.43713,0.30426,1.44356
0.0936,0.93504,-0.34195,-0.33878,-0.05401,0.91617
0.12171,0.93044,-0.34564,-0.7949,-0.5405,0.34087
0.14279,0.92414,-0.35436,-0.66391,-0.9964,0.43151
0.16033,0.91887,-0.36051,-0.67387,-0.89563,0.87105
0.16882,0.91806,-0.35868,-0.97683,-0.54865,0.71659
0.15732,0.92545,-0.34466,-0.84306,-0.65427,0.73057
0.12327,0.94069,-0.31606,-0.44251,-0.72342,0.63367
0.08833,0.95616,-0.2792,0.10254,-0.73448,0.66844
0.06333,0.97229,-0.22504,0.27395,-0.8265,0.53334
0.05019,0.98792,-0.1466,-0.07858,0.1981,0.18255
0.04428,0.99694,-0.0644,-0.53635,2.07391,-0.12625
0.03209,0.99928,0.02006,-0.13014,3.13166,0.90438
0.00603,0.99553,0.0942,0.5216,1.80035,0.48913
-0.04227,0.98911,0.14096,0.3714,1.15951,-0.44052
-0.08525,0.97849,0.18782,0.02739,1.57299,-0.49485
-0.13325,0.96249,0.23631,-0.26351,1.40425,-0.55102
-0.17309,0.94242,0.28614,-0.09673,0.56156,-0.58556
-0.18449,0.92367,0.33582,0.10878,0.09502,-0.54148
-0.17363,0.91031,0.37573,1.04705,-1.09555,-0.40591
-0.1523,0.90877,0.38851,1.16423,-1.78108,-0.01061
-0.1318,0.92221,0.36351,0.8163,-2.24432,-0.15944
-0.10569,0.94473,0.31034,0.35387,-1.92378,-0.51378
-0.08562,0.9656,0.24553,0.14103,-1.43378,-0.47082
-0.08186,0.97893,0.18702,0.25736,-0.96198,-0.34545
-0.08769,0.98429,0.15321,0.27728,-0.38161,-0.07848
-0.10029,0.9802,0.17071,0.12539,0.18837,0.52182
-0.12202,0.97044,0.2082,-0.01194,0.36828,1.34745
-0.13498,0.9719,0.19283,0.51979,2.68913,-0.93131
-0.13212,0.97429,0.18245,0.26503,0.83354,-1.59206
-0.15152,0.97296,0.17432,0.30916,-1.17854,0.15725
-0.15133,0.98029,0.12694,0.31663,-1.43653,-1.38373
-0.11642,0.99216,0.04535,0.86484,0.17241,-1.49013
-0.01125,0.99981,-0.01549,0.76899,1.83338,-1.67137
0.10106,0.99319,-0.05788,0.8425,4.0362,-0.83253
0.10126,0.98078,-0.16677,-1.37532,0.86682,2.59151
0.10134,0.96824,-0.22855,-0.85592,1.2532,1.13125
0.10838,0.95181,-0.28689,0.39699,0.23387,1.20298
0.12669,0.94268,-0.3087,0.03992,-0.15946,1.15735
0.15212,0.93747,-0.31306,-0.45097,-0.23141,0.81224
0.17604,0.9323,-0.31594,-0.82478,-0.90712,0.44758
0.18917,0.92598,-0.32676,-0.68601,-1.11076,0.75673
0.19528,0.92396,-0.32886,-1.00965,-0.60988,0.85584
0.18563,0.92869,-0.32104,-0.82456,-0.71911,0.6257
0.1505,0.94407,-0.29337,-0.47023,-0.81556,0.63163
0.10707,0.96168,-0.2524,-0.2488,-0.81145,0.64929
0.08046,0.97667,-0.19906,0.24859,-0.7475,0.21195
0.07078,0.98935,-0.12719,-0.06777,0.1144,0.13175
0.06921,0.9961,-0.05455,-0.34741,0.82725,0.12767
0.06528,0.9974,0.03037,-0.36577,3.21262,1.1784
0.04553,0.99341,0.10513,0.35437,2.1589,0.46958
-0.00791,0.98904,0.1474,0.5387,1.62873,-0.00186
-0.05201,0.97909,0.19663,-0.01365,1.47008,-0.68434
-0.08752,0.96368,0.25228,-0.05601,1.10086,-0.49077
-0.11861,0.94658,0.29983,-0.02601,0.77897,-0.80504
-0.13001,0.9292,0.34595,0.53565,-0.07609,-0.58408
-0.12389,0.91756,0.37778,1.0031,-0.95745,-0.5676
-0.10693,0.91487,0.38931,1.1222,-1.35951,-0.37255
-0.09253,0.92281,0.37395,0.60493,-2.12806,-0.18642
-0.07883,0.94011,0.33161,0.20194,-1.84482,-0.71208
-0.06832,0.96122,0.26717,0.19143,-1.86593,-0.64763
-0.07047,0.97729,0.19983,0.04211,-1.02119,-0.4276
-0.08454,0.98508,0.14989,0.01003,-0.37227,0.14938
-0.10666,0.98014,0.16716,0.03268,0.46138,0.8004
-0.13706,0.96697,0.21488,-0.08299,0.34239,1.29384
-0.16782,0.96602,0.19656,0.65705,1.22364,-1.52145
-0.15987,0.97257,0.16891,0.55831,1.33631,-1.02992
-0.16979,0.97314,0.15546,0.24017,-0.67405,0.08816
-0.15598,0.98091,0.11611,0.24144,-0.98756,-1.44141
-0.12272,0.99108,0.05185,0.56631,-0.68946,-1.22795
-0.04372,0.99886,-0.01876,0.71968,1.47057,-1.36477
0.05331,0.99524,-0.08153,0.45606,3.79462,-1.1575
0.05852,0.97825,-0.199,-1.48947,1.20739,2.76516
0.05487,0.96445,-0.25847,-0.86339,1.07853,0.85332
0.06183,0.94867,-0.31014,0.31295,0.67581,1.12104
0.08165,0.94076,-0.32908,0.53442,0.22506,1.20411
0.11398,0.9365,-0.33163,-0.18535,0.05096,0.89352
0.14684,0.93211,-0.33106,-0.85953,-0.64912,0.49398
0.17676,0.9262,-0.33302,-0.80347,-0.95251,0.53955
0.19353,0.92116,-0.33764,-1.02754,-1.04447,0.45623
0.18617,0.9246,-0.33233,-0.93947,-0.78726,0.89773
0.15383,0.94103,-0.30131,-0.7507,-0.8673,0.7356
0.11434,0.95605,-0.26998,-0.11407,-0.75605,0.54619
0.08736,0.96998,-0.22693,0.20054,-0.71275,0.49479
0.0692,0.98458,-0.16066,0.1519,-0.4825,0.15694
0.06168,0.99486,-0.0803,-0.33394,1.02802,-0.00277
0.05609,0.99842,0.00059,-0.35028,2.8632,0.36252
0.04142,0.99588,0.08061,0.22204,2.49344,0.87986
0.00321,0.99089,0.13458,0.35674,1.36217,-0.26992
-0.0475,0.98433,0.16976,0.05165,1.39619,-0.14986
-0.09562,0.97134,0.2176,-0.18722,1.37916,-0.29386
-0.14322,0.95572,0.25706,-0.09615,0.70998,-0.68973
-0.16925,0.93934,0.29831,0.27702,0.01162,-0.77042
-0.16937,0.92505,0.33998,0.90117,-0.75702,-0.54689
-0.15534,0.91629,0.36916,1.27352,-1.47241,-0.11086
-0.13721,0.92046,0.36593,0.99617,-2.10363,-0.05725
-0.11461,0.93645,0.33152,0.74494,-2.19279,-0.18813
-0.0865,0.9574,0.27548,0.01266,-1.41256,-0.5529
-0.06488,0.97368,0.21847,0.01869,-1.14743,-0.37998
-0.06286,0.9835,0.16958,0.03402,-0.93983,-0.24501
-0.07149,0.98505,0.15672,-0.07497,0.01816,0.53637
-0.08839,0.97728,0.1926,-0.21572,0.40878,1.61198
-0.12272,0.96895,0.21461,0.18641,2.18325,-0.65398
-0.13073,0.97136,0.19838,0.46307,2.1907,-1.2102
-0.14362,0.9707,0.19261,0.50173,-0.90517,0.27178
-0.15131,0.97483,0.16373,0.40374,-1.46581,-1.35938
-0.13276,0.98705,0.08999,0.42847,-1.16974,-1.63577
-0.0714,0.99744,-0.00337,0.6563,0.48848,-1.57854
0.04652,0.998,-0.04268,0.49071,3.87535,-1.86361
0.09915,0.98614,-0.133,-0.78163,2.16276,1.22656
0.07832,0.97427,-0.2113,-0.83464,1.12366,2.01378
0.07843,0.95949,-0.2706,0.22844,0.94763,0.81432
0.08745,0.94677,-0.30979,0.54963,0.11782,1.11886
0.11473,0.93949,-0.32279,0.05248,-0.09788,0.95487
0.14686,0.93272,-0.32932,-0.81262,-0.26628,0.37809
0.17621,0.92326,-0.34136,-0.76843,-1.05438,0.36403
0.19186,0.91498,-0.35496,-0.85128,-1.1528,0.86732
0.19399,0.91343,-0.35779,-1.00358,-0.51973,0.66585
0.17169,0.92366,-0.34259,-0.7143,-0.79448,0.71292
0.12945,0.94202,-0.30957,-0.16201,-0.74805,0.75539
0.09495,0.9593,-0.26593,0.14236,-0.81798,0.55047
0.07697,0.9763,-0.20226,0.13906,-0.32974,-0.02245
0.06484,0.98948,-0.12928,-0.33761,1.3552,0.00665
0.04917,0.99746,-0.05144,-0.4732,2.00626,0.17567
0.03029,0.99913,0.02867,0.07028,2.74439,1.16647
0.00437,0.9953,0.09667,0.56844,1.34685,-0.02874
-0.03513,0.98813,0.14949,0.31534,1.23094,-0.70581
-0.07085,0.97704,0.20088,-0.26062,1.65418,-0.48412
-0.12137,0.96069,0.24968,-0.31381,1.22622,-0.61429
-0.15026,0.93943,0.30802,-0.16674,0.3079,-0.54513
-0.14685,0.92255,0.35682,0.77271,-0.52364,-0.78816
-0.12231,0.9099,0.39637,0.97359,-0.9648,-0.66473
-0.09714,0.90815,0.4072,0.92733,-1.72103,-0.12858
-0.0805,0.9203,0.38282,0.56865,-2.26497,-0.21564
-0.06855,0.94127,0.33061,0.13345,-2.07135,-0.58215
-0.05968,0.9649,0.25571,0.01772,-1.87927,-0.73981
-0.0596,0.98145,0.18218,0.04308,-0.53351,-0.05269
-0.06844,0.98853,0.13458,0.03093,-0.09788,0.33669
-0.08503,0.98358,0.15917,0.14872,0.9588,1.45126
-0.11083,0.96554,0.23545,0.37095,2.82792,2.20372
-0.12068,0.96059,0.2504,0.15695,3.33743,-1.37789
-0.12849,0.9656,0.22606,0.43122,-0.44927,-1.79391
-0.1433,0.97135,0.18953,0.60855,-1.40576,-0.35713
-0.1345,0.98394,0.11729,0.28077,-1.09538,-2.05355
-0.08331,0.9965,0.00685,0.34953,-0.69053,-1.77941
0.03494,0.99725,-0.06531,0.36117,3.83873,-1.46172
0.12109,0.98851,-0.09039,-0.58792,2.43773,0.56312
0.11677,0.97323,-0.19793,-0.84231,1.12641,2.47429
0.1132,0.96044,-0.25442,-0.23427,1.24824,0.65994
0.10804,0.94544,-0.30734,0.20762,0.28913,1.14983
0.12051,0.93544,-0.33231,0.23997,-0.05031,1.26566
0.1468,0.9275,-0.34378,-0.50283,-0.33027,0.53981
0.16652,0.9198,-0.3553,-0.79111,-0.86052,0.34941
0.17566,0.91003,-0.37548,-0.61869,-1.17848,1.03988
0.18072,0.90536,-0.38426,-1.09269,-0.41058,0.77973
0.1653,0.91073,-0.37847,-0.80643,-0.71328,0.76153
0.12357,0.92851,-0.35014,-0.48462,-0.79263,0.87481
0.08425,0.94582,-0.31355,0.18958,-0.82674,0.62647
0.06129,0.96366,-0.26,0.27156,-0.50377,0.26145
0.04937,0.98183,-0.18319,0.04005,0.50999,0.11751
0.03738,0.99401,-0.10269,-0.44911,2.11212,-0.06517
0.02227,0.99963,-0.01516,0.48723,2.35407,1.06667
0.00061,0.99832,0.05789,0.5089,2.35538,0.99363
-0.04003,0.99291,0.11189,0.70124,1.15234,-0.078
-0.07051,0.98364,0.16575,-0.03982,1.55004,-0.4278
-0.11158,0.97041,0.21409,0.00124,1.56326,-0.47614
-0.15666,0.95061,0.26792,-0.31895,0.6327,-0.49138
-0.17728,0.93161,0.31728,0.58826,-0.38824,-0.84633
-0.16586,0.91723,0.36217,0.89686,-0.78758,-0.77389
-0.14516,0.91063,0.38687,1.00774,-1.99825,-0.14613
-0.12556,0.9176,0.37713,0.70935,-2.38086,-0.07836
-0.10546,0.93814,0.32979,0.47499,-2.29319,-0.2607
-0.08458,0.96471,0.24935,0.16513,-1.95761,-0.52314
-0.07284,0.98231,0.17246,0.01689,-0.71802,-0.30188
-0.07686,0.98921,0.12464,-0.07148,-0.38983,-0.03939
-0.09535,0.98555,0.13998,-0.06913,0.32837,0.50382
-0.12316,0.97373,0.19148,0.33349,0.23333,1.04245
-0.14322,0.97015,0.19567,0.35354,0.23691,1.03826
-0.11979,0.97733,0.17455,0.38027,0.80899,-1.13939
-0.13679,0.97829,0.15561,0.04899,-0.94894,0.33322
-0.13639,0.98444,0.11075,0.21249,-1.01692,-0.89354
-0.10752,0.99353,0.03649,0.51394,-0.65988,-1.48384
-0.02903,0.99851,-0.04596,0.48202,1.80947,-1.46345
0.08557,0.99355,-0.0744,0.40275,3.47298,-1.7591
0.10305,0.97817,-0.18042,-1.36112,1.01745,1.96341
0.0909,0.96407,-0.24958,-0.77275,1.37705,0.78344
0.08545,0.94702,-0.30958,-0.17616,1.2179,0.87966
0.09399,0.93484,-0.34238,0.39943,0.1738,1.38309
0.11474,0.92776,-0.35509,-0.40742,-0.18681,0.78089
0.13546,0.92107,-0.36507,-0.73986,-0.31079,0.4116
0.14876,0.91465,-0.37587,-0.41406,-1.19621,0.7922
0.15806,0.90987,-0.3836,-0.75945,-0.50777,0.83385
0.15404,0.91125,-0.38194,-0.9664,-0.59885,0.72813
0.12925,0.92316,-0.36203,-0.62036,-0.84097,0.79018
0.08914,0.94043,-0.32809,-0.20367,-0.75248,0.70547
0.0557,0.95607,-0.28779,0.16889,-0.7875,0.54496
0.03615,0.9738,-0.2245,0.1853,-0.01149,-0.02114
0.02568,0.98912,-0.14482,-0.21555,1.07608,0.00561
0.01333,0.99829,-0.05675,-0.12388,2.65577,0.40826
-0.00159,0.99974,0.02243,0.57955,2.69171,1.30944
-0.03109,0.99635,0.07945,1.01728,1.52321,0.52219
-0.07718,0.98891,0.12681,0.47651,1.21345,-1.03797
-0.11645,0.97673,0.18005,-0.07788,1.68853,-0.60114
-0.17476,0.95606,0.23537,-0.40876,1.06485,-0.4626
-0.21408,0.93207,0.29223,-0.1019,0.09291,-0.53787
-0.21068,0.91445,0.34552,0.61818,-0.50489,-0.97642
-0.18511,0.90306,0.38756,1.07453,-1.47204,-0.44471
-0.15889,0.90565,0.39311,1.03929,-2.20167,-0.05584
-0.13893,0.92335,0.35792,0.67741,-2.48168,-0.24646
-0.12087,0.95042,0.28649,0.13343,-2.1397,-0.60487
-0.11005,0.97281,0.20378,-0.0148,-1.45161,-0.66284
-0.11074,0.98494,0.13275,0.02878,-0.66896,-0.25752
-0.1218,0.98651,0.10931,-0.05504,0.04048,0.41825
-0.14328,0.97645,0.16124,-0.01102,0.90183,1.50786
-0.17495,0.9603,0.21725,0.12796,3.15942,1.13775
-0.18231,0.963,0.19843,0.80365,-0.32334,-1.39814
-0.20714,0.96198,0.17797,0.90474,-1.17467,-0.56248
-0.22307,0.96621,0.12909,0.9265,-1.48116,-0.37741
-0.1962,0.97897,0.05575,0.81081,-0.90997,-1.67441
-0.109,0.99324,-0.03978,0.88272,0.0622,-1.24434
0.02612,0.99729,-0.06872,0.89731,3.33306,-1.93537
0.07911,0.98822,-0.131,-1.02049,1.63463,1.41277
0.06208,0.96804,-0.24296,-1.7004,0.81659,3.89836
0.06417,0.95291,-0.29636,-0.84913,1.40828,0.55121
0.06233,0.93646,-0.34519,0.20755,0.08768,1.48739
0.08278,0.92949,-0.35942,-0.22682,-0.00516,0.93097
0.10835,0.92584,-0.36203,-0.68586,-0.36984,0.36177
0.12477,0.91938,-0.37305,-0.595,-0.77494,0.60185
0.14033,0.91414,-0.38034,-0.64275,-0.97047,0.72658
0.14633,0.91229,-0.3825,-0.9788,-0.62553,0.54893
0.12906,0.91996,-0.37015,-0.74222,-0.82412,0.97122
0.09001,0.93826,-0.33401,-0.38392,-0.75331,0.80159
0.05236,0.95478,-0.29265,0.37341,-0.74201,0.55658
0.03256,0.9715,-0.23478,0.32607,-0.53223,0.27488
0.02537,0.98771,-0.1542,0.24324,-0.09797,0.04798
0.02211,0.99746,-0.06761,-0.30611,2.08053,-0.17349
0.01079,0.99967,0.02313,-0.11049,3.10813,1.11267
-0.01362,0.99579,0.09059,0.22437,2.59024,1.02376
-0.06258,0.98882,0.1353,0.23061,1.23815,-0.23707
-0.10673,0.97537,0.19299,-0.06379,1.56204,-0.62933
-0.15074,0.95581,0.25235,-0.20435,1.45347,-0.49923
-0.17533,0.93348,0.31283,-0.03509,0.31823,-0.60668
-0.17138,0.91553,0.36389,0.58788,-0.38765,-0.62653
-0.15197,0.9042,0.39914,1.01333,-0.72056,-0.64392
-0.13435,0.9043,0.40518,1.07768,-1.80182,-0.05391
-0.12552,0.91784,0.37655,0.74975,-2.24006,-0.08067
-0.118,0.9416,0.31535,0.27712,-2.02264,-0.33868
-0.1073,0.96595,0.2354,0.00705,-1.52281,-0.42834
-0.10052,0.98132,0.16398,0.0552,-1.0039,-0.35861
-0.10199,0.98806,0.1154,0.07731,-0.46409,-0.03811
-0.11549,0.9855,0.12428,0.11241,0.28663,0.4231
-0.13996,0.97504,0.17231,0.21323,0.36407,0.94985
-0.14933,0.97397,0.1705,0.90244,1.44887,-0.3453
-0.11432,0.9823,0.14832,0.75441,1.68586,-1.159
-0.12078,0.98471,0.12546,0.28742,-0.62117,-0.17358
-0.11677,0.99004,0.07855,0.24449,-0.97251,-1.33942
-0.0843,0.99621,0.02105,0.32058,-0.79638,-1.38853
-0.00817,0.99866,-0.05109,0.40355,3.00148,-1.61469
0.08648,0.99115,-0.10067,0.20538,3.73404,-0.93339
0.09096,0.97181,-0.21751,-1.52251,1.18443,2.66377
0.08617,0.9567,-0.27803,-0.32114,1.15997,0.41983
0.08849,0.93737,-0.33689,0.11877,0.90027,0.84164
0.10497,0.92675,-0.36071,0.17844,0.27598,1.4932
0.13745,0.9184,-0.37101,-0.79393,0.09064,0.56274
0.16838,0.9114,-0.37549,-0.98003,-0.37653,0.25162
0.19087,0.90409,-0.38234,-0.47513,-1.26121,0.57595
0.19807,0.89835,-0.39207,-1.02623,-0.47473,0.8903
0.19307,0.9015,-0.38733,-1.00865,-0.58918,0.7749
0.16524,0.91743,-0.36194,-0.63057,-0.79921,0.76995
0.12026,0.93906,-0.32201,-0.11422,-0.73299,0.73572
0.08511,0.95829,-0.27281,0.29392,-0.83628,0.65092
0.07015,0.97594,-0.20642,0.29872,-0.61063,0.35234
0.06788,0.98997,-0.12385,-0.2778,1.07479,-0.06249
0.06367,0.99735,-0.03499,-0.43005,2.12299,-0.11351
0.0531,0.99771,0.0418,-0.16357,3.29694,1.18876
0.02159,0.99408,0.10646,0.34456,1.56865,-0.06482
-0.02614,0.98643,0.16205,0.11149,1.25979,-0.32441
-0.06648,0.97227,0.22418,-0.05478,1.6695,-0.64691
-0.10795,0.95434,0.27852,-0.22044,0.71743,-0.72683
-0.12388,0.93475,0.333,0.04156,0.45634,-0.57947
-0.1186,0.91851,0.37718,1.02124,-0.77219,-0.67102
-0.10103,0.90923,0.40382,1.15245,-1.116,-0.64632
-0.08293,0.91257,0.4004,1.04179,-1.94433,-0.17744
-0.06799,0.92812,0.36601,0.18452,-2.25693,-0.65555
-0.05483,0.95183,0.30165,0.04026,-2.09662,-0.80951
-0.04698,0.9731,0.2255,0.0246,-1.70104,-0.76382
-0.04947,0.98575,0.16072,0.08238,-0.60314,-0.3079
-0.05859,0.98897,0.13599,-0.01486,-0.37453,0.11404
-0.07048,0.98088,0.18136,-0.06056,0.57826,0.74716
-0.09358,0.97242,0.21361,0.52639,0.3841,-0.58206
-0.10192,0.97896,0.17674,0.98916,2.02936,-0.59606
-0.08348,0.97666,0.19788,0.49534,1.12724,-1.29775
-0.09514,0.97938,0.17821,0.1524,-1.20109,-0.15462
-0.10164,0.98846,0.11227,0.03769,-1.40139,-1.70031
-0.08161,0.99645,0.02057,0.48185,-0.72318,-1.42225
0.01257,0.99865,-0.05034,0.40237,2.49986,-1.69349
0.11275,0.98832,-0.10249,-0.01636,3.69392,-0.77192
0.09871,0.97297,-0.20874,-1.65013,0.75777,3.46088
0.09591,0.96006,-0.26283,0.27237,0.96885,0.99637
0.103,0.94449,-0.31196,0.55322,0.46602,1.04521
0.12788,0.93504,-0.33066,0.64403,0.14562,1.18488
0.16314,0.92677,-0.33835,-0.30889,-0.32653,0.62784
0.19503,0.91781,-0.34581,-0.69258,-1.28512,0.20071
0.21368,0.90752,-0.36159,-0.5551,-1.33852,0.82836
0.22651,0.90119,-0.36953,-1.1333,-0.48592,0.66108
0.21998,0.9057,-0.36238,-0.78297,-0.8123,0.51033
0.18282,0.9211,-0.34371,-0.74581,-0.8277,0.49166
0.13859,0.93978,-0.31241,0.04583,-0.78505,0.73386
0.11399,0.95623,-0.26949,0.08422,-0.6151,0.21862
0.09841,0.97335,-0.2071,0.0998,-0.63223,0.15623
0.08186,0.98804,-0.13064,-0.51541,0.84564,0.00935
0.05678,0.99692,-0.05396,-0.35384,2.49615,0.66698
0.02566,0.9996,0.01143,-0.32271,2.49347,0.60159
-0.00746,0.99746,0.07069,0.74847,1.55457,0.53367
-0.02957,0.99212,0.12171,0.8918,1.44099,-0.85569
-0.055,0.98505,0.16324,0.61783,1.67326,-0.95155
-0.10883,0.97326,0.20226,-0.2101,1.67837,-0.23099
-0.17063,0.95358,0.24809,-0.32586,0.04009,-0.36462
-0.19229,0.93596,0.29492,-0.07147,-0.32412,-0.7114
-0.18532,0.92401,0.33444,0.75052,-0.90861,-0.65343
-0.16883,0.92073,0.35176,0.98173,-1.718,-0.07132
-0.15126,0.93015,0.33455,0.91481,-1.94977,-0.02668
-0.12785,0.9491,0.28782,0.35754,-1.94697,-0.54262
-0.09577,0.97084,0.21974,0.15032,-1.71092,-0.56401
-0.06583,0.9849,0.16005,0.03852,-1.26394,-0.46568
-0.05776,0.9896,0.1317,-0.18209,-0.07886,0.30861
-0.07224,0.98449,0.15986,-0.13193,0.27009,0.44895
-0.09861,0.97094,0.21802,0.10928,0.46956,1.46983
-0.13012,0.96264,0.23744,0.02647,2.42103,-1.37662
-0.13653,0.95914,0.24779,0.42001,1.58084,-1.7954
-0.16239,0.95578,0.24516,0.55547,-1.76182,0.48953
-0.18041,0.9637,0.19679,0.11254,-1.86093,-2.02866
-0.18423,0.97537,0.12122,0.3611,-1.21117,-1.47948
-0.12928,0.99143,0.01879,0.7032,0.56148,-0.9161
0.01622,0.99975,-0.01537,0.76767,4.42433,-1.51672
0.07417,0.99508,-0.06553,0.58336,3.80205,-0.6819
0.05513,0.98464,-0.16563,-1.00641,0.58761,2.33639
0.05441,0.97233,-0.22718,-0.17151,1.24108,0.39981
0.04798,0.95729,-0.28511,0.41427,0.40147,1.20938
0.06707,0.94829,-0.31022,0.38288,0.03593,1.57122
0.10167,0.94209,-0.31956,-0.5104,-0.17238,0.6514
0.13106,0.93767,-0.32185,-0.81965,-0.73166,0.28688
0.14906,0.93457,-0.32304,-0.62935,-1.18847,0.6843
0.1526,0.93644,-0.3159,-1.07527,-0.8666,0.43698
0.13164,0.94392,-0.30278,-0.93691,-0.77525,0.54686
0.09242,0.95747,-0.2733,-0.45276,-0.83458,0.67197
0.0544,0.97039,-0.23531,0.35183,-0.76257,0.54751
0.03213,0.98162,-0.18808,0.51174,-0.6565,0.43956
0.02331,0.99196,-0.12432,0.49575,-0.42803,0.17274
0.01445,0.99913,-0.03903,-0.1581,0.91492,-0.33391
0.00348,0.99912,0.04172,-0.32757,2.95184,0.15681
-0.0198,0.99471,0.10072,0.38749,1.47373,0.92525
-0.06615,0.9849,0.15998,0.8273,1.14378,0.70047
-0.10621,0.97107,0.21384,0.6417,0.77534,0.0858
-0.1269,0.95552,0.26619,0.7777,0.81836,-0.65866
-0.13796,0.9464,0.29203,0.47652,1.18612,-1.39746
-0.16364,0.92998,0.32915,-0.0924,0.89218,-0.18965
-0.19928,0.91253,0.35717,-0.02412,0.14267,0.01157
-0.21658,0.90468,0.36694,0.35014,-0.48068,-0.24932
-0.21943,0.90546,0.36328,0.74256,-1.17301,0.04389
-0.22011,0.91682,0.33313,0.8488,-1.69882,0.19187
-0.20985,0.9363,0.2816,0.72668,-1.71263,-0.28593
-0.18654,0.95588,0.22692,0.51892,-1.37803,-0.64918
-0.16429,0.97139,0.17149,0.25922,-0.86738,-0.71988
-0.15729,0.97832,0.13467,-0.39433,-0.21268,-0.18443
-0.18913,0.97061,0.14879,-1.12752,0.24756,0.74308
-0.23892,0.95593,0.17062,-0.85808,-0.24508,0.58779
-0.27299,0.94934,0.15562,0.08197,-0.64374,-0.63489
-0.23954,0.93873,0.2478,1.00016,3.43759,1.64348
-0.21944,0.94212,0.25347,0.86933,2.48235,-0.25611
-0.2613,0.93474,0.24077,0.5823,-0.59423,-1.41532
-0.3038,0.92643,0.22233,0.58914,-1.33141,-0.54492
-0.30305,0.9397,0.15848,0.76063,-1.06783,-0.47422
-0.23385,0.9656,0.11363,0.68742,0.52133,-0.04717
-0.16649,0.9786,0.12087,-0.28375,1.78867,-0.35212
-0.15182,0.98355,0.09777,-0.59816,0.98922,0.00154
-0.15242,0.98644,0.06071,-0.3905,-0.2105,0.30855
-0.1368,0.98989,0.03733,-0.14963,-0.09818,0.10165
-0.12109,0.99244,0.01994,-0.01333,0.13166,0.53463
-0.10894,0.994,0.00963,-0.37384,0.09463,0.66208
-0.10774,0.99415,0.0062,-0.48308,0.00105,0.67439
-0.11537,0.99327,0.00989,-0.19289,-0.42082,0.35321
-0.12969,0.99132,0.02132,0.19879,-0.70098,0.14439
-0.14364,0.98869,0.04308,0.47759,-0.98808,0.10818
-0.15629,0.98486,0.07486,0.62766,-1.01685,0.13785
-0.16645,0.97929,0.11519,0.41004,-0.78814,-0.09697
-0.16602,0.97264,0.16248,0.10059,-0.10487,0.55518
-0.16498,0.96743,0.19195,0.12119,1.32776,0.75727
-0.17794,0.96205,0.20685,0.47454,1.93006,-0.08342
-0.21297,0.9511,0.22371,0.57993,1.1322,0.08313
-0.25356,0.93815,0.23571,0.73873,0.64342,0.19556
-0.28018,0.92911,0.24131,0.69243,0.16668,0.22491
-0.29334,0.92346,0.24731,0.39936,0.1648,0.14849
-0.29884,0.92009,0.25323,0.38064,0.16646,0.22483
-0.29616,0.92152,0.25115,0.39711,-0.10299,-0.0324
-0.28212,0.92768,0.24454,0.24239,-0.2062,-0.17392
-0.26256,0.93815,0.22564,0.23058,-0.14746,-0.11825
-0.24167,0.95112,0.19221,0.46809,-0.24051,-0.10218
-0.21636,0.96486,0.14905,0.53369,-0.51592,-0.1356
-0.18427,0.97802,0.09747,0.46894,-0.63044,-0.27174
-0.14825,0.98796,0.04409,0.16116,-0.46049,-0.46554
-0.11153,0.99373,0.00742,-0.36852,0.02489,-0.35759
-0.08981,0.99588,-0.01193,-1.0436,0.14535,0.22546
-0.0887,0.99567,-0.0275,-1.17303,-0.39231,0.64572
-0.09987,0.9947,-0.02439,-0.69178,-0.69367,0.70441
-0.12055,0.99266,0.00874,-0.04245,-0.68805,0.32172
-0.13052,0.99071,0.03799,0.57481,-0.31583,0.36764
-0.13667,0.99,0.03463,0.23843,1.69194,-0.03566
-0.15624,0.98741,0.02448,-0.00085,1.16149,-0.93972
-0.17814,0.9838,0.01958,0.37184,0.17852,-0.4765
-0.19284,0.98121,-0.00452,0.62152,-0.25992,0.12729
-0.19009,0.98145,-0.02478,0.69175,-0.27207,-0.01647
-0.15726,0.98673,-0.04038,0.60068,0.18761,-0.35861
-0.11431,0.992,-0.05349,0.07797,1.23868,-0.49578
-0.09834,0.99222,-0.0763,-0.321,0.87448,-0.53288
-0.09115,0.98916,-0.11511,-0.62964,0.42175,-0.25164
-0.07277,0.98607,-0.14955,-0.58054,0.42105,-0.41899
-0.05062,0.98188,-0.18258,-0.6381,0.39478,-0.52137
-0.03597,0.97615,-0.21409,-0.69374,0.07523,0.16322
-0.02008,0.9721,-0.23368,-0.24315,0.176,0.43133
-0.00634,0.96797,-0.25096,-0.13703,0.21813,0.61272
0.01211,0.96596,-0.25839,-0.26438,0.26071,1.03166
0.03588,0.96654,-0.254,-0.47103,0.31037,1.06659
0.05253,0.9704,-0.23572,-0.67795,-0.33285,0.62524
0.05905,0.9761,-0.20914,-0.4805,-0.58981,0.54535
0.05616,0.98239,-0.1782,-0.30779,-0.73788,0.34389
0.04436,0.98836,-0.14547,-0.23473,-0.80904,0.25741
0.02744,0.99346,-0.11076,-0.01523,-0.83531,0.56312
0.01015,0.99758,-0.06869,0.16382,-0.72355,0.74026
-0.00377,0.99993,-0.01047,0.25687,-0.56492,0.57177
-0.01346,0.9988,0.04686,0.3961,0.74579,-0.15652
-0.01713,0.99429,0.10526,0.3036,1.46823,-0.49117
-0.01752,0.98385,0.1781,0.32367,1.73411,-0.05638
-0.03714,0.97178,0.23294,-0.03712,1.20051,0.4124
-0.06528,0.95778,0.27997,-0.26135,1.5016,0.03004
-0.09036,0.93373,0.34637,-0.38886,1.55686,-0.01216
-0.09601,0.9018,0.42134,-0.49276,1.0793,-0.20431
-0.09688,0.87313,0.47775,-0.02361,0.68177,-0.27786
-0.09207,0.84905,0.5202,0.20497,0.43493,-0.37215
-0.0705,0.82786,0.55647,0.6554,-0.14851,-0.58697
-0.03778,0.81239,0.58187,0.54907,-0.72133,-0.38866
-0.00866,0.80874,0.58808,0.4484,-0.8595,-0.21926
0.00999,0.81765,0.57562,0.32151,-1.47231,-0.3547
0.01985,0.83619,0.54806,0.22352,-1.42976,-0.37414
0.02265,0.85932,0.51092,0.00706,-1.27471,-0.38923
0.01454,0.88212,0.47079,-0.0768,-1.04,-0.53294
-0.00128,0.89829,0.43939,-0.06259,-0.7809,-0.43019
-0.02387,0.90429,0.42624,-0.18085,-0.4809,-0.24606
-0.0569,0.91118,0.40803,0.07382,-0.70098,-0.73923
-0.08434,0.92543,0.3694,1.47398,-0.73547,0.0716
-0.0632,0.92501,0.37464,1.07092,1.06497,1.72517
-0.05311,0.94686,0.3172,-0.54157,1.23417,-1.12271
-0.06332,0.95963,0.27402,-0.68414,-0.13154,-0.8707
-0.0683,0.96386,0.25749,-0.61552,-0.23891,-0.61514
-0.03565,0.97654,0.21233,-0.65289,0.13698,-0.56562
0.0161,0.98702,0.15972,-0.22452,1.68384,-0.64707
0.0644,0.99161,0.11204,-0.28147,1.70555,-0.76637
0.08849,0.99512,0.04353,-0.45217,0.40719,0.01178
0.09757,0.99471,-0.03201,0.13006,0.52865,0.87816
0.10719,0.99078,-0.08282,0.30563,0.81937,0.96991
0.11953,0.98681,-0.10909,0.02189,0.33182,1.33152
0.13679,0.98354,-0.11798,-0.49795,-0.09945,0.8965
0.152,0.98208,-0.11135,-0.63012,-0.39276,0.57531
0.15976,0.98171,-0.10347,-0.53505,-0.93012,0.3641
0.16263,0.98265,-0.08912,-0.54674,-1.0737,0.20733
0.15741,0.98507,-0.06961,-0.7155,-0.8847,0.20893
0.13464,0.98978,-0.0468,-0.76086,-0.70347,0.34412
0.09746,0.99516,-0.01186,-0.30791,-0.65784,0.57349
0.06004,0.99742,0.03924,0.02507,-0.7201,0.33466
0.04089,0.99344,0.10677,0.29012,-0.19322,-0.28777
0.03528,0.98536,0.16676,0.06511,1.1466,-0.43613
0.04221,0.96828,0.24625,-0.00668,1.57066,-0.43953
0.02905,0.94958,0.31214,0.33339,2.29096,0.67797
-0.01759,0.93633,0.35067,-0.05461,1.34149,-0.11034
-0.05708,0.91532,0.39863,-0.07376,1.26949,-0.33795
-0.07323,0.88363,0.4624,-0.22409,1.41149,-0.58397
-0.07596,0.85179,0.51834,-0.10835,1.213,-0.71261
-0.06412,0.82699,0.55854,0.30689,0.546,-0.53603
-0.04265,0.81075,0.58382,0.72905,-0.18252,-0.73655
-0.01665,0.80474,0.59338,0.74025,-0.57405,-0.7068
0.00125,0.81305,0.58217,0.62024,-1.3891,-0.33962
0.00494,0.83456,0.55088,0.30003,-1.8424,-0.35218
0.00543,0.86574,0.50045,0.16747,-1.78819,-0.41824
0.01066,0.89787,0.44011,0.03185,-1.67791,-0.51221
0.01425,0.92059,0.39025,-0.16978,-0.8944,-0.58706
0.0097,0.93149,0.36361,-0.18074,-0.34011,-0.28698
-0.01058,0.9194,0.39316,-0.21728,0.38492,0.54817
-0.0716,0.89374,0.44282,0.0691,0.95775,1.07787
-0.09161,0.89652,0.43341,0.97456,1.51467,-1.62873
-0.09723,0.90597,0.41201,0.95247,0.08537,-0.68495
-0.10433,0.91616,0.38698,0.53247,-0.78653,-0.15546
-0.1057,0.93533,0.3376,0.23515,-0.52703,-1.89629
-0.08566,0.96051,0.2647,0.36358,-0.07388,-1.57446
-0.01435,0.9786,0.20526,0.45051,1.86476,-1.53758
0.06119,0.98685,0.1496,-0.46266,3.20636,-0.1227
0.07946,0.99273,0.09029,-1.13878,0.75858,0.71389
0.0853,0.99619,0.01803,-0.73372,0.71531,-0.03657
0.09092,0.99501,-0.04094,-0.06569,0.659,0.60253
0.10508,0.99239,-0.06406,0.23072,0.64886,1.29053
0.1238,0.98934,-0.07665,-0.44365,0.2263,0.64682
0.13734,0.98724,-0.08056,-0.76156,-0.48416,0.05308
0.14724,0.98527,-0.08693,-0.77146,-0.48219,0.05945
0.15782,0.98325,-0.09108,-0.71981,-1.16377,0.29275
0.15545,0.98394,-0.08765,-0.72391,-0.80885,0.17023
0.13012,0.98894,-0.07112,-0.69859,-0.81384,0.1537
0.08521,0.99572,-0.03556,-0.52425,-0.9026,0.7314
0.0483,0.99881,0.00625,0.26186,-0.89993,0.52613
0.03839,0.997,0.0671,0.5477,-0.7375,0.4149
0.04595,0.988,0.14742,0.35844,-0.07513,-0.13869
0.05673,0.97188,0.2285,0.18488,2.50482,-0.53379
0.06279,0.94862,0.31009,-0.0123,2.95448,-0.49646
0.03718,0.9302,0.36514,-0.01606,1.98258,0.47022
-0.01611,0.91671,0.39921,-0.17723,1.35411,-0.06464
-0.0509,0.89495,0.44324,-0.07874,1.32905,-0.15398
-0.07171,0.87145,0.4852,-0.06848,1.44386,-0.64543
-0.06637,0.84695,0.5275,0.17176,0.60186,-0.78795
-0.0457,0.82678,0.56065,0.31024,0.2764,-0.77438
-0.02038,0.81317,0.58165,0.68677,-0.51303,-0.82106
0.01031,0.81226,0.58319,0.7264,-1.44655,-0.20821
0.03173,0.82696,0.56136,0.62748,-1.71871,-0.05829
0.04652,0.8521,0.52129,0.09752,-1.77231,-0.45954
0.0559,0.87992,0.47181,-0.10424,-1.5541,-0.61741
0.0538,0.9032,0.42581,-0.19683,-0.75341,-0.55335
0.03712,0.91867,0.39327,-0.10064,-0.45384,-0.23842
0.00999,0.91627,0.40042,-0.12534,-0.18246,-0.02485
-0.03056,0.90534,0.42356,-0.24605,-0.18473,0.25089
-0.0777,0.9078,0.41213,0.53149,-0.11098,-0.74383
-0.0538,0.90895,0.41339,1.51884,2.94992,0.13379
-0.05605,0.91379,0.40229,0.00545,0.50388,-0.77106
-0.06352,0.92478,0.37514,-0.1089,-0.76453,-1.27355
-0.06453,0.93783,0.34102,0.02989,-0.73054,-1.26416
-0.03795,0.95748,0.28598,0.40684,0.15573,-1.55668
0.05302,0.97393,0.22054,0.77002,3.50967,-1.25658
0.09885,0.98629,0.13211,-0.80443,1.34709,0.63193
0.10612,0.99247,0.0611,-0.99844,0.69381,1.13108
0.11056,0.99386,-0.00305,-0.10775,0.96149,0.32906
0.11829,0.99224,-0.03818,0.43406,0.52216,0.91597
0.13725,0.98926,-0.05021,0.06551,0.08305,1.03901
0.15929,0.9859,-0.05121,-0.70146,-0.18011,0.31975
0.17552,0.98319,-0.05015,-0.87087,-0.72741,0.0016
0.18564,0.9811,-0.0545,-0.47639,-1.26754,0.20972
0.18842,0.98054,-0.05501,-1.00639,-0.76523,0.35149
0.17185,0.98391,-0.04876,-0.81945,-0.81454,0.55135
0.13265,0.99089,-0.02319,-0.61994,-0.85199,0.53122
0.09019,0.99589,0.00744,-0.19122,-0.79847,0.40183
0.06545,0.99643,0.05329,0.18018,-0.50413,-0.178
0.06036,0.99096,0.11977,0.06974,-0.00478,-0.30155
0.06716,0.9793,0.19089,-0.49691,2.21344,-0.43543
0.07501,0.96178,0.26334,-0.03168,2.56116,0.70892
0.03685,0.94522,0.32432,0.36526,2.18132,0.61236
-0.02259,0.92979,0.36739,0.74995,1.37344,-0.00365
-0.057,0.91018,0.41025,0.13403,1.45958,-0.8244
-0.08003,0.89016,0.44854,-0.09261,1.77587,-0.83663
-0.10132,0.86636,0.48901,-0.29672,1.17338,-0.76066
-0.10121,0.84254,0.52902,0.09603,0.2594,-0.53114
-0.08229,0.82703,0.55609,0.42178,0.11225,-0.84417
-0.04582,0.81626,0.57585,0.77616,-0.86028,-0.85896
-0.01887,0.82115,0.57039,0.74607,-1.9931,-0.08303
-0.00605,0.84171,0.53989,0.63355,-2.11505,-0.2032
0.0054,0.871,0.49123,0.21166,-1.86452,-0.51197
0.01383,0.89996,0.43574,-0.07285,-1.15341,-0.70664
0.00935,0.92187,0.38737,-0.04486,-0.94499,-0.61749
-0.00501,0.93034,0.36666,0.07711,-0.52737,-0.38689
-0.02576,0.91666,0.39883,0.08689,0.38533,0.5924
-0.07007,0.88866,0.45317,0.23627,0.94269,1.52963
-0.08829,0.89454,0.43817,0.44481,1.85593,-1.51805
-0.09581,0.90837,0.40703,0.54251,1.06876,-1.90054
-0.10568,0.91943,0.37877,0.47367,-0.65252,-0.6052
-0.11094,0.93421,0.33903,0.21099,-0.90764,-1.61788
-0.09318,0.95659,0.27612,0.38366,-0.7764,-1.5074
-0.00042,0.97789,0.20909,0.6049,2.56775,-1.36395
0.08514,0.98723,0.13461,-0.25274,3.16543,-0.79509
0.09387,0.99465,0.04309,-1.36928,0.73895,1.86809
0.09595,0.99505,-0.02577,-0.59711,0.9497,0.4658
0.09915,0.99193,-0.07895,0.24738,0.73994,0.78892
0.11423,0.98858,-0.09821,0.36154,0.24411,1.29055
0.14036,0.98429,-0.10712,-0.40924,0.01753,0.65504
0.16316,0.9804,-0.11041,-0.86438,-0.5149,-0.08061
0.18098,0.97602,-0.12094,-0.65452,-1.22318,0.12031
0.19085,0.97261,-0.13265,-0.87881,-1.10707,0.55135
0.18524,0.97328,-0.13567,-0.89042,-0.71641,0.44538
0.15487,0.9807,-0.11927,-0.74989,-0.84077,0.56859
0.10732,0.99019,-0.0894,-0.59448,-0.87256,0.58086
0.07222,0.99644,-0.04338,0.25488,-0.78595,0.45657
0.0606,0.99781,0.02626,0.16901,-0.02255,-0.17622
0.05889,0.99321,0.1003,0.12509,0.50743,-0.13394
0.06109,0.98189,0.17932,-0.07516,1.72882,0.14952
0.05575,0.96522,0.25538,0.30501,2.29587,0.50844
0.01951,0.94747,0.31924,0.33348,1.89285,0.26835
-0.01504,0.92929,0.36904,-0.30676,1.85135,-0.92537
-0.04502,0.90599,0.42088,-0.44316,1.80504,-0.68536
-0.07101,0.88214,0.46559,-0.41716,1.82889,-0.73007
-0.07061,0.85607,0.51199,0.29722,0.31757,-0.82211
-0.04896,0.83266,0.55161,0.76096,-0.58083,-0.88518
-0.01719,0.8198,0.57237,0.85792,-1.1919,-0.70488
0.01329,0.82244,0.56869,0.87595,-1.93555,-0.31645
0.03055,0.83971,0.54216,0.32154,-2.11979,-0.59301
0.03825,0.86852,0.49417,0.11629,-2.08533,-0.74516
0.03901,0.90123,0.43158,-0.00222,-1.84411,-0.97541
0.03164,0.92709,0.37349,0.11013,-0.70652,-0.56032
0.02413,0.93743,0.34733,0.06359,-0.38242,-0.15179
0.01019,0.9241,0.382,-0.08781,0.83486,0.4547
-0.02364,0.89705,0.44129,-0.00346,2.7125,2.47491
-0.06433,0.89477,0.44185,-0.14392,2.93708,-1.33301
-0.08299,0.90127,0.42522,0.64673,-0.05021,-2.23335
-0.10611,0.9148,0.38969,0.65904,-1.60917,-0.33717
-0.11793,0.94144,0.31588,0.2751,-1.52847,-1.55175
-0.07331,0.97358,0.21623,0.53388,-0.92213,-1.65869
0.05425,0.98098,0.18636,0.70835,4.60983,-2.70609
0.16149,0.97993,0.1168,0.47381,4.70003,-1.25316
0.16595,0.98583,0.0241,-1.34543,1.13476,2.4735
0.16069,0.98646,-0.03276,-0.8737,1.38961,0.95781
0.158,0.98469,-0.07362,0.053,0.60845,0.88015
0.16903,0.98174,-0.08722,-0.24194,-0.45084,0.5979
0.18495,0.97843,-0.09194,-0.62926,-0.645,0.08209
0.19838,0.97454,-0.10445,-0.64754,-1.30105,-0.07911
0.20706,0.97097,-0.11973,-0.63824,-1.145,0.6815
0.20423,0.97131,-0.1218,-0.91154,-0.48456,0.76067
0.1813,0.97797,-0.10344,-0.66436,-0.76845,0.5186
0.14198,0.98727,-0.07165,-0.42305,-0.77531,0.52143
0.10854,0.99356,-0.03247,0.22909,-0.77087,0.43316
0.09596,0.99499,0.02775,0.28887,-0.62845,0.14114
0.09606,0.98949,0.10806,-0.02653,0.35327,-0.18077
0.10413,0.9761,0.19073,-0.53363,1.82365,-0.5066
0.11418,0.95625,0.26934,-0.35202,2.88175,0.63963
0.07329,0.93601,0.34423,0.4746,2.14532,0.51269
0.00989,0.91728,0.39811,0.72406,1.44532,-0.49517
-0.01914,0.89618,0.44327,0.16933,1.66016,-0.97768
-0.04756,0.87561,0.48066,-0.28409,1.556,-0.79853
-0.06518,0.8536,0.51682,-0.36315,0.48324,-0.64986
-0.06103,0.83504,0.54678,0.09225,-0.03696,-0.79336
-0.03678,0.82221,0.56799,0.78188,-0.63994,-0.92948
-0.00859,0.82098,0.57088,0.89396,-1.93658,-0.25522
0.01413,0.8354,0.54945,0.76302,-2.20601,-0.22671
0.03297,0.86255,0.50488,0.31525,-2.23702,-0.68086
0.04538,0.89389,0.44598,-0.08383,-1.2563,-0.82284
0.03842,0.9201,0.38977,-0.03178,-0.8858,-0.59832
0.01596,0.93017,0.36677,0.01157,-0.19668,-0.00751
-0.01046,0.91725,0.39816,0.0456,0.54046,0.73028
-0.04388,0.89365,0.44659,0.04135,0.50294,1.04841
-0.08948,0.89375,0.43953,0.28394,0.72757,-0.2607
-0.10012,0.9055,0.41234,0.28258,1.14857,-1.78034
-0.12518,0.9146,0.38448,0.06185,-0.2869,-0.75713
-0.13879,0.93025,0.33964,-0.10711,-0.99384,-0.77636
-0.12868,0.95575,0.26451,0.53315,-0.77165,-1.34125
-0.06132,0.98133,0.18229,0.67982,-0.06607,-1.1608
0.06718,0.98759,0.14191,0.9287,3.33261,-1.78937
0.10751,0.99299,0.049,-1.20135,1.31476,1.74416
0.10908,0.9939,-0.01623,-1.31193,0.95755,2.39935
0.11558,0.99121,-0.06438,-0.09076,1.09498,0.82727
0.12346,0.98803,-0.0925,0.36548,-0.01575,0.93593
0.1432,0.9843,-0.10318,0.14849,-0.2247,0.79158
0.16503,0.9808,-0.10391,-0.63428,-0.58626,0.07909
0.18279,0.97603,-0.11807,-0.8466,-1.25199,0.38291
0.18595,0.97432,-0.12691,-1.03345,-1.10851,0.48859
0.16803,0.97816,-0.1223,-0.97,-0.74867,0.55882
0.12545,0.9875,-0.09542,-0.72878,-0.84116,0.67529
0.08236,0.99463,-0.06258,-0.2347,-0.7287,0.56212
0.06131,0.99802,-0.01359,0.27333,-0.36371,-0.16762
0.0565,0.99675,0.05737,0.1328,0.17729,-0.2704
0.05762,0.98894,0.13664,-0.01426,0.66278,-0.17009
0.06681,0.97287,0.22146,-0.28563,2.77478,0.27593
0.04348,0.95442,0.29525,0.10625,2.83935,0.83532
-0.01729,0.93588,0.35188,0.88135,1.78565,0.5988
-0.05491,0.91281,0.40466,0.46093,1.91128,-1.1237
-0.0731,0.88866,0.45268,-0.11028,1.75948,-0.84523
-0.09356,0.85824,0.50463,-0.15762,1.09948,-0.59703
-0.09914,0.83014,0.54865,0.34618,-0.29087,-0.82546
-0.08265,0.80992,0.58068,0.59146,-0.64969,-0.93961
-0.0515,0.80046,0.59716,0.70108,-1.9,-0.29914
-0.02261,0.81004,0.58592,0.49149,-2.31273,-0.28792
-0.00178,0.83867,0.54462,0.12023,-2.158,-0.70938
0.01279,0.8792,0.47628,-0.05532,-1.67291,-0.84594
0.01405,0.91259,0.40862,-0.10336,-0.77693,-0.56636
-0.00499,0.93084,0.36537,-0.12695,-0.03449,-0.1013
-0.03621,0.92672,0.37399,0.02065,0.61976,0.35171
-0.06802,0.90285,0.42452,0.06592,0.48996,1.48273
-0.1112,0.89247,0.43717,0.62195,1.15796,-1.25409
-0.11428,0.89968,0.42132,1.39046,1.93315,-1.14457
-0.12034,0.90479,0.40848,0.35156,-0.70915,-0.35886
-0.1408,0.92075,0.36383,0.20031,-1.00884,-1.41082
-0.14768,0.94832,0.28084,0.48176,-0.9086,-1.95164
-0.10331,0.97526,0.19541,0.66231,0.87572,-1.37676
0.00907,0.98695,0.16075,0.63815,4.55474,-1.70648
0.07635,0.99527,0.06001,-1.30084,1.49144,1.4276
0.06875,0.99742,-0.02037,-1.16204,0.8326,1.34801
0.07077,0.99491,-0.07168,0.09852,0.98371,0.94476
0.07562,0.991,-0.11041,0.43697,0.20214,1.07488
0.09486,0.98834,-0.11905,-0.04146,-0.28227,0.72493
0.11518,0.98607,-0.11995,-0.6625,-1.10619,0.05059
0.13416,0.98255,-0.12876,-0.60309,-1.32261,0.18514
0.14892,0.97966,-0.1345,-1.06585,-0.67813,0.32997
0.15057,0.97919,-0.13604,-0.85451,-0.76428,0.48551
0.12509,0.98503,-0.11861,-0.73704,-0.8237,0.65197
0.08053,0.99318,-0.08424,-0.34747,-0.76187,0.49612
0.04607,0.9979,-0.04535,0.28319,-0.64563,0.1434
0.03496,0.99918,0.02027,0.2135,-0.21828,-0.19149
0.03896,0.99414,0.10083,-0.02526,0.86043,-0.33635
0.0435,0.98139,0.18703,-0.00055,2.48742,0.5343
0.03216,0.96525,0.25934,0.24071,2.51637,0.6243
-0.01423,0.94691,0.32116,0.58167,1.55988,0.24705
-0.04919,0.9244,0.37824,0.26969,1.6027,-1.31259
-0.05335,0.90098,0.43055,-0.11381,1.99191,-0.79909
-0.08246,0.87873,0.47013,-0.43042,1.53843,-0.68795
-0.09653,0.85498,0.50959,-0.00944,0.21977,-0.75966
-0.085,0.83334,0.54618,0.27824,-0.06997,-0.94149
-0.05723,0.81573,0.57559,0.86479,-0.83093,-0.79222
-0.03254,0.81314,0.58115,0.97189,-2.0576,-0.12638
-0.01903,0.83008,0.55731,0.55298,-2.20575,-0.47766
-0.00674,0.86041,0.50955,0.1094,-1.97532,-0.88757
0.00814,0.89467,0.44664,-0.06812,-1.67694,-0.8606
0.01007,0.92056,0.39045,-0.06498,-0.59908,-0.4635
-0.00247,0.9327,0.36063,-0.19585,0.08244,0.12954
-0.02444,0.92221,0.38591,-0.09817,0.34423,0.21094
-0.04836,0.89971,0.43379,0.0797,0.34851,0.93312
-0.09175,0.88367,0.45901,0.48262,1.70223,-1.62422
-0.09832,0.89198,0.44124,0.49059,1.31986,-1.78007
-0.12215,0.89764,0.42344,-0.04866,-0.93129,-0.02792
-0.15896,0.91065,0.38137,0.07361,-0.9444,-1.7127
-0.18542,0.93082,0.31494,0.47593,-0.64824,-1.61381
-0.15505,0.9639,0.21644,0.74451,0.98275,-0.95135
-0.03319,0.98533,0.16738,0.98494,3.79668,-1.3737
0.04215,0.99042,0.13145,-0.86212,1.41632,-0.14113
0.05303,0.99789,0.03727,-1.07812,0.66622,1.84368
0.06043,0.99795,-0.0211,0.16423,0.73672,0.78782
0.06139,0.99591,-0.06622,0.28714,0.37906,1.08522
0.07172,0.99349,-0.08851,0.21098,0.1427,1.1686
0.09041,0.99153,-0.09316,-0.59388,-0.43245,0.20337
0.10976,0.98885,-0.1006,-0.41043,-1.1035,0.43923
0.12948,0.98563,-0.10842,-0.33247,-1.18233,0.5621
0.13914,0.98459,-0.10587,-1.01425,-0.65512,0.3354
0.12842,0.98735,-0.09299,-0.68056,-0.83667,0.60927
0.09384,0.99397,-0.05668,-0.49707,-0.8431,0.54389
0.056,0.99832,-0.01442,0.10558,-0.83289,0.3399
0.03716,0.99855,0.03872,0.30497,-0.75676,0.07286
0.0368,0.99276,0.11426,0.05419,0.16202,-0.21297
0.04384,0.97851,0.20147,-0.38325,1.66943,-0.59128
0.05827,0.95634,0.28635,0.00075,2.34882,0.99297
0.03159,0.93588,0.35088,0.45155,2.01187,0.95006
-0.03955,0.9166,0.39782,0.77091,1.6095,-0.39976
-0.08105,0.89246,0.44378,-0.03866,1.90848,-0.5718
-0.10575,0.86453,0.49131,-0.01396,1.9364,-0.61933
-0.12072,0.83635,0.53473,-0.24802,0.72894,-0.71118
-0.10857,0.80975,0.57663,0.36675,-0.39981,-0.8895
-0.07428,0.79153,0.60659,0.69199,-0.82353,-0.89656
-0.03851,0.78715,0.61555,0.86886,-1.62095,-0.43385
-0.01785,0.80347,0.59507,0.5591,-2.06247,-0.40873
-0.00808,0.83629,0.54822,0.36225,-2.00061,-0.46305
0.00392,0.87548,0.48323,0.04674,-1.6469,-0.70022
0.01752,0.90805,0.41848,-0.0751,-0.7563,-0.63613
0.01715,0.93025,0.3665,-0.05945,-0.52441,-0.49993
-0.00274,0.93677,0.34992,-0.11107,0.09231,-0.12108
-0.03412,0.92297,0.38335,-0.13127,0.13172,0.78064
-0.07692,0.90704,0.41396,0.22852,0.35911,0.5034
-0.11249,0.91119,0.39633,0.77999,3.54318,-0.74975
-0.10266,0.91158,0.39809,0.58418,2.18875,-1.51636
-0.13195,0.91338,0.38511,0.14735,-0.88381,0.03524
-0.15618,0.92954,0.334,0.41987,-1.2777,-1.93409
-0.15552,0.95329,0.25892,0.6085,-1.00113,-1.5592
-0.08271,0.98014,0.1802,0.80795,3.08945,-1.68574
0.0331,0.98876,0.14575,-0.34473,2.5295,-0.95373
0.07204,0.9955,0.06142,-1.55452,0.56819,2.28912
0.07695,0.99699,-0.009,-1.19946,0.61261,1.73694
0.08286,0.99474,-0.0601,0.37256,0.73884,0.87399
0.09249,0.99184,-0.08772,0.36489,0.07585,1.15898
0.11055,0.98928,-0.09534,0.02586,-0.05552,0.95439
0.13043,0.98736,-0.08999,-0.81237,-0.60342,0.08697
0.14754,0.98451,-0.09468,-0.57793,-1.20569,0.34895
0.16168,0.98177,-0.09992,-0.62451,-1.19594,0.38459
0.16009,0.98208,-0.09939,-0.97341,-0.72041,0.33049
0.13285,0.98755,-0.08423,-0.75707,-0.82151,0.78638
0.08617,0.99522,-0.0458,-0.52138,-0.86729,0.67112
0.04878,0.99878,-0.00711,0.36957,-0.91956,0.19435
0.03759,0.99787,0.05314,0.32859,-0.39518,-0.11663
0.04486,0.99033,0.13128,0.22444,0.14809,-0.13042
0.05758,0.97577,0.21104,-0.18488,2.39517,-0.46869
0.06681,0.95498,0.28902,-0.0008,2.65247,0.96855
0.02005,0.93806,0.34588,0.2544,2.26684,0.83425
-0.04078,0.92287,0.38294,0.028,1.59666,-0.82921
-0.0753,0.9007,0.42784,-0.17539,1.65836,-0.46259
-0.10336,0.87676,0.46968,-0.23001,1.39476,-0.59633
-0.10084,0.85182,0.51403,-0.0602,0.31113,-0.69176
-0.07654,0.83217,0.54919,0.49831,-0.20481,-0.85144
-0.04346,0.81881,0.57241,0.90948,-0.90305,-0.66778
-0.01293,0.81931,0.57319,0.82049,-1.55239,-0.21055
0.00462,0.83569,0.54917,0.64041,-1.94765,-0.18358
0.01372,0.86273,0.50547,0.30144,-1.9663,-0.47092
0.02353,0.89425,0.44693,0.07062,-1.56623,-0.75946
0.02688,0.91853,0.39441,-0.04078,-0.83636,-0.6621
0.01586,0.93333,0.35865,-0.1274,-0.33972,-0.31174
-0.0082,0.92614,0.37708,-0.20976,0.3784,0.41486
-0.05237,0.90584,0.42036,0.29881,-0.17796,-0.22423
-0.10018,0.91088,0.4003,0.9567,0.07558,-0.87201
-0.06054,0.91325,0.40285,1.19232,3.25935,-0.25888
-0.06369,0.92553,0.37326,-0.16421,0.16256,-0.66108
-0.07082,0.93969,0.33459,-0.27062,-0.70822,-1.27845
-0.06499,0.95469,0.29041,-0.04521,-0.92585,-1.64051
-0.01608,0.97216,0.23375,0.16776,0.79806,-1.73909
0.0897,0.97947,0.18051,0.21323,3.56002,-1.38089
0.13416,0.9889,0.06371,-1.25238,1.15924,2.12419
0.13339,0.99102,0.00925,-0.12785,0.9313,0.62471
0.1317,0.99021,-0.04617,0.25498,0.70362,0.78202
0.14016,0.98732,-0.07443,0.44462,0.13174,0.91778
0.15924,0.9834,-0.08693,-0.4698,-0.47213,0.45065
0.17992,0.97922,-0.09358,-0.7525,-0.63962,0.10063
0.19636,0.97497,-0.10426,-0.72631,-1.0906,0.22696
0.20077,0.97328,-0.11141,-1.13703,-0.72322,0.52639
0.18657,0.97665,-0.10653,-0.82117,-0.76798,0.41514
0.14591,0.98606,-0.07988,-0.54421,-0.789,0.63936
0.09685,0.99442,-0.04172,-0.29567,-0.73051,0.52322
0.06704,0.99773,0.00543,0.29911,-0.66961,0.07072
0.06271,0.99505,0.07706,0.04816,0.4867,-0.21935
0.06993,0.98511,0.15703,-0.40737,2.63903,-0.74478
0.08362,0.96809,0.23621,-0.16075,2.56982,1.04242
0.05572,0.95196,0.30108,0.38171,1.7347,0.67446
-0.00216,0.935,0.35462,0.432,1.3076,-0.64394
-0.02748,0.91379,0.40525,0.12791,1.55635,-0.86558
-0.04551,0.89168,0.45036,-0.19825,1.69928,-0.86215
-0.0613,0.86942,0.49024,0.00228,0.68893,-0.79857
-0.05862,0.84694,0.52843,0.41702,-0.01979,-0.7712
-0.04362,0.83035,0.55553,0.84018,-1.29008,-0.63377
-0.01736,0.82455,0.56551,0.80357,-1.51086,-0.35494
0.00499,0.83537,0.54966,0.72282,-1.85725,-0.15327
0.01924,0.86265,0.50542,0.35424,-2.22056,-0.62265
0.03421,0.89761,0.43944,0.00087,-1.7592,-0.80019
0.04048,0.92481,0.37826,-0.0749,-1.32502,-0.70033
0.03164,0.93968,0.34058,-0.23558,-0.24702,-0.06816
0.00745,0.93293,0.35997,-0.18216,0.34806,0.51918
-0.02646,0.91157,0.41028,-0.09987,0.28514,0.8813
-0.07809,0.90141,0.42585,0.62004,1.06858,-0.7138
-0.07437,0.90761,0.41315,0.36246,0.36533,-1.35666
-0.08536,0.91155,0.40222,0.37344,0.3614,-1.34574
-0.10028,0.92647,0.36275,0.12394,-1.04293,-1.94305
-0.10592,0.94924,0.29618,0.63043,-0.49702,-1.45217
-0.06021,0.97656,0.20664,0.58471,-0.52435,-1.36263
0.05108,0.98463,0.16697,0.81547,3.92151,-1.61737
0.12388,0.98778,0.09451,-1.3791,0.74511,1.64812
0.13686,0.99058,0.00349,-1.42225,0.71049,1.81269
0.14314,0.98827,-0.05307,-0.42404,1.22137,0.42523
0.14454,0.98489,-0.09539,0.20147,0.48916,1.1384
0.15818,0.98099,-0.11241,0.14358,0.00452,1.0555
0.17805,0.97722,-0.1155,-0.48266,-0.37546,0.0646
0.19523,0.97328,-0.12085,-0.19605,-1.22655,0.42582
0.21019,0.96891,-0.13045,-0.28933,-1.18548,0.74316
0.21883,0.96714,-0.12945,-1.13216,-0.55609,0.51324
0.20894,0.97071,-0.1186,-0.85572,-0.84526,0.58523
0.17183,0.98131,-0.08651,-0.70891,-0.88714,0.57932
0.12511,0.991,-0.0476,-0.28115,-0.78709,0.52674
0.09969,0.99501,0.00221,-0.07924,-0.45815,-0.25774
0.09377,0.99299,0.07189,-0.3106,0.08677,-0.3474
0.10061,0.98463,0.14275,-0.78501,2.59716,0.02795
0.10401,0.97121,0.2143,-0.53894,2.7964,0.71605
0.07163,0.9555,0.28615,0.68164,1.70972,0.16972
0.03253,0.93899,0.34238,0.63659,1.33385,-0.8685
0.01756,0.91754,0.39724,0.06356,1.4468,-0.68909
0.00529,0.89919,0.43751,-0.11331,1.49462,-0.61333
-0.01309,0.88347,0.46829,0.38017,0.39637,-0.52438
-0.02172,0.86678,0.4982,0.67068,0.02262,-0.72206
-0.01959,0.85307,0.52142,0.84407,-0.42074,-0.91766
-0.00178,0.84647,0.53243,0.93534,-1.9381,-0.30013
0.01567,0.85542,0.51769,0.58742,-2.30912,-0.29406
0.03355,0.87817,0.47716,0.41631,-2.31806,-0.44637
0.05592,0.90642,0.41865,-0.06384,-1.73303,-0.96957
0.06793,0.92753,0.3675,-0.01736,-0.68113,-0.6461
0.06412,0.93971,0.33589,-0.08567,-0.39854,-0.28986
0.04315,0.93173,0.36056,-0.32848,0.58438,0.75149
0.00852,0.90975,0.41506,-0.35098,0.42386,1.13102
-0.04265,0.90826,0.41621,-0.11749,0.32556,0.33855
-0.05055,0.91522,0.39975,0.67687,2.83542,-1.35436
-0.06026,0.91767,0.39272,0.22031,-0.48565,-0.00506
-0.07682,0.93223,0.3536,0.04171,-1.06848,-0.02009
-0.08469,0.94968,0.30153,0.3289,-1.07508,-1.54046
-0.04388,0.97454,0.21986,0.89886,0.48709,-1.30497
0.06233,0.98213,0.17757,0.92285,2.18842,-1.52571
0.13845,0.98608,0.09204,-0.44935,1.60825,-0.51433
0.14977,0.98835,-0.02707,-1.56936,0.81892,3.31446
0.16003,0.98436,-0.07355,-1.06247,1.30912,1.66878
0.16241,0.98059,-0.1098,0.13698,0.34151,1.07615
0.17741,0.97667,-0.121,-0.10437,-0.21673,0.86206
0.19792,0.97313,-0.11765,-0.69156,-0.62694,-0.02984
0.21757,0.96832,-0.12253,-0.43173,-1.11494,0.16566
0.23446,0.96349,-0.12925,-0.77371,-0.9795,0.57551
0.236,0.96374,-0.12452,-1.24508,-0.66572,0.39684
0.21446,0.97109,-0.10477,-0.89633,-0.84477,0.5853
0.17313,0.98217,-0.07316,-0.45516,-0.76506,0.55622
0.13663,0.99009,-0.0322,0.20212,-0.82025,0.35158
0.12315,0.99203,0.02631,0.07267,-0.45259,-0.26206
0.12295,0.98738,0.09982,-0.21707,0.73107,-0.32948
0.12991,0.97674,0.17055,-0.39198,2.69608,0.05886
0.12106,0.96307,0.24046,-0.07312,2.78673,1.12518
0.07081,0.94707,0.31311,0.46702,1.57571,0.28504
0.03121,0.92889,0.36901,0.25927,1.203,-1.05404
0.01966,0.90823,0.418,-0.27618,1.7535,-0.94136
-0.00235,0.88756,0.46068,-0.56856,1.35469,-0.96622
-0.00011,0.86438,0.50282,-0.11617,0.5609,-0.81698
0.01418,0.84381,0.53643,0.67269,-0.05051,-0.933
0.03385,0.83251,0.55296,1.08279,-1.51522,-0.52195
0.05405,0.83718,0.54423,0.9056,-1.98272,-0.31385
0.06717,0.85562,0.51322,0.5443,-2.4839,-0.21263
0.07645,0.88665,0.45605,0.05181,-2.26245,-0.78634
0.0772,0.91757,0.38999,-0.18656,-1.6407,-0.90609
0.0687,0.93915,0.33656,0.05514,-0.86325,-0.62951
0.05244,0.94267,0.32956,0.04057,0.46108,0.36949
0.03685,0.9262,0.37521,0.13202,0.71713,0.58547
0.01302,0.90805,0.41865,0.19362,0.77952,1.3003
-0.01328,0.91263,0.40854,0.41069,3.44378,-1.5378
-0.03327,0.91865,0.39364,0.1758,1.91524,-2.5135
-0.06832,0.92673,0.36945,0.30927,-1.05485,-0.30009
-0.10723,0.94564,0.307,0.42398,-1.47802,-1.70692
-0.10033,0.9682,0.22917,0.66838,-1.18386,-1.49164
0.0032,0.98519,0.17141,1.00016,1.19781,-1.17826
0.11107,0.98489,0.1328,-0.32222,2.33839,-1.18215
0.14185,0.98966,0.02112,-1.05152,1.55629,-0.09129
0.14696,0.9884,-0.03825,-0.62968,1.56287,1.09984
0.1479,0.98582,-0.07915,-0.13561,1.30026,0.92911
0.15578,0.98255,-0.10154,0.06145,-0.17501,0.91955
0.1785,0.97891,-0.09928,-0.76902,-0.74319,-0.09202
0.19875,0.97438,-0.10522,-0.68298,-0.97886,0.01636
0.21428,0.96986,-0.11598,-0.6583,-1.18438,0.48651
0.21753,0.96917,-0.11563,-1.13269,-0.60945,0.43628
0.20031,0.97462,-0.09985,-0.83859,-0.83061,0.57899
0.16565,0.98398,-0.06582,-0.62938,-0.88007,0.54538
0.12933,0.9913,-0.02431,0.09292,-0.84878,0.3321
0.11058,0.99355,0.02491,0.28499,-0.8701,0.30496
0.10589,0.99017,0.09127,0.14676,-0.6386,0.01696
0.10952,0.97881,0.17295,-0.59089,1.19865,-0.33502
0.12219,0.96091,0.24842,-0.82446,3.17226,0.22842
0.09767,0.94227,0.32027,-0.53729,2.90697,0.9839
0.03233,0.92396,0.3811,0.46296,1.58481,-0.34059
-0.00846,0.90349,0.42851,-0.01409,1.70854,-0.83967
-0.0399,0.87914,0.47487,-0.10955,1.85278,-0.59931
-0.05489,0.85595,0.51412,-0.09938,0.93587,-0.96396
-0.04278,0.83218,0.55284,0.09259,0.66692,-0.91876
-0.01961,0.81545,0.57848,0.5819,-0.31989,-0.85326
0.00918,0.81319,0.58191,1.0346,-1.41222,-0.51886
0.03174,0.82803,0.55977,0.76598,-2.03964,-0.26876
0.04354,0.85537,0.51617,0.28193,-2.105,-0.4842
0.05484,0.88799,0.45657,-0.01893,-1.86147,-0.9357
0.05904,0.9153,0.3984,-0.06543,-1.09593,-0.7167
0.04903,0.93353,0.3551,0.03282,-0.5009,-0.36555
0.0274,0.9326,0.35986,0.03202,0.23742,0.11823
-0.00126,0.91552,0.40225,0.07341,0.51084,0.32321
-0.0482,0.90654,0.41935,-0.02908,-0.00788,0.72663
-0.07331,0.92731,0.36702,0.75232,0.24995,-1.33835
-0.05078,0.91794,0.39344,0.43979,4.01433,-1.16567
-0.06092,0.92615,0.37217,-0.24814,-0.45272,-0.4107
-0.07856,0.9402,0.33141,-0.13386,-1.33447,-1.29588
-0.08635,0.96063,0.26404,0.32294,-1.32719,-1.67916
-0.01794,0.97976,0.19934,0.67181,1.00418,-1.4374
0.09567,0.98749,0.12531,0.82647,4.20552,-1.67248
0.11381,0.9935,0.00161,-1.156,1.40238,0.68216
0.11428,0.99162,-0.06008,-1.15592,0.67637,2.21792
0.1191,0.98701,-0.1078,0.35673,1.06472,0.8827
0.13677,0.98288,-0.12342,0.393,-0.17569,0.69161
0.1642,0.97895,-0.12118,-0.08299,-0.31091,0.3603
0.19103,0.97288,-0.13038,-0.72415,-0.776,0.24141
0.21552,0.9665,-0.13934,-0.81604,-1.01515,0.72571
0.22831,0.96327,-0.14131,-1.21453,-0.58121,0.32932
0.21852,0.96618,-0.13689,-0.95103,-0.69225,0.34449
0.18452,0.97618,-0.11411,-0.74736,-0.77708,0.45568
0.14763,0.98598,-0.0777,-0.05179,-0.78263,0.44908
0.12363,0.99187,-0.02981,0.20657,-0.9495,0.28419
0.11307,0.99287,0.03749,0.07963,-0.71857,-0.11902
0.10797,0.98765,0.11346,-0.42535,1.19878,-0.21738
0.1051,0.97741,0.18335,-0.49356,2.65254,0.36619
0.07813,0.9655,0.24837,0.13206,2.20259,0.71112
0.01567,0.9543,0.29842,0.58258,1.46231,-0.2627
-0.0273,0.94125,0.33657,-0.13838,1.70398,-0.82313
-0.05105,0.92153,0.38492,-0.38819,1.9714,-0.45021
-0.08711,0.90078,0.42543,-0.40424,1.82618,-0.62594
-0.09529,0.87718,0.4706,-0.18348,0.19765,-0.58689
-0.07834,0.85716,0.50904,0.67297,-0.31743,-0.77808
-0.05602,0.84684,0.52888,1.0962,-0.68763,-0.7021
-0.03493,0.85315,0.52047,0.9839,-1.82454,-0.23202
-0.01754,0.87248,0.48832,0.47049,-1.97171,-0.39411
0.00032,0.89608,0.44387,0.17424,-1.83676,-0.49523
0.00918,0.91834,0.39567,-0.00608,-1.24608,-0.76136
-0.00179,0.93531,0.3538,0.25843,-0.9483,-0.56944
-0.01722,0.94134,0.33699,0.29406,-0.79878,-0.41989
-0.03376,0.92945,0.36739,-0.10284,0.1416,0.72035
-0.07807,0.91996,0.38415,0.50946,-0.04088,-0.59832
-0.08698,0.93349,0.34788,1.01947,1.14511,-0.82319
-0.06934,0.94277,0.32614,0.54396,2.6472,-1.62736
-0.0834,0.95315,0.29074,-0.04871,-0.95045,-0.70677
-0.09592,0.96653,0.2379,0.00504,-1.08267,-1.45372
-0.0709,0.98441,0.16094,0.37698,-0.91791,-1.32866
0.02498,0.99311,0.11441,0.34015,2.06022,-1.85208
0.11924,0.99242,0.02955,0.01232,3.50123,-0.94607
0.12582,0.9898,-0.06668,-1.70491,0.7899,3.31116
0.13307,0.98392,-0.1191,-0.32917,1.24663,1.0613
0.14283,0.97777,-0.15348,0.38932,0.64061,1.29223
0.16584,0.97349,-0.15751,0.29012,0.03391,0.88418
0.19005,0.9701,-0.15094,-0.72809,-0.909,-0.05178
0.21492,0.96416,-0.15552,-0.76791,-1.15058,0.0241
0.23118,0.95881,-0.165,-1.01349,-1.20498,0.36019
0.23038,0.95865,-0.16706,-1.03005,-0.655,0.62867
0.20859,0.96669,-0.14833,-0.72704,-0.78381,0.55405
0.17092,0.97767,-0.12224,-0.43712,-0.81818,0.25877
0.13444,0.98738,-0.08361,0.26398,-0.78581,0.57249
0.11684,0.99277,-0.02714,0.23843,-0.7326,0.47975
0.11401,0.9921,0.05231,-0.76339,1.84459,-0.31006
0.11839,0.98403,0.13292,-0.74612,2.78007,0.09517
0.11046,0.97131,0.21056,0.07495,2.92441,0.80744
0.06413,0.95663,0.28413,0.55555,1.43666,-0.08172
0.0195,0.94033,0.33969,0.47575,1.154,-0.5405
-0.00732,0.92285,0.38506,-0.11101,1.7561,-0.61827
-0.04267,0.90625,0.42057,-0.15357,0.90657,-0.63253
-0.06769,0.88661,0.45751,0.08531,0.54944,-0.69116
-0.06631,0.86638,0.49494,0.29359,0.01284,-0.69315
-0.04689,0.85324,0.51938,1.10229,-1.56598,-0.54453
-0.0194,0.85408,0.51975,0.79375,-2.29427,-0.27487
0.0136,0.87172,0.48979,0.53166,-2.4375,-0.36356
0.04696,0.89885,0.43571,-0.09355,-2.14097,-0.87613
0.06119,0.92239,0.38136,0.02859,-1.50639,-0.6259
0.05282,0.93833,0.34165,0.13366,-1.15382,-0.52039
0.03404,0.9409,0.33694,0.11376,0.01833,0.09355
0.00922,0.93079,0.36542,0.1504,0.50381,0.46484
-0.02326,0.92263,0.38496,0.20742,0.63995,0.88138
-0.03168,0.9237,0.3818,0.44635,5.03079,0.06547
-0.06016,0.92125,0.38428,0.09233,-0.20301,-1.96746
-0.09277,0.93307,0.34751,0.1996,-1.37932,-0.79716
-0.13112,0.95091,0.28028,0.37509,-1.99947,-1.84685
-0.1118,0.97638,0.18486,0.93979,0.58998,-1.14154
0.01162,0.99049,0.13703,0.64429,2.96067,-1.88663
0.13294,0.98622,0.09839,0.15766,3.52638,-1.27974
0.15249,0.98795,-0.02611,-1.62511,1.17985,3.46989
0.15639,0.98518,-0.07043,-0.4159,1.19981,1.27049
0.15705,0.98133,-0.11095,0.17478,0.44362,0.76312
0.16864,0.97734,-0.12789,0.15195,-0.29473,0.75136
0.18996,0.97354,-0.127,-0.4932,-0.60669,0.17824
0.21195,0.96746,-0.13815,-0.5649,-1.16793,0.08449
0.23114,0.96092,-0.15231,-0.87083,-1.08581,0.82321
0.23617,0.95919,-0.15548,-1.2969,-0.57146,0.44452
0.21331,0.967,-0.13926,-0.91195,-0.81661,0.51104
0.17129,0.97927,-0.10811,-0.53242,-0.87429,0.47769
0.13645,0.98817,-0.06997,-0.02738,-0.76673,0.43021
0.12018,0.9926,-0.01712,0.16826,-0.83755,0.18572
0.11509,0.99165,0.05803,-0.15684,-0.19098,-0.43561
0.12025,0.98281,0.14004,-0.55996,1.28228,-0.35043
0.12058,0.97018,0.21025,-0.4993,3.15966,0.4251
0.08228,0.95563,0.28281,0.73359,1.7599,0.60951
0.02689,0.93932,0.34196,0.93551,1.4118,-0.02384
-0.00204,0.91806,0.39642,0.44523,1.30962,-1.05229
-0.02513,0.89863,0.43798,-0.53741,1.77088,-0.56759
-0.05554,0.87848,0.47452,-0.51738,1.18761,-0.71793
-0.05282,0.85766,0.51148,0.13329,-0.06922,-0.86099
-0.02923,0.84235,0.53813,0.59464,-0.4767,-0.93176
0.003,0.83934,0.54359,0.95214,-1.4098,-0.57682
0.02881,0.85331,0.52059,0.65534,-2.3632,-0.22275
0.04774,0.87956,0.47337,0.14103,-2.2231,-0.75309
0.06391,0.91092,0.40757,-0.19121,-1.57041,-0.80482
0.06134,0.9366,0.34495,-0.0314,-0.575,-0.30925
0.04485,0.94929,0.31117,0.00063,-0.23632,0.03983
0.02155,0.94034,0.33954,0.08219,0.2737,0.26486
-0.01719,0.91153,0.41087,0.47037,1.90061,2.77268
-0.05488,0.90706,0.41738,0.23388,2.82,-2.44718
-0.08212,0.91971,0.3839,0.44591,0.37328,-2.23358
-0.11253,0.93462,0.33736,0.5599,-1.65903,-0.33321
-0.13274,0.95571,0.26263,0.31873,-1.61929,-1.98276
-0.09028,0.98516,0.14593,0.48954,-1.23345,-1.662
0.03949,0.99435,0.09846,0.61234,3.14437,-2.00791
0.14891,0.98577,0.07788,-0.19547,3.15055,-0.81578
0.16121,0.98606,-0.04118,-1.63211,1.05055,3.37409
0.16084,0.98213,-0.09765,-0.71957,1.23727,0.8397
0.15903,0.97716,-0.14093,0.14383,0.43005,1.08366
0.17017,0.97237,-0.15976,0.27641,-0.08489,0.98261
0.19113,0.96798,-0.16271,-0.49841,-0.42681,0.24358
0.21284,0.96209,-0.17052,-0.65811,-1.07432,-0.03996
0.22914,0.95479,-0.18938,-0.8096,-1.0425,0.49282
0.23227,0.95157,-0.20137,-1.36111,-0.42153,0.70569
0.21307,0.95851,-0.18932,-0.709,-0.89629,0.65018
0.17149,0.97211,-0.15993,-0.55139,-0.87026,0.49043
0.12833,0.98441,-0.12027,0.1152,-0.73235,0.48381
0.1068,0.99225,-0.06342,0.36662,-0.69924,0.49875
0.10139,0.99474,0.01451,-0.03941,0.27722,-0.23101
0.10205,0.98914,0.1057,-0.56506,1.82978,-0.50016
0.10453,0.97667,0.18757,-0.4504,3.3405,0.65405
0.06437,0.96201,0.26528,0.4959,2.16537,0.71018
0.00703,0.94411,0.32955,0.73206,1.26621,-0.32308
-0.01873,0.92208,0.38653,0.04867,1.83389,-0.90139
-0.05013,0.8991,0.43484,-0.17137,1.84882,-0.72547
-0.07476,0.87333,0.48134,-0.23013,0.85622,-0.70964
-0.08238,0.85166,0.51756,0.58682,-0.5981,-0.89026
-0.06524,0.83882,0.54048,0.93942,-0.9176,-0.95065
-0.0431,0.83963,0.54143,0.92813,-1.74335,-0.45382
-0.0245,0.85767,0.51359,0.48167,-2.43908,-0.34376
-0.007,0.8915,0.45294,0.28684,-2.402,-0.55107
0.011,0.92559,0.37836,0.03572,-2.011,-0.696
0.01901,0.948,0.31769,0.02179,-0.71827,-0.45797
0.00866,0.95601,0.29318,-0.08152,-0.2609,-0.09251
-0.01734,0.94696,0.32086,0.05444,0.53769,0.4801
-0.04813,0.93083,0.36225,0.14864,0.5164,0.84564
-0.08411,0.92608,0.36781,0.24796,1.92991,-0.88856
-0.09042,0.93129,0.35286,0.37529,2.13869,-2.16261
-0.12176,0.93302,0.33857,0.32373,-1.1181,-0.22236
-0.15154,0.94606,0.28634,0.36986,-1.64828,-1.36479
-0.16169,0.9658,0.20265,0.93473,-0.63574,-1.38658
-0.09786,0.98956,0.1057,1.08319,0.80008,-1.08745
0.02897,0.99669,0.07589,0.95768,2.55327,-1.75398
0.08901,0.99603,0.0003,-0.72586,1.77965,-0.35426
0.08418,0.9919,-0.09503,-1.62272,0.81945,3.14711
0.09823,0.98451,-0.14521,-0.7447,1.25493,1.40893
0.10577,0.97822,-0.17857,0.22678,0.28159,0.99798
0.12377,0.97487,-0.18521,-0.2084,-0.14839,0.67924
0.1468,0.97231,-0.18182,-0.52189,-0.33249,0.40096
0.1683,0.96763,-0.18802,-0.66183,-1.11404,0.38079
0.18334,0.96318,-0.19664,-0.90463,-0.87234,0.64468
0.18198,0.96317,-0.19795,-1.2002,-0.60744,0.54924
0.15436,0.97179,-0.17832,-0.85556,-0.8284,0.82347
0.11005,0.98359,-0.14295,-0.39221,-0.77721,0.5288
0.07485,0.99201,-0.1015,-0.01581,-0.77692,0.38851
0.05749,0.99764,-0.03737,0.13767,-0.35902,-0.17283
0.05178,0.99784,0.04036,-0.35076,1.53001,-0.34338
0.05094,0.9903,0.12925,-0.25886,2.54106,-0.17594
0.04079,0.97791,0.20497,0.33903,2.93813,1.29395
-0.00397,0.9643,0.26478,0.99889,1.75749,0.55216
-0.04908,0.94701,0.31743,0.57888,1.38815,-0.97859
-0.07605,0.92308,0.37699,-0.07726,1.9796,-0.54522
-0.10844,0.89382,0.43511,-0.32935,1.45346,-0.86602
-0.10622,0.86209,0.49548,-0.0241,0.37277,-0.6675
-0.08217,0.83494,0.54416,0.61635,-0.44484,-0.90817
-0.04693,0.82025,0.57006,0.85254,-1.3174,-0.67112
-0.01143,0.82628,0.56313,0.72316,-2.03883,-0.40593
0.00915,0.8499,0.52685,0.52593,-2.55071,-0.42561
0.02329,0.88539,0.46424,0.02812,-2.32471,-0.76818
0.0351,0.91724,0.39676,-0.20438,-1.49097,-0.90892
0.03111,0.93796,0.34532,-0.16638,-0.56403,-0.43404
0.01298,0.94351,0.33107,-0.15335,-0.00743,0.18492
-0.00962,0.93227,0.36162,-0.02729,0.51792,0.60634
-0.04923,0.92042,0.38781,0.08924,0.62754,1.2893
-0.07912,0.92409,0.37389,1.15248,2.56323,-1.31298
-0.07854,0.92451,0.37297,1.30534,1.69482,-0.93912
-0.09218,0.93215,0.35011,0.54796,-1.1883,0.34609
-0.1058,0.95426,0.2796,0.28767,-1.33894,-2.45542
-0.07251,0.97907,0.19015,0.47152,-0.97295,-2.00973
0.02867,0.99184,0.12418,0.81815,3.44357,-2.29155
0.12519,0.98806,0.08975,0.57719,4.81477,-2.21238
0.1435,0.98763,-0.06312,-2.05309,0.81332,4.31851
0.13686,0.98375,-0.11616,-0.53178,1.26733,0.91277
0.13134,0.97732,-0.16612,0.01288,0.96562,1.10644
0.14574,0.97181,-0.18528,0.38481,-0.2169,0.89819
0.16953,0.96771,-0.18653,-0.28551,-0.58114,0.24304
0.18881,0.96198,-0.19732,-0.55402,-0.79189,0.05369
0.20621,0.95543,-0.21127,-0.81995,-1.27076,0.68601
0.21459,0.95235,-0.21674,-1.23705,-0.33483,0.63175
0.20027,0.95816,-0.20448,-1.01628,-0.59886,0.4642
0.16045,0.9718,-0.17276,-0.56853,-0.82299,0.5683
0.11862,0.98403,-0.13266,0.00176,-0.73129,0.581
0.09511,0.9922,-0.08056,0.21687,-0.80885,0.35652
0.08493,0.99637,-0.00471,-0.10349,-0.12043,-0.29606
0.08196,0.99305,0.08435,-0.58243,2.625,-0.0791
0.07905,0.98276,0.1671,-0.45141,3.18867,0.53474
0.04421,0.96977,0.23994,-0.05728,3.08696,0.93442
-0.01396,0.95402,0.2994,0.87456,1.27422,-0.10609
-0.05221,0.93302,0.35598,0.35154,1.33413,-1.03602
-0.08342,0.90986,0.40642,-0.00052,1.71358,-0.71898
-0.11695,0.88368,0.45323,-0.42425,1.13655,-0.83181
-0.11647,0.85675,0.5024,0.41087,-0.1999,-0.93814
-0.08882,0.83637,0.54091,0.88841,-0.69226,-0.94865
-0.04981,0.82881,0.55729,1.16622,-1.5064,-0.53758
-0.0155,0.83986,0.54257,0.58452,-2.4205,-0.38693
0.00755,0.86758,0.49722,0.37733,-2.4646,-0.56734
0.02488,0.90364,0.42755,0.12112,-2.09377,-0.72194
0.03159,0.93357,0.35698,-0.03293,-1.19073,-0.61313
0.02408,0.95002,0.31125,-0.02368,-0.41877,-0.18048
0.00387,0.94764,0.31931,0.02738,0.35292,0.19145
-0.02648,0.92982,0.36705,0.22918,0.64512,0.78148
-0.06379,0.9214,0.38333,0.53018,1.06086,0.62405
-0.05626,0.93042,0.36214,0.881,2.54995,-1.00736
-0.0696,0.93522,0.34713,0.49222,-0.22938,-1.11028
-0.08915,0.94969,0.30023,0.13735,-1.12795,-0.44541
-0.0873,0.97158,0.21999,0.15829,-1.2783,-1.9665
-0.02884,0.99099,0.13075,0.59502,1.17896,-1.73625
0.07873,0.9909,0.10915,0.40782,3.12292,-2.22013
0.14973,0.98861,0.01504,-0.36341,2.64266,-0.39718
0.1499,0.98408,-0.09544,-1.40698,0.84714,3.83807
0.15003,0.97815,-0.14391,-0.35316,1.56505,1.14111
0.15444,0.97222,-0.17589,0.28253,0.58507,1.0581
0.17214,0.96854,-0.17971,0.04237,-0.14369,0.86491
0.19353,0.96481,-0.17799,-0.69626,-0.468,0.02399
0.21185,0.96013,-0.18236,-0.68496,-1.2696,0.40723
0.2201,0.95642,-0.19185,-0.8426,-1.14662,0.54926
0.21224,0.95833,-0.19119,-1.19914,-0.54736,0.45834
0.18182,0.96936,-0.16513,-0.57685,-0.77474,0.68426
0.1379,0.98176,-0.13086,-0.28173,-0.66227,0.60396
0.10594,0.99102,-0.08152,0.29415,-0.74807,0.34621
0.09782,0.99515,-0.0103,0.04543,0.32115,-0.19777
0.10311,0.99198,0.07305,-0.44716,1.52908,-0.39321
0.11375,0.98075,0.15865,-0.41386,2.81049,0.71754
0.09406,0.96652,0.23869,0.2554,2.47012,0.82016
0.04364,0.94997,0.30926,0.34391,1.32541,-0.34881
0.0125,0.92978,0.36789,-0.00803,1.62834,-1.57507
-0.01439,0.90728,0.42027,-0.28266,1.84648,-0.70158
-0.03953,0.8845,0.46485,-0.12299,0.91749,-0.82833
-0.03828,0.85897,0.51058,0.37326,0.16918,-0.91881
-0.02289,0.83675,0.5471,1.09418,-0.73808,-1.01326
-0.0008,0.82756,0.56137,1.09002,-1.91585,-0.64582
0.02068,0.83485,0.55007,0.69545,-2.53287,-0.38143
0.03475,0.86078,0.50777,0.1275,-2.49788,-0.55974
0.05002,0.89852,0.43606,-0.13212,-2.45142,-0.77789
0.05266,0.92736,0.37044,0.11418,-1.12224,-0.63109
0.04262,0.94104,0.33557,0.06086,-0.29102,-0.11165
0.02185,0.93707,0.34843,0.27318,0.5575,0.57732
-0.00679,0.91886,0.39451,0.38132,0.686,0.88059
-0.03957,0.91115,0.41015,0.59734,1.29711,0.52352
-0.04988,0.91954,0.3898,-0.01999,1.1547,-2.32802
-0.07363,0.92472,0.37344,0.22577,-0.56324,-1.33107
-0.0946,0.94095,0.32504,0.25512,-1.36417,-0.62018
-0.10367,0.96283,0.24941,0.4601,-1.08824,-1.61138
-0.05656,0.98618,0.15569,0.70431,-0.38236,-1.41412
0.06695,0.99098,0.11605,0.73476,3.15668,-2.07795
0.1458,0.98916,0.01702,-0.38874,3.3059,-0.79019
0.13906,0.98733,-0.07642,-1.96693,0.96226,3.64486
0.13988,0.98218,-0.12549,-0.5214,1.35873,1.0733
0.14121,0.97665,-0.1619,0.39061,0.32975,1.25127
0.15988,0.97276,-0.16784,0.21482,-0.38154,0.50427
0.18139,0.9678,-0.17449,-0.29448,-0.90854,0.07698
0.2044,0.96093,-0.18662,-0.5285,-1.11761,0.47484
0.21994,0.95675,-0.19038,-1.12343,-0.75787,0.85124
0.21517,0.95935,-0.1826,-1.1416,-0.62108,0.42629
0.18122,0.97156,-0.1524,-0.69153,-0.80038,0.52187
0.13648,0.98366,-0.11734,-0.44268,-0.75063,0.47269
0.10933,0.99167,-0.06796,0.15613,-0.85493,0.3482
0.10003,0.99498,0.00267,-0.23483,0.30199,-0.43161
0.10135,0.99158,0.08053,-0.33364,1.03869,-0.32385
0.10166,0.98179,0.16044,-0.09759,2.6177,0.95273
0.072,0.96846,0.2385,0.18199,2.3457,0.96635
0.0159,0.95422,0.29867,0.80392,1.58376,0.27206
-0.0159,0.93616,0.35119,0.31737,1.4131,-1.39327
-0.03398,0.91479,0.40248,-0.04223,1.74505,-0.99994
-0.06081,0.88999,0.45189,-0.466,1.33923,-0.6985
-0.06076,0.86456,0.49883,0.15774,0.15282,-0.64957
-0.04371,0.84374,0.53495,0.47782,-0.07483,-0.98393
-0.01362,0.83274,0.55348,0.92918,-1.12191,-0.80859
0.0151,0.84036,0.5418,0.65608,-2.2769,-0.23711
0.03461,0.86397,0.50234,0.46838,-2.48103,-0.24957
0.05197,0.89656,0.43983,0.06757,-2.25667,-0.72639
0.05721,0.92498,0.37567,-0.0008,-0.7683,-0.65655
0.04228,0.94238,0.33183,0.08022,-0.51119,-0.26376
0.0184,0.94073,0.33864,0.06584,0.34924,0.27636
-0.01126,0.9242,0.38171,0.20291,0.57441,0.95768
-0.05067,0.91899,0.39099,0.53819,0.59098,0.50423
-0.04626,0.92611,0.37439,1.24579,3.53134,-0.20392
-0.0563,0.93008,0.36299,0.0936,0.25481,-1.7568
-0.07702,0.94301,0.3237,0.11442,-1.3116,-0.27992
-0.1053,0.96141,0.25414,0.16805,-1.44524,-1.75763
-0.08119,0.98157,0.17296,0.61874,-0.70256,-1.48437
0.03659,0.98956,0.13931,0.5159,3.0153,-2.02791
0.13966,0.98851,0.05762,-0.06399,3.33309,-0.96152
0.13942,0.98787,-0.06821,-1.8284,0.76161,4.11611
0.14177,0.98319,-0.11506,-0.31852,1.31785,1.251
0.14419,0.97743,-0.15434,0.25231,0.46236,1.11583
0.16291,0.97327,-0.16183,0.23032,-0.34695,0.73341
0.18458,0.97023,-0.15678,-0.45284,-0.81283,0.01028
0.20731,0.96464,-0.16276,-0.56671,-1.11446,0.27924
0.22326,0.96087,-0.16393,-1.01137,-0.87718,0.95891
0.21934,0.96308,-0.15605,-1.19513,-0.71708,0.33109
0.18949,0.97298,-0.13185,-0.84832,-0.86393,0.53729
0.14547,0.98456,-0.09736,-0.43136,-0.82545,0.54637
0.11331,0.99192,-0.05699,0.12218,-0.79995,0.31932
0.09945,0.99503,0.00381,0.09568,-0.42676,-0.23789
0.09581,0.9923,0.07835,-0.31504,0.64953,-0.2379
0.09619,0.9829,0.15696,-0.64053,2.41776,-0.06097
0.0745,0.97012,0.23086,0.03645,2.66693,1.15465
0.02203,0.95376,0.29972,0.74412,1.76312,0.52239
-0.01388,0.93396,0.35709,0.63539,1.17485,-0.69991
-0.02964,0.91363,0.40545,0.13656,1.66959,-0.93805
-0.06115,0.89114,0.44957,-0.39643,1.60982,-0.72205
-0.06381,0.86459,0.49839,-0.23776,0.63892,-0.62966
-0.04656,0.84233,0.53693,0.30195,0.0632,-0.8113
-0.01433,0.82761,0.56111,0.7934,-1.13486,-0.69844
0.01987,0.82939,0.55831,0.73985,-1.594,-0.37595
0.04072,0.84783,0.52869,0.68797,-2.27875,-0.13518
0.05176,0.87813,0.4756,-0.04457,-1.82064,-1.07974
0.05369,0.91262,0.40524,-0.06277,-1.50964,-1.01778
0.03668,0.93842,0.34353,0.00693,-0.69791,-0.75813
0.01111,0.94923,0.31436,0.01566,-0.09172,0.09053
-0.01584,0.93554,0.35284,0.00217,0.48761,0.45553
-0.0447,0.91961,0.39027,-0.00439,0.61437,1.21573
-0.07999,0.92353,0.37508,0.55501,0.74987,-1.25185
-0.0656,0.92218,0.38114,1.11385,2.18802,-0.97225
-0.0759,0.92385,0.37513,0.03235,-0.7129,-0.69401
-0.09472,0.93969,0.32862,-0.01943,-1.10698,-1.38504
-0.10839,0.9587,0.26293,-0.03222,-1.16735,-1.81461
-0.06448,0.98231,0.1758,0.66305,0.66606,-1.41318
0.05876,0.99152,0.11584,0.72618,4.03103,-1.68756
0.10957,0.99375,0.02087,-1.03326,1.54027,0.57335
0.10978,0.99246,-0.05448,-1.17329,0.77602,1.78357
0.11376,0.98683,-0.11497,0.13549,1.06006,0.83855
0.12191,0.98115,-0.14993,0.58187,0.33991,1.14169
0.14572,0.9765,-0.15879,0.06573,-0.12228,1.05249
0.17261,0.97192,-0.1599,-0.78836,-0.53234,0.18334
0.19568,0.96633,-0.16706,-0.66819,-1.13018,0.35776
0.21182,0.96243,-0.16985,-0.97698,-0.94676,0.59223
0.20929,0.96365,-0.16604,-1.22759,-0.64675,0.24958
0.17949,0.97301,-0.14501,-0.8916,-0.819,0.71151
0.13639,0.98459,-0.10942,-0.4439,-0.81458,0.5011
0.106,0.9919,-0.06993,0.13849,-0.83435,0.28526
0.094,0.99547,-0.0137,0.28837,-0.89753,0.20038
0.09054,0.99376,0.06511,-0.11605,0.08535,-0.27041
0.08889,0.98591,0.14163,-0.55018,1.79375,-0.40027
0.07872,0.97453,0.20994,-0.22284,2.97652,0.73499
0.02861,0.962,0.27154,0.68047,2.07713,0.78951
-0.01988,0.94649,0.32209,0.75434,1.31553,-0.4888
-0.03299,0.92455,0.37961,0.17618,1.58938,-0.85136
-0.06043,0.89993,0.43182,-0.56474,1.86223,-0.55027
-0.07151,0.87452,0.47967,-0.49354,0.83495,-0.6214
-0.05735,0.85185,0.52063,0.10714,0.21764,-0.72287
-0.03706,0.83682,0.54621,0.95257,-0.45907,-0.88065
-0.00949,0.83595,0.5487,0.93803,-1.43485,-0.40818
0.00953,0.85005,0.52661,0.81222,-2.0341,-0.26757
0.01858,0.87529,0.48323,0.53928,-2.28271,-0.42973
0.02704,0.90639,0.42156,0.04458,-1.89099,-0.76837
0.02468,0.93314,0.35864,-0.11363,-1.18537,-0.66553
0.0097,0.94888,0.31547,-0.04529,-0.60931,-0.37896
-0.00938,0.94757,0.31939,-0.00394,-0.09483,0.12235
-0.03808,0.92956,0.36667,-0.01963,0.51703,0.90119
-0.08251,0.9215,0.37948,0.33887,1.18691,1.17759
-0.08168,0.93326,0.34977,0.90267,2.27018,-1.69334
-0.0879,0.94024,0.32895,0.80871,-0.33466,-0.60894
-0.09452,0.95681,0.27489,0.33574,-1.2204,-0.43033
-0.07475,0.97881,0.19061,0.24336,-0.93006,-1.92941
0.00972,0.99488,0.10058,0.34123,-0.23299,-1.79507
0.12888,0.98873,0.0761,0.21096,4.28477,-1.76023
0.16679,0.98397,-0.06308,-1.44505,1.4644,2.80122
0.15657,0.97821,-0.13633,-1.54851,0.9106,3.18609
0.15296,0.96988,-0.18956,0.23165,0.731,1.11654
0.16064,0.96331,-0.21498,0.50052,0.03879,1.14629
0.18439,0.95822,-0.21864,0.16075,-0.18762,0.91411
0.20555,0.95183,-0.22751,-0.68138,-1.05225,-0.23619
0.2194,0.94433,-0.24516,-0.86911,-1.37527,0.68174
0.22336,0.94078,-0.25503,-1.332,-0.10179,1.01661
0.207,0.94655,-0.24736,-0.80513,-0.67485,0.5036
0.17182,0.9595,-0.22324,-0.48259,-0.89384,0.32914
0.12688,0.97475,-0.1837,-0.39158,-0.78524,0.43565
0.09848,0.987,-0.12701,0.37449,-0.67141,0.64441
0.08816,0.99473,-0.05217,-0.0913,0.63079,-0.00885
0.08012,0.99627,0.03181,-0.27747,1.13581,-0.25826
0.0772,0.98956,0.12168,-0.36841,1.80044,-0.28053
0.05912,0.97865,0.19681,0.55134,2.81789,0.98875
0.01798,0.9643,0.26417,0.54709,1.40128,-0.8299
-0.00877,0.94473,0.32771,0.30929,1.57329,-1.40709
-0.03768,0.92143,0.38669,-0.34344,1.85338,-0.52489
-0.06727,0.89532,0.44029,-0.43599,1.50687,-0.73129
-0.0669,0.86858,0.491,0.072,0.26198,-0.6328
-0.03867,0.8464,0.53113,0.74224,-0.58626,-0.89133
-0.00119,0.83544,0.54956,0.66904,-1.89005,-0.51584
0.03363,0.84073,0.5404,0.55051,-2.22024,-0.49911
0.0569,0.85956,0.50784,0.26973,-2.48421,-0.55366
0.069,0.89042,0.44986,-0.11716,-2.27592,-0.95296
0.06407,0.92187,0.38214,0.00371,-1.49844,-0.89792
0.05022,0.9439,0.32638,0.10597,-0.62684,-0.50126
0.03306,0.94679,0.32013,-0.10008,0.56063,0.45784
0.01522,0.93155,0.36328,-0.03969,0.91403,0.92449
-0.02548,0.915,0.40262,0.31535,1.77375,2.11073
-0.0406,0.91669,0.3975,0.85113,2.61001,-2.33499
-0.05846,0.92174,0.38337,0.6676,-0.49478,-1.40712
-0.09005,0.94062,0.32728,0.27999,-1.67034,-0.0742
-0.09785,0.96534,0.24192,0.18777,-1.37677,-2.28466
-0.03669,0.98963,0.13882,0.49014,-0.5144,-1.60202
0.09022,0.98992,0.10913,0.74182,2.91188,-2.1026
0.16911,0.98523,0.0266,-0.17538,3.67817,-1.06881
0.17217,0.9808,-0.09156,-1.68567,1.03402,3.81433
0.17273,0.97534,-0.13734,-0.44978,1.42464,1.1032
0.17815,0.96848,-0.17408,0.26918,0.49055,1.28734
0.19786,0.9635,-0.18032,0.36601,-0.12815,1.06876
0.22062,0.95919,-0.17683,-0.43122,-0.52813,0.32987
0.24216,0.95234,-0.1855,-0.6855,-1.0938,0.02319
0.25875,0.94607,-0.19494,-1.0185,-1.16668,0.75119
0.25682,0.94653,-0.19523,-1.23691,-0.61297,0.43631
0.22619,0.9584,-0.17405,-0.99609,-0.78645,0.52584
0.17891,0.97341,-0.14305,-0.50865,-0.86454,0.42401
0.14153,0.98423,-0.1061,0.16844,-0.87214,0.4494
0.12712,0.99073,-0.04786,0.24272,-0.85186,0.34105
0.12858,0.99117,0.03234,-0.19585,0.70985,-0.1463
0.13331,0.98398,0.11835,-0.27807,2.9023,-0.16022
0.12252,0.97396,0.19074,0.02102,3.11793,0.47521
0.07648,0.96322,0.25756,1.07555,1.85657,0.49851
0.03111,0.94646,0.3213,0.48273,1.23254,-1.0086
0.01555,0.92752,0.37344,0.32582,1.59348,-1.47748
-0.03652,0.90874,0.41575,-0.70594,1.72304,-0.69908
-0.05781,0.8837,0.46445,-0.5397,0.26116,-0.86298
-0.03691,0.85792,0.51244,0.46087,-0.41461,-1.12538
-0.00723,0.84062,0.54157,1.00956,-1.27696,-0.82154
0.02328,0.84178,0.53931,0.84289,-2.04828,-0.37482
0.03686,0.86093,0.50737,0.68292,-2.5645,-0.31407
0.04569,0.8922,0.44932,0.16879,-2.35635,-0.73931
0.04921,0.92332,0.38085,-0.00943,-1.5343,-0.78664
0.04329,0.94559,0.32245,-0.04404,-0.71845,-0.48513
0.03154,0.94955,0.312,-0.17287,-0.02962,0.34898
0.01446,0.93683,0.34948,-0.04203,0.61142,0.70112
-0.02272,0.91944,0.39256,0.25975,1.14706,1.5115
-0.05495,0.91509,0.39948,0.46314,2.14912,-1.55202
-0.05503,0.92198,0.3833,0.81517,0.91193,-1.94115
-0.06764,0.93347,0.3522,0.15556,-1.25102,-0.52699
-0.07294,0.95821,0.27658,0.0714,-0.96957,-1.75213
-0.04423,0.98597,0.16093,0.38115,-0.68887,-1.84203
0.06306,0.99518,0.07508,0.8631,3.29837,-2.29152
0.16148,0.98573,0.04747,0.55644,3.81241,-1.87731
0.19515,0.97798,-0.07389,-0.40587,2.34265,-0.33163
0.21247,0.96965,-0.1209,-0.7667,1.65242,1.7711
0.21557,0.96304,-0.16149,-0.36015,1.0496,0.99875
0.22721,0.9581,-0.17438,-0.11022,0.30177,1.11468
0.24661,0.95327,-0.17449,-0.31503,-0.42047,0.43027
0.26188,0.94655,-0.18829,-0.61614,-1.03516,-0.02501
0.27528,0.93895,-0.20638,-0.68344,-1.31024,0.49816
0.27888,0.93695,-0.2106,-1.3519,-0.17425,1.04319
0.26005,0.94492,-0.19871,-1.07377,-0.6681,0.56215
0.21878,0.96054,-0.17172,-0.67589,-0.84785,0.43108
0.17396,0.97559,-0.13402,0.06395,-0.76491,0.60213
0.14788,0.98556,-0.08243,0.21431,-0.8697,0.44089
0.13947,0.99018,-0.00892,-0.1905,0.53259,-0.02053
0.14341,0.98709,0.07126,-0.39974,1.23673,-0.14654
0.1447,0.97697,0.15679,-0.31351,3.07728,0.34432
0.10646,0.96683,0.23216,0.70611,1.99681,0.46752
0.05218,0.9574,0.28399,0.63425,1.5597,-0.34942
0.01982,0.93875,0.34403,-0.09179,1.68088,-0.77391
-0.01002,0.91569,0.40174,-0.24505,1.53383,-0.93431
-0.02718,0.89119,0.4528,0.12553,0.65693,-0.82619
-0.02723,0.86655,0.49834,0.63019,-0.24404,-0.80116
-0.01262,0.84914,0.528,1.03981,-1.22831,-0.80142
0.01179,0.84496,0.53469,0.72056,-1.90593,-0.54719
0.03844,0.85678,0.51423,0.33948,-2.55507,-0.49418
0.06322,0.88311,0.46488,0.10359,-2.43743,-0.82309
0.07811,0.91301,0.40038,-0.10245,-1.77655,-0.82759
0.07411,0.93559,0.34522,-0.01896,-0.75652,-0.47161
0.06061,0.94276,0.3279,-0.0022,0.35384,0.43315
0.04224,0.93409,0.35452,0.08712,0.52549,0.61623
0.01543,0.92485,0.37999,0.07665,0.43698,0.9353
-0.01973,0.92622,0.37646,0.91134,2.07192,-1.63673
-0.02418,0.92228,0.38576,0.34629,1.65721,-2.00758
-0.04894,0.92265,0.3825,-0.04336,-1.50892,-0.0077
-0.08612,0.94407,0.31828,0.11325,-1.79437,-2.19064
-0.11567,0.96915,0.21763,0.92006,-0.95014,-1.69053
-0.05193,0.99368,0.09948,1.23234,0.25858,-1.35392
0.06757,0.99573,0.0628,0.16581,3.37948,-1.31629
0.11605,0.99304,-0.01972,-0.88665,1.75806,0.01624
0.12412,0.98738,-0.0983,-0.80338,1.34198,1.14026
0.13574,0.97929,-0.15017,0.13034,0.83197,1.12571
0.14927,0.97216,-0.18057,0.44875,0.39551,1.22864
0.17183,0.96813,-0.18222,0.01844,-0.04389,0.91676
0.19339,0.96383,-0.18337,-0.78807,-0.85108,0.04824
0.21118,0.95802,-0.19388,-0.60475,-1.25601,0.6005
0.22686,0.95257,-0.2028,-1.16415,-0.33626,0.76109
0.2274,0.95169,-0.20632,-1.16501,-0.64172,0.49733
0.20506,0.96076,-0.18675,-0.73384,-0.82568,0.53296
0.16719,0.97359,-0.15547,-0.36305,-0.80751,0.38116
0.1347,0.98403,-0.11632,0.22473,-0.93705,0.42084
0.11815,0.99105,-0.062,0.07624,-0.6754,0.24147
0.1119,0.99365,0.01127,-0.17794,-0.30125,-0.07208
0.11491,0.98806,0.10262,-0.5816,1.30593,-0.14885
0.11777,0.97503,0.18822,-0.58538,4.42497,0.19824
0.08614,0.96138,0.26138,0.41959,2.31594,0.74801
0.01598,0.95099,0.30881,0.89878,1.34859,-0.72235
-0.02491,0.93276,0.35962,0.03037,1.66691,-0.43717
-0.05584,0.90721,0.41695,-0.26961,1.57114,-0.70427
-0.07342,0.8794,0.47037,-0.43171,1.31586,-0.95084
-0.06596,0.85753,0.51018,0.50442,-0.51126,-0.76446
-0.04081,0.84236,0.53735,0.99154,-0.98682,-0.87019
-0.01201,0.83792,0.54565,1.18034,-1.39238,-0.72741
0.01293,0.85041,0.52595,0.71775,-2.53611,-0.38608
0.03445,0.87765,0.47804,0.2566,-2.39953,-0.68555
0.04936,0.91032,0.41094,-0.09265,-1.68437,-0.73783
0.04659,0.93697,0.34627,0.06486,-0.93838,-0.59732
0.0315,0.95051,0.30909,0.10072,-0.3483,-0.12981
0.00862,0.94735,0.32007,0.16673,0.33148,0.3791
-0.01586,0.93681,0.34945,0.15323,0.27357,0.60178
-0.04546,0.9313,0.3614,0.13019,0.07136,0.89846
-0.05346,0.9411,0.33387,0.91119,5.5533,-0.23005
-0.04941,0.9356,0.34956,-0.22113,-0.35981,-1.3296
-0.07314,0.94198,0.32759,-0.20617,-1.30369,-0.137
-0.10357,0.96234,0.25134,0.23282,-1.74147,-1.48834
-0.11706,0.9807,0.15661,0.62483,-1.35191,-1.28977
-0.03397,0.99466,0.09742,0.83983,1.46759,-1.54464
0.09846,0.99345,0.05789,-0.15002,2.61684,-0.88215
0.12189,0.99018,-0.06845,-1.4435,0.83477,3.98297
0.12082,0.98314,-0.13723,-0.84361,1.24179,2.75991
0.12413,0.97616,-0.17801,0.46603,0.3299,0.99968
0.13796,0.97185,-0.19096,0.41127,-0.08365,0.72792
0.16279,0.96909,-0.18538,-0.30282,-0.66444,0.13298
0.19152,0.9624,-0.1926,-0.88616,-1.12174,0.44167
0.21511,0.95519,-0.20333,-1.37459,-0.53772,0.74503
0.21873,0.95282,-0.21042,-1.39526,-0.31093,0.57132
0.19647,0.95992,-0.19987,-0.80489,-0.77761,0.56628
0.15113,0.9737,-0.17047,-0.4548,-0.70948,0.61556
0.1091,0.98546,-0.1302,0.19603,-0.82226,0.46822
0.08692,0.99349,-0.07357,0.0749,-0.47959,-0.17515
0.07725,0.997,0.00339,-0.2035,0.60335,-0.0212
0.07245,0.99399,0.08205,-0.32897,2.38522,0.07617
0.06335,0.98486,0.16131,0.15163,2.7197,1.20702
0.02726,0.97185,0.23401,0.73415,1.69409,0.50881
-0.019,0.95571,0.29368,0.56593,1.32006,-0.77395
-0.04071,0.93474,0.35297,-0.02748,1.95741,-0.72545
-0.06842,0.90989,0.40915,-0.48329,1.58167,-0.9563
-0.0752,0.87791,0.47287,-0.39257,0.9869,-0.862
-0.05643,0.84885,0.5256,0.49861,-0.18482,-0.89601
-0.02246,0.82814,0.56007,1.06822,-1.10967,-0.78562
0.01645,0.82687,0.56214,0.85818,-2.02145,-0.36232
0.04276,0.84395,0.5347,0.55147,-2.61266,-0.38109
0.05344,0.8744,0.48225,0.02389,-2.28329,-0.86398
0.05798,0.90969,0.41122,-0.11695,-1.67362,-0.94939
0.04893,0.93615,0.34818,-0.09695,-0.69994,-0.56441
0.03317,0.94616,0.32198,-0.16466,0.01972,0.31274
0.01512,0.93573,0.35239,-0.09224,0.78317,0.67046
-0.01193,0.9207,0.39009,-0.04542,0.50409,1.08257
-0.05166,0.92359,0.37987,1.30092,1.69433,-1.37793
-0.02859,0.92426,0.38069,1.83563,3.18826,-0.09666
-0.03903,0.92967,0.3663,0.49079,0.98189,-1.25058
-0.06759,0.9492,0.30731,-0.08186,-1.15205,-1.24192
-0.08073,0.97194,0.22091,0.2299,-1.1464,-1.94772
-0.02177,0.99108,0.13145,0.4781,2.60493,-1.90568
0.10342,0.98928,0.10309,0.38692,4.13429,-2.19499
0.16187,0.98659,-0.02063,-1.61227,0.74151,3.60182
0.15844,0.98198,-0.10301,-0.18363,1.37613,1.13431
0.1587,0.97426,-0.1601,0.17714,1.00821,1.09057
0.17332,0.96656,-0.18899,0.62937,0.17353,1.1986
0.20002,0.96081,-0.19192,-0.70435,-0.47488,0.08211
0.22658,0.95448,-0.19396,-0.87587,-0.79985,-0.18736
0.24443,0.9476,-0.20569,-1.03485,-0.98225,0.91417
0.25032,0.94492,-0.21086,-1.35086,-0.42148,0.52125
0.23191,0.95109,-0.20407,-0.9462,-0.74319,0.66403
0.18511,0.96714,-0.17425,-0.52152,-0.77877,0.57839
0.13879,0.98102,-0.13539,0.15001,-0.86586,0.38313
0.11609,0.98959,-0.08503,0.18556,-0.63641,-0.02338
0.10766,0.99408,-0.01435,0.0232,-0.13107,-0.31553
0.10654,0.99221,0.06455,-0.60633,2.09285,-0.15759
0.10574,0.98371,0.14536,-0.09674,2.9143,0.96023
0.08143,0.9716,0.22217,0.66694,1.86007,0.69186
0.03368,0.95816,0.28421,0.6995,1.36363,-0.43788
-0.00558,0.94215,0.33514,0.46499,1.46006,-0.95234
-0.02874,0.92239,0.38517,-0.38072,1.68006,-0.36253
-0.05794,0.8987,0.43471,-0.45692,0.66229,-0.58019
-0.06319,0.87608,0.478,0.22129,-0.13568,-0.86313
-0.04619,0.8593,0.50936,1.01035,-1.15679,-0.92988
-0.01507,0.85319,0.52137,0.90385,-1.86555,-0.33084
0.01306,0.86381,0.50364,0.60171,-2.46087,-0.23719
0.03181,0.88811,0.45852,0.16256,-2.28642,-0.72454
0.04794,0.91755,0.39471,0.01068,-2.08373,-0.88049
0.05154,0.94117,0.33395,0.05777,-0.62355,-0.47865
0.03992,0.95593,0.29085,0.06939,-0.6383,-0.43555
0.01516,0.9551,0.29588,0.01238,0.3359,0.46082
-0.01145,0.94216,0.33494,0.04215,0.42897,0.86736
-0.04541,0.93624,0.34841,0.29898,0.35373,-0.04859
-0.04478,0.9489,0.31235,1.16595,2.67411,-0.93398
-0.04767,0.95395,0.29614,0.07718,0.18016,-1.38854
-0.07226,0.96518,0.25138,-0.16094,-1.09623,-0.58701
-0.08787,0.98117,0.17197,0.1102,-1.16882,-1.41346
-0.05268,0.99625,0.0685,0.66489,-0.26313,-1.79622
0.05507,0.99831,0.01847,0.62699,3.14477,-2.12182
0.1258,0.99064,-0.05286,-0.45463,2.20275,-0.23972
0.12325,0.98033,-0.15413,-1.05677,1.20839,2.6638
0.13276,0.96949,-0.20607,0.06246,1.57421,1.5941
0.14535,0.9609,-0.23568,0.52489,0.56906,1.2508
0.16718,0.957,-0.23704,-0.16816,-0.1996,0.58025
0.19384,0.95256,-0.23461,-0.79324,-0.84026,0.00193
0.21975,0.94628,-0.23719,-0.97956,-1.12179,0.71299
0.23842,0.94046,-0.24224,-1.28444,-0.55123,0.73782
0.23606,0.9421,-0.23813,-1.36859,-0.66085,0.56461
0.20985,0.95397,-0.21423,-0.57392,-0.8291,0.56266
0.17088,0.96809,-0.18327,-0.3878,-0.74966,0.44413
0.13619,0.97999,-0.14512,0.12471,-0.80255,0.08317
0.1133,0.98982,-0.08614,-0.16996,0.47153,0.18043
0.09502,0.99521,-0.0229,-0.28437,1.02093,0.21164
0.08028,0.99527,0.05458,-0.3036,2.1837,0.53334
0.06085,0.9896,0.13035,0.61332,2.12352,0.7788
0.02445,0.9804,0.19548,0.64298,1.47662,0.36145
-0.00172,0.96551,0.26033,0.49429,1.19614,-1.12494
-0.01483,0.95152,0.30722,-0.61288,2.13111,0.09314
-0.05878,0.931,0.36024,-0.46669,1.1012,-0.59477
-0.0767,0.90638,0.41543,-0.06837,0.70908,-0.65354
-0.06661,0.88153,0.46739,0.8605,-0.11423,-1.20762
-0.03948,0.86157,0.50608,1.18497,-1.28005,-0.94493
-0.00308,0.85846,0.51286,0.70924,-2.6612,-0.55938
0.02547,0.87145,0.48982,0.31886,-2.73119,-0.79547
0.04355,0.90108,0.43145,0.02971,-1.66966,-1.07122
0.05614,0.93004,0.36314,-0.04918,-1.00104,-0.83685
0.05651,0.94708,0.31597,-0.20292,-0.19087,0.21147
0.04258,0.94761,0.31657,-0.28719,0.40409,0.77284
0.02661,0.93828,0.34485,0.05696,0.62422,0.85678
0.00635,0.93135,0.36405,0.20292,0.41476,0.74833
-0.03007,0.93,0.36632,0.68446,1.12295,-2.26596
-0.02598,0.92813,0.37133,1.36857,2.446,-0.93694
-0.04728,0.93648,0.3475,-0.03475,-1.19602,-0.19441
-0.08717,0.95766,0.27439,0.14959,-1.42126,-1.83143
-0.09858,0.97869,0.18014,0.69094,-0.92745,-1.70845
-0.01712,0.99579,0.09002,1.11068,1.76365,-1.44794
0.10785,0.99249,0.05772,0.39933,4.17698,-1.67603
0.14289,0.98799,-0.05881,-1.78224,1.31839,2.24971
0.14586,0.98065,-0.13055,-1.1367,1.3528,1.38311
0.15449,0.97101,-0.18238,0.08797,1.0428,1.38512
0.16919,0.96328,-0.20847,0.29242,0.17254,1.27925
0.19691,0.95808,-0.20811,-0.34814,-0.27197,0.47787
0.22077,0.95265,-0.20906,-0.68174,-1.11478,-0.11845
0.23851,0.94632,-0.21816,-0.80628,-1.39276,0.56584
0.24511,0.94508,-0.21618,-1.51344,-0.32686,0.82171
0.22614,0.95493,-0.19224,-0.70405,-0.90931,0.39398
0.18713,0.96893,-0.1617,-0.50157,-0.9236,0.20134
0.14447,0.98151,-0.12553,-0.33018,-0.82447,0.28158
0.12149,0.98985,-0.07374,0.37457,-0.70339,0.73693
0.1087,0.99405,-0.00668,-0.20843,-0.02068,0.24333
0.10042,0.99179,0.07913,-0.70938,1.2937,-0.37286
0.09913,0.98032,0.17069,-1.00109,3.71739,0.02906
0.09127,0.96435,0.24837,-0.54758,3.43364,0.75383
0.03237,0.94956,0.31189,0.44967,1.66265,-0.4488
-0.02487,0.93064,0.36507,-0.02993,1.71126,-0.35984
-0.06013,0.90382,0.42365,-0.15165,1.92712,-0.44527
-0.08796,0.87795,0.4706,-0.11808,0.88554,-1.02287
-0.08346,0.8524,0.51618,0.40223,-0.12802,-0.95652
-0.06219,0.83192,0.55139,1.46224,-1.19618,-0.85081
-0.03098,0.82408,0.56561,1.17448,-1.88278,-0.48339
-0.00207,0.83421,0.55144,0.62037,-2.47445,-0.5415
0.01793,0.86072,0.50876,0.07202,-2.26714,-0.98175
0.03088,0.89562,0.44374,0.09784,-1.56151,-0.85833
0.02346,0.92586,0.37713,0.26757,-0.7479,-0.61695
0.00402,0.94481,0.32759,0.29364,-0.49844,-0.35184
-0.0161,0.94541,0.32547,0.08412,0.46586,0.48177
-0.03905,0.93161,0.36134,-0.02593,0.8708,1.25162
-0.08307,0.92404,0.37316,-0.00068,2.42513,-1.2344
-0.09628,0.93717,0.33533,0.60273,0.68805,-1.87067
-0.12367,0.94101,0.31497,0.75275,-1.13784,0.44525
-0.15072,0.95426,0.25819,0.45043,-1.40984,-1.73771
-0.1412,0.97575,0.16722,0.7587,-1.12805,-1.8556
-0.05432,0.99657,0.06232,0.9362,1.54006,-1.69326
0.07146,0.99682,0.0351,0.43208,4.06224,-1.75275
0.12694,0.98947,-0.06942,-0.65053,3.0233,-0.50578
0.12356,0.98079,-0.15094,-1.12394,1.38913,1.3662
0.12929,0.9707,-0.20254,-0.35766,1.45122,1.22981
0.14066,0.96449,-0.22354,0.30119,0.24228,1.0852
0.1593,0.96199,-0.22178,-0.49905,-0.96341,0.26864
0.18361,0.95722,-0.22363,-0.42372,-1.24604,0.12954
0.20458,0.95181,-0.22848,-0.85901,-1.22315,0.66288
0.21092,0.94955,-0.23208,-1.42639,-0.49827,0.75863
0.19514,0.95572,-0.22027,-1.08298,-0.79716,0.65999
0.16135,0.96774,-0.1935,-0.5694,-0.94952,0.44029
0.12112,0.97906,-0.16362,-0.04104,-0.77746,0.37814
0.09305,0.98868,-0.1177,0.26593,-0.78316,0.53326
0.07711,0.99561,-0.05293,-0.11254,0.01943,0.0739
0.06986,0.99727,0.0236,-0.66952,1.17506,-0.01771
0.06507,0.99186,0.10937,-0.64643,2.8851,0.48075
0.03957,0.98151,0.18727,0.391,2.86385,1.04442
-0.00986,0.96922,0.24597,0.78386,1.69067,-0.01518
-0.05455,0.95218,0.30062,0.51956,1.78955,-1.51127
-0.0789,0.92306,0.37647,0.01939,1.95126,-0.74059
-0.09567,0.88845,0.44889,-0.10888,0.93722,-0.63021
-0.08605,0.85588,0.50996,0.23672,0.06911,-0.81927
-0.05507,0.83144,0.55288,1.0857,-1.11218,-0.70232
-0.02342,0.82266,0.56804,0.99635,-1.49109,-0.51987
0.00281,0.83269,0.55373,0.45712,-2.2832,-0.47718
0.01795,0.85828,0.51286,0.03326,-2.33801,-0.87796
0.03344,0.89317,0.44846,-0.00938,-1.80923,-0.9357
0.04102,0.92168,0.38576,0.04342,-0.78209,-0.62375
0.0311,0.93935,0.34152,0.09133,-0.22662,0.2473
0.00605,0.94076,0.33899,0.17192,0.62481,0.37101
-0.01847,0.92995,0.36721,0.12046,0.71347,0.77099
-0.04855,0.91974,0.3895,0.15487,0.66927,0.1026
-0.06947,0.92764,0.36694,1.18675,2.27869,-1.45805
-0.06862,0.9293,0.36286,0.38739,-0.37173,-0.61647
-0.09085,0.93562,0.34109,0.27403,-1.29965,-0.70651
-0.10609,0.95794,0.26662,0.41508,-1.12977,-2.06221
-0.08086,0.98215,0.16983,0.80758,-0.32483,-1.31529
0.02318,0.99519,0.09509,0.80076,2.8618,-1.68706
0.13807,0.98985,0.03362,-0.70847,3.73714,-1.20485
0.14841,0.98478,-0.09039,-2.36565,1.12781,2.90429
0.14381,0.97801,-0.15101,-0.86365,1.11437,0.7867
0.14621,0.96888,-0.19972,0.35516,0.51663,1.58337
0.16143,0.9624,-0.21845,0.36133,-0.04121,0.96898
0.19262,0.95789,-0.21292,-0.20762,-0.50393,0.08923
0.21799,0.95166,-0.21638,-0.51026,-1.31785,0.06073
0.23628,0.94477,-0.22709,-1.10272,-0.74756,0.57567
0.23926,0.94387,-0.22771,-1.46187,-0.50535,0.81882
0.21628,0.95531,-0.20151,-0.74315,-0.95703,0.47562
0.16966,0.97145,-0.1658,-0.52214,-0.94545,0.29179
0.12396,0.98421,-0.12634,-0.12524,-0.9062,0.25576
0.10285,0.99225,-0.06962,0.15319,-0.39188,0.4819
0.09448,0.9955,0.00681,-0.12681,0.18993,0.21743
0.09668,0.991,0.09255,-0.39321,0.83055,0.0171
0.09945,0.97757,0.18559,-0.13426,3.25207,1.02324
0.06668,0.96382,0.25805,0.16006,2.29881,0.59179
0.00328,0.95099,0.30917,0.45654,1.78999,-0.22573
-0.0393,0.9301,0.36517,-0.0452,1.57026,-0.55236
-0.07063,0.90591,0.41751,-0.00696,1.39217,-0.84582
-0.07637,0.88185,0.46528,0.04841,0.9326,-1.02983
-0.05249,0.8577,0.51145,1.0237,-0.86629,-0.80439
-0.02323,0.84229,0.53851,1.22158,-1.30786,-0.81743
0.00871,0.84221,0.53907,0.89942,-2.09695,-0.546
0.03843,0.85706,0.51377,0.3436,-2.38193,-0.47338
0.06056,0.88646,0.4588,-0.10583,-2.16215,-0.82707
0.07258,0.91847,0.38876,-0.107,-0.92918,-0.61473
0.06712,0.94134,0.33071,-0.03726,-0.50161,-0.40121
0.04615,0.95028,0.30794,-0.07579,0.0942,0.19356
0.01656,0.93795,0.34634,0.03985,0.80725,0.92409
-0.03002,0.92091,0.3886,0.43841,0.7381,-0.10406
-0.06806,0.92951,0.36245,0.74578,1.14398,-1.62088
-0.06935,0.93749,0.34101,0.52205,-0.49923,-0.31675
-0.09097,0.94615,0.31067,0.18487,-1.0468,-1.31451
-0.09455,0.96431,0.24729,0.1197,-1.15746,-2.06072
-0.04831,0.98571,0.16135,0.77413,0.6435,-1.99199
0.06007,0.99333,0.09842,0.50149,4.00939,-1.73573
0.1525,0.9879,0.02801,-0.13036,3.64795,-0.52162
0.15459,0.98543,-0.0709,-1.29634,1.11096,1.16469
0.15692,0.97699,-0.14442,0.22068,0.98372,1.06854
0.16439,0.96852,-0.1869,0.66246,0.67596,1.28486
0.18845,0.96126,-0.20116,-0.17847,0.04294,0.90477
0.21687,0.9545,-0.20468,-0.86324,-0.55879,0.21802
0.24326,0.94771,-0.20654,-0.70138,-1.23775,0.56674
0.26084,0.94217,-0.2104,-1.3115,-0.54144,0.59795
0.25815,0.9441,-0.20502,-1.40806,-0.63379,0.58694
0.22437,0.95776,-0.17984,-0.85099,-0.9147,0.50194
0.17254,0.97415,-0.14581,-0.37391,-0.83523,0.37056
0.13449,0.98551,-0.10328,0.30696,-0.90226,0.46948
0.1185,0.9918,-0.04785,0.12358,-0.60398,0.34474
0.11356,0.99302,0.03178,-0.43925,0.44223,0.1254
0.11588,0.98619,0.11824,-0.96557,2.5973,-0.57704
0.11695,0.97282,0.1998,-0.90315,3.2343,-0.15299
0.07738,0.9594,0.27119,0.52674,1.99813,0.40412
0.0224,0.9455,0.32484,0.50775,1.56024,-0.62341
-0.01199,0.92556,0.37838,0.21286,1.71274,-1.0074
-0.04724,0.90492,0.42293,-0.17392,1.6348,-0.70925
-0.06611,0.88535,0.46019,-0.08051,0.35476,-0.82583
-0.05427,0.86639,0.49639,0.64846,-0.58165,-0.82697
-0.03369,0.85521,0.51717,1.02899,-0.96373,-0.81919
-0.01379,0.85941,0.51108,1.00223,-2.32771,-0.29368
0.00347,0.87978,0.47535,0.41974,-2.46398,-0.45172
0.02448,0.91128,0.41104,0.19616,-2.4638,-0.6636
0.04216,0.94,0.33854,0.17845,-1.01904,-0.80003
0.04661,0.95906,0.27932,0.2064,-0.59117,-0.61695
0.03471,0.96426,0.26264,0.14053,-0.19212,-0.21714
0.01235,0.95287,0.30311,-0.01703,0.83206,0.9887
-0.0167,0.94113,0.33761,-0.13906,0.51483,1.04608
-0.0544,0.94464,0.32355,-0.20669,-0.02784,0.97396
-0.04786,0.94897,0.31169,0.70895,2.18017,-1.77846
-0.06305,0.94827,0.31112,0.19919,-0.29092,-0.9782
-0.08384,0.9614,0.26204,0.13438,-1.62087,-1.50084
-0.10007,0.97925,0.17621,0.69867,-1.18583,-1.50875
-0.05259,0.99557,0.07789,0.98685,-0.19527,-1.41177
0.07833,0.99619,0.0381,0.90742,1.51366,-1.60073
0.15581,0.98632,-0.0537,-0.48053,2.88572,-0.68008
0.14363,0.97736,-0.15532,-1.90996,1.04016,3.64597
0.15078,0.96625,-0.20886,-1.0671,1.29533,1.81431
0.15716,0.95745,-0.24202,0.4756,-0.13424,1.13718
0.18741,0.95178,-0.24285,0.21982,-0.35342,0.5908
0.21227,0.94755,-0.23892,-0.6214,-1.19372,0.15912
0.23338,0.94024,-0.24793,-1.10583,-0.93971,0.56761
0.24049,0.93663,-0.25472,-1.38792,-0.34517,0.76007
0.22437,0.94347,-0.24394,-0.90476,-0.81443,0.71759
0.18315,0.95951,-0.21399,-0.63048,-0.92539,0.47768
0.13622,0.97443,-0.17868,-0.21696,-0.75786,0.45462
0.10813,0.98589,-0.12773,0.29897,-0.66689,0.62094
0.09565,0.9938,-0.05653,-0.12345,0.25672,-0.01734
0.0931,0.99516,0.03127,-0.36312,0.81725,-0.09366
0.09328,0.98827,0.12088,-0.38831,3.29765,0.77816
0.07311,0.97723,0.19915,0.51251,2.26459,0.92781
0.02315,0.96449,0.26309,0.81394,1.67518,0.24076
-0.0207,0.94819,0.317,-0.04352,1.87117,-0.8486
-0.06207,0.925,0.37484,-0.17622,2.004,-0.53767
-0.08508,0.89824,0.43117,-0.30176,1.07387,-1.01479
-0.08067,0.874,0.47916,0.63272,-0.33749,-0.82206
-0.0577,0.85678,0.51242,1.05858,-1.17273,-0.81183
-0.02896,0.85262,0.52171,0.86614,-1.93914,-0.50362
-0.00452,0.86468,0.50228,0.5951,-2.40083,-0.41062
0.01067,0.89041,0.45502,0.1314,-2.36128,-0.65101
0.02093,0.92519,0.37891,-0.00732,-1.90813,-0.87253
0.02213,0.95213,0.30488,0.08917,-0.93749,-0.69291
0.01628,0.9654,0.26025,-0.01381,-0.03505,-0.13635
-0.00403,0.96226,0.27207,-0.09045,0.90561,0.44567
-0.02974,0.94519,0.32513,0.1263,1.01023,1.29891
-0.06759,0.93602,0.34536,0.38102,0.88728,0.27539
-0.07195,0.9459,0.31636,0.71555,1.35952,-2.02519
-0.08046,0.9527,0.29304,0.55688,-0.72103,-0.72204
-0.10075,0.96613,0.23753,0.19398,-1.35468,-1.0159
-0.09975,0.98382,0.14878,0.33772,-1.22646,-1.93928
-0.02764,0.99856,0.04589,0.69643,0.47953,-1.96133
0.09524,0.99538,0.01124,0.47679,4.11027,-2.47384
0.15058,0.98405,-0.09471,-1.3975,2.45237,1.8461
0.14091,0.97444,-0.17496,-1.28201,1.19514,1.82248
0.13941,0.96348,-0.22862,0.08838,1.00555,1.42812
0.15329,0.95443,-0.25605,0.54358,0.13797,1.15431
0.17999,0.94991,-0.25546,-0.18713,-0.31368,0.39645
0.20327,0.9433,-0.2624,-0.58512,-1.07161,0.08042
0.22087,0.9359,-0.27441,-0.88887,-1.30449,0.66972
0.22785,0.93304,-0.27841,-1.33919,-0.24653,0.89757
0.21359,0.94022,-0.26525,-0.73538,-0.888,0.54313
0.17504,0.95617,-0.2347,-0.5503,-0.92832,0.46298
0.13569,0.97073,-0.19814,-0.3415,-0.85022,0.46059
0.11377,0.98251,-0.14739,0.23533,-0.63755,0.35067
0.10208,0.99199,-0.07437,0.03119,-0.25041,-0.09392
0.09381,0.99555,0.0085,-0.42351,0.97811,0.0402
0.0819,0.99209,0.09507,-0.41232,3.22131,0.20584
0.05668,0.98402,0.16875,0.59026,2.32425,1.12584
0.01566,0.97173,0.23555,1.06866,1.53209,0.24133
-0.00282,0.95284,0.30343,0.53444,1.28138,-1.07101
-0.01038,0.93162,0.36325,-0.246,2.03128,-0.53238
-0.05241,0.91155,0.40783,-0.59515,1.44952,-0.67162
-0.0578,0.8885,0.4552,-0.21373,0.34371,-0.68999
-0.03824,0.86843,0.49433,0.68588,-0.39791,-0.96273
-0.01013,0.85655,0.51595,0.92255,-1.23341,-0.75113
0.016,0.86037,0.5094,0.67321,-2.13215,-0.32397
0.03452,0.87844,0.47659,0.3675,-2.56772,-0.41194
0.04371,0.91002,0.41223,-0.18832,-2.34879,-0.87209
0.03465,0.94189,0.3341,-0.28128,-1.57184,-0.83331
0.01795,0.96216,0.27187,-0.26458,-1.5921,-0.77108
-0.00284,0.96199,0.27303,0.05457,0.82035,0.41081
-0.02175,0.94724,0.31977,0.11105,0.87189,0.74868
-0.05239,0.93775,0.34332,0.17096,0.587,0.99381
-0.08617,0.94233,0.32338,1.47044,1.3052,-1.39016
-0.06554,0.9456,0.31864,0.49916,0.70546,-1.58443
-0.08536,0.95516,0.28349,-0.17722,-1.03542,-0.66239
-0.10673,0.97256,0.20671,0.03328,-1.10174,-1.70177
-0.08345,0.99187,0.09596,0.57926,-0.57641,-1.49266
0.02874,0.99951,0.01176,0.61113,3.02226,-2.05863
0.13249,0.99036,-0.04033,0.57394,4.35486,-2.02358
0.13305,0.97791,-0.16118,-1.65196,1.11578,3.45179
0.14004,0.96638,-0.21561,-0.16423,1.42319,1.46373
0.14949,0.95561,-0.25389,0.53226,0.66549,1.39176
0.17522,0.951,-0.25475,0.14714,-0.13344,0.83739
0.20508,0.94878,-0.2403,-0.66598,-0.70959,0.05301
0.2341,0.94251,-0.23846,-0.81466,-1.32421,0.50492
0.25616,0.93635,-0.24003,-1.47887,-0.71052,0.33491
0.25333,0.93676,-0.24145,-1.53369,-0.63018,0.51829
0.22023,0.95018,-0.22054,-0.88495,-0.95137,0.70063
0.17243,0.9659,-0.19312,-0.51679,-0.84269,0.31058
0.13109,0.97926,-0.15445,0.17871,-0.77723,0.33055
0.11088,0.98951,-0.0925,0.14718,-0.31202,-0.06001
0.09836,0.99485,-0.02432,-0.07024,0.87539,0.3178
0.08757,0.99439,0.05917,-0.31021,1.6701,0.40361
0.07531,0.98715,0.14085,0.21459,3.21208,1.09496
0.04733,0.97727,0.20663,0.66913,1.67087,-0.4358
0.01692,0.96511,0.26127,0.37972,1.71056,-1.34753
-0.01364,0.94619,0.32331,-0.02137,1.93946,-1.39718
-0.04199,0.9227,0.3832,-0.25604,0.7275,-0.8315
-0.03955,0.89575,0.44278,-0.25848,0.75446,-0.89108
-0.0175,0.86977,0.49314,0.61721,-0.27713,-1.06221
0.01546,0.85393,0.52014,0.93009,-1.8817,-0.40774
0.0454,0.85597,0.51502,0.90016,-1.88374,-0.40262
0.06409,0.87413,0.48143,0.42915,-2.58507,-0.55345
0.07944,0.90201,0.42432,-0.20158,-2.09435,-0.96954
0.08337,0.92731,0.36488,-0.18025,-1.35576,-0.72687
0.07139,0.94167,0.32887,0.04389,-0.66754,-0.19567
0.05645,0.94078,0.33425,0.16458,0.31955,0.36956
0.03736,0.92964,0.36654,0.14839,0.55073,0.50411
0.00533,0.91497,0.40346,0.18738,0.5387,0.83255
-0.01833,0.91922,0.3933,1.35274,2.13399,-1.34572
-0.02135,0.92072,0.38963,0.40291,-0.5181,-0.93994
-0.03852,0.93317,0.35735,0.25994,-1.12989,0.3069
-0.06383,0.9568,0.28365,0.03148,-1.11382,-2.24545
-0.04909,0.98284,0.17777,0.30041,-0.84605,-1.80349
0.05135,0.99438,0.09248,0.69741,2.91957,-1.99661
0.16489,0.98536,0.04324,-0.24672,3.77331,-0.84522
0.17696,0.98037,-0.08689,-1.94293,1.12514,3.55161
0.17547,0.97322,-0.14847,-0.58311,1.32219,0.92839
0.17692,0.96393,-0.19885,0.41001,0.35001,1.42523
0.19381,0.95625,-0.21912,0.2826,-0.17187,0.8886
0.22191,0.94806,-0.22787,-0.38167,-0.62737,0.26264
0.24811,0.93824,-0.24111,-0.49866,-1.20873,0.12367
0.26863,0.92884,-0.25514,-0.99041,-0.76828,0.97675
0.27434,0.92759,-0.25358,-1.46052,-0.33866,0.81617
0.2509,0.94067,-0.22842,-0.91637,-0.85287,0.54123
0.20753,0.95853,-0.19528,-0.69259,-0.91871,0.43211
0.17013,0.97328,-0.15421,0.11182,-0.91813,0.35007
0.14941,0.98385,-0.09853,-0.08092,-0.52223,-0.20334
0.13483,0.99052,-0.02589,-0.53368,0.68187,0.13168
0.11711,0.992,0.04694,-0.61373,2.2003,0.30898
0.09124,0.98795,0.12494,0.11682,2.76363,0.96203
0.06682,0.97804,0.19738,0.64471,2.72228,0.78515
0.03245,0.96472,0.26127,1.00062,1.4108,-0.43638
0.01173,0.94844,0.31672,0.13788,1.68608,-1.57647
-0.02543,0.92774,0.37233,-0.61214,1.76891,-0.38106
-0.05103,0.9022,0.42828,-0.48508,0.52058,-0.73335
-0.03857,0.87689,0.47913,0.20672,-0.16668,-0.9536
-0.01071,0.85812,0.51332,1.00569,-1.08494,-0.86961
0.02212,0.85562,0.51712,0.91556,-2.13978,-0.52353
0.04583,0.86956,0.49168,0.29229,-2.61109,-0.67571
0.05913,0.89727,0.43748,-0.01462,-2.43055,-0.89173
0.0602,0.92795,0.36779,-0.0599,-2.15453,-0.98211
0.04441,0.95082,0.30652,0.07516,-0.39446,-0.06174
0.02058,0.9547,0.29684,-0.05697,0.13849,0.41645
0.00172,0.94334,0.33181,-0.01724,0.64899,0.48174
-0.02088,0.93535,0.35309,0.05471,0.38655,0.96875
-0.05417,0.93454,0.35168,0.33253,0.57032,-0.30633
-0.04067,0.93763,0.34523,0.83348,1.57415,-1.99721
-0.0545,0.94524,0.32178,-0.00741,-1.14554,-0.0835
-0.07866,0.96292,0.25805,-0.02912,-1.33967,-0.93188
-0.07946,0.98244,0.16877,0.51939,-0.70067,-1.69623
0.00798,0.99649,0.08333,0.7151,2.48627,-2.16139
0.13452,0.98946,0.05342,0.19779,3.69324,-1.13987
0.16676,0.98126,-0.09645,-1.61746,1.0713,3.93113
0.16044,0.97219,-0.17057,-1.23358,1.07873,2.52981
0.16502,0.96164,-0.21909,0.0962,1.38824,1.36706
0.18148,0.95508,-0.23424,0.32195,-0.03902,0.76246
0.20903,0.95017,-0.23126,-0.11956,-0.34543,0.25949
0.23662,0.9431,-0.23359,-0.76629,-0.86208,0.14106
0.26029,0.93532,-0.23963,-1.40941,-0.8477,0.55503
0.26211,0.93447,-0.24094,-1.40526,-0.51038,0.72367
0.23801,0.94636,-0.21853,-0.85341,-0.79036,0.69748
0.19769,0.96245,-0.18602,-0.42873,-0.78089,0.36688
0.15849,0.97666,-0.14496,0.30504,-0.89784,0.34971
0.14077,0.98587,-0.09072,0.45276,-0.73902,0.70673
0.13645,0.99042,-0.02113,-0.01391,-0.13777,0.30323
0.13745,0.98813,0.06853,-0.63219,1.14162,-0.36607
0.13806,0.97783,0.15741,-0.6546,3.80523,0.1773
0.11488,0.96738,0.22576,0.46967,2.81164,1.03729
0.05949,0.95704,0.28378,0.75146,1.58111,-0.56234
0.0157,0.94211,0.33491,0.08519,1.5998,-0.46563
-0.02835,0.92507,0.37873,-0.30805,1.67033,-0.76715
-0.05937,0.90618,0.41869,-0.26074,0.73512,-1.01425
-0.05117,0.88443,0.46386,-0.26569,0.14179,-0.92559
-0.02755,0.86724,0.49712,1.10639,-1.1058,-0.85919
-0.00249,0.86391,0.50363,1.15369,-1.91005,-0.52256
0.02224,0.87611,0.48157,0.94223,-2.28775,-0.36097
0.04679,0.90215,0.42885,0.12663,-2.51521,-0.96453
0.0622,0.933,0.35444,-0.09728,-1.88869,-0.92617
0.05649,0.95729,0.28355,0.05138,-0.77815,-0.63836
0.03935,0.96974,0.24093,-0.13955,-0.1938,0.1755
0.01287,0.96265,0.27043,-0.18147,0.74437,0.58258
-0.01587,0.95041,0.31058,-0.16016,0.67674,1.10309
-0.0564,0.95107,0.30377,-0.14696,-0.20775,-0.1818
-0.09025,0.96311,0.25349,0.80976,-0.23174,-2.11517
-0.03972,0.95647,0.2891,2.01085,3.36973,1.01817
-0.02226,0.967,0.25378,-0.04886,0.02118,-0.75841
-0.02639,0.9822,0.18594,-0.20101,-1.07881,-0.8944
-0.02239,0.99329,0.11338,0.24064,-1.23171,-1.41152
0.06183,0.99531,0.07435,0.50102,1.63965,-2.21537
0.16462,0.98608,0.02313,-0.31669,2.81856,-0.55683
0.17284,0.97309,-0.15236,-1.07597,1.9466,1.97087
0.1727,0.96359,-0.20413,0.03203,1.48629,1.34504
0.17814,0.95391,-0.24149,0.62994,0.21116,1.05074
0.20387,0.94695,-0.24841,0.09918,-0.66928,0.1211
0.23116,0.94041,-0.24939,-0.56806,-0.93769,0.13339
0.25524,0.93025,-0.26361,-1.23603,-1.05374,0.81797
0.26639,0.92471,-0.27193,-1.52732,-0.14082,1.02756
0.2565,0.92865,-0.26796,-1.36818,-0.49851,0.77006
0.22731,0.94187,-0.2474,-0.54255,-0.94935,0.34977
0.18573,0.9572,-0.22194,-0.40647,-0.89594,0.34778
0.14901,0.97152,-0.1842,0.33421,-0.87044,0.62942
0.1311,0.9832,-0.12699,0.06446,-0.29883,0.26673
0.12402,0.9911,-0.0483,-0.43462,0.81891,0.13283
0.11557,0.99262,0.0367,-0.73564,2.73373,-0.1024
0.102,0.98818,0.11438,-0.34887,3.29017,0.62394
0.07032,0.98052,0.18335,0.91616,1.81319,0.54171
0.02516,0.97163,0.23514,0.58867,1.58301,-1.02464
-0.01482,0.95762,0.28762,-0.19868,1.96056,-0.6937
-0.0685,0.93645,0.34403,-0.27612,1.13347,-0.5438
-0.09494,0.9126,0.39766,-0.12129,0.00055,-0.67827
-0.08565,0.89065,0.44653,0.68091,-0.64255,-0.83088
-0.06253,0.87631,0.47766,0.96597,-1.43762,-0.83005
-0.03023,0.87568,0.48194,0.80484,-2.20392,-0.4653
-0.00071,0.89038,0.4552,0.44459,-2.57065,-0.65513
0.02216,0.91708,0.39807,0.13667,-2.3377,-1.06526
0.03088,0.94444,0.3272,0.17865,-1.54387,-0.88846
0.02574,0.96447,0.26289,0.14237,-0.42691,-0.32152
0.01634,0.97329,0.22899,0.06333,-0.15,0.33234
0.00457,0.96242,0.27149,0.02371,0.49114,0.66007
-0.02989,0.94693,0.32003,0.10922,2.87949,2.75674
-0.08336,0.94009,0.33054,-0.19947,4.34459,1.60293
-0.11751,0.93775,0.3268,0.84154,-1.18879,-1.56928
-0.15918,0.9486,0.2735,0.96905,-2.55233,0.09655
-0.1786,0.97013,0.1641,0.54204,-2.31317,-1.25781
-0.11373,0.99271,0.03986,0.96058,-0.92314,-1.50285
0.04538,0.99896,0.00305,1.15557,3.43367,-2.45214
0.14601,0.989,-0.02322,1.20036,5.46046,-2.69913
0.14167,0.9758,-0.16651,-1.58651,1.29396,4.24728
0.14939,0.96488,-0.21604,-0.71255,1.66447,1.49427
0.15397,0.95518,-0.25283,0.1838,0.61218,1.33144
0.17462,0.95017,-0.25823,0.30317,-0.36269,0.80353
0.20019,0.94593,-0.25522,-0.23646,-0.94646,0.09915
0.22361,0.93796,-0.26501,-0.71252,-1.28862,0.33517
0.2393,0.93241,-0.27082,-1.52763,-0.5842,0.88238
0.23204,0.93518,-0.26757,-1.44415,-0.55224,0.70278
0.2001,0.94856,-0.24531,-0.85517,-0.83472,0.62643
0.1553,0.96337,-0.21861,-0.45823,-0.8328,0.34786
0.11579,0.97702,-0.17893,0.09103,-0.7506,0.45252
0.09276,0.98823,-0.12161,0.13795,-0.65731,0.24164
0.08086,0.99582,-0.04246,-0.39658,1.10724,0.12113
0.06946,0.99665,0.043,-0.47336,2.23766,-0.05248
0.04834,0.99191,0.11736,0.24034,3.27879,1.00162
0.01001,0.98336,0.18135,1.08493,1.4565,0.287
-0.02837,0.96929,0.24426,0.5385,1.23779,-1.256
-0.04058,0.95205,0.30322,-0.11139,1.80957,-0.59071
-0.0772,0.93155,0.35531,-0.47678,1.42917,-0.83683
-0.10057,0.90559,0.41204,-0.15017,0.42402,-0.52464
-0.09907,0.88506,0.45479,0.28126,0.1274,-0.80023
-0.08074,0.87048,0.48552,1.11679,-1.34011,-0.73633
-0.05688,0.87025,0.4893,0.8934,-2.19547,-0.36636
-0.03395,0.88581,0.46279,0.44498,-2.75634,-0.53166
-0.01169,0.92069,0.3901,0.08901,-2.63152,-1.10569
-0.00095,0.95311,0.3026,0.047,-1.47902,-0.7825
-0.0003,0.97094,0.23928,0.05137,-0.26802,-0.14773
-0.01913,0.96881,0.24704,-0.08585,0.63774,0.73943
-0.03978,0.95454,0.2954,0.27257,0.8009,1.03181
-0.06312,0.94653,0.31635,0.13735,0.56349,1.40058
-0.09633,0.94814,0.30287,0.29792,1.01078,-2.36439
-0.0956,0.95628,0.27634,1.05371,1.32719,-1.69309
-0.11692,0.95964,0.25576,0.29159,-0.9278,0.05111
-0.12832,0.97328,0.19037,0.24596,-1.22018,-1.38349
-0.09981,0.99163,0.08181,1.0179,0.154,-1.52542
0.00335,0.99999,-0.00151,0.97164,2.02324,-2.01947
0.09975,0.99478,-0.02119,0.13597,3.52649,-1.46651
0.11814,0.98148,-0.15074,-1.5143,1.20591,3.24285
0.12214,0.97067,-0.20707,-1.51831,1.21673,3.29919
0.13267,0.9587,-0.25157,0.20483,0.88882,1.55701
0.15435,0.95241,-0.26283,0.1466,-0.10579,0.80393
0.17928,0.9494,-0.25787,-0.32546,-0.3616,0.35265
0.20132,0.94356,-0.26298,-0.68124,-1.13862,0.35365
0.21768,0.93795,-0.26994,-1.23814,-0.31897,0.8574
0.21941,0.93681,-0.27245,-1.34276,-0.48242,0.66772
0.19776,0.94566,-0.25808,-0.9449,-0.75422,0.70629
0.15727,0.96063,-0.22901,-0.4019,-0.73764,0.51633
0.11649,0.97464,-0.19106,-0.01245,-0.77435,0.41637
0.09368,0.98609,-0.13726,0.29847,-0.88469,0.36744
0.08551,0.99444,-0.06135,-0.37407,0.84926,-0.12603
0.08487,0.99596,0.02922,-0.37343,0.84775,-0.2166
0.07623,0.99064,0.11318,-0.35242,3.34442,0.9844
0.03665,0.98113,0.18981,0.95378,1.68313,0.36234
-0.01528,0.96857,0.24825,0.91947,1.33174,-0.28262
-0.04739,0.95255,0.30063,0.76006,1.41415,-1.03041
-0.09348,0.93244,0.34901,-0.35773,1.39787,-0.91526
-0.12849,0.90485,0.40585,-0.32273,1.42545,-0.9721
-0.12589,0.88275,0.45264,0.19715,-0.25755,-0.62697
-0.10537,0.86846,0.48441,1.23246,-1.10824,-0.96897
-0.07861,0.86906,0.4884,0.96191,-2.10839,-0.52375
-0.05595,0.8876,0.45719,0.59593,-2.63355,-0.29465
-0.03945,0.92405,0.38021,0.2508,-2.65035,-0.79746
-0.03548,0.95617,0.29062,0.19951,-1.91725,-0.66497
-0.03531,0.97293,0.22836,0.32498,-0.90222,-0.56825
-0.04411,0.97366,0.22366,0.02018,-0.00441,0.14955
-0.06017,0.96189,0.26671,0.0714,0.68382,0.7123
-0.09001,0.94757,0.30658,0.29551,1.12862,1.6953
-0.1142,0.94775,0.29783,0.17112,2.62298,-0.43271
-0.12514,0.9548,0.26958,0.50876,1.24536,-2.69687
-0.16437,0.95952,0.22868,0.68924,-1.2977,-0.43234
-0.18018,0.9757,0.12462,0.48263,-1.67745,-1.21104
-0.1169,0.99313,-0.00115,0.41935,-1.69489,-1.08527
0.02503,0.99809,-0.05642,1.14399,3.39318,-2.21798
0.11203,0.9906,-0.07845,-0.12793,2.8394,-0.63962
0.10703,0.97489,-0.19526,-1.7493,1.42784,3.76141
0.1234,0.96182,-0.24427,-0.61157,1.46245,1.50125
0.13304,0.95054,-0.28066,-0.00515,0.46048,1.14755
0.15388,0.94416,-0.29134,0.04808,-0.43274,0.79976
0.18594,0.94122,-0.282,-0.44902,-0.92006,-0.05568
0.20878,0.93493,-0.28689,-0.8748,-1.01055,0.84237
0.22509,0.92695,-0.30016,-1.22494,-0.42428,0.94165
0.22728,0.92554,-0.30283,-1.21646,-0.72283,0.71059
0.20168,0.93709,-0.28493,-0.63078,-0.87318,0.73653
0.15774,0.95422,-0.25412,-0.16555,-0.79319,0.46838
0.11851,0.96887,-0.21734,0.33471,-0.93779,0.41306
0.09641,0.98172,-0.16407,0.08067,-0.3038,0.01633
0.08582,0.99244,-0.08767,-0.16266,0.43864,-0.04894
0.08153,0.99666,0.00126,-0.67973,3.53976,0.24738
0.06967,0.99369,0.08785,0.34968,2.60394,1.17587
0.03369,0.98635,0.16115,0.94066,1.53683,0.30545
-0.01785,0.97488,0.22198,0.70728,1.32686,-0.79666
-0.0495,0.95858,0.28046,0.48509,1.71481,-1.39548
-0.09103,0.93928,0.33083,-0.13814,1.91031,-0.6059
-0.13262,0.91267,0.38656,-0.08673,0.19425,-0.3903
-0.14437,0.89007,0.43234,0.78269,-0.68087,-0.89499
-0.12686,0.87565,0.46597,1.00629,-1.52628,-0.8149
-0.09527,0.87263,0.47899,0.69304,-2.32209,-0.48337
-0.06388,0.88428,0.46255,0.46161,-2.78563,-0.42614
-0.0433,0.91264,0.40644,0.12083,-2.59454,-0.96009
-0.02779,0.94455,0.32718,0.25611,-1.48588,-0.72564
-0.01944,0.96514,0.26097,0.15278,-0.46528,-0.35734
-0.02218,0.97267,0.23108,-0.12341,0.16545,0.52059
-0.04276,0.96676,0.25204,0.00069,0.81171,0.63026
-0.06545,0.95693,0.28281,0.26309,1.10026,1.00803
-0.09727,0.95113,0.29305,0.40485,1.29146,-0.68466
-0.09803,0.95173,0.29083,0.9271,2.71999,-0.74545
-0.11714,0.95319,0.27872,0.20493,-1.01263,-0.69984
-0.15385,0.9648,0.21325,0.19825,-1.42948,-0.44694
-0.16549,0.97976,0.11255,0.55709,-1.25079,-1.60509
-0.09681,0.99527,-0.00683,0.97851,0.8688,-1.42772
0.03564,0.99866,-0.03748,0.8854,4.69016,-2.10893
0.08798,0.98917,-0.11742,-0.7964,2.12852,0.9495
0.07675,0.97479,-0.20947,-1.16634,1.14802,2.29554
0.08753,0.96133,-0.26111,-0.23851,1.37774,1.11319
0.10581,0.95069,-0.29152,0.60461,0.06535,1.37247
0.14107,0.94724,-0.28779,-0.21852,-0.22664,0.69093
0.17616,0.94429,-0.27799,-0.63742,-1.01877,-0.07688
0.20452,0.93779,-0.28054,-0.71092,-1.28521,0.45977
0.22527,0.93065,-0.28833,-1.51697,-0.24175,0.74171
0.22454,0.93184,-0.28505,-1.49796,-0.54721,0.69132
0.19896,0.94492,-0.25986,-0.70363,-0.93203,0.64035
0.16469,0.95939,-0.22901,-0.30562,-0.80845,0.49253
0.13795,0.97222,-0.18907,0.25261,-0.91749,0.3752
0.12653,0.98245,-0.13697,0.30759,-0.78615,0.51666
0.12375,0.99018,-0.06486,-0.19988,-0.1896,-0.05866
0.11957,0.99243,0.02792,-0.73357,1.3247,-0.55145
0.1018,0.98892,0.10798,-0.14141,3.0844,1.14276
0.06502,0.98384,0.1668,0.41753,2.20429,0.92233
0.01688,0.97263,0.23172,1.05381,1.34485,0.06572
-0.01627,0.95729,0.28865,0.13291,1.7501,-0.76122
-0.04892,0.93909,0.34015,-0.59783,1.7054,-0.57224
-0.10146,0.91601,0.38809,-0.60867,0.23922,-0.47661
-0.11559,0.89435,0.43216,0.21381,-0.47636,-0.98674
-0.09062,0.87727,0.47133,1.19484,-0.99533,-0.87542
-0.06286,0.86802,0.49251,1.1528,-1.44303,-0.60116
-0.03884,0.87528,0.48204,0.97631,-1.90094,-0.37785
-0.01819,0.89612,0.44341,0.13733,-2.3974,-0.7615
6e-05,0.92607,0.37733,-0.06487,-2.12374,-0.92623
0.00326,0.95263,0.30409,-0.01451,-0.97294,-0.67306
-0.00841,0.96943,0.2452,0.00731,-0.29096,0.03045
-0.02748,0.97058,0.23918,-0.05641,0.55932,0.55097
-0.04635,0.95744,0.28484,0.03712,1.06909,1.5849
-0.08371,0.94588,0.31349,0.12619,2.29212,0.07623
-0.09056,0.94714,0.30775,0.9552,2.43517,-1.55142
-0.10994,0.94767,0.29969,0.64708,-1.23248,-0.5045
-0.15092,0.95638,0.25007,0.40355,-1.8393,-1.37742
-0.16757,0.97596,0.13928,0.58346,-1.52008,-1.8641
-0.1026,0.99458,0.0164,0.75447,-0.95594,-1.43155
0.04409,0.999,-0.00625,0.81687,4.71244,-2.74917
0.14263,0.98857,-0.04872,-0.5538,2.96367,-0.26694
0.13069,0.97326,-0.18885,-1.40976,1.65343,3.72901
0.13326,0.96244,-0.23653,0.27348,0.56448,1.2501
0.13859,0.95189,-0.2733,0.42089,0.08335,1.22909
0.16568,0.94758,-0.27317,0.30023,-0.38377,1.09406
0.19908,0.94366,-0.2643,-0.49411,-0.96168,-0.21586
0.22817,0.93561,-0.26937,-0.63165,-1.18454,0.01453
0.24938,0.92674,-0.28098,-1.69998,-0.04913,0.82187
0.24644,0.92766,-0.28053,-1.22956,-0.68027,0.61024
0.21624,0.94164,-0.25797,-0.92539,-0.81922,0.65203
0.17405,0.95831,-0.22658,-0.35772,-0.85571,0.49562
0.1402,0.97332,-0.18161,0.33445,-0.90452,0.63104
0.12815,0.98358,-0.12706,0.42471,-0.76324,0.73979
0.12822,0.99037,-0.05212,-0.1226,-0.17793,0.0182
0.13164,0.98986,0.05315,-1.0549,3.40256,-0.70487
0.12663,0.98063,0.14938,-1.21667,4.61913,0.21367
0.09552,0.97277,0.21113,0.20699,2.1836,0.79509
0.03801,0.95744,0.28607,0.77818,1.44626,-0.26169
-0.00908,0.93596,0.35195,0.44821,1.64917,-0.65055
-0.04842,0.91551,0.39935,-0.29537,2.061,-0.40463
-0.09699,0.89205,0.44138,-0.50404,0.90098,-0.72495
-0.10275,0.86898,0.48403,-0.15126,-0.43998,-0.85186
-0.07329,0.85077,0.52038,1.04217,-1.13423,-0.86016
-0.03591,0.84424,0.53474,0.88502,-1.52321,-0.64509
-0.00827,0.85681,0.51554,0.83194,-2.38781,-0.3471
0.00917,0.88444,0.46654,0.01731,-2.49345,-1.06762
0.02513,0.92125,0.38814,0.07335,-1.76195,-0.9236
0.03157,0.95132,0.30655,0.10799,-1.25582,-0.71536
0.02817,0.96692,0.25346,-0.07322,0.15092,0.43767
0.01062,0.96177,0.27361,0.04145,1.02978,0.7414
-0.01096,0.95246,0.30444,0.08837,1.02665,0.77514
-0.03914,0.95305,0.30024,-0.00339,-0.28624,-0.40995
-0.07379,0.96389,0.25582,0.39699,-0.12568,-1.21007
-0.03122,0.95371,0.29905,0.51758,2.22643,-2.00494
-0.05078,0.95991,0.27562,-0.2388,-1.40207,-0.37813
-0.08472,0.97607,0.20021,0.08945,-1.93707,-1.43276
-0.11346,0.98747,0.10958,0.56064,-1.56929,-1.28236
-0.0642,0.997,0.04307,0.50377,2.57458,-2.18516
0.07115,0.99659,0.04169,0.35642,3.61219,-1.53284
0.13065,0.98733,-0.08995,-1.122,1.6093,3.35272
0.12873,0.97515,-0.18025,-0.0083,1.68343,1.75507
0.12849,0.96794,-0.2158,0.57249,0.71167,1.16179
0.14229,0.9623,-0.23177,0.16145,-0.39561,0.429
0.16824,0.95951,-0.22589,-0.50056,-0.80257,0.12208
0.19951,0.95261,-0.22959,-0.86612,-1.13193,0.7834
0.22735,0.94488,-0.23559,-1.07264,-0.84986,0.96849
0.23802,0.94318,-0.23183,-1.40543,-0.54352,0.46962
0.22489,0.9499,-0.21704,-0.93073,-0.78603,0.56027
0.19119,0.96306,-0.18961,-0.66468,-0.88815,0.45184
0.15468,0.97646,-0.15028,0.11932,-0.93357,0.32218
0.13499,0.98591,-0.09867,0.27376,-0.70506,0.50254
0.12655,0.99125,-0.03743,0.09078,-0.59054,0.25485
0.11998,0.99163,0.04741,-0.37745,0.12949,-0.16099
0.10947,0.98366,0.14288,-0.85675,2.33629,-0.41973
0.09058,0.97285,0.21292,-0.51572,3.84369,1.06235
0.0331,0.96075,0.27538,0.13173,3.02831,1.18753
-0.03349,0.9456,0.32358,0.84478,1.51537,-0.58342
-0.08104,0.92329,0.37542,-0.13254,1.7417,-0.58103
-0.13103,0.89387,0.42873,-0.43414,1.75686,-0.56364
-0.14655,0.8664,0.47733,-0.35502,-0.31357,-0.75773
-0.12004,0.84769,0.5167,0.34796,-0.59043,-0.80941
-0.0827,0.83852,0.53853,0.91205,-0.74139,-0.91145
-0.05145,0.84439,0.53323,0.94411,-1.91482,-0.37515
-0.03693,0.86518,0.50007,0.84247,-2.19033,-0.43675
-0.02407,0.89568,0.44401,0.61589,-2.24867,-0.57717
-0.00623,0.92753,0.37367,-0.1316,-1.13198,-0.6748
0.00938,0.95255,0.30418,-0.08406,-0.82833,-0.45547
0.0075,0.96312,0.26893,-0.00745,0.21836,0.02863
-0.00797,0.95788,0.28701,0.26046,0.50759,0.37065
-0.03175,0.9434,0.3301,0.29463,0.42837,0.62258
-0.0733,0.93662,0.34256,0.54408,-0.34217,-0.4763
-0.09486,0.95044,0.29603,2.13246,2.25665,0.3456
-0.05288,0.94847,0.31239,0.59536,3.3156,-1.20486
-0.07881,0.96073,0.266,-0.25846,-0.95069,-0.74911
-0.10048,0.97699,0.18807,0.0915,-1.15946,-1.52994
-0.08164,0.99225,0.09353,0.57651,-0.31772,-1.33302
0.01828,0.99898,0.0411,0.39029,3.50978,-1.78548
0.13275,0.99114,-0.00192,-0.68106,2.47766,-0.41117
0.13905,0.98294,-0.12034,-1.59706,0.8254,2.50525
0.14094,0.97271,-0.18427,-0.00301,1.59341,1.25791
0.14758,0.96265,-0.22697,0.59295,0.78383,1.56176
0.16424,0.9561,-0.24266,0.16338,-0.05051,1.30009
0.19461,0.9511,-0.23982,-0.87573,-0.50793,0.12506
0.22034,0.94703,-0.23362,-0.85031,-1.23106,0.03702
0.23388,0.94093,-0.24483,-0.99343,-1.29273,0.63184
0.23761,0.93779,-0.25315,-1.44136,-0.42698,0.57255
0.21667,0.94425,-0.24785,-0.94851,-0.71262,0.8954
0.17267,0.96021,-0.21948,-0.52149,-0.79918,0.56401
0.12898,0.97409,-0.18572,0.24403,-0.83553,0.31306
0.10825,0.98484,-0.13545,0.49899,-0.79576,0.28537
0.10804,0.99216,-0.06264,0.25811,0.13249,0.04589
0.10426,0.99438,0.01787,-0.24618,1.25313,-0.23946
0.09963,0.98955,0.10415,-0.50536,2.6604,0.5206
0.08174,0.98045,0.17891,0.00949,3.19922,1.34599
0.02633,0.96908,0.2453,0.70423,1.64906,-0.24757
-0.01892,0.95411,0.29883,0.0729,2.09411,-1.36584
-0.0621,0.92888,0.36509,-0.56641,1.67166,-0.45437
-0.09022,0.89726,0.43215,-0.50232,0.61705,-0.63918
-0.07844,0.86671,0.49258,0.18096,-0.11926,-0.63694
-0.04811,0.84405,0.53407,0.55031,-0.37736,-0.86247
-0.01603,0.83378,0.55184,0.67621,-1.43045,-0.5695
0.00788,0.8397,0.54296,0.67802,-2.12735,-0.63341
0.01974,0.85797,0.51329,0.58261,-2.25444,-0.63559
0.02714,0.88281,0.46892,0.08683,-2.17459,-0.76851
0.03151,0.91404,0.40437,-0.07714,-1.56246,-0.99025
0.02244,0.94171,0.33564,-0.0525,-1.19817,-0.81726
0.01051,0.95752,0.28814,-0.02163,-0.4566,0.13451
-0.00186,0.95709,0.28976,-0.10105,0.66753,0.46668
-0.02017,0.94481,0.32696,-0.0896,0.94176,1.10166
-0.06811,0.93579,0.34588,0.19302,3.25603,-0.65922
-0.08091,0.93912,0.33389,0.71095,1.49208,-2.00391
-0.11277,0.94002,0.3219,0.73386,-1.63446,0.01396
-0.1449,0.95542,0.25719,0.73212,-2.0345,0.41229
-0.14451,0.97534,0.16679,1.00643,-0.79435,-1.27609
-0.05508,0.9959,0.07165,1.23896,0.61728,-1.09343
0.1057,0.99311,0.05042,1.09108,2.34023,-1.57308
0.15749,0.98642,-0.04633,-1.70423,1.64814,3.02196
0.15245,0.97382,-0.16858,-2.11742,1.1883,4.30557
0.15581,0.96426,-0.21427,-1.16573,1.71666,1.69844
0.15854,0.9553,-0.24952,0.4315,-0.32964,1.29781
0.18727,0.94943,-0.25198,0.16469,-0.55191,0.95961
0.21884,0.94332,-0.24948,-0.27624,-0.52627,0.34416
0.23946,0.93501,-0.26153,-0.84293,-1.30412,0.06888
0.25411,0.92657,-0.27728,-1.1037,-0.85547,0.93708
0.25122,0.92694,-0.27866,-1.43489,-0.16623,0.96935
0.22772,0.9385,-0.25951,-0.50607,-0.88434,0.39574
0.19416,0.95254,-0.23442,-0.37707,-0.82548,0.30921
0.16249,0.96715,-0.19549,0.21994,-0.90225,0.33204
0.14902,0.97893,-0.13956,0.3639,-0.88455,0.25557
0.14371,0.98764,-0.06252,-0.01964,0.14588,-0.13293
0.13318,0.99097,0.01526,-0.57935,2.17703,0.25161
0.11673,0.98894,0.09136,-0.00014,2.55113,1.04706
0.07648,0.98392,0.16133,0.04011,2.55615,0.9771
0.02938,0.97435,0.22307,0.62853,1.45325,-0.58344
0.00023,0.96149,0.27479,-0.25713,2.12516,-1.17668
-0.04752,0.94046,0.33653,-0.59175,1.95724,-0.34756
-0.0801,0.91464,0.39622,-0.44159,0.37991,-0.55661
-0.07317,0.88973,0.45057,0.42134,-0.14381,-0.75893
-0.04269,0.87058,0.49015,0.84231,-0.88085,-0.7777
-0.00955,0.86338,0.50445,0.72641,-1.62969,-0.41994
0.01223,0.8712,0.49076,0.72964,-2.27008,-0.3606
0.02598,0.89058,0.45407,0.52904,-2.35313,-0.45782
0.04016,0.91693,0.397,-0.13554,-1.88,-0.78859
0.05029,0.943,0.32893,-0.09842,-1.22811,-0.66158
0.04183,0.96041,0.27541,0.08089,-0.7551,-0.13996
0.02194,0.96333,0.26738,0.10109,0.15797,0.19396
-0.00018,0.9552,0.29594,0.22296,0.58452,0.71186
-0.02723,0.94854,0.31545,0.0736,0.0887,0.44946
-0.06538,0.96113,0.26821,0.71683,-0.55062,-1.0047
-0.02851,0.95295,0.30176,1.62474,4.37798,1.05348
-0.02469,0.96581,0.25802,-0.10154,0.80715,-1.74212
-0.04754,0.98076,0.18929,-0.20972,-0.63831,-0.45796
-0.06497,0.99048,0.1213,0.43428,-1.01865,-1.48229
-0.02007,0.99837,0.05322,0.38938,-1.02654,-1.41422
0.09705,0.99491,0.02691,0.50799,3.71412,-2.4282
0.15629,0.98345,-0.09155,-0.48407,2.3552,-0.04404
0.14489,0.97023,-0.19401,-1.34397,1.48281,3.77758
0.14985,0.96004,-0.23633,0.38315,1.03959,1.24405
0.16745,0.94912,-0.26669,0.78243,-0.00545,1.11412
0.1967,0.94387,-0.26533,0.40911,-0.23747,0.75639
0.22652,0.93766,-0.26358,-0.73506,-0.7763,0.13673
0.24617,0.92808,-0.27937,-1.58008,-0.87758,1.15286
0.25624,0.92438,-0.28259,-1.59015,-0.87387,1.15608
0.24324,0.92996,-0.27567,-1.04375,-0.73018,0.43136
0.20709,0.944,-0.25685,-0.65654,-0.90177,0.33106
0.16205,0.96037,-0.22677,-0.40896,-0.81863,0.52384
0.1311,0.97332,-0.18828,0.19025,-0.87502,0.52309
0.11628,0.98356,-0.13809,0.28768,-0.76667,0.56151
0.1102,0.99175,-0.06543,-0.02412,-0.5827,0.07094
0.11115,0.99324,0.03336,-0.52725,0.68249,-0.30693
0.1062,0.98713,0.11947,-0.66853,4.17546,-0.07184
0.08179,0.98163,0.17233,0.26048,3.02864,1.13044
0.03166,0.97196,0.23297,0.92978,1.67424,-0.39365
-0.02198,0.95758,0.2873,0.41453,1.74067,-0.74414
-0.07436,0.93887,0.3361,-0.34531,1.93271,-0.23759
-0.11956,0.91648,0.38176,-0.50483,0.33501,-0.6763
-0.12258,0.89562,0.42757,-0.38509,-0.24675,-0.73139
-0.09836,0.88179,0.46124,0.60936,-0.85362,-0.80031
-0.06765,0.88031,0.46953,0.8505,-1.60131,-0.44234
-0.04254,0.89232,0.44937,0.72932,-2.09494,-0.35442
-0.02295,0.91578,0.40099,0.52282,-2.50122,-0.58246
0.00431,0.94399,0.32991,0.29893,-2.01307,-0.83569
0.0271,0.96635,0.25575,0.04794,-0.91427,-0.64946
0.03694,0.97883,0.20128,-0.08778,-0.23452,-0.05203
0.02756,0.97482,0.22125,-0.38983,0.92477,0.71512
0.00451,0.95996,0.28005,-0.30814,0.6597,1.25476
-0.03284,0.95538,0.29352,0.00186,-0.11247,1.13179
-0.06905,0.95959,0.27277,0.53068,1.00088,-2.45953
-0.0374,0.94551,0.32339,1.36653,2.03227,-1.08717
-0.03906,0.94514,0.3243,0.18421,-1.46218,0.28994
-0.05996,0.96552,0.25327,-0.14554,-1.69543,-2.20237
-0.06685,0.98832,0.13686,0.55371,-0.74052,-1.57755
0.03338,0.99878,0.03617,1.02989,2.13011,-1.69374
0.15534,0.98782,0.00798,0.28894,4.21479,-1.23084
0.1693,0.98001,-0.10437,-1.71768,1.45272,1.90748
0.15664,0.97116,-0.1797,-1.34217,0.95598,0.99265
0.15635,0.95969,-0.23352,0.03243,0.89677,1.26179
0.16549,0.95032,-0.26362,0.34487,0.16821,1.29174
0.1913,0.94427,-0.26787,-0.03126,-0.39391,0.81665
0.21234,0.94122,-0.26269,-0.27107,-0.83616,0.07466
0.2253,0.93546,-0.2723,-0.03841,-1.43898,0.39449
0.24183,0.93052,-0.27502,-1.08663,-0.25863,1.29234
0.24653,0.934,-0.25857,-1.27352,-0.61616,0.69479
0.22866,0.94589,-0.23022,-0.77739,-0.85507,0.24007
0.18928,0.96173,-0.19809,-0.62568,-0.90645,0.18637
0.15555,0.97553,-0.15533,0.08131,-1.00159,0.44484
0.13754,0.98559,-0.09839,-0.06593,-0.78346,0.16771
0.1278,0.99156,-0.02154,-0.29467,-0.41326,-0.19611
0.11657,0.99181,0.05208,-0.84389,2.2027,0.01228
0.09318,0.98694,0.13132,-0.15354,2.93725,0.84361
0.05669,0.98088,0.18612,0.41276,2.46938,0.87748
0.01858,0.9745,0.22358,1.34354,1.51455,-0.24438
-0.01903,0.96338,0.26743,0.32258,1.63016,-0.83836
-0.06159,0.94319,0.32645,-0.53255,1.55856,-0.71057
-0.0974,0.92042,0.37856,-0.4575,0.55873,-0.3926
-0.09406,0.90285,0.41952,0.0965,-0.12996,-0.60261
-0.07984,0.89242,0.44406,0.6007,-0.42661,-0.63182
-0.05512,0.89303,0.44657,0.70414,-1.54523,-0.40327
-0.03028,0.90467,0.42502,0.59838,-1.95057,-0.30635
-0.00978,0.92669,0.37566,0.57164,-2.28152,-0.25076
0.01317,0.9532,0.302,0.10381,-2.22927,-0.4876
0.0311,0.97147,0.23506,-0.1577,-1.26607,-0.40964
0.02984,0.97856,0.20373,-0.1912,-0.3857,-0.11334
0.01467,0.9731,0.22986,-0.08971,0.34074,0.08482
-0.00252,0.96088,0.27691,0.1064,0.61897,0.69294
-0.02559,0.95569,0.29322,0.12947,0.62416,0.67663
-0.07231,0.96756,0.24202,0.07689,-1.19724,-0.95151
-0.06166,0.96676,0.24808,2.76008,3.06681,1.8614
0.02525,0.97186,0.23418,1.37681,5.02994,1.10039
0.00603,0.988,0.15431,0.42716,2.6555,-2.41929
-0.01793,0.9961,0.08625,-0.21142,-1.64653,-1.3741
-0.00956,0.99901,0.04326,-0.09856,-1.34383,-1.50716
0.07652,0.99662,0.02973,-0.08369,0.56912,-1.84165
0.12283,0.98571,-0.11523,-0.82001,2.03373,1.15559
0.1138,0.9713,-0.20886,-1.50766,1.02639,4.3037
0.11575,0.96047,-0.25316,0.65943,0.98106,1.25974
0.13888,0.94997,-0.27974,0.86902,0.33642,1.32881
0.17576,0.94671,-0.26988,0.17092,-0.74093,0.06647
0.2067,0.93841,-0.27686,-0.82173,-1.00941,-0.20282
0.23411,0.92598,-0.29622,-1.71219,-1.19134,1.09319
0.24647,0.92059,-0.30292,-1.49293,-0.28982,0.78437
0.2311,0.92634,-0.29744,-0.873,-0.70769,0.56674
0.19715,0.94059,-0.27644,-0.49346,-0.81922,0.53309
0.1624,0.9563,-0.24311,0.04544,-0.74088,0.54539
0.14306,0.96965,-0.19825,0.33503,-0.75882,0.623
0.13813,0.98024,-0.14153,-0.08293,-0.24167,0.04684
0.13697,0.98869,-0.06095,-0.40518,0.25507,-0.128
0.12966,0.99109,0.0302,-1.05327,3.54394,0.24911
0.11403,0.98888,0.09536,0.22293,2.48625,1.13533
0.07812,0.9829,0.16672,0.72024,1.92882,0.87987
0.0398,0.97085,0.2363,0.74259,1.52428,-0.97162
0.01267,0.95882,0.2837,-0.09192,1.8222,-0.54028
-0.03999,0.94389,0.32781,-0.65628,1.29606,-0.55771
-0.0904,0.92302,0.37394,-0.55838,-0.08335,-0.57279
-0.09041,0.90549,0.41459,0.50731,-0.72065,-0.87731
-0.06862,0.89342,0.44393,0.9504,-1.0002,-0.80845
-0.04258,0.89164,0.4507,0.75823,-2.07479,-0.33587
-0.01899,0.90237,0.43052,0.53207,-2.6385,-0.37628
-0.00063,0.92446,0.38125,0.18087,-2.42751,-0.79004
0.00986,0.95273,0.30362,0.07671,-1.58919,-0.86951
0.00797,0.97248,0.23282,0.15908,-0.5466,-0.53681
-0.00291,0.98102,0.19385,0.12405,0.13925,0.21872
-0.01865,0.97354,0.2277,0.1272,0.94995,0.77646
-0.02806,0.96042,0.27711,0.15597,1.0919,1.20003
-0.05734,0.95367,0.29529,0.0674,0.68768,1.93066
-0.04944,0.95501,0.29239,0.99346,3.78082,-1.43567
-0.06844,0.95678,0.28262,0.20052,-1.01246,-0.87147
-0.10026,0.96976,0.22247,0.03902,-1.85508,-1.11418
-0.12577,0.98484,0.11942,0.28607,-1.75647,-1.63573
-0.07823,0.99684,0.01336,0.73541,0.16321,-1.1772
0.07917,0.99682,-0.00827,0.41815,4.80913,-2.93587
0.17934,0.9808,-0.07652,-0.59988,2.86605,0.13188
0.15503,0.96492,-0.21187,-1.39944,1.25673,3.57591
0.1517,0.95324,-0.26135,-0.04042,1.18123,1.22168
0.15895,0.9396,-0.3031,0.60663,-0.03721,1.12805
0.18579,0.93272,-0.30905,0.20163,-0.73939,0.7097
0.21529,0.92576,-0.31082,-0.19019,-0.9903,0.32132
0.2331,0.91588,-0.32682,-0.92364,-1.25679,0.70916
0.24425,0.90857,-0.33887,-1.47666,-0.00067,1.23242
0.23844,0.91314,-0.33063,-1.38154,-0.42957,0.88267
0.20849,0.92967,-0.30371,-0.58979,-0.81813,0.58723
0.16781,0.94805,-0.27024,-0.11485,-0.70562,0.51882
0.13483,0.96515,-0.22425,0.24129,-0.84833,0.41398
0.11798,0.97918,-0.16516,0.22807,-0.62202,0.44668
0.1103,0.99056,-0.08135,-0.33618,0.43411,0.05
0.10351,0.99455,0.01214,-0.85143,2.76382,-0.29203
0.09238,0.99142,0.0924,-0.24756,3.42176,1.25185
0.05644,0.98388,0.16966,1.08543,1.56813,0.37676
0.00111,0.97277,0.23174,0.93358,1.64917,-0.50289
-0.03717,0.95728,0.28673,0.47566,1.82267,-1.42789
-0.09473,0.93184,0.35025,-0.73606,0.72302,-0.55908
-0.1236,0.90176,0.41416,-0.67512,0.11831,-0.47834
-0.10802,0.88029,0.46194,-0.31363,-0.15057,-0.66438
-0.07717,0.86609,0.49388,0.783,-1.42854,-0.75508
-0.03974,0.86539,0.4995,0.62129,-1.69899,-0.65187
-0.01608,0.87902,0.47648,0.60216,-2.09983,-0.4917
-0.00899,0.90415,0.42708,0.19147,-2.16981,-0.84554
-0.01471,0.93791,0.34654,0.24298,-1.73844,-0.86406
-0.03318,0.96129,0.27348,0.08618,-0.46557,-0.37034
-0.05198,0.96732,0.24812,-0.05146,0.53961,0.30649
-0.06864,0.9541,0.29148,0.31359,1.29395,1.93919
-0.09803,0.92899,0.35685,-0.0002,3.64181,0.72974
-0.12134,0.92479,0.36057,0.07691,2.17348,-3.21426
-0.14484,0.9338,0.32712,0.86047,-1.14372,-1.41289
-0.18448,0.95311,0.23983,0.32144,-1.74318,-1.84957
-0.19198,0.97689,0.09385,0.62046,-1.13223,-1.79652
-0.09574,0.99326,-0.06517,0.73632,-0.40127,-1.4543
0.06973,0.99483,-0.07374,0.85655,4.95982,-2.15894
0.13457,0.98496,-0.10825,-1.01638,2.59127,0.22259
0.11052,0.96515,-0.23716,-1.67781,1.41747,3.7541
0.11829,0.95189,-0.28267,-0.1305,1.09459,1.45402
0.12813,0.93848,-0.32065,0.5268,-0.02851,1.45753
0.15469,0.931,-0.33061,0.14969,-0.6073,0.63017
0.19549,0.92392,-0.32886,-0.27599,-1.21681,-0.20877
0.22157,0.91173,-0.3459,-1.03826,-1.26425,0.62858
0.23777,0.90115,-0.36246,-1.5534,-0.59366,1.03533
0.23303,0.90517,-0.35547,-1.12396,-0.62285,0.99298
0.21067,0.92118,-0.32716,-0.53722,-0.86339,0.41491
0.17851,0.93829,-0.29619,-0.40832,-0.81265,0.24329
0.14475,0.95586,-0.25568,0.41159,-0.85989,0.57638
0.12693,0.97117,-0.20174,0.26069,-0.57379,0.9094
0.11884,0.98514,-0.12394,-0.07117,-0.30856,0.37442
0.10406,0.99425,-0.02473,-1.01631,2.37072,-0.91045
0.08077,0.99496,0.05919,-0.2644,3.26721,0.79005
