gravity.x,gravity.y,gravity.z,userAcceleration.x,userAcceleration.y,userAcceleration.z
0.02796,0.94181,0.33497,0.2042,0.17266,-0.80105
0.02218,0.94108,0.33745,0.08997,-0.37391,-0.50633
0.01259,0.94415,0.32927,0.26013,-0.36436,-0.78125
0.01037,0.94736,0.31999,0.58425,-0.92281,-0.28517
0.02036,0.95316,0.30178,0.6265,-1.04598,-0.06388
0.03894,0.96407,0.26277,0.58004,-1.04835,-0.20059
0.05578,0.97687,0.20644,0.02322,-0.85092,-0.86743
0.07634,0.98915,0.12554,-0.06307,-0.19609,-0.03389
0.09595,0.99468,0.03748,0.01188,0.30601,0.2653
0.11216,0.99235,-0.0516,-0.36318,0.7734,0.64283
0.1413,0.97615,-0.16484,0.23745,1.83667,-0.82048
0.19935,0.95223,-0.23135,0.6439,2.4644,-0.72237
0.27971,0.91894,-0.27805,0.49064,2.20966,-0.2316
0.31863,0.8817,-0.34797,-0.63702,1.90789,-0.04729
0.31117,0.84635,-0.43229,-0.5576,1.00213,0.19655
0.29128,0.81524,-0.50054,-0.08176,0.09037,-0.05954
0.25483,0.8088,-0.53001,0.05869,-0.26406,-0.02579
0.21367,0.8217,-0.52836,0.02011,-0.72555,0.16193
0.19545,0.83681,-0.51142,-0.89449,-1.2177,1.03675
0.20012,0.85312,-0.4818,-0.68996,-1.75661,1.35938
0.22932,0.87494,-0.4265,-0.67665,-1.70553,1.18152
0.26067,0.89862,-0.3529,-0.65874,-1.32748,0.88137
0.27822,0.91612,-0.28863,-0.32725,-0.65756,0.36184
0.28311,0.92796,-0.24236,-0.16753,-0.51004,-0.01126
0.29044,0.93286,-0.21313,0.40588,-0.32165,0.1032
0.32999,0.92534,-0.18668,0.6105,-0.38844,-0.01977
0.37573,0.91794,-0.12729,0.22052,-0.34373,0.45926
0.35896,0.92907,-0.08933,0.37204,3.39752,1.16386
0.25582,0.96174,-0.098,-0.71493,2.03121,-0.74298
0.19754,0.97881,-0.05388,-2.21278,-0.02847,-0.39009
0.21391,0.97668,-0.0186,-0.26908,-0.53072,1.46685
0.22103,0.96941,0.10669,-0.13796,-0.66601,0.50728
0.1687,0.95157,0.25703,0.00951,-0.24598,0.81452
0.06841,0.93315,0.35291,-0.34978,0.55034,0.71149
0.02137,0.93123,0.3638,0.63632,1.75351,0.53601
0.03565,0.95096,0.30726,1.56061,1.3951,0.24979
0.01647,0.94417,0.32903,0.88592,0.00127,-1.52979
0.0011,0.93543,0.35351,0.11836,-0.1195,-0.791
-0.00398,0.93331,0.35906,0.03202,-0.15204,-0.82627
-0.00952,0.93721,0.34864,0.36713,-0.54356,-0.92933
-0.00537,0.94403,0.32981,0.47836,-0.87305,-0.16457
0.01672,0.94867,0.31582,0.48646,-0.95386,0.05313
0.03853,0.95759,0.28553,0.25449,-0.97104,-0.16644
0.05611,0.97031,0.23527,-0.06164,-0.73117,-1.14774
0.08017,0.98198,0.17115,-0.18016,-0.46449,-0.58863
0.11153,0.98874,0.09981,-0.18846,0.70844,0.44542
0.13118,0.99099,0.02703,-0.46268,0.72805,0.51298
0.15499,0.98646,-0.05357,-0.49798,0.9582,0.30912
0.19407,0.97312,-0.12399,0.25859,2.29551,-0.67743
0.25871,0.94601,-0.19526,0.44353,1.87608,-0.44705
0.31755,0.90759,-0.27465,0.13676,1.84611,-0.08085
0.33717,0.87021,-0.35924,-0.79351,0.91992,0.16196
0.32464,0.83423,-0.44573,-0.4159,-0.07095,-0.0144
0.28829,0.80872,-0.5127,-0.19643,-0.32062,0.03571
0.23807,0.80843,-0.5383,0.06964,-1.19891,0.16889
0.20393,0.83008,-0.51902,-0.15018,-1.42667,0.38234
0.19705,0.86198,-0.46709,-0.4716,-1.29993,0.45923
0.20447,0.89137,-0.40454,-0.60831,-1.29594,0.52681
0.22199,0.91292,-0.34249,-0.53591,-1.22676,0.73961
0.24606,0.92826,-0.27891,-0.52604,-0.69635,0.59733
0.25257,0.94061,-0.22687,-0.42257,-0.32676,0.43021
0.25377,0.94797,-0.19223,-0.21516,-0.10166,0.27944
0.27488,0.94446,-0.18007,0.25597,-0.11639,0.16518
0.31892,0.93719,-0.14128,0.28193,-0.29411,0.36557
0.33643,0.93853,-0.07724,-0.72276,2.48113,-2.15874
0.26984,0.95564,-0.1181,-0.65616,2.46403,-2.11788
0.22383,0.97437,-0.02265,-1.18766,0.55078,1.59785
0.21374,0.97653,0.0267,-0.09341,-0.26176,0.83876
0.20831,0.97215,0.10737,-0.14279,-0.58328,0.56734
0.1529,0.96335,0.22041,-0.0413,0.07384,0.37565
0.05967,0.93855,0.33994,-0.46942,0.5033,0.92674
0.00622,0.91845,0.3955,-0.31277,0.82832,0.59365
0.02232,0.92642,0.37584,0.85327,1.08338,0.51219
0.01986,0.93156,0.36304,1.55581,1.77405,-2.35561
-0.00176,0.92145,0.38849,0.46031,0.2856,-1.04166
-0.00673,0.92059,0.39047,0.38086,0.16542,-0.69539
-0.02304,0.92092,0.38906,0.36076,-0.24931,-0.87495
-0.04013,0.92623,0.37481,0.43808,-0.37298,-0.7625
-0.03976,0.93195,0.36041,0.50619,-0.89874,-0.2548
-0.01943,0.9405,0.33924,0.89129,-0.97833,-0.18261
-0.00328,0.95583,0.29391,0.58011,-0.82968,-0.56842
0.01912,0.97039,0.24078,0.15656,-0.68823,-0.83938
0.04813,0.98518,0.16465,-0.15268,0.59829,0.17183
0.06878,0.99413,0.08357,-0.28742,0.71748,0.39399
0.08708,0.99619,-0.00516,-0.34264,1.3215,-0.37202
0.11572,0.98969,-0.08439,-0.01443,1.77415,-0.45589
0.15399,0.97585,-0.15496,0.21358,2.14258,-0.23881
0.21118,0.94983,-0.23072,-0.14792,1.53322,-0.13312
0.25334,0.91702,-0.30804,-0.86284,1.20859,-0.12952
0.26263,0.8833,-0.38834,-0.69212,0.76789,0.22973
0.25263,0.8522,-0.45819,-0.10491,-0.0908,0.04306
0.21837,0.83847,-0.49929,0.06186,-0.52703,0.11205
0.17402,0.8452,-0.50533,0.03841,-0.78631,0.14959
0.14253,0.86721,-0.47711,-0.28201,-1.3261,0.33728
0.12537,0.89463,-0.42885,-0.34105,-1.38755,0.41825
0.11288,0.91959,-0.37632,-0.27038,-1.38999,0.52764
0.11624,0.94129,-0.31695,-0.21568,-1.15838,0.62443
0.11831,0.95753,-0.26296,-0.27352,-0.57499,0.34265
0.11166,0.96757,-0.22658,-0.24279,-0.345,0.25032
0.11676,0.96719,-0.22563,0.15715,0.17743,-0.14593
0.15262,0.95702,-0.2466,0.5802,0.64365,0.04239
0.19085,0.95235,-0.23791,0.37144,1.48901,0.49372
0.17184,0.96119,-0.21582,-1.0819,0.99106,-0.38482
0.1662,0.96235,-0.2151,-0.95906,0.03222,-0.25115
0.17492,0.96597,-0.19053,-0.50655,-0.05978,1.01945
0.17091,0.9797,-0.1048,-0.25177,-0.96334,0.8273
0.13199,0.99125,-0.0014,0.03714,-0.33479,0.63344
0.0571,0.99484,0.08391,0.26337,0.20019,0.74965
-0.02793,0.99171,0.1254,-0.02877,0.93398,0.05607
-0.10639,0.9782,0.17832,-0.34397,1.34965,0.35913
-0.11377,0.97327,0.1995,1.2826,1.57663,-1.08144
-0.11694,0.96364,0.24026,1.32936,0.8539,-1.29866
-0.1276,0.95262,0.27609,0.8504,0.26713,-1.16217
-0.13911,0.94691,0.28984,0.37653,0.01886,-0.52508
-0.15169,0.94283,0.29676,0.11571,-0.16965,-0.67042
-0.16647,0.94302,0.2881,0.58712,-0.74232,-0.81147
-0.17338,0.94869,0.26443,0.67878,-0.81792,-0.47439
-0.16375,0.95655,0.24123,0.76473,-1.05345,0.0046
-0.14333,0.96826,0.20475,0.55291,-1.01189,-0.29078
-0.1261,0.98175,0.14239,0.35924,-0.85745,-0.25062
-0.10683,0.99135,0.07625,0.06364,0.12631,0.18019
-0.09161,0.9958,0.00035,-0.3075,0.4884,-0.07452
-0.06592,0.99394,-0.08794,-0.30912,0.5629,-0.37109
-0.03843,0.98462,-0.17042,0.10914,0.9552,-0.35084
-0.0083,0.9708,-0.23976,0.62469,1.51829,0.22499
0.05227,0.95522,-0.29124,0.58785,1.61381,0.31844
0.10936,0.93691,-0.33202,-0.31836,1.69941,-0.2222
0.13354,0.91701,-0.37584,0.04637,0.46759,-0.06459
0.12399,0.89787,-0.42244,0.14557,0.25782,0.03779
0.08896,0.88263,-0.46157,-0.06834,-0.30863,0.2168
0.0454,0.87746,-0.4775,-0.23588,-0.70758,0.29278
0.00891,0.88762,-0.4605,-0.22311,-0.93704,0.431
-0.00706,0.9074,-0.42022,-0.2768,-1.37717,0.55302
-0.00256,0.92829,-0.37186,-0.25469,-1.53353,0.70026
0.03505,0.94915,-0.31288,-0.2849,-1.55551,0.72157
0.0781,0.9661,-0.24607,-0.41016,-0.88374,0.42922
0.093,0.97634,-0.1952,-0.3316,-0.5917,0.26158
0.08816,0.98217,-0.16605,-0.26461,-0.47719,-0.02737
0.08441,0.97833,-0.18907,0.7074,0.55161,-0.91594
0.12674,0.95782,-0.25792,0.8399,3.52281,-0.12117
0.12906,0.95968,-0.24973,0.05883,2.04865,0.4061
0.09533,0.96707,-0.23599,-1.23443,-0.57513,-0.942
0.08795,0.96406,-0.2507,-0.39601,-0.07449,1.15774
0.10198,0.98179,-0.16028,-0.21344,-0.46186,1.22133
0.06654,0.99747,-0.025,-0.15437,-0.22258,0.978
-0.01421,0.99574,0.09108,-0.19402,0.45714,0.92708
-0.10791,0.98398,0.14191,-0.31331,0.67987,0.63278
-0.16137,0.97529,0.1509,-0.01368,2.07361,0.14456
-0.17,0.96647,0.19246,1.80635,1.43369,-1.33676
-0.16852,0.95352,0.24979,1.6361,0.61632,-1.34601
-0.17922,0.94411,0.27666,0.27598,0.11934,-0.52957
-0.18818,0.93909,0.28756,0.1841,-0.17861,-0.3414
-0.20197,0.93528,0.29061,0.11104,-0.33555,-0.52706
-0.2096,0.93587,0.28322,0.93685,-0.76839,-0.44756
-0.20699,0.94046,0.2696,0.9102,-0.84108,-0.19032
-0.18417,0.95204,0.24433,1.03886,-0.95098,0.07188
-0.15517,0.96734,0.20044,0.29393,-0.82925,-0.77748
-0.12902,0.98112,0.14407,-0.13397,-0.55671,-0.53015
-0.10474,0.99191,0.07166,-0.23244,-0.36205,0.04791
-0.08486,0.99639,-0.00288,-0.33552,0.51551,0.65991
-0.06749,0.99358,-0.09077,-0.48035,0.63224,0.51794
-0.04871,0.98037,-0.19106,-0.45492,1.60761,-0.82516
-0.02486,0.97101,-0.23773,0.46996,2.43586,-0.59854
0.04384,0.9567,-0.28774,0.77875,1.95392,-0.15892
0.09969,0.93137,-0.35015,-0.37615,1.33814,-0.16883
0.1169,0.90017,-0.41955,-0.20862,0.61318,-0.02589
0.10674,0.8742,-0.4737,0.49327,0.1235,-0.0157
0.06434,0.86508,-0.49749,0.44848,-0.10207,0.33141
0.01741,0.8692,-0.49416,-0.02709,-0.61346,0.65157
-0.0105,0.88108,-0.47286,-0.79262,-1.54099,0.77624
-0.01327,0.89405,-0.44778,-0.78312,-1.79129,0.78388
0.02296,0.91538,-0.40194,-0.57189,-1.71791,0.94403
0.07145,0.9419,-0.3282,-0.36108,-1.08593,0.72414
0.0979,0.96349,-0.24921,-0.23857,-0.86692,0.54372
0.10064,0.97733,-0.18629,0.23544,-0.3849,-0.20895
0.10279,0.98151,-0.16147,0.97579,0.27379,-0.23967
0.14526,0.97553,-0.16504,1.0442,0.32978,-0.24542
0.20178,0.97111,-0.1274,0.30054,1.02378,0.68553
0.16477,0.97821,-0.12635,-1.2927,3.09233,-2.39036
0.04821,0.98346,-0.17457,-1.5267,1.88206,-0.52132
0.02854,0.99066,-0.13334,-0.34577,-0.85812,0.63723
0.06859,0.99588,-0.05937,0.02441,-1.13273,1.13618
0.08792,0.99175,0.09334,0.02472,-1.24205,0.52147
0.03215,0.96854,0.24677,0.24979,0.41119,1.2755
-0.08307,0.94768,0.30822,-0.69074,0.98736,0.8789
-0.14608,0.93762,0.31549,-0.6484,1.64454,1.09115
-0.13973,0.94544,0.29433,1.28127,1.95755,-3.76778
-0.14945,0.92689,0.3443,0.45621,0.43548,-1.16681
-0.15816,0.91454,0.3723,0.49554,0.52894,-0.69885
-0.17756,0.90652,0.38301,0.6092,0.21273,-0.93905
-0.19826,0.90804,0.36899,0.79433,-0.36814,-1.0759
-0.20448,0.91803,0.33972,0.86343,-0.58496,-0.85492
-0.17983,0.92842,0.32512,0.69984,-1.01934,0.23508
-0.14499,0.94341,0.29827,0.82341,-1.23,0.06264
-0.11672,0.96479,0.2357,0.62434,-1.2169,-0.72044
-0.08618,0.98284,0.1631,0.07458,0.09211,-0.00642
-0.06116,0.99396,0.09106,-0.27531,0.8756,0.45258
-0.04568,0.99895,-0.00341,-0.5411,0.94795,0.27807
-0.01742,0.99573,-0.09066,-0.60791,1.92143,-0.7888
0.02103,0.98577,-0.16677,-0.18962,2.2279,-0.2006
0.07425,0.96685,-0.24432,0.22379,2.18865,0.09719
0.10362,0.942,-0.31922,-0.89329,1.11513,0.18212
0.11219,0.91104,-0.39676,-0.32954,0.22215,0.24402
0.10762,0.88131,-0.46011,-0.20524,0.07037,0.04924
0.07664,0.8647,-0.49641,0.22277,-0.66868,0.28502
0.0415,0.8616,-0.50588,0.05738,-0.97901,0.23928
0.02531,0.87463,-0.48413,-0.33394,-1.48176,0.49099
0.02584,0.89454,-0.44625,-0.39405,-1.87796,1.03506
0.05257,0.92105,-0.38589,-0.3418,-1.79362,1.08956
0.08289,0.94682,-0.31089,-0.26421,-1.17674,0.86299
0.09153,0.96532,-0.24452,-0.14053,-0.69575,0.23972
0.09169,0.9739,-0.20762,0.1761,-0.25697,-0.45193
0.10402,0.96887,-0.22468,0.57539,0.07702,-0.67522
0.1434,0.9608,-0.23728,0.46727,1.33948,0.34499
0.14814,0.95853,-0.24346,-1.4655,2.50872,-0.60348
0.0801,0.97249,-0.21874,-1.50854,1.04976,0.76908
0.0739,0.98166,-0.17575,-0.45336,-0.27171,0.94467
0.09097,0.99049,-0.1032,0.08884,-0.82515,1.16985
0.06749,0.99725,0.03079,0.10884,-0.94475,0.65987
0.00547,0.98639,0.16431,0.08524,0.25614,0.91074
-0.0778,0.96425,0.2533,-0.21002,0.60813,0.56327
-0.1382,0.94892,0.28365,-0.32619,1.04167,0.36158
-0.14558,0.95079,0.2735,1.11448,2.41072,-3.118
-0.14122,0.93855,0.31492,1.10996,0.76002,-1.18238
-0.14925,0.92404,0.35196,0.96313,0.67359,-0.97054
-0.16246,0.91951,0.35793,0.21487,0.02431,-0.97652
-0.17001,0.92035,0.3522,0.14774,-0.43062,-0.75264
-0.17805,0.92761,0.32839,0.26765,-0.52342,-0.66696
-0.17651,0.93344,0.31231,0.76887,-1.14566,-0.00327
-0.16209,0.94614,0.28025,0.96555,-1.25089,-0.3185
-0.14196,0.96334,0.22764,0.67196,-1.12702,-0.86558
-0.11405,0.97983,0.16407,0.1937,-0.20337,-0.08184
-0.08616,0.99267,0.08472,-0.16065,0.52932,0.27842
-0.0611,0.9981,-0.00722,-0.34243,0.5804,0.26133
-0.02617,0.99493,-0.09709,-0.18418,1.60507,-0.54656
0.0109,0.98697,-0.16054,0.06365,2.5484,-0.50999
0.06552,0.97322,-0.22034,0.20491,2.39029,-0.12805
0.10516,0.94911,-0.29687,-0.53484,1.54253,0.18783
0.11377,0.91844,-0.37884,-0.44147,0.59399,0.18607
0.10955,0.88798,-0.44664,-0.41894,0.31322,0.09895
0.08496,0.86708,-0.49088,0.39044,-0.29775,0.29683
0.04789,0.85872,-0.51021,0.12317,-0.75502,0.34085
0.03651,0.86552,-0.49954,-0.20157,-1.02037,0.53198
0.05074,0.87767,-0.47657,-0.7225,-1.91458,0.85027
0.08419,0.90141,-0.42471,-0.44773,-1.50086,1.0603
0.12035,0.93237,-0.34089,-0.48389,-1.53182,0.97648
0.13643,0.95694,-0.25622,-0.30335,-0.88045,0.48246
0.13784,0.96957,-0.20233,0.30504,-0.28131,-0.01018
0.15038,0.96944,-0.19384,0.60517,-0.00533,-0.03809
0.1894,0.96739,-0.16817,0.21396,0.05426,0.55335
0.2005,0.97162,-0.12554,-1.48161,3.31003,-2.81762
0.09723,0.9784,-0.18243,-1.37834,3.30325,-2.76073
0.0486,0.99265,-0.11082,-1.57794,0.32414,1.10343
0.06961,0.99581,-0.0593,-0.14659,-0.69037,1.26795
0.09152,0.99456,0.0498,-0.06395,-1.28737,0.85295
0.05917,0.97742,0.20284,0.2233,-0.37844,1.10691
-0.03821,0.94273,0.33136,-0.783,1.2349,1.66358
-0.09315,0.93445,0.34369,-0.10473,1.96586,1.47205
-0.09907,0.95643,0.27463,1.861,2.79975,-5.46887
-0.11008,0.94103,0.3199,0.59878,0.42924,-0.2903
-0.1164,0.93509,0.33476,0.11007,0.42131,-0.50803
-0.1348,0.93057,0.34039,-0.16455,-0.02218,-0.78705
-0.15744,0.93282,0.32414,0.49519,-0.50676,-0.81904
-0.16896,0.9376,0.30391,0.67687,-0.73362,-0.14925
-0.15839,0.94168,0.29689,0.8726,-1.06323,0.21225
-0.13939,0.95423,0.26461,0.79387,-1.12501,-0.70658
-0.11907,0.97047,0.20978,0.50168,-0.82814,-0.91355
-0.08957,0.98447,0.15096,0.10492,-0.60001,-0.56393
-0.05872,0.99554,0.07381,0.00638,-0.44816,-0.14405
-0.02984,0.99949,-0.01172,-0.2237,0.26968,0.41284
-0.00932,0.99485,-0.10098,-0.50896,0.78383,0.35301
0.01152,0.98108,-0.19325,0.14747,2.73754,-0.53674
0.06152,0.9683,-0.24209,0.52488,3.27469,-0.58184
0.13434,0.94999,-0.28192,-0.16919,1.90095,-0.10857
0.17137,0.92064,-0.35078,-0.7082,1.16697,0.23291
0.16412,0.88401,-0.43771,-0.6958,0.63947,0.36551
0.14125,0.84676,-0.51288,-0.18857,-0.26239,0.12
0.10422,0.83054,-0.54712,0.07919,-0.84303,0.30996
0.07571,0.84092,-0.53583,0.0197,-1.23484,0.27547
0.07232,0.8645,-0.4974,-0.7221,-1.73375,0.45556
0.08013,0.88861,-0.4516,-0.55655,-1.69771,0.82068
0.1032,0.91566,-0.38849,-0.45564,-1.66292,0.90971
0.12286,0.94173,-0.31313,-0.37033,-0.85861,0.62157
0.12114,0.96066,-0.2499,-0.13972,-0.56889,0.25072
0.11843,0.96772,-0.22246,0.05934,-0.41169,0.09866
0.1483,0.96618,-0.21097,0.71389,-0.12787,-0.12018
0.19351,0.96716,-0.16481,0.34524,0.30028,0.65576
0.17185,0.97614,-0.1327,0.09704,1.83315,0.83514
0.09241,0.99099,-0.09695,-2.0337,1.13007,0.5398
0.10021,0.99129,-0.08545,-0.71023,-0.02303,-0.46136
0.11863,0.99212,-0.04022,-0.2433,-0.29358,1.17819
0.10926,0.99039,0.08476,-0.08558,-0.48382,0.77749
0.04431,0.97451,0.21994,0.01961,-0.02144,1.03521
-0.05991,0.94514,0.32113,-0.26659,0.20569,0.57768
-0.12342,0.92279,0.36499,0.10587,1.72148,0.68277
-0.11178,0.93265,0.34303,0.09424,1.71162,0.70473
-0.11373,0.93073,0.34759,1.73222,2.19504,-4.36741
-0.1278,0.91655,0.37894,0.57605,0.31396,-0.60107
-0.13874,0.91082,0.38878,0.31298,0.11181,-0.68296
-0.15089,0.90801,0.39083,0.41984,-0.36062,-1.04781
-0.16001,0.91637,0.36696,0.6423,-0.65197,-0.75086
-0.14939,0.92273,0.35532,0.87539,-1.14639,0.24096
-0.12537,0.93513,0.33139,0.92342,-1.16348,0.16527
-0.10771,0.95376,0.28059,0.4005,-0.96028,-1.08157
-0.08045,0.97209,0.2204,0.0498,-0.28448,-0.28245
-0.05393,0.9885,0.14129,-0.1108,0.09329,0.15084
-0.03906,0.99767,0.05601,-0.42725,0.6237,0.47314
-0.02363,0.99874,-0.0444,-0.87095,1.54924,-0.54761
0.00365,0.99267,-0.12082,-0.59644,2.03248,-0.84339
0.05462,0.98105,-0.18587,0.03664,2.35783,-0.46571
0.11727,0.95718,-0.26468,-0.31635,1.6439,0.17278
0.15312,0.92502,-0.3477,-0.63522,1.39006,0.20941
0.15267,0.88833,-0.43309,-0.45849,0.13789,0.08069
0.13297,0.85294,-0.50479,-0.16448,-0.29178,0.10664
0.0928,0.8359,-0.54099,0.1524,-0.64364,0.32134
0.04929,0.84057,-0.53946,0.03371,-1.45589,0.30154
0.02714,0.863,-0.50447,-0.4112,-1.66957,0.54111
0.02005,0.8853,-0.46458,-0.45233,-1.56836,0.62056
0.03601,0.90964,-0.41383,-0.34778,-1.46216,0.82559
0.06485,0.93736,-0.34228,-0.36464,-0.93925,0.66515
0.06962,0.95923,-0.27393,-0.31821,-0.75876,0.46153
0.05995,0.97234,-0.22577,0.35324,0.07204,-0.12891
0.06772,0.97124,-0.22826,0.60878,0.31243,-0.21667
0.11216,0.97087,-0.21174,0.66677,0.39574,-0.0982
0.1131,0.97996,-0.16399,-0.64286,2.7801,-0.14909
0.05975,0.99013,-0.12681,-1.34145,2.40044,-0.86824
0.06856,0.99236,-0.10261,-1.55487,-0.25617,-0.83037
0.08362,0.99527,-0.04942,-0.09401,-0.83623,1.02658
0.07857,0.99427,0.07249,0.00888,-1.15743,0.48313
0.02844,0.97847,0.2044,0.17168,-0.6838,0.57624
-0.07142,0.95227,0.29678,-0.11976,0.32774,0.47388
-0.15338,0.93029,0.33323,-0.32041,1.54888,0.96385
-0.16126,0.93167,0.32556,0.15841,1.74715,0.92517
-0.15677,0.93106,0.32946,0.9959,1.72091,-2.3539
-0.17368,0.91606,0.36148,0.56257,0.35456,-0.72802
-0.19381,0.91166,0.36238,0.38538,0.24226,-0.97423
-0.20727,0.9105,0.3578,0.33377,-0.34552,-0.58674
-0.21431,0.91246,0.34855,0.56198,-0.62895,-0.41764
-0.20251,0.9195,0.33691,0.73527,-0.85809,-0.22477
-0.17764,0.93512,0.30659,1.16077,-1.11206,-0.27004
-0.1538,0.95468,0.25482,0.58362,-0.94557,-0.81439
-0.12494,0.97478,0.18493,0.40583,-0.76451,-0.67551
-0.10125,0.98965,0.10165,-0.268,0.63081,0.24099
-0.08545,0.99631,0.00757,-0.60861,0.63354,0.07827
-0.06084,0.99444,-0.08599,-0.76649,0.83784,-0.15032
-0.03073,0.98564,-0.16606,-0.32117,2.18734,-0.64364
0.02026,0.97121,-0.23737,0.25063,2.15944,-0.02729
0.0775,0.94827,-0.30785,0.26034,1.92822,0.15721
0.10595,0.91712,-0.38427,-0.46528,0.98942,0.11138
0.10549,0.88389,-0.45564,-0.14991,0.11226,0.2037
0.0768,0.85676,-0.50996,0.21337,-0.15919,0.40364
0.02418,0.84205,-0.53886,0.14337,-0.70549,0.39421
-0.00783,0.84831,-0.52944,-0.48926,-1.4869,0.48421
-0.00648,0.87042,-0.49226,-0.60888,-1.6799,0.48735
0.00924,0.89539,-0.44519,-0.49508,-1.74953,0.69258
0.04584,0.92681,-0.37272,-0.35215,-1.32127,0.80965
0.06755,0.95558,-0.28689,-0.29488,-1.01724,0.70428
0.06102,0.9745,-0.21592,-0.21559,-0.67159,0.5131
0.05111,0.98085,-0.18791,0.19138,0.04934,-0.18553
0.07101,0.9739,-0.21559,0.59621,0.40213,-0.31668
0.12047,0.97206,-0.20144,0.73086,0.53111,-0.00571
0.1067,0.98005,-0.16767,-0.94702,2.53475,-0.98184
0.04814,0.99009,-0.1319,-1.57875,1.45078,0.19298
0.06015,0.99092,-0.12028,-0.23502,-0.02538,0.57298
0.07865,0.99492,-0.06286,-0.07746,-0.88074,1.08293
0.0675,0.99615,0.05594,-0.00504,-0.95442,0.66143
-0.00214,0.98364,0.18012,0.22396,0.0401,1.00758
-0.09868,0.96432,0.24566,-0.29016,0.48644,0.30027
-0.1629,0.94855,0.27149,-0.4497,0.9389,0.3075
-0.17093,0.94605,0.27526,0.68901,2.14348,-2.39162
-0.17445,0.93273,0.31558,0.84982,0.91807,-1.34686
-0.18578,0.92008,0.34487,0.70507,0.60914,-1.08486
-0.20062,0.91326,0.35456,0.36818,0.04616,-0.50744
-0.21626,0.91075,0.3518,0.37889,-0.30726,-0.82548
-0.22251,0.91449,0.33794,0.49816,-0.42329,-0.69509
-0.21108,0.92369,0.31975,0.86695,-0.9285,-0.04399
-0.18705,0.93906,0.2884,0.91065,-1.10169,-0.41439
-0.16259,0.95776,0.23719,0.51229,-1.01635,-0.81579
-0.12988,0.9774,0.16682,0.05076,-0.32404,-0.26899
-0.10413,0.99085,0.08589,-0.20521,0.56346,0.50603
-0.09068,0.99583,-0.00983,-0.37006,0.56633,0.59737
-0.07104,0.99168,-0.10738,-0.65775,1.28446,-0.37393
-0.04484,0.98315,-0.1772,-0.06635,2.23511,-0.50099
0.00169,0.97091,-0.23943,0.07368,2.41955,-0.2003
0.05059,0.94848,-0.31276,-0.19148,1.47316,0.02202
0.07212,0.91787,-0.39027,-0.65804,0.70632,0.1178
0.06818,0.88583,-0.45897,-0.47613,0.46695,0.21962
0.03923,0.85996,-0.50885,0.09267,-0.13364,0.33455
-0.01177,0.8466,-0.53211,0.20849,-0.58301,0.42293
-0.04879,0.85078,-0.52324,0.13377,-0.74675,0.40928
-0.04522,0.87215,-0.48715,-0.53935,-1.74078,0.51491
-0.0184,0.89806,-0.43949,-0.30235,-1.73725,0.79859
0.02859,0.93018,-0.36599,-0.3403,-1.44399,0.69645
0.04953,0.95845,-0.28094,-0.26004,-0.85467,0.52529
0.04471,0.97588,-0.21369,-0.04724,-0.38153,0.02259
0.04626,0.97579,-0.21376,0.21035,-0.09176,-0.1159
0.08483,0.96858,-0.23379,0.65505,0.15793,0.23134
0.11877,0.97245,-0.20059,0.29504,0.67358,0.69768
0.05717,0.97353,-0.22131,-1.53397,2.66496,-1.18025
0.01068,0.98605,-0.16608,-1.5235,0.49263,1.43378
0.03238,0.99184,-0.12334,-0.29213,-0.57999,0.31075
0.05104,0.9983,-0.02812,0.37064,-0.74235,1.0919
0.02904,0.95782,0.2859,0.05188,-0.38372,0.52799
-0.0652,0.91648,0.39473,-0.0018,0.46218,0.44297
-0.15763,0.87368,0.46026,-0.36525,0.7331,0.28461
-0.16911,0.85688,0.487,-0.4961,1.45979,0.86382
-0.14246,0.87193,0.46844,1.38893,1.92809,-1.95972
-0.15324,0.84756,0.50809,0.70362,0.77939,-1.98273
-0.16375,0.83205,0.52997,0.32296,0.29636,-1.07371
-0.17609,0.82738,0.53332,0.24532,0.06709,-1.15083
-0.1913,0.8267,0.52912,0.40078,-0.12731,-1.27869
-0.19704,0.83641,0.51146,0.71779,-0.60175,-0.32315
-0.17693,0.84455,0.5054,0.8841,-0.95416,0.06235
-0.15302,0.86473,0.47837,0.96422,-1.05174,-0.06961
-0.13993,0.89267,0.42843,0.30365,-0.66248,-1.13662
-0.11686,0.92475,0.3622,-0.00054,0.14061,-0.25088
-0.092,0.95287,0.28909,-0.15027,0.56256,0.14416
-0.07578,0.97794,0.19467,-0.68193,1.00546,-0.57141
-0.05136,0.99314,0.10508,-0.75694,1.53055,-0.83615
-0.02016,0.99926,0.03286,-0.61616,1.9886,-0.78696
0.03094,0.99898,-0.03302,-0.03199,2.17194,-0.03117
0.08543,0.99063,-0.10653,-0.57563,1.35876,-0.09071
0.11925,0.97538,-0.18552,-0.58463,0.99131,-0.15617
0.12755,0.95764,-0.25819,-0.27829,0.23435,0.08583
0.11403,0.93943,-0.32321,-0.03581,-0.33257,0.24849
0.08928,0.92687,-0.36461,0.12744,-0.72767,0.31277
0.08424,0.9275,-0.36421,-0.22168,-1.88656,0.2598
0.09817,0.93768,-0.33334,-0.34629,-2.18385,0.67012
0.13876,0.95475,-0.26304,-0.4655,-2.14059,0.67652
0.16598,0.97168,-0.16819,-0.43647,-1.19752,0.66735
0.16017,0.98374,-0.08126,-0.36002,-0.81073,0.26865
0.13758,0.99023,-0.02263,-0.23141,-0.68976,0.15111
0.12374,0.99192,-0.02809,0.20116,0.01527,-0.41059
0.14515,0.98829,-0.04706,0.36704,0.80422,0.13628
0.14373,0.98933,-0.02383,-0.32214,2.50812,-1.23629
0.05421,0.99853,0.00192,-1.40098,1.3908,0.27648
0.02065,0.99821,0.05613,-1.71124,-0.33459,0.24146
0.03626,0.99433,0.1,-0.3304,-0.4309,0.88542
0.02016,0.97873,0.20416,0.0999,-0.96666,0.36647
-0.03916,0.94408,0.32738,0.00879,-0.47846,0.37744
-0.1408,0.89066,0.43231,-0.14252,0.47904,0.43877
-0.20425,0.85335,0.47966,-0.17826,1.92881,0.82059
-0.17723,0.86927,0.46147,0.63124,1.78954,0.36932
-0.16841,0.86514,0.47241,1.68824,2.0313,-2.03865
-0.18374,0.84791,0.49728,0.4782,0.14687,-0.90684
-0.19095,0.84252,0.50368,0.18347,-0.12299,-0.53625
-0.20257,0.83671,0.5088,0.12772,-0.25993,-0.83087
-0.21567,0.8385,0.5004,0.67009,-0.45903,-0.7
-0.21319,0.84543,0.48969,0.91453,-0.76037,-0.23271
-0.19262,0.85981,0.47289,0.97831,-0.86815,-0.19022
-0.17669,0.88285,0.43516,0.55464,-0.71457,-0.9724
-0.1622,0.91131,0.37842,0.17928,-0.10502,-0.18316
-0.14194,0.9388,0.31385,-0.07206,0.37425,0.09371
-0.12383,0.96484,0.23185,-0.47973,0.54041,-0.1069
-0.09427,0.98477,0.14609,-0.5963,0.96549,-0.62351
-0.06866,0.99598,0.05747,-0.67868,1.13411,-0.66256
-0.03018,0.9993,-0.02206,-0.02936,2.03155,-0.16649
0.02725,0.996,-0.08515,-0.02301,2.04359,0.0564
0.07387,0.98692,-0.14329,-0.60039,1.39441,-0.0936
0.10292,0.97265,-0.20824,-0.42228,0.40159,-0.24074
0.11393,0.95596,-0.27047,-0.0882,0.18274,-0.04128
0.10618,0.94022,-0.32358,0.0786,-0.06858,0.02982
0.08586,0.93142,-0.35368,-0.09907,-1.0812,0.19868
0.07543,0.93335,-0.35095,-0.31138,-1.66937,0.33292
0.08139,0.94301,-0.32266,-0.40567,-1.8795,0.33937
0.10968,0.95926,-0.26036,-0.30462,-1.61354,0.67499
0.12694,0.97747,-0.16865,-0.32938,-1.03597,0.56791
0.1197,0.98935,-0.08282,-0.33654,-0.97012,0.36454
0.11167,0.99324,-0.03167,-0.15744,-0.5186,-0.25518
0.1159,0.99266,-0.03459,0.39844,0.10317,-0.55952
0.14142,0.98932,-0.03539,0.54607,0.13683,-0.61918
0.13726,0.99045,-0.01306,-0.57415,2.29457,-0.84323
0.0478,0.99879,-0.01126,-1.85827,1.67795,-0.01781
0.0307,0.99921,0.02512,-1.83278,0.41865,0.64496
0.05451,0.99712,0.05278,-0.12316,-0.61855,1.05236
0.06134,0.98393,0.16767,-0.00635,-1.37248,0.94764
0.02763,0.94885,0.3145,0.05512,-1.11357,0.34329
-0.06795,0.91083,0.40715,0.33515,0.48843,0.73328
-0.18969,0.87501,0.44539,-0.45279,1.20836,0.22343
-0.21948,0.85676,0.46667,-0.62782,1.68689,0.9225
-0.18806,0.86325,0.46844,1.00166,1.80852,-2.98887
-0.17427,0.84128,0.51175,0.56449,0.8096,-1.38324
-0.17839,0.82278,0.53964,0.42488,0.54723,-0.97023
-0.19792,0.81646,0.54242,-0.02498,0.26049,-1.37902
-0.20804,0.82028,0.53279,0.42339,-0.15348,-1.18359
-0.21372,0.83217,0.51169,0.53372,-0.26616,-0.89534
-0.19762,0.84379,0.49896,0.70564,-0.8159,-0.04639
-0.18076,0.86462,0.46878,0.82279,-0.88511,-1.01665
-0.17092,0.89026,0.42216,0.81295,-0.91076,-0.97003
-0.1514,0.92143,0.35783,0.32447,-0.19115,-0.32469
-0.12966,0.94916,0.28684,-0.16364,0.8209,0.21347
-0.11622,0.97278,0.2005,-0.70434,1.07512,-0.46815
-0.0898,0.98938,0.11427,-0.77182,1.40437,-0.83676
-0.05477,0.99809,0.02846,-0.7153,1.647,-0.79157
-0.00335,0.99845,-0.05553,-0.39608,1.81724,-0.2221
0.0507,0.99112,-0.1229,-0.37856,1.3845,-0.03345
0.08972,0.97827,-0.18692,-0.7138,0.69084,-0.1745
0.10463,0.96274,-0.24937,-0.64494,0.37291,-0.18509
0.09852,0.94646,-0.30741,-0.15135,-0.01095,0.28631
0.07537,0.93365,-0.35017,0.09646,-0.50341,0.29008
0.05494,0.9319,-0.35852,-0.12188,-1.2638,0.19421
0.05299,0.9411,-0.33396,-0.41013,-1.93325,0.32169
0.07778,0.95691,-0.27977,-0.27903,-2.11328,0.65573
0.10204,0.97588,-0.19298,-0.18676,-1.54919,0.57056
0.10041,0.98935,-0.10543,-0.06266,-1.00439,0.29397
0.09218,0.99474,-0.04479,0.08746,-0.62106,0.07447
0.10438,0.99323,-0.05101,0.1698,-0.39295,-0.123
0.13711,0.98914,-0.05295,0.45761,0.3208,-0.94957
0.13125,0.99135,-0.00179,-1.17332,2.54929,-1.69783
0.02047,0.99913,-0.03628,-2.28241,2.99646,-2.26664
-0.01773,0.9998,0.00874,-1.44029,-0.38915,0.07889
0.00234,0.99747,0.07101,-0.10712,-0.79397,1.0334
0.00501,0.98068,0.19557,-0.09918,-1.1555,1.08186
-0.03971,0.93754,0.3456,0.17591,-0.27632,0.51431
-0.13609,0.87531,0.46401,-0.25205,0.17391,0.78353
-0.22047,0.84034,0.4952,-0.70496,0.40987,0.71154
-0.21716,0.85365,0.47342,0.12376,1.88059,-0.28848
-0.19974,0.84921,0.48881,1.41259,2.36052,-3.90507
-0.20741,0.83094,0.51625,1.11801,0.80056,-1.47023
-0.22147,0.823,0.52308,0.63292,0.11901,-0.86178
-0.23294,0.82288,0.51827,0.26448,-0.04293,-1.17519
-0.24553,0.82937,0.50186,0.26301,-0.13796,-1.16008
-0.24439,0.8357,0.49182,0.66544,-0.54526,-0.04505
-0.22251,0.84657,0.48353,1.01626,-0.92151,-0.01156
-0.20905,0.87187,0.44289,1.20707,-1.09052,-0.5054
-0.19279,0.90168,0.38704,0.39247,-0.55807,-1.04361
-0.1698,0.93242,0.319,-0.09292,0.19906,0.1017
-0.15741,0.95616,0.24693,-0.29126,0.64799,0.44458
-0.14997,0.97706,0.15117,-0.89634,0.85802,-0.3105
-0.13535,0.98902,0.0593,-1.2197,1.81741,-1.19227
-0.09924,0.99494,-0.01584,-0.9186,2.07136,-1.01223
-0.0379,0.99495,-0.0929,-0.08069,1.62956,-0.10459
0.01028,0.9861,-0.16585,-0.77439,1.18589,-0.03381
0.04077,0.9719,-0.23185,-0.82312,0.89775,-0.0447
0.0509,0.95711,-0.28521,-0.34998,0.1186,0.10757
0.04028,0.94419,-0.32694,0.26383,-0.69019,0.07764
0.02179,0.93763,-0.34694,0.21456,-1.18374,-0.07893
0.01287,0.94317,-0.33207,-0.19959,-2.17982,0.08645
0.02186,0.95621,-0.29185,0.02087,-2.11402,0.6065
0.04409,0.9757,-0.21461,-0.07266,-1.75889,0.63708
0.04272,0.99161,-0.12201,-0.09077,-0.85547,0.44888
0.02587,0.99847,-0.04878,-0.12465,-0.77705,0.3367
0.02383,0.99925,-0.03039,-0.04865,-0.05036,-0.15505
0.04615,0.99631,-0.07242,0.21859,0.92429,-1.2402
0.08381,0.9942,-0.06736,0.0359,0.64363,0.53565
0.06216,0.99802,-0.00967,-0.56873,1.48692,0.3977
-0.02544,0.99934,-0.02584,-2.16715,1.55037,-0.33419
-0.02886,0.99958,-0.00076,-0.74765,-0.31854,0.23659
-0.0182,0.9986,0.04967,-0.02599,-0.67511,1.03114
-0.04426,0.9828,0.17927,0.13633,-1.15982,0.49724
-0.11969,0.93533,0.3329,-0.14653,0.01941,0.75439
-0.23125,0.86693,0.44154,-0.19567,0.36735,0.64022
-0.29642,0.83309,0.46701,-1.14294,1.15913,0.69704
-0.26755,0.84758,0.45828,0.83674,2.09337,-2.24507
-0.2474,0.84301,0.47763,1.72407,2.7956,-3.11905
-0.25291,0.82089,0.51204,0.9503,0.43262,-0.96662
-0.25739,0.81455,0.51986,0.48014,0.14173,-0.95614
-0.26467,0.816,0.51391,0.24417,-0.14406,-1.03519
-0.26848,0.82627,0.49517,0.53793,-0.54497,-0.59242
-0.25721,0.83861,0.48017,0.79611,-0.75108,0.0635
-0.23705,0.85873,0.4543,0.86315,-0.90925,0.05144
-0.22425,0.88747,0.40262,0.52798,-0.81351,-1.2641
-0.2047,0.91805,0.33952,0.20162,-0.42841,-0.72964
-0.18451,0.9467,0.26403,0.01129,-0.11101,-0.11479
-0.1755,0.96805,0.17911,-0.43177,0.51408,0.35383
-0.16102,0.98356,0.08171,-0.8494,1.16406,-0.52427
-0.13915,0.99025,0.007,-0.92051,1.58147,-0.7411
-0.09222,0.99474,-0.0445,0.00233,2.38482,-0.20382
-0.02222,0.99442,-0.10315,-0.2137,1.72568,-0.10153
0.02753,0.9851,-0.16977,-0.73088,1.4497,-0.03459
0.05298,0.9696,-0.2389,-0.74822,0.30802,0.05459
0.05975,0.95176,-0.30096,-0.2193,-0.08969,0.19325
0.04333,0.93776,-0.34457,0.05759,-0.35651,0.18009
0.02976,0.93584,-0.35118,0.0632,-1.60762,0.0437
0.03416,0.94395,-0.32831,-0.37418,-2.22894,0.27036
0.06234,0.95799,-0.27996,-0.38805,-2.25668,0.53476
0.08698,0.97756,-0.19185,-0.44309,-1.34124,0.60718
0.08483,0.99183,-0.0953,-0.36936,-0.91254,0.40165
0.06906,0.99706,-0.03311,-0.38502,-0.82958,0.26977
0.06645,0.99697,-0.04032,0.19316,0.0785,-0.46688
0.10038,0.99442,-0.03242,0.41183,0.34985,0.2914
0.10446,0.99436,0.01835,-0.04527,0.90276,0.42263
0.01937,0.99948,0.02589,-1.50942,2.27594,-0.85781
-0.01186,0.99794,0.06302,-1.0068,0.30226,-0.47845
-0.00097,0.99541,0.09574,-0.24675,-0.07196,0.80711
-0.02953,0.97913,0.20108,0.10714,-1.16263,0.72896
-0.09559,0.93796,0.3333,-0.31988,0.01846,0.69348
-0.19175,0.87159,0.45118,-0.49105,0.29774,0.70467
-0.24517,0.8305,0.50016,-1.18871,0.89368,1.17028
-0.21831,0.85228,0.47535,0.15791,1.62787,0.42066
-0.2007,0.85302,0.48175,1.06875,2.01434,-4.19117
-0.21947,0.83526,0.50415,0.74198,0.68674,-0.81845
-0.25146,0.82488,0.50631,0.1027,0.21693,-1.0064
-0.27932,0.82045,0.49884,0.16019,0.01344,-1.20674
-0.29226,0.82329,0.4866,0.64587,-0.19728,-0.64737
-0.2801,0.8315,0.47974,1.21545,-0.73773,-0.12366
-0.26292,0.8515,0.45367,1.33842,-0.85218,-0.27033
-0.24953,0.87666,0.41134,0.90338,-0.88189,-1.0568
-0.22331,0.9051,0.36184,0.24459,-0.49058,-0.38839
-0.19477,0.93421,0.29887,0.00531,-0.05855,0.0607
-0.18535,0.95755,0.22077,-0.73938,0.55414,-0.16304
-0.17303,0.97565,0.13475,-1.06769,1.05376,-0.98295
-0.14623,0.98703,0.06619,-1.20314,1.3961,-1.2235
-0.10943,0.99399,-0.00053,-0.28063,2.22366,-0.27161
-0.05484,0.996,-0.07058,-0.05026,1.69446,-0.02071
0.00369,0.99111,-0.13298,-0.45558,1.38515,-0.09649
0.04092,0.97986,-0.19545,-0.72526,0.50265,-0.00497
0.05763,0.96273,-0.26424,-0.14583,0.22652,0.16105
0.04289,0.94169,-0.33375,0.144,0.03881,0.30857
0.00347,0.92535,-0.37909,0.4383,-1.32434,0.15535
-0.01995,0.92516,-0.37906,-0.01989,-2.09224,0.42479
-0.0086,0.93633,-0.35102,-0.22748,-2.24507,0.40629
0.02639,0.95681,-0.28952,-0.36354,-1.66593,0.59922
0.05255,0.97876,-0.19817,-0.33193,-1.05656,0.56368
0.05267,0.99289,-0.10678,-0.29078,-0.89756,0.44063
0.04585,0.99792,-0.04539,-0.34979,-0.60291,-0.15798
0.04901,0.99705,-0.05916,-0.34709,-0.28884,-0.41036
0.06679,0.99418,-0.08452,0.25294,0.55596,-1.04529
0.00596,0.99725,-0.07391,-1.3546,2.76174,-0.22043
-0.04679,0.99883,-0.01221,-1.8058,0.18512,1.22982
-0.0244,0.99933,0.02737,-0.47368,-0.48053,-0.66589
-0.02955,0.99304,0.11403,0.02745,-0.89041,1.03722
-0.08075,0.96688,0.2421,-0.12132,-0.98135,0.78532
-0.16851,0.91948,0.35521,-0.20915,-0.47103,0.63115
-0.26419,0.86125,0.43411,-0.87279,0.66321,0.4268
-0.27865,0.8505,0.44611,0.20977,1.68097,-0.25784
-0.24711,0.8627,0.44122,0.17823,1.66876,-0.25296
-0.23675,0.84596,0.47781,0.934,1.15118,-1.70324
-0.23858,0.82927,0.50535,0.49584,0.13995,-0.66081
-0.25699,0.81809,0.51449,0.18628,0.00221,-0.78133
-0.27001,0.81313,0.51567,0.35071,-0.16493,-1.04117
-0.27726,0.81792,0.50412,0.53225,-0.27304,-0.82119
-0.26773,0.82748,0.49356,0.85321,-0.61035,-0.21571
-0.24898,0.8489,0.46625,1.17964,-0.84755,-0.23401
-0.23977,0.87694,0.41652,0.44836,-0.71872,-1.20966
-0.22374,0.90915,0.35126,0.25503,-0.52453,-0.75807
-0.20426,0.93935,0.2755,-0.18029,0.38977,0.12815
-0.19166,0.96332,0.18785,-0.75799,0.74678,-0.18993
-0.16577,0.9813,0.0978,-0.85025,0.97466,-0.42896
-0.13079,0.99117,0.02189,-0.77125,1.65963,-0.94562
-0.07887,0.99568,-0.04895,-0.24828,2.16414,-0.38251
-0.02323,0.99295,-0.11623,-0.45424,1.77145,-0.11618
0.01494,0.98177,-0.18946,-1.09766,0.99595,0.01196
0.03522,0.96304,-0.26705,-0.49147,0.1095,-0.01535
0.03518,0.94201,-0.33373,-0.32487,0.03811,0.07177
0.01076,0.92386,-0.38258,0.26927,-0.58096,0.13246
-0.02227,0.91635,-0.39975,0.15659,-1.36714,0.23152
-0.03954,0.92476,-0.37849,0.08265,-1.7964,0.26413
-0.01716,0.94466,-0.32761,-0.14173,-2.14595,0.49957
0.02333,0.96958,-0.24367,-0.31379,-1.45003,0.53069
0.0422,0.98833,-0.14637,-0.30791,-1.13973,0.45019
0.03645,0.99742,-0.06187,-0.28822,-0.78132,0.15297
0.02722,0.99929,-0.02593,-0.13174,-0.06047,-0.31126
0.03489,0.9985,-0.04221,0.11172,0.28789,-0.58191
0.05347,0.99852,-0.01027,0.09459,0.7152,0.56923
-0.0059,0.99991,0.01223,-1.55622,2.22745,-1.23014
-0.06415,0.99754,0.02846,-2.59248,1.73168,-0.57629
-0.04492,0.9973,0.05808,-0.25586,-0.40245,-0.09482
-0.04009,0.99037,0.1325,0.40699,-1.13078,1.05324
-0.07292,0.95919,0.27319,0.31521,-1.20883,0.93946
-0.15852,0.9006,0.40471,-0.08571,0.18247,0.7992
-0.26092,0.83925,0.47706,-0.84745,0.71749,0.60273
-0.28015,0.82991,0.48246,-0.93858,1.41013,0.89303
-0.25334,0.84728,0.46684,0.77555,1.82077,-3.34766
-0.24356,0.83033,0.50122,0.5833,1.22501,-1.96745
-0.24377,0.81053,0.53255,0.44386,0.70483,-1.30416
-0.24972,0.80392,0.53976,0.1864,0.14844,-0.89644
-0.26276,0.80184,0.53666,0.2803,-0.20667,-1.22611
-0.27159,0.80869,0.52179,0.44998,-0.25528,-1.05473
-0.25788,0.81751,0.51496,0.86013,-0.65151,-0.08655
-0.2459,0.83865,0.486,1.04658,-0.85762,-0.37462
-0.2399,0.86669,0.43738,0.77106,-0.77604,-0.97502
-0.2264,0.89982,0.37291,0.17101,-0.35217,-0.62902
-0.21054,0.93016,0.30079,-0.22587,0.5078,0.19846
-0.20113,0.95609,0.21315,-0.4119,0.53103,0.27617
-0.18175,0.97562,0.12306,-0.93457,1.218,-0.62646
-0.15767,0.98648,0.04465,-0.86537,1.84054,-0.77309
-0.11935,0.99255,-0.02471,-0.48453,2.09123,-0.3303
-0.06947,0.99325,-0.09292,-0.4881,1.34429,-0.12255
-0.02697,0.98622,-0.16325,-0.71473,0.41843,-0.03459
-0.00565,0.97222,-0.23401,-0.61885,0.25663,0.13633
0.00109,0.95474,-0.29745,0.07212,-0.29292,0.19012
-0.01372,0.93907,-0.34344,0.1976,-0.83702,0.05735
-0.03055,0.93465,-0.35425,0.14049,-1.21447,0.0562
-0.03289,0.94266,-0.33213,-0.28367,-2.01096,0.32401
-0.01729,0.95827,-0.28535,-0.09431,-2.10963,0.53205
0.0053,0.98024,-0.19775,-0.03304,-1.60991,0.58012
0.00302,0.99473,-0.10248,-0.0419,-1.14016,0.33471
-0.00797,0.99947,-0.03149,0.10677,-0.62449,-0.07445
-0.00624,0.99952,-0.03028,0.41597,0.25817,-0.80711
0.01625,0.99708,-0.07465,-0.22542,2.66065,-0.97728
-0.02253,0.99646,-0.08104,-2.19023,2.54833,-0.04088
-0.04812,0.99798,-0.04139,-1.45999,-1.03644,-0.85914
-0.0229,0.99812,-0.05687,-0.00641,-0.60534,0.33715
-0.01528,0.99927,0.03496,-0.12945,-1.46714,1.41617
-0.06067,0.97559,0.21104,-0.27107,-0.72466,1.14207
-0.16217,0.92651,0.33954,-0.44282,0.26913,0.47919
-0.28524,0.88014,0.37947,-1.19747,1.36457,0.1081
-0.34091,0.84319,0.41572,-0.96444,1.63484,0.9306
-0.31012,0.83878,0.44751,0.64505,1.70612,-1.19292
-0.29415,0.8279,0.47755,0.81869,1.02072,-1.77307
-0.29944,0.80601,0.51057,0.77156,0.67707,-1.38484
-0.30452,0.79352,0.52687,0.56947,0.11097,-0.54834
-0.31607,0.78685,0.53007,0.25747,-0.35638,-1.26278
-0.32745,0.79271,0.51418,0.47316,-0.38802,-1.17243
-0.32851,0.80503,0.49397,0.80605,-0.51549,-0.321
-0.30644,0.82096,0.48179,1.12797,-0.94478,-0.15066
-0.29016,0.84867,0.44222,0.98167,-1.03178,-0.82288
-0.27933,0.88103,0.3818,0.25458,-0.20636,-0.3998
-0.25986,0.91249,0.31596,-0.21581,0.77516,0.33988
-0.25076,0.93795,0.23953,-0.43878,0.75993,0.29569
-0.23288,0.9609,0.1498,-0.92535,1.46073,-0.86583
-0.20288,0.97671,0.06986,-0.62195,1.90507,-0.83442
-0.15834,0.98736,-0.00653,-0.54408,1.9119,-0.47716
-0.10019,0.99173,-0.08025,-0.68092,1.31055,-0.07134
-0.05015,0.98718,-0.15154,-0.80411,0.60213,0.02899
-0.01962,0.97449,-0.22357,-0.66471,0.27661,-0.02082
-0.01082,0.95765,-0.28772,-0.317,0.13353,0.21568
-0.02381,0.94181,-0.33529,0.26029,-0.59149,0.27671
-0.04881,0.93128,-0.36102,0.37524,-1.11556,0.17468
-0.066,0.93417,-0.35066,0.02152,-2.45598,0.31061
-0.05225,0.94726,-0.31617,-0.13866,-2.08746,0.54873
-0.02539,0.96786,-0.25021,-0.23416,-1.70481,0.51623
-0.01903,0.98605,-0.16539,-0.15985,-0.86846,0.35063
-0.03052,0.99547,-0.09002,-0.14322,-0.45829,0.02212
-0.03509,0.99817,-0.04916,-0.1107,-0.15439,-0.25036
-0.01381,0.99794,-0.06268,0.3799,0.39347,-0.83746
0.01973,0.99869,-0.04718,-0.00611,0.88459,0.3524
-0.02076,0.99968,-0.01468,-0.92591,2.06633,-0.18446
-0.09063,0.99571,-0.01849,-2.3128,0.47191,0.19427
-0.07045,0.99749,0.00767,0.35426,-0.88034,1.25137
-0.05968,0.99541,0.07474,0.54518,-1.40783,1.19099
-0.07575,0.96817,0.23857,0.15831,-1.24038,0.5363
-0.14873,0.90331,0.40237,-0.3125,0.38871,0.70601
-0.27865,0.82742,0.48757,-1.04142,0.76861,0.69179
-0.32761,0.80408,0.49611,-0.44983,1.81008,0.48711
-0.29207,0.83101,0.47341,0.953,2.06019,-4.86748
-0.2667,0.82354,0.50066,1.03557,2.43443,-2.32502
-0.25478,0.80802,0.53121,0.56189,0.40696,-0.66073
-0.2481,0.80417,0.54015,0.13364,-0.11468,-1.2398
-0.26086,0.8045,0.53361,0.13696,-0.26499,-1.48476
-0.2733,0.81433,0.51203,0.55978,-0.56532,-0.54359
-0.2649,0.82426,0.50043,0.94265,-0.94062,0.03597
-0.25673,0.84121,0.47587,0.89008,-1.03402,-0.37658
-0.2538,0.86717,0.42849,0.49364,-0.70961,-1.32531
-0.24231,0.89778,0.3678,0.02592,0.0249,-0.26672
-0.22397,0.9288,0.29523,-0.15785,0.51433,0.19554
-0.21473,0.95246,0.21612,-0.53016,0.68839,0.18533
-0.19217,0.97297,0.12804,-0.95696,2.02158,-1.17876
-0.16558,0.9847,0.05437,-0.98354,2.00986,-1.10509
-0.12133,0.99253,-0.0129,-0.32767,2.09571,-0.17872
-0.06271,0.99437,-0.08542,-1.11167,1.17413,-0.18243
-0.01334,0.98612,-0.16548,-1.21798,0.78313,-0.1698
0.01632,0.96993,-0.24283,-0.64849,0.02102,-0.02505
0.02094,0.95202,-0.30531,0.08686,-0.37442,0.27116
0.0032,0.9368,-0.34986,0.26744,-0.60847,0.32063
-0.02102,0.92864,-0.37039,-0.04667,-1.77329,0.10065
-0.03467,0.93502,-0.35289,-0.32449,-2.11297,0.44624
-0.02914,0.95035,-0.30983,-0.22464,-2.03436,0.64387
-0.01812,0.97313,-0.22953,-0.01914,-1.18415,0.5237
-0.02704,0.9894,-0.1427,-0.00482,-0.82031,0.24221
-0.04043,0.99568,-0.08358,0.068,-0.46219,0.08433
-0.03618,0.9959,-0.08295,0.37674,0.35712,-0.63754
-0.00483,0.99487,-0.10101,0.23227,1.01637,-0.10053
-0.00768,0.99745,-0.07095,-0.80977,1.81977,0.06816
-0.05336,0.99768,-0.04231,-1.88897,0.29273,0.22188
-0.039,0.999,-0.02203,-0.55922,-0.22785,-0.25968
-0.03628,0.99868,0.03633,-0.04537,-0.74775,1.13288
-0.06182,0.983,0.1729,-0.22708,-1.26619,0.88302
-0.1291,0.94007,0.31559,-0.30411,-0.08582,0.67826
-0.2427,0.88185,0.40426,-0.22466,0.32212,0.34053
-0.33565,0.83714,0.43189,-1.19136,1.7787,0.99184
-0.33292,0.82431,0.45791,0.38784,1.9825,-0.30175
-0.30599,0.8271,0.47146,1.71427,2.55115,-3.19903
-0.31246,0.80643,0.50204,1.06495,0.67209,-1.07363
-0.31572,0.79385,0.51973,0.75473,0.149,-0.57536
-0.32252,0.79043,0.52078,0.34809,0.05133,-0.90938
-0.33194,0.79544,0.50704,0.42134,-0.25827,-0.95492
-0.32712,0.80537,0.49434,0.86168,-0.60157,-0.0706
-0.30749,0.82182,0.47965,1.12538,-0.8449,-0.08055
-0.29397,0.85025,0.43664,0.80479,-0.90749,-1.14049
-0.28007,0.88357,0.3753,0.37691,-0.54185,-1.09003
-0.26167,0.91646,0.30269,-0.00827,-0.12032,-0.16663
-0.24352,0.94333,0.22545,-0.31544,0.60861,0.42488
-0.22927,0.96344,0.13862,-1.06191,0.91408,-0.73875
-0.20418,0.97794,0.04402,-1.19149,1.51472,-0.84596
-0.17311,0.98465,-0.02214,-0.57751,2.33804,-0.52867
-0.12009,0.9889,-0.08747,-0.30932,2.13762,-0.22465
-0.067,0.98562,-0.15512,-0.52693,1.49654,-0.08218
-0.02898,0.9751,-0.21984,-1.0367,0.36857,-0.01898
-0.00458,0.9588,-0.28404,-0.63556,0.09453,-0.03497
-0.00266,0.94291,-0.33304,-0.06785,-0.34984,-0.0229
-0.02272,0.933,-0.35915,0.39429,-1.51551,-0.21602
-0.03769,0.93802,-0.34453,0.23263,-1.79289,-0.1813
-0.03302,0.95423,-0.29724,-0.01054,-2.00015,0.05429
-0.02202,0.9737,-0.22675,-0.00149,-1.38523,0.39451
-0.02568,0.9889,-0.14631,-0.01268,-1.06672,0.35199
-0.04209,0.99587,-0.08047,-0.15568,-0.71268,0.28356
-0.04794,0.99745,-0.05282,-0.09545,0.0236,-0.10495
-0.03191,0.99769,-0.05992,0.28873,-0.16449,-0.37499
-0.00111,0.99923,-0.03915,0.40464,-0.21618,0.18073
-0.01031,0.99982,0.01562,-1.9975,1.91917,-1.11671
-0.10053,0.99395,-0.04412,-2.52323,1.49101,0.80143
-0.10564,0.99433,-0.01215,-1.31802,0.22752,-0.42844
-0.09972,0.99396,0.04584,0.45493,-0.85623,0.82298
-0.10932,0.98034,0.16428,0.23131,-1.03742,0.47517
-0.17022,0.9387,0.29978,0.15068,-0.54984,0.48162
-0.28186,0.86933,0.40599,-0.04294,0.5637,0.95401
-0.3593,0.81881,0.44773,-0.50086,1.1821,0.51978
-0.33663,0.83282,0.43942,0.1862,1.27718,-0.19894
-0.3027,0.83618,0.45736,0.79813,1.24507,-2.21357
-0.30149,0.81871,0.48869,0.53729,0.45499,-0.68086
-0.30966,0.8083,0.50076,0.4073,0.31502,-0.57455
-0.31966,0.80402,0.50137,0.30823,-0.03911,-1.14356
-0.32908,0.80854,0.48782,0.73118,-0.27056,-0.5897
-0.32452,0.81969,0.47201,0.87465,-0.45289,-0.22552
-0.30667,0.83955,0.44844,1.07531,-0.84271,-0.44709
-0.29652,0.86713,0.4002,0.57524,-0.67946,-1.01166
-0.28009,0.89924,0.33604,0.38066,-0.60775,-1.06733
-0.25632,0.93105,0.25971,-0.23197,0.43962,0.1226
-0.24233,0.9552,0.1699,-0.65904,0.45294,0.12267
-0.21746,0.97374,0.06738,-0.97356,0.61516,-0.48827
-0.18814,0.98209,-0.01024,-0.65065,1.76138,-0.71869
-0.14979,0.9858,-0.07584,-0.25646,2.12563,-0.29681
-0.09688,0.98476,-0.14441,-0.19203,1.90421,-0.12235
-0.05123,0.97528,-0.21494,-0.94517,0.77035,0.0263
-0.02683,0.95619,-0.2915,-0.60734,0.18364,-0.0114
-0.01983,0.9351,-0.35382,-0.49114,-0.03184,0.03447
-0.03734,0.91822,-0.3943,0.34671,-0.76049,-0.0378
-0.0693,0.91361,-0.40065,0.28787,-1.40747,0.0787
-0.08701,0.92366,-0.37319,0.03415,-1.9189,0.23405
-0.08819,0.93951,-0.33097,0.17742,-1.94655,0.59749
-0.0712,0.96295,-0.26013,0.07333,-1.49107,0.59336
-0.06344,0.98261,-0.17449,-0.06579,-1.02601,0.41783
-0.07069,0.99244,-0.10028,-0.23076,-0.71333,0.13037
-0.07682,0.99485,-0.06616,-0.01477,0.34355,-0.80084
-0.06739,0.99445,-0.08079,0.29978,0.58659,-0.6296
-0.03913,0.99769,-0.05558,0.28905,0.37649,0.3315
-0.07356,0.99729,-0.00165,-1.48462,2.05601,-1.08746
-0.13917,0.98994,-0.02537,-3.16731,1.82726,-1.8337
-0.11681,0.99315,0.00229,-0.66728,-0.36002,-0.2108
-0.10412,0.99272,0.06061,0.40129,-0.98774,0.75923
-0.12015,0.97348,0.19467,0.321,-1.48975,0.83221
-0.18707,0.92358,0.33468,0.01126,-0.33834,0.91057
-0.30954,0.85113,0.42399,-1.49971,0.67069,0.9247
-0.36855,0.81922,0.43937,-1.18583,1.77921,1.43424
-0.34364,0.83291,0.43379,0.753,1.85625,-1.41103
-0.32878,0.8196,0.46921,1.01548,1.80848,-2.22248
-0.32767,0.79865,0.50477,0.75091,0.73487,-0.86272
-0.33509,0.78374,0.52294,0.40608,0.27615,-0.50006
-0.34349,0.77712,0.52736,0.56349,-0.08519,-1.52069
-0.36129,0.78949,0.49616,0.6513,-0.20528,-1.2551
-0.35882,0.80644,0.47001,0.86736,-0.48013,-0.02326
-0.33,0.82871,0.45204,1.07672,-1.02549,-0.03193
-0.31408,0.86079,0.40049,0.92119,-1.16334,-0.90249
-0.29924,0.89573,0.32881,0.29924,-0.17787,-0.36107
-0.27961,0.92546,0.25562,-0.11993,0.51189,0.12279
-0.27418,0.94763,0.16377,-0.38975,0.62183,0.03875
-0.25417,0.96434,0.07375,-1.20012,1.57531,-1.16478
-0.22447,0.97445,0.00716,-0.70035,1.9951,-0.44675
-0.18569,0.98058,-0.06309,-0.67597,2.0942,-0.03738
-0.13583,0.98212,-0.13032,-0.62113,1.2163,-0.13504
-0.09123,0.97783,-0.1885,-0.65467,0.41558,-0.04725
-0.0583,0.96849,-0.24212,-0.45374,0.23663,0.0189
-0.04374,0.95653,-0.28833,-0.05804,-0.12384,0.10815
-0.05522,0.94495,-0.32253,0.20512,-0.76387,0.07565
-0.07542,0.93975,-0.33345,0.21386,-1.06452,0.12652
-0.07212,0.94698,-0.3131,0.16268,-2.33025,0.44156
-0.04078,0.96602,-0.25523,-0.01562,-2.02919,0.62369
-0.02376,0.9856,-0.16744,-0.08811,-1.60872,0.49166
-0.03168,0.99608,-0.08256,-0.20832,-0.94077,0.24132
-0.04296,0.99871,-0.02693,-0.1798,-0.41455,-0.18844
-0.04238,0.99874,-0.02707,0.20599,0.20816,-0.84143
-0.01524,0.99907,-0.04032,0.51628,-0.00502,-0.36847
0.00664,0.99997,0.0029,-0.17657,0.50929,0.20065
-0.07351,0.99706,-0.02158,-1.39787,2.4324,-0.84286
-0.11917,0.9927,0.01837,-1.69642,0.59046,1.48955
-0.09268,0.99267,0.0776,-0.11543,-0.64042,0.32607
-0.08926,0.98372,0.15599,0.2694,-0.98482,0.57718
-0.13911,0.95643,0.2567,-0.13393,-0.50857,0.25369
-0.23293,0.90404,0.3584,-0.87663,0.49905,0.41816
-0.31651,0.85005,0.42099,-0.95889,0.86111,0.60265
-0.32678,0.83285,0.44675,0.51136,1.06543,-0.14366
-0.30413,0.84186,0.44583,1.22498,1.89716,-1.9409
-0.31333,0.81753,0.48319,0.79306,0.91462,-1.58364
-0.32213,0.79677,0.51126,0.78606,0.36972,-0.82565
-0.32451,0.79055,0.51936,0.63335,0.20224,-1.39471
-0.33367,0.7924,0.51066,0.63463,0.0924,-1.33616
-0.3391,0.80775,0.48223,0.66088,-0.24423,-0.57974
-0.32176,0.8253,0.46407,0.77194,-0.70263,0.03096
-0.2994,0.84975,0.43392,0.777,-0.84087,-0.3326
-0.28517,0.87991,0.38004,0.51462,-0.68625,-1.10522
-0.26613,0.91136,0.314,-0.04792,0.34248,0.04969
-0.24735,0.93787,0.24333,-0.24662,0.57829,0.32721
-0.23396,0.96021,0.15252,-0.67776,0.63009,-0.28953
-0.20965,0.9751,0.07223,-0.99271,1.32058,-1.04884
-0.17818,0.984,0.00233,-1.02418,1.31169,-0.97893
-0.13199,0.98888,-0.06847,-0.39961,1.68368,-0.11546
-0.08744,0.98707,-0.13432,-0.63283,1.22599,-0.07271
-0.05067,0.97973,-0.19381,-0.80685,0.56914,-0.05537
-0.03221,0.96742,-0.25112,-0.47958,0.16176,-0.00564
-0.03563,0.95478,-0.29516,-0.16708,-0.27061,0.20888
-0.04886,0.9452,-0.3228,0.09871,-0.54329,0.16175
-0.06564,0.94232,-0.32822,0.34172,-1.27786,0.16299
-0.06591,0.9508,-0.30272,0.12174,-2.25541,0.37611
-0.03837,0.96871,-0.2452,0.01333,-2.05669,0.44231
-0.02468,0.98666,-0.16092,-0.15165,-1.33773,0.34617
-0.03745,0.99614,-0.07934,-0.22748,-0.8126,0.05189
-0.05414,0.998,-0.03269,-0.22485,-0.50105,-0.14731
-0.04695,0.99766,-0.04975,0.32545,0.43438,-0.61425
-0.01181,0.99859,-0.05186,0.17871,0.70796,0.24063
-0.03093,0.99944,-0.01277,-0.47246,1.44125,0.48543
-0.0949,0.99518,-0.02482,-2.47754,0.95055,0.78631
-0.07467,0.9972,0.00425,-0.50351,-0.33843,-0.21091
-0.06424,0.99599,0.06227,-0.01755,-0.66347,0.82116
-0.08165,0.97705,0.19673,0.01725,-1.25553,0.63329
-0.14334,0.93936,0.31154,-0.01541,-0.10371,0.46884
-0.24161,0.8892,0.38853,0.11125,0.37783,0.35313
-0.32398,0.84832,0.41879,-0.71028,1.27887,0.54346
-0.3316,0.83026,0.44801,-0.00945,1.45633,0.0886
-0.30861,0.82677,0.47032,0.69454,1.71763,-1.95038
-0.30771,0.80561,0.50628,0.8571,1.00894,-1.29445
-0.31938,0.7875,0.52711,0.69827,0.59721,-0.64164
-0.33456,0.77753,0.53247,0.43855,0.48469,-0.85145
-0.34206,0.78069,0.52299,0.61875,-0.24138,-1.05927
-0.3421,0.79181,0.50596,0.85436,-0.5391,-0.42915
-0.32371,0.80923,0.49026,0.90965,-0.64958,-0.12342
-0.30751,0.8356,0.45519,0.65941,-0.84242,-0.65635
-0.29276,0.86997,0.3968,0.34445,-0.5659,-0.70557
-0.27299,0.90446,0.32776,0.12279,-0.23335,-0.32023
-0.26223,0.93292,0.24678,-0.54908,0.4708,-0.09076
-0.24252,0.95707,0.15877,-1.03924,0.7812,-0.74366
-0.21486,0.97317,0.08233,-1.01902,1.03272,-1.0263
-0.18172,0.98334,0.00448,-0.4159,1.59045,-0.34382
-0.13993,0.98774,-0.06925,-0.07787,1.79985,-0.13114
-0.09497,0.9872,-0.12817,-0.27306,1.5484,-0.13361
-0.05991,0.98097,-0.1847,-0.33406,0.30694,-0.03113
-0.04553,0.96928,-0.24169,-0.28012,0.13271,0.01191
-0.0528,0.95155,-0.30292,0.00148,-0.21211,0.12517
-0.08809,0.93366,-0.34716,0.00674,-0.69967,0.16146
-0.11704,0.92755,-0.3549,0.0445,-1.57524,0.21264
-0.11095,0.93939,-0.32439,0.05639,-1.9667,0.15141
-0.06924,0.96354,-0.25847,-0.03722,-2.07647,0.39209
-0.04309,0.98433,-0.17099,-0.1624,-1.03616,0.31961
-0.04678,0.9955,-0.08239,-0.17447,-0.9256,0.12164
-0.05927,0.99795,-0.02397,-0.14386,-0.63042,-0.12463
-0.05554,0.99779,-0.03644,0.28578,0.39839,-0.75047
-0.02938,0.99833,-0.04977,0.42034,0.42606,-0.19322
-0.05192,0.9983,-0.02643,-0.77281,1.43305,0.14703
-0.12347,0.99193,-0.0287,-2.03034,0.62576,0.95018
-0.11025,0.99384,0.01157,-0.93622,-0.2686,-0.2621
-0.10514,0.99227,0.06592,0.112,-0.6366,0.78716
-0.12509,0.9775,0.16986,-0.00939,-0.96904,0.55202
-0.19049,0.93823,0.28885,-0.07038,-0.41669,0.52423
-0.29964,0.87399,0.38257,-0.92978,0.56259,0.24136
-0.36502,0.82572,0.43006,-0.75203,1.5767,0.85098
-0.35619,0.82324,0.44206,-0.12555,1.66398,0.23803
-0.33289,0.81814,0.46886,1.31158,1.66495,-2.21941
-0.33493,0.79753,0.50176,0.85075,0.83044,-1.00327
-0.3476,0.78296,0.51589,0.68497,0.60058,-0.7204
-0.36243,0.77526,0.51731,0.24587,0.01673,-1.24966
-0.37261,0.77768,0.50634,0.63423,-0.22521,-0.89741
-0.36896,0.78813,0.49266,0.82699,-0.39139,-0.49399
-0.34847,0.80909,0.47323,1.24503,-0.84288,-0.22537
-0.33459,0.83887,0.42936,0.85086,-0.95573,-0.97372
-0.31871,0.87543,0.36339,0.60321,-0.80281,-0.92684
-0.29714,0.90947,0.29081,-0.05216,0.53641,0.12562
-0.28904,0.93544,0.20348,-0.60611,0.63179,-0.06744
-0.26547,0.9581,0.10756,-1.04918,0.77605,-0.70943
-0.2324,0.97211,0.03163,-0.91584,1.78047,-0.88749
-0.19509,0.97987,-0.04231,-0.55109,2.39465,-0.1246
-0.15099,0.98161,-0.11683,-0.30839,2.2297,0.07014
-0.11399,0.97602,-0.18546,-0.54375,0.62471,-0.02905
-0.08868,0.96393,-0.25093,-0.33241,0.14564,0.16837
-0.07542,0.94985,-0.30347,-0.28247,0.09043,0.14936
-0.0823,0.93754,-0.33799,0.1269,-0.62327,0.17542
-0.09516,0.93217,-0.34928,0.09957,-1.23779,0.14233
-0.09089,0.93909,-0.33144,0.01771,-2.18448,0.32368
-0.06057,0.95769,-0.28134,-0.0732,-1.89161,0.6724
-0.03403,0.98127,-0.18961,-0.15187,-1.54491,0.56893
-0.03613,0.99538,-0.089,-0.22429,-1.06036,0.3044
-0.05255,0.99851,-0.01484,-0.26564,-0.48075,-0.24805
-0.067,0.99775,0.00206,0.01995,0.19503,-0.98614
-0.06044,0.99754,-0.03555,0.32668,0.3205,-0.8615
-0.03091,0.99922,-0.02467,-0.26065,1.16278,0.39747
-0.08573,0.99624,0.01242,-2.71777,1.58874,-1.04892
-0.15211,0.98818,0.01903,-3.01581,1.38293,1.0675
-0.12473,0.99069,0.05452,0.008,-0.39987,0.39602
-0.11279,0.98637,0.11979,0.41462,-1.20415,0.89364
-0.13417,0.9615,0.23983,0.24012,-1.20167,0.55384
-0.20772,0.91018,0.35837,0.11949,-0.08553,0.75693
-0.31726,0.85562,0.40898,-1.33402,1.45751,0.86671
-0.34728,0.83816,0.42057,-0.91019,1.72942,1.00921
-0.31684,0.83572,0.44853,0.97486,1.64601,-2.13537
-0.31483,0.81475,0.48689,0.72044,0.69022,-1.26538
-0.32694,0.79404,0.51246,0.44312,0.36041,-0.95315
-0.33647,0.78595,0.51873,0.2151,0.12158,-1.28379
-0.34862,0.7858,0.51086,0.69042,0.00578,-1.25885
-0.35948,0.79842,0.48302,0.8219,-0.17876,-0.78369
-0.34656,0.8154,0.46371,0.98244,-0.70441,0.11852
-0.32667,0.84092,0.43143,0.82111,-0.91697,-0.70934
-0.31391,0.87208,0.37542,0.6107,-0.79365,-1.07267
-0.29144,0.90599,0.307,0.26829,-0.17972,-0.26549
-0.26527,0.93598,0.23146,-0.16048,0.53839,0.19483
-0.24614,0.95877,0.14202,-0.3256,0.50687,0.33113
-0.22175,0.97388,0.04874,-0.96547,1.42745,-0.84189
-0.18938,0.98181,-0.01385,-0.64253,2.4459,-0.67754
-0.1355,0.98832,-0.06967,-0.5104,2.33091,-0.38144
-0.07759,0.9888,-0.12751,-0.95453,1.2693,-0.14789
-0.03543,0.98156,-0.18782,-0.75114,0.33614,0.00499
-0.00819,0.96799,-0.25085,-0.49422,0.2203,0.09071
-0.00323,0.95266,-0.30401,-0.10792,-0.33719,0.10874
-0.01587,0.94096,-0.33814,0.00128,-1.11546,-0.06515
-0.02905,0.94174,-0.33508,0.0426,-1.47948,-0.07082
-0.03022,0.95215,-0.30415,-0.05042,-2.13992,0.29184
-0.01432,0.96928,-0.24554,-0.04456,-1.74433,0.61594
-0.00391,0.98851,-0.15109,-0.12222,-1.42435,0.5609
-0.01526,0.99787,-0.06342,-0.348,-0.91196,0.26817
-0.02652,0.99946,-0.01953,-0.39162,-0.30591,-0.21811
-0.02154,0.99942,-0.02641,-0.13966,-0.0092,-0.40924
0.00724,0.99996,0.00521,0.45394,-0.26891,-0.00739
0.00075,0.99644,0.08431,-0.37712,0.97245,-0.00815
-0.12667,0.99124,0.03747,-1.71821,2.66707,-1.01697
-0.14107,0.98431,0.10597,-1.50919,0.42777,0.03089
-0.12715,0.97782,0.16641,0.21389,-0.58171,0.32448
-0.13359,0.95461,0.26621,0.37063,-0.94978,0.81852
-0.17775,0.8997,0.39867,0.18965,-0.69176,0.49121
-0.27534,0.82731,0.48963,-0.17073,0.32048,0.76716
-0.3326,0.80351,0.49371,-0.73713,1.42446,0.98815
-0.31328,0.81887,0.48095,0.77894,2.09034,-2.18184
-0.29891,0.80498,0.51251,0.94507,1.32968,-2.33348
-0.29413,0.78951,0.53866,0.68907,0.48441,-0.72025
-0.30096,0.77926,0.5497,0.16832,0.24039,-1.29238
-0.31024,0.77705,0.54767,0.34606,0.08751,-1.42923
-0.31995,0.78895,0.52459,0.65679,-0.19572,-0.82807
-0.31159,0.80614,0.50305,0.926,-0.61623,0.0035
-0.28942,0.82838,0.4796,0.92713,-0.97319,-0.68575
-0.28327,0.85821,0.42804,0.62742,-0.79239,-1.08404
-0.27226,0.89162,0.36178,-0.0858,0.23229,-0.1235
-0.25673,0.92166,0.2909,-0.38695,0.55661,0.21593
-0.23885,0.95139,0.19447,-0.84918,0.55144,-0.52981
-0.20776,0.97205,0.10936,-0.96073,1.08006,-0.9364
-0.18249,0.98277,0.02924,-0.93405,1.51924,-0.59417
-0.14223,0.98897,-0.04144,-0.48457,2.0956,-0.23015
-0.08705,0.99123,-0.09943,-0.3978,1.74755,-0.16474
-0.03683,0.98692,-0.15696,-0.71399,0.41732,-0.04781
-0.00807,0.97353,-0.22842,-0.58298,0.21769,0.13702
-0.01127,0.95159,-0.30716,-0.18216,-0.1312,0.22116
-0.03555,0.9332,-0.3576,0.27719,-1.04073,0.23333
-0.05057,0.93099,-0.36154,0.44972,-1.53333,0.27046
-0.03352,0.94658,-0.32074,0.17602,-2.41487,0.41922
0.00092,0.97019,-0.24233,-0.49453,-1.66432,0.47968
0.00813,0.98912,-0.14689,-0.35891,-1.07249,0.39954
-0.00997,0.9981,-0.06082,-0.29163,-0.84069,0.17575
-0.02834,0.99952,-0.01218,-0.26819,-0.6394,0.03511
-0.02485,0.99891,-0.0394,0.33218,0.17697,-0.74459
-0.0022,0.99922,-0.03953,0.24698,0.5355,0.15862
-0.04251,0.99883,-0.02303,-0.33451,1.03987,-0.03763
-0.11764,0.99306,-0.00079,-2.31378,1.9092,-0.64053
-0.10683,0.9921,0.06572,-0.78313,-0.12327,-0.10132
-0.10465,0.98456,0.1403,0.01396,-0.90859,0.70992
-0.13167,0.9633,0.23391,0.16388,-1.04599,0.61727
-0.20705,0.91897,0.33561,-0.16692,0.05976,0.42335
-0.30791,0.85538,0.41655,-1.13522,0.69998,0.46602
-0.33215,0.83638,0.43605,-1.02036,1.45044,0.96025
-0.30998,0.84135,0.44276,1.40795,2.14325,-3.02226
-0.29637,0.82649,0.47863,1.20782,1.21388,-1.83745
-0.28986,0.81085,0.50843,1.07938,0.98785,-1.27374
-0.30589,0.79689,0.52096,0.26205,-0.0661,-0.61172
-0.31725,0.79385,0.51881,-0.07775,-0.17429,-1.39028
-0.32478,0.80484,0.49673,0.18204,-0.16236,-1.31893
-0.32039,0.81723,0.47905,0.7141,-0.53499,-0.01784
-0.30448,0.83583,0.45681,1.00178,-0.87255,0.01173
-0.29863,0.86403,0.40531,1.00638,-1.01735,-0.53774
-0.28618,0.89569,0.34035,0.31682,-0.53021,-0.69367
-0.26459,0.92545,0.27118,-0.25029,0.40703,0.29055
-0.25181,0.94934,0.18802,-0.26307,0.38314,0.37372
-0.23626,0.96696,0.09578,-0.85731,1.36549,-0.78441
-0.2104,0.97731,0.02437,-0.79364,1.86502,-0.98164
-0.16012,0.98649,-0.03467,-0.34192,2.27393,-0.4219
-0.0976,0.98986,-0.10324,-0.30273,1.38618,-0.04639
-0.05585,0.98419,-0.16809,-1.04387,0.44233,-0.02685
-0.03281,0.97223,-0.23173,-0.77864,0.23748,0.11523
-0.02469,0.95655,-0.29051,-0.22723,-0.07948,0.02891
-0.03134,0.94244,-0.3329,-0.21368,-0.26687,0.05615
-0.04953,0.93348,-0.35519,-0.22154,-0.8536,-0.14404
-0.06716,0.93641,-0.34441,0.06147,-2.09878,0.20925
-0.07407,0.94987,-0.30375,0.24259,-2.16773,0.40093
-0.06812,0.97211,-0.22441,0.19059,-1.55637,0.4477
-0.07286,0.98768,-0.13846,0.04921,-0.76999,0.06089
-0.08051,0.99336,-0.08223,0.11655,-0.23683,0.01137
-0.06738,0.99464,-0.07844,0.11696,-0.08679,-0.0689
-0.03648,0.99509,-0.09203,-0.57691,1.81796,-0.25272
-0.06949,0.99304,-0.09507,-2.10544,1.94734,-0.40325
-0.08011,0.99381,-0.07695,-1.59486,0.74855,0.3644
-0.06616,0.99456,-0.08042,0.00185,-0.42645,0.08655
-0.06346,0.99792,0.01152,0.29013,-1.27297,1.69491
-0.10303,0.98103,0.1642,-0.01507,-1.33809,1.02428
-0.18972,0.93945,0.28537,-0.3983,0.02553,0.38768
-0.29641,0.89202,0.34125,-1.01214,0.54918,-0.09166
-0.3552,0.85455,0.37892,-1.32254,0.94819,0.19297
-0.34641,0.84482,0.40777,0.00605,1.48162,-0.06136
-0.33887,0.82609,0.45027,1.25799,2.10053,-2.20433
-0.35362,0.79933,0.48583,0.98646,1.55039,-2.12511
-0.37053,0.77944,0.50516,0.66848,0.45028,-0.83244
-0.37684,0.7735,0.5096,0.3244,-0.0442,-0.66324
-0.38168,0.77527,0.50326,0.23564,-0.31098,-0.93763
-0.38169,0.78721,0.48436,0.85665,-0.47021,-0.52782
-0.36697,0.80452,0.46699,1.11981,-0.7164,0.05805
-0.35083,0.83261,0.42858,1.08872,-0.87015,-0.11795
-0.33739,0.8661,0.36883,0.32748,-0.76628,-1.08154
-0.31852,0.89874,0.30136,-0.08857,-0.22776,-0.08162
-0.29699,0.92747,0.22716,-0.37091,0.18887,0.20509
-0.27408,0.95103,0.14292,-0.81096,0.38389,-0.38424
-0.24645,0.96702,0.06435,-0.86551,1.11788,-0.71052
-0.21761,0.97601,0.00699,-0.8408,1.57752,-0.79868
-0.15969,0.98591,-0.04983,0.02516,2.23803,-0.30078
-0.09008,0.99085,-0.10046,-0.38683,1.39055,-0.19007
-0.0409,0.98704,-0.15515,-0.67366,0.94397,-0.07759
-0.01269,0.97602,-0.21731,-0.24533,0.10216,0.18
-0.00944,0.95929,-0.28226,0.00419,-0.10057,0.21036
-0.02785,0.94271,-0.33246,0.14942,-0.7383,0.18738
-0.04502,0.93838,-0.34266,-0.49366,-2.13746,0.21318
-0.04888,0.94643,-0.31918,-0.3549,-2.38218,0.37293
-0.03636,0.96595,-0.25616,-0.20952,-1.97482,0.51154
-0.03679,0.98469,-0.17036,-0.09364,-1.03274,0.37767
-0.05083,0.99412,-0.09565,-0.07751,-0.60773,-0.06715
-0.05692,0.99607,-0.06786,0.06045,-0.26151,-0.30629
-0.033,0.99637,-0.07852,0.57596,0.25688,-0.55907
-0.00593,0.99917,-0.0402,0.29757,0.51552,0.05095
-0.0511,0.9984,-0.02408,-1.8946,1.88214,-0.33595
-0.07916,0.99686,-0.00322,-2.87306,1.29027,-0.03612
-0.06623,0.99765,0.01726,-0.02554,-0.43876,1.02273
-0.07349,0.99039,0.11719,0.15964,-0.98447,1.18607
-0.12455,0.95701,0.26195,-0.21339,-0.72293,0.67291
-0.21881,0.9018,0.37268,-0.53066,0.20857,0.68732
-0.32302,0.83506,0.44535,-0.9577,0.467,0.51228
-0.33896,0.81667,0.46707,-0.92694,1.4846,1.28988
-0.31339,0.83158,0.45855,0.69076,2.20004,-2.53824
-0.30666,0.81755,0.48741,1.02793,1.57694,-2.38548
-0.31316,0.80311,0.5069,0.87791,0.61254,-0.85261
-0.32372,0.79717,0.50963,0.33037,-0.15161,-0.84834
-0.33155,0.79627,0.50599,0.28782,-0.22778,-1.20397
-0.33521,0.80494,0.4896,0.76194,-0.41103,-0.33861
-0.31835,0.81749,0.47996,1.05352,-0.72928,-0.01497
-0.29633,0.84138,0.45197,1.19501,-0.86482,-0.16503
-0.28572,0.8716,0.39835,0.54483,-0.68645,-1.06612
-0.27036,0.90325,0.33324,0.1145,-0.2622,-0.49984
-0.25221,0.93231,0.25922,-0.14845,0.089,-0.05353
-0.23911,0.95572,0.17156,-0.98962,0.52895,-0.22282
-0.20974,0.97385,0.08734,-1.11519,1.19098,-0.62044
-0.17923,0.98357,0.02143,-1.09213,1.39448,-1.01971
-0.1279,0.99063,-0.04786,-0.18412,1.91422,-0.25838
-0.06522,0.99099,-0.11695,-0.45014,1.40551,-0.02021
-0.02108,0.98315,-0.1816,-0.89131,1.07735,0.02155
0.00216,0.96886,-0.2476,-0.66073,0.27203,-0.09001
0.00728,0.95241,-0.30473,-0.18968,-0.1494,0.1256
-0.01399,0.93686,-0.34942,0.07566,-0.34863,0.12936
-0.04222,0.93145,-0.36142,0.10385,-1.38529,-0.03798
-0.04874,0.93979,-0.33825,-0.09106,-2.10525,0.12974
-0.04026,0.95489,-0.29421,-0.09081,-2.0785,0.24805
-0.03306,0.97508,-0.2194,-0.04877,-1.28704,0.43453
-0.04208,0.9894,-0.13902,-0.1613,-0.91197,0.32075
-0.05174,0.99499,-0.08559,-0.22556,-0.74547,0.21805
-0.04525,0.99526,-0.08611,-0.16475,0.15376,-0.55445
-0.01904,0.99291,-0.11737,-0.99123,2.42329,-0.04012
-0.03727,0.99334,-0.10905,-0.973,2.42286,-0.04844
-0.04409,0.99787,-0.04807,-0.89456,-1.13639,-1.05792
-0.02521,0.99887,-0.04034,-0.1687,-0.51686,0.60995
-0.03401,0.99798,0.0536,-0.13739,-0.91829,1.26287
-0.08663,0.97683,0.19572,-0.43244,-0.62275,0.86796
-0.17884,0.93695,0.30022,-0.44948,0.12581,0.1009
-0.29192,0.88465,0.36356,-0.53632,0.57405,-0.1603
-0.34973,0.8355,0.42383,-0.65448,1.96901,1.08783
-0.32428,0.83311,0.44808,-0.67994,1.9714,1.06358
-0.30039,0.83239,0.46572,1.6303,2.34088,-2.69605
-0.2961,0.81682,0.4951,0.96993,0.80357,-1.26077
-0.29718,0.80578,0.51225,0.56079,-0.0769,-0.54298
-0.30211,0.80078,0.51719,-0.00961,-0.18103,-0.8176
-0.30565,0.80172,0.51364,0.36368,-0.29612,-1.0986
-0.30336,0.80956,0.50257,0.77027,-0.59669,-0.27209
-0.28706,0.82283,0.49045,0.89842,-0.66823,-0.05491
-0.2767,0.8477,0.45259,0.85306,-0.82678,-1.03074
-0.27418,0.87972,0.38848,0.17907,-0.49506,-1.40285
-0.26372,0.9129,0.31156,-0.0436,-0.20803,-0.70745
-0.25336,0.94014,0.22792,-0.68104,0.62239,0.46239
-0.23123,0.96422,0.12966,-1.07251,0.86265,-0.38085
-0.20001,0.97883,0.04353,-0.92759,1.259,-0.52419
-0.16452,0.98605,-0.02522,-0.22287,2.6675,-0.52846
-0.09817,0.99126,-0.08816,0.01477,2.10315,0.02612
-0.03383,0.98675,-0.1587,-0.48039,1.70582,0.03945
0.00187,0.97154,-0.23686,-0.98835,0.41829,-0.0009
0.01376,0.94796,-0.31809,-0.46844,-0.0034,0.23706
0.00241,0.92198,-0.38723,-0.32892,-0.12481,0.37547
-0.02156,0.90445,-0.42604,0.33474,-1.18773,0.27806
-0.04262,0.90311,-0.42729,0.11085,-2.0289,0.29566
-0.0338,0.9176,-0.39607,-0.05339,-2.38363,0.45287
-0.00109,0.946,-0.32417,-0.43116,-1.7453,0.68088
0.01693,0.9746,-0.22332,-0.45245,-1.22648,0.54764
0.01058,0.992,-0.12579,-0.41148,-1.04898,0.36301
-0.01048,0.99829,-0.05751,-0.23729,-0.56853,0.00755
-0.0269,0.99827,-0.05222,0.01863,0.006,-0.26076
-0.0147,0.99784,-0.06409,0.19243,0.16607,-0.34187
-0.00749,0.9996,-0.02741,0.00157,0.73864,0.23248
-0.09176,0.99569,-0.01327,-2.00234,2.11994,-0.83778
-0.1231,0.9912,0.04855,-2.60486,1.35412,0.73419
-0.1045,0.99021,0.09252,-0.4004,-0.13802,0.20701
-0.11159,0.97966,0.16675,0.17342,-1.16195,0.6922
-0.15037,0.95127,0.26922,0.21731,-1.2155,0.43986
-0.23895,0.89846,0.36833,-0.20082,0.29264,0.63651
-0.31893,0.84697,0.42535,-1.53693,1.22942,1.62863
-0.30752,0.84665,0.4343,-0.94991,1.68343,1.20864
-0.28766,0.84293,0.45467,1.41489,2.4844,-2.71613
-0.28948,0.82295,0.48883,0.91144,0.82946,-1.26859
-0.30311,0.80868,0.50414,0.62014,0.31492,-1.05084
-0.30991,0.80276,0.50944,0.15624,0.00838,-0.79931
-0.32281,0.80307,0.50087,0.41393,-0.08731,-0.99054
-0.32428,0.81095,0.48703,0.61592,-0.16321,-0.80463
-0.30352,0.82654,0.47404,1.1458,-0.69069,-0.06024
-0.289,0.85343,0.43374,0.73039,-0.66402,-1.2808
-0.28133,0.8851,0.37075,0.72272,-0.69569,-1.21781
-0.26017,0.9195,0.29466,-0.26789,0.54168,0.24582
-0.23927,0.94764,0.2115,-0.69169,0.47761,0.1199
-0.20552,0.97247,0.10987,-0.91749,0.54096,-0.35957
-0.16919,0.98541,0.01851,-1.03225,1.60382,-0.98371
-0.13103,0.98983,-0.05533,-0.71149,2.11179,-0.50716
-0.07527,0.9899,-0.12015,-0.41719,2.00076,-0.03603
-0.02227,0.98321,-0.18111,-1.01123,1.38379,0.00605
0.01413,0.96789,-0.25096,-0.843,0.63037,0.01969
0.03024,0.94832,-0.31587,-0.63445,0.14306,0.1356
0.02369,0.92747,-0.37316,-0.05241,-0.43047,0.17061
0.00149,0.91279,-0.40844,0.06745,-0.7647,0.13704
-0.0194,0.91383,-0.40564,0.03155,-1.68595,-0.00456
-0.0276,0.92513,-0.37865,0.18981,-2.00506,0.51919
-0.01998,0.94899,-0.31466,0.25371,-2.00321,0.73166
-0.01511,0.97628,-0.21599,-0.02589,-1.43635,0.68536
-0.03007,0.99137,-0.12762,-0.23987,-0.85546,0.27265
-0.05071,0.99596,-0.0741,-0.1295,-0.31498,-0.15982
-0.05577,0.99496,-0.08336,0.03659,0.01256,-0.29973
-0.02705,0.99561,-0.08965,0.07902,1.14024,-0.45679
-0.04954,0.99725,-0.05513,-1.9905,2.10798,-1.14238
-0.07225,0.9972,-0.01937,-2.31071,1.39565,0.05761
-0.05026,0.99838,-0.02677,-0.6879,-0.04039,-0.48199
-0.04913,0.99808,0.03764,-0.06311,-0.9724,1.13042
-0.08594,0.98282,0.16333,0.03723,-1.3535,1.11142
-0.16715,0.94308,0.28751,-0.3002,-0.08476,0.70672
-0.28815,0.88318,0.37009,-0.9133,0.61875,0.06251
-0.33847,0.85199,0.39944,-1.57735,1.22186,0.58621
-0.32063,0.85532,0.40698,1.62151,2.36148,-2.31007
-0.31509,0.84234,0.43725,1.71031,2.56322,-2.22475
-0.3056,0.83011,0.4664,0.81576,0.55015,-1.05752
-0.30806,0.81901,0.48407,0.13814,0.01566,-0.65593
-0.31116,0.81648,0.48635,-0.07597,-0.16204,-1.23008
-0.31977,0.82341,0.46877,0.49446,-0.22509,-1.04911
-0.321,0.83436,0.44811,0.87515,-0.51629,-0.18958
-0.30671,0.84989,0.42851,1.08262,-0.8613,0.03954
-0.29703,0.87319,0.38641,0.96251,-1.01877,-0.78042
-0.28899,0.90032,0.32543,0.3649,-0.61018,-1.10888
-0.27067,0.92832,0.25489,-0.01372,-0.3006,-0.08779
-0.24775,0.95212,0.17914,-0.55323,0.47972,0.41484
-0.21469,0.9722,0.09341,-0.86116,0.78189,-0.30025
-0.17864,0.98386,0.00997,-0.95507,1.37197,-0.54604
-0.14449,0.98802,-0.05429,-0.81711,2.25616,-0.72267
-0.08025,0.9905,-0.11165,-0.38913,2.07978,-0.34578
-0.01507,0.98583,-0.16708,-1.2146,0.78976,-0.14049
0.02922,0.97171,-0.23438,-0.88335,0.38283,-0.10368
0.05112,0.95135,-0.30384,-0.25714,0.02079,0.08416
0.04586,0.93017,-0.36426,-0.09217,-0.13459,0.25978
0.02612,0.91415,-0.40452,0.06914,-0.75845,0.26127
0.00689,0.9127,-0.40858,-0.52797,-1.904,0.24982
-0.00013,0.92192,-0.38738,-0.39104,-1.94261,0.53539
0.00072,0.94359,-0.3311,-0.23696,-1.84058,0.66269
-0.003,0.9713,-0.23786,-0.06857,-1.09024,0.48311
-0.0214,0.98857,-0.14922,-0.03589,-0.92929,0.21786
-0.02879,0.99481,-0.09762,0.25038,-0.43249,0.10653
-0.00068,0.99764,-0.06863,0.53654,-0.13645,-0.18993
0.0355,0.99918,-0.01936,-0.03707,0.59817,0.22979
-0.00752,0.99977,-0.02026,-1.15951,2.00936,-0.8829
-0.03341,0.99933,-0.01467,-3.09679,1.89919,0.2138
-0.00487,0.99999,-0.00174,-0.06309,-0.22248,0.01352
0.00424,0.99589,0.09048,0.1171,-0.80293,1.26763
-0.03217,0.97485,0.22054,0.03104,-1.42738,0.9999
-0.1127,0.9377,0.32866,-0.24069,-0.28246,0.80592
-0.225,0.8936,0.3884,-0.36229,0.42293,0.1866
-0.28557,0.85931,0.4243,-0.96555,1.24059,-0.00754
-0.28569,0.84897,0.44455,0.44509,1.72982,-0.60707
-0.28255,0.84262,0.45843,0.99803,2.10954,-2.0724
-0.27727,0.82866,0.48625,0.75348,0.92645,-1.13846
-0.28025,0.81502,0.50716,0.67894,0.18094,-0.68451
-0.28768,0.81067,0.50996,0.28261,0.09955,-0.73739
-0.2954,0.8159,0.49704,0.55402,-0.19691,-0.9754
-0.29452,0.82952,0.47449,0.79333,-0.47697,-0.25086
-0.27703,0.84652,0.45459,0.86242,-0.60685,0.02476
-0.26296,0.87008,0.41692,0.73739,-1.01081,-0.81484
-0.25161,0.90015,0.35555,0.31366,-0.6134,-0.85639
-0.23187,0.93022,0.28448,0.08082,-0.30051,-0.47454
-0.21351,0.9556,0.20308,-0.89315,0.49771,-0.13516
-0.18131,0.97547,0.12483,-1.02147,0.68365,-0.48847
-0.15021,0.98713,0.05479,-0.98197,0.84618,-0.77921
-0.11028,0.99382,-0.01248,-0.48628,2.06344,-0.29924
-0.05135,0.99582,-0.07553,-0.31887,2.0155,-0.11119
-0.00183,0.99097,-0.13408,-0.56619,1.62266,-0.1047
0.03151,0.97823,-0.20513,-0.65477,0.42691,0.02285
0.04747,0.95882,-0.28003,-0.48683,0.04385,0.13182
0.04189,0.93655,-0.34803,-0.31737,-0.0442,0.17376
0.01531,0.92007,-0.39145,0.01483,-0.69795,0.06597
-0.01042,0.9202,-0.3913,0.01331,-1.64942,0.21017
-0.01099,0.93246,-0.3611,-0.15583,-1.96907,0.30223
0.01156,0.95484,-0.2969,-0.09462,-2.00496,0.64581
0.026,0.97879,-0.2032,-0.2984,-1.07916,0.40737
0.01993,0.99357,-0.11145,-0.33089,-0.97196,0.19368
0.00687,0.99815,-0.06042,-0.01801,-0.23433,-0.4621
0.00997,0.99786,-0.06463,0.46186,0.26958,-0.63759
0.0287,0.99913,-0.03013,0.33302,0.21324,-0.06798
-0.02187,0.99966,0.01435,-3.18972,2.33501,-1.40284
-0.06863,0.99559,0.06401,-3.23006,1.55141,0.59664
-0.05056,0.99416,0.0953,-0.80268,-0.17332,-0.52545
-0.06024,0.98488,0.16244,0.05767,-0.73625,1.00152
-0.10443,0.95487,0.27805,0.07719,-0.92169,0.36001
-0.18057,0.90239,0.39126,-0.0155,-0.21887,0.78166
-0.26745,0.84237,0.46785,-0.76681,0.65677,0.68751
-0.28425,0.81674,0.50213,-0.34765,1.22064,0.71733
-0.26799,0.83082,0.48777,0.37563,1.46685,-0.32053
-0.26489,0.81517,0.51511,0.97866,1.23076,-1.57594
-0.26257,0.80154,0.5372,0.55946,0.28452,-0.48996
-0.26711,0.79604,0.54311,0.32708,0.03019,-0.65197
-0.26964,0.79565,0.54243,0.22565,-0.21708,-1.42086
-0.27539,0.81063,0.51675,0.66395,-0.52009,-0.24791
-0.26452,0.8279,0.49459,0.797,-0.7018,-0.0369
-0.24179,0.85048,0.46714,0.91292,-1.01891,-0.31225
-0.22896,0.87957,0.41704,0.29523,-0.54106,-1.279
-0.21465,0.91225,0.34888,0.1192,-0.23467,-0.69315
-0.19984,0.94068,0.27419,-0.37869,0.55692,0.20377
-0.1903,0.96391,0.18617,-1.39829,1.12843,-0.54545
-0.15812,0.98222,0.10124,-1.37405,1.35407,-0.97471
-0.12884,0.99119,0.03079,-0.94555,2.08086,-0.59207
-0.07879,0.9959,-0.04434,-0.27245,1.7513,-0.16649
-0.01842,0.99347,-0.1126,-0.6156,1.33313,-0.19935
0.02529,0.98376,-0.1777,-0.79046,0.5366,-0.06029
0.05329,0.96654,-0.25091,-0.40824,-0.00011,0.06573
0.05892,0.94448,-0.32323,-0.28956,-0.11648,0.2107
0.04349,0.92384,-0.38029,0.19499,-1.15231,0.02305
0.02509,0.91916,-0.39309,-0.21486,-2.06552,0.02113
0.02492,0.93289,-0.35929,-0.31403,-2.30881,0.14156
0.03074,0.95219,-0.30396,-0.11547,-1.74146,0.6365
0.03692,0.97625,-0.21347,-0.12617,-1.04772,0.56262
0.01992,0.99349,-0.11217,-0.1766,-0.89597,0.41842
-0.00878,0.99924,-0.03796,-0.04337,-0.36386,0.01256
-0.02289,0.99951,-0.02155,0.3001,0.25455,-0.02453
-0.0023,0.99975,-0.02237,0.44851,0.18592,-0.3334
0.0101,0.99953,0.02908,-1.18863,1.71115,-1.17257
-0.06389,0.9979,0.01037,-3.19447,2.1928,-0.16127
-0.07448,0.99688,0.02614,-1.95696,1.01191,0.8347
-0.0528,0.99442,0.09133,0.12209,-0.94387,0.53342
-0.04093,0.97782,0.2054,0.27679,-1.23161,0.69694
-0.07805,0.94497,0.31771,0.14717,-1.08749,0.28689
-0.1634,0.89528,0.41447,-0.18931,0.44584,0.32366
-0.28449,0.83932,0.46326,-1.28531,1.19669,0.34732
-0.31778,0.80952,0.49365,-1.06435,1.62677,0.8539
-0.28106,0.82294,0.49374,1.10076,1.36051,-2.75047
-0.26631,0.81692,0.51159,0.72632,0.87148,-1.70719
-0.27103,0.79866,0.53729,0.63378,0.74561,-1.14018
-0.27747,0.79512,0.53925,0.21079,0.43766,-1.00887
-0.28159,0.79655,0.53499,0.2574,-0.02616,-0.715
-0.28946,0.80504,0.5178,0.38031,-0.26648,-0.62391
-0.28249,0.81781,0.50139,0.91269,-0.67413,-0.30498
-0.27175,0.83871,0.47193,0.97345,-0.82487,-0.68224
-0.26418,0.86673,0.42307,0.71723,-0.75343,-0.99921
-0.24872,0.89898,0.36052,0.08313,-0.53242,-0.81076
-0.22881,0.93168,0.28216,-0.25971,0.07633,0.05572
-0.21831,0.95627,0.19464,-0.55533,0.51382,0.37205
-0.20503,0.9741,0.09538,-1.0565,1.27883,-0.45262
-0.17638,0.9842,0.01589,-0.69852,1.76545,-0.52877
-0.13076,0.99041,-0.04467,-0.27723,2.39616,-0.5014
-0.05952,0.99186,-0.11256,-0.08159,1.46282,-0.2209
-0.00179,0.98341,-0.1814,-1.05555,0.92325,-0.0866
0.03001,0.96659,-0.25456,-0.83002,0.24125,0.12181
0.04087,0.94463,-0.3256,-0.38399,-0.14107,-0.0288
0.02244,0.92794,-0.37207,-0.2382,-0.77767,0.20344
-0.00359,0.9196,-0.39285,-0.23564,-1.02598,0.12786
-0.02252,0.92338,-0.38322,-0.34257,-1.54121,-0.10111
-0.03061,0.93954,-0.34108,-0.05585,-1.79413,0.10781
-0.02847,0.96068,-0.27618,0.13981,-1.75058,0.27861
-0.0165,0.9833,-0.18126,0.09908,-1.32192,0.21969
-0.02591,0.99504,-0.09604,0.10855,-0.60406,0.19547
-0.03985,0.99801,-0.0489,0.13055,-0.26377,0.15937
-0.02719,0.99889,-0.03856,0.24911,0.07962,-0.31366
0.00886,0.99991,-0.00958,0.01824,-0.03759,0.31512
0.00697,0.99795,0.06361,-0.38981,0.73028,0.60781
-0.07681,0.99666,0.02772,-2.70275,1.71078,0.50636
-0.08237,0.99565,0.04353,-0.65588,-0.04787,-0.4468
-0.08038,0.99385,0.07611,-0.19533,-0.36519,0.13347
-0.09512,0.98065,0.1711,0.12141,-1.12552,0.61549
-0.14935,0.94289,0.29775,-0.26824,-0.36113,0.78734
-0.23959,0.88043,0.40919,-0.43193,0.1149,0.74988
-0.3106,0.82439,0.47319,-0.81613,1.07279,1.27904
-0.30308,0.81841,0.48821,0.74905,1.52041,-0.09792
-0.28772,0.83273,0.47305,1.43907,2.36783,-4.138
-0.29054,0.81419,0.50267,0.5927,0.5381,-0.93686
-0.29497,0.79935,0.52348,0.42838,0.29356,-0.67916
-0.30593,0.79254,0.52752,0.30182,0.23936,-0.89691
-0.32084,0.79144,0.52027,0.55121,-0.0955,-1.09969
-0.3276,0.80324,0.49747,0.74571,-0.3558,-0.31171
-0.31102,0.82037,0.47986,0.84883,-0.52102,-0.0943
-0.28992,0.84446,0.45036,0.88837,-0.85779,-0.74252
-0.27968,0.8757,0.39362,0.48237,-0.60041,-0.8902
-0.26547,0.90561,0.33076,0.25977,-0.40129,-0.52888
-0.24832,0.93242,0.26254,-0.39337,0.40444,0.31664
-0.23296,0.95604,0.17812,-1.04017,0.72562,-0.51708
-0.20179,0.97397,0.10328,-1.04737,1.13219,-0.55022
-0.1694,0.98476,0.03932,-0.70604,2.23415,-0.52007
-0.1122,0.99313,-0.03315,-0.41104,1.59224,-0.15116
-0.0454,0.9942,-0.09755,-0.59721,1.30355,-0.07961
0.00413,0.98728,-0.15894,-0.86981,0.28063,-0.07637
0.0371,0.97248,-0.23001,-0.44915,-0.066,-0.07799
0.04722,0.95383,-0.29662,-0.30014,-0.20326,-0.08958
0.03087,0.9385,-0.3439,0.16601,-0.72266,0.00047
0.00301,0.93403,-0.35717,0.27757,-1.42003,-0.04705
-0.01451,0.94734,-0.3199,0.13835,-1.75627,-0.05097
-0.0134,0.96755,-0.25234,0.03364,-1.90666,0.16628
-0.00534,0.98572,-0.1683,-0.10644,-1.0205,0.26536
-0.01527,0.99597,-0.08842,-0.17024,-0.76014,0.22148
-0.03488,0.99898,-0.02863,-0.30696,-0.23417,0.09438
-0.0383,0.99915,-0.01496,0.00949,0.09463,-0.14994
-0.01516,0.99977,-0.01529,0.16228,-0.06158,-0.34849
-0.00536,0.99954,0.03003,-1.93772,1.95116,-1.23654
-0.06909,0.99688,0.03824,-2.69849,2.27889,-1.20888
-0.08124,0.99315,0.08401,-1.40068,0.40849,0.39617
-0.06946,0.99182,0.10706,-0.25889,-0.39479,-0.18131
-0.0915,0.96365,0.25102,-0.11098,-1.2348,0.67236
-0.14408,0.92417,0.35375,-0.21616,-0.9448,0.2851
-0.22966,0.86733,0.44159,-0.38759,0.04568,0.24249
-0.31888,0.81015,0.4919,-0.71515,0.83162,0.43019
-0.35675,0.75755,0.54667,-0.61989,1.04816,0.706
-0.33402,0.75126,0.56925,0.67697,1.67617,-0.17655
-0.31631,0.74287,0.58999,1.39165,2.25354,-2.06202
-0.31835,0.72163,0.61474,1.07792,1.07259,-1.16912
-0.32552,0.7125,0.6216,0.6856,0.60896,-0.91514
-0.32717,0.70896,0.62477,0.46508,0.02891,-1.15766
-0.33463,0.71809,0.61022,0.61446,-0.09073,-0.99631
-0.32953,0.73695,0.59019,1.06357,-0.60079,-0.28722
-0.3093,0.76562,0.56406,0.99732,-0.76241,-0.49803
-0.29653,0.80038,0.52101,0.86915,-0.8947,-1.00958
-0.29075,0.84065,0.45692,0.13331,-0.04174,-0.38169
-0.27685,0.87922,0.38772,-0.33959,0.43619,0.03857
-0.27204,0.91632,0.29386,-0.76209,0.44005,-0.44834
-0.24526,0.94644,0.20998,-1.21272,0.94423,-1.2195
-0.21217,0.96706,0.14062,-0.78206,1.62371,-0.47043
-0.16824,0.98348,0.06679,-0.68961,1.88777,-0.29135
-0.1195,0.99283,-0.00243,-0.54039,1.34547,-0.29196
-0.07101,0.99575,-0.05874,-0.59118,0.64857,-0.15055
-0.0274,0.99221,-0.12151,-0.52332,0.47085,-0.11465
-0.00297,0.98135,-0.19219,-0.24988,0.02196,-0.13957
-0.01061,0.9654,-0.26054,0.11349,-0.55174,-0.02733
-0.04039,0.95416,-0.29656,0.35104,-0.84434,0.16381
-0.05865,0.95837,-0.27944,0.09041,-2.28433,0.19394
-0.03839,0.97279,-0.22849,-0.05532,-2.35356,0.4
-0.01349,0.98911,-0.14656,-0.27959,-2.01056,0.32134
-0.01211,0.99872,-0.04909,-0.31164,-1.04842,0.13314
-0.03591,0.99852,0.04081,-0.16905,-0.78256,-0.09492
-0.06585,0.99432,0.08364,-0.08381,-0.58917,-0.22649
-0.07401,0.99472,0.07112,0.26358,0.3517,-0.36841
-0.08659,0.99297,0.08075,-0.91031,1.89572,-0.10012
-0.15747,0.98249,0.0996,-2.01549,2.68464,-1.23832
-0.16686,0.97652,0.13628,-0.90623,-0.27045,-0.76725
-0.15284,0.97311,0.17233,0.15183,-1.05474,0.77321
-0.16343,0.95437,0.24995,0.2089,-1.17161,0.7542
-0.21762,0.91383,0.34286,-0.16373,0.04474,0.64995
-0.31751,0.84971,0.42092,-0.94886,0.54935,0.37493
-0.40074,0.77943,0.48156,-1.06781,0.85296,0.38083
-0.3916,0.76548,0.51058,0.25299,1.42214,0.18152
-0.35763,0.77186,0.52567,0.92448,1.53743,-0.94753
-0.34692,0.75145,0.56122,1.13992,2.05437,-1.80544
-0.34981,0.73368,0.58253,0.28226,0.41059,-1.10141
-0.35513,0.72799,0.58644,0.11633,0.35364,-1.17218
-0.36386,0.72669,0.58268,0.15523,-0.12431,-1.04798
-0.37433,0.73309,0.56786,0.57776,-0.28979,-0.73832
-0.36836,0.74468,0.55656,1.06884,-0.68127,-0.33604
-0.35762,0.76872,0.53027,1.24927,-0.78027,-0.43952
-0.35526,0.79719,0.48814,0.59281,-0.62048,-0.98936
-0.35407,0.83054,0.42993,0.44701,-0.50246,-0.78337
-0.34341,0.86743,0.36006,-0.04312,0.2342,-0.10183
-0.33491,0.89957,0.28039,-0.83259,0.54401,-0.34312
-0.30165,0.93241,0.19906,-0.83251,0.87657,-0.46232
-0.26555,0.95491,0.13276,-0.5931,1.82622,-1.0833
-0.21344,0.97441,0.07041,-0.3086,2.36227,-0.58648
-0.15185,0.98838,0.00716,-0.57157,1.61979,-0.19012
-0.10671,0.99256,-0.05857,-1.17515,0.83111,-0.09127
-0.07432,0.98832,-0.13302,-0.52523,0.10947,-0.14042
-0.05398,0.97844,-0.19935,-0.12875,-0.08512,-0.11933
-0.05035,0.96843,-0.24416,0.02247,-0.30557,-0.03995
-0.05871,0.96218,-0.26603,0.09698,-1.03842,-0.08219
-0.06941,0.96516,-0.2523,-0.07164,-1.79997,0.01461
-0.06975,0.97444,-0.21354,-0.06166,-2.01733,-0.00643
-0.05827,0.9865,-0.15304,0.10292,-1.68906,0.33094
-0.05436,0.99618,-0.06839,-0.03046,-1.07737,0.28322
-0.0763,0.99692,0.0182,-0.11608,-0.88735,0.18944
-0.10656,0.99134,0.0768,-0.24575,-0.33983,-0.11856
-0.11983,0.9894,0.08203,-0.00033,0.14045,-0.31654
-0.1049,0.99201,0.0701,0.15742,0.19277,-0.62854
-0.12894,0.98862,0.07745,-2.10917,2.24027,-1.83342
-0.16669,0.98112,0.0981,-1.40219,0.27125,0.36698
-0.15887,0.98078,0.11331,-0.71642,-0.53588,-0.51608
-0.16006,0.96805,0.19301,0.13435,-0.91627,0.83687
-0.2143,0.9192,0.33036,-0.0061,-0.99821,0.62735
-0.29453,0.8587,0.41939,-0.10855,-0.42421,0.6244
-0.40128,0.78131,0.47806,-0.72378,0.81067,0.20273
-0.46267,0.71162,0.52871,-0.84272,1.56304,0.89011
-0.44321,0.71129,0.54556,0.01423,1.85214,0.35331
-0.41356,0.69741,0.58532,1.1551,1.85942,-1.85526
-0.38717,0.67709,0.62581,1.07955,1.04071,-1.31252
-0.38596,0.65824,0.64634,0.72571,0.71401,-1.396
-0.39028,0.65318,0.64887,0.02477,0.19058,-1.02363
-0.39593,0.65294,0.64569,0.34138,-0.11598,-1.06184
-0.40197,0.66629,0.62807,0.55667,-0.12345,-0.93993
-0.39164,0.68402,0.61542,1.03492,-0.51199,-0.28131
-0.37663,0.71182,0.59284,1.14512,-0.8074,-0.7297
-0.37275,0.75187,0.54382,0.86941,-0.74911,-1.19159
-0.361,0.79719,0.4839,0.14549,-0.38389,-0.58881
-0.34047,0.84361,0.41522,-0.39276,0.45408,0.10205
-0.32885,0.88451,0.33091,-0.59319,0.38699,-0.05668
-0.3132,0.91854,0.24122,-1.02369,1.34521,-1.05494
-0.29367,0.93993,0.17402,-0.87077,1.86527,-0.88644
-0.25113,0.96027,0.12169,-0.43101,2.28678,-0.6032
-0.18867,0.98023,0.05955,-0.31947,1.4679,-0.41959
-0.13405,0.99097,-0.00283,-0.76986,0.79899,-0.25109
-0.09845,0.99257,-0.07157,-0.53754,0.23992,-0.15415
-0.08098,0.98757,-0.13475,-0.0591,-0.17934,0.05636
-0.07203,0.98066,-0.18201,0.09141,-0.44217,-0.05777
-0.07259,0.97659,-0.2025,0.09522,-1.07614,-0.19947
-0.0763,0.97946,-0.18664,-0.1829,-2.25822,-0.00506
-0.07626,0.98589,-0.14902,0.02072,-2.17537,0.22359
-0.07337,0.9944,-0.076,0.0499,-1.73331,0.34671
-0.08728,0.99603,0.01758,6e-05,-0.85826,0.09273
-0.11628,0.98844,0.09729,0.01485,-0.66711,-0.04109
-0.14008,0.98094,0.13469,0.18065,-0.22978,-0.15225
-0.13783,0.98211,0.12832,0.38911,0.51365,-0.69826
-0.13946,0.98185,0.12855,-1.36238,3.07424,-0.64417
-0.19925,0.97077,0.13381,-2.50248,2.84356,-1.53493
-0.18039,0.97304,0.14373,-0.58464,-0.57124,-1.1103
-0.15353,0.97742,0.14517,0.2422,-0.93845,0.84917
-0.16037,0.95715,0.24112,0.38034,-1.32393,1.14115
-0.21539,0.9044,0.36833,-0.17245,-0.66644,0.43155
-0.31551,0.83804,0.44512,-0.34621,0.43776,0.1907
-0.4419,0.75867,0.47869,-0.78538,0.79863,-0.225
-0.46805,0.71563,0.51846,-0.59657,1.81698,0.57459
-0.4251,0.7143,0.55594,1.69303,2.11926,-2.31312
-0.40357,0.6996,0.58966,1.50747,2.17714,-2.2797
-0.39418,0.6799,0.61836,0.8724,0.7578,-1.07896
-0.39575,0.66816,0.63004,0.16682,0.1409,-0.71436
-0.39396,0.66509,0.63439,0.07429,-0.01197,-0.90559
-0.40356,0.66719,0.6261,0.5043,-0.21176,-1.10891
-0.40354,0.67819,0.61418,0.98246,-0.32435,-0.44668
-0.39343,0.69563,0.60109,1.16647,-0.44682,-0.26495
-0.39,0.72491,0.56781,0.94106,-0.74166,-0.93875
-0.39002,0.76377,0.51433,0.47163,-0.53353,-1.25695
-0.38042,0.80832,0.44932,0.18559,-0.456,-0.9568
-0.36698,0.85019,0.3775,-0.53326,0.57334,0.06647
-0.35413,0.88687,0.29675,-0.94201,0.63178,-0.44465
-0.33647,0.91526,0.22154,-0.98091,0.97264,-0.51941
-0.31552,0.93397,0.16774,-0.33447,2.35791,-0.55242
-0.26324,0.95889,0.10597,0.02141,1.8546,-0.43939
-0.20112,0.97878,0.0392,-0.05234,1.46478,-0.3616
-0.15896,0.987,-0.02373,-0.67914,0.53151,-0.30787
-0.1325,0.98776,-0.0823,-0.34637,0.17053,-0.19373
-0.11612,0.98457,-0.13087,-0.21843,0.05949,-0.067
-0.10643,0.9808,-0.16342,-0.02851,-0.54411,-0.14474
-0.10288,0.97909,-0.17547,-0.16193,-1.2142,-0.07436
-0.10126,0.98255,-0.15602,-0.20254,-1.78615,-0.11874
-0.09545,0.98965,-0.10716,0.25263,-1.87405,0.41078
-0.09664,0.99506,-0.02273,0.17772,-1.21726,0.22315
-0.11546,0.99101,0.06754,0.17413,-0.96463,0.05277
-0.14121,0.98178,0.12715,0.16576,-0.41754,-0.24977
-0.15418,0.97947,0.1299,0.31954,0.38778,-0.74479
-0.13855,0.98385,0.11333,0.38841,0.33028,-0.85257
-0.14791,0.97835,0.14477,-0.45103,0.94611,0.23076
-0.2069,0.96898,0.13517,-2.80314,2.20035,-1.37533
-0.1943,0.97093,0.13978,-1.03656,-0.14624,-0.36475
-0.17955,0.97049,0.16098,0.01098,-0.60479,-0.13161
-0.19787,0.94247,0.26945,0.33108,-1.22828,0.90404
-0.25885,0.88288,0.39182,0.03485,-0.97353,0.4281
-0.36526,0.8045,0.46837,-0.44307,0.56876,0.22124
-0.47576,0.716,0.51088,-1.00086,0.97974,-0.16379
-0.47801,0.68627,0.54821,-0.73872,2.10802,0.8962
-0.4254,0.6992,0.57459,1.16834,1.93433,-1.75839
-0.40081,0.681,0.61285,1.18074,1.64076,-1.98035
-0.39903,0.66041,0.6361,0.83034,0.71126,-1.03695
-0.40521,0.6496,0.64329,0.11845,0.07435,-1.21818
-0.40971,0.64943,0.64061,0.52763,0.00844,-1.30996
-0.4184,0.66292,0.62087,0.71784,-0.12093,-1.0764
-0.4102,0.68056,0.6071,1.0266,-0.51553,-0.12428
-0.39614,0.70704,0.5858,0.92497,-0.82626,-0.52856
-0.39282,0.74467,0.53959,0.73904,-0.7796,-0.96475
-0.38489,0.78937,0.47828,0.25637,-0.07967,-0.54815
-0.36857,0.83339,0.41185,-0.18751,0.56952,0.05325
-0.35983,0.8744,0.3255,-0.41411,0.53973,-0.18197
-0.33711,0.90808,0.24848,-0.81524,1.24384,-0.95085
-0.30442,0.93317,0.19109,-0.79507,1.55494,-1.17906
-0.24793,0.95975,0.13193,-0.44252,2.24488,-0.56847
-0.19092,0.97911,0.06998,-0.33264,1.7213,-0.20156
-0.1478,0.989,0.00486,-0.89947,0.85674,-0.2059
-0.11556,0.99124,-0.064,-0.47265,0.17624,-0.10002
-0.09585,0.98772,-0.12333,-0.21514,-0.15333,-0.06659
-0.08641,0.98257,-0.1646,0.0041,-0.58006,-0.11012
-0.08359,0.98067,-0.17693,0.051,-0.86795,-0.10722
-0.07958,0.98555,-0.1495,-0.07956,-2.14304,-0.16456
-0.06463,0.99303,-0.09861,0.10509,-2.34482,0.26597
-0.0508,0.9986,-0.01483,0.03513,-1.99083,0.27504
-0.0684,0.99439,0.08071,-0.12938,-0.98162,0.22395
-0.10059,0.98313,0.15275,-0.12629,-0.74741,-0.04229
-0.1254,0.97827,0.16513,-0.02336,-0.43628,-0.27028
-0.12505,0.98161,0.14422,0.45354,0.44963,-0.75709
-0.14959,0.97944,0.13538,-1.14373,2.42451,-0.6188
-0.20952,0.96414,0.16292,-2.30919,1.49453,0.47786
-0.19717,0.96395,0.1787,-0.72624,-0.33026,-1.04097
-0.19573,0.95436,0.22558,0.10693,-0.59505,1.02922
-0.22768,0.92202,0.31312,0.13078,-1.17057,0.99491
-0.29688,0.86299,0.4088,-0.25712,0.10775,0.37865
-0.39747,0.7807,0.48222,-0.3693,0.49628,0.14392
-0.46534,0.70708,0.53245,-0.89817,0.92334,0.13396
-0.45161,0.68788,0.56822,-0.16146,1.73662,0.12755
-0.40641,0.69461,0.59358,0.59976,1.79754,-0.22649
-0.39501,0.67423,0.624,0.99549,1.31242,-1.65359
-0.40587,0.65166,0.64079,0.61174,0.20375,-0.8846
-0.41318,0.64361,0.64425,0.58244,0.19036,-0.7282
-0.42495,0.64091,0.63926,0.23364,0.06893,-1.28004
-0.42637,0.65064,0.62839,0.99735,-0.23067,-0.48064
-0.41216,0.66763,0.62,1.25658,-0.56733,-0.29577
-0.40607,0.69485,0.59353,1.26897,-0.72781,-0.55819
-0.41264,0.72894,0.54623,0.56344,-0.52431,-1.04127
-0.41309,0.77149,0.48389,0.15997,0.14219,-0.34891
-0.407,0.81347,0.41548,-0.12741,0.50576,0.03902
-0.3926,0.85763,0.33216,-0.94648,0.83408,-0.71294
-0.35813,0.89701,0.25907,-0.78059,1.05528,-0.87583
-0.31798,0.9275,0.19655,-0.63629,1.86098,-0.98979
-0.26097,0.95637,0.13132,-0.48593,2.54045,-0.42732
-0.21106,0.97509,0.06825,-0.83492,0.92941,-0.28347
-0.17643,0.98431,0.00027,-0.76511,0.54449,-0.09552
-0.1467,0.9869,-0.0671,-0.3582,0.1641,-0.07508
-0.12421,0.98505,-0.11941,-0.03921,-0.22726,-0.13919
-0.10917,0.98194,-0.15449,0.01584,-0.37502,-0.18402
-0.10745,0.98048,-0.16467,0.0535,-0.91069,-0.08725
-0.10926,0.98343,-0.14468,0.05842,-2.28946,0.18667
-0.09945,0.99022,-0.09786,0.16808,-2.37689,0.34369
-0.09148,0.99571,-0.01367,0.06789,-1.80739,0.40276
-0.10875,0.99052,0.08392,-0.13892,-0.90623,0.08772
-0.13976,0.97755,0.15766,-0.11265,-0.74879,-0.11043
-0.16378,0.97205,0.16824,0.28972,0.1944,-0.82855
-0.16321,0.9752,0.14949,0.38329,0.99959,-1.04665
-0.20039,0.96922,0.14302,-0.54357,1.93573,-0.0555
-0.24274,0.95499,0.17051,-1.79042,0.3029,0.03513
-0.22561,0.95845,0.17456,-0.16395,-0.13287,-1.02749
-0.23729,0.93968,0.24635,0.30124,-0.39003,0.90299
-0.28821,0.88995,0.35345,0.10466,-1.20398,0.55925
-0.36039,0.81912,0.44627,-0.10164,0.26697,0.68443
-0.45706,0.74131,0.49149,-0.09302,0.73075,0.45889
-0.49317,0.6929,0.526,-0.46255,1.02275,0.19086
-0.4651,0.69789,0.54463,0.1916,1.61641,-1.55862
-0.41571,0.69059,0.59183,0.3609,2.05729,-1.9714
-0.40496,0.66719,0.62519,0.9258,1.07809,-1.33442
-0.41816,0.64763,0.63696,0.59701,0.68448,-0.88965
-0.41703,0.64377,0.6416,0.42381,0.46663,-0.84736
-0.41574,0.6509,0.63521,0.47238,-0.24944,-1.09352
-0.41267,0.66675,0.6206,0.80635,-0.40311,-0.59813
-0.41099,0.6891,0.59684,1.08988,-0.57747,-0.32325
-0.41232,0.72377,0.5533,0.82082,-0.77967,-1.05527
-0.40991,0.76524,0.49637,0.36258,-0.52476,-0.95987
-0.40276,0.80917,0.42783,0.16748,-0.28043,-0.51752
-0.39118,0.85088,0.3507,-0.87031,0.57614,-0.26224
-0.36269,0.89081,0.27371,-0.65781,0.74456,-0.63479
-0.33645,0.91979,0.20197,-0.58386,0.95602,-0.77831
-0.29458,0.946,0.13528,-0.247,2.59041,-0.64619
-0.23498,0.969,0.07625,-0.14042,2.17312,-0.27753
-0.18495,0.98258,0.01839,-0.84684,1.15488,-0.30091
-0.15006,0.98741,-0.0501,-0.50343,0.12116,-0.03149
-0.12196,0.98586,-0.11492,-0.13912,-0.23246,0.0175
-0.10712,0.98029,-0.16601,0.03095,-0.40755,0.02958
-0.10389,0.97637,-0.1895,0.15284,-0.84614,-0.069
-0.10145,0.97988,-0.17186,0.00291,-2.28506,-0.06323
-0.08555,0.98871,-0.12303,0.07601,-2.55712,0.20622
-0.07182,0.99678,-0.03566,0.01066,-1.93483,0.37909
-0.08951,0.9941,0.06125,-0.11125,-1.00625,0.22065
-0.12103,0.98393,0.13125,-0.0894,-0.82334,0.07836
-0.14585,0.97827,0.14735,0.01476,-0.26799,-0.21231
-0.14336,0.98052,0.13426,0.47724,0.09545,-0.63112
-0.14022,0.97582,0.16767,0.33024,0.12506,-0.25668
-0.20891,0.96503,0.15835,-1.80258,2.13702,-2.02961
-0.23479,0.95943,0.15612,-1.25067,0.96356,0.7174
-0.22227,0.95361,0.20304,-0.52831,0.00545,-0.24552
-0.2184,0.93616,0.27552,0.32349,-0.80949,0.53716
-0.24307,0.88602,0.39483,0.23039,-1.05096,0.20913
-0.31115,0.81051,0.49625,0.23349,-0.46478,0.25304
-0.417,0.73296,0.53748,-1.21592,0.70413,0.60067
-0.44304,0.72027,0.53379,-0.7918,1.959,0.39001
-0.39398,0.71964,0.57175,-0.08129,1.94263,-1.23835
-0.37425,0.6976,0.61097,0.91902,1.14842,-1.65045
-0.37575,0.67224,0.63789,0.62655,0.56047,-1.01718
-0.38428,0.65942,0.64614,0.44335,0.42107,-0.73246
-0.39403,0.65398,0.6458,0.37921,0.18143,-1.39018
-0.40848,0.6644,0.62587,0.71097,-0.04389,-0.89372
-0.40477,0.68078,0.61049,0.85231,-0.17834,-0.43305
-0.38889,0.70548,0.59251,1.22393,-0.76666,-0.42182
-0.38807,0.74318,0.54506,0.82706,-0.66336,-1.32966
-0.38087,0.78834,0.48318,0.59726,-0.6206,-1.35646
-0.35825,0.83568,0.41628,-0.06074,0.08003,-0.02094
-0.33324,0.87807,0.34342,-0.36223,0.44355,0.20392
-0.31559,0.91458,0.25285,-0.51149,0.33732,0.02499
-0.29685,0.93936,0.17172,-1.03015,1.91022,-1.10334
-0.25256,0.96061,0.11597,-0.40239,2.82931,-0.74818
-0.1812,0.98217,0.05001,-0.11583,2.2824,-0.38259
-0.11433,0.99335,-0.01342,-0.92085,0.86558,-0.21793
-0.06549,0.99432,-0.08393,-0.81776,0.16923,-0.02844
-0.03414,0.98733,-0.15494,-0.59328,-0.04391,-0.03803
-0.02512,0.97737,-0.21004,-0.08308,-0.50049,-0.02629
-0.02969,0.97207,-0.23281,0.05094,-1.31991,-0.28262
-0.02981,0.97778,-0.20752,-0.20544,-2.0213,-0.35471
-0.03142,0.98727,-0.1559,-0.00803,-1.8784,0.18775
-0.03526,0.99656,-0.07499,0.09955,-1.3598,0.3771
-0.05133,0.99831,0.02714,0.0536,-1.11446,0.201
-0.08323,0.99092,0.10561,0.04618,-0.49849,0.08464
-0.1123,0.98427,0.13641,0.04042,-0.01162,0.08571
-0.11344,0.98347,0.14116,0.13874,0.03491,-0.01924
-0.10529,0.97902,0.17446,-0.16152,0.39104,0.04185
-0.16761,0.97083,0.17147,-1.57726,2.18709,-1.44669
-0.2034,0.96177,0.18339,-2.68313,1.98803,0.48161
-0.17841,0.95975,0.21692,-0.16401,-0.53618,-0.84127
-0.16581,0.94842,0.27022,0.40838,-0.98291,0.74652
-0.18964,0.91087,0.36654,0.41355,-1.20225,0.59139
-0.26205,0.85318,0.45101,0.00933,0.21304,0.53228
-0.38361,0.77759,0.49819,-0.85535,0.64999,-0.05027
-0.44428,0.71782,0.53605,-0.98631,1.69244,0.63732
-0.41104,0.70041,0.58351,0.47811,1.32773,-0.01301
-0.36764,0.70271,0.60913,1.07662,1.99106,-1.98975
-0.36761,0.67279,0.64204,0.40406,0.84233,-1.56999
-0.37344,0.65112,0.66074,0.3078,0.533,-0.85479
-0.37708,0.64417,0.66547,0.52778,0.33021,-1.51593
-0.39576,0.64613,0.65261,0.66459,0.17625,-1.23353
-0.40179,0.66224,0.63246,0.86906,-0.23681,-0.4359
-0.38142,0.68379,0.62206,1.10685,-0.66905,-0.25511
-0.3705,0.71369,0.59446,1.01547,-0.79534,-0.72103
-0.37242,0.75684,0.53712,0.5463,-0.58142,-1.14315
-0.36063,0.8023,0.47568,-0.1365,0.4591,0.00111
-0.34701,0.84601,0.40477,-0.37337,0.53309,-0.01183
-0.33678,0.88521,0.32091,-0.81358,0.71596,-0.73195
-0.31598,0.9169,0.24382,-0.68963,1.44072,-0.99678
-0.282,0.94285,0.17753,-0.45526,1.79282,-0.64436
-0.23104,0.96696,0.10774,-0.52578,1.8646,-0.39937
-0.18055,0.98249,0.04598,-0.74783,0.92481,-0.37538
-0.13196,0.99108,-0.01842,-0.53278,0.60874,-0.30608
-0.0939,0.99166,-0.08828,-0.08604,0.03748,-0.34641
-0.07189,0.98608,-0.14991,0.06713,-0.34315,-0.07456
-0.06799,0.97783,-0.19807,0.06626,-0.59865,-0.04996
-0.07522,0.97413,-0.21311,-0.07177,-1.7429,0.06511
-0.07179,0.97938,-0.18883,-0.01945,-2.19636,0.16096
-0.05539,0.98869,-0.13935,0.08847,-2.10338,0.32653
-0.04284,0.99752,-0.05585,-0.04654,-1.1919,0.40344
-0.05248,0.99782,0.03988,-0.1401,-1.04406,0.24578
-0.07039,0.99155,0.109,-0.17197,-0.7794,-0.05369
-0.08142,0.98851,0.12736,0.30043,-0.09398,-0.55725
-0.07459,0.98619,0.14785,0.25082,-0.02613,-0.24111
-0.10144,0.97636,0.19088,-0.26771,0.50153,-0.3817
-0.19786,0.96668,0.16241,-2.61763,1.68352,0.87106
-0.20331,0.95473,0.21715,-0.2097,-0.47423,-0.61289
-0.19781,0.94123,0.27379,0.32031,-0.38532,-0.25879
-0.1802,0.77378,0.60728,0.25583,-0.82842,0.38999
-0.25623,0.68278,0.68422,-0.0619,0.03875,0.58044
-0.3532,0.57319,0.73939,-0.27977,0.61446,0.45084
-0.39443,0.48681,0.77938,-0.47538,1.40727,0.5252
-0.33026,0.5041,0.79801,1.08458,2.21403,-2.28095
-0.25282,0.52095,0.81529,0.85596,2.82222,-3.17315
-0.22328,0.50353,0.83463,0.26764,0.86635,-1.04201
-0.22897,0.48616,0.84334,-0.04438,0.46281,-1.36458
-0.23991,0.47917,0.8443,-0.03344,0.46981,-1.36554
-0.24651,0.48879,0.83685,0.71853,0.0673,-1.27992
-0.24265,0.50938,0.82563,1.09763,-0.29632,-0.48564
-0.23868,0.5337,0.81129,1.01545,-0.46841,-0.56685
-0.24923,0.56741,0.78481,0.45812,-0.48522,-1.3617
-0.27171,0.61353,0.74145,0.09027,-0.09698,-0.89405
-0.28737,0.66921,0.68526,-0.16902,0.36459,-0.61124
-0.29241,0.72659,0.62174,-1.07947,0.90097,-0.50979
-0.26821,0.78675,0.55595,-0.90838,1.12795,-1.40279
-0.24149,0.83618,0.49243,-0.89629,1.53554,-1.33055
-0.19936,0.87912,0.43289,-0.58279,2.34597,-0.81882
-0.14549,0.9146,0.37729,-0.34376,1.8922,-0.74367
-0.09073,0.93869,0.33261,-0.76285,1.03821,-0.66612
-0.04143,0.9588,0.28106,-0.54991,0.38413,-0.43779
0.01342,0.97557,0.21929,-0.17116,-0.04271,-0.14122
0.06471,0.98683,0.14826,-0.07284,-0.34723,-0.1709
0.10028,0.99049,0.09425,0.06023,-1.2291,-0.38684
0.11633,0.98873,0.09425,-0.23796,-2.58779,-0.21997
0.12479,0.98348,0.13115,-0.15113,-2.44708,0.00102
0.11955,0.9707,0.20843,-0.25383,-1.34886,0.1553
0.08704,0.94698,0.30928,-0.29204,-0.89935,-0.18982
0.03905,0.92089,0.38786,-0.24631,-0.68284,-0.3411
-0.00717,0.91019,0.41414,0.08856,0.22975,-0.76885
-0.02776,0.9156,0.40113,0.27503,0.29714,-0.77358
-0.04645,0.89861,0.43628,-0.09073,0.50932,-0.54558
-0.15633,0.88364,0.44129,-3.35876,2.26368,-0.27987
-0.20707,0.86055,0.46538,-0.90291,0.29912,-0.58048
-0.19376,0.82428,0.532,-0.08003,-0.24834,-0.35907
-0.22344,0.76467,0.60444,0.25216,-1.10453,0.4488
-0.29017,0.6778,0.67556,0.06126,-0.42738,0.0832
-0.36586,0.56638,0.73848,-0.0172,0.27325,0.31134
-0.42211,0.48957,0.76298,-0.70246,1.53994,0.40477
-0.37775,0.49202,0.78436,0.30887,2.04137,-1.28006
-0.2974,0.5033,0.81132,0.90118,2.95651,-3.06237
-0.28202,0.47639,0.83278,0.61881,1.21053,-1.18548
-0.30057,0.45262,0.83952,0.5111,0.66579,-0.91165
-0.31092,0.44699,0.83877,0.4449,0.57835,-1.3445
-0.31797,0.45396,0.83235,0.61183,0.13705,-1.21859
-0.31343,0.47177,0.82413,0.86928,-0.18144,-0.46048
-0.29612,0.4927,0.81826,0.99478,-0.37655,-0.37317
-0.30159,0.52696,0.79458,0.80597,-0.5229,-1.37664
-0.32338,0.57315,0.75294,0.35753,-0.27876,-1.4878
-0.3325,0.63236,0.69969,0.15378,-0.08925,-0.95482
-0.32747,0.69299,0.64228,-0.761,0.84796,-0.17887
-0.31643,0.75318,0.57671,-0.98568,1.07923,-0.68084
-0.3002,0.80928,0.50491,-0.98685,1.5155,-1.23878
-0.26507,0.85918,0.43767,-0.45485,2.56366,-0.9634
-0.20977,0.90483,0.37051,-0.28362,2.20227,-0.73543
-0.16111,0.93649,0.3115,-0.65977,1.69751,-0.68653
-0.11595,0.9609,0.25144,-0.85235,0.37452,-0.44546
-0.06808,0.97995,0.18724,-0.38699,-0.0087,-0.20737
-0.01413,0.99204,0.12516,0.01526,-0.49819,-0.31286
0.02925,0.99671,0.0756,0.11819,-1.1756,-0.32447
0.05034,0.99698,0.05919,-0.02498,-2.47088,-0.09318
0.0613,0.99513,0.07716,0.07164,-2.38767,0.11655
0.06595,0.98768,0.14192,0.01834,-1.85792,0.41172
0.05055,0.96792,0.24613,-0.18251,-1.13171,0.05942
0.0158,0.94094,0.33821,-0.2088,-0.9118,-0.21392
-0.02314,0.92198,0.38654,-0.11129,-0.30267,-0.8792
-0.05044,0.92854,0.3678,0.35026,0.9171,-1.59558
-0.06169,0.92733,0.36912,-0.06316,1.50251,-1.28441
-0.1427,0.9007,0.41034,-2.24115,2.44656,-1.10353
-0.18613,0.87676,0.44344,-1.08424,-0.3579,-1.13729
-0.17001,0.89132,0.42029,-0.49547,0.17955,-0.99828
-0.18306,0.86024,0.4759,0.22447,-1.27666,0.76189
-0.24669,0.7739,0.58329,0.02278,-0.76111,0.1484
-0.32611,0.66105,0.67576,-0.08968,-0.01208,0.47205
-0.44482,0.55663,0.70163,-1.78334,1.4573,0.54097
-0.46258,0.52193,0.71666,-0.53377,2.41309,-0.16454
-0.34889,0.53321,0.77069,0.82895,2.55084,-3.43573
-0.28026,0.52508,0.80359,1.08684,1.35694,-1.55061
-0.2867,0.50216,0.81587,0.47893,0.39185,-0.94755
-0.31144,0.49285,0.81247,0.0969,0.23996,-1.20415
-0.32449,0.50051,0.80262,0.33612,-0.03484,-1.26015
-0.32508,0.51542,0.79288,0.81661,-0.2265,-0.43462
-0.30894,0.53207,0.78833,1.01809,-0.40621,-0.31038
-0.30218,0.56319,0.76909,1.09168,-0.61106,-1.32544
-0.31933,0.60652,0.72812,0.54336,-0.2605,-1.53813
-0.33205,0.65818,0.67568,0.34093,-0.20277,-1.19339
-0.32831,0.71661,0.61537,-0.54529,0.85791,-0.18121
-0.32036,0.76967,0.55225,-1.04802,0.89557,-0.48795
-0.30613,0.82138,0.48126,-1.11164,1.16781,-0.52325
-0.28259,0.86362,0.4175,-0.625,2.29689,-0.96593
-0.23298,0.90429,0.35774,-0.11102,1.90203,-0.77507
-0.17164,0.93731,0.30329,-0.29317,1.48359,-0.68945
-0.11631,0.96097,0.251,-0.8326,0.45289,-0.4881
-0.0709,0.97852,0.19357,-0.41064,-0.10663,-0.33069
-0.02984,0.99007,0.1374,-0.07165,-0.51405,-0.23513
0.00712,0.99596,0.08954,0.13408,-0.91973,-0.31473
0.03371,0.99725,0.06594,0.0565,-1.58479,-0.63189
0.05325,0.99439,0.09142,-0.02757,-2.19443,-0.38684
0.06892,0.98495,0.1585,-0.10339,-1.4911,-0.04755
0.06371,0.96609,0.25024,-0.20214,-0.88508,-0.25204
0.02849,0.94159,0.33554,-0.19269,-0.62433,-0.32509
-0.01479,0.92318,0.38408,-0.22952,-0.01359,-0.36253
-0.03718,0.92146,0.3867,0.18931,0.06568,-0.74149
-0.0328,0.91287,0.40693,0.23721,-0.22122,-0.38285
-0.04299,0.87551,0.48128,-1.13548,1.12539,-1.28987
-0.1442,0.87964,0.45326,-3.26286,2.37543,-0.7996
-0.16052,0.86072,0.48311,-1.0732,0.36679,0.12942
-0.15027,0.84235,0.51756,0.24289,-0.56609,-0.44989
-0.18687,0.78316,0.59308,0.15791,-1.00389,0.07036
-0.26403,0.68367,0.68036,0.08484,-0.57712,0.03635
-0.3664,0.57415,0.73219,-0.19413,0.52537,0.23353
-0.43409,0.49592,0.75209,-0.61741,2.12519,0.84568
-0.39479,0.49159,0.77619,-0.13243,2.0836,0.25976
-0.31565,0.50809,0.80138,1.12241,1.85304,-2.7788
-0.30725,0.48102,0.82111,0.64236,0.74743,-1.13153
-0.32817,0.45453,0.82807,0.43995,0.66217,-1.03382
-0.33879,0.44248,0.83032,0.36706,0.4566,-1.42818
-0.34241,0.44531,0.82731,0.56293,0.32153,-1.35486
-0.33781,0.45931,0.82154,0.93038,0.00378,-0.72446
-0.32185,0.48349,0.81404,1.10368,-0.44179,-0.58627
-0.31718,0.52033,0.79288,0.69487,-0.43527,-1.4612
-0.33474,0.5672,0.75249,0.48809,-0.32297,-1.49789
-0.34288,0.62778,0.6988,-0.29006,0.64912,-0.39266
-0.33571,0.69252,0.63853,-0.97559,0.80611,-0.78334
-0.32338,0.75506,0.57035,-1.01736,0.84854,-0.89071
-0.31152,0.80567,0.50384,-0.92147,1.63987,-1.18797
-0.28623,0.84922,0.44374,-0.5357,2.15417,-0.77236
-0.24315,0.89119,0.38297,-0.40911,1.97338,-0.6364
-0.19342,0.92317,0.3322,-0.46169,0.94395,-0.6194
-0.14723,0.94647,0.28727,-0.30182,0.36454,-0.44491
-0.10457,0.96535,0.2391,-0.27701,0.20332,-0.30433
-0.05654,0.98194,0.18052,-0.06893,-0.36251,-0.20277
-0.01864,0.99181,0.12635,-0.01497,-0.92792,-0.11106
0.00969,0.99526,0.09671,0.02766,-1.31268,-0.09697
0.04075,0.99266,0.1139,0.0396,-2.49462,0.21244
0.07041,0.97936,0.18948,-0.30105,-1.8153,0.1013
0.0671,0.9543,0.29122,-0.31306,-1.41937,-0.09339
0.03152,0.92423,0.38053,-0.3151,-0.84295,-0.54445
-0.01305,0.9038,0.42775,-0.09957,-0.21932,-0.96289
-0.04732,0.90799,0.41632,0.1346,0.10459,-1.10223
-0.06289,0.90434,0.42216,0.02862,0.45041,-0.74908
-0.13443,0.88921,0.43731,-2.7545,2.71172,-2.18771
-0.21321,0.87525,0.43415,-3.09781,2.05208,-0.29418
-0.20066,0.85789,0.47304,-0.26059,-0.45666,-0.39685
-0.19768,0.82831,0.52424,0.30979,-0.8225,0.33176
-0.25267,0.7587,0.60044,0.16374,-0.91071,0.01942
-0.33837,0.66088,0.66989,-0.15673,0.31364,0.27685
-0.44505,0.54839,0.70796,-1.24196,1.52606,0.52593
-0.46374,0.50175,0.7302,-0.60722,1.91729,0.19838
-0.38912,0.5075,0.76879,0.82708,1.95855,-1.70731
-0.3304,0.50249,0.79896,1.0839,1.82951,-2.31477
-0.32097,0.47524,0.81922,0.79073,1.06961,-1.44444
-0.33473,0.45544,0.82494,0.39114,0.56453,-1.05773
-0.34424,0.44855,0.8248,0.22088,0.25564,-1.40415
-0.35033,0.44964,0.82164,0.45286,0.22315,-1.27055
-0.34952,0.46331,0.81436,0.88699,-0.05997,-0.65409
-0.3334,0.48156,0.81052,1.39308,-0.49949,-0.64194
-0.33411,0.51641,0.78847,1.19176,-0.52949,-1.14374
-0.35609,0.56517,0.74416,0.52628,-0.29918,-1.53571
-0.36383,0.62497,0.69068,-0.35907,0.60925,-0.18163
-0.35674,0.6877,0.6323,-0.68606,0.8847,0.01148
-0.34968,0.74826,0.56377,-0.86062,0.98166,-0.8594
-0.33637,0.80396,0.49042,-0.81538,1.60696,-1.27179
-0.30423,0.8499,0.43025,-0.54895,2.19168,-0.86215
-0.24371,0.89622,0.37066,-0.08361,1.99689,-0.70932
-0.18667,0.929,0.31955,-0.82624,1.08353,-0.60884
-0.13261,0.95363,0.2702,-0.67353,0.55724,-0.35042
-0.07952,0.97329,0.21536,-0.17629,0.0463,-0.21469
-0.02512,0.98738,0.15637,0.02303,-0.43817,-0.25453
0.01802,0.99456,0.10257,0.00804,-0.72584,-0.27889
0.0459,0.99656,0.06905,-0.20081,-1.97831,-0.27878
0.06589,0.99495,0.07564,-0.06537,-2.39155,0.13473
0.08306,0.98799,0.13029,-0.11869,-2.13502,0.2377
0.07992,0.97157,0.22284,-0.20531,-1.2493,-0.11197
0.04987,0.94962,0.3094,-0.27085,-0.77459,-0.31878
0.01238,0.93209,0.36202,-0.22439,-0.47259,-0.55326
-0.01513,0.9299,0.36751,0.13162,0.27201,-1.0285
-0.02659,0.92139,0.38772,-0.27707,0.84907,-0.71522
-0.10664,0.90531,0.41114,-1.61214,2.48269,-1.08135
-0.17028,0.87935,0.44469,-1.49227,0.59062,0.12973
-0.15891,0.87446,0.45832,-0.16631,-0.03621,-0.92457
-0.16321,0.85127,0.49871,0.17953,-0.44735,0.4449
-0.22405,0.78057,0.58353,0.18633,-0.90165,0.00737
-0.29101,0.68614,0.66673,-0.14865,0.40213,0.36721
-0.37465,0.59776,0.70874,-0.93374,0.90238,0.01928
-0.41392,0.53066,0.73964,-0.69033,2.00704,0.53989
-0.33974,0.53282,0.77504,-0.28585,1.95473,0.24447
-0.26663,0.53758,0.79995,1.16963,2.49777,-2.71062
-0.26315,0.50421,0.82251,0.56111,1.07122,-1.4056
-0.27729,0.48444,0.82972,0.24858,0.67074,-1.0905
-0.28611,0.4741,0.83269,0.1622,0.14913,-1.42576
-0.29193,0.47628,0.82942,0.68898,-0.05852,-1.00195
-0.30137,0.49227,0.81661,0.86056,-0.32523,-0.51158
-0.29362,0.50918,0.80902,1.04696,-0.56312,-0.41532
-0.29219,0.54337,0.787,0.85708,-0.47916,-1.3184
-0.30438,0.5923,0.74601,0.53235,-0.39484,-1.58283
-0.30344,0.64947,0.69721,-0.05549,0.01955,-0.52749
-0.28452,0.70175,0.65315,-0.56888,0.65601,0.08616
-0.28006,0.75298,0.59547,-0.75509,0.74661,-1.08836
-0.28296,0.80428,0.52256,-0.80873,1.28123,-1.45144
-0.27019,0.84534,0.46087,-0.83615,2.44921,-1.09422
-0.22714,0.88658,0.40297,-0.20705,2.5094,-0.56288
-0.17568,0.92183,0.3455,-0.39631,1.48668,-0.65179
-0.12263,0.94671,0.29781,-0.81132,0.67079,-0.68867
-0.061,0.96529,0.25395,-0.53421,0.19427,-0.25761
0.00786,0.97943,0.20164,-0.34984,0.06079,0.01583
0.05927,0.98966,0.1306,-0.17223,-0.73734,-0.30159
0.09333,0.99265,0.07705,-0.15964,-1.88782,-0.46238
0.11668,0.99012,0.07772,-0.23104,-2.52136,-0.23098
0.13862,0.98297,0.12062,-0.11805,-2.07311,0.18604
0.13777,0.96826,0.20853,-0.21028,-1.2766,0.1071
0.10581,0.94548,0.30801,-0.25788,-1.05721,-0.07497
0.06325,0.92431,0.37636,-0.18224,-0.25799,-0.58992
0.02102,0.91881,0.39414,-0.06135,0.2455,-0.82517
0.00645,0.92807,0.37236,0.14847,0.32389,-0.88867
-0.00107,0.91499,0.40348,-0.89704,1.32381,-1.19054
-0.08872,0.90597,0.41394,-3.29507,2.10517,-0.88556
-0.13682,0.89311,0.42852,-2.38692,1.28473,0.98084
-0.1216,0.86625,0.4846,0.03838,-0.72209,0.26903
-0.12575,0.81902,0.55982,0.30487,-1.04676,0.24101
-0.18533,0.74096,0.64547,0.28423,-1.01752,-0.07193
-0.27192,0.64536,0.71384,-0.05518,0.53099,0.14582
-0.38237,0.54932,0.74299,-1.24884,1.26901,0.36688
-0.38962,0.5231,0.758,-1.10757,1.99399,0.8694
-0.28463,0.54014,0.79198,1.50741,2.54569,-2.71326
-0.23554,0.53141,0.81371,0.81926,1.32319,-1.89536
-0.24244,0.50251,0.82988,0.62595,0.90819,-1.29953
-0.25248,0.49304,0.83256,0.14631,0.34899,-1.05997
-0.25646,0.48819,0.83421,0.06443,0.08799,-1.36866
-0.25749,0.49772,0.82823,0.33163,0.10683,-1.23365
-0.24724,0.51277,0.82215,0.93355,-0.32393,-0.51028
-0.23667,0.53908,0.80832,1.06489,-0.58425,-0.85213
-0.24686,0.57794,0.77785,0.62116,-0.43634,-1.38307
-0.26683,0.6275,0.73147,-0.24842,0.47101,-0.41383
-0.26555,0.68454,0.67889,-0.69629,0.62842,-0.17861
-0.25726,0.74195,0.61913,-0.76609,0.56158,-0.45428
-0.23763,0.80059,0.55007,-0.92122,1.36608,-1.42758
-0.20852,0.85374,0.47712,-0.86036,2.04323,-1.195
-0.1558,0.89726,0.41309,-0.59444,2.49649,-0.89214
-0.10826,0.92758,0.35761,-0.80409,1.82836,-0.52307
-0.06499,0.95068,0.30329,-0.64128,0.37075,-0.64543
-0.01747,0.97106,0.23818,-0.51245,0.13437,-0.53539
0.0328,0.98446,0.17254,-0.06116,-0.22515,-0.34902
0.07939,0.99033,0.11379,0.08545,-0.83603,-0.35291
0.113,0.9909,0.07316,0.01571,-1.16709,-0.28986
0.13335,0.98877,0.06752,-0.26084,-1.95985,-0.29866
0.15174,0.98323,0.10114,-0.15432,-1.96114,0.20982
0.1609,0.96993,0.18261,-0.27037,-1.69947,0.17172
0.13973,0.94763,0.28717,-0.48095,-1.04736,-0.03237
0.10106,0.92527,0.36559,-0.42339,-0.71038,-0.52531
0.06455,0.91737,0.39276,-0.31461,-0.38672,-0.7888
0.04064,0.92401,0.3802,0.40768,0.44736,-1.08592
0.01199,0.91755,0.39743,-1.3582,2.30293,-0.77819
-0.08672,0.90277,0.42129,-2.41887,2.23357,-1.44117
-0.13046,0.87173,0.47231,-0.7499,-0.29633,-0.92549
-0.12515,0.85345,0.50593,0.0229,-0.37542,0.78794
-0.16912,0.79929,0.57666,0.0673,-0.81833,0.49575
-0.28405,0.68454,0.67135,-0.44907,0.25404,0.13304
-0.37155,0.57061,0.73237,-0.92748,1.12527,0.33521
-0.3972,0.482,0.78096,-0.54213,1.50529,0.16568
-0.34152,0.47445,0.81133,0.38776,1.35572,-0.49055
-0.25376,0.49748,0.82953,0.15888,1.89422,-2.81122
-0.21649,0.47936,0.8505,0.17549,1.20573,-2.13813
-0.24586,0.44074,0.86331,0.24171,0.67141,-0.96736
-0.25639,0.43145,0.86494,0.50457,0.50861,-1.54066
-0.26557,0.43239,0.86169,0.60816,0.46232,-1.75628
-0.27998,0.45059,0.84769,0.81193,-0.10089,-0.586
-0.26375,0.47202,0.84121,0.9118,-0.40311,-0.30467
-0.24555,0.50564,0.82706,1.02862,-0.53831,-0.48009
-0.25907,0.55544,0.79017,0.4048,-0.25499,-1.79953
-0.27021,0.61153,0.74365,-0.00422,0.07569,-0.71789
-0.2646,0.6728,0.69088,-0.31363,0.49292,-0.2563
-0.26111,0.73311,0.62799,-1.05733,1.35083,-0.98718
-0.24337,0.79298,0.55853,-1.07952,1.59383,-1.48413
-0.2176,0.84106,0.49524,-1.08228,2.05464,-1.46231
-0.18271,0.88085,0.43672,-0.53853,2.11836,-0.60949
-0.13903,0.91365,0.382,-0.57766,1.57238,-0.65452
-0.09281,0.93851,0.33255,-0.86902,0.49182,-0.60784
-0.04384,0.95764,0.28462,-0.22806,-0.20308,-0.20653
0.0114,0.97177,0.23566,-0.03798,-0.32387,-0.14162
0.06273,0.98148,0.18102,0.18601,-0.79837,-0.36128
0.09661,0.9834,0.15358,-0.13834,-2.04338,-0.54888
0.10889,0.97972,0.16822,-0.1054,-2.17517,0.08767
0.11127,0.96877,0.2216,-0.18393,-1.98314,0.13767
0.09295,0.94395,0.31672,-0.30826,-1.16301,-0.00571
0.05228,0.9126,0.4055,-0.30632,-0.9672,-0.19023
0.00613,0.88864,0.45857,-0.17466,-0.42941,-0.49273
-0.03302,0.8838,0.46669,0.36423,0.52347,-1.22574
-0.06073,0.8801,0.4709,-1.29646,3.77484,-0.92346
-0.15134,0.86831,0.47236,-2.48292,3.04221,-1.92497
-0.17264,0.8405,0.51356,-0.96508,-0.05942,-0.62944
-0.13302,0.85547,0.50048,-0.03666,-0.16949,-0.84997
-0.13365,0.82197,0.55363,0.21864,-1.01737,1.01382
-0.22384,0.73542,0.63958,-0.15224,-1.1709,0.03984
-0.33146,0.63927,0.69388,-0.99864,0.67526,-0.42229
-0.4122,0.5459,0.72944,-1.28461,1.15397,-0.19878
-0.40305,0.49812,0.76774,-0.4206,1.73128,0.28039
-0.32899,0.50089,0.80054,1.33322,2.58823,-3.10796
-0.27374,0.50271,0.81997,1.07753,2.39209,-2.80054
-0.27219,0.46967,0.83983,0.7139,0.95962,-1.34586
-0.27667,0.44949,0.84936,0.39802,0.43108,-0.95248
-0.27195,0.4445,0.8535,0.26312,0.24029,-1.30348
-0.28246,0.44831,0.84808,0.5235,0.05201,-1.22418
-0.28084,0.46345,0.84044,0.8194,-0.17831,-0.41836
-0.2604,0.47946,0.83804,0.9291,-0.35002,-0.34919
-0.25302,0.51301,0.82025,0.74475,-0.45821,-1.31332
-0.26795,0.56203,0.78251,0.1937,-0.05901,-1.091
-0.2719,0.61985,0.73611,-0.12201,0.27638,-0.55269
-0.27208,0.67761,0.68323,-0.82551,0.80218,-0.55704
-0.26959,0.73303,0.62449,-1.02639,1.43922,-1.07486
-0.26027,0.78409,0.56343,-1.06536,1.63659,-1.40029
-0.23301,0.83325,0.5014,-0.56767,2.0101,-0.72325
-0.18283,0.87872,0.44094,-0.42385,1.52138,-0.51825
-0.13584,0.9134,0.38372,-0.67999,1.15279,-0.58709
-0.09785,0.94108,0.32372,-0.73876,0.30803,-0.52831
-0.05892,0.96293,0.26324,-0.33241,-0.12748,-0.32087
-0.01387,0.97812,0.20757,-0.30451,-0.2524,-0.06694
0.02965,0.98597,0.16426,0.1248,-0.9161,-0.53408
0.05772,0.98711,0.14925,0.06117,-1.53872,-0.58719
0.07333,0.98224,0.17273,-0.05581,-2.10389,-0.38051
0.08821,0.96932,0.22942,-0.05396,-1.91512,-0.14646
0.08394,0.94605,0.31298,-0.13804,-1.22752,-0.18508
0.04909,0.9197,0.38954,-0.09011,-0.65774,-0.28755
0.00247,0.89785,0.44029,-0.04318,-0.22461,-0.39427
-0.03029,0.89354,0.44796,0.28475,0.10969,-0.64977
-0.03549,0.88974,0.45508,0.33376,-0.07859,-0.5215
-0.04559,0.86003,0.5082,-0.63476,0.76898,-1.02293
-0.11977,0.87447,0.47006,-3.0041,2.45019,-1.78944
-0.143,0.86805,0.47544,-2.36425,1.98576,0.52955
-0.13243,0.8327,0.53765,0.04221,-0.58866,0.07852
-0.15444,0.77714,0.61008,0.21879,-0.95822,-0.05473
-0.22491,0.69172,0.68625,0.21882,-0.57373,-0.28107
-0.31966,0.59098,0.74065,-0.1158,0.47747,0.1889
-0.411,0.50086,0.76172,-1.25068,1.71798,0.80209
-0.38248,0.48492,0.78649,-0.44194,1.85196,0.18901
-0.2916,0.49891,0.81613,1.57752,2.54222,-2.94572
-0.25989,0.47531,0.84056,0.81717,1.09689,-1.42381
-0.25148,0.45086,0.85644,0.62274,0.87194,-1.31973
-0.2462,0.44183,0.86265,0.29943,0.46408,-0.92666
-0.24616,0.43907,0.86407,0.27402,0.18891,-1.55601
-0.26093,0.45624,0.85074,0.40477,0.10498,-1.18622
-0.26024,0.4809,0.83726,0.69429,-0.28858,-0.4835
-0.24596,0.50521,0.8272,0.93036,-0.60213,-0.9637
-0.25145,0.54362,0.80078,0.79382,-0.49226,-1.33675
-0.26793,0.59368,0.75879,0.16432,0.0617,-0.73084
-0.26837,0.65249,0.70869,-0.46839,0.78399,-0.17916
-0.27131,0.71194,0.64771,-0.67241,0.66767,-0.32462
-0.26882,0.77038,0.57814,-1.0953,1.41965,-1.05068
-0.2534,0.81826,0.51598,-0.89174,2.3944,-1.10297
-0.21227,0.86134,0.46156,-0.46203,2.43769,-0.98956
-0.16574,0.90006,0.40301,-0.45167,1.16341,-0.6587
-0.12522,0.92901,0.34823,-0.94955,0.54493,-0.55136
-0.08146,0.95113,0.29786,-0.79157,0.26907,-0.51194
-0.03845,0.96724,0.25093,-0.32692,-0.28188,-0.2435
0.00866,0.97844,0.20638,-0.13177,-0.56954,-0.3325
0.0507,0.98329,0.17486,-0.15877,-0.76698,-0.44712
0.0793,0.98127,0.17554,-0.15184,-1.53094,-0.51619
0.09205,0.97384,0.20776,-0.01212,-2.12777,-0.06583
0.09394,0.95709,0.27414,-0.01011,-2.04016,0.06671
0.07127,0.93381,0.35058,-0.16176,-1.14234,-0.21249
0.03216,0.91156,0.4099,-0.11514,-0.67186,-0.52843
-0.00817,0.90024,0.43533,-0.04251,-0.43263,-0.75791
-0.033,0.90472,0.42473,0.42036,0.11745,-0.94578
-0.04071,0.89404,0.44613,-0.06208,0.15795,-0.29512
-0.0905,0.87254,0.48009,-2.62325,2.18399,-2.3345
-0.15979,0.869,0.46829,-2.29897,1.60164,0.97406
-0.15556,0.85421,0.49611,-0.54277,0.00818,-0.00027
-0.14412,0.82712,0.54323,-0.00376,-0.09924,0.05101
-0.17552,0.76113,0.6244,0.25668,-0.27904,-0.15246
-0.26459,0.67912,0.68468,-0.01597,0.37945,-0.11967
-0.36909,0.5768,0.72875,-1.14666,0.92317,-0.01903
-0.36794,0.52684,0.7662,-0.39885,1.38497,0.39496
-0.28049,0.54758,0.78834,1.37848,1.51681,-2.36665
-0.23116,0.54463,0.80619,0.6019,1.38638,-2.07848
-0.22713,0.51603,0.82591,0.13148,0.31206,-1.26887
-0.23762,0.49441,0.83612,-0.07733,0.26137,-1.1943
-0.24312,0.48223,0.84164,0.06503,0.25665,-1.47573
-0.2581,0.48702,0.83439,0.53901,0.11956,-1.01505
-0.26822,0.50609,0.81972,0.81631,-0.16966,-0.51697
-0.25904,0.53207,0.8061,0.89073,-0.30044,-0.4506
-0.2525,0.56659,0.78436,0.75022,-0.39858,-0.96173
-0.26204,0.60812,0.74935,0.08832,-0.13319,-0.65514
-0.2628,0.65623,0.70732,-0.21632,0.20377,-0.27154
-0.25915,0.71171,0.65293,-0.88926,0.94869,-0.46943
-0.25383,0.7585,0.60021,-0.77047,1.19725,-1.08227
-0.25209,0.79759,0.548,-0.76533,1.29529,-1.1384
-0.24609,0.83528,0.49168,-0.39544,1.53342,-0.66616
-0.21875,0.87096,0.43996,-0.31403,1.38145,-0.65952
-0.17819,0.89925,0.39951,-0.51111,1.09049,-0.72422
-0.1391,0.92202,0.36129,-0.51502,0.45733,-0.7111
-0.09778,0.94204,0.32094,-0.405,0.23612,-0.5736
-0.05457,0.95922,0.27734,-0.16726,-0.26525,-0.32401
-0.0122,0.97176,0.23566,0.11424,-0.79201,-0.31653
0.01704,0.97717,0.21177,0.13939,-1.0169,-0.37783
0.03699,0.97695,0.21023,0.10992,-1.52596,-0.19389
0.05609,0.96835,0.24321,-0.18132,-1.61928,-0.3376
0.05875,0.94756,0.31412,-0.36407,-1.22112,-0.53824
0.03918,0.9218,0.38569,-0.32871,-0.92679,-0.60745
-0.00013,0.89929,0.43736,-0.31839,-0.33216,-0.70462
-0.02761,0.89441,0.44639,0.18952,0.38795,-0.74195
-0.02744,0.90234,0.43016,0.6342,0.42534,-0.9085
-0.01788,0.89996,0.43561,0.23268,0.19094,-0.29036
-0.04532,0.8811,0.47076,-2.52771,2.45229,-2.36943
-0.12544,0.91262,0.38908,-4.51669,2.5868,-2.84611
-0.09327,0.93086,0.35326,-0.60831,0.2683,0.37707
-0.05219,0.918,0.39314,0.34828,-0.97151,0.2811
-0.016,0.87492,0.484,0.66163,-1.04974,0.17887
-0.03167,0.8093,0.58654,0.4701,-0.46514,0.17945
-0.14179,0.76881,0.62356,-0.83696,1.09556,-1.4125
-0.27775,0.70252,0.65522,-0.70099,1.16184,-1.44416
-0.31021,0.65239,0.69149,-0.00694,1.26007,-0.32023
-0.27593,0.64442,0.71315,0.69427,0.28174,-0.51205
-0.24202,0.65365,0.71705,0.53928,0.17104,-1.54992
-0.21797,0.64344,0.7338,0.12038,0.32599,-0.99908
-0.21914,0.6162,0.75649,-0.05325,0.28738,-1.14104
-0.23768,0.5806,0.77872,0.01307,0.30953,-1.04543
-0.25072,0.55551,0.79281,0.43394,0.26787,-0.96362
-0.26022,0.54546,0.79671,0.543,0.25128,-0.95786
-0.27026,0.54885,0.79103,0.73891,0.12699,-0.98286
-0.28805,0.56177,0.77553,0.42568,-0.01667,-1.12164
-0.31042,0.58408,0.74999,0.34141,-0.12928,-1.1842
-0.33101,0.62313,0.70862,0.17626,-0.26275,-1.32073
-0.33406,0.6775,0.65529,-0.5622,0.73329,-0.04268
-0.32213,0.72861,0.60445,-0.57849,0.90105,0.09877
-0.31195,0.769,0.55797,-0.34493,0.95462,0.06039
-0.28299,0.80832,0.51627,0.42642,2.22165,-0.52662
-0.24786,0.84807,0.46835,0.53298,2.32352,-1.15945
-0.20639,0.87918,0.42947,0.49151,2.2924,-1.12057
-0.13557,0.9041,0.40526,-0.99146,0.80657,-0.45518
-0.05911,0.92893,0.3655,-1.37389,0.3561,-0.33122
0.01381,0.95214,0.30536,-1.29754,0.01259,-0.23269
0.08597,0.96932,0.23028,-0.36646,-0.46804,-0.24467
0.14124,0.97819,0.15228,-0.11588,-0.71786,-0.22476
0.17842,0.97995,0.08862,-0.13231,-0.87142,-0.18844
0.2095,0.97657,0.04916,-0.17222,-1.14733,-0.03889
0.2339,0.97167,0.03372,-0.24156,-1.20117,0.02081
0.24934,0.96774,0.03626,-0.54335,-1.07668,-0.04083
0.25704,0.96501,0.05181,-0.52339,-0.95293,-0.02583
0.25448,0.96448,0.07089,-0.37491,-0.80272,-0.04616
0.24159,0.96677,0.08363,-0.37302,-0.66783,-0.0843
0.22456,0.97101,0.0819,-0.4976,-0.11121,-0.38849
0.21316,0.97587,0.0473,-0.46893,0.40671,-0.72276
0.21782,0.97582,-0.01831,-0.35858,0.83378,-0.81493
0.23114,0.97031,-0.07124,0.14488,-0.16115,-0.49111
0.24604,0.96342,-0.10627,-0.28281,-0.25912,-0.00059
0.26953,0.95452,-0.1275,-0.54623,-0.12505,0.45886
0.28714,0.95047,-0.11899,-1.11351,-0.07515,0.83227
0.29569,0.95102,-0.09017,-1.94528,0.84064,0.68038
0.29107,0.94933,-0.11853,-3.39073,1.1361,-1.95151
0.26531,0.92705,-0.26494,-0.30096,0.95119,0.18247
0.26583,0.91143,-0.31407,-0.17108,0.08459,0.63061
0.27849,0.89759,-0.34172,-0.081,0.04954,1.35716
0.29386,0.89225,-0.34282,-0.00776,0.01461,0.9049
0.29822,0.89653,-0.32758,-0.7322,1.61661,-0.65355
0.27676,0.91564,-0.29157,-0.71074,1.5975,-0.68955
0.27126,0.92498,-0.26614,-0.80581,0.48946,0.46313
0.26324,0.92539,-0.27268,-0.63664,-0.11811,0.45606
0.24856,0.92443,-0.28923,-0.62302,-0.09478,0.12433
0.22889,0.92345,-0.30799,-0.57683,0.07604,-0.16787
0.20024,0.92333,-0.32766,-0.50354,0.09934,-0.05151
0.16832,0.92091,-0.35155,-0.31243,0.0837,0.25559
0.13703,0.91568,-0.37783,0.01642,0.0584,0.41166
0.10453,0.91034,-0.40045,0.28445,-0.10444,0.567
0.07498,0.90333,-0.42234,0.30346,-0.11788,0.62135
0.0466,0.89108,-0.45144,0.2112,-0.17319,0.74075
0.02117,0.87258,-0.48801,0.06713,-0.25988,0.76412
-0.00159,0.84822,-0.52964,-0.04446,-0.2832,0.76477
-0.02501,0.81787,-0.57486,-0.09813,-0.34469,0.7137
-0.05198,0.78061,-0.62286,-0.06255,-0.41618,0.61402
-0.07751,0.73808,-0.67024,0.0151,-0.34889,0.49457
-0.09131,0.6951,-0.71309,-0.02696,-0.07192,0.72735
-0.08313,0.65449,-0.75149,-0.4485,0.32031,0.79534
-0.05889,0.61465,-0.7866,-0.71903,0.4889,0.72881
-0.05505,0.57215,-0.8183,-1.00603,0.91431,0.62074
-0.08164,0.52854,-0.84497,-0.65728,1.39189,0.06081
-0.10226,0.486,-0.86796,-0.56821,1.60134,-0.02003
-0.09316,0.45388,-0.88618,-0.76907,1.69545,0.16207
-0.0655,0.43321,-0.89891,-0.74593,1.45117,0.34714
-0.05936,0.40019,-0.91451,-0.5592,1.32594,0.36902
-0.08076,0.35172,-0.93261,-0.09207,1.06794,0.46748
-0.11306,0.30382,-0.946,-0.30591,0.8781,0.38664
-0.15907,0.26377,-0.95138,-0.33743,0.8801,0.31011
-0.23781,0.26263,-0.93513,-0.17,0.2168,0.39747
-0.30552,0.24435,-0.9203,-0.07128,-0.10471,0.5402
-0.35552,0.24249,-0.90266,0.02594,-0.14453,0.54289
-0.38428,0.25877,-0.88621,0.1658,-0.25596,0.63003
-0.39649,0.28821,-0.87162,0.39939,-0.29264,0.69509
-0.39338,0.32976,-0.8582,0.5642,-0.40443,0.7782
-0.3746,0.37812,-0.84658,0.53576,-0.38912,0.71986
-0.35477,0.42792,-0.83128,0.61446,-0.38428,0.67546
-0.32834,0.47681,-0.81538,0.51818,-0.36162,0.65464
-0.29365,0.52933,-0.79598,0.3289,-0.39046,0.9358
-0.25576,0.59386,-0.76284,-0.0944,-0.64142,0.77451
-0.23766,0.61853,-0.74896,-0.68284,-0.55021,0.28518
-0.2388,0.61265,-0.75341,-1.50893,1.32935,0.93948
-0.23087,0.6516,-0.72257,-2.32311,1.36305,1.10391
-0.19989,0.71351,-0.67153,-1.02956,0.53529,1.18839
-0.19672,0.74688,-0.63519,-0.21989,0.37739,1.55981
-0.22111,0.75558,-0.61661,0.14133,0.74833,1.32215
-0.23693,0.75281,-0.61412,0.34382,0.96991,1.15031
-0.24858,0.75274,-0.60958,0.43956,1.57484,0.81741
-0.27338,0.75519,-0.59578,0.33431,1.32766,0.88601
-0.31604,0.75269,-0.57756,0.26329,0.85464,0.80266
-0.37356,0.74301,-0.55532,0.44815,0.52584,0.32384
-0.42988,0.73097,-0.52999,0.38279,0.55919,-0.2999
-0.46212,0.72885,-0.5052,0.25439,0.43186,-0.25022
-0.47478,0.72571,-0.49794,0.11118,0.28368,0.00355
-0.48552,0.71884,-0.49753,0.43273,-0.02027,-0.05062
-0.49634,0.71034,-0.49906,0.61859,-0.13275,-0.07519
-0.4963,0.69972,-0.51388,0.84028,-0.31682,0.43757
-0.48285,0.68888,-0.54065,1.01195,-0.54865,0.70441
-0.45783,0.67763,-0.57551,0.91079,-0.52742,0.70855
-0.42743,0.65803,-0.61992,0.28057,-0.03081,0.75481
-0.39434,0.63548,-0.66382,-0.21243,0.27444,0.6328
-0.34947,0.5964,-0.72262,-0.41849,0.50498,0.45817
-0.31672,0.5425,-0.77807,-0.72442,0.9761,0.18784
-0.32854,0.48931,-0.80786,-0.58447,1.76998,0.48848
-0.33826,0.44741,-0.82789,-0.62219,2.82795,0.35986
-0.30328,0.42506,-0.85285,-0.75052,2.41494,0.38249
-0.27958,0.39034,-0.8772,-0.044,1.15367,0.52754
-0.29054,0.32872,-0.89863,0.13575,0.99784,0.49919
-0.34121,0.26361,-0.90227,0.1997,0.77054,0.49414
-0.42718,0.21213,-0.87893,0.40208,0.34071,0.85853
-0.51454,0.18166,-0.83801,0.47472,0.07998,0.78799
-0.58355,0.18385,-0.79099,0.36605,-0.84666,0.5387
-0.61852,0.2173,-0.75512,0.26603,-1.15274,0.66873
-0.61553,0.27273,-0.73942,0.29513,-1.15292,0.75295
-0.58584,0.34066,-0.73535,0.27176,-0.58999,0.82302
-0.54254,0.40926,-0.73359,0.30281,-0.40911,0.75868
-0.50068,0.46059,-0.73292,0.35116,-0.34665,0.70981
-0.45625,0.47973,-0.74947,0.62832,0.50146,0.93944
-0.39338,0.50787,-0.76637,0.53747,0.20917,0.9089
-0.33234,0.56616,-0.75432,0.34203,-0.11867,1.09401
-0.28513,0.58385,-0.76014,-1.52597,1.88902,-0.28971
-0.28545,0.58161,-0.76174,-1.60395,1.68161,2.11836
-0.26274,0.64025,-0.72184,-0.80254,0.63091,1.35102
-0.2186,0.66881,-0.71057,-0.11709,0.05544,0.91962
-0.19598,0.71417,-0.67198,-0.18198,-0.11189,1.09275
-0.20988,0.77305,-0.59862,-0.49762,0.33203,1.54711
-0.25551,0.81515,-0.51984,-0.49234,0.73135,2.1583
-0.31594,0.8184,-0.48001,0.08759,1.14078,1.45902
-0.40398,0.78323,-0.4726,0.61391,1.23143,1.1956
-0.47088,0.75881,-0.44999,0.42979,1.26172,-0.65731
-0.48597,0.76896,-0.41537,0.26198,0.46233,-0.33497
-0.49195,0.77439,-0.39787,0.25671,0.26394,-0.42078
-0.50811,0.76717,-0.3915,0.75026,0.17944,0.09792
-0.52011,0.75872,-0.39222,1.03742,0.09945,-0.18679
-0.50899,0.75038,-0.42174,1.06103,-0.25145,0.17836
-0.48277,0.7449,-0.4605,0.94015,-0.42262,0.52765
-0.45921,0.74128,-0.48953,0.69344,-0.57294,0.41385
-0.43012,0.72527,-0.53756,0.44554,-0.31588,0.44439
-0.39188,0.70173,-0.59498,-0.10583,0.38293,0.90779
-0.34597,0.67131,-0.65548,-0.73191,0.82511,0.32255
-0.29723,0.62897,-0.71837,-0.76948,1.03173,0.27954
-0.26375,0.57521,-0.77432,-1.01252,1.3273,0.2458
-0.26456,0.50658,-0.8206,-0.51869,2.47856,0.41746
-0.25846,0.45446,-0.85245,-0.38653,2.56122,0.42179
-0.21014,0.43474,-0.87569,-0.51799,1.83212,0.40922
-0.17753,0.40564,-0.89663,-0.18802,1.03348,0.65065
-0.21345,0.34633,-0.91351,0.0207,0.94905,0.75739
-0.30231,0.27204,-0.91357,0.3712,0.56638,0.93278
-0.40181,0.21201,-0.89084,0.3651,-0.4038,0.87577
-0.48355,0.19893,-0.85241,0.41586,-0.87845,0.85141
-0.52159,0.22901,-0.82189,0.26629,-1.3731,0.85329
-0.52308,0.28587,-0.80291,0.30633,-1.10291,1.01107
-0.49672,0.3606,-0.78946,0.28852,-0.85093,1.01947
-0.45978,0.43669,-0.77324,0.29027,-0.44488,0.89276
-0.4264,0.48828,-0.76142,0.45208,-0.11755,0.35697
-0.38101,0.47973,-0.79037,0.54586,0.32158,-0.03433
-0.29173,0.43427,-0.85224,-1.31545,3.119,1.18416
-0.26363,0.45951,-0.84815,-0.96838,0.82939,1.31621
-0.24121,0.51317,-0.8237,-0.61322,-0.1025,-0.00367
-0.20298,0.57063,-0.79573,-0.13895,0.10752,1.80012
-0.16111,0.64884,-0.74367,-0.60405,-0.141,1.90459
-0.16796,0.72259,-0.67056,-0.85154,-0.18752,1.72646
-0.18702,0.77807,-0.59969,-1.26058,0.68451,1.16742
-0.24501,0.81493,-0.52522,-0.81367,0.64099,1.5945
-0.32784,0.80007,-0.50239,-0.47457,1.18946,1.37976
-0.44601,0.76072,-0.47157,1.24725,2.15708,-1.07042
-0.50679,0.7534,-0.41898,1.27463,1.66351,-0.83675
-0.50328,0.76671,-0.39857,1.26699,0.76523,-0.29999
-0.48401,0.77817,-0.40023,0.47794,-0.21644,-0.61505
-0.47216,0.77685,-0.41661,0.52799,-0.34506,-0.27418
-0.46042,0.76265,-0.45428,0.66148,-0.38578,0.08977
-0.45378,0.751,-0.47967,0.85586,-0.51152,1.16171
-0.45484,0.74857,-0.48245,1.25433,-0.80213,1.05064
-0.42216,0.74132,-0.52175,1.42967,-0.8319,0.41425
-0.36115,0.7203,-0.59224,0.16129,0.14999,0.61285
-0.31894,0.6953,-0.64408,-0.50183,0.84648,1.12606
-0.2694,0.65899,-0.70225,-0.74605,0.82735,0.67029
-0.21571,0.61847,-0.75562,-1.25989,1.66928,-0.0831
-0.18868,0.56605,-0.80249,-1.26401,2.37795,0.43434
-0.17642,0.51072,-0.84145,-0.88282,2.55541,0.65679
-0.13601,0.47182,-0.87114,-0.55197,1.9236,0.58527
-0.10411,0.43776,-0.89304,-0.59026,1.38772,0.50257
-0.12817,0.38754,-0.9129,-0.33384,0.98455,0.82472
-0.22477,0.30843,-0.92431,0.38142,0.38647,0.80665
-0.35609,0.22786,-0.90624,0.56754,0.00934,0.81878
-0.46803,0.18538,-0.86405,0.57528,-1.0932,0.79766
-0.51632,0.20043,-0.83261,0.41221,-1.77028,1.2239
-0.51075,0.26928,-0.81647,0.24375,-1.50022,1.1723
-0.48179,0.36064,-0.79863,0.16775,-0.8705,1.09003
-0.44859,0.44297,-0.77624,0.28637,-0.46838,0.88029
-0.41718,0.4944,-0.76258,0.27757,0.26333,0.45623
-0.36654,0.49961,-0.78488,0.28753,0.60131,0.24179
-0.29948,0.49566,-0.81525,0.53975,0.88244,0.26677
-0.22595,0.52376,-0.82136,-2.26865,2.41896,-0.58175
-0.20286,0.52988,-0.82345,-2.77398,2.19502,0.92726
-0.1771,0.5754,-0.79847,-0.69837,0.19904,0.66999
-0.15695,0.62111,-0.76784,0.16281,-0.55204,1.72018
-0.11942,0.68432,-0.71934,0.10537,-0.88784,1.74888
-0.12521,0.75565,-0.6429,-0.32899,0.12032,1.79273
-0.15695,0.80861,-0.56703,-1.4932,0.88387,1.80162
-0.21134,0.82715,-0.52072,-1.31945,1.32035,2.16938
-0.31623,0.79453,-0.51839,1.32969,2.22946,-2.70059
-0.42476,0.75395,-0.50113,0.8688,1.34967,-0.92529
-0.48318,0.74573,-0.45872,0.95338,1.08554,-0.25768
-0.50516,0.74781,-0.4308,0.5317,0.03206,0.52406
-0.50675,0.75172,-0.42206,0.27643,-0.16448,-0.38063
-0.50797,0.74592,-0.43077,0.55829,-0.11534,-0.25638
-0.49946,0.73596,-0.45706,1.01326,-0.51378,0.62754
-0.47795,0.7327,-0.48448,1.08458,-0.73468,0.88458
-0.44049,0.7285,-0.52465,1.00645,-0.89685,0.50865
-0.38165,0.71514,-0.58559,0.22854,-0.32488,-0.14013
-0.32918,0.68743,-0.64736,0.02531,0.07697,0.47991
-0.29518,0.64329,-0.70643,-0.64281,0.84439,0.98086
-0.25599,0.59135,-0.7647,-0.89574,1.41588,0.74337
-0.22858,0.53268,-0.81486,-0.4469,2.80077,-0.10777
-0.21194,0.48384,-0.8491,-0.29755,3.30262,0.1027
-0.18042,0.44679,-0.87626,-0.69714,2.02019,0.74686
-0.15383,0.4013,-0.90294,-1.31617,1.4211,0.77893
-0.16301,0.33624,-0.92756,-0.99823,1.10978,0.80726
-0.2153,0.26846,-0.93892,-0.2015,0.61389,0.90088
-0.31701,0.21473,-0.92379,0.72278,-0.54212,0.54853
-0.41958,0.19324,-0.88691,0.82534,-0.52064,0.51165
-0.47524,0.21267,-0.85377,0.36458,-1.67098,0.51839
-0.48801,0.25106,-0.83595,0.44585,-1.36934,1.05896
-0.46915,0.31365,-0.82555,0.33555,-0.77494,1.39655
-0.4462,0.38462,-0.80806,0.21067,-0.18821,1.03673
-0.42044,0.43677,-0.79528,0.24116,0.03611,0.88768
-0.36851,0.45062,-0.81311,0.36905,0.81461,0.69775
-0.29447,0.46481,-0.83501,0.24745,0.94249,0.8864
-0.22729,0.51542,-0.82624,-0.40729,1.27066,0.82076
-0.17405,0.53594,-0.82612,-1.98116,2.54561,0.23215
-0.13815,0.58166,-0.80161,-0.64024,0.19858,0.26627
-0.10923,0.61512,-0.78083,-0.3861,-0.11411,1.39724
-0.10418,0.69358,-0.71281,-0.12069,-0.8576,1.66144
-0.1267,0.76251,-0.63445,-0.42755,0.09441,1.62113
-0.17408,0.80837,-0.56234,-0.92279,0.75388,1.72934
-0.24245,0.84561,-0.47557,-0.97401,0.93232,2.03598
-0.31473,0.84727,-0.42788,1.11391,1.80529,-1.10745
-0.38763,0.81016,-0.43975,0.88145,1.77706,-1.18161
-0.44565,0.80063,-0.40048,1.02033,1.06993,-0.35242
-0.46789,0.80046,-0.37462,0.50257,0.13892,0.3751
-0.47792,0.79922,-0.36447,0.24847,-0.38415,-0.4247
-0.48169,0.79693,-0.36453,0.31626,-0.38881,-0.60686
-0.48407,0.78689,-0.38272,0.95509,-0.63055,0.47018
-0.48234,0.77871,-0.40119,1.19961,-0.74746,0.77053
-0.46471,0.77517,-0.42796,1.19486,-0.80267,0.60804
-0.42295,0.76819,-0.48062,0.59562,-0.29813,-0.28415
-0.3646,0.75041,-0.55132,-0.04975,0.64741,0.77277
-0.31807,0.71659,-0.62075,-0.4908,0.95606,1.10825
-0.26843,0.6706,-0.69155,-1.27265,1.52474,0.35995
-0.22617,0.62038,-0.75098,-1.08308,2.36552,-0.12657
-0.21209,0.56444,-0.79777,-0.71119,2.82942,0.16096
-0.18497,0.51875,-0.83468,-0.26349,2.23154,0.71038
-0.13606,0.47887,-0.86728,-1.08198,1.50476,0.47646
-0.11455,0.42608,-0.8974,-1.00967,1.20389,0.65875
-0.15287,0.35755,-0.9213,-0.28798,0.77807,0.87102
-0.25514,0.28555,-0.92378,0.52324,0.25889,0.99264
-0.37633,0.22863,-0.89784,0.94992,-0.21915,0.95388
-0.45933,0.20942,-0.86323,0.47337,-1.51845,0.96567
-0.4785,0.2403,-0.84457,0.25137,-1.67092,1.31843
-0.45314,0.30795,-0.83656,0.08865,-1.53575,1.30961
-0.41405,0.39411,-0.82051,0.16818,-0.71033,1.07839
-0.38067,0.47402,-0.79397,0.22979,-0.40469,0.78573
-0.35657,0.52341,-0.77389,0.22104,-0.25379,0.64936
-0.3114,0.51406,-0.79923,0.39807,1.0656,0.27425
-0.2523,0.53085,-0.80904,0.27673,0.52633,1.03609
-0.22919,0.59326,-0.7717,-0.05758,0.57004,1.03961
-0.22723,0.57447,-0.78636,-3.10106,2.7594,1.09287
-0.17182,0.62697,-0.75986,-1.20524,0.80537,1.61986
-0.14944,0.69571,-0.70261,-0.51217,-0.28184,0.77745
-0.12074,0.76787,-0.62913,0.36004,-1.25314,1.19968
-0.10429,0.83739,-0.53657,0.34327,-0.93469,1.25483
-0.12327,0.87395,-0.47013,-0.1164,0.36449,1.34293
-0.19521,0.88061,-0.43176,-0.64386,1.66673,1.74586
-0.29638,0.84977,-0.43596,0.38289,1.61468,0.47494
-0.39293,0.81511,-0.42568,0.71848,1.93787,-1.66028
-0.42721,0.81174,-0.39822,0.70055,0.64981,-0.11515
-0.44134,0.80912,-0.38801,0.31016,-0.05843,0.20028
-0.44798,0.80451,-0.38997,0.34251,-0.15507,-0.05333
-0.44979,0.79507,-0.40687,0.8711,-0.35066,0.22218
-0.43544,0.7901,-0.43144,1.34337,-0.62236,0.60708
-0.39464,0.79155,-0.46659,1.25097,-0.77495,0.33932
-0.3345,0.7833,-0.52397,0.57186,-0.43807,-0.18565
-0.28076,0.76247,-0.58293,-0.28842,0.52371,1.02939
-0.24729,0.72001,-0.64841,-0.64111,0.6247,1.03752
-0.21657,0.66125,-0.71822,-1.08493,0.81768,0.4838
-0.19503,0.60055,-0.77544,-0.92895,2.10117,0.0524
-0.19373,0.53749,-0.82072,-0.69526,2.66891,0.20213
-0.17368,0.48996,-0.85427,-0.61806,2.19794,0.59333
-0.13307,0.4552,-0.88039,-0.98966,1.84084,0.64493
-0.11318,0.40574,-0.90695,-0.84299,1.16912,0.62077
-0.14132,0.33847,-0.9303,-0.20295,0.59036,0.68435
-0.22163,0.27237,-0.93632,0.12527,0.38519,0.78617
-0.3254,0.231,-0.91693,0.62526,-0.36626,0.80096
-0.40886,0.22819,-0.88361,0.59308,-1.40215,0.74236
-0.44544,0.26657,-0.85471,0.45722,-1.42548,0.88175
-0.44569,0.33087,-0.8318,0.3721,-1.36549,0.95011
-0.43202,0.4,-0.80831,0.33738,-0.5196,0.90769
-0.41366,0.45672,-0.78759,0.28335,-0.12998,0.71787
-0.39299,0.49052,-0.77778,0.2285,0.08512,0.65973
-0.35451,0.48507,-0.7994,0.25265,1.02368,0.26902
-0.29983,0.48124,-0.82372,-0.07157,1.60621,0.72308
-0.24571,0.50685,-0.82627,-1.10975,2.57892,1.24134
-0.22792,0.52914,-0.81735,-1.34025,0.94135,1.43514
-0.1883,0.57382,-0.79704,-0.21751,-0.28774,0.53707
-0.16022,0.62752,-0.76194,-0.02545,-0.37668,1.02221
-0.14191,0.73188,-0.6665,-0.14491,-0.93489,1.67942
-0.13391,0.80413,-0.57917,-0.66237,-0.34579,1.43278
-0.14324,0.84598,-0.51361,-0.94357,-0.02282,1.12741
-0.19278,0.86329,-0.46645,-1.20995,0.98677,1.23613
-0.27385,0.85545,-0.43955,-0.54712,1.44904,1.22364
-0.37626,0.83605,-0.39931,0.65884,1.63613,-0.17052
-0.44476,0.82083,-0.35837,1.35935,1.36834,-0.65826
-0.46417,0.82426,-0.32426,1.026,0.71516,-0.45578
-0.46685,0.82641,-0.3148,0.4029,0.28991,0.13748
-0.47576,0.82203,-0.31293,0.73706,0.01449,-0.19053
-0.47576,0.81331,-0.33494,0.91729,-0.11496,0.05041
-0.46666,0.80699,-0.36193,1.09482,-0.40756,0.6731
-0.4501,0.80648,-0.3834,1.14117,-0.81036,0.05954
-0.41526,0.7986,-0.43566,0.78685,-0.64598,-0.23839
-0.36368,0.77779,-0.51263,0.04842,0.20796,0.65832
-0.32806,0.74919,-0.5754,-0.57485,0.6923,1.3043
-0.28026,0.70939,-0.6467,-0.71636,0.6996,0.617
-0.22703,0.66215,-0.71415,-0.97754,1.48683,0.03435
-0.20844,0.60608,-0.76761,-0.92343,2.54975,0.14816
-0.20572,0.55624,-0.80516,-0.44936,2.65758,0.61321
-0.17978,0.51663,-0.83712,-0.90855,2.09412,0.53336
-0.17721,0.46308,-0.86842,-0.61994,1.13099,0.80269
-0.20195,0.39393,-0.89668,-0.32209,0.61229,0.85414
-0.25974,0.32656,-0.90879,-0.10353,0.30289,0.78237
-0.3415,0.28067,-0.897,0.34594,-0.62165,0.60708
-0.41007,0.27429,-0.86983,0.37334,-1.45249,0.60544
-0.44751,0.30732,-0.83981,0.34216,-1.62498,0.69484
-0.45267,0.36574,-0.81322,0.35147,-1.36043,1.03369
-0.4277,0.44584,-0.78632,0.23203,-0.89074,1.13097
-0.39715,0.52024,-0.75606,0.17222,-0.70434,1.14854
-0.37465,0.56744,-0.73324,0.06217,-0.47006,1.08888
-0.34685,0.58592,-0.73239,0.03072,-0.09533,0.80636
-0.30104,0.56807,-0.76595,0.03692,0.1648,0.59717
-0.24259,0.53988,-0.80603,-0.95669,3.93963,-0.32623
-0.22452,0.57508,-0.78669,-1.07078,0.86843,2.02967
-0.17356,0.62601,-0.76026,-0.68052,-0.09776,0.66422
-0.14145,0.67363,-0.7254,-0.02073,-0.56624,1.6552
-0.13497,0.75599,-0.64052,-0.15797,-0.66537,1.78619
-0.15092,0.81597,-0.55805,-0.37064,-0.43526,1.73998
-0.17939,0.85343,-0.48937,-1.42641,0.79319,1.20267
-0.23556,0.86995,-0.43325,-0.67504,1.16674,1.39793
-0.31643,0.84366,-0.43372,-0.07074,1.42207,0.7828
-0.41946,0.81487,-0.40004,1.00405,1.75326,-0.742
-0.47182,0.80677,-0.35569,1.06871,0.88385,-0.25087
-0.49561,0.80482,-0.32656,0.97637,0.51061,-0.16237
-0.49928,0.80442,-0.32191,0.39344,-0.18626,-0.26688
-0.50016,0.80154,-0.32767,0.3023,-0.29547,-0.18789
-0.50346,0.79246,-0.34428,0.58561,-0.35004,0.10585
-0.50031,0.78763,-0.35963,1.19062,-0.62036,0.61506
-0.47702,0.79051,-0.38411,1.4232,-0.83904,0.31601
-0.42636,0.78923,-0.44196,1.11484,-0.71518,-0.09497
-0.36519,0.77614,-0.51404,-0.02038,0.29378,0.67956
-0.31999,0.74946,-0.57958,-0.75034,0.62594,0.84939
-0.27765,0.70974,-0.64745,-0.93711,0.73225,0.56484
-0.24871,0.65876,-0.71006,-0.70953,1.31718,-0.12141
-0.24558,0.59777,-0.76313,-0.35617,2.56393,0.22307
-0.23049,0.55241,-0.80107,-0.39097,2.93854,0.51227
-0.19107,0.52328,-0.83047,-1.00614,1.72448,0.48755
-0.16778,0.48101,-0.86051,-0.49016,1.05114,0.56899
-0.18356,0.42912,-0.8844,-0.21818,0.77138,0.58581
-0.24184,0.38131,-0.89225,0.10262,0.49297,0.74733
-0.32732,0.34243,-0.88068,0.17918,-0.38879,0.72074
-0.41084,0.32975,-0.84998,0.1765,-0.88158,0.7458
-0.46198,0.34918,-0.81526,0.21939,-1.50265,0.88864
-0.47719,0.38906,-0.78799,0.54774,-1.4617,1.14531
-0.45584,0.46166,-0.76097,0.39742,-1.12565,1.22412
-0.42261,0.53743,-0.72977,0.19171,-0.55463,0.88418
-0.39307,0.59164,-0.70389,0.15668,-0.49514,0.69915
-0.36585,0.60943,-0.70339,0.23696,0.03168,0.23676
-0.31952,0.59823,-0.73487,0.46477,0.91637,-0.02432
-0.26202,0.60855,-0.74901,-1.24926,3.48987,0.75147
-0.26143,0.64033,-0.72225,-1.9065,2.87684,-0.50313
-0.21184,0.69222,-0.6899,-0.16255,-0.27602,-0.07656
-0.18952,0.7156,-0.67231,0.06789,-0.82721,1.89658
-0.1755,0.76733,-0.61677,0.0566,-1.11207,1.6899
-0.2009,0.82751,-0.52428,-0.40805,-0.06225,1.77175
-0.24379,0.86224,-0.44398,-1.10898,0.53559,1.52918
-0.29082,0.87364,-0.39011,-0.93608,0.726,1.2762
-0.36467,0.84246,-0.39659,0.94886,2.48486,-1.42902
-0.46687,0.80894,-0.35729,0.97764,2.07929,-0.98934
-0.50659,0.80183,-0.31691,1.1494,1.01955,-0.1745
-0.51839,0.80314,-0.29365,0.65783,-0.01967,-0.04116
-0.53176,0.79684,-0.28684,0.73385,-0.20017,-0.28995
-0.5322,0.79153,-0.3004,0.72199,-0.22514,-0.47289
-0.51447,0.78819,-0.33775,0.7448,-0.33426,0.5644
-0.49763,0.79003,-0.35808,0.92194,-0.6606,0.79018
-0.47133,0.7925,-0.38703,1.07438,-0.84267,0.54758
-0.42136,0.78555,-0.45317,0.42678,-0.13551,0.30201
-0.36968,0.77224,-0.5167,-0.35888,0.68147,0.9653
-0.31759,0.74682,-0.5843,-0.67083,0.68365,0.76391
-0.26398,0.71473,-0.64767,-0.995,1.31885,0.00202
-0.23513,0.67012,-0.70402,-0.95369,2.05627,0.09747
-0.22142,0.62106,-0.75184,-0.61264,2.50863,0.32032
-0.18745,0.58552,-0.78869,-0.61893,1.97346,0.60108
-0.15063,0.55139,-0.82053,-0.91672,1.09649,0.56174
-0.14469,0.49917,-0.85434,-0.68183,0.81853,0.58329
-0.18382,0.43824,-0.87986,-0.06309,0.39548,0.71417
-0.2662,0.3833,-0.88443,0.48676,0.13594,0.77039
-0.36016,0.35104,-0.86432,0.79298,-0.2138,0.76319
-0.4185,0.35428,-0.83627,0.37732,-1.29472,0.6659
-0.42622,0.39329,-0.81465,0.16818,-1.46293,1.15547
-0.40268,0.45757,-0.79277,0.05861,-1.29309,1.11101
-0.37801,0.52946,-0.75946,0.14592,-0.72127,0.97674
-0.3649,0.59021,-0.72007,0.41408,-0.15313,0.75968
-0.35155,0.62066,-0.70085,0.50617,0.10862,0.62806
-0.30084,0.6215,-0.72335,0.50609,0.90982,0.44261
-0.24447,0.6618,-0.7087,-0.07026,0.52564,1.15948
-0.22156,0.70363,-0.67514,-1.54913,1.70845,-0.53699
-0.24497,0.66309,-0.70732,-2.6878,2.20472,1.25317
-0.21893,0.70405,-0.67556,-0.21224,-0.46269,1.05782
-0.20247,0.7575,-0.62064,0.17316,-0.82121,1.19709
-0.17042,0.83283,-0.52664,0.2657,-1.37371,1.23098
-0.18348,0.89261,-0.41181,-0.29865,0.02808,1.95401
-0.23504,0.91114,-0.33849,-0.86872,0.49939,2.06655
-0.30233,0.89088,-0.33901,-0.8041,1.69344,1.77831
-0.40028,0.84924,-0.34433,1.19261,2.43865,-2.41954
-0.46966,0.82874,-0.30432,1.06294,1.22298,-0.82309
-0.48419,0.82868,-0.28078,0.87464,0.27787,-0.0563
-0.48872,0.82778,-0.27555,0.17611,0.02418,-0.10222
-0.49874,0.82317,-0.27138,0.24533,-0.09131,-0.25568
-0.50391,0.81604,-0.28311,0.65695,-0.13488,-0.08521
-0.50209,0.81269,-0.29569,1.25185,-0.4582,0.56576
-0.47843,0.82113,-0.31119,1.47039,-0.60267,0.50678
-0.42994,0.82876,-0.35821,1.13783,-0.69706,-0.50027
-0.36878,0.82106,-0.43572,-0.20226,0.09366,0.44074
-0.34265,0.79278,-0.50407,-0.63889,0.68064,1.01192
-0.31883,0.74841,-0.58157,-1.08698,0.98514,0.40431
-0.28585,0.69871,-0.65582,-1.19304,1.3755,-0.12445
-0.26472,0.64151,-0.71999,-1.1157,1.69893,-0.04001
-0.25368,0.58634,-0.76932,-0.17852,2.61437,0.545
-0.21367,0.551,-0.80668,-0.74901,1.76608,0.38136
-0.17887,0.51609,-0.83765,-0.91051,1.3842,0.46657
-0.18104,0.46534,-0.86642,-0.13581,0.52913,0.86256
-0.23248,0.40988,-0.88201,0.28781,0.16379,0.96646
-0.31884,0.36019,-0.8767,0.51397,-0.02129,0.81907
-0.39902,0.33704,-0.85275,0.3212,-1.03466,0.52391
-0.44022,0.35137,-0.82629,0.41565,-1.62796,0.90315
-0.44206,0.40147,-0.80213,0.55779,-1.67741,1.23085
-0.42301,0.48051,-0.76823,0.33513,-0.9146,1.19875
-0.4018,0.55479,-0.72854,0.21599,-0.59872,0.8334
-0.38127,0.59732,-0.70558,0.21911,-0.44618,0.6945
-0.34415,0.59892,-0.72309,0.3593,0.68018,0.03158
-0.28035,0.60198,-0.74768,0.38747,0.66475,0.31587
-0.23021,0.64198,-0.73134,-0.06235,0.76653,0.34171
-0.24902,0.62874,-0.73667,-2.57854,2.07118,1.37235
-0.21947,0.65585,-0.72229,-0.72791,0.49923,1.60864
-0.19607,0.71268,-0.67353,-0.21921,-0.28825,0.93143
-0.16029,0.78843,-0.59387,0.42074,-1.20167,1.57055
-0.15251,0.86266,-0.48225,0.01991,-0.54456,1.35595
-0.18684,0.90128,-0.39087,-0.81208,0.26301,1.54683
-0.2387,0.89681,-0.37251,-1.34083,1.72729,1.81014
-0.33395,0.86252,-0.38019,0.55435,1.8805,-1.54048
-0.43174,0.83669,-0.33698,1.31471,2.039,-1.47746
-0.46379,0.83385,-0.29932,0.83808,0.66804,-0.17629
-0.47624,0.83362,-0.27978,0.33209,0.1981,0.13183
-0.48315,0.83094,-0.27588,0.27845,0.03935,-0.36251
-0.48579,0.82503,-0.28867,0.54162,-0.12699,-0.39117
-0.48325,0.81856,-0.31054,0.99088,-0.45883,0.79833
-0.47461,0.81946,-0.32129,1.15188,-0.66886,0.84382
-0.44657,0.82132,-0.35498,1.25526,-0.93196,0.01148
-0.39419,0.81767,-0.41955,0.3146,-0.26183,0.22368
-0.33996,0.80217,-0.49087,-0.17814,0.26684,0.72668
-0.29963,0.77192,-0.56067,-0.84443,0.63373,0.58518
-0.26064,0.73229,-0.62914,-0.88172,1.13845,0.06546
-0.23458,0.6869,-0.68786,-0.81202,1.47717,-0.00126
-0.21693,0.63656,-0.74009,-0.3353,2.96592,0.52199
-0.17237,0.59858,-0.7823,-0.61512,1.70417,0.57278
-0.13914,0.55959,-0.817,-0.86875,1.3187,0.57875
-0.14449,0.50448,-0.85125,-0.51133,0.79712,0.69936
-0.18975,0.4415,-0.87697,0.06324,0.38469,0.69129
-0.27541,0.38108,-0.88257,0.29428,0.27893,0.73244
-0.37333,0.33816,-0.86387,0.37594,-0.58129,0.89887
-0.44354,0.32498,-0.83526,0.18551,-1.19648,0.92675
-0.46382,0.35184,-0.81307,0.38392,-1.42928,1.05849
-0.43934,0.42267,-0.79267,0.28976,-1.14966,1.23535
-0.40317,0.50915,-0.76041,0.2056,-0.67549,0.96251
-0.3774,0.57935,-0.72244,0.21097,-0.58524,0.65062
-0.36256,0.61273,-0.70222,0.59121,0.12618,0.12967
-0.30537,0.59894,-0.74028,0.33525,1.89714,-0.81181
-0.21884,0.58223,-0.78302,-1.36711,4.08298,0.13748
-0.20875,0.61499,-0.7604,-1.69085,0.38574,1.12705
-0.17783,0.63711,-0.74998,-0.35808,-0.38995,-0.09539
-0.17143,0.67893,-0.71391,0.0641,-0.47051,1.43554
-0.1338,0.75388,-0.64324,-0.08005,-0.95917,1.76418
-0.14169,0.81747,-0.55827,-0.45252,-0.04835,1.40059
-0.17596,0.85105,-0.49471,-0.76267,0.35318,1.07577
-0.24145,0.86919,-0.43151,-1.16521,1.202,1.68084
-0.33242,0.8575,-0.39266,0.60227,1.61799,-0.30795
-0.42886,0.82789,-0.36149,1.57489,2.44999,-1.4359
-0.48491,0.81425,-0.31915,1.22679,1.02178,-0.30487
-0.50451,0.81104,-0.29612,0.80684,0.14507,0.13775
-0.51151,0.80769,-0.29326,0.43605,0.05787,0.28523
-0.51432,0.80493,-0.2959,0.21907,-0.57419,-0.12582
-0.51274,0.79926,-0.31351,1.01667,-0.62743,0.48399
-0.50578,0.79859,-0.32626,1.22952,-0.70737,0.64524
-0.47541,0.80423,-0.35664,1.0813,-0.73267,-0.22878
-0.4213,0.8057,-0.41636,0.35028,-0.23551,0.02485
-0.36325,0.79231,-0.4902,-0.14449,0.2898,0.56935
-0.32073,0.76459,-0.55905,-1.09665,0.78286,0.23324
-0.27679,0.72905,-0.626,-0.85314,1.07716,-0.07193
-0.24992,0.68297,-0.68636,-0.85889,1.28165,-0.14709
-0.24748,0.62656,-0.73904,-0.42604,2.42083,0.27027
-0.22941,0.58246,-0.77981,-0.28373,2.98399,0.71214
-0.1872,0.55326,-0.81171,-0.68371,1.63928,0.48323
-0.16878,0.51475,-0.84056,-0.46508,0.93174,0.57544
-0.19237,0.46128,-0.86615,-0.22986,0.75261,0.6388
-0.26432,0.40161,-0.87684,0.09928,0.65053,0.81714
-0.35708,0.3538,-0.86448,0.29552,-0.04772,0.90394
-0.4299,0.33685,-0.83769,0.24458,-1.46805,1.02368
-0.45917,0.35466,-0.81448,0.38781,-1.73958,1.09733
-0.44367,0.41858,-0.79243,0.33268,-1.70702,1.31373
-0.41319,0.4996,-0.76136,0.22398,-0.7581,1.05343
-0.38672,0.56916,-0.72561,0.1985,-0.62612,0.77566
-0.36876,0.60499,-0.70569,0.2934,-0.35563,0.25618
-0.33257,0.59374,-0.73272,0.64266,0.84091,0.06069
-0.26883,0.59571,-0.75687,0.45714,0.89364,0.28353
-0.23104,0.60606,-0.76112,-2.71745,2.81737,-0.54811
-0.2223,0.61237,-0.75867,-1.6181,0.81108,1.51073
-0.18891,0.6569,-0.72993,-0.68229,-0.02379,0.37795
-0.18744,0.70276,-0.68629,0.65369,-0.74097,1.80476
-0.1567,0.77416,-0.61329,0.32022,-0.79892,1.42709
-0.17288,0.83785,-0.51781,0.1445,-0.21425,1.46625
-0.2252,0.86422,-0.44989,-1.51209,0.85808,1.60181
-0.27872,0.86519,-0.41685,-0.58894,1.05373,1.08171
-0.35803,0.84246,-0.40257,-0.00044,0.96204,0.44354
-0.44588,0.81617,-0.36751,0.63484,1.24939,-1.14135
-0.48329,0.81143,-0.32866,0.63382,0.72599,-0.1326
-0.49927,0.80729,-0.31467,0.71025,0.3608,0.26041
-0.50949,0.79991,-0.31712,0.64582,-0.06103,-0.38503
-0.50849,0.79147,-0.33914,0.89711,-0.28143,0.05433
-0.50061,0.78829,-0.35775,1.04138,-0.38714,0.45556
-0.47526,0.79188,-0.38347,1.26675,-0.80101,0.47109
-0.43274,0.7897,-0.43487,0.80719,-0.61935,-0.19697
-0.37675,0.77881,-0.50151,0.53279,-0.45426,-0.03105
-0.33197,0.75328,-0.56777,-0.45676,0.76036,0.98524
-0.29264,0.71341,-0.63672,-0.91192,0.75058,0.52712
-0.24998,0.66668,-0.70218,-0.99146,1.0398,0.26622
-0.23259,0.61977,-0.74953,-0.52043,2.36668,0.14493
-0.21608,0.5759,-0.78844,-0.39959,2.74938,0.55683
-0.17893,0.54138,-0.82152,-0.43095,2.31856,0.60066
-0.17012,0.49411,-0.85259,-0.59935,1.14545,0.63487
-0.18695,0.43904,-0.87881,-0.12755,0.40224,0.63747
-0.23371,0.39098,-0.89023,0.00863,0.29826,0.70649
-0.31016,0.35857,-0.88047,0.24953,-0.14853,0.55126
-0.3913,0.34835,-0.85178,0.20971,-0.87527,0.51259
-0.44591,0.36368,-0.81787,0.39213,-1.49959,0.67164
-0.46136,0.40196,-0.79094,0.7084,-1.13073,1.2982
-0.44431,0.47427,-0.76004,0.55804,-0.92808,1.26243
-0.42346,0.54443,-0.72407,0.39041,-0.60736,0.96878
-0.40247,0.58347,-0.7054,0.33438,-0.1414,0.68181
-0.35804,0.58753,-0.72568,0.30527,0.57145,0.23072
-0.29313,0.59032,-0.75207,0.45658,0.76791,0.07992
-0.24313,0.62097,-0.74518,-0.69075,1.64271,0.54222
-0.25831,0.5939,-0.76194,-2.81391,2.38042,-0.29458
-0.23117,0.61936,-0.7503,-1.12932,0.73202,1.3803
-0.22458,0.68893,-0.68916,0.33629,-0.77247,1.59628
-0.17809,0.77019,-0.61244,0.25272,-1.19005,1.38094
-0.16354,0.8437,-0.51129,-0.01627,-1.02414,1.06241
-0.19858,0.87969,-0.4321,-1.00953,0.40084,1.3494
-0.25712,0.88149,-0.39607,-1.21561,1.34369,1.86363
-0.35131,0.85181,-0.38858,-0.5633,1.7801,1.2397
-0.45395,0.81599,-0.35789,1.15499,1.7721,-1.47516
-0.50158,0.80479,-0.31738,1.04884,0.7125,-0.16507
-0.51339,0.80575,-0.29529,0.86976,0.4192,-0.05863
-0.52118,0.80249,-0.29047,0.21532,-0.08019,-0.27816
-0.52687,0.7979,-0.29285,0.53143,-0.12279,-0.31992
-0.52371,0.78999,-0.31882,0.74986,-0.23437,0.11313
-0.51328,0.78979,-0.33583,1.33201,-0.73172,0.71321
-0.48024,0.79425,-0.37221,1.28727,-0.92558,-0.16062
-0.42437,0.78932,-0.44371,0.86868,-0.72992,-0.32624
-0.36649,0.77381,-0.51663,-0.2828,0.38207,0.77325
-0.32332,0.74085,-0.58873,-0.98255,0.66644,0.52519
-0.27443,0.69932,-0.66003,-1.15062,0.84334,0.19695
-0.23803,0.65635,-0.71593,-0.70741,1.76972,0.07877
-0.23067,0.60705,-0.76045,-0.17818,2.76667,0.46666
-0.19753,0.57224,-0.79594,0.04931,2.72514,0.63348
-0.15439,0.54614,-0.82334,-0.83113,1.37414,0.43941
-0.15483,0.50427,-0.84955,-0.55397,0.74479,0.78295
-0.19434,0.45046,-0.87139,-0.27044,0.63641,0.80031
-0.27702,0.39815,-0.87449,0.20788,0.12516,0.72178
-0.37039,0.36625,-0.85362,0.22848,-0.781,0.66875
-0.43849,0.36324,-0.82206,0.1449,-1.25324,0.51389
-0.45757,0.39897,-0.79464,0.40583,-1.74224,0.8991
-0.43808,0.4664,-0.76847,0.32448,-0.91175,1.03903
-0.41097,0.54,-0.73451,0.29736,-0.98534,1.00506
-0.38426,0.59601,-0.70506,0.27516,-0.40024,0.80647
-0.34543,0.62206,-0.70265,0.26036,0.21861,0.47721
-0.29018,0.63012,-0.72024,0.52966,0.57278,0.32005
-0.22317,0.6725,-0.70565,-0.20525,0.30963,0.57916
-0.19506,0.6948,-0.69224,-3.2387,2.42593,-1.62138
-0.22912,0.64449,-0.72947,-3.20464,2.47623,-1.58416
-0.20735,0.68922,-0.69425,-0.74747,0.63027,1.70103
-0.18368,0.75401,-0.63067,0.34322,-0.97811,1.54863
-0.1419,0.8308,-0.53817,0.30874,-1.14248,1.19114
-0.15525,0.88955,-0.42966,-0.34874,-0.02118,1.4628
-0.20643,0.9037,-0.37512,-1.02021,0.5354,1.97021
-0.27799,0.87632,-0.39343,-0.83693,1.59612,1.49192
-0.38775,0.84175,-0.37563,1.41592,2.17141,-1.62115
-0.44921,0.82911,-0.33284,0.96604,0.69576,-0.09993
-0.46776,0.82852,-0.30782,0.77882,0.47881,0.00513
-0.47715,0.82605,-0.29994,0.22761,0.29945,-0.28492
-0.48817,0.8209,-0.29634,0.50376,0.05624,-0.416
-0.49967,0.80824,-0.31157,0.76162,-0.04809,-0.03236
-0.50034,0.80168,-0.32706,1.3102,-0.534,0.70194
-0.48094,0.80819,-0.33988,1.47711,-0.82162,0.44023
-0.44239,0.80979,-0.38539,1.14539,-0.79251,-0.26256
-0.38468,0.80373,-0.45391,0.04539,-0.25909,0.20725
-0.3434,0.78374,-0.51753,-0.70794,0.66319,1.14382
-0.31467,0.74614,-0.58673,-0.89552,0.58016,0.9046
-0.28118,0.70129,-0.65508,-0.72138,0.7427,0.34264
-0.26118,0.64575,-0.71749,-0.84225,1.59229,0.21023
-0.2699,0.58738,-0.76298,-0.60497,2.47514,0.2531
-0.23535,0.55859,-0.79535,-0.35957,2.29239,0.27651
-0.17727,0.54638,-0.81856,-0.78642,1.53684,0.33988
-0.14752,0.52111,-0.84065,-0.6063,1.13473,0.45467
-0.17842,0.47721,-0.86048,0.03624,0.45964,0.81288
-0.2619,0.42093,-0.86846,0.39294,0.11453,0.85577
-0.36362,0.37373,-0.85329,0.59176,-0.2162,0.86891
-0.43543,0.36035,-0.82495,0.48946,-1.61015,0.70032
-0.45805,0.39333,-0.79717,0.48657,-1.76763,1.09595
-0.45448,0.45914,-0.76331,0.29744,-1.459,1.08867
-0.44491,0.5301,-0.72184,0.27674,-0.67004,0.95148
-0.42755,0.58149,-0.69215,0.13336,-0.3881,0.52388
-0.3941,0.5975,-0.69834,0.14333,-0.09465,0.22439
-0.33682,0.59764,-0.72758,0.49718,0.75224,0.13098
-0.26999,0.63038,-0.72783,-1.08491,2.56152,0.96357
-0.25701,0.63191,-0.73119,-2.5265,2.70847,-1.12308
-0.21363,0.66776,-0.71307,-0.7935,0.09245,0.38091
-0.20309,0.70964,-0.67466,0.2918,-0.83011,1.80767
-0.18072,0.77559,-0.60481,0.25474,-1.16042,1.8989
-0.18834,0.83752,-0.51293,-0.1707,-0.0481,1.42542
-0.23837,0.86764,-0.43632,-1.08439,0.70336,1.50923
-0.31494,0.869,-0.38163,-0.93648,1.26962,2.11167
-0.40598,0.83874,-0.36289,0.1863,1.68866,1.02366
-0.49001,0.80188,-0.34188,0.86847,2.32489,-1.6638
-0.51983,0.7965,-0.30881,1.01055,0.6668,-0.4039
-0.52439,0.80063,-0.28982,0.7579,-0.00287,0.09515
-0.53688,0.79581,-0.2801,0.42256,-0.07385,-0.04308
-0.54348,0.7895,-0.28515,0.4396,-0.22087,-0.12795
-0.54193,0.78386,-0.30312,0.85602,-0.48236,0.23792
-0.53068,0.78573,-0.31782,1.25302,-0.67131,0.62588
-0.49996,0.79185,-0.35073,1.30138,-0.88705,0.14411
-0.44827,0.78995,-0.41837,0.27247,-0.18793,-0.0117
-0.39905,0.77533,-0.48951,-0.50991,0.7401,0.85202
-0.36374,0.74253,-0.56244,-0.89483,0.91404,0.77614
-0.32147,0.70542,-0.63169,-1.14555,1.34034,-0.05247
-0.28765,0.66251,-0.69161,-1.1232,1.43105,-0.11477
-0.27764,0.61069,-0.7416,-0.65931,2.16302,0.33077
-0.25452,0.5733,-0.77881,-0.2136,2.02763,0.52921
-0.20555,0.55217,-0.808,-0.51718,1.75342,0.35727
-0.17222,0.5307,-0.82988,-0.41811,0.98532,0.55189
-0.19166,0.49716,-0.84623,0.01434,0.5647,1.00086
-0.26413,0.44805,-0.8541,0.23916,0.14252,0.84803
-0.35469,0.40335,-0.8435,0.34456,-0.16509,0.7068
-0.42008,0.38938,-0.8197,0.34655,-1.47001,0.68625
-0.44519,0.41466,-0.79364,0.51007,-1.90696,1.09059
-0.43365,0.47913,-0.76314,0.44665,-1.7241,1.12094
-0.41199,0.5518,-0.7251,0.19343,-0.78137,1.01217
-0.39115,0.60938,-0.68968,0.1629,-0.5393,0.64167
-0.36551,0.63229,-0.68308,0.23485,-0.32249,0.42378
-0.30343,0.59824,-0.74164,-0.70128,2.94738,-1.43965
-0.25229,0.57441,-0.77872,-1.81224,2.58289,1.6057
-0.23895,0.62549,-0.74274,-1.46247,1.10499,1.99364
-0.21554,0.66361,-0.71635,0.04337,-0.17984,0.55179
-0.18639,0.72606,-0.66189,0.05235,-0.79605,2.06831
-0.17391,0.79041,-0.58737,-0.22109,-0.84649,1.9823
-0.188,0.83089,-0.52371,-0.97839,0.24406,1.05229
-0.24596,0.85637,-0.45402,-1.58783,0.79216,1.49486
-0.33165,0.85199,-0.40512,-1.08528,0.97804,1.59154
-0.44278,0.822,-0.35813,1.60913,2.61062,-1.30791
-0.50696,0.8029,-0.31361,1.36906,1.39119,-0.7979
-0.52108,0.80407,-0.28626,1.22184,0.49911,-0.07919
-0.52038,0.80638,-0.281,0.57381,-0.09285,0.10238
-0.51796,0.80511,-0.289,0.39453,-0.35548,-0.37511
-0.51831,0.79512,-0.31488,0.61764,-0.40776,-0.07566
-0.5207,0.78709,-0.33071,0.92539,-0.57267,0.73644
-0.51402,0.78806,-0.33875,1.45337,-0.95978,-0.04861
-0.47556,0.78553,-0.39597,1.02065,-0.67093,-0.90405
-0.41471,0.77709,-0.47344,0.0984,-0.13824,0.20471
-0.37871,0.76314,-0.52364,-0.69293,0.82556,1.47515
-0.34589,0.73995,-0.57692,-0.71067,0.55633,1.12788
-0.30651,0.70823,-0.63597,-0.78121,1.06327,0.31044
-0.26452,0.67055,-0.6931,-0.74537,2.21528,-0.10762
-0.22516,0.64433,-0.73085,-0.74283,2.41259,0.37792
-0.18559,0.62709,-0.75652,-0.65238,1.88485,0.64868
-0.14508,0.6048,-0.78305,-0.35387,1.15499,0.35884
-0.13996,0.57073,-0.80912,-0.15688,0.93382,0.57223
-0.18762,0.522,-0.83206,0.16716,0.69782,1.0281
-0.27552,0.46349,-0.84218,0.45687,-0.0749,1.04545
-0.36006,0.41881,-0.83364,0.3562,-0.69182,0.78064
-0.40242,0.41353,-0.81673,0.04147,-1.70017,0.88993
-0.41247,0.44968,-0.79225,0.15394,-1.49335,1.38293
-0.40176,0.51411,-0.75781,0.1047,-1.20488,1.18918
-0.38383,0.57677,-0.72112,0.27581,-0.60805,0.43549
-0.37021,0.61257,-0.69836,0.57292,-0.04596,0.21667
-0.33746,0.61252,-0.7148,0.64704,0.25996,0.20518
-0.2757,0.61537,-0.73845,0.08781,1.07047,0.31746
-0.21211,0.62435,-0.75179,-2.79555,3.31165,-0.91584
-0.20546,0.63303,-0.74636,-3.03753,2.11824,1.3365
-0.17826,0.67647,-0.71457,0.04451,-0.20885,0.66662
-0.15554,0.72682,-0.66899,0.28414,-0.89328,1.94052
-0.12014,0.79433,-0.59548,0.18965,-1.15331,1.93743
-0.14284,0.84304,-0.51853,-0.3363,0.06222,1.52069
-0.18874,0.86381,-0.46712,-1.39688,0.81113,1.09793
-0.25605,0.86554,-0.43044,-1.47563,1.18309,1.66531
-0.35523,0.8388,-0.41259,0.78634,1.76742,-1.64301
-0.45495,0.80785,-0.3747,0.84725,1.44415,-1.16049
-0.49831,0.80005,-0.33406,1.04145,1.04153,-0.50163
-0.50804,0.80095,-0.31683,0.71052,0.19936,0.41034
-0.51909,0.79674,-0.30943,0.60523,0.01245,-0.38872
-0.52054,0.79034,-0.32311,0.73903,-0.10982,-0.33952
-0.51356,0.78374,-0.34929,1.00935,-0.52823,0.46184
-0.49978,0.78371,-0.36881,1.0873,-0.75617,0.76243
-0.47364,0.78274,-0.40372,1.0562,-0.91121,0.48215
-0.43044,0.77182,-0.46799,0.40046,-0.41645,0.23129
-0.38745,0.75431,-0.53,-0.21704,0.54644,0.88732
-0.34432,0.7247,-0.59687,-0.49442,0.71111,0.74314
-0.294,0.69299,-0.65827,-0.9079,1.07564,0.10638
-0.25289,0.65578,-0.71134,-0.73063,1.77312,0.30056
-0.24397,0.60459,-0.75825,-0.73955,1.8243,0.34747
-0.22438,0.56876,-0.79131,-0.40699,2.31483,0.47992
-0.18417,0.55199,-0.81326,-0.57137,1.51575,0.41223
-0.166,0.5231,-0.83595,-0.28555,0.91897,0.62768
-0.20339,0.47501,-0.85615,-0.02028,0.59636,0.77069
-0.28368,0.41805,-0.863,0.24827,0.02038,0.75979
-0.38236,0.36879,-0.84723,0.36966,-0.27758,0.77228
-0.46065,0.35541,-0.81332,0.47939,-1.15649,0.72515
-0.48924,0.39324,-0.77846,0.60956,-1.55731,1.05037
-0.47387,0.47076,-0.74419,0.42859,-1.36761,1.01724
-0.44596,0.54635,-0.70896,0.27463,-0.89077,0.85706
-0.4187,0.59277,-0.68798,0.36529,-0.30454,0.44502
-0.37796,0.60025,-0.70488,0.4168,-0.00927,0.30134
-0.31687,0.59434,-0.73916,0.33852,0.86872,-0.05612
-0.26082,0.59022,-0.76395,-2.04335,2.63494,-0.18204
-0.26654,0.59771,-0.75611,-1.8374,1.39229,1.79703
-0.24181,0.63686,-0.73208,-0.55601,0.03702,0.55538
-0.22474,0.69581,-0.68216,0.27112,-0.59015,1.68664
-0.19355,0.76806,-0.61043,0.17205,-0.82691,1.57028
-0.20797,0.82115,-0.53147,-0.4858,-0.07249,1.31983
-0.24505,0.84801,-0.46992,-1.3197,0.65824,1.23723
-0.30436,0.85016,-0.42965,-1.24049,0.95542,1.34512
-0.39849,0.82225,-0.40633,0.43339,1.62207,-0.94139
-0.48811,0.79439,-0.36151,1.41171,1.52668,-1.04865
-0.52465,0.78965,-0.3181,1.33471,1.07604,-0.5009
-0.53174,0.79292,-0.29756,0.62405,0.20417,-0.06152
-0.53605,0.79319,-0.28897,0.28515,0.04611,-0.0352
-0.53926,0.7919,-0.28653,0.21457,-0.21886,-0.24956
-0.53851,0.78589,-0.30394,0.84957,-0.25739,0.286
-0.53685,0.78301,-0.31414,1.2461,-0.57931,0.6446
-0.51861,0.78531,-0.33815,1.47591,-0.73961,0.48068
-0.4716,0.78535,-0.40102,0.65353,-0.42051,-0.36219
-0.42239,0.77412,-0.47151,-0.18456,0.5578,0.86588
-0.38872,0.74842,-0.53737,-0.61343,0.83709,1.13313
-0.34496,0.71424,-0.60899,-0.94335,0.99715,0.1293
-0.30842,0.6713,-0.67397,-0.75718,1.20146,0.00534
-0.30595,0.61884,-0.72349,-0.59397,1.67555,0.39571
-0.28904,0.57666,-0.76414,-0.26092,2.21539,0.60466
-0.24396,0.55375,-0.79614,-0.68391,1.49745,0.32875
-0.21785,0.52999,-0.81954,-0.51227,1.16148,0.44206
-0.23601,0.49313,-0.83733,0.10893,0.67948,0.67052
-0.30339,0.44501,-0.84257,0.25952,0.25541,0.83765
-0.38558,0.39888,-0.832,0.29097,0.06709,0.82528
-0.45723,0.37406,-0.80686,0.17846,-0.62528,0.87345
-0.49116,0.38538,-0.78118,0.42371,-1.72047,1.12205
-0.48883,0.43893,-0.75391,0.42303,-1.60855,1.14823
-0.45969,0.51564,-0.72305,0.24506,-1.11109,0.89222
-0.42834,0.58169,-0.69149,0.28103,-0.53721,0.32414
-0.40547,0.61577,-0.67559,0.41113,-0.25826,0.12341
-0.36991,0.61156,-0.69941,0.81116,0.49417,-0.02467
-0.30785,0.61734,-0.72396,-0.94636,2.56644,0.79489
-0.26889,0.61184,-0.74388,-2.51511,2.86015,-0.75191
-0.25025,0.62479,-0.73961,-1.81075,0.97903,1.62158
-0.23601,0.66527,-0.70832,0.47554,-0.40721,1.43804
-0.22397,0.72525,-0.65104,0.47462,-0.84161,1.64718
-0.20678,0.79496,-0.57034,0.30535,-0.9325,1.38279
-0.23577,0.83634,-0.49492,-0.59778,0.59707,1.32616
-0.28662,0.83807,-0.46421,-1.43462,0.89521,1.33648
-0.36017,0.81698,-0.45036,-0.61346,1.39786,1.03336
-0.47674,0.79145,-0.38253,1.01583,1.41172,-1.18365
-0.53116,0.77723,-0.3373,0.99737,1.11411,-1.10807
-0.54007,0.78031,-0.31536,0.59489,0.55151,-0.23127
-0.54482,0.77838,-0.31191,0.47224,0.07809,-0.05854
-0.55919,0.76799,-0.31224,0.55236,-0.0034,-0.52088
-0.56249,0.75767,-0.33096,0.88514,-0.35571,0.45647
-0.55882,0.7558,-0.34129,1.23787,-0.71309,0.81236
-0.53892,0.7587,-0.36597,1.34244,-0.83557,0.56337
-0.49657,0.7587,-0.42165,0.62909,-0.5292,-0.36332
-0.44439,0.75206,-0.48675,0.1484,-0.0003,0.47351
-0.40454,0.72834,-0.55305,-0.24134,0.59115,0.94546
-0.35865,0.69583,-0.62225,-0.82928,0.96973,0.51884
-0.31028,0.65736,-0.68673,-0.6982,1.57055,-0.14028
-0.29879,0.61226,-0.73202,-0.39099,2.35108,0.02338
-0.29395,0.57453,-0.76388,-0.3915,2.7814,0.5377
-0.27179,0.53912,-0.79717,-0.88945,1.69609,0.56664
-0.25945,0.49787,-0.82753,-0.81517,1.35412,0.59316
-0.27402,0.45365,-0.848,-0.07723,0.53419,0.7834
-0.33465,0.40964,-0.84865,0.20692,0.32725,0.80843
-0.42325,0.37658,-0.82404,0.36375,0.06578,0.64562
-0.48402,0.37403,-0.79109,0.45567,-1.47879,0.4065
-0.5037,0.40572,-0.76267,0.57406,-2.13239,0.95971
-0.49674,0.46229,-0.73453,0.48826,-1.91287,1.20644
-0.48113,0.53125,-0.69735,0.26686,-0.92552,1.14246
-0.46551,0.5839,-0.66511,0.16607,-0.70393,0.72728
-0.44916,0.60709,-0.65551,0.23483,-0.46285,0.52411
-0.41702,0.59116,-0.69038,0.56477,0.62548,0.06224
-0.36082,0.59308,-0.71977,-0.52064,2.32037,0.62391
-0.32567,0.61086,-0.72165,-2.13229,3.56443,-0.87869
-0.31393,0.63891,-0.70231,-2.59844,1.56952,2.23249
-0.26017,0.68975,-0.67569,0.20189,-0.19681,1.09246
-0.24835,0.72476,-0.64269,0.36158,-0.68276,1.70133
-0.22932,0.78408,-0.57675,0.06676,-0.8004,1.16825
-0.24618,0.82981,-0.50082,-0.47432,0.2727,1.41375
-0.28943,0.84655,-0.44675,-0.99764,0.51658,1.23814
-0.35434,0.83199,-0.42689,-0.79541,1.36099,1.50692
-0.46466,0.79175,-0.3965,1.44715,2.29623,-1.46414
-0.5446,0.76652,-0.34037,1.31909,1.35176,-0.60323
-0.56687,0.76538,-0.30471,1.15371,0.64223,-0.26772
-0.57977,0.76152,-0.28975,0.71274,0.24417,0.1161
-0.59209,0.75519,-0.28129,0.57179,0.07834,-0.36863
-0.59407,0.74673,-0.29912,0.7236,-0.13363,-0.12584
-0.58984,0.73846,-0.32673,1.14261,-0.57574,0.62996
-0.57627,0.7379,-0.35132,1.20502,-0.68318,0.71336
-0.54767,0.73704,-0.39601,1.07966,-0.82788,-0.0208
-0.50036,0.72947,-0.46637,0.29152,-0.11825,0.45259
-0.45756,0.71366,-0.53041,-0.0606,0.41282,0.8899
-0.41625,0.68716,-0.59543,-0.76908,0.77034,0.50185
-0.3695,0.65175,-0.66234,-0.9158,1.54736,-0.23581
-0.35528,0.60922,-0.70896,-0.91434,2.04392,-0.32532
-0.35205,0.56764,-0.74421,-0.3691,2.62885,0.43279
-0.32781,0.53938,-0.77563,-0.59051,1.82898,0.43422
-0.28726,0.52062,-0.80401,-0.87111,1.37688,0.39646
-0.27615,0.4917,-0.82581,-0.11487,0.54673,0.75871
-0.31352,0.44994,-0.83622,0.27917,0.33362,0.96025
-0.38923,0.40624,-0.82672,0.45009,0.26703,0.87388
-0.47467,0.38139,-0.79324,0.5044,-0.9181,0.52067
-0.52358,0.38993,-0.7575,0.40831,-1.73005,0.65155
-0.53968,0.42876,-0.72451,0.54537,-1.80874,0.8721
-0.5337,0.49509,-0.68561,0.56754,-0.98238,1.01321
-0.52348,0.55826,-0.64368,0.51971,-0.77717,0.91618
-0.50762,0.59613,-0.62205,0.41519,-0.19714,0.40288
-0.46386,0.59775,-0.65385,0.53744,0.53775,0.09535
-0.39804,0.60262,-0.69167,0.40641,0.70713,0.39313
-0.35777,0.621,-0.6974,-0.36171,1.20978,-0.04018
-0.36732,0.58697,-0.72149,-2.62704,1.90606,2.12405
-0.3191,0.63025,-0.70778,-0.60364,0.20596,1.11269
-0.31136,0.69439,-0.64875,0.06521,-0.43456,1.43223
-0.30027,0.83725,-0.457,0.49708,-1.29145,1.51584
-0.31556,0.88141,-0.35147,0.14566,-0.5309,1.29509
-0.37183,0.88518,-0.27964,0.00783,0.05382,1.44222
-0.43351,0.8597,-0.27015,-0.935,1.64912,1.56492
-0.51753,0.81567,-0.25855,0.70547,2.30132,-2.07925
-0.59414,0.78131,-0.1912,1.2635,2.4587,-1.75787
-0.61961,0.77017,-0.1514,1.18019,0.55973,-0.34464
-0.62096,0.77115,-0.14051,0.63432,0.03839,0.01482
-0.62517,0.76876,-0.1348,0.25783,-0.02462,-0.47789
-0.63526,0.75974,-0.13867,0.97573,-0.28265,-0.00594
-0.63708,0.75574,-0.15163,1.26589,-0.42342,0.37842
-0.62043,0.76595,-0.1685,1.66019,-0.70583,0.47835
-0.58662,0.78051,-0.21605,0.90759,-0.63366,-0.61047
-0.53759,0.79058,-0.29323,0.53706,-0.44182,-0.35687
-0.49295,0.78726,-0.37044,-0.20784,0.35947,0.64102
-0.46151,0.7663,-0.44699,-0.91519,0.76567,0.33911
-0.42775,0.74209,-0.51607,-0.79503,0.98249,0.27948
-0.4083,0.70605,-0.57861,-0.61599,1.75283,-0.09112
-0.39705,0.66799,-0.62939,-0.18564,2.77482,0.15442
-0.35729,0.65076,-0.66997,-0.10153,2.22923,0.46462
-0.30066,0.64298,-0.7044,-0.84369,1.47287,0.41296
-0.27226,0.61915,-0.73656,-0.32122,0.53576,0.58515
-0.30123,0.57612,-0.75983,0.1268,0.42583,0.8703
-0.37928,0.52617,-0.76111,0.39624,0.25344,0.86121
-0.46328,0.4946,-0.73535,0.71247,-1.35252,0.58023
-0.51042,0.4976,-0.70133,0.46797,-1.908,0.8214
-0.52566,0.52939,-0.6659,0.45708,-1.85977,0.91441
-0.51606,0.58873,-0.62216,0.2371,-1.14221,0.98833
-0.50117,0.64897,-0.57242,0.31628,-0.82854,0.65605
-0.4925,0.68475,-0.53718,0.33573,-0.765,0.39639
-0.47488,0.67931,-0.55949,0.56753,0.45923,-0.42712
-0.42862,0.65962,-0.6174,-0.03438,1.80409,-0.80777
-0.39588,0.65714,-0.64144,-1.6405,3.28528,0.01159
-0.40492,0.66513,-0.6274,-1.42142,0.81816,1.4845
-0.35872,0.71058,-0.60531,-0.08504,-0.32744,0.34249
-0.33577,0.75898,-0.55786,0.20987,-0.51441,1.24597
-0.32846,0.80973,-0.48627,0.29576,-0.94147,1.57538
-0.3666,0.83799,-0.40419,-0.10974,-0.08984,1.63686
-0.41564,0.83686,-0.35625,-0.45955,0.39416,1.35423
-0.48299,0.81444,-0.32158,-0.67413,1.71922,1.32828
-0.56512,0.77721,-0.27674,1.56686,2.18781,-2.34969
-0.62931,0.74625,-0.21698,1.194,2.02778,-1.71619
-0.65449,0.73814,-0.16369,1.2224,0.53302,-0.55118
-0.66448,0.73478,-0.13626,0.69684,0.08944,-0.04686
-0.66951,0.73208,-0.12576,0.57717,0.06207,-0.11603
-0.67389,0.7273,-0.13,0.77892,-0.24179,-0.22359
-0.67179,0.72573,-0.14835,1.23956,-0.48988,0.29095
-0.65737,0.73482,-0.16707,1.45342,-0.58745,0.53687
-0.62577,0.75002,-0.21422,1.33295,-0.83476,-0.40245
-0.57582,0.75923,-0.30331,-0.05821,0.64078,0.6885
-0.53039,0.75874,-0.37816,-0.10364,0.64127,0.76335
-0.47993,0.74872,-0.45726,-0.97481,1.03198,-0.2126
-0.44067,0.72781,-0.52546,-0.74135,1.26768,-0.06285
-0.43012,0.68607,-0.58678,-0.71246,1.83601,0.32666
-0.42923,0.64517,-0.63207,-0.27711,2.64426,0.49762
-0.3881,0.63369,-0.66919,-0.39809,2.06416,0.23952
-0.33448,0.63372,-0.69751,-0.33422,1.12329,0.33395
-0.31585,0.61222,-0.72486,0.04391,0.63099,0.45959
-0.35542,0.56984,-0.74091,0.35262,0.41067,0.66416
-0.43545,0.52523,-0.7311,0.52805,-0.17044,0.83772
-0.5125,0.50206,-0.69662,0.55095,-1.47622,0.96425
-0.54415,0.51806,-0.65994,0.52697,-1.82162,1.02076
-0.53255,0.57441,-0.62165,0.43356,-1.85305,1.18148
-0.50794,0.64472,-0.57126,0.27358,-1.32721,0.99028
-0.4905,0.69674,-0.52342,0.26299,-0.89068,0.6369
-0.47571,0.72191,-0.50255,0.26863,-0.64512,0.15347
-0.45528,0.70599,-0.54249,0.70681,0.89561,-0.51148
-0.41942,0.69229,-0.58721,0.30188,0.95184,0.35102
-0.39377,0.70768,-0.58663,-0.96257,2.11056,0.41789
-0.42366,0.66933,-0.61034,-2.54974,1.67218,1.91899
-0.38116,0.70454,-0.59862,-0.3947,-0.03735,0.60402
-0.3728,0.76212,-0.52933,0.21049,-0.50193,1.45789
-0.35693,0.81762,-0.45177,0.57815,-1.06825,1.26536
-0.37614,0.8527,-0.36252,0.36052,-0.04046,1.55078
-0.43117,0.84871,-0.30623,-0.03404,0.31454,1.43491
-0.47894,0.82936,-0.28771,-0.6833,1.53168,0.88329
-0.54891,0.79423,-0.26056,1.0403,2.17562,-1.74923
-0.62256,0.76114,-0.1819,1.20024,1.6235,-1.28462
-0.64715,0.74919,-0.14111,1.13662,0.55277,-0.37613
-0.65958,0.74078,-0.12729,0.76909,0.1088,-0.01306
-0.6682,0.73409,-0.12095,0.63458,0.07788,-0.55019
-0.67031,0.72816,-0.14306,0.98727,-0.26582,-0.35092
-0.66474,0.72604,-0.17604,1.14304,-0.44006,0.56587
-0.65102,0.7341,-0.19307,1.19654,-0.58222,0.8944
-0.62537,0.74535,-0.23103,1.1164,-0.80511,-0.31418
-0.58338,0.75289,-0.30468,0.56003,-0.31264,-0.09209
-0.53948,0.75282,-0.37713,0.14626,0.20515,0.4326
-0.4997,0.73871,-0.45234,-0.86587,0.91113,0.1864
-0.45838,0.72282,-0.51712,-0.80204,1.30707,-0.06275
-0.44062,0.6952,-0.56793,-0.85176,1.55098,-0.28284
-0.43266,0.6619,-0.61213,-0.12427,2.48436,0.26092
-0.3976,0.64568,-0.65193,-0.37924,1.73333,0.42649
-0.35836,0.63759,-0.68195,-0.62325,1.14226,0.34107
-0.33621,0.62781,-0.70201,-0.12115,0.50266,0.58409
-0.35153,0.60938,-0.71069,0.43586,0.50782,0.65626
-0.39658,0.58586,-0.70675,0.48032,0.38777,0.52128
-0.45514,0.56695,-0.6866,0.34975,-0.37115,0.53575
-0.50631,0.56046,-0.65539,0.48974,-1.82422,0.96142
-0.52876,0.5814,-0.61837,0.78886,-1.99797,1.30572
-0.51572,0.6417,-0.56768,0.4689,-1.35639,0.93821
-0.50309,0.69378,-0.51534,0.25254,-0.9644,0.38953
-0.5001,0.71771,-0.48456,0.22946,-0.82664,0.12515
-0.49167,0.71355,-0.4991,0.46362,0.25422,-0.55889
-0.4595,0.69319,-0.55529,0.45356,1.48868,-0.39121
-0.41332,0.70979,-0.57041,-0.77668,2.7329,0.74163
-0.43339,0.70831,-0.5572,-2.83289,2.28144,0.73161
-0.38624,0.73644,-0.55541,-0.19916,-0.35283,0.31171
-0.37466,0.76251,-0.52745,0.26178,-0.34931,0.99466
-0.36755,0.79641,-0.48025,0.49781,-1.0828,1.33198
-0.37808,0.83174,-0.40653,0.39027,0.01343,1.11235
-0.44705,0.8311,-0.33078,0.05729,0.41937,1.58273
-0.49997,0.80876,-0.30976,-0.77106,0.65207,1.33835
-0.54474,0.79126,-0.2778,-0.20169,1.14846,0.27593
-0.60576,0.76815,-0.20739,0.27382,1.48216,-1.6279
-0.64758,0.74498,-0.16012,0.91075,1.03311,-0.76811
-0.66722,0.73215,-0.13705,1.07827,0.61362,0.12778
-0.68488,0.71635,-0.13334,1.17582,0.53815,0.29063
-0.69872,0.70305,-0.13237,1.30373,-0.04419,-0.37131
-0.69401,0.70084,-0.16484,1.24278,-0.23753,-0.12323
-0.67758,0.71104,-0.1879,1.29301,-0.56674,0.54211
-0.6539,0.72577,-0.2137,1.10973,-0.77658,-0.07894
-0.62005,0.73553,-0.27302,0.61364,-0.49072,-0.47876
-0.57771,0.73999,-0.34448,0.3698,-0.18214,0.18518
-0.54545,0.73304,-0.40637,-0.51136,0.62972,0.76051
-0.50709,0.71757,-0.47745,-0.65157,1.14022,0.22402
-0.47127,0.69789,-0.5393,-0.64688,1.44731,-0.08647
-0.45065,0.67136,-0.58837,-0.29701,2.67243,0.14234
-0.41369,0.65967,-0.62746,-0.16212,2.08967,0.34852
-0.36037,0.65945,-0.65974,-0.47575,1.6705,0.38096
-0.32549,0.64869,-0.68794,-0.29801,0.72232,0.47275
-0.33668,0.62072,-0.70806,-0.00527,0.37197,0.69477
-0.39147,0.58292,-0.712,0.17031,0.32304,0.86095
-0.46443,0.54893,-0.69497,0.46573,-0.39926,0.52619
-0.52546,0.54244,-0.65548,0.46301,-1.33328,0.27327
-0.55153,0.57234,-0.60683,0.37447,-1.80714,0.17364
-0.54837,0.62001,-0.56115,0.57809,-1.72607,0.79432
-0.54028,0.66932,-0.51001,0.46026,-1.01469,0.80765
-0.5399,0.70027,-0.46705,0.40374,-0.83009,0.70025
-0.53293,0.7113,-0.4583,0.3614,-0.11926,0.35109
-0.50513,0.7001,-0.50468,0.46616,0.59223,-0.21899
-0.45762,0.70449,-0.54247,0.59609,0.64965,-0.11372
-0.45206,0.71623,-0.53166,-1.66707,2.56391,-0.76027
-0.48462,0.69212,-0.53489,-2.55052,2.08423,1.84124
-0.43789,0.73474,-0.51808,-0.58528,0.33515,1.21551
-0.42677,0.77252,-0.47019,0.37452,-0.77041,1.23342
-0.40901,0.81303,-0.41436,0.51502,-1.19523,1.03022
-0.4203,0.84401,-0.33316,0.33716,-0.6743,1.06871
-0.47307,0.84034,-0.26464,-0.26427,0.49345,1.4198
-0.53365,0.80885,-0.24691,-0.78344,1.39847,1.64598
-0.59613,0.76982,-0.22805,-0.16908,1.65386,0.95273
-0.65035,0.74118,-0.16643,1.07442,1.34198,-1.19627
-0.67072,0.73186,-0.12049,1.10401,0.5457,-0.68601
-0.6837,0.72333,-0.09671,0.71238,0.23492,-0.47563
-0.69815,0.71117,-0.08259,0.7366,0.14802,-0.4131
-0.70859,0.70106,-0.08008,0.9024,0.01963,-0.37313
-0.70707,0.69908,-0.10651,1.22716,-0.18721,-0.00904
-0.69166,0.71039,-0.13018,1.52994,-0.59694,0.35436
-0.66402,0.72769,-0.17188,1.16959,-0.61504,-0.53311
-0.62229,0.74032,-0.25431,0.72453,-0.32928,-0.19929
-0.58794,0.7437,-0.31817,-0.49026,0.67491,0.72498
-0.55322,0.73486,-0.39234,-0.7222,0.92105,0.01416
-0.51583,0.72,-0.46424,-0.65885,1.06116,-0.0698
-0.49862,0.68868,-0.52641,-0.68793,1.80229,0.09278
-0.48643,0.65406,-0.5793,-0.37162,2.2428,0.27116
-0.44449,0.64843,-0.61803,0.03287,2.15225,0.31432
-0.3808,0.66008,-0.64753,-0.43532,1.09705,0.32238
-0.34817,0.65496,-0.67067,-0.23151,0.79174,0.50307
-0.36866,0.62473,-0.68833,0.14349,0.25285,0.77032
-0.42623,0.58222,-0.69235,0.32067,-0.16545,0.72331
-0.4951,0.54904,-0.67337,0.50779,-0.93742,0.53924
-0.53436,0.5514,-0.64064,0.45561,-1.89396,0.39
-0.5438,0.59188,-0.59494,0.64048,-1.91076,0.79097
-0.53466,0.64795,-0.54249,0.46182,-1.18948,0.78392
-0.52892,0.69364,-0.48899,0.42795,-0.7565,0.60806
-0.52909,0.7138,-0.45886,0.43791,-0.32344,0.25816
-0.50893,0.70926,-0.48779,0.49644,0.4259,-0.22638
-0.46118,0.70622,-0.53717,0.47556,0.8011,0.0141
-0.42742,0.71638,-0.55146,-2.24462,2.92509,-1.20809
-0.45075,0.69722,-0.55741,-1.99343,1.71002,1.77999
-0.41932,0.73456,-0.53348,-0.8541,0.63616,1.20232
-0.40191,0.77706,-0.48441,0.55398,-0.80075,1.49156
-0.38015,0.82593,-0.41633,0.52341,-1.05454,1.50828
-0.40424,0.85532,-0.32407,0.01963,-0.42578,1.53999
-0.44821,0.84805,-0.2827,-0.82964,0.43677,1.35243
-0.51264,0.82098,-0.25136,-0.65104,1.50192,1.46465
-0.59528,0.77625,-0.20756,-0.15553,1.56603,0.96604
-0.65274,0.74645,-0.12937,0.92174,1.45781,-1.82025
-0.6701,0.73712,-0.08729,0.86497,0.54828,-0.43654
-0.67814,0.73216,-0.06372,0.86114,0.38782,-0.26277
-0.68703,0.7245,-0.05559,0.74898,0.14679,-0.44307
-0.69378,0.71824,-0.053,0.84739,-0.14849,-0.29463
-0.69446,0.71597,-0.07151,0.98583,-0.24786,-0.07459
-0.68649,0.72248,-0.08221,1.28771,-0.46087,0.41974
-0.66645,0.738,-0.10582,1.51267,-0.77397,0.08707
-0.63347,0.75406,-0.17354,0.91268,-0.57322,-0.88948
-0.59298,0.76382,-0.25484,-0.08333,0.44786,0.72539
-0.56242,0.76136,-0.32251,-0.6232,0.62026,0.52161
-0.52329,0.74967,-0.40518,-0.84862,0.72806,0.19679
-0.4798,0.73175,-0.48408,-0.99199,1.63901,-0.36268
-0.45672,0.7047,-0.54296,-0.77007,2.23109,0.0317
-0.43476,0.68429,-0.58544,-0.17471,2.41654,0.33217
-0.38953,0.67682,-0.62464,0.06767,1.66939,0.33373
-0.33999,0.66831,-0.66164,-0.2925,0.72578,0.4388
-0.32802,0.64684,-0.68848,-0.2413,0.5004,0.52951
-0.36587,0.61589,-0.69772,0.16781,0.26905,0.81912
-0.4309,0.58648,-0.68584,0.57589,-0.48601,0.49936
-0.48051,0.57929,-0.65843,0.59342,-1.00333,0.36423
-0.4998,0.59804,-0.62654,0.445,-2.20215,0.8456
-0.49573,0.63789,-0.58936,0.38762,-1.589,0.99721
-0.49256,0.68581,-0.53576,0.42321,-1.24967,0.91558
-0.49869,0.7193,-0.48365,0.46521,-0.60518,0.55114
-0.49759,0.72795,-0.4717,0.49959,-0.00892,0.12459
-0.46207,0.71708,-0.52181,0.56853,0.48708,-0.00091
-0.41063,0.73277,-0.54262,-0.22943,1.25028,0.13629
-0.41528,0.73128,-0.54109,-2.79853,2.66512,-0.91126
-0.40094,0.73887,-0.54159,-2.3523,1.61179,1.69211
-0.37667,0.78377,-0.49379,0.23631,-0.41507,0.99266
-0.37714,0.82063,-0.42934,0.59139,-1.00356,1.5732
-0.38375,0.85489,-0.34914,0.56336,-1.06008,1.36319
-0.4422,0.86003,-0.25459,0.11951,0.16552,1.70683
-0.49758,0.84215,-0.20784,-0.738,0.70981,1.37143
-0.53722,0.82325,-0.18348,-0.50897,0.986,0.95342
-0.60005,0.78599,-0.14886,0.51793,2.20287,-1.36452
-0.647,0.75871,-0.07577,1.13025,1.15442,-0.89507
-0.65956,0.75018,-0.04698,1.10462,0.75377,-0.55676
-0.66644,0.74405,-0.04747,0.63119,0.20482,-0.20165
-0.67627,0.73511,-0.04771,0.76823,0.06651,-0.66158
-0.67933,0.73076,-0.06703,0.9185,-0.0601,-0.40587
-0.66917,0.73798,-0.08715,1.31659,-0.51497,0.41582
-0.64314,0.7565,-0.11863,1.15701,-0.6758,-0.46668
-0.60571,0.77431,-0.1832,1.11958,-0.6936,-0.40211
-0.55961,0.78621,-0.26211,0.03708,0.35894,0.43499
-0.5216,0.78612,-0.33157,-0.84706,0.82436,-0.11599
-0.47861,0.77837,-0.40629,-0.6837,0.88821,-0.06004
-0.44657,0.75822,-0.47505,-0.6988,1.51076,-0.05959
-0.43717,0.72326,-0.53458,-0.47371,2.15557,0.17174
-0.41675,0.69952,-0.58051,-0.35771,2.49153,0.21691
-0.36933,0.6917,-0.6206,-0.47726,1.50216,0.25499
-0.33072,0.68013,-0.65425,-0.35636,0.7829,0.50546
-0.32885,0.65321,-0.68204,0.03555,0.47748,0.7357
-0.3706,0.61281,-0.69794,0.31063,0.19761,0.70628
-0.43963,0.57496,-0.69004,0.45546,-0.41833,0.62703
-0.49138,0.56219,-0.6652,0.48132,-1.2982,0.62771
-0.51047,0.58206,-0.63295,0.55894,-2.03843,0.87757
-0.50099,0.63546,-0.58753,0.43225,-1.49287,0.93317
-0.48824,0.69434,-0.52868,0.44291,-1.13645,0.78413
-0.49001,0.73359,-0.47089,0.39327,-0.66831,0.42289
-0.4935,0.74733,-0.44492,0.44658,0.1239,-0.09767
-0.45973,0.73751,-0.4947,0.47256,0.58366,-0.24809
-0.40435,0.73389,-0.54581,-0.88241,2.92531,-0.14653
-0.41055,0.74287,-0.52876,-1.92912,0.80115,1.69179
-0.3735,0.78016,-0.50184,-0.77593,-0.22363,0.13349
-0.36047,0.80381,-0.47324,0.60877,-0.65731,1.64085
-0.34277,0.84025,-0.42011,0.27284,-1.10572,1.63499
-0.35773,0.86693,-0.34708,0.01949,-0.80749,1.22465
-0.40501,0.86464,-0.29728,-1.14287,0.62134,0.9838
-0.47513,0.84937,-0.22983,-0.72833,0.92832,1.44152
-0.54039,0.82574,-0.16165,-0.12563,1.15494,1.14571
-0.59585,0.79352,-0.12367,0.90369,2.39505,-1.77161
-0.63396,0.76967,-0.07547,1.10345,1.06515,-0.70123
-0.64742,0.76046,-0.05049,1.12483,0.83117,-0.48663
-0.65629,0.7534,-0.04091,0.70045,-0.12145,-0.46474
-0.66012,0.74969,-0.04705,0.81086,-0.33981,-0.51554
-0.65615,0.75057,-0.07816,0.87484,-0.42873,-0.29277
-0.64328,0.75951,-0.09661,1.16908,-0.67897,0.54842
-0.62032,0.77397,-0.12716,1.15894,-0.8926,-0.02074
-0.58601,0.78561,-0.19854,0.95393,-0.7644,-0.51998
-0.54308,0.79113,-0.2814,0.07706,0.43673,0.56566
-0.50079,0.78623,-0.36202,-0.66674,0.81668,0.2957
-0.45055,0.77639,-0.4407,-0.89179,1.03083,0.09925
-0.41523,0.75638,-0.50544,-0.81564,1.67387,-0.30189
-0.39869,0.72711,-0.55889,-0.28502,2.49372,0.21026
-0.3643,0.70738,-0.60572,-0.22854,2.56178,0.4004
-0.32706,0.68911,-0.64665,-0.66919,1.18493,0.31634
-0.30935,0.6609,-0.68375,-0.22332,0.62943,0.47885
-0.32196,0.62532,-0.71085,0.14145,0.36372,0.68891
-0.36972,0.58564,-0.72135,0.43164,-0.12294,0.55202
-0.43539,0.55306,-0.71032,0.44302,-0.34437,0.55882
-0.49192,0.53941,-0.68341,0.41587,-1.1237,0.71214
-0.51119,0.55595,-0.65544,0.59925,-1.94944,1.13883
-0.49181,0.61073,-0.62059,0.45777,-1.39312,1.12276
-0.46228,0.67858,-0.57082,0.3923,-1.18991,0.97618
-0.4452,0.72852,-0.52062,0.32091,-0.6047,0.3162
-0.4339,0.75131,-0.49726,0.40354,-0.32458,0.07676
-0.40288,0.74581,-0.53053,0.57378,0.37823,-0.29288
-0.3574,0.75059,-0.55577,-1.46538,3.51505,-0.56974
-0.36276,0.73976,-0.56671,-2.59636,3.10352,-0.92038
-0.34413,0.76241,-0.548,-1.49368,0.60153,1.24931
-0.32449,0.7944,-0.51346,0.51082,-0.56059,1.53808
-0.3135,0.83461,-0.45293,0.41568,-1.20305,1.71354
-0.32191,0.87174,-0.36938,0.21176,-0.99503,1.30421
-0.37851,0.8775,-0.29448,-0.15085,0.09108,1.48877
-0.44757,0.8577,-0.25307,-0.99,1.00531,1.22816
-0.51247,0.83144,-0.21468,-0.34439,1.45796,1.09852
-0.57612,0.80317,-0.15171,1.22715,1.77137,-2.07219
-0.61326,0.78238,-0.10858,0.91329,0.80581,-0.65734
-0.62285,0.77746,-0.08728,0.9395,0.56969,-0.31372
-0.6313,0.7705,-0.08826,0.51979,0.00458,-0.42527
-0.6406,0.76208,-0.09413,0.81298,-0.13848,-0.37909
-0.64281,0.75721,-0.11586,1.02654,-0.26612,-0.10512
-0.63271,0.76291,-0.13285,1.50917,-0.63356,0.51365
-0.60846,0.77763,-0.1583,1.46939,-0.93514,-0.30012
-0.5694,0.79107,-0.22357,1.08015,-0.67967,-0.64442
-0.52055,0.79817,-0.30323,0.06199,0.05536,0.25794
-0.48468,0.78889,-0.37781,-0.60665,0.7799,0.74961
-0.44843,0.76971,-0.45438,-0.79059,0.74616,0.52408
-0.4131,0.74029,-0.53039,-1.07882,1.69882,-0.21332
-0.40428,0.69901,-0.58987,-0.6705,2.81729,-0.01318
-0.3818,0.67121,-0.63538,-0.30491,2.66845,0.25431
-0.32776,0.65962,-0.67637,-0.45584,1.4807,0.36077
-0.27285,0.64555,-0.71332,-0.65841,0.70475,0.464
-0.25606,0.61914,-0.74236,-0.55769,0.54112,0.58799
-0.30382,0.58268,-0.75377,0.17574,0.22158,0.83989
-0.38761,0.54542,-0.74315,0.61529,-0.46466,0.5145
-0.44628,0.5406,-0.71316,0.69144,-1.06379,0.27454
-0.46473,0.57362,-0.67453,0.58686,-2.32983,0.76552
-0.45364,0.62771,-0.63261,0.3206,-1.65261,0.97404
-0.44449,0.68284,-0.5798,0.27714,-1.33125,0.93438
-0.44383,0.71766,-0.53664,0.34767,-0.56365,0.62899
-0.43709,0.73064,-0.52452,0.43827,0.2881,0.05629
-0.40498,0.71629,-0.56827,0.40615,0.30245,0.10004
-0.3581,0.72388,-0.58971,0.25158,0.70591,0.57094
-0.36008,0.73859,-0.56993,-2.52307,2.8047,-1.54193
-0.35987,0.73551,-0.57404,-3.06721,2.80752,-0.36779
-0.32039,0.78002,-0.53751,0.12395,-0.50071,1.30332
-0.31155,0.81983,-0.48043,0.29629,-0.90488,1.42625
-0.30679,0.86161,-0.40435,0.35663,-1.13472,1.12296
-0.34982,0.88464,-0.30828,-0.10012,0.17616,1.32581
-0.41686,0.87543,-0.24466,-0.54735,0.49608,1.02955
-0.48394,0.84806,-0.21586,-0.42454,1.28851,1.36888
-0.55273,0.81211,-0.18698,0.14871,1.57143,0.12142
-0.59837,0.79213,-0.12033,0.8405,1.38191,-1.69844
-0.60465,0.79015,-0.10031,0.55711,0.53393,-0.7961
-0.61073,0.78677,-0.08942,0.85005,0.27748,-0.10284
-0.62694,0.7747,-0.08231,1.04966,-0.00719,-0.56469
-0.6335,0.76719,-0.10047,1.12638,-0.18604,-0.44081
-0.62671,0.76854,-0.12878,1.25626,-0.53874,0.46448
-0.60794,0.78021,-0.14725,1.36435,-0.77697,0.38129
-0.57683,0.79366,-0.19331,1.16184,-0.75214,-0.17813
-0.53173,0.80233,-0.27116,0.22703,-0.24143,0.0366
-0.49136,0.80191,-0.33986,-0.4471,0.53344,0.90456
-0.45899,0.78936,-0.40772,-0.57594,0.53536,0.75224
-0.42216,0.7696,-0.47905,-0.72463,1.31316,-0.01216
-0.39527,0.74249,-0.54081,-0.6568,2.32032,-0.21957
-0.37025,0.71668,-0.591,-0.5018,2.65487,0.06578
-0.32465,0.70427,-0.63136,-0.25835,1.62806,0.2644
-0.27418,0.69085,-0.66899,-0.65287,0.94103,0.24422
-0.24437,0.67009,-0.70091,-0.53362,0.76894,0.43865
-0.26317,0.64033,-0.7216,0.10391,0.31345,0.83609
-0.32253,0.60146,-0.7309,0.37263,0.10609,0.78948
-0.3965,0.56701,-0.722,0.4447,-0.2071,0.63785
-0.44173,0.56684,-0.69539,0.14617,-1.86387,0.56125
-0.45748,0.59588,-0.66003,0.41819,-2.28715,0.92199
-0.44691,0.64692,-0.61787,0.41305,-1.97562,0.92549
-0.43695,0.70146,-0.56305,0.39311,-0.83969,0.68999
-0.43947,0.73795,-0.51215,0.5081,-0.47168,0.40929
-0.43193,0.7424,-0.51213,0.50432,-0.22411,0.2294
-0.38599,0.7366,-0.55537,0.56298,0.48803,0.28443
-0.34477,0.7639,-0.54551,-0.64085,1.11494,-0.43607
-0.37725,0.73772,-0.55987,-2.95949,3.02246,-1.57856
-0.36072,0.75444,-0.54836,-1.08546,0.91815,1.37823
-0.33163,0.80925,-0.48491,0.22329,-0.6858,1.36012
-0.31126,0.86311,-0.39769,0.49576,-1.03642,1.39613
-0.31543,0.9058,-0.2829,0.32399,-0.99874,1.00877
-0.36132,0.90972,-0.20457,-0.02061,0.04188,1.32002
-0.41741,0.8852,-0.20542,-0.90646,1.31201,1.62855
-0.48652,0.84908,-0.20581,0.42946,2.01411,-1.6515
-0.55439,0.81955,-0.14488,1.0276,1.53469,-1.29018
-0.57797,0.8096,-0.10246,1.04177,0.41317,-0.34926
-0.58847,0.80431,-0.08239,0.56041,-0.00803,-0.0703
-0.59893,0.79716,-0.07627,0.54763,0.01661,-0.73036
-0.60747,0.79007,-0.08226,0.77101,-0.01212,-0.51726
-0.60725,0.78765,-0.10416,1.12766,-0.37402,0.12324
-0.59324,0.79577,-0.12172,1.37448,-0.7544,0.36531
-0.56444,0.80992,-0.15949,1.21637,-0.82438,-0.10544
-0.52444,0.81979,-0.23001,0.31798,-0.1665,0.11364
-0.48409,0.82128,-0.30191,-0.67863,0.43702,0.92424
-0.44692,0.81211,-0.37515,-1.11856,0.40569,0.30335
-0.39853,0.80022,-0.44813,-0.67101,1.1697,-0.53272
-0.35753,0.77864,-0.51565,-0.67744,1.4805,-0.41447
-0.3264,0.7515,-0.57333,-0.48955,2.15412,0.09112
-0.27992,0.73699,-0.61521,0.01184,2.41887,0.4199
-0.23266,0.72184,-0.65177,-0.29789,1.9128,0.3386
-0.21492,0.69156,-0.6896,-0.34822,0.69757,0.53688
-0.23479,0.65067,-0.72215,0.04957,0.17177,0.58232
-0.2922,0.60703,-0.73901,0.27005,0.0178,0.77744
-0.36729,0.57237,-0.73313,0.36079,-0.273,0.72431
-0.42791,0.56681,-0.704,0.23203,-1.59852,0.78219
-0.44309,0.59805,-0.66784,0.42498,-2.05097,1.00991
-0.42136,0.65933,-0.62268,0.3084,-1.94525,1.00063
-0.39707,0.72151,-0.56724,0.18348,-0.98102,0.76465
-0.38666,0.76246,-0.51879,0.27701,-0.75186,0.3996
-0.37371,0.76875,-0.51901,0.39319,-0.4035,0.33193
-0.33377,0.75861,-0.55956,0.55665,0.44447,0.26301
-0.29604,0.77867,-0.5532,-0.36122,0.85365,-0.13922
-0.33259,0.75712,-0.56228,-2.24541,3.27114,-1.2154
-0.33798,0.75752,-0.55851,-1.30523,1.31489,1.55303
-0.30636,0.81006,-0.49994,0.02767,-0.3515,1.28257
-0.28606,0.86289,-0.41664,0.39963,-0.79787,1.41075
-0.26657,0.90786,-0.32362,0.41815,-1.04456,0.83637
-0.28678,0.93004,-0.22974,0.20153,-0.17299,0.93646
-0.34213,0.91497,-0.21397,-0.48333,0.35435,0.69729
-0.40969,0.88592,-0.21748,-0.48085,1.55028,0.47713
-0.48498,0.86245,-0.1448,1.35254,1.66417,-1.25925
-0.52628,0.84424,-0.10141,0.92185,1.17483,-1.28952
-0.54286,0.83582,-0.08193,0.53584,0.26152,-0.18115
-0.55665,0.82685,-0.08039,0.50033,0.16572,-0.08763
-0.57103,0.81682,-0.08207,0.55264,-0.06036,-0.36879
-0.57729,0.81049,-0.09924,1.2008,-0.33397,-0.04159
-0.56394,0.81712,-0.11954,1.48809,-0.50412,0.48449
-0.53076,0.83254,-0.15866,1.48545,-0.67194,0.26641
-0.48873,0.84232,-0.22723,0.53237,-0.51426,-0.51563
-0.44619,0.83991,-0.30899,0.18552,-0.19042,0.17804
-0.42111,0.82215,-0.38306,-0.73247,0.44259,0.667
-0.38857,0.79387,-0.46774,-0.85638,0.87043,0.14596
-0.36147,0.75897,-0.54158,-0.81857,1.2322,-0.153
-0.35126,0.7202,-0.59827,-0.60302,1.74876,0.12566
-0.30971,0.69829,-0.64535,-0.09811,2.40215,0.48173
-0.25946,0.68601,-0.67976,-0.45361,1.91655,0.42929
-0.24041,0.6594,-0.71231,-0.56188,1.19982,0.54329
-0.25465,0.61918,-0.74281,0.09496,0.62673,0.49936
-0.30446,0.57691,-0.75794,0.14024,0.20599,0.53451
-0.38212,0.53975,-0.75011,0.17554,-0.22427,0.56412
-0.45734,0.5204,-0.72112,0.28255,-1.34305,0.70701
-0.4958,0.52952,-0.68833,0.62637,-1.70551,0.88372
-0.49404,0.57176,-0.65499,0.67693,-1.66419,1.07333
-0.46255,0.64106,-0.61245,0.31269,-1.20745,0.98856
-0.42648,0.70488,-0.56679,0.12109,-0.81153,0.48128
-0.4015,0.74121,-0.53796,0.17048,-0.67357,0.27467
-0.38238,0.74375,-0.5483,0.41732,0.04397,0.00727
-0.34553,0.74398,-0.57193,0.5145,0.68777,0.08744
-0.31278,0.74735,-0.5862,-1.02166,2.38394,0.58082
-0.33121,0.74229,-0.5825,-1.54113,0.87795,1.48349
-0.3019,0.77384,-0.5568,0.08677,-0.20704,0.34081
-0.29076,0.80769,-0.51292,0.34394,-0.32265,1.04375
-0.27643,0.8515,-0.44556,0.23687,-0.90094,1.20409
-0.29952,0.87994,-0.36878,-0.20973,-0.18426,1.39482
-0.34382,0.88335,-0.31856,-0.61632,0.30758,1.21353
-0.40784,0.8674,-0.2851,-0.94862,1.17514,1.42613
-0.48505,0.83716,-0.25275,0.00963,1.36793,0.34243
-0.55215,0.80932,-0.20033,1.22326,1.8845,-1.16774
-0.57735,0.80223,-0.15195,0.89716,0.61686,-0.70224
-0.58806,0.79866,-0.12775,0.49987,0.19023,-0.26502
-0.60073,0.79008,-0.12207,0.49296,0.19246,-0.01851
-0.61035,0.78195,-0.12657,0.73886,-0.18411,-0.38636
-0.61086,0.77677,-0.15324,1.10674,-0.36406,0.17041
-0.60021,0.78097,-0.17269,1.27645,-0.49695,0.4983
-0.57572,0.79209,-0.20284,1.38744,-0.81863,-0.02171
-0.53561,0.80015,-0.26997,0.78125,-0.44682,-0.14176
-0.48737,0.80284,-0.34338,0.29787,-0.02678,0.31951
-0.447,0.79334,-0.41328,-0.61895,0.57446,0.20795
-0.40883,0.77067,-0.4888,-0.74409,0.97435,-0.13391
-0.38483,0.73981,-0.5519,-0.82244,1.23822,-0.32362
-0.37841,0.70058,-0.60497,-0.3928,2.5919,0.33368
-0.34706,0.67659,-0.64944,-0.21333,2.15725,0.4126
-0.2962,0.66647,-0.68417,-0.51765,1.67359,0.40661
-0.27482,0.64036,-0.71722,-0.17976,0.74305,0.48193
-0.29844,0.59575,-0.74566,0.00402,0.39187,0.59538
-0.35766,0.54923,-0.75526,0.16839,0.25948,0.6371
-0.43412,0.51664,-0.73798,0.3235,-0.42745,0.64263
-0.4968,0.51303,-0.69999,0.45486,-1.09352,0.58805
-0.52255,0.54326,-0.65712,0.46669,-1.37452,0.55526
-0.50529,0.60402,-0.61631,0.52972,-1.52689,0.90444
-0.4706,0.67309,-0.57051,0.27179,-0.82861,0.8233
-0.44885,0.72264,-0.52567,0.24521,-0.69104,0.66469
-0.43968,0.74687,-0.49886,0.45538,-0.13995,0.20675
-0.41838,0.74561,-0.51867,0.59873,0.54072,0.08327
-0.37506,0.74807,-0.54747,0.49726,0.80583,0.14817
-0.36937,0.75134,-0.54685,-1.45924,3.26222,-0.93769
-0.38688,0.74879,-0.53818,-2.17995,2.71121,-0.5238
-0.34421,0.78455,-0.51575,-0.5476,-0.17606,0.46362
-0.32867,0.81697,-0.47386,0.2929,-0.85467,1.24081
-0.32109,0.86525,-0.38501,0.39467,-1.30358,1.25502
-0.34393,0.89065,-0.29741,0.19081,-0.80752,0.99991
-0.39065,0.88655,-0.24783,-1.19382,0.64349,1.1765
-0.43893,0.86714,-0.23539,-0.65551,1.58655,1.165
-0.51187,0.83791,-0.18948,0.23757,1.69353,-0.47548
-0.57172,0.81034,-0.12841,1.35027,1.80256,-1.62531
-0.59156,0.80094,-0.09252,1.08034,0.41047,-0.41225
-0.59879,0.79651,-0.08379,0.91894,0.16772,-0.20433
-0.60436,0.79208,-0.08578,0.4959,-0.02313,-0.5925
-0.6082,0.78699,-0.10357,0.81469,-0.29003,-0.12804
-0.60573,0.78567,-0.12575,0.96921,-0.40135,0.19839
-0.58936,0.79368,-0.15076,1.37027,-0.80456,0.29333
-0.55795,0.80529,-0.20052,0.98375,-0.69902,-0.43336
-0.51358,0.81317,-0.27384,0.70349,-0.48955,-0.07736
-0.47306,0.81354,-0.33818,-0.32888,0.47462,0.72184
-0.43182,0.80046,-0.41569,-0.76465,0.81699,-0.02064
-0.39322,0.78252,-0.48274,-0.73552,1.06802,0.00047
-0.37635,0.757,-0.53415,-0.24993,2.2,-0.0468
-0.35418,0.73167,-0.58243,-0.26513,2.55895,0.4617
-0.3114,0.71786,-0.62266,-0.31183,2.05521,0.43059
-0.27349,0.70256,-0.65697,-0.52026,0.87233,0.41973
-0.26642,0.67266,-0.69032,-0.11557,0.61016,0.46579
-0.29889,0.63452,-0.71278,0.02389,0.58186,0.54051
-0.36221,0.59484,-0.71761,0.36025,0.00985,0.56225
-0.43118,0.57236,-0.69749,0.43327,-0.9581,0.6485
-0.47256,0.57893,-0.66447,0.39023,-1.48904,0.69073
-0.47281,0.616,-0.63007,0.41027,-1.84353,0.91425
-0.44413,0.68012,-0.58325,0.28146,-1.38682,0.84628
-0.41889,0.74333,-0.52153,0.28225,-1.13543,0.7081
-0.41236,0.78239,-0.46671,0.45493,-0.66075,0.33074
-0.40277,0.78774,-0.46609,0.6114,-0.09632,0.27076
-0.36071,0.78312,-0.50656,0.53454,0.39054,0.07909
-0.34537,0.76172,-0.54819,-2.22124,3.39009,-1.13184
-0.35606,0.77302,-0.52503,-1.8051,1.06252,1.43095
-0.32942,0.81076,-0.4839,-0.71917,0.09682,0.12899
-0.31318,0.85211,-0.41931,0.17082,-1.03474,1.6032
-0.30991,0.88226,-0.35437,-0.03674,-0.96638,1.287
-0.35152,0.89094,-0.2875,-0.49217,-0.11741,1.2257
-0.40533,0.88386,-0.23345,-0.70579,0.59025,0.88873
-0.45471,0.87056,-0.18807,-0.25145,0.7782,0.84617
-0.50947,0.84642,-0.15494,1.08625,1.9517,-0.99267
-0.55791,0.82364,-0.10174,1.29903,1.56405,-0.68088
-0.57885,0.81272,-0.06643,1.06085,0.50626,-0.50099
-0.589,0.80651,-0.05121,0.86761,0.17588,-0.34657
-0.5971,0.80089,-0.04524,0.60102,-0.09752,-0.68891
-0.60006,0.79747,-0.06304,0.71611,-0.1718,-0.52406
-0.595,0.79882,-0.08865,0.99356,-0.41914,0.15382
-0.58044,0.807,-0.10885,1.22535,-0.72953,0.55317
-0.55276,0.81932,-0.1522,0.97369,-0.68805,-0.6239
-0.51253,0.82972,-0.22108,0.6836,-0.57546,-0.59841
-0.47235,0.83106,-0.29363,0.20024,-0.11222,0.40908
-0.44011,0.8183,-0.36971,-0.84371,0.69236,0.45886
-0.39915,0.80035,-0.44735,-1.01473,0.99947,0.16456
-0.37032,0.7777,-0.50799,-0.7993,1.59881,-0.44303
-0.34933,0.75243,-0.5584,-0.36307,2.65435,-0.10563
-0.30937,0.73677,-0.60121,-0.15468,2.18239,0.34467
-0.25749,0.72227,-0.64189,-0.82942,1.20459,0.24838
-0.22897,0.69388,-0.68272,-0.43046,0.57857,0.48716
-0.24276,0.65635,-0.71433,-0.07145,0.37528,0.575
-0.29669,0.61933,-0.72691,0.20227,0.26119,0.68005
-0.36515,0.59634,-0.71488,0.53868,-0.66839,0.58101
-0.41415,0.59996,-0.68449,0.51841,-1.21893,0.48169
-0.43087,0.62867,-0.64739,0.16912,-1.888,0.50719
-0.41759,0.67423,-0.60912,0.22515,-1.56472,0.78876
-0.39351,0.72991,-0.55891,0.18057,-1.29566,0.72159
-0.38625,0.77012,-0.50766,0.39282,-0.61,0.53406
-0.38428,0.78392,-0.48764,0.52987,-0.22563,0.47287
-0.34953,0.78342,-0.51389,0.54331,0.17886,0.4005
-0.31472,0.79317,-0.52138,-1.15469,2.49783,-0.19364
-0.35043,0.77174,-0.53067,-2.45687,2.30254,0.86107
-0.32731,0.80051,-0.50205,-1.62534,1.05525,1.40349
-0.30292,0.84462,-0.44141,0.29723,-0.55503,1.23952
-0.28603,0.89357,-0.34601,0.29804,-1.26184,1.47992
-0.31668,0.9175,-0.24062,0.17157,-1.2154,1.1303
-0.37221,0.91202,-0.1723,-0.6131,0.09418,1.40927
-0.43019,0.89115,-0.1442,-0.63645,0.82566,1.28963
-0.49447,0.85875,-0.13429,-0.35118,1.21302,1.00941
-0.54855,0.83196,-0.08327,0.9125,1.91753,-1.53729
-0.57132,0.81997,-0.03526,1.2303,1.02311,-0.50831
-0.58404,0.81162,-0.01321,1.17988,0.66182,-0.55431
-0.591,0.80663,-0.00799,0.77027,0.08019,-0.25455
-0.59623,0.80275,-0.0102,0.67233,-0.10847,-0.63671
-0.59232,0.80482,-0.03778,0.80472,-0.1585,-0.38984
-0.57812,0.81376,-0.05979,1.18347,-0.56252,0.37515
-0.55389,0.8277,-0.09003,1.40918,-0.9004,-0.13781
-0.51494,0.84081,-0.16696,1.1133,-0.74045,-0.85593
-0.47489,0.84375,-0.25014,-0.06291,0.29059,0.50884
-0.44606,0.8335,-0.32605,-0.63793,0.66413,0.90425
-0.4049,0.81493,-0.41467,-0.86669,0.73945,0.13777
-0.37455,0.78453,-0.49419,-0.64146,2.01111,-0.13545
-0.36815,0.74674,-0.55394,-0.64786,2.0489,-0.0757
-0.33835,0.72283,-0.60252,-0.20088,2.45551,0.24352
-0.28289,0.71104,-0.64374,-0.697,1.45171,0.28397
-0.24303,0.69167,-0.68009,-0.43343,0.47967,0.54482
-0.24371,0.65688,-0.71352,-0.16809,0.39175,0.62891
-0.29017,0.61677,-0.73171,0.30247,-0.07227,0.59693
-0.36161,0.58429,-0.72653,0.48635,-0.33313,0.62882
-0.41729,0.57789,-0.70137,0.52256,-1.23995,0.43612
-0.43716,0.60315,-0.66716,0.41794,-1.70687,0.81479
-0.43185,0.65046,-0.62482,0.40683,-1.28222,0.96125
-0.41465,0.71141,-0.56741,0.36358,-1.10991,0.85249
-0.4014,0.75614,-0.51685,0.30329,-0.63046,0.42495
-0.38353,0.76819,-0.51263,0.47118,-0.0668,0.36009
-0.3337,0.77826,-0.53194,0.37264,0.17475,0.3259
-0.29522,0.81405,-0.50017,0.08195,-0.08741,0.73961
-0.33981,0.77084,-0.53883,-2.59389,2.61936,-0.74865
-0.34946,0.76873,-0.53566,-1.86482,2.38735,1.55412
-0.31997,0.82055,-0.47362,-0.42357,0.3648,1.15345
-0.29666,0.87753,-0.37674,0.53958,-1.13975,1.3057
-0.28858,0.91967,-0.26633,0.58115,-1.23055,0.89055
-0.33617,0.92623,-0.17056,0.12467,-0.03766,1.36943
-0.40535,0.8996,-0.16252,-0.70728,1.28001,1.70288
-0.48263,0.85936,-0.16902,-0.46062,1.67442,1.21181
-0.54467,0.83238,-0.10237,0.83857,1.44286,-1.26424
-0.56226,0.82531,-0.05226,0.77566,0.62905,-0.58976
-0.56999,0.82132,-0.02357,0.56021,0.39724,-0.58111
-0.57701,0.81656,-0.01706,0.27476,0.18068,-0.42526
-0.58804,0.80869,-0.01516,0.65766,0.02928,-0.76599
-0.59211,0.80478,-0.04161,0.90953,-0.05331,-0.43826
-0.58582,0.80818,-0.0605,1.3065,-0.55388,0.57767
-0.56616,0.81965,-0.08742,1.47633,-0.86805,0.13394
-0.53353,0.83181,-0.1531,1.23978,-0.77209,-0.45045
-0.48918,0.83921,-0.23756,0.26115,-0.18198,0.05888
-0.45741,0.83376,-0.30923,-0.42053,0.65161,0.98144
-0.42265,0.81624,-0.39386,-0.59739,0.46609,0.69638
-0.38463,0.79197,-0.47418,-0.88489,1.34846,-0.09473
-0.36757,0.76387,-0.53047,-0.38583,2.59923,-0.09676
-0.33488,0.74213,-0.58061,-0.36675,2.84828,0.07784
-0.28461,0.72388,-0.62849,-0.47819,1.62384,0.29832
-0.24904,0.69796,-0.67143,-0.73363,0.89688,0.37818
-0.24783,0.66058,-0.70867,-0.52275,0.7194,0.53587
-0.29838,0.61588,-0.72915,0.12059,0.35348,0.74543
-0.37667,0.57916,-0.72297,0.63179,-0.79955,0.61531
-0.44243,0.56518,-0.69629,0.69756,-0.78556,0.58863
-0.46717,0.58109,-0.6664,0.27204,-1.83662,0.89503
-0.46295,0.62139,-0.63211,0.23482,-1.46231,1.10829
-0.44155,0.681,-0.58418,0.2575,-1.19741,1.03967
-0.42198,0.73508,-0.53065,0.26354,-0.8539,0.7132
-0.41449,0.7676,-0.48885,0.35088,-0.46534,0.33682
-0.40056,0.76758,-0.50037,0.56207,0.03445,0.27198
-0.35646,0.77503,-0.52178,0.49584,0.44753,0.27262
-0.3291,0.80173,-0.49892,-0.1302,0.6102,0.33423
-0.36048,0.77237,-0.52297,-2.8681,2.73691,-1.39849
-0.3329,0.80295,-0.49441,-1.34015,1.10409,1.30534
-0.31868,0.84833,-0.42281,0.15573,-0.42698,0.86724
-0.30524,0.89214,-0.33303,0.42704,-1.27291,1.28577
-0.33953,0.91224,-0.22921,0.35682,-0.91235,1.04074
-0.4128,0.89764,-0.15438,-0.75762,0.67453,2.19455
-0.47188,0.8688,-0.15004,-0.65614,1.22447,1.88621
-0.54012,0.83389,-0.1136,0.71072,2.19176,-3.03082
-0.5761,0.81582,-0.05041,0.75347,1.53699,-1.5022
-0.58899,0.80804,-0.01239,0.9594,0.65509,-0.74019
-0.59924,0.80057,0.00195,0.65216,-0.04507,-0.02444
-0.60618,0.79532,-0.00251,0.47743,-0.12551,-1.01042
-0.61021,0.79167,-0.03002,0.66983,-0.12953,-0.68156
-0.60536,0.7939,-0.05708,1.07685,-0.48981,0.54932
-0.58664,0.80657,-0.07283,1.41677,-0.87519,0.48552
-0.55464,0.82177,-0.13064,1.39035,-1.0024,-0.18452
-0.50659,0.83404,-0.2185,0.38788,-0.28327,-0.09835
-0.4654,0.83407,-0.29618,-0.40958,0.70715,0.81461
-0.42903,0.82007,-0.37872,-0.64246,0.71956,0.76852
-0.39225,0.79844,-0.45676,-0.85105,1.12493,-0.06468
-0.37364,0.76821,-0.51985,-0.48276,1.94648,-0.06983
-0.35531,0.73869,-0.57279,-0.2057,2.41263,-0.02111
-0.3137,0.72025,-0.61873,-0.16798,2.1484,0.35416
-0.27608,0.70057,-0.65802,-0.73836,1.28213,0.38957
-0.26034,0.67422,-0.69112,-0.43401,0.71464,0.41413
-0.288,0.64356,-0.70915,0.23203,0.42128,0.67454
-0.3456,0.61121,-0.71203,0.40124,0.06301,0.60003
-0.41304,0.58561,-0.69747,0.3638,-0.20949,0.57275
-0.45474,0.58334,-0.673,0.17485,-1.47775,0.76602
-0.46108,0.61224,-0.64232,0.54433,-2.06794,1.14227
-0.44458,0.66895,-0.5957,0.53524,-1.92594,1.19017
-0.42405,0.72812,-0.53853,0.25249,-1.05118,0.72632
-0.41276,0.76633,-0.49231,0.28657,-0.43046,0.04782
-0.39812,0.77477,-0.49116,0.43136,-0.13948,-0.13091
-0.35453,0.7676,-0.53394,0.54104,0.743,-0.33571
-0.31563,0.76711,-0.5585,-1.21779,2.95452,0.14141
-0.32932,0.76978,-0.5468,-2.0803,3.17341,-0.56607
-0.29077,0.79777,-0.52821,-0.61693,-0.1846,-0.06485
-0.28479,0.8317,-0.47661,0.41294,-0.95928,1.75857
-0.27181,0.87743,-0.39526,0.42586,-1.16319,1.65435
-0.30915,0.90128,-0.30353,-0.07881,0.03416,1.25534
-0.37753,0.8913,-0.2511,-1.26959,0.99082,1.36585
-0.44734,0.86719,-0.21876,-1.02467,1.37923,1.5228
-0.52282,0.83718,-0.16062,-0.00821,1.71477,-0.13105
-0.57926,0.81041,-0.0877,0.8319,1.60486,-1.91175
-0.59742,0.80039,-0.04965,0.73463,0.83683,-0.5025
-0.60104,0.79826,-0.03899,0.67478,0.2482,0.22228
-0.60851,0.79267,-0.03732,0.49202,-0.14423,-0.95088
-0.61106,0.78868,-0.06782,0.90187,-0.08789,-0.70373
-0.60549,0.79016,-0.09502,1.05143,-0.3779,0.27899
-0.58852,0.80141,-0.10668,1.38312,-0.90671,0.49036
-0.55844,0.81568,-0.15104,1.37205,-1.01174,-0.06741
-0.51149,0.82877,-0.22698,0.89825,-0.58121,-0.693
-0.46561,0.83112,-0.30405,0.05606,0.10174,0.53012
-0.43612,0.81711,-0.37701,-0.30238,0.62398,0.83665
-0.40073,0.79492,-0.45553,-0.57269,0.70112,0.67265
-0.36621,0.76681,-0.52716,-0.71615,2.07263,-0.43408
-0.34301,0.74102,-0.57726,-0.3276,2.79653,-0.30645
-0.29986,0.72601,-0.61887,-0.23019,1.86864,0.31424
-0.25408,0.70764,-0.65931,-0.60444,1.49161,0.35917
-0.23308,0.67745,-0.69766,-0.84017,0.81459,0.46864
-0.24618,0.64158,-0.72648,-0.09556,0.25276,0.64025
-0.30237,0.60658,-0.73528,0.20081,0.21114,0.76029
-0.37802,0.58182,-0.72013,0.43059,-0.23839,0.59734
-0.44016,0.5784,-0.68681,0.41017,-1.40758,0.39903
-0.4636,0.60089,-0.65116,0.49979,-1.91427,0.67614
-0.45604,0.64885,-0.60911,0.54362,-1.8364,0.89468
-0.44073,0.70739,-0.55258,0.30073,-1.00117,0.73288
-0.43307,0.74729,-0.50399,0.28805,-0.64914,0.41329
-0.42146,0.76119,-0.49291,0.35774,-0.37229,0.3391
-0.37876,0.75981,-0.52843,0.44042,0.52941,0.10263
-0.33008,0.78226,-0.52832,0.02709,0.70157,0.47064
-0.35694,0.7741,-0.52284,-1.13468,2.38044,-0.33233
-0.35715,0.77255,-0.52499,-1.89155,1.38288,1.90143
-0.32743,0.81243,-0.48243,-0.22322,-0.39074,0.70416
-0.31238,0.84871,-0.42674,0.24962,-0.7433,1.14247
-0.30214,0.88955,-0.34265,0.29617,-1.22544,0.94267
-0.33829,0.90433,-0.26027,-0.02969,-0.31366,1.17209
-0.39839,0.89216,-0.21292,-0.34909,0.18285,1.12766
-0.45908,0.86825,-0.18812,-0.81985,1.49592,1.23493
-0.52726,0.83804,-0.14034,-0.21432,1.63178,0.75722
-0.57857,0.81145,-0.0825,1.75975,2.29951,-1.53835
-0.59367,0.80313,-0.05048,0.95048,0.38067,-0.43158
-0.60054,0.79865,-0.03887,0.5652,0.09773,-0.25236
-0.60553,0.79496,-0.03693,0.57708,-0.00115,-0.55985
-0.60562,0.79336,-0.0617,1.02992,-0.32652,-0.08815
-0.59512,0.79804,-0.09472,1.21676,-0.55172,0.43901
-0.57311,0.8105,-0.12098,1.26444,-0.695,0.49053
-0.5425,0.822,-0.17322,1.11075,-0.84674,-0.36808
-0.50177,0.82811,-0.24993,0.50487,-0.48587,-0.323
-0.46889,0.82308,-0.32044,-0.06671,0.34813,0.6453
-0.43892,0.80406,-0.40104,-0.57391,0.54887,0.4721
-0.40266,0.78081,-0.4777,-0.89768,1.03929,0.11973
-0.38349,0.75493,-0.53199,-0.91963,1.92322,-0.27713
-0.3574,0.73346,-0.57819,-0.32975,2.5036,0.1378
-0.30664,0.72009,-0.62245,0.07229,1.81565,0.26649
-0.25795,0.70712,-0.65836,-0.55491,1.1527,0.29221
-0.24768,0.68098,-0.68914,-0.19067,0.55274,0.60459
-0.28751,0.64365,-0.70927,0.22028,0.26152,0.81426
-0.36391,0.60192,-0.71082,0.35474,0.12147,0.63373
-0.43949,0.57763,-0.68789,0.20707,-1.35476,0.3742
-0.47567,0.58847,-0.65379,0.14138,-2.05768,0.58051
-0.48146,0.62387,-0.61562,0.31465,-1.95239,0.73728
-0.47015,0.67936,-0.56341,0.44801,-1.03172,0.80811
-0.45821,0.72925,-0.50817,0.48738,-0.66228,0.42874
-0.4456,0.75286,-0.48439,0.58333,-0.41387,0.31848
-0.40179,0.75884,-0.51257,0.59502,0.29653,-0.09111
-0.34797,0.76682,-0.53936,-0.85636,1.68631,0.14721
-0.35378,0.7461,-0.56406,-2.7391,3.22588,-1.17057
-0.34233,0.76943,-0.53925,-0.70005,0.08006,-0.02731
-0.33221,0.80381,-0.49349,0.2048,-0.21706,1.36841
-0.31674,0.85215,-0.41655,0.26901,-0.7958,1.82077
-0.33887,0.88796,-0.31096,0.17117,-0.8879,1.5777
-0.39042,0.89055,-0.23346,0.08985,-0.46081,1.49985
-0.44886,0.87155,-0.19731,-0.95659,0.98054,1.3925
-0.51264,0.8406,-0.17491,-0.26727,1.79636,0.40788
-0.57726,0.80945,-0.1075,1.1783,2.37138,-1.91052
-0.60772,0.79248,-0.05146,1.21454,1.5207,-1.12162
-0.61537,0.78781,-0.02593,0.95709,0.35803,-0.53386
-0.6198,0.78456,-0.01775,0.55762,-0.03874,-0.14097
-0.62281,0.78224,-0.01468,0.47849,-0.13682,-0.50517
-0.62284,0.78128,-0.04078,0.91692,-0.35627,-0.30315
-0.61389,0.78679,-0.06406,1.18197,-0.58977,0.42699
-0.59099,0.80183,-0.08834,1.26535,-0.71762,0.64044
-0.55435,0.81707,-0.15843,0.99699,-0.80105,-0.34999
-0.50976,0.82511,-0.2436,-0.50772,0.97293,0.44497
-0.46486,0.82344,-0.32535,-0.55263,0.97459,0.52672
-0.40868,0.81863,-0.40352,-1.06246,0.92577,-0.5235
-0.37479,0.79734,-0.47306,-0.73396,1.2239,0.31783
-0.36436,0.76261,-0.53448,-0.49014,1.98977,0.47332
-0.32153,0.74434,-0.5853,-0.1163,2.80067,0.33134
-0.25281,0.74589,-0.61623,-0.14543,1.59241,0.15592
-0.21049,0.73095,-0.64916,-0.06079,1.12088,0.29072
-0.23605,0.68032,-0.69386,0.29709,0.87986,0.62626
-0.32522,0.61323,-0.71985,0.71239,-0.32398,1.06987
-0.42375,0.57025,-0.70374,0.75904,-1.0394,1.36843
-0.45841,0.57797,-0.67514,0.23226,-2.24573,1.35705
-0.43445,0.63713,-0.63665,0.02271,-2.26762,1.23328
-0.40631,0.70968,-0.57555,-0.23807,-1.53694,0.84475
-0.38591,0.77357,-0.50265,0.11812,-0.83679,0.47123
-0.37974,0.81185,-0.4435,0.21354,-0.60775,-0.08616
-0.37352,0.81054,-0.45113,0.33227,-0.35094,-0.27814
-0.3434,0.79125,-0.50597,0.6509,0.43676,-0.21217
-0.30717,0.77829,-0.54764,-1.71873,3.40936,-0.83212
-0.33418,0.77787,-0.5322,-1.97299,2.22785,0.83208
-0.30915,0.81491,-0.49025,-1.1165,0.15289,0.41536
-0.28434,0.8565,-0.43076,0.15212,-0.76716,1.54026
-0.27382,0.89026,-0.36396,0.10678,-1.02325,1.40208
-0.30713,0.90417,-0.29691,-0.52338,-0.06446,1.01249
-0.36034,0.90208,-0.23751,-1.09372,0.70051,0.84678
-0.42672,0.88783,-0.17223,-0.96516,0.79907,1.13648
-0.49042,0.86239,-0.12562,0.17056,1.41455,0.31717
-0.54614,0.83343,-0.08436,1.29415,2.1651,-1.61515
-0.57779,0.81527,-0.03851,1.37215,1.52698,-1.09509
-0.5918,0.80581,-0.02107,0.99554,0.46662,-0.26749
-0.59633,0.80263,-0.01344,0.84346,0.00882,-0.49828
-0.59438,0.80348,-0.03356,0.75896,-0.32132,-0.52837
-0.58405,0.80886,-0.06804,1.03619,-0.49263,0.03772
-0.56546,0.81992,-0.08938,1.13107,-0.76224,0.58125
-0.53874,0.83271,-0.12788,1.13062,-0.9477,0.42834
-0.50001,0.84279,-0.19923,0.64821,-0.66901,-0.52279
-0.45567,0.84459,-0.28112,0.17014,0.01477,0.22042
-0.41953,0.83222,-0.36249,-0.20887,0.4872,0.56016
-0.37571,0.81445,-0.44217,-0.86718,0.87015,0.16456
-0.34095,0.79237,-0.50587,-0.94126,1.63639,-0.36365
-0.3209,0.77009,-0.55134,-0.57304,2.30652,-0.1216
-0.27497,0.75681,-0.59298,-0.12246,1.95915,0.32121
-0.23131,0.73978,-0.63184,-0.5288,1.0857,0.32398
-0.21206,0.70983,-0.6717,-0.54253,0.81668,0.45357
-0.22844,0.67393,-0.70259,-0.01804,0.40184,0.57208
-0.28362,0.63827,-0.71566,0.26891,0.1177,0.61283
-0.3593,0.61019,-0.7061,0.37621,-0.32845,0.56944
-0.41794,0.60537,-0.67738,0.21079,-1.59945,0.60251
-0.44044,0.62803,-0.64155,0.38983,-1.76798,0.86161
-0.44113,0.66919,-0.59799,0.42935,-1.58189,0.90808
-0.43015,0.72019,-0.54434,0.29256,-1.1196,0.77397
-0.41988,0.75706,-0.50057,0.22562,-0.78441,0.43038
-0.40616,0.76976,-0.49244,0.37245,-0.37479,0.31755
-0.36192,0.78174,-0.50783,0.47984,0.04095,0.13993
-0.32258,0.8002,-0.5056,-0.16294,0.6034,0.07266
-0.35311,0.77063,-0.53051,-2.53604,2.70788,-0.97022
-0.32769,0.79901,-0.50418,-1.67072,1.1566,1.32604
-0.30809,0.84419,-0.43866,0.20923,-0.38925,1.33747
-0.29968,0.87887,-0.37119,0.31177,-0.83816,1.30106
-0.32496,0.9015,-0.28584,0.21659,-0.826,1.18043
-0.38866,0.89848,-0.20414,-0.43739,0.49306,1.51249
-0.45289,0.87769,-0.1567,-0.42931,0.68921,1.43328
-0.50375,0.85251,-0.13951,0.23329,0.6479,0.60431
-0.55403,0.8267,-0.0981,0.59481,1.65661,-1.32845
-0.5793,0.81383,-0.04587,0.83322,1.16272,-0.67732
-0.59209,0.80558,-0.02142,1.01978,0.61071,-0.45665
-0.60151,0.7988,-0.01087,0.81206,0.23033,-0.55286
-0.60556,0.79554,-0.02037,0.81423,0.14755,-0.7037
-0.60079,0.79739,-0.05674,0.87917,-0.29616,0.06104
-0.58525,0.80677,-0.08128,1.06614,-0.64157,0.50177
-0.56216,0.81926,-0.11308,1.13969,-0.81305,0.33544
-0.5285,0.82862,-0.18462,0.67687,-0.48604,-0.39274
-0.49092,0.83045,-0.26336,-0.10663,0.47421,0.6485
-0.45298,0.82405,-0.34022,-0.48545,0.676,0.77159
-0.40771,0.80961,-0.42226,-0.68778,0.9334,0.03619
-0.38055,0.78153,-0.49436,-0.76667,1.47671,-0.06783
-0.37273,0.7484,-0.54861,-0.51024,2.10345,0.15716
-0.33487,0.73513,-0.58945,-0.09879,2.01568,0.28878
-0.27665,0.73017,-0.62476,-1.02381,1.23273,0.11318
-0.25459,0.70565,-0.66125,-0.78511,0.89488,0.4735
-0.27096,0.6612,-0.69957,0.00843,0.29841,0.62128
-0.32304,0.61452,-0.71973,0.29198,-0.06351,0.55353
-0.39266,0.58181,-0.71226,0.39009,-0.29943,0.49737
-0.44467,0.57716,-0.68495,0.33058,-1.26541,0.48649
-0.45735,0.60486,-0.6519,0.34664,-1.81528,0.72239
-0.4386,0.65501,-0.6153,0.41023,-1.88449,0.91122
-0.41013,0.71157,-0.5705,0.30567,-1.09236,0.90172
-0.39548,0.75334,-0.52542,0.28953,-0.73414,0.57386
-0.37871,0.77348,-0.50825,0.3748,-0.5891,0.53402
-0.33578,0.78201,-0.52508,0.25951,0.87224,-0.31443
-0.28737,0.77644,-0.56085,-0.68391,2.00543,-0.25135
-0.30071,0.77065,-0.56185,-2.20441,3.35472,-0.93676
-0.28251,0.79207,-0.54112,-0.52554,0.02661,-0.18251
-0.27762,0.82532,-0.4917,0.17432,-0.2858,1.87816
-0.26185,0.86943,-0.41896,0.18711,-0.95897,1.74751
-0.3007,0.89357,-0.33333,-0.40538,-0.07837,1.35539
-0.3621,0.8898,-0.27775,-1.3614,0.89885,1.0544
-0.42944,0.87184,-0.23554,-1.24203,1.16005,1.33222
-0.50497,0.84408,-0.18039,-0.24038,1.62968,-0.03358
-0.56801,0.81724,-0.09743,1.30715,1.74952,-1.95014
-0.59057,0.80518,-0.05394,1.30297,1.02427,-0.82131
-0.59683,0.80104,-0.04618,0.68936,0.22876,-0.16707
-0.60385,0.79564,-0.04825,0.51273,-0.02855,-0.58275
-0.61112,0.78917,-0.06114,0.63319,-0.11234,-0.45698
-0.61209,0.7867,-0.08029,1.20064,-0.49335,0.30447
-0.60324,0.7925,-0.08974,1.61306,-0.80188,0.39592
-0.57833,0.80536,-0.13009,1.60008,-0.89543,0.08008
-0.54054,0.8174,-0.19917,0.8302,-0.61483,-0.57391
-0.50316,0.8197,-0.27372,-0.11598,0.21993,0.55128
-0.47469,0.81008,-0.34415,-0.44259,0.83575,0.97221
-0.43165,0.79606,-0.42423,-0.76302,0.73783,0.68092
-0.38725,0.77606,-0.49776,-0.8546,1.24832,0.19966
-0.36995,0.7516,-0.54611,-0.53511,2.31363,-0.03261
-0.32628,0.74089,-0.58704,-0.0924,2.47169,0.15668
-0.26845,0.73171,-0.62652,-0.49908,1.7593,0.12144
-0.23512,0.71276,-0.66083,-0.71798,1.06739,0.28536
-0.24925,0.68216,-0.6874,-0.22143,0.48019,0.5769
-0.30835,0.64481,-0.69939,0.40137,-0.01635,0.79004
-0.37311,0.61914,-0.69097,0.41196,-0.38064,0.61326
-0.41194,0.61927,-0.66844,0.1954,-1.58678,0.31793
-0.43437,0.634,-0.63982,0.27727,-1.95555,0.94254
-0.44029,0.67184,-0.59563,0.38963,-1.46952,1.1357
-0.44012,0.71987,-0.53673,0.3497,-1.04636,0.87029
-0.44141,0.7506,-0.4917,0.31532,-0.96094,0.65216
-0.43278,0.75525,-0.49225,0.54784,-0.09041,0.02987
-0.39009,0.75155,-0.53198,0.64654,0.57119,-0.33454
-0.34534,0.77512,-0.52908,-0.17447,1.28816,0.25243
-0.35912,0.75769,-0.54493,-1.81219,3.29055,-0.2888
-0.32088,0.7884,-0.52485,-1.51425,0.59736,0.1727
-0.31012,0.81007,-0.4976,0.23683,-0.20352,0.24438
-0.29985,0.85116,-0.43083,0.6207,-0.61976,1.75509
-0.27874,0.90525,-0.32066,0.26518,-1.02036,1.40177
-0.32446,0.92314,-0.20626,-0.14281,0.15712,1.38138
-0.39921,0.89961,-0.17703,-1.0153,0.58602,1.50734
-0.47097,0.86136,-0.19039,-0.08976,1.96324,-1.53509
-0.5528,0.82413,-0.12343,1.03999,1.65923,-2.02914
-0.59599,0.80067,-0.06092,1.13556,1.25049,-0.96885
-0.60863,0.7927,-0.03467,0.77149,0.15942,0.10735
-0.61601,0.78716,-0.03023,0.58948,-0.17009,-0.91278
-0.62142,0.78252,-0.03862,0.69631,-0.15205,-0.95246
-0.61835,0.78255,-0.07255,1.1335,-0.35166,0.38535
-0.60446,0.79163,-0.08918,1.27382,-0.76596,0.73771
-0.5782,0.80756,-0.1163,1.3561,-1.02503,0.41794
-0.53685,0.82235,-0.18848,0.64769,-0.48965,-0.68591
-0.48534,0.83253,-0.2671,0.13302,0.23073,0.44106
-0.44878,0.8273,-0.3379,-0.28204,0.77411,0.77129
-0.40699,0.81229,-0.41779,-0.79568,1.10837,0.10152
-0.36526,0.79092,-0.49094,-0.7172,1.67197,-0.47164
-0.34633,0.76265,-0.54628,-0.45125,2.31157,-0.09587
-0.31246,0.74576,-0.58839,-0.20786,2.12641,0.27343
-0.26611,0.73433,-0.62445,-0.86059,1.23374,0.18047
-0.23962,0.71429,-0.65755,-0.61136,0.87297,0.41296
-0.24904,0.68226,-0.68739,-0.05649,0.37737,0.66494
-0.29982,0.64467,-0.70321,0.28506,0.10157,0.80049
-0.36695,0.61211,-0.70047,0.37547,-0.20193,0.67026
-0.41693,0.60866,-0.67505,0.33026,-1.65966,0.47815
-0.42975,0.64249,-0.63444,0.29306,-2.19523,0.5404
-0.41725,0.69954,-0.58012,0.28166,-1.66747,0.93428
-0.40337,0.75497,-0.51703,0.19931,-1.00483,0.87311
-0.40021,0.78659,-0.47022,0.08316,-0.86484,0.50144
-0.38765,0.78667,-0.48051,0.12574,-0.52995,0.2932
-0.34804,0.77083,-0.53357,0.61724,0.53293,-0.28711
-0.30979,0.78037,-0.54319,-1.66976,2.97146,-0.84469
-0.33685,0.77321,-0.53729,-1.6427,2.97862,-0.85059
-0.30482,0.80493,-0.50909,-1.21755,0.40828,0.32423
-0.28566,0.83814,-0.46467,0.19878,-0.76964,1.47603
-0.28265,0.8683,-0.40763,0.31477,-1.05783,1.43841
-0.29797,0.89182,-0.34039,0.01824,-0.59652,1.09085
-0.35942,0.89409,-0.26724,-1.11932,0.60791,1.34216
-0.42134,0.88157,-0.21285,-1.05741,0.62043,1.28777
-0.48131,0.85909,-0.17408,0.05318,1.33151,0.14775
-0.54607,0.83063,-0.10895,1.22212,2.06493,-1.79291
-0.57565,0.81509,-0.06521,1.19885,1.08704,-0.52203
-0.58937,0.80616,-0.05253,0.89795,0.4297,-0.05496
-0.59859,0.79961,-0.04798,0.60593,-0.04496,-0.55552
-0.60397,0.79467,-0.06098,0.7258,-0.09902,-0.6683
-0.60284,0.79292,-0.0887,1.03637,-0.43478,0.12157
-0.59204,0.79948,-0.1016,1.35896,-0.90096,0.46932
-0.56968,0.811,-0.13321,1.30456,-0.98943,0.06509
-0.53484,0.82101,-0.19972,0.54911,-0.43714,-0.32155
-0.49424,0.82395,-0.27716,-0.14693,0.61211,0.67766
-0.45973,0.81502,-0.35268,-0.53801,0.89468,0.83804
-0.41206,0.80327,-0.43007,-0.8123,1.25784,-0.1788
-0.37295,0.78343,-0.49714,-0.7751,1.83837,-0.27211
-0.35578,0.75156,-0.55551,-0.6213,2.29372,-0.0378
-0.32801,0.73017,-0.59938,-0.35407,1.82085,0.2037
-0.28881,0.7167,-0.63477,-0.27436,1.42547,0.19998
-0.26302,0.69949,-0.66448,-0.16501,0.79813,0.32792
-0.28001,0.67248,-0.68511,0.11415,0.4691,0.8418
-0.33575,0.63264,-0.69788,0.18527,0.18198,0.75411
-0.40922,0.59619,-0.69072,0.28015,-0.0594,0.65863
-0.46868,0.58139,-0.66508,0.47366,-1.75235,0.75129
-0.47948,0.60966,-0.6312,0.55278,-2.25548,1.31791
-0.45509,0.67517,-0.58055,0.38328,-1.92035,1.19421
-0.42372,0.73909,-0.52364,-0.03372,-0.95224,0.42382
-0.40146,0.77731,-0.48438,0.09269,-0.50883,0.02077
-0.38039,0.78347,-0.4914,0.23238,-0.23933,-0.1762
-0.33455,0.78076,-0.52772,0.3931,0.79608,-0.02936
-0.29381,0.79442,-0.53158,-1.547,2.68071,-0.78284
-0.31364,0.79092,-0.52542,-2.01773,2.34079,-0.06833
-0.28448,0.8168,-0.50191,-0.43433,-0.04975,0.48412
-0.27013,0.84828,-0.45547,0.18352,-0.73172,1.36387
-0.26556,0.88334,-0.38624,0.16769,-1.101,1.35049
-0.31387,0.90674,-0.28161,-0.10082,-0.22318,0.92214
-0.38849,0.89768,-0.20795,-0.75449,0.74433,1.23947
-0.46131,0.87345,-0.15579,-0.8462,1.09045,1.45945
-0.52783,0.84138,-0.11609,0.80564,1.68129,-1.06789
-0.57779,0.81295,-0.07265,0.98478,1.62333,-1.51276
-0.59688,0.80186,-0.02756,1.06875,0.8486,-0.61998
-0.61031,0.79216,-0.00277,0.59659,0.36644,-0.42338
-0.61542,0.78811,0.01179,0.60433,-0.47053,-0.42318
-0.61798,0.78615,0.00853,0.59176,-0.65503,-0.49386
-0.615,0.78827,-0.02009,1.17491,-0.61946,0.18863
-0.60308,0.79671,-0.03918,1.33584,-0.91015,0.13613
-0.58219,0.80968,-0.07401,1.22192,-0.93846,-0.32997
-0.54996,0.8212,-0.15221,0.64413,-0.44086,-0.49505
-0.51781,0.82444,-0.22843,-0.28931,0.85141,0.79891
-0.48107,0.82161,-0.30582,-0.52148,0.70485,0.48493
-0.42869,0.81341,-0.39317,-0.86478,1.08637,-0.14023
-0.39448,0.79124,-0.46726,-0.95423,1.5176,-0.38862
-0.37808,0.76452,-0.52208,-0.50966,2.2816,0.2184
-0.3379,0.75266,-0.56509,-0.03783,2.28588,0.53056
-0.28186,0.7455,-0.60398,-0.61939,1.33011,0.17963
-0.25561,0.7207,-0.6444,-0.38753,0.69295,0.46433
-0.27899,0.67698,-0.68108,0.00788,0.37692,0.61594
-0.34065,0.62758,-0.70007,0.29923,-0.18418,0.65284
-0.41656,0.59256,-0.68946,0.423,-0.50549,0.64314
-0.46613,0.58979,-0.65944,0.43231,-2.04567,0.53214
-0.47074,0.62839,-0.61929,0.40867,-2.05814,0.86849
-0.44659,0.68742,-0.57273,0.29061,-1.65164,0.85781
-0.42204,0.74226,-0.5205,0.25151,-1.0715,0.77497
-0.41032,0.77695,-0.47748,0.34131,-0.53531,0.36991
-0.3928,0.78791,-0.47424,0.40711,-0.3267,0.2749
-0.35115,0.79195,-0.4995,0.54898,0.22727,0.06855
-0.31562,0.79628,-0.51606,-1.89112,3.05601,-1.0481
-0.33804,0.78361,-0.52123,-2.43218,2.71022,-0.67554
-0.31553,0.80714,-0.49897,-0.38698,0.19121,0.23676
-0.30969,0.83819,-0.44892,0.22966,-0.65419,1.68871
-0.29911,0.87392,-0.38315,0.26108,-0.99515,1.40039
-0.33348,0.89524,-0.29553,-0.13263,-0.37159,1.33603
-0.39164,0.89239,-0.22419,-0.90307,0.51307,1.35603
-0.44794,0.87465,-0.18531,-0.91719,0.94641,1.47815
-0.516,0.84396,-0.14656,0.71847,2.05408,-2.60308
-0.56794,0.8197,-0.07438,1.12289,1.53363,-1.72778
-0.5833,0.81135,-0.03847,1.15872,1.08264,-0.79126
-0.58952,0.80737,-0.02495,0.54937,0.14392,0.05482
-0.59463,0.80384,-0.01622,0.27609,-0.34752,-0.63936
-0.5996,0.79994,-0.02398,0.43271,-0.30286,-0.67006
-0.59913,0.79961,-0.04088,1.15627,-0.51558,0.20749
-0.58506,0.80835,-0.0653,1.41302,-0.74121,0.21096
-0.5571,0.82305,-0.11056,1.41765,-0.90772,-0.06059
-0.51724,0.83538,-0.18602,0.52535,-0.55122,-0.71648
-0.48039,0.83648,-0.26368,0.05639,0.05909,0.45028
-0.44785,0.8282,-0.33693,-0.25601,0.5631,0.77269
-0.40047,0.81642,-0.41603,-0.65483,0.64308,0.24919
-0.35817,0.79348,-0.49204,-0.74687,1.53338,-0.26865
-0.34778,0.76836,-0.53729,-0.44492,2.45828,-0.0797
-0.31401,0.75634,-0.57389,-0.00285,2.4083,0.25974
-0.26148,0.74455,-0.61422,-0.75648,1.38121,0.23045
-0.23081,0.71885,-0.65573,-0.7317,0.6303,0.39456
-0.23677,0.68414,-0.68985,-0.06229,0.33867,0.57047
-0.29457,0.64616,-0.70406,0.35829,-0.11938,0.44967
-0.37109,0.62199,-0.68951,0.57306,-0.53439,0.32582
-0.42132,0.628,-0.6543,0.55602,-1.78497,0.36032
-0.43622,0.65682,-0.61506,0.43276,-2.19677,0.82299
-0.42566,0.70275,-0.57005,0.18368,-1.50466,0.95349
-0.41089,0.7509,-0.51703,0.11824,-1.00289,0.7892
-0.40366,0.78245,-0.47416,0.06948,-0.77271,0.53622
-0.39669,0.79483,-0.45921,0.11494,-0.56654,0.38831
-0.37225,0.7923,-0.48341,0.52987,0.16329,0.18957
-0.33036,0.7967,-0.5061,0.13764,1.24099,-0.31481
-0.32527,0.79067,-0.5187,-2.0127,2.97619,-0.52856
-0.30734,0.82473,-0.47473,-0.35107,-0.5186,-0.46483
-0.28099,0.84253,-0.45955,-0.06582,-0.05075,-0.44486
-0.27092,0.87733,-0.3961,0.20253,-0.94874,1.5895
-0.28349,0.90272,-0.32362,-0.19116,-0.55273,1.18064
-0.33629,0.90457,-0.26202,-0.66209,0.37222,0.86139
-0.41037,0.88982,-0.19954,-0.99606,0.64454,0.64655
-0.47104,0.87299,-0.12656,-0.36194,1.33615,1.06143
-0.52007,0.85051,-0.07845,1.55796,2.51336,-1.69896
-0.57075,0.82088,-0.01984,1.38153,2.01675,-1.51065
-0.58821,0.80846,0.01982,1.15216,0.58016,-0.5325
-0.5934,0.80444,0.02747,0.45214,-0.01234,-0.15366
-0.59612,0.80234,0.02979,0.29188,-0.19158,-0.2991
-0.60427,0.79651,0.02056,0.67652,-0.31815,-0.51905
-0.60901,0.79315,0.00363,1.1066,-0.54261,0.1864
-0.60355,0.79728,-0.0086,1.27263,-0.65589,0.413
-0.58124,0.81241,-0.04635,1.43468,-0.82976,-0.41909
-0.54784,0.82819,-0.11825,0.74051,-0.49938,-0.68725
-0.50821,0.83656,-0.20468,0.40349,-0.28974,-0.26968
-0.48104,0.82935,-0.28422,-0.65215,0.65544,0.60906
-0.44759,0.81738,-0.36271,-0.83317,0.90307,0.0578
-0.41489,0.79919,-0.43494,-0.76245,1.1927,-0.18452
-0.39735,0.77665,-0.4888,-0.33402,2.43394,-0.07654
-0.359,0.76809,-0.53024,-0.01156,2.1475,0.36232
-0.29932,0.76511,-0.5701,-0.24943,1.76579,0.29877
-0.25746,0.74906,-0.61042,-0.31592,0.78942,0.2007
-0.26209,0.7201,-0.64247,0.0273,0.49511,0.48752
-0.31021,0.68368,-0.66057,0.224,0.4191,0.63397
-0.37775,0.64717,-0.66218,0.40758,-0.08549,0.70081
-0.43917,0.62619,-0.64422,0.20724,-0.88963,0.62189
-0.46332,0.63555,-0.61759,-0.01472,-1.53363,0.59966
-0.45707,0.66971,-0.5853,0.28925,-1.7242,1.12253
-0.43102,0.72513,-0.53703,0.19506,-1.45679,0.98393
-0.41207,0.77152,-0.48472,0.18317,-1.0668,0.47048
-0.40388,0.7939,-0.45453,0.36247,-0.68604,0.17377
-0.37972,0.79338,-0.47578,0.66682,-0.06921,-0.09122
-0.33578,0.79626,-0.50321,0.36916,0.88381,-0.44376
-0.33452,0.77275,-0.5394,-2.32155,3.68754,-0.96726
-0.34612,0.78578,-0.5126,-1.93957,1.19805,1.63818
-0.32263,0.8245,-0.46488,-0.05374,-0.19182,0.0047
-0.31045,0.86539,-0.39335,0.55224,-1.12312,1.75538
-0.30479,0.90265,-0.30383,0.39815,-1.01356,1.38505
-0.36124,0.90617,-0.21991,0.09491,-0.03344,1.35998
-0.43727,0.88295,-0.17087,-1.1899,1.37007,1.56363
-0.49972,0.85648,-0.1293,-0.02795,1.52028,-0.04726
-0.561,0.82561,-0.06033,1.12585,1.72558,-2.35275
-0.59203,0.80591,-0.00278,0.7368,1.15724,-1.12476
-0.60003,0.79969,0.02173,0.55394,0.40783,-0.17683
-0.6053,0.79574,0.02008,0.57004,0.15795,-0.11722
-0.61343,0.78958,0.01645,0.73466,-0.07037,-1.33271
-0.61315,0.78944,-0.02878,1.10771,-0.39163,0.13057
-0.60269,0.79656,-0.04749,1.11325,-0.5749,0.69699
-0.58576,0.80785,-0.0653,1.22455,-0.9748,0.52084
-0.55937,0.81892,-0.12832,0.81785,-0.48984,-0.54201
-0.52014,0.82845,-0.20767,0.47223,-0.15063,0.13519
-0.48061,0.83035,-0.28202,-0.52707,1.0465,0.5351
-0.43153,0.82563,-0.36349,-0.68459,1.27919,-0.05127
-0.38662,0.80908,-0.44262,-0.72053,1.41547,-0.56244
-0.35879,0.77733,-0.51674,-0.57604,2.10682,0.08565
-0.32927,0.75417,-0.56817,-0.4245,2.14348,0.48279
-0.28006,0.74535,-0.60499,-0.7699,1.80818,0.30357
-0.24172,0.73012,-0.63913,-0.29938,0.50459,0.45874
-0.24698,0.7011,-0.66892,-0.00571,0.19593,0.69683
-0.29633,0.66693,-0.68366,0.16802,0.04503,0.7585
-0.36475,0.64129,-0.67506,0.62423,-0.8944,0.4524
-0.4125,0.64084,-0.64743,0.56702,-1.90012,0.36074
-0.42583,0.66904,-0.60915,0.66402,-2.16171,0.58066
-0.42236,0.71634,-0.5554,0.34491,-1.53769,0.9828
-0.42171,0.75807,-0.49748,0.24012,-0.95368,0.76135
-0.41949,0.78029,-0.46387,0.19895,-0.79313,0.60419
-0.40243,0.78059,-0.47825,0.22282,0.11479,0.07404
-0.36105,0.78004,-0.51106,0.41734,0.47262,-0.15853
-0.32217,0.80087,-0.50479,0.19371,0.58939,0.1302
-0.36216,0.77649,-0.51565,-2.57405,2.58747,0.06922
-0.33257,0.80221,-0.49583,-1.17301,0.75493,1.10316
-0.30729,0.84831,-0.4312,-0.44155,-0.1187,0.37946
-0.2865,0.89138,-0.35123,0.35348,-1.30004,1.233
-0.30366,0.91937,-0.25011,0.03846,-0.45742,1.16861
-0.37311,0.91338,-0.16285,0.10791,-0.45144,1.08135
-0.45146,0.88143,-0.13878,-0.37038,1.58213,1.17298
-0.53077,0.84014,-0.11155,0.01127,1.80905,0.09701
-0.58193,0.81151,-0.05303,1.25778,2.20563,-2.88955
-0.59465,0.80381,-0.01652,0.93604,0.72007,-0.60843
-0.60501,0.79621,0.00206,0.72644,0.18467,-0.16618
-0.61367,0.78946,0.01275,0.67974,-0.16901,-0.45062
-0.61801,0.78616,-0.00543,0.82832,-0.30434,-0.5767
-0.61181,0.7907,-0.02177,1.20311,-0.44527,0.34823
-0.59101,0.80591,-0.0349,1.47769,-0.87638,0.53693
-0.56221,0.82159,-0.09444,1.18913,-0.77351,-0.79075
-0.52444,0.83268,-0.17777,0.15544,-0.08288,0.14853
-0.49096,0.83265,-0.25625,-0.15576,0.46516,0.74905
-0.45418,0.82306,-0.34102,-0.85272,0.81452,0.18922
-0.4094,0.80795,-0.4238,-0.86162,1.26235,-0.21156
-0.38362,0.78029,-0.49395,-0.84604,1.54941,-0.27734
-0.36562,0.75195,-0.54853,-0.27381,2.5165,0.10679
-0.31719,0.73821,-0.59535,-0.34828,1.77683,0.24999
-0.26779,0.72197,-0.638,-0.67118,1.34436,0.26097
-0.24938,0.69436,-0.67504,-0.23033,0.36959,0.5922
-0.27313,0.65974,-0.7001,0.12167,-0.01086,0.71719
-0.3313,0.62752,-0.7046,0.3184,-0.2146,0.65301
-0.39749,0.61009,-0.68541,0.60915,-1.05877,0.31856
-0.4347,0.62079,-0.65242,0.58644,-1.4389,0.26932
-0.43558,0.65685,-0.61548,0.46353,-1.82108,0.96135
-0.41734,0.71057,-0.56649,0.21161,-1.20518,0.90274
-0.40606,0.75774,-0.51082,0.18061,-0.6946,0.76592
-0.40098,0.785,-0.47222,0.19207,-0.57061,0.67907
-0.37484,0.79254,-0.48101,0.34494,0.06314,0.42704
-0.33067,0.80601,-0.49093,0.2227,0.13245,0.56821
-0.3215,0.81214,-0.4869,-0.254,0.65781,-0.61842
-0.37423,0.76874,-0.51865,-2.35049,2.30997,1.85639
-0.33262,0.80734,-0.48741,-0.58759,0.31975,1.51793
-0.30643,0.86094,-0.40606,-0.04186,-0.44056,1.01517
-0.29152,0.92072,-0.25942,0.58139,-1.40796,0.97199
-0.32529,0.9362,-0.1331,0.33376,-0.65026,0.97435
-0.40231,0.91279,-0.07041,0.16124,-0.00933,1.48613
-0.47628,0.87609,-0.07503,-0.62986,1.74375,1.25478
-0.54423,0.83801,-0.03953,1.02685,2.22095,-2.82558
-0.57318,0.81924,0.01756,0.95301,2.10131,-2.06353
-0.57607,0.81636,0.04113,0.67175,0.33351,-0.68662
-0.58192,0.81188,0.04716,0.60691,0.01226,-0.05807
-0.59311,0.80342,0.05222,0.57149,0.01336,-0.55675
-0.59877,0.80051,0.02576,1.04304,-0.24777,-0.40976
-0.59154,0.80628,0.0012,1.20457,-0.70369,0.69823
-0.56973,0.8217,-0.01489,1.33012,-0.88904,0.53554
-0.54049,0.83784,-0.07678,1.03901,-0.78564,-0.92328
-0.49788,0.85153,-0.16435,0.09755,0.19243,0.24923
-0.46361,0.85321,-0.23894,-0.28163,0.69264,0.73659
-0.42621,0.84521,-0.32243,-0.67862,0.65418,0.20684
-0.38335,0.83102,-0.40305,-0.785,1.29221,-0.43812
-0.36627,0.80647,-0.46417,-0.80208,1.31676,-0.37701
-0.34501,0.78607,-0.5129,-0.19539,2.56641,0.23842
-0.30138,0.77288,-0.55842,-0.35937,1.73182,0.39177
-0.26712,0.75203,-0.60257,-0.65905,0.91995,0.35509
-0.25593,0.72289,-0.64182,-0.43134,0.48362,0.45717
-0.27955,0.69085,-0.66676,0.15883,0.08034,0.5752
-0.32361,0.66237,-0.67568,0.14823,-0.12769,0.50429
-0.37488,0.64683,-0.66414,0.23279,-0.67396,0.46336
-0.41096,0.65135,-0.63785,0.40014,-1.88304,0.66223
-0.41574,0.68024,-0.60369,0.55519,-2.10157,0.87645
-0.39587,0.73387,-0.55202,0.40266,-1.18331,0.91405
-0.38679,0.78224,-0.48835,0.33046,-0.83124,0.47839
-0.38544,0.80837,-0.44495,0.40175,-0.63907,0.28276
-0.36445,0.81203,-0.45582,0.63164,0.20948,-0.01334
-0.30986,0.81552,-0.48879,-0.05735,1.32599,-0.14266
-0.28712,0.80698,-0.51609,-1.56891,3.20771,-0.90498
-0.29733,0.81165,-0.50282,-1.44652,0.47026,0.75704
-0.27418,0.83489,-0.47726,-0.02292,-0.25829,0.50143
-0.26224,0.87344,-0.41028,0.33068,-0.75871,1.57221
-0.25669,0.91134,-0.32181,0.06052,-1.05864,1.02352
-0.31031,0.92036,-0.23801,-0.56062,0.20818,1.25004
-0.38396,0.90536,-0.18138,-1.08872,0.65089,1.02216
-0.44601,0.88624,-0.12514,-0.36649,1.34098,0.95766
-0.50281,0.86169,-0.06834,0.17692,1.54253,0.10128
-0.54676,0.837,-0.02227,1.44936,2.07138,-2.07876
-0.56375,0.82595,6e-05,1.09154,0.53616,-0.20294
-0.57692,0.8168,-0.00043,0.57866,0.04437,-0.25287
-0.58665,0.80984,-0.00365,0.44613,-0.15822,-0.51827
-0.59263,0.80523,-0.01985,0.79789,-0.40885,-0.08163
-0.59137,0.80589,-0.02852,1.26696,-0.77615,0.32111
-0.57468,0.81665,-0.05324,1.41092,-0.90919,0.27811
-0.54521,0.83188,-0.10348,0.97487,-0.77076,-0.34311
-0.50931,0.84332,-0.17151,0.42874,-0.559,-0.57229
-0.47503,0.84412,-0.24861,0.15482,-0.32606,-0.19014
-0.44377,0.83565,-0.32366,-0.44507,0.62381,0.78722
-0.40512,0.82268,-0.39885,-0.76139,1.01988,0.26103
-0.37457,0.80118,-0.46669,-0.87171,1.51124,0.0904
-0.35095,0.77994,-0.5182,-0.27154,2.76761,-0.13883
-0.31181,0.76623,-0.56184,-0.16801,2.36824,0.17989
-0.26893,0.7479,-0.6069,-0.31994,1.50276,0.35442
-0.25032,0.71985,-0.64743,-0.3702,0.28494,0.51965
-0.26468,0.68678,-0.67696,0.0704,0.06681,0.64246
-0.31267,0.6552,-0.68771,0.27481,-0.06064,0.63587
-0.36961,0.63663,-0.67682,0.3417,-0.84374,0.37384
-0.41414,0.63864,-0.64856,0.29503,-1.5297,0.34169
-0.42603,0.66438,-0.61409,0.41679,-1.90913,0.51242
-0.40464,0.71987,-0.56397,0.38671,-1.83196,0.80535
-0.39144,0.7718,-0.50111,0.27683,-0.8838,0.53997
-0.39529,0.80093,-0.44973,0.29147,-0.67078,0.42641
-0.38802,0.80892,-0.44169,0.36913,-0.07227,0.3451
-0.34411,0.80737,-0.47931,0.60035,0.40353,0.00704
-0.2948,0.82978,-0.47387,0.36759,0.36139,0.57195
-0.32269,0.82228,-0.46875,-2.08095,2.93314,-1.43558
-0.33541,0.80437,-0.4904,-1.16923,0.98637,1.33366
-0.31071,0.84147,-0.44202,-0.53955,0.12287,1.05425
-0.29183,0.8778,-0.37987,0.41329,-0.934,1.09453
-0.27261,0.92357,-0.26962,0.10487,-1.18541,0.72734
-0.30382,0.93555,-0.1801,-0.06489,-0.60984,0.84158
-0.38159,0.91483,-0.13221,-1.51325,0.88105,1.12135
-0.44334,0.88861,-0.11761,-0.50828,1.42064,0.85954
-0.50696,0.85988,-0.05992,0.16454,1.66041,-0.69065
-0.55266,0.83339,-0.006,1.4046,1.07501,-0.94491
-0.56826,0.82265,0.01816,1.02424,0.39287,-0.47126
-0.57582,0.81723,0.02375,0.81523,0.16864,-0.23283
-0.58508,0.81058,0.02537,0.56283,0.02058,-0.95554
-0.59089,0.80675,-0.0015,0.87391,-0.24505,-0.24672
-0.58861,0.80801,-0.02566,1.04977,-0.4138,0.20681
-0.57419,0.81736,-0.0473,1.30935,-0.84691,0.30049
-0.55057,0.82959,-0.09305,1.00885,-0.78694,-0.60783
-0.51763,0.84059,-0.15961,0.75792,-0.61026,-0.57614
-0.48512,0.84313,-0.23193,0.01881,0.30578,0.52359
-0.45574,0.83677,-0.30352,-0.34234,0.565,0.75673
-0.4121,0.82707,-0.38227,-0.54423,0.63097,0.43548
-0.38057,0.8112,-0.44398,-0.42906,2.16478,-0.24656
-0.35455,0.7983,-0.48684,-0.13722,2.68733,0.05554
-0.30572,0.79528,-0.52352,-0.01801,2.25459,0.26119
-0.25155,0.7873,-0.56292,-0.87085,1.14794,0.17844
-0.2315,0.76672,-0.59878,-0.57458,0.5442,0.46522
-0.24706,0.73502,-0.63144,-0.32007,0.29658,0.56181
-0.29137,0.70204,-0.6498,0.05753,-0.15761,0.54114
-0.34538,0.68214,-0.64451,0.12235,-0.33653,0.40147
-0.38389,0.68468,-0.61955,0.33568,-1.76445,0.26979
-0.40061,0.7111,-0.57779,0.51297,-2.22049,0.76088
-0.39993,0.75424,-0.52075,0.41441,-1.53627,0.89662
-0.39858,0.79376,-0.45943,0.38662,-1.28565,0.66379
-0.39818,0.81511,-0.42077,0.38547,-0.52808,0.40905
-0.38063,0.81954,-0.42834,0.43668,0.20901,-0.22347
-0.33587,0.82256,-0.4589,0.47342,0.30867,-0.36224
-0.30127,0.84568,-0.44053,-0.05347,0.60811,0.35061
-0.34469,0.82242,-0.45258,-3.42335,3.29264,-1.95323
-0.32848,0.83902,-0.43376,-3.59838,2.80322,1.2011
-0.30891,0.87465,-0.37358,0.48231,-0.75011,0.92708
-0.2913,0.91213,-0.28837,0.5917,-1.4087,1.31166
-0.27941,0.93919,-0.19965,0.40772,-1.45179,0.85198
-0.32227,0.94106,-0.10269,-0.02404,-0.02889,1.26185
-0.40338,0.91353,-0.05247,-0.47751,0.34148,1.08636
-0.47167,0.88049,-0.04761,-0.90452,1.69428,1.50312
-0.52055,0.85382,-0.00549,1.27099,2.29439,-2.59293
-0.55552,0.83043,0.04226,1.35068,0.73361,-0.58268
-0.56395,0.82296,0.06853,1.21492,0.39027,-0.29674
-0.56911,0.8189,0.07429,0.59786,-0.07313,-0.11248
-0.57437,0.81515,0.07503,0.54782,-0.1672,-0.62342
-0.5773,0.81456,0.0567,0.75704,-0.24205,-0.35678
-0.57146,0.81961,0.04087,1.1443,-0.55457,0.21029
-0.55158,0.83403,0.01235,1.32693,-0.88673,-0.31595
-0.52352,0.85052,-0.05033,1.04228,-0.77334,-0.59826
-0.48971,0.86247,-0.12776,0.36882,-0.47075,-0.54562
-0.4603,0.86485,-0.20039,-0.36714,0.77251,0.84809
-0.42442,0.86143,-0.27894,-0.46344,0.65156,0.72736
-0.38381,0.85027,-0.36019,-0.76709,1.03685,0.19478
-0.36049,0.83249,-0.42072,-0.29072,2.67644,-0.25042
-0.326,0.82068,-0.46927,-0.16184,2.62316,-0.06319
-0.27408,0.814,-0.51213,-0.59697,1.44121,0.17628
-0.23232,0.79984,-0.55343,-0.79727,0.75497,0.30915
-0.21518,0.77558,-0.59345,-0.55294,0.48213,0.45319
-0.23636,0.74291,-0.62628,0.01395,-0.06159,0.53568
-0.28283,0.71546,-0.63885,0.18774,-0.36675,0.53896
-0.32568,0.70664,-0.62817,0.28451,-0.5844,0.63021
-0.3498,0.72242,-0.59644,0.28919,-1.89302,0.4174
-0.35253,0.75829,-0.54837,0.24146,-2.16317,0.64182
-0.34429,0.80386,-0.48504,0.13871,-1.76387,0.66288
-0.34679,0.83968,-0.41795,0.07819,-0.96303,0.49026
-0.36001,0.85241,-0.3792,0.08132,-0.8558,0.34565
-0.35022,0.83904,-0.41636,0.40343,0.21377,-0.14194
-0.30794,0.83859,-0.44937,0.6212,0.64972,0.36341
-0.29352,0.86315,-0.41088,-0.8056,1.72456,0.08449
-0.33385,0.84516,-0.41744,-2.37307,2.75192,-1.05542
-0.29883,0.87432,-0.38244,-1.1665,0.43131,0.17739
-0.29133,0.90282,-0.31628,0.15193,-0.41097,1.18904
-0.28171,0.93107,-0.23183,0.4125,-0.97132,1.07368
-0.29122,0.94582,-0.14358,0.44016,-0.95726,0.68516
-0.34721,0.93498,-0.07253,0.24175,-0.06155,0.92312
-0.42599,0.90423,-0.03005,-0.19212,0.30784,0.99121
-0.47532,0.87974,-0.01103,-0.09003,1.54882,0.72186
-0.51956,0.85276,0.05353,1.31954,2.07026,-2.12261
-0.54158,0.83515,0.09597,0.7423,0.87907,-0.70489
-0.54963,0.82792,0.11162,0.5003,0.26806,-0.29516
-0.56024,0.82002,0.11701,0.51588,0.00282,-0.94405
-0.57142,0.81463,0.09926,0.86453,0.07514,-0.67831
-0.57157,0.81802,0.06443,1.27413,-0.49668,0.15891
-0.55372,0.83184,0.03792,1.35861,-0.65139,0.26022
-0.52399,0.8517,-0.00559,1.34895,-0.8235,-0.33774
-0.48729,0.86851,-0.09077,0.66965,-0.40469,-0.57559
-0.45031,0.87879,-0.15795,-0.37159,0.64724,0.91018
-0.41347,0.87786,-0.24165,-0.61694,0.6234,0.57454
-0.37402,0.86755,-0.32784,-0.84579,1.27485,-0.41803
-0.34867,0.84524,-0.40496,-0.85946,1.46076,-0.44233
-0.32691,0.81918,-0.47124,-0.5944,2.30115,0.16088
-0.28457,0.80465,-0.52111,-0.37284,1.93111,0.3117
-0.23303,0.79386,-0.56168,-0.63739,0.95167,0.35653
-0.2054,0.76876,-0.60566,-0.39781,0.68162,0.50588
-0.22122,0.72743,-0.64954,-0.08179,0.17983,0.58318
-0.27854,0.68663,-0.67154,0.43912,-0.51947,0.61956
-0.34162,0.66458,-0.66455,0.58318,-0.81272,0.61775
-0.37584,0.67493,-0.63499,0.61435,-1.51578,0.51755
-0.36894,0.71809,-0.59011,0.15851,-2.03668,0.53838
-0.34862,0.77064,-0.53346,-0.0217,-1.74473,0.59202
-0.34446,0.8141,-0.46754,-0.0414,-0.84005,0.54867
-0.35877,0.83435,-0.41851,-0.12176,-0.45929,0.36501
-0.3652,0.82774,-0.42601,-0.15027,-0.1077,0.12022
-0.33579,0.81383,-0.47426,0.52759,0.71342,0.01015
-0.2981,0.83535,-0.46189,-0.60052,1.95398,0.84905
-0.31446,0.84084,-0.44057,-1.31313,2.15396,-0.35068
-0.27921,0.86247,-0.42213,-1.09495,0.2549,-0.29139
-0.2616,0.88226,-0.39139,-0.17437,-0.18842,1.04749
-0.26581,0.9065,-0.32803,0.13193,-0.78696,1.53652
-0.29156,0.92385,-0.24799,0.13106,-0.61504,1.14887
-0.35264,0.9198,-0.17208,-0.28089,0.1818,1.09425
-0.4126,0.90398,-0.11218,-0.678,0.48448,1.01143
-0.45371,0.8874,-0.08162,0.19034,1.11881,0.32274
-0.50292,0.86335,-0.04112,1.32432,1.99377,-1.53356
-0.5303,0.84773,0.01179,1.0157,1.34951,-1.17242
-0.54146,0.83988,0.03776,0.72844,0.23438,-0.58679
-0.55207,0.83271,0.0426,0.52569,0.1172,-0.44102
-0.56556,0.82392,0.03595,0.51193,0.12229,-0.61972
-0.57252,0.81976,0.01469,1.00948,-0.18112,-0.24785
-0.56704,0.82368,-0.00319,1.21002,-0.4731,0.28998
-0.54442,0.83835,-0.02774,1.34238,-0.62688,0.34581
-0.51105,0.85405,-0.0971,0.99611,-0.53033,-0.54662
-0.47316,0.86279,-0.1781,-0.02742,0.40404,0.51846
-0.43749,0.86347,-0.25104,-0.73257,0.68385,0.67066
-0.39237,0.85708,-0.33386,-0.79469,0.93466,0.06149
-0.36796,0.82887,-0.42139,-0.73564,1.14674,-0.06577
-0.36468,0.78593,-0.49931,-0.52649,1.57569,0.17095
-0.34319,0.75779,-0.55495,0.00182,1.81048,0.4314
-0.28277,0.75287,-0.59433,-0.38929,1.59045,0.30215
-0.22843,0.74766,-0.62356,-0.77724,1.04568,0.26737
-0.21964,0.71912,-0.65926,-0.22317,0.52453,0.41515
-0.25527,0.67772,-0.68959,0.01668,-0.08995,0.56781
-0.32099,0.63735,-0.70054,0.12774,-0.26049,0.65023
-0.39741,0.61172,-0.684,0.40024,-0.86278,0.60124
-0.4509,0.61922,-0.64285,0.6408,-1.47931,0.41662
-0.45887,0.65947,-0.59543,0.54902,-1.53357,0.42232
-0.43838,0.71451,-0.54525,0.1868,-1.09571,0.53298
-0.41431,0.76451,-0.49383,-0.00958,-0.71057,0.40954
-0.40003,0.79454,-0.45682,-0.16273,-0.60733,0.26227
-0.38793,0.79967,-0.4583,-0.26283,-0.13234,0.00249
-0.35657,0.80046,-0.48179,0.26982,0.28049,0.19573
-0.30842,0.8356,-0.45459,0.57956,-0.01177,0.73322
-0.31222,0.83983,-0.44408,-1.62244,1.68796,-0.42697
-0.32743,0.83719,-0.43806,-1.79061,1.19016,1.56622
-0.30346,0.86289,-0.40414,-0.5857,0.23075,-0.00825
-0.30459,0.88088,-0.36232,0.30947,-0.70324,1.17194
-0.29815,0.90705,-0.29726,0.37452,-0.78686,0.78728
-0.33052,0.91896,-0.21509,0.36337,-0.44626,0.73601
-0.39548,0.90739,-0.14225,-0.50669,0.64467,1.1278
-0.44956,0.88551,-0.11738,-0.22,1.18339,0.88369
-0.49613,0.86327,-0.09287,0.29897,1.18921,0.62487
-0.53257,0.84525,-0.04376,0.66124,1.13636,-1.22844
-0.54599,0.83779,-0.00254,0.4944,0.41986,-0.99276
-0.55313,0.83286,0.01986,0.39982,0.26461,-0.87021
-0.55973,0.82828,0.02569,0.57644,0.22836,-0.26805
-0.56326,0.82616,0.01424,0.80936,-0.10033,-0.4519
-0.55817,0.82959,-0.01519,0.8626,-0.25573,-0.38373
-0.53855,0.84096,-0.05245,1.22698,-0.65879,0.0434
-0.50666,0.85598,-0.10291,1.01127,-0.77914,-0.40379
-0.46845,0.86621,-0.17389,0.66692,-0.62097,-0.48109
-0.43169,0.86974,-0.23916,-0.25662,0.50302,0.65849
-0.38868,0.86305,-0.3226,-0.8874,0.74396,-0.06944
-0.33831,0.85188,-0.39982,-0.96438,1.03233,0.13198
-0.30088,0.82945,-0.47062,-0.74288,1.54489,0.04794
-0.25738,0.80485,-0.53476,-0.19717,1.7845,0.38608
-0.18762,0.78943,-0.58446,-0.00397,1.63162,0.48989
-0.10772,0.77838,-0.61848,-0.71779,0.93602,0.17968
-0.06835,0.74837,-0.65975,-0.73266,0.52462,0.44638
-0.0754,0.69713,-0.71297,-0.35478,0.24657,0.58814
-0.13026,0.64041,-0.75691,0.34667,-0.592,0.56192
-0.21043,0.60191,-0.77034,0.431,-1.08535,0.46802
-0.28852,0.5993,-0.74672,0.41837,-1.30664,0.38903
-0.34139,0.64148,-0.68699,0.23046,-1.36915,0.11163
-0.3695,0.70493,-0.60542,0.29228,-1.20498,-0.01981
-0.37728,0.75747,-0.53282,0.35284,-1.08448,-0.05488
-0.37135,0.78788,-0.49126,0.29031,-0.12588,0.01499
-0.35589,0.80149,-0.48057,-0.44429,0.3833,0.53485
-0.31703,0.8122,-0.48973,-0.39551,0.14871,0.63639
-0.26423,0.83357,-0.48512,0.33604,-0.48249,1.13414
-0.22112,0.87425,-0.43219,-1.51551,0.56647,-0.11559
-0.27925,0.84529,-0.45552,-3.03052,2.27055,-1.87667
-0.27754,0.86304,-0.42205,-1.53312,1.58437,1.6342
-0.24568,0.89648,-0.36874,0.15277,-0.70967,-0.16288
-0.22851,0.91122,-0.34273,0.57678,-0.51754,0.45691
-0.23172,0.93704,-0.26126,0.36372,-0.94606,0.71211
-0.28299,0.94212,-0.17978,-0.2534,0.00482,0.90256
-0.35423,0.92521,-0.13605,-0.48229,0.61178,0.97103
-0.41196,0.90784,-0.07819,-0.04716,1.0931,0.80772
-0.43638,0.89787,-0.05827,0.67518,1.24133,-0.12199
-0.47714,0.87865,-0.01749,1.86631,1.09885,-0.67303
-0.50114,0.865,0.02533,0.98602,0.68125,-0.33128
-0.51289,0.85619,0.06224,0.56218,0.07943,-0.63455
-0.52481,0.84702,0.08446,0.48489,0.02562,-0.6113
-0.54137,0.83543,0.09472,0.49122,0.1261,-0.58978
-0.55289,0.82916,0.08251,1.01626,-0.11227,-0.46899
-0.55102,0.83273,0.05426,1.15202,-0.30996,-0.22106
-0.53146,0.84671,0.02515,1.26426,-0.73178,0.09147
-0.50156,0.86463,-0.02933,0.8793,-0.69362,-0.74335
-0.46505,0.87843,-0.10993,0.54273,-0.60696,-0.51797
-0.43695,0.88232,-0.17489,-0.59618,0.74733,0.94794
-0.40308,0.87843,-0.25668,-1.02827,0.96648,0.27342
-0.36586,0.86828,-0.33503,-0.88105,1.13137,0.32278
-0.34133,0.84777,-0.40592,-0.1381,1.90253,-0.09151
-0.29771,0.83432,-0.46398,0.1379,2.22519,0.0651
-0.23863,0.82977,-0.50451,0.10453,1.91939,0.04498
-0.18857,0.81816,-0.54318,-0.95486,1.05179,0.25836
-0.17035,0.78963,-0.58947,-0.42338,0.47693,0.48995
-0.20004,0.74529,-0.63602,-0.1893,0.31893,0.62336
-0.27112,0.69864,-0.66212,0.47086,-0.24731,0.67182
-0.34532,0.67214,-0.65497,0.58888,-1.0812,0.64253
-0.37827,0.68991,-0.6172,0.40641,-1.5863,0.5267
-0.36987,0.73973,-0.56214,-0.10979,-2.01364,0.46607
-0.35078,0.79136,-0.5007,-0.25591,-1.49528,0.61256
-0.3423,0.83127,-0.43796,-0.15576,-1.24611,0.56426
-0.34972,0.84987,-0.39423,0.01456,-0.61861,0.28374
-0.35137,0.8353,-0.42286,-0.1929,-0.02216,-0.27857
-0.32985,0.7829,-0.52751,-0.24233,0.80227,-1.28753
-0.31981,0.79368,-0.51748,-1.00199,2.51165,2.06683
-0.30158,0.84197,-0.44738,-0.25648,-0.2578,1.42977
-0.27122,0.88372,-0.38142,0.2609,-0.68517,0.69604
-0.26351,0.91663,-0.3006,0.06971,-0.47662,1.16793
-0.29705,0.92906,-0.22048,-0.65202,-0.02238,0.75164
-0.34232,0.92394,-0.17074,-0.86715,0.13786,0.30778
-0.40524,0.90553,-0.1257,-0.72587,0.76102,0.27191
-0.47592,0.87828,-0.04619,-0.18166,0.81627,1.14691
-0.51352,0.85798,0.01272,0.46939,1.30246,0.54124
-0.54859,0.83323,0.06905,1.6761,2.316,-1.14681
-0.56422,0.81845,0.1086,1.20346,0.7646,-1.19568
-0.56312,0.8179,0.11804,1.00812,0.36066,-0.93016
-0.56012,0.82046,0.11451,0.37671,-0.01704,-0.55836
-0.56174,0.82198,0.09379,0.4883,-0.47809,-0.45437
-0.56301,0.82357,0.06898,0.69612,-0.55245,-0.21197
-0.55633,0.82946,0.04984,1.08351,-0.78148,0.2674
-0.53546,0.84456,0.00292,1.32525,-0.84691,-0.44231
-0.50251,0.86162,-0.07142,0.94965,-0.68851,-0.44939
-0.46675,0.87162,-0.14975,0.36755,-0.26225,0.10164
-0.43983,0.86767,-0.23172,-0.43663,0.70409,0.70133
-0.398,0.86125,-0.31598,-0.93616,0.77606,0.39736
-0.35331,0.84957,-0.39166,-0.81052,1.12043,-0.13427
-0.331,0.82804,-0.45255,-0.45088,1.9925,-0.29307
-0.28326,0.81576,-0.50429,-0.07343,2.18348,0.15098
-0.23069,0.80276,-0.54987,-0.88379,1.14,0.2403
-0.19946,0.77825,-0.59543,-0.48169,0.68082,0.35494
-0.19728,0.74557,-0.63655,-0.28526,0.56005,0.3786
-0.24108,0.71124,-0.66032,0.29707,0.08662,0.37097
-0.30979,0.6857,-0.65867,0.53916,-0.50262,0.42648
-0.37442,0.67753,-0.63306,0.66419,-0.92261,0.50914
-0.39418,0.69803,-0.59781,0.49376,-2.09555,0.66071
-0.37442,0.74551,-0.55139,0.39795,-2.07054,0.83886
-0.3562,0.79672,-0.48821,0.02616,-1.45772,0.7304
-0.35222,0.83097,-0.43062,-0.07071,-0.8689,0.47748
-0.35166,0.84495,-0.40297,0.00605,-0.44922,0.24109
-0.33153,0.84104,-0.42748,0.06672,-0.14988,0.27615
-0.28931,0.8456,-0.44862,0.38075,0.4073,0.09294
-0.28207,0.85384,-0.43748,-0.87512,2.13491,-0.6088
-0.30944,0.822,-0.47808,-2.02763,2.41739,-1.75212
-0.2847,0.83623,-0.46869,-0.77727,0.50131,0.65448
-0.27993,0.88458,-0.37304,0.19015,-0.48199,1.25852
-0.26994,0.92039,-0.28286,0.32463,-0.933,1.19729
-0.30227,0.93646,-0.17797,0.27461,-0.6463,1.1986
-0.38227,0.91813,-0.10441,-0.13366,0.22994,1.141
-0.4518,0.88999,-0.06157,-0.74271,0.5795,1.13437
-0.49877,0.86575,-0.04133,0.10578,1.43306,0.00692
-0.54661,0.83735,0.00861,1.18304,2.44545,-1.76687
-0.56229,0.82468,0.06114,0.89374,0.72922,-0.64349
-0.57421,0.81435,0.08435,0.07406,0.15743,-0.66653
-0.58944,0.80232,0.09398,0.51854,0.01732,-0.81633
-0.60653,0.79066,0.08347,0.85814,-0.04454,-0.65366
-0.61432,0.78622,0.06678,1.38067,-0.33241,0.27793
-0.60246,0.79573,0.06207,1.59952,-0.71785,0.30222
-0.57884,0.81474,0.03382,1.57265,-0.91838,0.05396
-0.54987,0.83486,-0.02556,0.94437,-0.6285,-0.57861
-0.51853,0.85015,-0.09151,0.17141,-0.51264,-0.55396
-0.49173,0.85534,-0.16309,-0.02622,-0.32874,0.10988
-0.46578,0.85415,-0.23124,-0.30166,0.52301,0.84167
-0.42661,0.84905,-0.31165,-0.75046,1.13726,0.5624
-0.39741,0.83441,-0.38188,-0.86463,1.67515,0.28824
-0.36487,0.82757,-0.42661,-0.30446,3.54157,-0.93799
-0.30414,0.83087,-0.466,-0.05031,2.26945,-0.17424
-0.24129,0.82355,-0.51337,-0.71501,1.28609,0.15116
-0.21103,0.80086,-0.56044,-0.93567,0.52223,0.46825
-0.21453,0.77245,-0.59774,-0.12194,0.03417,0.51013
-0.253,0.74855,-0.61292,0.13976,-0.03006,0.62558
-0.29623,0.74,-0.60387,0.36629,-0.67948,0.44641
-0.31891,0.7529,-0.57571,0.09602,-2.34442,0.5315
-0.32844,0.77593,-0.53856,0.12407,-2.39062,0.54984
-0.32979,0.81077,-0.48361,0.13463,-1.57303,0.77249
-0.33395,0.8459,-0.41585,0.20242,-1.03486,0.55869
-0.35092,0.86468,-0.35942,0.24867,-0.85449,0.40705
-0.36663,0.8628,-0.34808,0.31724,0.04093,-0.21596
-0.34357,0.85289,-0.3931,0.60831,0.74604,-0.33488
-0.30377,0.86705,-0.3949,0.55479,0.82521,-0.19256
-0.32695,0.85952,-0.39284,-3.11281,3.33817,-1.67081
-0.30607,0.86867,-0.38952,-1.78441,0.97985,1.11912
-0.27559,0.8911,-0.36054,-0.75101,-0.24987,-0.11024
-0.25852,0.91725,-0.30303,0.46416,-1.20349,1.36651
-0.24995,0.94848,-0.19473,0.5711,-1.5888,1.17854
-0.29239,0.95352,-0.0729,0.36574,-1.28617,0.97995
-0.3847,0.92268,-0.026,-0.14675,0.4183,0.99448
-0.47717,0.87868,-0.01539,-1.5369,2.04711,1.81315
-0.52256,0.85219,0.02652,-0.58167,2.0466,0.98157
-0.55014,0.82933,0.09781,0.62785,1.49361,-2.53728
-0.56046,0.81493,0.14757,0.75366,0.61868,-0.56676
-0.57076,0.80518,0.16096,0.7878,0.42306,-0.14786
-0.58672,0.79454,0.15643,0.69593,-0.01223,-1.16537
-0.59959,0.7921,0.11429,1.13531,-0.18807,-0.62454
-0.59607,0.7986,0.08329,1.14796,-0.31864,0.456
-0.58064,0.8112,0.06942,1.21359,-0.79318,0.56333
-0.5588,0.82908,0.01938,1.20664,-0.9168,-0.6316
-0.52713,0.84824,-0.05124,0.75424,-0.50896,-0.89952
-0.49113,0.86315,-0.11729,0.00294,0.21018,0.56006
-0.45232,0.87266,-0.18404,-0.17967,0.55353,0.61547
-0.41666,0.87181,-0.25756,-0.35087,0.68147,0.32557
-0.38162,0.86251,-0.33233,-0.55605,2.17333,-0.38752
-0.34658,0.85219,-0.39199,-0.32499,2.76037,-0.31982
-0.2961,0.84556,-0.44424,-0.27319,2.03374,0.10412
-0.24448,0.83335,-0.49574,-1.04612,0.95776,0.18157
-0.21415,0.81084,-0.54468,-0.88212,0.37362,0.33675
-0.20915,0.78002,-0.58977,-0.57051,0.23386,0.3991
-0.24252,0.74611,-0.62009,0.30891,-0.15438,0.49623
-0.30124,0.72255,-0.62223,0.50845,-0.7641,0.35297
-0.35101,0.7236,-0.5943,0.54118,-1.27472,0.30265
-0.36889,0.75143,-0.54705,0.28476,-2.13165,0.18696
-0.35728,0.79711,-0.48679,0.34347,-1.62861,0.65818
-0.35139,0.84123,-0.41091,0.30208,-1.3535,0.57083
-0.36637,0.86287,-0.34818,0.29613,-0.76122,0.35337
-0.36923,0.86493,-0.33995,0.1723,0.18346,0.08824
-0.33374,0.85782,-0.39084,0.12703,0.60376,-0.17945
-0.29367,0.86706,-0.40244,0.08911,1.43973,-0.37253
-0.31819,0.86713,-0.3832,-2.28221,2.11316,0.68412
-0.28724,0.88325,-0.37062,-1.58954,0.68703,1.12016
-0.27431,0.90002,-0.33871,0.18655,-0.48435,1.03312
-0.26478,0.92837,-0.26082,0.21,-1.48376,1.64793
-0.28614,0.94522,-0.15708,0.07511,-1.57601,1.3557
-0.34929,0.93414,-0.07329,-0.4029,-0.04179,0.94791
-0.43639,0.89922,-0.03097,-1.37769,0.91966,0.65565
-0.49595,0.86835,-0.00249,-1.48972,1.60286,1.23064
-0.53746,0.83943,0.0806,2.06507,2.70559,-1.82147
-0.56238,0.81668,0.12951,1.78813,1.44034,-1.1531
-0.57313,0.80607,0.14756,1.50587,1.05477,-0.71819
-0.57562,0.80414,0.14839,0.56992,0.03329,-0.31761
-0.57588,0.80307,0.15311,0.2415,-0.57539,-0.61022
-0.57739,0.80425,0.14075,0.35406,-0.53571,-0.53618
-0.57301,0.80816,0.13618,1.14408,-0.76899,0.17213
-0.55719,0.82354,0.10634,1.54641,-0.98564,-0.16803
-0.53262,0.84511,0.04578,1.36046,-0.88987,-0.4677
-0.50245,0.86404,-0.03132,0.29479,-0.38919,-0.61159
-0.47553,0.87276,-0.11031,-0.33605,0.62756,0.62355
-0.44059,0.87675,-0.19286,-0.50958,0.7224,0.82592
-0.39461,0.87697,-0.27423,-0.7961,1.19201,-0.10315
-0.36601,0.86598,-0.34076,-0.34318,2.16086,-0.37802
-0.32827,0.85811,-0.39481,-0.1388,2.67324,-0.26422
-0.27239,0.85223,-0.44666,-0.31839,1.75103,0.30673
-0.23516,0.83349,-0.49999,-0.73698,0.56353,0.26721
-0.22297,0.80558,-0.54893,-0.56082,0.37711,0.34602
-0.24424,0.77526,-0.58251,0.16172,0.04264,0.61568
-0.28624,0.74949,-0.59693,0.33061,-0.13912,0.56635
-0.32485,0.73781,-0.5917,0.31685,-0.81906,0.44509
-0.34486,0.74587,-0.56987,0.11471,-2.24276,0.62445
-0.34132,0.77471,-0.53229,0.16284,-2.05431,0.95076
-0.33276,0.81908,-0.46731,0.17362,-1.66486,0.91995
-0.33353,0.85708,-0.39264,0.22025,-0.93419,0.52058
-0.34214,0.87549,-0.34126,0.36712,-0.48609,0.12069
-0.33383,0.87488,-0.35092,0.46022,-0.18599,0.03646
-0.29338,0.87815,-0.37787,0.53275,0.47812,-0.21667
-0.26976,0.90032,-0.34153,0.23891,0.28521,0.43112
-0.32106,0.8745,-0.36357,-2.79719,3.42763,-2.14673
-0.30779,0.88804,-0.34155,-2.48673,1.52985,1.7541
-0.29105,0.91516,-0.27887,0.45003,-0.83795,0.73183
-0.27184,0.94297,-0.19211,0.56611,-1.08944,1.288
-0.27869,0.95636,-0.08777,0.38434,-1.0784,0.878
-0.35536,0.93471,0.00609,0.08383,0.45894,1.19042
-0.45273,0.89058,0.04365,-0.61331,0.55258,0.90879
-0.49924,0.86428,0.06143,-0.17343,2.08829,0.62387
-0.529,0.83984,0.12179,1.1269,1.9713,-2.33578
-0.5436,0.82357,0.16197,0.91072,1.2837,-2.11737
-0.54786,0.81713,0.1793,0.58732,0.08231,-0.25355
-0.55402,0.8123,0.1823,0.37987,-0.10763,-0.77596
-0.5653,0.80795,0.16629,0.46662,-0.1264,-1.03909
-0.56748,0.81088,0.14297,1.08396,-0.40794,0.02001
-0.552,0.82269,0.1359,1.23746,-0.69653,0.53845
-0.52895,0.84229,0.10376,1.37699,-0.92255,0.40444
-0.50377,0.86326,0.03173,0.76161,-0.65476,-0.97119
-0.46928,0.88167,-0.04929,0.17545,-0.29717,-0.35881
-0.43882,0.88981,-0.12522,-0.37177,0.61405,0.77795
-0.40326,0.89032,-0.21147,-0.79804,0.83171,0.16272
-0.36547,0.88385,-0.29197,-1.04612,1.73155,-0.46021
-0.34743,0.86781,-0.35526,-0.83884,2.15337,-0.58568
-0.31119,0.85757,-0.40955,-0.25256,2.2607,0.12421
-0.25068,0.85075,-0.46194,-0.44172,1.37656,0.16567
-0.20159,0.83763,-0.50768,-0.67054,0.70449,0.30709
-0.18426,0.81544,-0.54872,-0.38651,0.24205,0.58789
-0.21931,0.78249,-0.58276,0.12977,0.1087,0.78888
-0.27351,0.75391,-0.59734,0.33152,-0.11844,0.7355
-0.30971,0.74993,-0.58453,0.39781,-1.63378,0.17815
-0.32176,0.771,-0.54957,0.28403,-2.50109,0.59907
-0.30322,0.81471,-0.49428,0.27131,-2.57448,0.8687
-0.28942,0.85863,-0.42308,0.04459,-1.43425,0.83223
-0.29854,0.88325,-0.36159,0.09603,-0.99772,0.40709
-0.31504,0.88675,-0.33827,0.30428,-0.46355,0.04576
-0.3088,0.86872,-0.38727,0.5779,0.72021,-0.42928
-0.27454,0.87099,-0.40744,0.02601,0.97502,0.04679
-0.29974,0.88014,-0.36811,-1.2792,2.77841,0.09562
-0.32702,0.87189,-0.36451,-3.31524,2.62339,1.12111
-0.287,0.90378,-0.31751,-0.11717,-0.44862,0.82206
-0.27408,0.9278,-0.2531,0.37648,-0.81666,1.06247
-0.2586,0.95081,-0.17056,0.55311,-1.43659,1.11517
-0.28481,0.95583,-0.07262,0.15887,-0.51139,0.8447
-0.35517,0.93465,-0.01682,0.02614,0.07623,0.88881
-0.42826,0.9032,-0.02868,-1.12229,1.04288,1.16234
-0.48252,0.87585,0.00826,-0.27336,2.08468,-1.01087
-0.51476,0.85381,0.07763,1.41228,1.6074,-2.01805
-0.52934,0.84196,0.10437,1.21903,0.69826,-0.7984
-0.53935,0.83422,0.1148,0.68598,-0.2239,-0.44366
-0.547,0.82914,0.1154,0.60728,-0.31243,-0.39442
-0.55678,0.82436,0.10214,0.50267,-0.42838,-0.48414
-0.56047,0.82453,0.07756,0.67809,-0.43781,0.24372
-0.55555,0.8287,0.06802,0.77791,-0.52171,0.45551
-0.54375,0.83821,0.04167,1.00447,-0.67311,-0.617
-0.52138,0.85323,-0.01257,0.57234,-0.53008,-0.49423
-0.49722,0.86498,-0.0677,0.31296,-0.56348,0.05485
-0.46714,0.8751,-0.12643,-0.11703,0.4436,0.96587
-0.4325,0.8801,-0.19588,-0.35945,0.89262,0.6886
-0.39524,0.88232,-0.25554,-0.57139,1.54812,0.63214
-0.35589,0.87708,-0.3226,0.14189,2.3498,-0.32526
-0.30225,0.87209,-0.38485,-0.08485,2.3206,-0.02372
-0.24202,0.87164,-0.42624,-0.85684,1.44718,0.18953
-0.20521,0.85389,-0.47829,-1.26571,0.77314,0.20745
-0.18908,0.81926,-0.54135,-1.12322,0.47708,0.28975
-0.19485,0.78371,-0.58978,-0.38577,-0.16478,0.45129
-0.20909,0.75879,-0.61686,-0.04092,-0.47208,0.67051
-0.21464,0.74991,-0.62576,0.09717,-0.96589,0.41842
-0.21277,0.75756,-0.61711,0.10082,-1.11567,0.37555
-0.2231,0.77858,-0.58654,0.28926,-1.66292,0.36341
-0.24749,0.80895,-0.53324,0.33033,-1.37961,0.18936
-0.27961,0.83741,-0.46964,0.43009,-1.24454,0.0193
-0.32245,0.85158,-0.41332,0.68114,-0.31786,-0.24728
-0.35297,0.84895,-0.39331,0.29346,0.52242,-0.2531
-0.35058,0.84215,-0.40973,-0.02851,0.77557,-0.18832
-0.33218,0.83894,-0.43108,0.45776,0.05479,-0.06216
-0.30901,0.84428,-0.43784,0.18013,0.31052,1.15738
-0.29891,0.855,-0.42383,-0.7232,0.85023,1.35797
-0.33823,0.81222,-0.47529,-2.81723,2.32003,1.26452
-0.30254,0.82753,-0.47293,-0.38934,0.09882,0.74915
-0.27319,0.86755,-0.41561,0.15662,-0.56263,0.90267
-0.2389,0.90712,-0.34651,0.99816,-0.95085,1.00102
-0.22234,0.94128,-0.25409,0.3722,-0.6056,0.67551
-0.25122,0.94931,-0.18895,0.00909,-0.05415,0.82015
-0.28719,0.94164,-0.17558,-1.30649,0.84597,0.0351
-0.30803,0.94095,-0.14045,0.15953,-0.14055,0.27871
-0.33735,0.93694,-0.09131,0.18885,-0.13654,0.22957
-0.36882,0.92853,-0.04241,0.50532,0.00277,0.16007
-0.39675,0.9178,-0.01495,0.55852,0.1712,0.0263
-0.42768,0.9038,0.01517,0.51847,-0.00787,-0.07103
-0.44974,0.89174,0.05035,0.55411,-0.17322,-0.17707
-0.46818,0.88008,0.07923,0.5505,-0.35168,-0.1239
-0.48622,0.86778,0.10272,0.52643,-0.16122,-0.41441
-0.5009,0.85725,0.11929,0.62893,-0.06249,-0.39029
-0.5078,0.85145,0.13101,0.70934,0.16513,0.04788
-0.51529,0.84614,0.1361,0.59389,0.35117,-0.02972
-0.51734,0.84549,0.1323,0.47533,0.26639,-0.5808
-0.51367,0.85023,0.1151,0.43565,0.032,-0.55631
-0.50772,0.85744,0.0838,0.42979,0.00711,-0.45094
-0.50456,0.8627,0.03405,0.31842,0.03641,0.71577
-0.49047,0.87141,-0.0093,0.04178,0.51464,0.81736
-0.46227,0.88567,-0.04343,0.01687,0.85554,0.56336
-0.43196,0.89816,-0.082,0.01654,1.24801,0.18448
-0.40119,0.90743,-0.12497,-0.17849,1.4076,0.23264
-0.36172,0.91581,-0.17453,-0.51341,1.40646,-0.00875
-0.31225,0.92264,-0.22636,-1.20087,1.13176,-0.26937
-0.25848,0.92583,-0.27573,-1.02403,-0.11663,0.17422
-0.20608,0.92896,-0.3075,-0.77327,-0.18723,0.26874
-0.14951,0.9229,-0.35483,0.35369,0.03673,0.31556
-0.10959,0.90461,-0.41191,-0.04578,-0.16096,0.29562
-0.08868,0.88518,-0.45672,-0.11644,-0.32131,0.4165
-0.08349,0.86648,-0.49219,-0.03691,-0.56678,0.73267
-0.09617,0.84527,-0.52562,0.12522,-0.53028,0.7484
-0.10983,0.82289,-0.55748,0.08716,-0.48711,0.74289
-0.11196,0.80802,-0.57842,-0.12023,-0.58725,0.54479
-0.1117,0.80195,-0.58686,-0.17552,-0.83318,0.38405
-0.11925,0.80047,-0.5874,-0.1435,-0.91738,0.26548
-0.14598,0.80641,-0.57305,0.19076,-0.97064,0.24364
-0.19932,0.82057,-0.53566,0.29012,-0.86818,0.17803
-0.26793,0.83222,-0.48541,0.36562,-0.26001,-0.49754
-0.32411,0.83098,-0.45213,0.64292,0.91223,-0.69604
-0.34404,0.82154,-0.45465,0.22528,1.91604,-0.45566
-0.33777,0.82049,-0.4612,0.11308,1.66822,-0.5373
-0.319,0.83173,-0.45438,0.18044,-0.20993,-0.26995
-0.2864,0.83987,-0.46108,-0.59131,0.23556,-0.7074
-0.26922,0.83551,-0.479,-1.17693,1.45673,-0.56656
-0.30581,0.81271,-0.49597,-0.73996,1.20622,0.58879
-0.29473,0.80589,-0.5135,0.63065,-0.79554,1.43708
-0.28462,0.82775,-0.48356,0.7201,-1.31658,0.86634
-0.29446,0.84326,-0.44966,0.01249,-0.34687,0.48717
-0.30067,0.86533,-0.401,-0.25393,-0.19159,1.04208
-0.30897,0.89309,-0.32701,-0.24562,-0.21935,0.96809
-0.33616,0.90612,-0.25678,-0.26046,0.16565,1.20012
-0.38117,0.90006,-0.2112,-0.62597,0.61775,0.96897
-0.41507,0.88944,-0.19136,0.43917,0.07292,0.12358
-0.43738,0.87375,-0.21273,0.87779,0.04821,-1.37478
-0.4528,0.87077,-0.19169,0.94256,0.30758,0.06438
-0.45332,0.87713,-0.15857,0.37976,0.29619,0.19914
-0.45195,0.88234,-0.13125,0.11158,0.11788,0.09765
-0.45215,0.88615,-0.10148,-0.11387,-0.03564,0.06259
-0.44984,0.8903,-0.07082,-0.05773,-0.10366,-0.03898
-0.44799,0.89287,-0.04568,-0.01906,-0.02271,0.12193
-0.44471,0.89515,-0.03059,0.45388,0.08467,0.25077
-0.46203,0.8864,-0.0288,0.67533,6e-05,0.01917
-0.48601,0.87384,-0.01395,0.46652,-0.21649,-0.21437
-0.4932,0.8699,0.00562,0.25238,-0.335,0.07441
-0.49091,0.87111,0.01342,0.22417,-0.10508,0.06922
-0.49173,0.87047,0.02187,0.20431,0.07135,-0.05213
-0.49322,0.86937,0.03038,0.1706,0.04306,-0.10198
-0.49396,0.86896,0.03016,0.05801,0.36933,-0.17327
-0.49651,0.86736,0.03411,0.23005,0.21191,-0.23136
-0.49762,0.86684,0.03094,0.21648,0.49819,-0.02921
-0.49514,0.86862,0.01808,0.29206,0.49781,-0.01319
-0.48625,0.87378,-0.00797,0.65541,0.50611,-0.0992
-0.47352,0.87927,-0.05169,0.16541,0.4603,0.10176
-0.44962,0.88659,-0.10866,0.06772,0.42956,0.19713
-0.42366,0.88759,-0.1808,-0.12482,0.56242,0.23966
-0.40414,0.88009,-0.24924,-0.23023,0.5832,0.38463
-0.38935,0.86943,-0.30413,-0.26936,0.58607,0.46458
-0.37249,0.85942,-0.35022,-0.25318,0.53048,0.28631
-0.35953,0.85238,-0.37972,0.11276,0.28561,0.18381
-0.34685,0.85113,-0.39404,0.25197,0.30226,0.08482
-0.33304,0.85404,-0.39962,0.06028,0.28751,0.25283
-0.31228,0.85819,-0.40742,-0.23292,0.08526,0.31144
-0.28763,0.8639,-0.41345,-0.32391,-0.00334,0.45803
-0.26472,0.87026,-0.41541,-0.31287,-0.29867,0.49249
-0.24752,0.87761,-0.41053,-0.20002,-0.29884,0.39352
-0.23271,0.88661,-0.39972,-0.13655,-0.30876,0.44663
-0.21714,0.89664,-0.38585,0.08271,-0.48255,0.46741
-0.20537,0.90662,-0.3686,0.20558,-0.52599,0.42676
-0.20337,0.91497,-0.34853,0.21516,-0.56957,0.37487
-0.21157,0.92061,-0.32821,-0.05825,-0.3318,0.37115
-0.23059,0.92283,-0.30858,-0.15081,-0.27799,0.2773
-0.26194,0.9206,-0.28962,0.03016,-0.27239,0.16778
-0.30257,0.91423,-0.26951,0.01513,0.2799,0.16006
-0.33422,0.90899,-0.24908,-0.0017,0.12001,0.24673
-0.35443,0.90342,-0.24127,-0.14113,-0.12353,0.28697
-0.37667,0.89074,-0.25438,0.10078,0.28047,-0.58299
-0.38979,0.8807,-0.26914,0.4813,0.60868,-0.67805
-0.38517,0.88328,-0.26733,0.7889,0.52305,-0.3181
-0.37156,0.8927,-0.25499,0.47746,0.36108,0.01459
-0.35849,0.89818,-0.25446,0.18618,0.03134,-0.03408
-0.35065,0.89945,-0.26084,0.25182,0.16227,-0.00079
-0.3454,0.899,-0.26925,0.02703,0.46508,0.45573
-0.34601,0.89907,-0.26824,-0.41116,0.2208,0.71186
-0.34922,0.89928,-0.26334,-0.98007,0.16679,0.55005
-0.34729,0.89708,-0.27319,-0.88489,0.40556,-0.20047
-0.33541,0.89505,-0.29392,-0.71922,0.11083,-0.09043
-0.31741,0.89624,-0.30986,-0.41602,0.44387,-0.01654
-0.29911,0.903,-0.30843,0.14012,0.41573,0.57436
-0.26783,0.91458,-0.303,0.71624,0.21945,0.61786
-0.2266,0.92887,-0.293,0.40383,0.06783,0.47893
-0.16976,0.94508,-0.27931,0.21131,0.17736,0.36998
-0.10015,0.9614,-0.25628,0.38371,0.1162,0.21834
-0.03808,0.97554,-0.2165,0.40622,0.06975,0.01139
-0.00845,0.98786,-0.15513,0.93003,-0.23307,-0.28163
-0.05389,0.99031,-0.12796,0.04083,-0.74317,-0.70584
-0.13155,0.98412,-0.11915,-0.4031,-0.73196,-1.08293
-0.203,0.9758,-0.08125,-0.36459,-0.5766,0.70932
-0.23458,0.96923,-0.07466,-0.17391,-0.5725,0.60112
-0.2431,0.96345,-0.11254,0.04918,-0.40579,0.58414
-0.2578,0.95323,-0.15775,0.09669,-0.30355,-0.05158
-0.29085,0.93845,-0.18634,0.24857,-0.00499,-0.38997
-0.35087,0.91805,-0.18457,0.65007,0.56432,-0.16571
-0.4109,0.88971,-0.19893,-0.22995,0.85904,-0.13633
-0.42304,0.88101,-0.2118,-0.09269,0.55861,-0.01698
-0.41649,0.88372,-0.21349,-0.28781,-0.33796,0.31995
-0.40521,0.89194,-0.20064,-0.37299,-0.15825,0.44287
-0.39568,0.89968,-0.18446,-0.2872,0.09721,0.29414
-0.38352,0.90685,-0.17475,0.2112,0.47512,0.04718
-0.37032,0.91505,-0.15987,0.40152,0.30547,0.01377
-0.35913,0.92136,-0.14873,0.40681,0.06407,0.02947
-0.35684,0.92243,-0.14761,0.00585,-0.33086,0.47394
-0.36536,0.91826,-0.1527,-0.26457,0.04329,0.69672
-0.37897,0.90975,-0.1695,-0.09673,0.21692,0.49796
-0.3749,0.90503,-0.20091,-0.0091,0.25041,0.29624
-0.35471,0.90417,-0.23804,-0.07852,0.18894,-0.17882
-0.32011,0.90936,-0.26568,-0.05662,0.22232,-0.17688
-0.27515,0.92061,-0.27708,-0.0098,0.19995,-0.1368
-0.23035,0.93177,-0.28061,0.1168,0.17619,0.03063
-0.20078,0.93709,-0.28559,-0.06215,0.21269,0.02025
-0.17488,0.93986,-0.29338,0.00651,0.34053,0.01869
-0.14919,0.94244,-0.29924,0.34972,-0.04841,-0.07349
-0.12766,0.94368,-0.30524,0.28663,0.06479,0.07024
-0.11611,0.94136,-0.31678,0.37979,0.06524,0.19108
-0.10624,0.9384,-0.32882,0.03239,-0.33687,0.18053
-0.10355,0.93653,-0.33496,-0.25842,-0.36827,0.22943
-0.11156,0.93444,-0.33819,-0.24675,-0.31178,0.24507
-0.12259,0.93345,-0.3371,0.17372,0.01204,0.15576
-0.12594,0.93502,-0.33148,0.35227,0.57717,-0.10115
-0.11504,0.93771,-0.32782,0.30492,0.51664,-0.13226
-0.08191,0.94135,-0.32733,0.11607,0.65685,-0.04456
-0.03581,0.94459,-0.32631,0.33444,0.58737,0.13765
0.00772,0.94754,-0.31953,0.40305,0.68319,-0.07605
0.05325,0.94839,-0.31262,0.16967,0.17675,-0.10744
0.09908,0.94664,-0.30667,0.14749,0.7104,0.50015
0.14646,0.9401,-0.30782,0.42412,-0.03837,0.05472
0.20111,0.93191,-0.30181,-0.14804,0.13585,0.0912
0.21861,0.93325,-0.28505,0.01518,-0.44422,-0.14088
0.24915,0.92622,-0.2829,-0.08028,-0.59192,-0.32204
0.28103,0.9182,-0.27916,-0.18762,0.02447,0.00845
0.30616,0.9144,-0.26482,0.21589,0.08598,-0.02296
0.33009,0.9096,-0.25231,0.15956,0.02925,-0.2091
0.35698,0.89905,-0.25353,-0.016,0.0556,0.08526
0.38576,0.87911,-0.27991,-0.12671,-0.25454,0.1216
0.4144,0.86218,-0.2914,-0.40367,0.12511,0.22114
0.43593,0.84899,-0.29862,-0.45186,0.13404,0.09771
0.45539,0.84028,-0.29419,0.03083,-0.2277,0.15462
0.47549,0.8341,-0.27962,0.01691,-0.31695,-0.17045
0.49546,0.82506,-0.27164,0.16413,-0.39101,-0.03195
0.51794,0.8147,-0.26078,0.18845,-0.41751,-0.18973
0.54151,0.80194,-0.25231,0.13853,-0.42217,-0.46932
0.57052,0.78353,-0.24613,0.10982,-0.12449,-0.02358
0.61892,0.75004,-0.23317,0.23783,-0.2861,0.11381
0.66272,0.71424,-0.22507,0.22205,-0.30191,0.11681
0.68813,0.68816,-0.23004,0.23109,-0.15068,0.12242
0.71113,0.65773,-0.24836,0.23522,-0.1392,0.27073
0.73213,0.62212,-0.27741,0.23148,-0.18778,0.28427
0.7502,0.58724,-0.30389,0.25224,-0.20353,0.063
0.76173,0.55458,-0.33499,0.24286,-0.17894,-0.00034
0.76845,0.518,-0.37572,0.15735,-0.18551,-0.03744
0.77056,0.48025,-0.41904,0.07293,-0.3242,-0.18963
0.76046,0.44324,-0.4746,0.03671,-0.15282,-0.15381
0.74651,0.40647,-0.52679,0.05683,0.21643,0.08538
0.74443,0.36251,-0.56073,0.07474,-0.00802,0.38652
0.73126,0.32221,-0.6012,0.10312,-0.03766,0.36959
0.70568,0.2763,-0.65244,0.20431,-0.07788,0.32699
0.65577,0.24426,-0.71436,0.24133,0.07696,0.20781
0.61245,0.23113,-0.75597,-0.04644,0.29845,0.10315
0.56967,0.18491,-0.8008,-0.2854,0.14499,-0.1115
0.50387,0.14134,-0.85214,-0.00153,0.15787,-0.28501
