gravity.x,gravity.y,gravity.z,userAcceleration.x,userAcceleration.y,userAcceleration.z
-0.13278,0.98314,0.12574,0.49827,-1.06102,-0.20635
-0.1064,0.99044,0.08777,0.47544,-1.16206,-0.17714
-0.0737,0.99645,0.04059,0.46211,-0.97016,-0.17364
-0.0414,0.99886,-0.02363,0.29667,-0.71503,-0.08112
-0.01063,0.99456,-0.10361,0.0777,-0.46046,0.31322
0.0176,0.97881,-0.20401,-0.30717,0.02513,-0.04851
0.0315,0.94119,-0.3364,0.01795,3.35689,0.2429
0.04068,0.8933,-0.44762,-0.2773,2.48933,0.34009
0.05697,0.84886,-0.52554,-1.14339,0.57484,-0.62716
0.07991,0.82527,-0.55905,-0.24402,0.9313,-0.46878
0.11915,0.81631,-0.56519,-0.07581,0.83953,-0.24673
0.1598,0.82019,-0.54931,-0.03483,0.48755,-0.24439
0.16958,0.83511,-0.5233,0.18744,-0.79466,-0.40242
0.17579,0.85514,-0.48768,0.5244,-1.25599,-0.11434
0.19067,0.87003,-0.45463,0.14713,-1.09011,0.24272
0.18623,0.87611,-0.4447,-0.28208,-1.09791,0.60734
0.16427,0.88174,-0.44222,-0.30355,-1.22541,0.63797
0.14804,0.88974,-0.4318,-0.33206,-1.12132,0.66621
0.14795,0.89987,-0.41029,-0.34734,-0.93308,0.54585
0.1628,0.91071,-0.37961,-0.4516,-0.88227,0.57453
0.19062,0.91902,-0.34507,-0.63906,-0.64114,0.45082
0.20575,0.92079,-0.33139,-0.50799,0.43302,0.02385
0.20672,0.92256,-0.32581,-1.27567,2.90699,0.18673
0.16822,0.94208,-0.29015,0.35464,1.556,0.20011
0.1614,0.95587,-0.2455,1.23113,-0.16838,-0.29569
0.15151,0.97223,-0.17839,1.16784,-0.31634,0.17061
0.10841,0.98827,-0.10754,1.0615,0.04041,-0.0322
0.03904,0.99881,-0.02929,0.97117,0.71039,-0.1258
-0.03125,0.99879,0.03791,0.30397,1.40886,0.02384
-0.0786,0.991,0.10831,-0.04463,0.18459,-0.44544
-0.12569,0.97801,0.16645,-0.01419,0.35787,-0.42852
-0.15965,0.96723,0.19744,-0.26721,0.44803,-0.44512
-0.18087,0.96263,0.20159,0.11751,-0.56341,0.02176
-0.1926,0.96369,0.18497,0.39689,-0.8452,-0.09962
-0.18571,0.96958,0.15946,0.54185,-1.04923,-0.31403
-0.16093,0.97994,0.11758,0.55128,-0.87692,-0.19093
-0.12946,0.9895,0.06428,0.50261,-0.77116,-0.00692
-0.09677,0.9953,-0.00234,0.40453,-0.66974,0.28438
-0.05994,0.99466,-0.08398,0.19614,0.77533,-0.28678
-0.02442,0.9797,-0.19897,0.25878,2.25562,0.0826
-0.02356,0.94667,-0.32134,-0.28354,2.46902,0.53977
-0.01247,0.90675,-0.42149,-0.9578,1.08707,-0.06103
0.01332,0.87899,-0.47665,-0.88754,0.74526,-0.55275
0.05792,0.86225,-0.50316,-0.38017,0.84658,-0.13365
0.11346,0.85284,-0.50969,-0.33987,0.63817,-0.02737
0.14253,0.85293,-0.50219,0.03331,0.21395,0.02631
0.15437,0.85908,-0.48801,0.38181,-0.97729,-0.02814
0.16165,0.87125,-0.46346,0.2859,-1.37094,0.44895
0.15774,0.87894,-0.4501,0.08544,-1.38008,0.44384
0.13631,0.88393,-0.44731,-0.33661,-1.36571,0.5034
0.11841,0.89358,-0.43301,-0.26325,-1.34751,0.56153
0.1206,0.90621,-0.40527,-0.3068,-1.19402,0.60226
0.14074,0.91807,-0.3706,-0.30651,-0.97773,0.40287
0.17371,0.92722,-0.3318,-0.35096,-1.00438,0.42499
0.20742,0.93336,-0.29294,-0.71997,-0.53614,-0.23438
0.21631,0.9266,-0.30761,-0.76797,1.49257,-0.30359
0.1975,0.93248,-0.30245,-1.26954,3.62349,0.27295
0.15082,0.95317,-0.26214,0.84381,1.63978,0.41361
0.14356,0.96525,-0.21838,1.36071,-0.53685,-0.14911
0.11603,0.98218,-0.14782,0.9853,-0.15761,0.19844
0.05435,0.99599,-0.07111,0.85519,0.20534,0.10011
-0.01747,0.99984,0.00338,0.40309,1.56269,-0.09794
-0.075,0.9946,0.07174,-0.20515,0.62746,-0.20271
-0.11921,0.98264,0.14214,-0.16524,0.11138,-0.43627
-0.15719,0.97001,0.18541,-0.40392,0.38113,-0.31862
-0.17968,0.96272,0.20222,-0.17404,-0.08386,0.01927
-0.19446,0.96295,0.18687,0.37769,-0.74937,0.00127
-0.19279,0.96809,0.16013,0.57641,-0.98858,-0.16454
-0.16875,0.9779,0.12346,0.71376,-1.09812,-0.62359
-0.1306,0.98873,0.07319,0.65243,-0.95376,-0.3695
-0.09245,0.9957,0.00502,0.38942,-0.51974,0.33305
-0.05395,0.99543,-0.0788,0.07199,0.27985,-0.20328
-0.011,0.98198,-0.18865,0.3683,1.59279,0.00276
-0.00146,0.94568,-0.32509,0.12581,3.17082,0.51669
-0.00347,0.89422,-0.44762,-0.65102,1.30863,0.11984
0.00868,0.85042,-0.52604,-0.87913,0.81104,-0.73001
0.03612,0.82527,-0.56358,-0.40183,1.05046,-0.30679
0.07858,0.81307,-0.57684,-0.30116,0.74812,-0.20507
0.10098,0.81569,-0.5696,-0.08943,0.2196,0.06809
0.10801,0.8317,-0.54463,0.07133,-0.81204,-0.18894
0.11642,0.85559,-0.50439,0.16077,-1.31259,0.15108
0.11988,0.87163,-0.47528,0.07212,-1.56095,0.41636
0.10789,0.87856,-0.46529,-0.37855,-1.39972,0.48493
0.09334,0.88617,-0.45387,-0.14718,-1.33304,0.61831
0.0953,0.896,-0.43371,-0.08531,-1.1182,0.66052
0.11562,0.9051,-0.40919,-0.17612,-0.87638,0.58231
0.15645,0.90721,-0.3905,-0.36487,-0.53245,0.58869
0.20638,0.89908,-0.38609,-0.46447,0.09053,-0.27335
0.2332,0.89899,-0.37073,-0.69192,0.61819,-0.09869
0.21613,0.91486,-0.34105,-0.87615,3.22903,0.37277
0.18041,0.94114,-0.28583,0.57586,0.5342,0.18271
0.15836,0.96329,-0.21679,0.79843,-0.49628,0.5023
0.1154,0.98394,-0.13618,0.74716,-0.1227,0.39025
0.04057,0.9975,-0.0578,1.18523,1.36092,-0.10506
-0.02621,0.99953,0.01569,0.17173,0.87072,-0.05932
-0.06886,0.99332,0.09256,-0.07553,0.11625,-0.41864
-0.11758,0.98231,0.14578,0.04039,0.43092,-0.53564
-0.14934,0.97124,0.18544,-0.08687,0.25625,-0.50576
-0.17193,0.96297,0.20767,0.18894,-0.33155,-0.15192
-0.18452,0.96112,0.20543,0.60135,-0.92429,0.00673
-0.17598,0.96569,0.19101,0.63274,-1.24658,-0.36883
-0.14475,0.97681,0.15776,0.57589,-1.06875,-0.46977
-0.10365,0.9891,0.10455,0.4309,-0.76486,-0.30789
-0.06381,0.99741,0.0332,0.29303,-0.52306,0.37187
-0.02714,0.99816,-0.05413,-0.31412,0.10364,-0.10778
0.00637,0.98483,-0.17342,-0.17427,0.70687,-0.33178
0.01137,0.94942,-0.3138,-0.24933,2.8197,0.55832
0.03491,0.90164,-0.43108,-0.55963,1.5311,0.45019
0.06871,0.86292,-0.50065,-1.05609,0.87196,-0.36753
0.11949,0.8368,-0.53431,-0.34436,0.90517,-0.13628
0.1791,0.81621,-0.54929,-0.23466,0.79801,-0.25674
0.20862,0.80798,-0.55105,-0.08665,0.36004,0.00365
0.21558,0.81193,-0.54248,0.10004,-0.88588,-0.28601
0.22843,0.82739,-0.51307,0.41486,-1.23491,0.07434
0.23919,0.84122,-0.48491,-0.06672,-1.54062,0.3656
0.22971,0.84786,-0.47787,-0.61867,-1.23821,0.53282
0.21336,0.85791,-0.46741,-0.43075,-1.51515,0.76986
0.20997,0.8712,-0.44376,-0.41181,-1.38025,0.80992
0.21762,0.88517,-0.41123,-0.39938,-1.04539,0.51656
0.23134,0.89745,-0.37558,-0.31713,-0.87539,0.62477
0.25482,0.90938,-0.32879,-0.51478,-0.81642,0.8668
0.26355,0.91608,-0.30222,-0.51587,-0.07972,-0.50816
0.25692,0.91504,-0.31097,-1.26025,3.19033,-0.00423
0.20372,0.94558,-0.25374,-0.01698,2.56721,0.77631
0.21381,0.95475,-0.20674,1.12364,-0.07662,-0.52896
0.21606,0.96715,-0.13394,1.00411,-0.71013,0.05207
0.17774,0.98194,-0.06482,0.9541,-0.36216,0.12378
0.10691,0.99424,0.00762,0.87188,0.58494,0.01469
0.03582,0.99697,0.06898,0.14464,1.40567,-0.09016
-0.01671,0.9906,0.13579,-0.45832,0.49401,-0.3167
-0.06379,0.97934,0.19192,-0.2595,0.39962,-0.53994
-0.09892,0.97017,0.22131,-0.43477,0.36451,-0.39846
-0.1195,0.96861,0.21797,-0.1798,0.15581,-0.23755
-0.1257,0.9718,0.19952,0.63794,-0.91763,-0.1482
-0.1066,0.98004,0.16778,0.67023,-1.22348,-0.44665
-0.07063,0.99081,0.11534,0.58287,-1.16234,-0.33028
-0.03222,0.99836,0.04721,0.46194,-0.88345,0.19799
0.00799,0.99929,-0.03693,-0.11779,-0.29068,-0.08925
0.05293,0.98827,-0.14325,-0.05365,0.2429,-0.25128
0.0784,0.95561,-0.28403,0.12898,3.27425,0.10077
0.08641,0.90888,-0.40801,-0.44598,2.36743,0.52206
0.09924,0.86326,-0.4949,-0.80945,0.75954,-0.23467
0.11828,0.82851,-0.54735,-0.36447,1.00914,-0.06053
0.15091,0.79793,-0.58355,0.05125,0.70489,-0.33524
0.17023,0.78008,-0.60207,-0.01036,0.42863,-0.10151
0.16546,0.78416,-0.5981,-0.0173,-0.76566,-0.15848
0.16171,0.80454,-0.57145,-0.00449,-0.9974,-0.08243
0.16803,0.82844,-0.53428,-0.04141,-1.47355,0.46036
0.16792,0.84059,-0.51498,-0.63658,-1.27672,0.44966
0.15841,0.84801,-0.50575,-0.38373,-1.46782,0.66612
0.15846,0.85839,-0.48791,-0.27776,-1.40156,0.8094
0.17662,0.87277,-0.45505,-0.21796,-1.19934,0.57433
0.20801,0.8861,-0.4142,-0.15581,-0.87436,0.43653
0.24545,0.90092,-0.35791,-0.40655,-0.9999,0.45044
0.26718,0.91827,-0.29223,-0.77775,-1.03487,0.95947
0.26807,0.9196,-0.28717,-0.67469,0.84451,-0.24803
0.23571,0.93599,-0.26148,-0.82458,4.9283,0.32668
0.19414,0.95767,-0.21254,1.15905,1.40764,0.50558
0.21011,0.96368,-0.16482,1.08943,-0.75528,-0.45078
0.1976,0.97508,-0.10083,0.86293,-0.83223,-0.05643
0.13697,0.98979,-0.0395,0.63983,0.00173,0.0322
0.05278,0.9982,0.02853,0.55921,0.71748,0.07422
-0.02174,0.99581,0.08885,-0.07274,1.45689,0.29302
-0.07222,0.98296,0.16902,-0.11387,0.54044,-0.28136
-0.11621,0.96655,0.22862,-0.116,0.50284,-0.68892
-0.14731,0.95758,0.24768,-0.34505,0.32802,-0.47114
-0.16439,0.95812,0.23449,0.14626,-0.37157,-0.17214
-0.16487,0.96317,0.21243,0.73514,-0.9126,-0.32243
-0.13894,0.97418,0.17796,0.72026,-1.12069,-0.3713
-0.10157,0.987,0.12452,0.61827,-1.04664,-0.12792
-0.06276,0.99641,0.05674,0.40404,-0.62228,0.15069
-0.01733,0.99932,-0.03266,-0.05556,-0.01313,-0.11376
0.02791,0.98729,-0.15646,0.50713,1.56459,-0.24863
0.04113,0.95144,-0.30508,0.14599,3.36919,0.40598
0.05209,0.90193,-0.42872,-0.66071,1.27842,0.43481
0.06738,0.85619,-0.51225,-0.79853,0.74871,-0.42696
0.09767,0.81548,-0.57049,-0.33402,0.99531,-0.2562
0.14442,0.78452,-0.60305,-0.12008,0.96401,-0.41001
0.15049,0.77141,-0.61829,-0.02227,0.75608,-0.13482
0.13667,0.78532,-0.60381,-0.04179,-0.70164,-0.07465
0.13092,0.81991,-0.55733,0.23088,-1.5402,-0.03226
0.12537,0.85009,-0.51149,0.22314,-1.83047,0.32199
0.11537,0.864,-0.49009,-0.45639,-1.47707,0.38925
0.11027,0.87139,-0.47804,-0.45298,-1.49555,0.66681
0.11845,0.88052,-0.45896,-0.26199,-1.24747,0.82632
0.13478,0.89343,-0.4285,-0.40941,-0.98709,0.49389
0.16079,0.90507,-0.3937,-0.28403,-0.81931,0.37353
0.19834,0.91577,-0.34932,-0.17804,-0.71872,0.33179
0.23199,0.92749,-0.29316,-0.76553,-0.39748,0.07879
0.24053,0.92077,-0.30713,-0.39827,0.68288,-0.32506
0.20071,0.94104,-0.27233,-1.56807,4.46434,0.13419
0.18421,0.95902,-0.21527,0.70136,1.33945,0.58981
0.18315,0.969,-0.16582,1.31452,-0.16501,-0.39282
0.14981,0.98317,-0.10458,1.02718,-0.57861,0.10813
0.0824,0.9958,-0.03984,0.68737,0.11014,0.10565
0.00909,0.99956,0.0281,0.56792,1.4163,-0.22441
-0.04822,0.99422,0.09593,-0.14015,0.92453,-0.0261
-0.09225,0.98128,0.16903,-0.12962,0.13461,-0.56506
-0.13427,0.96877,0.20846,-0.00788,0.24499,-0.90819
-0.16503,0.96037,0.22463,-0.05668,0.15903,-0.1815
-0.1871,0.95902,0.21277,0.5632,-0.73926,0.07136
-0.18778,0.96293,0.19369,0.76213,-1.01085,-0.09167
-0.16102,0.97402,0.15925,0.77733,-1.31713,-0.48995
-0.12254,0.98691,0.10482,0.56793,-0.96181,-0.2353
-0.07963,0.99629,0.03255,0.23383,-0.55443,0.32846
-0.03534,0.99781,-0.05597,-0.32688,-0.13916,-0.09329
0.01227,0.98485,-0.17297,0.30222,1.29939,-0.33867
0.02996,0.94834,-0.31583,0.14164,3.19524,0.23805
0.04668,0.89786,-0.4378,-0.67841,1.11551,0.0883
0.07098,0.84859,-0.52427,-0.72455,0.78381,-0.48963
0.10494,0.80824,-0.57943,-0.05913,1.15209,-0.29284
0.1528,0.77516,-0.613,0.20375,1.23182,-0.48766
0.16665,0.76824,-0.61808,0.00657,0.5843,-0.10291
0.16817,0.78696,-0.59365,0.04919,-0.88936,-0.09609
0.17123,0.81842,-0.54851,0.16718,-1.5015,-0.00819
0.17143,0.84249,-0.51071,0.01018,-1.65189,0.2221
0.15525,0.85254,-0.49907,-0.4723,-1.44002,0.65471
0.13533,0.86051,-0.49112,-0.42711,-1.69463,0.89679
0.13267,0.87422,-0.46705,-0.31443,-1.29207,0.87904
0.14307,0.89232,-0.42814,-0.42845,-0.89032,0.59472
0.16371,0.90552,-0.39144,-0.24508,-0.58947,0.29812
0.20124,0.91072,-0.36068,-0.39489,-0.29785,0.82896
0.24556,0.91174,-0.32928,-0.61723,-0.04533,0.05877
0.25909,0.90512,-0.3371,-0.61073,0.78072,-0.39963
0.2213,0.9261,-0.30557,-0.33618,1.2259,0.58272
0.21801,0.94159,-0.25667,0.62362,0.72568,0.42984
0.20032,0.95885,-0.20121,1.18655,-0.38228,-0.03073
0.15209,0.97814,-0.14181,0.78288,-0.26369,0.35738
0.08132,0.99424,-0.06983,0.67524,0.1444,0.12793
0.0089,0.99994,0.00585,0.79713,1.02276,-0.20172
-0.04088,0.99565,0.08367,0.01755,0.56285,-0.25715
-0.08549,0.98489,0.1506,-0.1258,0.15373,-0.58058
-0.11805,0.97548,0.18577,-0.11178,0.17922,-0.83491
-0.14059,0.96955,0.20051,0.00939,-0.21365,-0.13813
-0.15906,0.96883,0.18992,0.26785,-0.55309,0.00194
-0.16188,0.97302,0.16442,0.4649,-0.87049,-0.0438
-0.14687,0.98137,0.12385,0.64316,-1.08296,-0.24
-0.12028,0.99007,0.07273,0.54588,-0.94864,-0.24508
-0.08907,0.99601,0.00533,0.29329,-0.77296,-0.27661
-0.06058,0.99543,-0.07389,0.16451,-0.70401,0.19297
-0.03424,0.98515,-0.16828,-0.15331,-0.25634,0.31141
-0.01751,0.95386,-0.29973,0.32383,3.30757,-0.03841
-0.01782,0.90638,-0.42209,0.25265,4.6323,0.76335
0.0156,0.86052,-0.50918,-0.53724,0.93631,-0.0073
0.05082,0.83181,-0.55272,-0.65029,0.59557,-0.62523
0.09358,0.81639,-0.56987,-0.21738,0.87387,-0.39242
0.13363,0.81386,-0.56548,-0.05889,0.74281,-0.30003
0.14095,0.8245,-0.54803,-0.03665,-0.2116,0.05946
0.14951,0.83692,-0.5265,0.34109,-1.26603,0.1963
0.16719,0.85041,-0.49885,0.33426,-1.38374,0.32508
0.17506,0.86073,-0.47801,-0.38552,-1.1769,0.49833
0.15703,0.87037,-0.46668,-0.39414,-1.39413,0.62464
0.13791,0.88252,-0.4496,-0.32082,-1.31184,0.71292
0.14001,0.89443,-0.42473,-0.30415,-1.07374,0.48091
0.16114,0.90429,-0.39535,-0.12914,-0.78953,0.25159
0.19444,0.91353,-0.35728,-0.18478,-0.94379,0.4797
0.22927,0.92149,-0.3135,-0.73235,-0.84679,0.86335
0.23803,0.91244,-0.33286,-0.28576,1.04134,-0.44238
0.20217,0.93078,-0.30459,-1.37092,5.74436,0.71981
0.19101,0.95022,-0.24615,1.11633,0.57056,-0.18895
0.20472,0.96079,-0.18702,1.18573,-0.76883,-0.20168
0.17884,0.97607,-0.12374,0.85468,-0.26311,0.30469
0.10948,0.9923,-0.05796,0.6915,0.19476,0.13915
0.03681,0.9992,0.01584,0.04165,1.58628,0.0139
-0.0226,0.99617,0.08447,-0.13526,1.1804,-0.00602
-0.07354,0.98455,0.15894,-0.30046,0.29609,-0.38634
-0.11726,0.97239,0.20178,-0.26596,0.40274,-0.75122
-0.14835,0.96482,0.21706,-0.12548,0.13656,-0.35349
-0.1707,0.96295,0.20877,0.19811,-0.25751,-0.08407
-0.17188,0.96709,0.18758,0.83374,-1.25185,-0.3415
-0.14915,0.97741,0.14971,0.81102,-1.26217,-0.30363
-0.11646,0.98829,0.09863,0.65441,-0.9963,-0.33348
-0.07927,0.99634,0.03187,0.18546,-0.79941,-0.05299
-0.04478,0.99801,-0.04441,0.11647,-0.73397,0.36278
-0.01036,0.99062,-0.13627,-0.06752,-0.54242,0.40245
0.01574,0.9621,-0.27224,0.2786,4.43411,0.20904
0.01589,0.91624,-0.40033,-0.25534,4.76238,0.82891
0.05604,0.87055,-0.48888,-0.71327,0.54305,-0.4088
0.09521,0.8404,-0.53354,-0.76392,0.70021,-0.65037
0.13801,0.81678,-0.56019,-0.12124,1.19144,-0.29285
0.17342,0.80474,-0.56774,0.00818,0.7592,0.06368
0.17051,0.81131,-0.5592,0.12503,0.01488,0.00169
0.1619,0.83132,-0.53169,0.02166,-1.27033,0.1428
0.16018,0.84879,-0.50389,0.10607,-1.46175,0.40553
0.14918,0.86246,-0.48364,-0.30906,-1.33111,0.40232
0.12617,0.87514,-0.46713,-0.36162,-1.37154,0.55851
0.11956,0.89116,-0.43765,-0.29781,-1.17009,0.71427
0.13575,0.90783,-0.39676,-0.39202,-1.06144,0.57929
0.16681,0.91785,-0.36018,-0.29496,-0.81815,0.32618
0.21347,0.91632,-0.33879,-0.49261,-0.19033,0.45822
0.25533,0.90153,-0.34936,-0.53164,0.58871,-0.45121
0.26794,0.89909,-0.34618,-1.46862,4.81195,0.31148
0.23037,0.92793,-0.29306,0.81423,0.95896,0.39656
0.2125,0.94627,-0.24376,1.07107,-0.46514,-0.01438
0.18189,0.96769,-0.17463,0.8583,-0.62661,0.46235
0.12014,0.9881,-0.09607,0.64271,0.16734,0.27118
0.03159,0.99941,-0.0134,0.92011,1.38799,-0.31773
-0.03226,0.99741,0.06434,0.7338,1.92514,-0.37967
-0.07592,0.98593,0.14896,-0.25291,-0.04093,-0.54492
-0.11935,0.97306,0.19726,0.12278,0.31333,-0.77769
-0.14958,0.96175,0.22949,-0.0632,0.33,-0.6246
-0.17411,0.95612,0.23563,0.28004,-0.3147,-0.19847
-0.18443,0.9574,0.22222,0.68674,-0.99124,0.03044
-0.16901,0.96481,0.20142,0.72769,-1.33188,-0.35015
-0.13432,0.97774,0.1612,0.62175,-1.11807,-0.42018
-0.09258,0.99044,0.10226,0.33609,-0.80219,-0.29008
-0.05239,0.99825,0.02753,0.15584,-0.63713,0.23994
-0.01445,0.99799,-0.06173,-0.28446,-0.12076,-0.0386
0.01801,0.98203,-0.18786,0.17145,4.04234,0.1904
0.02075,0.94454,-0.32775,-0.44717,4.30266,0.79899
0.05967,0.89668,-0.43865,-0.92756,0.81692,0.07677
0.10506,0.85688,-0.50471,-1.03476,1.00445,-0.40081
0.16236,0.82722,-0.53791,-0.14715,1.11402,-0.25016
0.21143,0.80063,-0.56061,-0.00486,1.03918,0.08864
0.22393,0.79421,-0.56488,0.04054,0.49228,-0.2124
0.21779,0.80686,-0.54913,0.1169,-1.0194,-0.22454
0.2149,0.82872,-0.51676,0.3195,-1.61424,0.26423
0.20593,0.84244,-0.49789,-0.18905,-1.44492,0.36021
0.17555,0.8529,-0.49168,-0.46415,-1.4822,0.74047
0.15335,0.86699,-0.47415,-0.33106,-1.68574,0.84251
0.15297,0.88582,-0.43808,-0.41597,-1.26153,0.70766
0.16505,0.90215,-0.39862,-0.4408,-0.90292,0.44984
0.19336,0.90728,-0.37343,-0.29803,-0.44088,0.58824
0.24536,0.89567,-0.3709,-0.32362,0.16878,-0.06928
0.2802,0.88929,-0.36146,-0.75674,0.68156,-0.25779
0.26568,0.90656,-0.32797,-1.02502,3.80168,0.64395
0.23551,0.93373,-0.26959,0.77849,0.88522,-0.08353
0.20718,0.95664,-0.20473,0.93412,-0.60166,0.19862
0.15595,0.97893,-0.13186,0.76097,0.16683,0.35778
0.07129,0.99584,-0.05679,0.98007,0.81379,0.1821
-0.00211,0.99985,0.01704,0.99453,1.73208,-0.37081
-0.04195,0.99382,0.10272,-0.27309,-0.04619,-0.52775
-0.09088,0.98238,0.16331,-0.10688,0.2319,-0.54353
-0.12657,0.97138,0.20098,-0.20911,0.41758,-0.59023
-0.15349,0.96298,0.2216,0.0533,-0.17413,-0.16778
-0.17296,0.96127,0.21459,0.50779,-0.84944,0.06074
-0.17213,0.96503,0.19773,0.65011,-1.33804,-0.21767
-0.14674,0.97523,0.1655,0.72964,-1.19098,-0.50668
-0.10658,0.98805,0.11136,0.40649,-0.70208,-0.35581
-0.06502,0.99716,0.03804,0.26255,-0.5991,-0.01607
-0.02604,0.99847,-0.04882,-0.28944,0.04714,-0.19028
0.01205,0.98576,-0.16774,0.46363,1.98617,-0.04169
0.01774,0.95179,-0.30624,0.24662,3.52653,0.44862
0.03689,0.90474,-0.42437,-0.5863,1.06737,0.08607
0.07418,0.86342,-0.499,-0.61877,1.0412,-0.36623
0.12526,0.82888,-0.54523,-0.17305,1.11442,-0.11706
0.17631,0.79006,-0.58713,-0.1926,0.91429,0.09204
0.19423,0.76566,-0.61322,0.03678,0.62127,-0.08037
0.18159,0.77205,-0.60907,0.06127,-0.85556,-0.04915
0.16869,0.79718,-0.5797,0.22758,-1.50117,0.33835
0.1534,0.82143,-0.54929,-0.26369,-1.62057,0.36131
0.12839,0.83733,-0.53141,-0.6025,-1.36691,0.61242
0.10625,0.8503,-0.51546,-0.30635,-1.51204,0.74092
0.10855,0.86438,-0.49098,-0.26951,-1.28855,0.78642
0.13046,0.87868,-0.45924,-0.29715,-1.0384,0.55573
0.1675,0.88971,-0.42469,-0.11886,-0.70956,0.43243
0.22212,0.89753,-0.38093,-0.38008,-0.54749,0.9888
0.25883,0.89323,-0.36761,-0.69732,-0.27022,0.17674
0.26372,0.89767,-0.35305,-1.62922,4.78011,-0.27818
0.21908,0.92903,-0.29818,0.33497,1.57891,0.72721
0.20462,0.94595,-0.25161,0.91588,0.48368,-0.01635
0.17868,0.96645,-0.18453,1.06968,-0.77631,0.30038
0.11625,0.98694,-0.11151,0.78626,-0.17163,0.35234
0.02957,0.99909,-0.03062,0.83472,0.69169,0.03211
-0.03313,0.99854,0.04263,0.41884,1.63632,-0.14546
-0.07545,0.98911,0.12635,-0.30173,0.37052,-0.30622
-0.11728,0.97719,0.17707,-0.11083,0.17215,-0.66701
-0.1424,0.96878,0.20293,-0.32818,0.3358,-0.53173
-0.16324,0.96675,0.19686,0.15112,-0.22421,-0.12621
-0.17179,0.96933,0.17576,0.57343,-0.9124,-0.04791
-0.15773,0.97615,0.14921,0.63107,-1.13526,-0.17809
-0.12645,0.98595,0.10913,0.51103,-0.95513,-0.34862
-0.09016,0.99456,0.0522,0.39384,-0.8353,-0.20999
-0.05506,0.99831,-0.01865,0.31093,-0.76683,0.12305
-0.01756,0.99444,-0.10386,-0.03773,0.14443,-0.17216
0.01404,0.9742,-0.22523,0.44099,3.09573,0.20373
0.01713,0.93448,-0.35561,-0.48727,2.537,0.62668
0.05031,0.88833,-0.45643,-0.9822,0.77118,-0.37156
0.0882,0.85601,-0.50938,-0.40079,1.09051,-0.31073
0.13554,0.82998,-0.54108,-0.21935,0.99425,-0.12654
0.17547,0.80972,-0.55997,0.10486,0.68462,-0.19754
0.18417,0.80771,-0.56007,0.12105,-0.23887,-0.07227
0.17703,0.82176,-0.54163,0.02031,-1.18445,-0.02691
0.17081,0.84168,-0.51225,0.30626,-1.50844,0.31898
0.15681,0.85534,-0.49376,0.05935,-1.43603,0.32725
0.13401,0.86488,-0.48376,-0.44439,-1.39244,0.6132
0.11777,0.87618,-0.46737,-0.3118,-1.37287,0.69671
0.1233,0.89095,-0.43705,-0.32942,-1.24576,0.68679
0.14358,0.90236,-0.40637,-0.21864,-0.91273,0.3827
0.177,0.90534,-0.38605,-0.27466,-0.5376,0.7629
0.22896,0.89788,-0.37601,-0.54849,0.02971,-0.18048
0.26082,0.88555,-0.38441,-0.84008,1.74677,-0.42017
0.24146,0.90543,-0.34912,-0.39014,3.02965,0.89973
0.22565,0.92688,-0.29997,0.94335,0.20429,-0.23793
0.20955,0.94789,-0.23999,1.01599,-0.70743,0.08459
0.1687,0.9708,-0.17054,0.69531,-0.30257,0.4815
0.09232,0.99107,-0.09624,0.71915,0.5624,0.26563
0.01264,0.99954,-0.02776,0.67173,1.71362,-0.37363
-0.03114,0.99837,0.04778,0.20489,0.59542,0.03597
-0.07623,0.99031,0.11607,-0.20337,-0.13037,-0.55155
-0.10881,0.98192,0.1549,-0.05179,0.24057,-0.62075
-0.13196,0.97562,0.17536,-0.01832,-0.26314,-0.14103
-0.15144,0.97325,0.17277,0.00115,-0.26077,-0.13844
-0.15385,0.97543,0.15767,0.59356,-1.08659,-0.12222
-0.13493,0.98293,0.12508,0.66224,-1.31574,-0.23438
-0.10329,0.99162,0.07759,0.52433,-0.91357,-0.35774
-0.06621,0.99775,0.01009,0.29238,-0.69151,-0.14033
-0.03282,0.99694,-0.07097,0.03629,-0.35442,0.25954
0.00029,0.98498,-0.17267,-0.13236,0.20688,-0.17466
0.01083,0.95145,-0.30762,0.30553,3.2794,0.3125
0.01998,0.90372,-0.42765,-0.3557,1.99564,0.70739
0.04923,0.85573,-0.51507,-0.90159,0.75113,-0.32697
0.08596,0.82346,-0.56082,-0.45538,1.03504,-0.43066
0.13353,0.79619,-0.59013,-0.21382,1.00252,-0.1477
0.17178,0.78372,-0.59688,0.06495,0.70306,-0.281
0.16794,0.79496,-0.58296,-0.00371,0.10687,-0.04876
0.16255,0.81985,-0.54902,0.07224,-1.2126,0.13137
0.16103,0.84024,-0.51776,0.31105,-1.56005,0.29076
0.15065,0.85105,-0.50301,-0.25006,-1.22291,0.38366
0.12773,0.86169,-0.49109,-0.38278,-1.44394,0.58138
0.11665,0.8757,-0.46855,-0.28157,-1.34318,0.70195
0.12505,0.88972,-0.43905,-0.33394,-1.03024,0.49459
0.14809,0.89902,-0.4121,-0.13779,-0.69072,0.36111
0.1856,0.90375,-0.38572,-0.342,-0.61396,0.98057
0.22513,0.90268,-0.36672,-0.80568,-0.18936,-0.43394
0.23863,0.88619,-0.39715,-1.21417,3.52609,-0.08214
0.20936,0.91211,-0.35245,-1.49949,5.1259,0.26181
0.21236,0.9305,-0.29846,1.25048,-0.00311,-0.27361
0.21368,0.94909,-0.23145,1.06439,-0.75318,0.0117
0.17904,0.96926,-0.16877,0.82116,-0.18499,0.34592
0.10932,0.98914,-0.09827,0.76435,0.25389,0.21052
0.03241,0.99906,-0.02872,0.41015,1.12843,-0.11233
-0.02233,0.9992,0.03303,-0.03843,0.86652,0.03545
-0.06672,0.99224,0.10488,-0.30314,-0.01663,-0.50425
-0.1038,0.98353,0.14795,-0.23044,0.33872,-0.66426
-0.12648,0.97746,0.16905,-0.21347,0.06195,-0.18048
-0.14471,0.97605,0.16246,0.34637,-0.61775,0.0525
-0.14908,0.97827,0.14406,0.60427,-1.10208,-0.1679
-0.13239,0.9849,0.1116,0.69245,-1.24713,-0.32992
-0.10125,0.99279,0.06414,0.55037,-0.85658,-0.32707
-0.0645,0.99792,-0.00076,0.33011,-0.78367,-0.14957
-0.03106,0.9965,-0.0776,0.16677,-0.56423,0.55668
0.00226,0.98534,-0.1706,-0.17713,-0.25872,0.17902
0.02088,0.95129,-0.30758,0.40483,4.70912,0.52883
0.01969,0.9002,-0.43502,-0.1619,3.50756,0.77914
0.04791,0.85118,-0.52269,-1.00663,0.44887,-0.35848
0.08282,0.81927,-0.56739,-0.55766,0.86315,-0.53512
0.12807,0.79402,-0.59425,-0.15451,0.98021,-0.17769
0.16925,0.78111,-0.60101,0.03342,0.83804,-0.20136
0.17978,0.78809,-0.58872,0.10847,-0.51903,-0.09522
0.18608,0.80509,-0.5632,0.15605,-1.19648,-0.11085
0.19415,0.82595,-0.52925,0.25466,-1.53385,0.21047
0.18648,0.84141,-0.50719,-0.42301,-1.19702,0.50541
0.15964,0.85647,-0.49089,-0.40589,-1.3099,0.60525
0.13981,0.87259,-0.46801,-0.3948,-1.32054,0.69732
0.14217,0.8875,-0.43832,-0.46608,-1.10906,0.589
0.15866,0.89789,-0.41064,-0.26027,-0.9083,0.35651
0.18578,0.90557,-0.38136,-0.22049,-0.84896,0.46187
0.22293,0.91064,-0.3479,-0.60832,-0.68434,0.97275
0.23857,0.90416,-0.35438,-0.62677,0.36615,-0.34403
0.21702,0.918,-0.33192,-1.90225,6.15321,-0.0992
0.21497,0.93736,-0.27414,0.88573,1.00614,0.4325
0.22908,0.94931,-0.21526,1.43999,-0.35661,-0.41705
0.20487,0.96634,-0.15563,0.8834,-0.33441,0.51893
0.13927,0.98542,-0.09771,0.68559,-0.24426,0.45031
0.05982,0.99776,-0.02985,0.64351,0.18733,-0.02706
-0.0059,0.99955,0.02958,0.10515,1.43078,0.11214
-0.05434,0.99279,0.10686,-0.09327,0.13284,-0.39414
-0.0976,0.9824,0.15927,0.12486,0.11393,-0.87709
-0.12412,0.97498,0.18442,-0.27296,0.13832,-0.32056
-0.14466,0.97342,0.17754,0.2355,-0.49114,0.03384
-0.15256,0.97571,0.15719,0.49388,-0.83423,0.081
-0.13856,0.9817,0.13063,0.67422,-1.36517,-0.30052
-0.10336,0.99044,0.09135,0.62946,-1.09795,-0.32069
-0.06375,0.99738,0.03427,0.2535,-0.86948,-0.18378
-0.0242,0.99899,-0.03792,0.10527,-0.67569,0.39024
0.01544,0.99224,-0.12338,-0.36072,-0.15424,-0.0188
0.05232,0.96801,-0.24538,0.25458,1.81969,-0.48124
0.05737,0.92151,-0.38409,-0.15373,4.89082,0.63197
0.08941,0.86995,-0.48496,-0.73335,0.64134,-0.36325
0.12546,0.83341,-0.53823,-0.6926,0.933,-0.60091
0.17079,0.8046,-0.56873,-0.0966,1.18441,-0.19867
0.2137,0.78253,-0.58479,0.03888,0.98176,-0.15399
0.23214,0.78232,-0.57801,-0.00359,0.22472,-0.21839
0.22159,0.79911,-0.55885,0.11366,-1.23771,-0.07562
0.21436,0.82071,-0.5296,0.27179,-1.50389,0.15526
0.19901,0.83517,-0.51273,-0.24042,-1.33559,0.3243
0.16734,0.84757,-0.50361,-0.43971,-1.51652,0.63833
0.14323,0.86378,-0.48308,-0.43821,-1.40895,0.81364
0.14346,0.88194,-0.44901,-0.40167,-1.2514,0.78209
0.16187,0.89448,-0.41678,-0.2573,-0.74061,0.2932
0.19674,0.90013,-0.38867,-0.31332,-0.61296,0.91043
0.24594,0.90066,-0.35823,-0.5495,-0.55973,0.93376
0.27821,0.89408,-0.35102,-0.72167,-0.37734,0.26096
0.26711,0.90249,-0.33788,-1.63704,5.41257,0.14977
0.25365,0.92608,-0.27934,-0.47312,2.47106,0.61438
0.24892,0.94201,-0.22507,1.20707,-0.15578,-0.35438
0.22063,0.96122,-0.16546,0.97245,-0.63712,0.24434
0.15808,0.98115,-0.11116,0.7826,-0.14703,0.46246
0.07346,0.99647,-0.04055,0.71467,0.46974,-0.02898
0.00065,0.99969,0.02493,0.49048,1.48084,-0.04576
-0.04505,0.99364,0.10324,0.09549,0.467,-0.08858
-0.08879,0.98273,0.16233,-0.16116,-0.10273,-0.62531
-0.11616,0.97384,0.19529,-0.27309,0.22821,-0.66224
-0.13765,0.9697,0.20183,-0.28551,0.26167,-0.48752
-0.15184,0.97027,0.18845,0.57251,-1.13621,-0.1189
-0.14621,0.97458,0.16974,0.56688,-1.14052,-0.10019
-0.11692,0.98334,0.13921,0.68372,-1.33554,-0.3234
-0.07853,0.99284,0.09001,0.37523,-0.78022,-0.37841
-0.0403,0.99894,0.02218,0.20038,-0.60963,0.28494
-0.0046,0.99827,-0.0586,-0.28477,-0.16516,-0.14184
0.03179,0.9861,-0.16308,0.30878,1.28935,-0.42721
0.03912,0.95365,-0.29837,0.42168,3.28684,0.33426
0.05049,0.90685,-0.41843,-0.18265,2.16604,0.71201
0.07598,0.86349,-0.49861,-0.90468,0.95464,-0.49322
0.11517,0.83462,-0.53865,-0.31456,0.97434,-0.29093
0.16524,0.80854,-0.56476,-0.25864,0.8141,-0.14575
0.20655,0.7946,-0.57091,0.03989,0.66656,-0.3656
0.21365,0.79966,-0.56115,0.11153,-0.47038,0.03396
0.21396,0.81527,-0.5381,0.23442,-1.43589,0.18881
0.20887,0.83239,-0.51333,0.13212,-1.50331,0.38467
0.1874,0.84322,-0.50385,-0.36803,-1.19304,0.62269
0.15532,0.85587,-0.49331,-0.37577,-1.44903,0.69107
0.1418,0.87215,-0.46824,-0.32895,-1.19058,0.64456
0.15142,0.88788,-0.43444,-0.37359,-0.93477,0.57772
0.18182,0.89416,-0.40916,-0.33342,-0.70976,0.64821
0.23815,0.87991,-0.41116,-0.40145,0.49497,-0.18904
0.27809,0.87064,-0.40577,-0.91039,0.21866,-0.3061
0.30121,0.87909,-0.36943,-1.3579,1.34967,0.82957
0.2711,0.91479,-0.29945,0.94375,0.96586,0.07986
0.24055,0.94334,-0.22855,0.88973,-0.64859,0.3128
0.18912,0.97031,-0.15074,0.87824,-0.20952,0.3685
0.11482,0.99012,-0.08044,1.0716,0.71442,0.26506
0.04027,0.99903,-0.01803,0.81571,1.14901,-0.17458
-0.00316,0.99854,0.05391,0.06615,0.63247,-0.09481
-0.04626,0.99208,0.11677,-0.23797,0.07629,-0.47857
-0.08824,0.98381,0.15599,-0.1126,0.21756,-0.49541
-0.11763,0.97548,0.186,0.03777,0.23636,-0.41882
-0.14295,0.96981,0.19756,0.20985,-0.35227,-0.09215
-0.15412,0.96819,0.1971,0.64734,-1.25547,-0.10315
-0.14222,0.97278,0.18297,0.65689,-1.46754,-0.23716
-0.10695,0.98375,0.14419,0.63637,-1.41761,-0.38787
-0.06283,0.9946,0.08259,0.20993,-0.65934,-0.39605
-0.02425,0.99968,0.00734,0.17136,-0.66441,-0.3208
0.0083,0.99673,-0.08036,-0.08771,-0.22538,0.29754
0.03141,0.97845,-0.20409,0.28103,4.08703,0.29534
0.02216,0.94198,-0.33493,-0.1106,4.5693,1.00438
0.0497,0.89523,-0.44282,-0.66976,0.76828,0.28793
0.08628,0.85658,-0.50874,-1.05829,1.18065,-0.29617
0.14528,0.82588,-0.5448,-0.2258,0.8724,-0.27775
0.20414,0.7978,-0.56731,-0.0901,0.89022,0.1005
0.22439,0.79006,-0.57048,-0.04571,0.46862,-0.48672
0.21129,0.80391,-0.55595,0.08464,-0.49703,0.09008
0.20413,0.82442,-0.52789,0.23566,-1.26071,0.28517
0.19413,0.84097,-0.50506,-0.02228,-1.306,0.3431
0.17249,0.85174,-0.49475,-0.2572,-1.16174,0.50107
0.14464,0.86301,-0.48404,-0.32417,-1.31311,0.59485
0.13623,0.87836,-0.45818,-0.35231,-1.20633,0.66888
0.14722,0.89194,-0.42752,-0.38239,-1.04018,0.55778
0.17508,0.89956,-0.40018,-0.33985,-0.83919,0.44026
0.21457,0.90606,-0.36471,-0.48695,-0.87323,0.58309
0.23697,0.91069,-0.33837,-0.84106,-0.77075,0.78393
0.22503,0.89282,-0.39017,-1.28015,3.01842,0.04344
0.17784,0.92777,-0.32804,-1.53663,6.17983,0.98014
0.18132,0.94425,-0.27481,1.51821,1.3248,0.5207
0.18636,0.95877,-0.21456,1.06001,-0.81219,-0.04551
0.15998,0.9746,-0.15675,0.88415,-0.5475,0.24884
0.10882,0.98994,-0.09046,0.63556,-0.45834,0.39519
0.04512,0.99869,-0.02407,0.37587,-0.02138,0.1772
-0.01456,0.99946,0.02959,-0.0784,1.56425,-0.11803
-0.05666,0.99355,0.09827,-0.16959,0.48628,-0.22104
-0.09202,0.98644,0.13593,-0.48628,0.33049,-0.60999
-0.11422,0.98208,0.14993,-0.21273,0.21609,-0.13282
-0.12784,0.98214,0.13807,0.08652,-0.12725,0.08326
-0.12839,0.98502,0.11512,0.59708,-1.08771,-0.36126
-0.10923,0.99097,0.07778,0.71646,-1.25156,-0.35027
-0.07745,0.99659,0.02857,0.64289,-1.12279,-0.22607
-0.04642,0.99825,-0.03667,0.39974,-0.7715,0.2708
-0.01553,0.99346,-0.11314,-0.11802,-0.3279,-0.00452
0.01896,0.9785,-0.20536,-0.12428,-0.16309,0.09214
0.03075,0.94122,-0.33639,0.68083,3.19918,0.35263
0.03275,0.89365,-0.44757,-0.31265,2.22857,0.57754
0.05232,0.85198,-0.52095,-0.92577,0.72619,-0.44441
0.08092,0.82277,-0.56258,-0.37774,0.96728,-0.48018
0.11768,0.80266,-0.58472,-0.17388,0.87679,-0.0641
0.14233,0.79677,-0.58728,0.1342,0.59524,0.04675
0.14046,0.8073,-0.57318,-0.02126,-0.20586,0.13966
0.13533,0.82601,-0.54717,-0.01131,-1.28409,0.01985
0.13623,0.84385,-0.51899,0.10602,-1.45495,0.10566
0.12654,0.85575,-0.50167,-0.21202,-1.17571,0.42262
0.10903,0.86732,-0.48566,-0.39354,-1.28301,0.62774
0.10336,0.88039,-0.46286,-0.29495,-1.17462,0.6505
0.11767,0.89172,-0.43702,-0.28877,-0.98816,0.51772
0.15084,0.89869,-0.41184,-0.20436,-0.77997,0.44165
0.19706,0.905,-0.37702,-0.23336,-0.77083,0.38793
0.23455,0.90822,-0.34659,-0.85161,-0.75818,0.86057
0.25101,0.8933,-0.37284,-0.50528,0.16915,-0.64741
0.23612,0.9219,-0.30717,-1.05634,2.05999,0.70985
0.2233,0.94235,-0.24922,1.27809,1.73186,0.64702
0.22693,0.95415,-0.1952,1.49316,-0.39832,-0.19923
0.20219,0.96869,-0.14408,1.13261,-0.72177,0.20632
0.13649,0.98676,-0.08759,0.90132,-0.06571,0.14635
0.05609,0.99815,-0.02349,0.66205,0.37821,-0.05949
-0.00718,0.99927,0.03745,0.24161,1.50427,-0.07116
-0.0555,0.99238,0.11002,-0.07054,0.51164,-0.22454
-0.09793,0.98243,0.15885,-0.0801,0.12813,-0.86332
-0.12693,0.97417,0.18674,-0.20461,0.27679,-0.71998
-0.14885,0.97051,0.18961,0.04101,-0.07868,-0.14524
-0.15588,0.97127,0.17983,0.60516,-1.07353,-0.09867
-0.13995,0.97771,0.15651,0.6023,-1.32251,-0.261
-0.10761,0.98754,0.11486,0.60512,-1.23897,-0.391
-0.06959,0.99598,0.05645,0.3807,-0.88997,-0.35462
-0.03592,0.9992,-0.01731,0.22073,-0.71759,0.16332
-0.00289,0.99437,-0.10594,-0.13955,-0.32344,0.09199
0.01994,0.97277,-0.23093,0.64213,2.14734,-0.2816
0.01658,0.9325,-0.36079,0.41052,4.56764,0.50845
0.03576,0.88879,-0.45692,-1.07307,0.63438,-0.17359
0.06745,0.85643,-0.51184,-0.79051,0.9991,-0.51708
0.11734,0.83232,-0.54174,-0.21655,1.04137,-0.21574
0.16874,0.81056,-0.56082,-0.04046,1.04796,-0.06619
0.18487,0.80521,-0.56343,0.0942,0.31095,0.12755
0.18329,0.81367,-0.55168,0.16629,-0.46963,0.13592
0.18107,0.83322,-0.52245,0.22545,-1.61162,0.22167
0.16652,0.85292,-0.49477,0.03464,-1.5248,0.25109
0.13467,0.86575,-0.48201,-0.15873,-1.29422,0.49316
0.10697,0.87479,-0.47255,-0.43603,-1.42529,0.62772
0.10592,0.88525,-0.4529,-0.41471,-1.17504,0.59816
0.12323,0.89233,-0.43424,-0.2692,-0.95732,0.47144
0.16086,0.89576,-0.41441,-0.18981,-0.86671,0.48329
0.21357,0.89586,-0.38965,-0.60971,-0.6427,1.09634
0.23536,0.8776,-0.41765,-0.88181,-0.3335,-0.3783
0.23247,0.89005,-0.39214,-1.86532,5.35568,-0.0061
0.20868,0.91956,-0.33297,1.03705,1.60307,0.59968
0.20853,0.93766,-0.27805,1.39105,-0.54177,-0.28619
0.19038,0.95909,-0.20954,1.11574,-0.88813,0.44454
0.13922,0.98089,-0.13591,0.79669,-0.04608,0.29898
0.06197,0.99654,-0.05543,0.88198,0.61737,0.08555
0.00595,0.99986,0.01536,0.29448,1.41734,-0.05441
-0.03011,0.99457,0.09963,-0.39198,0.33554,-0.32694
-0.06736,0.98577,0.15401,-0.37418,0.07354,-0.69318
-0.09582,0.97777,0.18652,-0.45694,0.27683,-0.63627
-0.12226,0.97347,0.19342,0.00104,-0.19489,-0.17261
-0.13853,0.97278,0.18579,0.26499,-0.55388,-0.05844
-0.13344,0.9763,0.17036,0.52206,-1.25556,-0.17218
-0.10531,0.9851,0.13593,0.57118,-0.91395,-0.54511
-0.06726,0.99467,0.07819,0.41005,-0.74068,-0.35711
-0.03293,0.99945,0.00425,0.29228,-0.70503,-0.01052
0.00084,0.99633,-0.08558,0.14314,0.30015,-0.31513
0.0188,0.97637,-0.21529,0.68804,1.5259,-0.20464
0.01512,0.93951,-0.34218,-0.10594,3.8134,0.79416
0.0346,0.89688,-0.44093,-1.05346,1.14885,0.23759
0.0838,0.86207,-0.49981,-0.95035,1.35727,-0.26975
0.15359,0.83263,-0.53211,-0.21557,0.92152,-0.16489
0.21709,0.80358,-0.5542,-0.13569,1.05958,-0.17316
0.22865,0.78872,-0.57064,0.36107,0.61835,-0.05619
0.22806,0.7933,-0.56451,0.19528,-0.63233,0.08376
0.22254,0.81193,-0.53968,0.27822,-1.5362,0.20257
0.20218,0.83047,-0.51908,-0.19069,-1.38769,0.34632
0.16673,0.84332,-0.51089,-0.33332,-1.20489,0.53091
0.13777,0.85326,-0.50296,-0.51303,-1.4867,0.70037
0.14056,0.86639,-0.47917,-0.65169,-1.34315,0.71346
0.16552,0.88097,-0.44328,-0.49424,-1.06162,0.50413
0.20175,0.89092,-0.4069,-0.20085,-0.78639,0.55248
0.24903,0.89253,-0.376,-0.29339,-0.71638,0.82536
0.27398,0.87806,-0.39235,-0.54295,0.36715,-0.91848
0.2804,0.87398,-0.39691,-1.72976,4.84038,-0.25496
0.25333,0.90685,-0.33681,-0.23335,3.97632,0.5683
0.25332,0.9241,-0.28613,1.41026,-0.31553,-0.14102
0.2381,0.94565,-0.22149,0.98006,-0.79672,0.39507
0.18747,0.96954,-0.15765,0.89145,-0.5276,0.39087
0.1104,0.99046,-0.0825,0.80115,0.51876,0.2337
0.04566,0.99876,-0.01995,0.25889,1.46682,-0.03668
0.00296,0.99849,0.05484,-0.25677,0.30656,-0.26072
-0.0421,0.99297,0.11062,-0.3,-0.02064,-0.61181
-0.07364,0.98676,0.14454,-0.51638,0.43144,-0.51909
-0.0979,0.98324,0.15379,-0.11164,-0.08171,-0.03335
-0.1141,0.98355,0.14002,0.40696,-0.75328,0.12701
-0.11234,0.9867,0.11746,0.56894,-1.24403,-0.28855
-0.08746,0.99282,0.08165,0.7381,-1.21698,-0.39344
-0.05144,0.99829,0.02776,0.47651,-0.79665,-0.29499
-0.01724,0.99893,-0.04287,0.23909,-0.69754,0.18492
0.01232,0.9921,-0.12486,-0.13375,-0.29088,0.02818
0.03832,0.97213,-0.23128,0.16694,0.30041,-0.03187
0.03173,0.92979,-0.36672,0.52091,3.70237,0.53532
0.03969,0.87818,-0.47667,0.05703,3.97611,0.79518
0.06401,0.83636,-0.54443,-0.993,0.79088,-0.41409
0.09939,0.8071,-0.58199,-0.12895,0.92957,-0.148
0.14567,0.78566,-0.60127,-0.22724,0.89943,-0.06583
0.16964,0.78102,-0.60102,0.13625,0.62073,-0.21859
0.16879,0.79607,-0.58118,0.09986,-0.81468,-0.08587
0.17303,0.81913,-0.5469,0.13548,-1.32209,-0.07124
0.17159,0.83925,-0.51596,0.27708,-1.57628,0.08914
0.15408,0.84988,-0.50394,-0.29464,-1.06981,0.45447
0.13283,0.85814,-0.49593,-0.49238,-1.20522,0.66979
0.12951,0.86702,-0.48115,-0.4163,-1.12445,0.68744
0.14863,0.87623,-0.4584,-0.38938,-0.91864,0.55847
0.18501,0.88413,-0.42905,-0.33317,-0.90035,0.52652
0.22789,0.88836,-0.39859,-0.40587,-0.89297,0.54143
0.2562,0.88139,-0.39689,-0.59661,0.19326,-0.31933
0.28158,0.87853,-0.38588,-0.79419,1.49316,0.4749
0.2569,0.90894,-0.32839,-0.61019,4.48613,0.29991
0.25378,0.92502,-0.28271,1.40229,-0.28597,-0.13886
0.24029,0.94474,-0.22298,1.18346,-0.80113,0.34169
0.19555,0.96644,-0.16658,1.06182,-0.51152,0.36152
0.12587,0.98767,-0.09306,0.62748,0.2189,0.03385
0.05167,0.99836,-0.02457,0.41416,1.34714,-0.17021
-0.00252,0.99905,0.04346,0.16005,0.98973,-0.06331
-0.05262,0.99301,0.10564,-0.05167,-0.00528,-0.55379
-0.0924,0.98552,0.1422,-0.20862,0.33028,-0.5889
-0.11845,0.97953,0.16277,0.00627,0.09638,-0.27074
-0.13723,0.97807,0.15668,0.35086,-0.6528,0.06131
-0.13934,0.98038,0.13941,0.60739,-1.21724,-0.08991
-0.11735,0.98742,0.10601,0.68424,-1.36942,-0.36605
-0.08379,0.99502,0.05396,0.41731,-0.93054,-0.32556
-0.04797,0.99877,-0.0126,0.29057,-0.87548,-0.1281
-0.01384,0.99578,-0.09072,-0.12378,-0.39753,0.0769
0.02345,0.98244,-0.18509,0.40386,1.0355,-0.35954
0.0412,0.94816,-0.3151,0.46716,2.91431,0.20051
0.04731,0.89872,-0.43596,-0.33709,1.04357,0.21525
0.07164,0.85002,-0.52186,-0.61024,0.85744,-0.36538
0.10098,0.81688,-0.56789,-0.39871,1.03402,-0.30007
0.14933,0.78964,-0.59513,-0.22713,0.9907,-0.23871
0.18396,0.77413,-0.60571,0.06622,0.54783,-0.12476
0.18916,0.77767,-0.59954,0.01262,0.11833,0.03986
0.18801,0.79338,-0.57896,0.31722,-1.31613,0.19414
0.18337,0.81226,-0.55373,0.16878,-1.53926,0.38234
0.16461,0.82445,-0.54146,-0.20581,-1.35399,0.4717
0.13357,0.83692,-0.53077,-0.4288,-1.47198,0.69664
0.11813,0.85283,-0.50864,-0.40652,-1.20961,0.77119
0.13009,0.86968,-0.47616,-0.42016,-1.00581,0.5652
0.15887,0.88218,-0.44331,-0.20053,-0.78667,0.40125
0.20029,0.88976,-0.41014,-0.38306,-0.74725,0.93819
0.24474,0.89118,-0.38196,-0.64211,-0.61475,0.94367
0.2521,0.87187,-0.41986,-0.846,2.2137,-0.38042
0.2226,0.88722,-0.40409,-0.56474,3.82863,0.78333
0.21704,0.91343,-0.34428,0.90446,1.67883,0.44481
0.22751,0.9336,-0.27681,1.26245,-0.73574,-0.05621
0.21254,0.95456,-0.20889,1.06432,-0.44636,0.45509
0.15797,0.97736,-0.14078,0.99702,0.13054,0.11458
0.0813,0.99419,-0.0706,0.60946,0.9428,-0.05542
0.02553,0.99963,-0.00982,0.10262,1.08762,0.02324
-0.01701,0.9978,0.06404,-0.3095,0.06719,-0.54172
-0.06144,0.99162,0.11368,-0.30584,0.0974,-0.72159
-0.08981,0.98458,0.1501,-0.34389,-0.00074,-0.19874
-0.11127,0.98095,0.15923,0.07491,-0.51885,0.08651
-0.12353,0.98132,0.14749,0.44627,-1.06028,0.00452
-0.1172,0.98537,0.1237,0.62353,-1.33807,-0.39445
-0.092,0.9921,0.08532,0.67394,-0.90979,-0.48036
-0.05597,0.99798,0.03013,0.47259,-0.72903,-0.0282
-0.0217,0.99891,-0.04124,0.10448,-0.37088,0.09888
0.01519,0.99216,-0.12403,-0.00436,0.04765,-0.03137
0.04506,0.9691,-0.24252,0.81468,2.24147,0.15962
0.04643,0.92723,-0.37161,0.10726,3.37596,0.70066
0.0609,0.87937,-0.47223,-0.91559,0.94583,0.00517
0.08636,0.84307,-0.53083,-0.7731,1.00529,-0.53207
0.13365,0.81639,-0.56182,-0.42553,0.98764,-0.2342
0.19411,0.7995,-0.56843,-0.47773,0.9508,0.18359
0.22279,0.79907,-0.55844,0.04332,-0.20944,0.09854
0.23987,0.81033,-0.53462,0.192,-1.32149,0.16931
0.25431,0.82476,-0.50507,0.3264,-1.53449,0.3127
0.25255,0.83798,-0.48374,-0.41361,-1.23126,0.45587
0.22808,0.85293,-0.46956,-0.54107,-1.49647,0.6787
0.2038,0.87052,-0.44795,-0.50999,-1.51386,0.73085
0.20136,0.88791,-0.4136,-0.54454,-1.13434,0.66647
0.21168,0.90304,-0.37378,-0.45292,-0.81445,0.64427
0.22906,0.91026,-0.34491,-0.49326,-0.50416,0.56567
0.26,0.8991,-0.35217,-0.47534,0.54971,0.01389
0.29365,0.8889,-0.3516,-1.24639,2.38875,0.20799
0.29396,0.90417,-0.30994,-0.62213,4.29184,0.77945
0.27505,0.93063,-0.24141,1.03119,-0.17172,0.01961
0.25566,0.95259,-0.16494,1.00338,-0.59537,0.40494
0.20302,0.97495,-0.0908,0.90037,-0.32012,0.32399
0.12257,0.99211,-0.02638,1.17136,0.84514,0.01577
0.05788,0.99778,0.03302,0.58303,1.22637,-0.14644
0.01846,0.99483,0.09985,0.05814,0.8074,-0.20144
-0.02515,0.98859,0.14855,-0.35082,0.1458,-0.61995
-0.0575,0.98214,0.17913,-0.27134,0.23946,-0.38781
-0.08615,0.9785,0.18737,-0.073,-0.07953,-0.19542
-0.10803,0.97883,0.17382,0.52619,-1.0954,0.00837
-0.1112,0.98186,0.15358,0.67374,-1.47185,-0.19317
-0.08916,0.98869,0.1206,0.74418,-1.42439,-0.33324
-0.05045,0.9965,0.06666,0.30106,-0.7292,-0.44754
-0.01216,0.99992,-0.0034,0.13928,-0.64991,0.14662
0.01998,0.99619,-0.0849,0.06869,-0.47454,0.60006
0.05017,0.98,-0.19259,0.15349,1.36011,-0.64072
0.04637,0.94229,-0.33158,0.55411,4.03852,0.28049
0.06163,0.8934,-0.44501,-0.29767,2.43957,0.85455
0.09609,0.85408,-0.51119,-1.00715,1.00922,-0.574
0.14738,0.82643,-0.5434,-0.16319,0.91444,-0.18179
0.21767,0.80026,-0.55876,-0.26862,0.9721,0.43544
0.24429,0.78433,-0.57021,0.2002,0.59236,0.08689
0.24536,0.7871,-0.56592,0.10513,-0.55732,0.22313
0.2442,0.79672,-0.55282,0.29117,-1.35369,0.40092
0.23406,0.81135,-0.53566,-0.07589,-1.55341,0.36325
0.20724,0.82891,-0.51958,-0.40159,-1.39841,0.56236
0.17172,0.84702,-0.50306,-0.4543,-1.4993,0.67965
0.15812,0.8644,-0.47729,-0.43449,-1.29168,0.7126
0.1701,0.87867,-0.4461,-0.30068,-0.81642,0.35155
0.19889,0.88721,-0.41629,-0.19932,-0.73186,0.30551
0.24362,0.89069,-0.38382,-0.15358,-0.76606,0.32056
0.29163,0.8963,-0.33407,-1.06711,-0.60196,0.12031
0.29952,0.88811,-0.34864,-0.67556,0.56006,-1.55916
0.24192,0.90737,-0.34373,0.44809,2.39162,0.60781
0.25887,0.92655,-0.27292,1.48672,0.07216,-0.02051
0.28958,0.93484,-0.20548,1.14537,-0.6419,-0.12134
0.27363,0.94784,-0.16347,0.92784,-0.25782,0.07915
0.21228,0.97034,-0.11565,0.87259,0.12715,0.3344
0.13131,0.99003,-0.05097,0.66232,0.46522,0.14699
0.06119,0.99809,0.00801,-0.17711,0.96905,-0.01016
0.01235,0.99611,0.0872,-0.17348,0.20951,-0.343
-0.03549,0.9897,0.13865,-0.02243,0.06266,-0.62622
-0.07024,0.98426,0.16217,-0.3009,0.0962,-0.25425
-0.0968,0.98188,0.16294,0.189,-0.53228,0.08176
-0.11299,0.98271,0.14668,0.37566,-0.84843,0.02075
-0.10977,0.98651,0.12141,0.63759,-1.40174,-0.28332
-0.08494,0.99284,0.08394,0.67312,-1.15561,-0.32735
-0.04956,0.99828,0.03126,0.5249,-1.00205,-0.31159
-0.01421,0.99923,-0.03659,0.03194,-0.55387,0.33967
0.01837,0.99325,-0.11451,-0.23093,-0.26092,0.04662
0.05084,0.97477,-0.21735,-0.04977,0.19201,-0.0482
0.05265,0.93205,-0.3585,0.41125,5.62386,0.65914
0.06907,0.88566,-0.45916,-0.85998,0.55824,-0.20808
0.09702,0.85011,-0.51759,-1.26033,0.55577,-0.61329
0.14048,0.82334,-0.54989,-0.32245,1.05513,0.09233
0.19849,0.79814,-0.56884,0.10348,0.92905,-0.24889
0.22422,0.78736,-0.57427,0.2852,0.73316,-0.06513
0.22994,0.79656,-0.55913,0.09392,-0.82411,0.14596
0.23692,0.80964,-0.53698,0.24919,-1.37312,0.30068
0.23343,0.82443,-0.51558,0.00873,-1.42824,0.3435
0.2125,0.83928,-0.50046,-0.52821,-1.27347,0.58896
0.17963,0.85624,-0.48435,-0.54969,-1.42136,0.76035
0.16685,0.8741,-0.45618,-0.48553,-1.31371,0.73842
0.17764,0.88916,-0.42171,-0.35687,-0.93198,0.39514
0.2024,0.89789,-0.39092,-0.22068,-0.76331,0.41172
0.24014,0.90071,-0.36202,-0.54941,-0.62178,0.88919
0.27148,0.89646,-0.35023,-0.74815,0.17114,-0.93254
0.27064,0.89559,-0.35311,-1.67025,6.04759,0.4892
0.23323,0.92624,-0.29611,-0.40443,3.76286,0.9985
0.23974,0.93784,-0.25097,1.3494,-0.43532,-0.36201
0.23038,0.95501,-0.18677,0.80885,-0.39513,0.53293
0.17765,0.97644,-0.12252,0.44538,-0.042,0.47993
0.10399,0.99329,-0.05071,0.35786,0.6618,-0.02931
0.04724,0.99875,0.01602,0.11605,1.54629,-0.10169
-0.00107,0.99568,0.09284,-0.14131,0.34879,-0.33332
-0.05182,0.98904,0.13824,0.3195,0.21127,-0.57046
-0.08926,0.98249,0.16352,0.13574,0.10288,-0.35167
-0.11595,0.979,0.16768,0.29663,-0.1929,-0.15859
-0.12759,0.98009,0.15212,0.61464,-1.11243,-0.09406
-0.11753,0.98444,0.1306,0.7117,-1.36689,-0.28102
-0.08618,0.99189,0.09344,0.68493,-1.25053,-0.30496
-0.04782,0.99822,0.03555,0.20604,-0.88389,-0.28025
-0.01259,0.99919,-0.03821,-0.02174,-0.63068,0.28058
0.0164,0.99235,-0.12233,-0.1694,-0.43698,0.41606
0.04225,0.97277,-0.22789,0.33084,1.67988,-0.51965
0.04226,0.92935,-0.36678,0.44777,3.94262,0.43624
0.06209,0.87871,-0.47329,-0.59865,2.16024,0.45497
0.10313,0.83514,-0.54028,-0.77449,1.01305,-0.44033
0.15319,0.80156,-0.57796,-0.02742,1.13951,-0.20027
0.1992,0.76905,-0.60735,0.01791,1.16572,-0.11936
0.21284,0.75125,-0.62476,0.11385,0.43799,-0.19188
0.20474,0.76189,-0.6145,0.25285,-0.76756,-0.02294
0.20606,0.78195,-0.5883,0.28599,-1.21496,-0.05785
0.20127,0.80526,-0.55772,0.08799,-1.50699,0.26353
0.17994,0.82132,-0.54135,-0.31074,-1.1319,0.66593
0.14793,0.83112,-0.53606,-0.29329,-1.2509,0.75269
0.13528,0.84113,-0.52365,-0.44918,-1.24283,0.8132
0.14947,0.85552,-0.49573,-0.46915,-0.93012,0.54879
0.1824,0.86763,-0.46255,-0.36514,-0.8369,0.38272
0.23413,0.87444,-0.4249,-0.32043,-0.79163,1.00891
0.29265,0.8771,-0.38084,-0.6462,0.25549,-1.21785
0.30315,0.86076,-0.40889,-0.65669,0.27184,-1.18981
0.25824,0.88475,-0.38799,-0.52208,3.11882,0.73589
0.25348,0.91336,-0.31863,1.31667,0.43347,0.06103
0.25222,0.93454,-0.25103,1.32673,-0.23923,-0.07853
0.22279,0.95525,-0.19456,0.70453,0.06507,0.28697
0.16224,0.97851,-0.12726,0.72109,0.28658,0.10479
0.08512,0.9949,-0.05414,0.78301,0.56339,0.00031
0.03184,0.99934,0.01766,0.02212,0.99177,0.02963
-0.01454,0.99563,0.0923,-0.22345,-0.0562,-0.51895
-0.05686,0.98942,0.13349,0.01081,-0.0788,-0.60588
-0.08811,0.98344,0.15837,-0.13375,0.15267,-0.33368
-0.11569,0.98121,0.15443,0.26059,-0.45655,0.0222
-0.1286,0.98234,0.1359,0.47078,-0.80265,0.12878
-0.11841,0.98659,0.11235,0.65116,-1.38751,-0.26679
-0.08437,0.99359,0.07517,0.50837,-0.94522,-0.39718
-0.0434,0.99888,0.01899,0.2967,-0.86159,-0.32327
-0.00622,0.99869,-0.05086,0.08108,-0.78717,-0.1107
0.02384,0.99124,-0.1299,-0.00332,-0.51416,0.51449
0.05116,0.97245,-0.22741,-0.16414,0.40644,-0.1942
0.05035,0.93017,-0.36367,0.27538,4.66955,0.83655
0.05919,0.87957,-0.47207,-0.78601,0.41941,-0.12674
0.09204,0.83644,-0.54027,-0.94824,0.81283,-0.56244
0.13673,0.8058,-0.57619,-0.19503,0.95909,-0.24359
0.18671,0.7806,-0.59649,-0.10929,0.91964,-0.0425
0.21506,0.76577,-0.60609,0.17546,0.48577,0.09862
0.21674,0.76999,-0.60011,0.28146,-0.64682,0.03136
0.21977,0.78268,-0.58233,0.33536,-1.29567,0.15058
0.21303,0.79964,-0.56141,-0.03456,-1.29923,0.35069
0.18772,0.81299,-0.5512,-0.34267,-1.17795,0.70958
0.14967,0.82505,-0.54488,-0.46881,-1.30982,0.77634
0.1289,0.84066,-0.526,-0.4181,-1.05401,0.6603
0.1382,0.85635,-0.49757,-0.34713,-0.74807,0.43666
0.17018,0.8682,-0.46613,-0.28612,-0.82886,0.38646
0.21937,0.87494,-0.4317,-0.42509,-0.87787,0.63814
0.27024,0.8752,-0.40124,-0.92862,-0.37425,-0.61835
0.28983,0.85886,-0.42233,-1.32264,3.48404,0.37887
0.27734,0.88888,-0.36465,-1.38088,5.49303,0.51117
0.27506,0.90984,-0.31069,1.51374,0.06474,-0.32035
0.27372,0.92817,-0.25215,1.14783,-0.783,0.29687
0.24562,0.94761,-0.20422,1.02549,-0.68261,0.38514
0.18232,0.97233,-0.14603,0.72089,0.12783,0.24671
0.10437,0.99158,-0.07669,0.43667,1.0094,-0.07569
0.04394,0.99896,-0.01218,0.34193,1.41985,0.2116
-0.00501,0.99795,0.06387,-0.15913,0.00341,-0.46734
-0.0503,0.99223,0.11384,-0.4379,0.39632,-0.55741
-0.07946,0.98637,0.1441,-0.40874,0.40218,-0.58767
-0.10477,0.98368,0.14628,0.09473,-0.4114,0.06119
-0.12162,0.98425,0.12832,0.47314,-1.28069,-0.10792
-0.11931,0.9873,0.10491,0.47083,-1.28375,-0.08451
-0.09425,0.9929,0.07251,0.62435,-1.26233,-0.39395
-0.05731,0.99813,0.02149,0.29542,-0.8315,-0.21627
-0.02262,0.99868,-0.04604,0.18877,-0.78132,0.07402
0.01171,0.99218,-0.12427,-0.20177,-0.22559,-0.1056
0.04394,0.97282,-0.22734,0.58623,3.13229,0.13053
0.04633,0.93427,-0.35355,0.58385,3.17085,0.25675
0.06363,0.88786,-0.45569,-0.58141,0.88871,0.23156
0.09378,0.84805,-0.52155,-0.74526,1.08444,-0.36423
0.14382,0.81636,-0.55935,-0.01059,1.07949,-0.16809
0.20393,0.78554,-0.58424,0.19983,1.0189,-0.27615
0.22863,0.76521,-0.60181,0.31581,0.18234,-0.0319
0.22192,0.77183,-0.59585,0.29587,-0.35254,-0.02116
0.21152,0.79064,-0.57459,0.24863,-1.34275,0.00815
0.19434,0.81038,-0.55274,-0.27686,-1.32533,0.46872
0.16171,0.82281,-0.54482,-0.3304,-1.2612,0.69679
0.12588,0.83525,-0.53527,-0.44451,-1.48798,0.82167
0.11507,0.85109,-0.51226,-0.37476,-0.99553,0.62305
0.13091,0.86604,-0.48254,-0.41309,-0.89512,0.48637
0.16861,0.87501,-0.45379,-0.36986,-0.73099,0.64763
0.22583,0.87548,-0.42725,-0.71976,-0.4798,0.65287
0.27786,0.86657,-0.41455,-0.79248,-0.11214,-0.49254
0.30323,0.86363,-0.40273,-1.22547,5.17181,0.5922
0.27935,0.89431,-0.34952,1.08484,1.14409,0.07155
0.26965,0.91413,-0.30274,1.13419,0.13154,-0.20671
0.24919,0.93714,-0.24429,0.91393,-0.68612,0.53364
0.19817,0.96123,-0.19173,0.59484,0.08216,0.26623
0.11808,0.98488,-0.12677,0.78727,0.45047,0.0784
0.03744,0.99747,-0.0604,0.50183,1.41824,0.25698
-0.01623,0.9997,0.01833,0.01251,0.14398,-0.385
-0.07162,0.99349,0.08858,0.29067,0.02018,-0.46966
-0.11238,0.98474,0.13291,-0.08489,0.23949,-0.56403
-0.13909,0.97722,0.16028,-0.09925,-0.08733,-0.13157
-0.15726,0.97518,0.15586,0.04581,-0.33507,0.02047
-0.16051,0.97785,0.13436,0.45611,-1.17362,-0.16507
-0.14352,0.98402,0.10537,0.65304,-1.26819,-0.43638
-0.10757,0.99209,0.06468,0.64467,-1.04168,-0.37292
-0.06792,0.99765,0.00889,0.39711,-0.78861,0.17083
-0.03047,0.99775,-0.05967,-0.02887,-0.33187,-0.0164
0.01215,0.98986,-0.14153,-0.12102,-0.07122,0.03454
0.04386,0.96339,-0.26448,0.75517,3.42355,0.39886
0.05495,0.9171,-0.39485,-0.44194,2.38983,0.75479
0.08118,0.86902,-0.48807,-1.03438,1.22177,0.21642
0.12274,0.83592,-0.53494,-0.48386,1.14055,-0.45303
0.17715,0.81061,-0.55815,-0.42903,1.03692,-0.02061
0.22301,0.78981,-0.57137,-0.32783,0.89093,0.01629
0.23517,0.78582,-0.572,0.33369,-0.75995,-0.08278
0.24236,0.79389,-0.55768,0.30505,-1.22751,-0.13951
0.24148,0.81095,-0.53296,0.23573,-1.42509,0.06384
0.21677,0.82578,-0.52068,-0.34898,-1.14865,0.62529
0.17352,0.8384,-0.51669,-0.50044,-1.2727,0.90494
0.14456,0.85206,-0.50308,-0.56418,-1.35989,0.87547
0.15027,0.86673,-0.4756,-0.48368,-1.05907,0.53367
0.1766,0.87845,-0.444,-0.37354,-0.85872,0.36712
0.21806,0.883,-0.41565,-0.37536,-0.80211,0.39769
0.26784,0.8842,-0.38269,-0.95971,-0.47899,0.39607
0.29081,0.87281,-0.39195,-0.72459,0.67986,0.05081
0.27194,0.8979,-0.34614,-1.6279,3.57721,0.61369
0.23665,0.92946,-0.28301,1.2408,1.20642,0.00925
0.2301,0.94605,-0.22813,1.09603,-0.84165,0.43825
0.20792,0.9637,-0.16746,1.03953,-0.66817,0.4837
0.15173,0.9828,-0.10524,0.88892,-0.09088,0.21657
0.0766,0.99641,-0.03601,0.40822,1.19768,-0.20891
0.017,0.99944,0.0289,0.34947,1.43319,0.08064
-0.02403,0.99445,0.10246,-0.27266,-0.00404,-0.58052
-0.06492,0.98665,0.14933,-0.26115,0.19146,-0.72204
-0.09459,0.97962,0.17721,-0.08089,0.10519,-0.29336
-0.11925,0.97624,0.18094,0.28462,-0.57975,-0.09129
-0.12927,0.97712,0.1689,0.62619,-1.20447,-0.05316
-0.11398,0.98215,0.14963,0.67117,-1.42925,-0.21103
-0.07817,0.99067,0.1116,0.54783,-0.95053,-0.45033
-0.03688,0.99783,0.05451,0.22766,-0.73175,-0.25965
-0.00053,0.99984,-0.01786,0.15898,-0.63908,0.22025
0.03247,0.99406,-0.10391,-0.21502,0.30781,-0.30925
0.05481,0.9715,-0.23064,0.66206,3.81998,0.26077
0.04606,0.93009,-0.36443,0.25589,4.8173,0.88454
0.06686,0.88272,-0.46512,-1.30077,0.89641,-0.35434
0.10831,0.84883,-0.51746,-0.59427,1.02209,-0.27531
0.17432,0.81789,-0.54834,-0.33936,0.98331,-0.23238
0.23512,0.78785,-0.56922,0.05745,0.77247,0.07939
0.26607,0.77397,-0.5746,0.24907,0.18904,-0.10295
0.27241,0.78117,-0.56176,0.25834,-0.60562,0.03312
0.26962,0.79321,-0.54601,0.21999,-1.57832,0.5013
0.24745,0.80451,-0.53994,-0.4628,-1.33747,0.54654
0.2028,0.81914,-0.53655,-0.44712,-1.41638,0.764
0.16706,0.83801,-0.51946,-0.5763,-1.63098,0.90187
0.16745,0.86089,-0.48045,-0.6615,-1.1496,0.65913
0.18735,0.881,-0.43444,-0.60961,-0.95212,0.45575
0.22129,0.89041,-0.39774,-0.14104,-0.5271,0.4132
0.2691,0.89516,-0.35536,-0.48715,-0.70268,0.96554
0.29968,0.8978,-0.32271,-0.94747,-0.51485,0.70111
0.27906,0.88622,-0.36978,-1.76568,7.01691,0.2964
0.227,0.92374,-0.3085,0.73812,1.14598,0.46808
0.25904,0.9327,-0.25094,1.1671,0.36102,0.34286
0.25633,0.94764,-0.19043,0.90659,-0.83178,0.11408
0.21331,0.96557,-0.14893,0.84922,-0.26029,0.38945
0.14206,0.98616,-0.08551,0.71942,-0.20529,0.3771
0.05923,0.99799,-0.02248,-0.13698,1.83631,0.10307
-0.01183,0.99904,0.04217,-0.10406,1.57966,-0.01801
-0.06475,0.99221,0.10639,0.10332,0.15985,-0.6709
-0.09913,0.98572,0.13615,-0.06609,0.22722,-0.42869
-0.1215,0.98349,0.13412,0.33895,-0.46127,-0.02425
-0.13525,0.98504,0.10675,0.5132,-0.82537,0.08661
-0.13186,0.98787,0.082,0.70864,-1.3286,-0.11375
-0.10589,0.99301,0.0522,0.75397,-1.29536,-0.22116
-0.07069,0.99746,0.00888,0.58641,-1.11568,-0.18919
-0.03452,0.99815,-0.05012,0.22341,-0.91245,0.08906
0.00143,0.99257,-0.12162,-0.17181,-0.28887,0.0475
0.03884,0.97652,-0.2119,0.03389,0.00523,0.11421
0.05616,0.93757,-0.34323,0.24355,4.62613,0.42275
0.06906,0.88723,-0.45612,-0.64068,1.31189,-0.16528
0.11008,0.84705,-0.51999,-0.8292,0.79013,-0.489
0.1397,0.81714,-0.55926,-0.15244,1.2793,-0.05585
0.17119,0.78689,-0.59288,-0.03593,0.93899,-0.16533
0.18829,0.77152,-0.6077,0.08945,0.64282,-0.22773
0.18322,0.77976,-0.59867,0.02831,-0.74615,-0.00934
0.17966,0.79949,-0.57319,0.1602,-1.41947,-0.00173
0.16846,0.81865,-0.54903,0.22206,-1.41353,0.08541
0.14538,0.82762,-0.54214,-0.29318,-1.114,0.72125
0.11384,0.832,-0.54297,-0.30875,-1.40039,0.91208
0.10448,0.83912,-0.53382,-0.15649,-1.29963,0.86776
0.12413,0.84836,-0.51465,-0.19395,-0.80169,0.44009
0.16597,0.85537,-0.49072,-0.15247,-0.76236,0.36886
0.22187,0.86195,-0.45586,-0.28547,-0.8885,0.57952
0.27381,0.86993,-0.41018,-1.17199,-0.60064,-0.14486
0.27849,0.85259,-0.44219,-1.45852,1.98577,0.56971
0.25066,0.8731,-0.41816,-2.01153,4.30048,0.33625
0.24375,0.90614,-0.34568,1.46286,0.64087,0.18539
0.24656,0.93016,-0.27205,1.2291,-0.47848,0.21204
0.22296,0.95108,-0.21385,1.10488,-0.43714,0.43777
0.16886,0.97365,-0.15328,0.89896,0.22469,0.08787
0.09064,0.99243,-0.0829,0.74332,1.09041,-0.14422
0.02894,0.99946,-0.01566,0.5465,1.536,0.01883
-0.02014,0.9977,0.06465,-0.30507,0.06194,-0.41583
-0.06565,0.9911,0.11577,-0.53882,0.23811,-0.59604
-0.09579,0.9847,0.14558,-0.47356,0.17251,-0.36467
-0.12424,0.98108,0.1485,0.16156,-0.51315,0.05304
-0.14233,0.98037,0.13643,0.7102,-1.35302,-0.15308
-0.13707,0.98364,0.11686,0.70494,-1.35629,-0.13351
-0.10512,0.99124,0.07992,0.8335,-1.10585,-0.51867
-0.06173,0.99792,0.01879,0.32044,-0.71018,-0.2837
-0.02244,0.99819,-0.05585,0.10736,-0.67136,0.28433
0.01163,0.98983,-0.1418,-0.14093,-0.27762,0.01022
0.03936,0.96568,-0.25675,0.39382,1.36722,-0.37429
0.02965,0.91911,-0.39288,0.6134,3.72373,0.32253
0.04216,0.8641,-0.50155,-0.5382,0.883,0.15676
0.07306,0.82041,-0.56709,-0.79458,1.09873,-0.52892
0.11519,0.78604,-0.60734,-0.33329,1.18066,-0.41642
0.15367,0.75536,-0.63703,-0.07051,1.02651,-0.06664
0.16712,0.74453,-0.64634,0.11094,-0.05965,0.18587
0.15421,0.75839,-0.63329,0.1092,-0.63744,0.33543
0.14517,0.78118,-0.6072,0.02198,-1.46152,0.43775
0.1321,0.80253,-0.5818,-0.37527,-1.37513,0.46832
0.10698,0.8181,-0.56504,-0.37748,-1.27072,0.66906
0.08204,0.82969,-0.55217,-0.34799,-1.3537,0.79173
0.08739,0.84434,-0.52863,-0.34279,-0.96873,0.66239
0.11862,0.85834,-0.49917,-0.35485,-0.82822,0.49855
0.17092,0.86443,-0.47281,-0.10714,-0.71819,0.56658
0.23877,0.86359,-0.44408,-0.62896,-0.56506,1.04903
0.29131,0.85682,-0.42545,-0.66261,0.20307,-0.69711
0.30891,0.83972,-0.44659,-1.65625,6.26454,0.03698
0.27364,0.87605,-0.39706,1.04654,1.38105,0.51108
0.28343,0.8954,-0.3434,1.20465,0.20651,-0.08942
0.28382,0.91935,-0.27247,0.98862,-0.6764,0.42582
0.24646,0.94424,-0.21834,0.72074,-0.07234,0.25197
0.17334,0.97394,-0.14629,0.78617,0.11475,0.14553
0.09121,0.99272,-0.07865,0.6297,1.57306,0.28408
0.03076,0.99952,-0.00431,0.02627,0.43901,-0.25889
-0.02386,0.99757,0.06542,-0.04916,0.03525,-0.54669
-0.06404,0.99244,0.10469,-0.3689,0.27144,-0.28856
-0.09015,0.98781,0.12686,-0.17613,0.0198,-0.07735
-0.11279,0.98687,0.11563,0.06009,-0.31347,0.09681
-0.12186,0.98828,0.09192,0.50626,-1.21564,-0.12104
-0.11038,0.99218,0.05828,0.64895,-1.32534,-0.22862
-0.07837,0.99681,0.01494,0.63868,-1.17413,-0.27004
-0.04111,0.99817,-0.04436,0.35091,-0.95538,-0.16104
-0.00687,0.99325,-0.11583,0.19365,-0.79548,0.39304
0.02587,0.97953,-0.19962,-0.18857,-0.25231,0.17206
0.05739,0.94972,-0.30779,0.4863,1.21378,-0.48929
0.06048,0.89291,-0.44615,0.4878,5.33319,0.73627
0.09062,0.836,-0.5412,-0.24822,3.13169,0.63591
0.12482,0.79634,-0.59183,-1.03739,0.84346,-0.63637
0.15762,0.76855,-0.62007,-0.1911,1.08027,-0.11037
0.18978,0.75047,-0.63307,-0.22326,1.09835,-0.09737
0.19729,0.75201,-0.62893,0.16216,0.22678,0.03271
0.19415,0.77347,-0.60337,0.19147,-1.2038,-0.15368
0.1987,0.79957,-0.56675,0.18692,-1.2299,-0.1903
0.19346,0.81896,-0.54026,0.00364,-1.30039,0.21425
0.17281,0.82997,-0.53036,-0.47341,-1.25322,0.82606
0.14394,0.84199,-0.51993,-0.42139,-1.21684,0.82787
0.13555,0.85356,-0.50305,-0.30437,-1.00134,0.62886
0.14692,0.86097,-0.48698,-0.25847,-0.69793,0.43283
0.17372,0.86523,-0.47033,-0.28532,-0.7459,0.42579
0.213,0.87367,-0.43742,-0.34488,-1.0113,0.63034
0.25313,0.88686,-0.38653,-1.19217,-0.56296,0.13743
0.2547,0.885,-0.38976,-0.77771,0.79292,-1.78607
0.19382,0.9066,-0.37484,0.26498,2.27284,0.55312
0.21267,0.92955,-0.30119,1.62903,0.27524,-0.17606
0.25595,0.94217,-0.21636,1.25938,-0.46875,-0.16622
0.26548,0.95303,-0.14583,0.99188,-0.64933,0.16716
0.23477,0.96762,-0.09274,1.19073,0.18625,0.38313
0.16021,0.98644,-0.03556,0.79769,0.66474,0.1816
0.09551,0.99513,0.02459,-0.22246,0.91111,-0.12964
0.04624,0.99428,0.09628,-0.41194,0.24739,-0.25234
-0.00716,0.99071,0.13583,-0.35847,0.33646,-0.48425
-0.0439,0.98734,0.15241,-0.02398,0.03246,-0.12481
-0.06791,0.98652,0.1489,0.23783,-0.34716,-0.01024
-0.07478,0.98836,0.1325,0.53442,-1.20799,-0.24988
-0.05699,0.99271,0.10622,0.6308,-1.36107,-0.35029
-0.01619,0.99796,0.0617,0.51902,-0.93226,-0.2303
0.02704,0.99962,-0.00604,0.18071,-0.48073,0.1084
0.06903,0.99364,-0.08892,-0.03576,0.04765,-0.15806
0.10828,0.97436,-0.19723,0.87847,1.82429,-0.09388
0.11494,0.93479,-0.33608,0.77332,3.79029,0.47905
0.11114,0.88572,-0.45071,-0.95495,0.94118,0.15229
0.12511,0.84067,-0.5269,-0.73746,1.26082,-0.29264
0.15941,0.80059,-0.57762,-0.19514,1.29094,-0.21418
0.21152,0.75912,-0.61563,0.05263,1.09624,-0.11902
0.24641,0.7303,-0.63713,0.24332,0.51515,0.14101
0.24738,0.7327,-0.634,0.12358,-0.18132,0.07844
0.23746,0.75447,-0.61187,0.04031,-1.5271,0.12851
0.21746,0.782,-0.58411,0.00483,-1.5251,0.27918
0.18178,0.80024,-0.57147,-0.38871,-1.19951,0.59716
0.14275,0.80924,-0.56987,-0.51211,-1.50599,0.84773
0.13184,0.81978,-0.55729,-0.40101,-1.05071,0.70695
0.15248,0.83622,-0.52677,-0.43922,-0.92011,0.57905
0.19342,0.84996,-0.49006,-0.23157,-0.73,0.44265
0.24862,0.85564,-0.45394,-0.26233,-0.87614,0.86458
0.30544,0.8654,-0.39722,-0.31915,-0.8859,0.80786
0.32391,0.87197,-0.36708,-1.04425,-0.20209,-0.90029
0.26996,0.86231,-0.42842,-1.65847,5.94564,0.61137
0.2247,0.90549,-0.35998,-0.36568,3.6842,1.26932
0.26734,0.91505,-0.302,1.42913,-0.09209,-0.01974
0.27104,0.93297,-0.23685,0.77973,-0.70336,0.18413
0.2306,0.95447,-0.18922,0.82016,-0.72486,0.1365
0.16337,0.97837,-0.12691,0.45279,0.80934,0.17403
0.08789,0.99384,-0.06751,0.03656,1.43716,0.2881
0.02647,0.99962,0.00725,0.09798,1.43138,0.21333
-0.03036,0.99656,0.07708,-0.05535,0.27123,-0.52806
-0.0756,0.99075,0.1127,-0.13369,0.31339,-0.46488
-0.10812,0.98638,0.12398,0.10801,0.04187,-0.24367
-0.13182,0.98474,0.11359,0.61966,-0.94054,0.02314
-0.13579,0.98574,0.0994,0.6891,-1.41518,-0.28233
-0.1159,0.99031,0.07644,0.74429,-1.4836,-0.29511
-0.08106,0.99604,0.03658,0.46809,-0.92701,-0.21682
-0.04406,0.99878,-0.02234,0.22232,-0.71661,0.33219
-0.00943,0.99547,-0.09465,-0.00894,-0.46432,0.33695
0.02499,0.98261,-0.18401,0.57658,1.57402,-0.57865
0.02695,0.94858,-0.31538,0.4169,5.00779,0.84609
0.0213,0.90188,-0.43147,-0.2467,2.01664,0.98548
0.04915,0.86039,-0.50725,-0.72848,1.1895,-0.22288
0.09555,0.82574,-0.5559,-0.07135,0.99315,0.08036
0.13817,0.79024,-0.59702,-0.22078,0.90983,0.0574
0.16403,0.76493,-0.62288,0.22338,0.37333,-0.08656
0.16643,0.76941,-0.61669,0.01913,-0.43806,-0.12666
0.1632,0.79027,-0.59062,-0.03462,-0.87785,-0.02418
0.15181,0.81,-0.56645,-0.00973,-1.5374,0.50053
0.12591,0.82142,-0.55625,-0.25333,-1.28781,0.65966
0.09541,0.83147,-0.54732,-0.32019,-1.40037,0.74271
0.08651,0.84485,-0.52796,-0.2891,-1.20589,0.70994
0.10229,0.85884,-0.50193,-0.33795,-0.79646,0.4308
0.13708,0.86694,-0.47919,-0.18377,-0.58616,0.39595
0.19393,0.86429,-0.4641,-0.37889,-0.4815,0.84838
0.2572,0.85345,-0.45329,-0.72745,-0.106,-0.36942
0.28919,0.84172,-0.45593,-1.14766,2.09585,0.26196
0.27517,0.86471,-0.4202,0.30767,2.75172,0.54576
0.25257,0.89362,-0.37101,1.04988,0.03411,0.06623
0.23707,0.91967,-0.31307,1.00977,-0.54416,0.08121
0.20227,0.9465,-0.25143,0.73464,-0.13117,0.44901
0.13599,0.97376,-0.18247,0.9162,0.55219,0.19339
0.06456,0.99216,-0.10704,0.9776,1.5056,-0.02599
0.02141,0.99953,-0.02203,0.22237,0.55463,-0.14116
-0.0252,0.99818,0.05485,-0.21191,0.11192,-0.3455
-0.06761,0.9925,0.10181,-0.06851,0.18557,-0.37291
-0.09746,0.98628,0.13327,-0.22646,0.22172,-0.2222
-0.12625,0.98227,0.13859,0.16322,-0.40758,0.08547
-0.1416,0.98182,0.1264,0.47881,-0.97636,-0.03369
-0.13361,0.98555,0.10409,0.52932,-1.27127,-0.37918
-0.09981,0.99297,0.06359,0.49944,-0.84182,-0.31416
-0.05917,0.99825,0.00159,0.32971,-0.78392,-0.12638
-0.02398,0.99688,-0.07521,0.05743,-0.57862,0.39807
0.01072,0.98721,-0.15906,0.23084,0.35179,-0.28182
0.03367,0.96067,-0.27564,0.75367,1.88675,0.03685
0.0235,0.91317,-0.40691,0.18234,3.93127,0.65029
0.03328,0.86179,-0.50617,-1.02043,0.9435,-0.4687
0.06045,0.82403,-0.56331,-0.79539,1.17984,-0.27582
0.10407,0.78822,-0.60653,-0.24718,1.03725,0.16134
0.14752,0.75275,-0.64156,0.19097,0.74641,-0.01662
0.15777,0.74138,-0.65227,0.16945,0.31614,-0.04951
0.15407,0.76002,-0.63137,0.07754,-1.14541,0.09791
0.14933,0.78875,-0.5963,0.07878,-1.43324,0.22804
0.12986,0.81163,-0.56956,-0.10115,-1.54208,0.31847
0.09609,0.82519,-0.55663,-0.31862,-1.34957,0.6012
0.06533,0.83565,-0.54536,-0.1303,-1.27738,0.77689
0.06121,0.84614,-0.52944,-0.10116,-1.08655,0.66172
0.07828,0.85402,-0.51432,0.16293,-0.60797,0.30554
0.1195,0.85579,-0.50332,0.02028,-0.72594,0.5899
0.1861,0.85644,-0.48155,-0.55229,-0.68691,1.32551
0.23796,0.85216,-0.46604,-0.75133,0.07542,-0.69579
0.24034,0.8472,-0.47381,-1.7483,5.77896,0.57558
0.2026,0.87921,-0.4312,-0.57529,3.35121,0.60938
0.21154,0.89985,-0.38148,0.99101,-0.61634,-0.00634
0.21413,0.92765,-0.30598,0.87572,-0.66428,0.68678
0.18417,0.9534,-0.239,0.85027,-0.19331,0.5403
0.10889,0.97966,-0.16853,0.99686,0.82774,0.00136
0.03398,0.9945,-0.09905,0.63471,1.49843,0.10489
-0.01975,0.99965,-0.01791,0.24062,0.93946,0.12545
-0.07357,0.99564,0.05743,0.3053,0.00791,-0.43467
-0.1124,0.98849,0.10125,0.03129,0.07645,-0.59854
-0.13945,0.98193,0.1279,-0.1436,0.08209,-0.44795
-0.15789,0.97964,0.124,0.25701,-0.51953,0.1276
-0.15899,0.98177,0.10411,0.35643,-1.03642,-0.13534
-0.13913,0.98757,0.07316,0.4706,-1.23015,-0.38746
-0.10283,0.99432,0.02731,0.53782,-0.96303,-0.26525
-0.06398,0.99736,-0.03421,0.34164,-0.75759,0.19423
-0.02923,0.99367,-0.10844,0.30689,-0.7539,0.26846
0.00534,0.98082,-0.19483,0.06922,0.14184,0.08707
0.02138,0.94676,-0.32123,1.3022,5.1274,0.57041
0.01811,0.89096,-0.45372,1.30547,5.1832,0.70289
0.03618,0.83997,-0.54142,-1.36455,0.99244,-0.32788
0.06548,0.80706,-0.58683,-1.08949,1.13836,-0.409
0.11367,0.78317,-0.61133,-0.6728,1.15784,-0.213
0.15884,0.76941,-0.61869,-0.21244,0.71329,0.05995
0.17736,0.77236,-0.60993,0.03919,-0.70413,0.08184
0.19947,0.78876,-0.58143,0.01708,-0.72054,0.05334
0.2142,0.80748,-0.54963,0.08118,-1.63357,0.26066
0.20732,0.82171,-0.53086,-0.33047,-1.24311,0.63151
0.17593,0.8337,-0.52344,-0.41873,-1.42847,0.75946
0.14772,0.8484,-0.50832,-0.44316,-1.38913,0.79926
0.14164,0.8642,-0.48281,-0.44766,-0.9449,0.55378
0.15162,0.875,-0.45977,-0.23962,-0.67512,0.44257
0.17494,0.87948,-0.44261,-0.43463,-0.50611,0.79138
0.21348,0.87964,-0.42504,-0.58692,-0.29988,0.48078
0.24761,0.8732,-0.41979,-0.6344,0.22701,-0.25441
0.25085,0.87714,-0.40952,-0.73696,4.53291,1.03747
0.22191,0.9054,-0.36194,0.27181,1.34878,0.54616
0.22436,0.92441,-0.30842,0.9079,-0.47181,-0.1067
0.21449,0.94814,-0.23456,0.84879,-0.53454,0.52547
0.16751,0.97124,-0.16922,0.89937,0.36059,0.40994
0.09169,0.99105,-0.09705,1.11557,0.74299,0.17303
0.03282,0.99915,-0.02482,0.07694,0.95617,-0.00551
-0.01678,0.99855,0.05117,-0.23582,0.26988,-0.50412
-0.07209,0.99312,0.09232,0.15181,0.33524,-0.58871
-0.11189,0.98685,0.11666,0.07113,0.3271,-0.42679
-0.14285,0.98265,0.11833,0.2987,-0.09034,-0.19488
-0.15952,0.98208,0.10036,0.7112,-1.11532,0.06224
-0.15358,0.98499,0.07875,0.80638,-1.51258,-0.24875
-0.12269,0.99138,0.0459,0.84281,-1.43474,-0.38428
-0.08272,0.99654,-0.00786,0.41175,-0.82912,-0.06442
-0.04607,0.9959,-0.07786,0.08297,-0.51,0.25066
-0.013,0.98757,-0.15667,0.01472,0.01536,-0.01458
0.01065,0.96475,-0.26295,0.85494,2.04944,-0.04504
0.00404,0.92066,-0.39034,-0.23344,4.10435,0.96351
0.02078,0.87134,-0.49024,-1.09934,0.95219,-0.34361
0.05235,0.83255,-0.55148,-0.66709,1.26308,-0.12217
0.10589,0.80075,-0.58956,-0.19517,1.08819,0.06913
0.1603,0.76884,-0.61902,0.24191,0.8489,-0.10524
0.17389,0.75749,-0.62927,0.22832,0.86025,-0.09499
0.1646,0.77196,-0.614,0.03795,-0.97568,0.0782
0.15591,0.79726,-0.58316,0.19057,-1.60599,0.20743
0.13577,0.81867,-0.55799,-0.09757,-1.38156,0.17727
0.10061,0.82833,-0.55114,-0.23478,-1.18212,0.77716
0.06921,0.83391,-0.54754,-0.28967,-1.19138,0.75797
0.06599,0.84347,-0.53311,-0.28645,-1.20094,0.74355
0.08601,0.85441,-0.51243,-0.19306,-0.69009,0.3873
0.12705,0.86031,-0.49368,-0.21889,-0.70033,0.62426
0.18532,0.86156,-0.47263,-0.44269,-0.73319,1.11731
0.23904,0.85651,-0.45744,-0.74237,-0.00807,-0.77121
0.25682,0.83867,-0.4803,-1.50572,5.1837,0.41101
0.24125,0.87397,-0.42187,0.21245,4.11086,0.48672
0.23597,0.89625,-0.37558,1.30886,-0.36772,-0.09011
0.23544,0.91995,-0.31347,0.90495,-0.6902,0.43935
0.20735,0.94398,-0.25673,0.80121,-0.25067,0.45003
0.14176,0.97147,-0.19015,0.70887,0.56561,0.06209
0.06096,0.99103,-0.1189,0.54057,1.61303,0.16011
-0.00218,0.99909,-0.04255,0.23394,1.22909,0.22668
-0.05772,0.99765,0.03702,0.01814,0.04285,-0.57989
-0.1036,0.9911,0.08357,-0.30073,0.22441,-0.54463
-0.13518,0.98463,0.11057,-0.18304,0.12677,-0.23986
-0.16217,0.98124,0.10427,0.19941,-0.46055,0.18471
-0.1745,0.98115,0.08305,0.65451,-1.28282,-0.1519
-0.16358,0.98511,0.05282,0.70307,-1.39942,-0.24358
-0.13009,0.9914,0.0139,0.71131,-1.0169,-0.34859
-0.09104,0.99506,-0.03946,0.38682,-0.8343,0.18321
-0.05591,0.9927,-0.10685,0.1935,-0.65168,0.33664
-0.0185,0.98301,-0.18261,0.30675,0.1131,0.02355
0.00991,0.95735,-0.28875,0.75527,3.19635,0.22788
0.0119,0.91208,-0.40983,0.52452,4.35793,0.54466
0.0325,0.86332,-0.50362,-0.88583,1.02774,-0.25668
0.05806,0.82652,-0.5599,-0.36026,1.32968,-0.24256
0.09381,0.79915,-0.59376,-0.30399,1.2606,-0.0468
0.12595,0.77778,-0.61579,-0.10285,0.72192,0.02914
0.13089,0.77313,-0.6206,0.00404,-0.05461,-0.08544
0.13552,0.78428,-0.60542,0.02436,-0.55477,-0.14125
0.14274,0.80145,-0.58078,0.19645,-1.41191,0.33611
0.1364,0.81137,-0.56839,-0.32093,-1.23755,0.44946
0.10945,0.81866,-0.56376,-0.39973,-1.20205,0.64811
0.08783,0.82859,-0.55292,-0.2184,-1.48962,0.83821
0.09827,0.84295,-0.52895,-0.13738,-1.13544,0.62006
0.13047,0.85612,-0.50004,-0.11145,-0.95988,0.5341
0.17629,0.8636,-0.47234,-0.11245,-0.84864,0.61221
0.23039,0.87257,-0.43075,-0.36212,-0.88407,0.97631
0.25127,0.86947,-0.42529,-0.63427,0.04158,-1.06456
0.243,0.86864,-0.43175,-1.90337,5.65637,0.89661
0.20761,0.91009,-0.35866,0.71782,1.78971,0.3617
0.22102,0.92865,-0.29791,1.15474,0.19127,-0.17163
0.21625,0.9496,-0.22692,0.94801,-0.77374,0.43986
0.17893,0.96953,-0.1673,1.12599,0.60339,0.30316
0.10783,0.98894,-0.1018,1.15957,0.87162,0.03025
0.04428,0.99829,-0.03807,0.2426,1.27218,0.13838
-0.00832,0.99923,0.03822,-0.18623,0.12331,-0.43135
-0.06532,0.99369,0.09116,0.10144,0.15784,-0.61689
-0.10528,0.98689,0.12232,-0.20179,0.25299,-0.57707
-0.13604,0.9818,0.13255,0.42179,-0.56343,0.01729
-0.15602,0.97992,0.12413,0.64125,-0.87543,0.0724
-0.15526,0.9819,0.1085,0.8544,-1.40263,-0.28947
-0.12936,0.98837,0.07994,0.75156,-0.95607,-0.50569
-0.08953,0.99555,0.02944,0.50996,-0.7963,-0.36741
-0.04962,0.99795,-0.04044,0.1566,-0.45506,0.49383
-0.0163,0.99243,-0.12174,0.0235,0.26346,-0.09489
0.01108,0.97344,-0.22866,0.53195,0.98681,-0.40929
0.00323,0.93226,-0.36178,0.8405,4.92974,0.8832
0.00457,0.87905,-0.47671,-1.06716,1.00766,0.05685
0.02838,0.83334,-0.55204,-1.06587,1.27682,-0.16885
0.07536,0.79454,-0.60252,-0.3216,1.0044,-0.18369
0.12676,0.75893,-0.63872,-0.16531,0.98416,-0.14328
0.1598,0.74048,-0.65281,0.09821,0.81461,-0.05581
0.1726,0.75132,-0.63696,0.17732,-0.40678,-0.12887
0.18335,0.77697,-0.60224,0.23354,-1.70724,0.26002
0.1773,0.80108,-0.5717,0.19955,-1.72917,0.23353
0.14259,0.81882,-0.55607,-0.21447,-1.35228,0.73447
0.10014,0.83339,-0.54354,-0.34785,-1.45997,0.83193
0.08362,0.84785,-0.5236,-0.2965,-1.31571,0.68449
0.08886,0.85965,-0.50309,-0.38775,-0.87404,0.39754
0.11158,0.86605,-0.48734,-0.31055,-0.74797,0.31507
0.15371,0.86947,-0.46947,-0.23903,-0.75956,0.49837
0.20635,0.87056,-0.44671,-0.76964,0.23337,-0.8159
0.23112,0.85184,-0.47006,-1.24204,2.79496,0.30842
0.21514,0.87174,-0.44021,-1.86677,5.92779,0.05609
0.22614,0.89721,-0.37931,1.61142,0.25745,-0.00175
0.2456,0.91912,-0.30806,1.26527,-0.74947,0.21335
0.2357,0.94056,-0.24454,1.04776,-0.80645,0.38602
0.1796,0.96497,-0.19124,0.78555,0.16418,0.28951
0.09985,0.98683,-0.12729,0.58018,1.13128,-0.05759
0.03889,0.99732,-0.062,0.43834,1.46682,0.00403
-0.00652,0.99978,0.01973,-0.11236,0.10332,-0.42733
-0.05213,0.99577,0.07573,-0.01667,0.13345,-0.69865
-0.08124,0.99024,0.11325,-0.26631,0.23146,-0.61999
-0.10695,0.9866,0.12322,0.21564,-0.44197,0.1092
-0.12347,0.98649,0.10764,0.4343,-1.00365,0.02343
-0.11926,0.98957,0.08073,0.52014,-1.2494,-0.13356
-0.09102,0.99493,0.04269,0.71961,-1.07046,-0.36968
-0.05132,0.99859,-0.01361,0.3279,-0.73579,0.20216
-0.01421,0.99625,-0.08535,0.14486,-0.56427,0.34096
0.02207,0.98559,-0.16773,0.28987,0.22308,-0.19676
0.04959,0.95821,-0.28172,0.72114,3.79417,0.43564
0.04632,0.90955,-0.413,0.72441,3.84283,0.56692
0.06296,0.85469,-0.5153,-0.88234,0.88054,0.0986
0.08944,0.81452,-0.57321,-0.25539,1.17239,-0.21816
0.13089,0.78076,-0.61097,-0.29685,1.20615,-0.1804
0.17688,0.75078,-0.63643,-0.07157,0.87721,-0.05291
0.19947,0.74155,-0.64055,0.11405,-0.1482,-0.12594
0.21177,0.756,-0.61937,0.10176,-0.16265,-0.14713
0.22512,0.77876,-0.58554,0.20773,-1.61282,0.02725
0.21616,0.7989,-0.56128,-0.28349,-1.09245,0.48806
0.18391,0.81417,-0.55074,-0.31118,-1.15627,0.7182
0.14746,0.82699,-0.54253,-0.42732,-1.30575,0.83126
0.13616,0.8384,-0.52777,-0.28927,-0.95716,0.59832
0.15001,0.84649,-0.51083,-0.29943,-0.85914,0.51845
0.18516,0.85057,-0.49218,-0.22994,-0.7219,0.51675
0.23868,0.85556,-0.45941,-0.93325,-0.52639,0.84034
0.27172,0.85148,-0.44849,-1.04831,-0.23434,-0.59454
0.27718,0.84666,-0.45425,-1.65394,5.0821,0.68229
0.26195,0.88447,-0.38612,1.06361,1.60364,0.1977
0.27562,0.9065,-0.31982,1.29393,0.18134,0.00943
0.28374,0.92796,-0.24162,0.97709,-0.68126,0.54393
0.26539,0.9477,-0.17729,0.93797,0.12928,0.02856
0.19923,0.97381,-0.10953,1.16265,0.33864,0.05774
0.12491,0.99084,-0.05129,0.79089,1.29781,0.30264
0.07235,0.99717,0.02043,0.0647,0.26948,-0.45372
0.01436,0.99671,0.07978,-0.00112,0.08531,-0.55726
-0.02867,0.99313,0.11348,-0.34625,0.41915,-0.50641
-0.05512,0.98946,0.13393,-0.18627,-0.01921,-0.19176
-0.07865,0.98856,0.12869,0.30872,-0.74122,0.11235
-0.08818,0.98976,0.11227,0.65406,-1.33949,-0.11243
-0.07587,0.99362,0.08346,0.79664,-1.37909,-0.47569
-0.04312,0.9984,0.03651,0.56936,-0.88865,-0.32595
-0.00299,0.99957,-0.02904,0.24458,-0.79225,-0.15399
0.03365,0.994,-0.10407,0.05964,-0.57627,0.49319
0.0685,0.97903,-0.19188,-0.21487,0.18063,-0.07896
0.08832,0.9428,-0.32144,0.8177,3.1137,-0.04995
0.08216,0.88621,-0.45593,-0.01803,3.63797,0.81393
0.10098,0.83083,-0.54728,-0.62898,1.22799,0.43006
0.13603,0.7924,-0.59464,-0.5108,1.0757,-0.32275
0.18576,0.7582,-0.625,-0.29543,0.91552,-0.01993
0.22772,0.73035,-0.644,-0.24038,0.99455,-0.02947
0.24077,0.7242,-0.64619,0.17777,0.17009,-0.04053
0.24366,0.7371,-0.63033,0.2277,-1.57301,0.18565
0.23512,0.75906,-0.60708,0.23624,-1.59497,0.1624
0.20587,0.77935,-0.5918,-0.33957,-1.10677,0.77262
0.16278,0.79283,-0.5873,-0.4162,-1.19554,0.90034
0.13486,0.80404,-0.57908,-0.51643,-1.25955,0.91025
0.14282,0.816,-0.56014,-0.40719,-0.93941,0.62304
0.17561,0.82448,-0.53796,-0.2387,-0.7939,0.38632
0.2293,0.8285,-0.51089,-0.24505,-0.75154,0.46035
0.2953,0.83304,-0.4678,-0.73321,-0.71317,1.20512
0.3255,0.82221,-0.46693,-1.01463,0.69588,0.45662
0.33493,0.81898,-0.46593,-1.75816,3.05547,0.75031
0.31385,0.87157,-0.37665,0.48247,3.40068,0.47404
0.31729,0.89277,-0.31983,1.26246,-0.36608,0.10757
0.32101,0.91262,-0.25312,1.07637,-0.59696,0.3577
0.29266,0.93465,-0.20196,1.11138,0.1001,0.02688
0.22549,0.96402,-0.1408,1.149,0.11495,0.1423
0.1496,0.98545,-0.08065,0.69559,0.83617,-0.02259
0.08894,0.99592,-0.01535,0.03284,1.00987,0.0994
0.03249,0.99805,0.0533,-0.162,0.10847,-0.58694
-0.01436,0.9952,0.09682,-0.34695,0.25721,-0.74946
-0.04408,0.99145,0.12281,0.0954,-0.46052,0.16247
-0.07024,0.99052,0.11807,0.37154,-0.81852,0.16982
-0.08421,0.99144,0.09974,0.63012,-1.41062,-0.15876
-0.07434,0.9949,0.06811,0.7121,-1.38199,-0.44012
-0.04335,0.99884,0.02115,0.67137,-1.11065,-0.35541
-0.00605,0.99909,-0.04214,0.32207,-0.817,0.2196
0.03323,0.99277,-0.11537,-0.15976,-0.41196,-0.05323
0.07783,0.97663,-0.20036,-0.14076,-0.16553,0.03268
0.10962,0.93931,-0.32508,0.82119,3.58512,0.12025
0.11815,0.8839,-0.4525,-0.16633,2.60224,0.65165
0.13526,0.83026,-0.54071,-0.7633,0.49774,-0.37633
0.16154,0.78952,-0.59209,-0.67519,0.8552,-0.37384
0.19619,0.75309,-0.62799,-0.30401,0.99762,0.02834
0.22938,0.72619,-0.6481,0.06578,0.91553,0.00796
0.23946,0.72493,-0.64587,0.16307,0.5001,-0.13035
0.2371,0.7433,-0.62554,-0.09872,-1.22329,0.02377
0.23165,0.76755,-0.59766,0.0264,-1.5539,0.03348
0.20826,0.78933,-0.57757,-0.24398,-1.2093,0.47294
0.16812,0.80551,-0.56824,-0.32016,-1.27003,0.81773
0.13933,0.81936,-0.5561,-0.37825,-1.2681,0.80309
0.14002,0.83275,-0.53565,-0.21364,-0.92449,0.6135
0.15866,0.84198,-0.51565,-0.19852,-0.65637,0.41183
0.19682,0.84547,-0.49642,-0.27748,-0.77925,0.83027
0.25253,0.84803,-0.46591,-0.58379,-0.71926,1.31614
0.29362,0.84457,-0.44776,-0.83271,1.15229,-0.52667
0.30481,0.82872,-0.46937,-2.05722,4.82611,0.95689
0.30343,0.87113,-0.38608,-1.29583,4.79209,0.56073
0.33046,0.89137,-0.31024,1.30975,-0.09364,0.01056
0.33625,0.91285,-0.23162,0.9546,-0.71791,0.35711
0.30389,0.93502,-0.18275,0.93177,-0.41669,0.29658
0.23555,0.96375,-0.12531,0.7577,0.3298,0.25204
0.15621,0.98565,-0.06393,0.41781,0.93444,-0.16415
0.09345,0.99561,-0.00449,0.18914,0.9537,0.2377
0.04299,0.99714,0.06217,0.14632,0.08038,-0.5036
0.00095,0.99479,0.10193,0.02495,0.06977,-0.9585
-0.02403,0.99141,0.12853,-0.22826,0.22343,-0.30717
-0.04304,0.99065,0.12946,0.12788,-0.4288,0.05543
-0.04961,0.99174,0.11827,0.65311,-1.3206,-0.09732
-0.0341,0.99528,0.09085,0.70553,-1.48014,-0.23771
0.00183,0.99904,0.04385,0.66316,-1.02844,-0.32452
0.04313,0.99879,-0.02386,0.1571,-0.76586,-0.0604
0.08244,0.99117,-0.10384,0.04238,-0.63695,0.34988
0.11987,0.9729,-0.1977,-0.36775,-0.17649,0.0485
0.14669,0.93422,-0.32513,0.63805,3.59341,0.07203
0.14486,0.87704,-0.45806,0.25345,4.91532,0.92346
0.17025,0.81624,-0.55207,-1.00823,0.21053,-0.53994
0.20464,0.77058,-0.6036,-0.3948,0.99175,-0.49106
0.25257,0.73291,-0.6317,-0.1497,1.03371,-0.31619
0.30367,0.70451,-0.64145,-0.08288,1.23739,-0.1974
0.32972,0.69888,-0.63471,-0.02989,0.9184,-0.16952
0.33527,0.71329,-0.61548,0.19113,-1.29873,0.07395
0.33453,0.73477,-0.59009,0.20244,-1.64213,-0.14987
0.31696,0.76014,-0.56721,0.02009,-1.23977,0.47562
0.27447,0.7836,-0.55735,-0.32467,-1.33285,0.90922
0.23662,0.8035,-0.54625,-0.6261,-1.28661,0.75649
0.22733,0.82242,-0.52148,-0.59626,-1.1269,0.68705
0.23805,0.83622,-0.49403,-0.48806,-0.69346,0.55302
0.26413,0.84329,-0.46808,-0.60834,-0.61828,0.72444
0.30378,0.84547,-0.4392,-1.03401,-0.30487,0.44484
0.31871,0.83295,-0.45235,-0.92387,1.25999,-0.14445
0.31875,0.8441,-0.43116,-1.23557,4.31731,1.05665
0.32945,0.88133,-0.33869,1.02421,1.22584,0.20497
0.33667,0.9028,-0.2676,1.17409,0.05375,0.21925
0.33264,0.92141,-0.20087,0.83338,-0.72754,0.37748
0.3077,0.94117,-0.13969,0.81086,-0.03382,0.21897
0.24652,0.96665,-0.06938,0.92719,0.27282,0.18898
0.17894,0.98376,-0.0139,0.38634,1.38373,0.10816
0.1288,0.99036,0.05098,-0.17657,0.41034,-0.4087
0.0701,0.99185,0.10635,-0.22851,0.23942,-0.55167
0.02084,0.99048,0.13604,0.0121,0.66279,-0.74735
-0.0148,0.98725,0.15848,0.04115,0.06579,-0.48014
-0.04237,0.98681,0.15622,0.223,-0.29396,-0.18747
-0.05206,0.98836,0.14295,0.71223,-1.26822,-0.03612
-0.03509,0.99256,0.11662,0.79466,-1.52953,-0.34282
0.00246,0.99772,0.06741,0.74593,-1.30221,-0.42358
0.04448,0.99901,-0.00192,0.1817,-0.79359,0.32119
0.08436,0.99282,-0.08481,-0.30887,-0.2163,-0.05214
0.12412,0.97411,-0.18897,0.05746,0.32812,-0.32081
0.13677,0.93391,-0.33032,0.23556,3.87643,0.32855
0.14447,0.88119,-0.45014,-0.9893,2.00786,0.71995
0.17275,0.82899,-0.53191,-0.82979,0.83437,-0.16946
0.22088,0.78381,-0.58039,-0.09395,1.11727,-0.1645
0.27466,0.73429,-0.62079,-0.14562,1.14677,-0.04511
0.31069,0.69289,-0.65067,-0.08798,1.15083,-0.05055
0.31005,0.68523,-0.65904,0.23253,0.02812,-0.17313
0.29548,0.70113,-0.64893,0.03255,-1.39139,0.09761
0.27107,0.72932,-0.62818,0.00931,-1.39921,0.10547
0.23122,0.7579,-0.61002,-0.06246,-1.30331,0.26847
0.18344,0.77524,-0.60445,-0.42952,-1.41252,0.88945
0.15132,0.78791,-0.59691,-0.44557,-1.4447,0.8889
0.14948,0.80137,-0.57919,-0.28088,-0.68608,0.60743
0.17281,0.80947,-0.56116,-0.23893,-0.55271,0.30531
0.22644,0.81027,-0.54055,-0.26422,-0.6576,0.34069
0.30157,0.81698,-0.49153,-1.0903,-0.64171,1.09363
0.33848,0.80967,-0.47944,-1.1582,0.9258,-0.57784
0.30794,0.80593,-0.50562,-2.0559,3.37878,0.77643
0.31225,0.84797,-0.4283,-0.27612,3.05707,0.31293
0.33273,0.87776,-0.34473,1.19022,-0.39768,0.32495
0.33166,0.90322,-0.27238,1.11501,-0.65383,0.38907
0.31095,0.92709,-0.20934,0.99528,-0.16613,0.05986
0.25207,0.95808,-0.13617,0.90916,0.32225,0.10691
0.1778,0.98121,-0.07496,0.87762,0.86646,0.04562
0.12065,0.99265,-0.00887,0.21719,0.50268,-0.09254
0.06598,0.99575,0.06426,0.0947,0.10075,-0.45185
0.017,0.99386,0.10931,0.00885,0.20958,-0.59334
-0.01443,0.98981,0.14169,-0.55919,0.35179,-0.49998
-0.0414,0.98824,0.14722,-0.05146,-0.42722,0.09386
-0.05752,0.98926,0.1344,-0.03534,-0.42824,0.10667
-0.05355,0.99258,0.10917,0.46229,-1.29402,-0.16894
-0.02541,0.9974,0.06742,0.59543,-0.99232,-0.37809
0.01468,0.99988,0.00578,0.45803,-0.89454,-0.28814
0.05283,0.99608,-0.07092,0.12184,-0.81588,0.21335
0.09141,0.98342,-0.15663,-0.35464,-0.13663,0.01446
0.12275,0.95363,-0.27481,-0.03576,0.22354,0.02654
0.12148,0.90068,-0.41715,-0.22343,4.4534,0.7672
0.14191,0.84483,-0.51587,-0.63583,0.82634,-0.11661
0.17893,0.80093,-0.5714,-0.84576,0.44164,-0.51391
0.23324,0.76017,-0.60641,-0.16489,1.1176,-0.12491
0.2911,0.71859,-0.63157,-0.18937,1.26828,0.26527
0.31907,0.69283,-0.64667,0.01279,1.26225,-0.30618
0.30653,0.69879,-0.64632,0.35035,-0.99201,0.1236
0.28061,0.72391,-0.63025,0.12099,-1.64395,0.14505
0.2414,0.75229,-0.61301,0.1558,-1.59908,0.1068
0.19006,0.77128,-0.60746,-0.28495,-1.26896,0.81869
0.14982,0.78458,-0.60166,-0.51694,-1.39523,0.93056
0.14572,0.79869,-0.58383,-0.46246,-1.02287,0.7921
0.16882,0.81329,-0.55684,-0.42022,-0.7608,0.54686
0.21226,0.82316,-0.52664,-0.35461,-0.67446,0.46636
0.27254,0.82529,-0.4946,-0.60686,-0.5072,1.19598
0.30758,0.81473,-0.49154,-0.88249,0.12833,-0.61721
0.30284,0.80475,-0.51056,-1.75665,4.49877,0.23105
0.2952,0.84214,-0.45129,-0.93581,4.0815,0.5709
0.29865,0.87135,-0.3893,1.17439,-0.19664,0.11475
0.28738,0.90167,-0.32311,0.92737,-0.83478,0.64641
0.25251,0.9316,-0.26145,0.90653,-0.64355,0.52092
0.18325,0.96523,-0.18641,0.57253,0.28872,0.21816
0.10954,0.98686,-0.11879,0.706,1.65258,-0.21287
0.05658,0.99771,-0.03706,0.64861,1.62773,0.22932
0.0011,0.99944,0.03335,0.0284,0.01089,-0.53182
-0.04212,0.99635,0.07431,-0.31586,0.27778,-0.48171
-0.07174,0.99219,0.10203,-0.28078,0.17668,-0.37182
-0.09646,0.99046,0.09839,0.00301,-0.32233,0.07459
-0.10585,0.9911,0.08078,0.53409,-1.2123,-0.12407
-0.09266,0.99426,0.05344,0.58612,-1.36079,-0.28273
-0.05753,0.99829,0.01046,0.65745,-0.99054,-0.38194
-0.01756,0.99864,-0.04915,0.42634,-0.83198,0.25336
0.0178,0.9925,-0.12096,0.21718,-0.63106,0.33533
0.0555,0.97756,-0.20322,0.07518,-0.13822,0.12455
0.07594,0.94369,-0.32199,0.90453,2.82608,0.31006
0.07901,0.88999,-0.44908,0.90146,2.87978,0.43715
0.10583,0.83885,-0.53398,-0.80788,1.46189,0.45591
0.14472,0.80091,-0.58103,-0.71487,1.1946,-0.29342
0.20065,0.77007,-0.60558,-0.5594,1.28143,-0.16012
0.25723,0.74848,-0.61124,-0.46181,1.20367,-0.07268
0.28031,0.74044,-0.61088,0.06077,-0.05988,0.31431
0.29544,0.74272,-0.60091,0.0955,-0.64288,0.13064
0.29593,0.75534,-0.58471,-0.01142,-1.16762,0.1017
0.26526,0.7722,-0.57736,-0.24779,-0.99616,0.61476
0.21422,0.78603,-0.57988,-0.25136,-1.03196,0.87975
0.17008,0.80067,-0.57445,-0.49288,-1.35847,0.9381
0.15658,0.81906,-0.55193,-0.63776,-1.29048,0.70412
0.17273,0.8366,-0.51987,-0.65897,-1.23035,0.62969
0.20887,0.84481,-0.49261,-0.27103,-0.84852,0.49228
0.26903,0.83973,-0.47167,-0.42741,-0.53568,1.22378
0.33627,0.82737,-0.44987,-0.58577,-0.27334,0.83056
0.35589,0.81448,-0.45823,-1.34043,5.86788,-0.57238
0.34354,0.84075,-0.41848,0.76753,1.5159,0.64432
0.35608,0.86362,-0.3569,1.06153,0.3732,-0.27546
0.34601,0.89141,-0.2927,0.94881,-0.8631,0.59795
0.30535,0.92117,-0.24126,0.82544,-0.24965,0.29779
0.22768,0.95786,-0.1751,0.76975,0.04058,0.09591
0.14232,0.98312,-0.11494,0.73915,1.64049,0.01736
0.08546,0.99545,-0.04223,0.01992,0.64107,0.08749
0.02694,0.99931,0.02562,-0.08495,-0.07846,-0.4268
-0.02273,0.99733,0.06942,0.06302,0.12372,-0.57473
-0.05525,0.99306,0.10378,-0.36907,0.22077,-0.44075
-0.08118,0.9902,0.11365,0.00637,-0.32812,0.07726
-0.09459,0.99016,0.1031,0.44868,-0.95719,0.16219
-0.08493,0.99315,0.08023,0.69344,-1.51499,-0.24365
-0.05434,0.9978,0.03799,0.73668,-0.99489,-0.49697
-0.01826,0.99959,-0.02224,0.34458,-0.76669,-0.23419
0.01331,0.99544,-0.09448,0.17134,-0.66336,0.48955
0.04486,0.98313,-0.17735,-0.22058,-0.14613,0.03733
0.06623,0.9532,-0.295,0.59831,1.3936,-0.16404
0.06241,0.90412,-0.4227,0.47931,4.32173,0.87819
0.08401,0.8491,-0.52151,-0.64445,0.99184,0.53698
0.12435,0.80489,-0.58025,-0.92901,1.15263,-0.13117
0.18227,0.76383,-0.61915,-0.21954,0.98422,-0.13612
0.22916,0.72903,-0.64498,-0.35609,1.02077,0.00136
0.24078,0.71463,-0.65676,-0.06625,0.63051,0.12469
0.23703,0.72412,-0.64766,0.21219,-0.45921,0.05698
0.23473,0.74527,-0.62408,0.1027,-1.26198,0.10481
0.21469,0.76765,-0.60384,0.12646,-1.62719,0.25142
0.1728,0.78718,-0.59202,-0.37353,-1.26595,0.871
0.1377,0.80344,-0.57924,-0.4512,-1.31716,0.86649
0.13264,0.81729,-0.56075,-0.41188,-1.22152,0.66859
0.15018,0.82685,-0.542,-0.41388,-0.87716,0.40979
0.18314,0.83278,-0.52244,-0.43639,-0.83888,0.39199
0.22714,0.83335,-0.50391,-0.7834,-0.69378,1.14515
0.25094,0.81444,-0.52317,-0.76496,0.99325,0.18458
0.25775,0.83181,-0.49158,-1.73796,3.797,0.36429
0.26586,0.86428,-0.42701,0.17164,2.95557,0.87287
0.28326,0.88987,-0.35763,1.20182,-0.83948,0.33919
0.29327,0.91425,-0.27954,1.11482,-1.04613,0.52115
0.26671,0.94057,-0.21023,0.93759,-0.44916,0.18448
0.19162,0.97105,-0.14266,1.13559,1.01475,0.22199
0.12691,0.98888,-0.07752,0.96109,1.41215,-0.01382
0.08035,0.99673,0.00846,-0.16511,0.08475,-0.40932
0.02693,0.99708,0.07146,-0.3379,0.09569,-0.47391
-0.01439,0.99365,0.11156,-0.49089,0.38809,-0.36804
-0.0466,0.98982,0.13451,-0.09611,-0.07937,-0.02753
-0.07055,0.98854,0.13348,0.14266,-0.47279,0.06568
-0.07451,0.99046,0.11593,0.44103,-1.04623,-0.04119
-0.0507,0.99523,0.08338,0.71989,-1.25745,-0.5702
-0.00506,0.99954,0.02979,0.47315,-0.77416,-0.29402
0.03765,0.99831,-0.04418,0.31098,-0.71937,0.01148
0.07702,0.98846,-0.13043,-0.10747,-0.01608,-0.13224
0.10688,0.96279,-0.24822,0.75707,1.69601,0.03357
0.09764,0.91775,-0.38496,0.86096,3.64729,0.58032
0.10547,0.8629,-0.49424,-0.88134,0.95181,0.37944
0.13409,0.81541,-0.56313,-0.92204,1.28767,-0.27413
0.19221,0.77477,-0.60231,-0.41902,1.23421,-0.22622
0.25057,0.73502,-0.63005,-0.21021,0.98976,-0.18974
0.27032,0.71299,-0.64697,0.1392,0.73145,0.17218
0.26733,0.71736,-0.64337,0.18976,0.27956,0.22373
0.25379,0.73413,-0.62979,0.10717,-1.37584,0.2397
0.22241,0.75772,-0.61351,0.0526,-1.52226,0.31692
0.17704,0.77831,-0.60241,-0.16262,-1.44155,0.32453
0.13551,0.79334,-0.5935,-0.49006,-1.29705,0.90548
0.12631,0.80646,-0.57764,-0.5097,-1.20763,0.8653
0.1484,0.82041,-0.55218,-0.53719,-0.9732,0.71008
0.19257,0.82847,-0.52589,-0.38077,-0.79256,0.40664
0.25019,0.82791,-0.50197,-0.4676,-0.74138,0.83725
0.30305,0.81582,-0.49255,-0.98687,-0.38833,0.32664
0.32959,0.79907,-0.50286,-0.85394,1.16201,-0.00341
0.33725,0.84609,-0.41279,-0.101,5.23375,0.7848
0.34084,0.87274,-0.3495,1.41631,0.79281,-0.15296
0.33899,0.89807,-0.28029,0.8804,-0.98673,0.51994
0.31652,0.9209,-0.22749,0.95617,-0.28067,0.21809
0.24977,0.95486,-0.16083,1.16514,-0.02485,0.21593
0.1675,0.98099,-0.09797,0.75222,0.57603,0.14639
0.10838,0.99352,-0.03435,-0.0269,0.85359,0.01166
0.06023,0.99751,0.03667,-0.26311,0.2526,-0.3384
0.01368,0.99692,0.07726,-0.3737,-0.15288,-0.49085
-0.01714,0.99408,0.10728,-0.27581,0.19902,-0.38302
-0.04285,0.9918,0.12041,-0.073,-0.11427,-0.13822
-0.05722,0.9913,0.11849,0.33785,-0.8277,0.08491
-0.04793,0.99425,0.09571,0.88148,-1.56705,-0.30451
-0.01349,0.9985,0.05298,0.89011,-1.30071,-0.44512
0.02997,0.9995,-0.01013,0.47903,-0.78373,-0.30462
0.06651,0.9939,-0.08803,-0.08812,-0.29727,0.09212
0.10136,0.9783,-0.18071,-0.21989,-0.03705,-0.06373
0.11461,0.94168,-0.31638,0.82369,3.64598,0.27127
0.10518,0.88918,-0.4453,-0.58011,2.65083,0.8375
0.122,0.8375,-0.53265,-0.89875,1.0621,0.40126
0.16461,0.79456,-0.58444,-0.30916,1.17321,-0.1635
0.21974,0.75198,-0.62148,-0.3159,1.17265,0.1156
0.26945,0.71519,-0.64491,-0.35259,1.17548,0.17034
0.27784,0.7055,-0.65198,0.28146,0.21262,0.04497
0.27158,0.71995,-0.63868,-0.05105,-1.03393,0.14961
0.2543,0.74772,-0.61339,0.01872,-1.56814,0.33816
0.22013,0.77514,-0.5922,-0.29876,-1.24965,0.64325
0.17429,0.79426,-0.58204,-0.33872,-1.27399,0.8241
0.1428,0.80785,-0.57183,-0.46268,-1.3877,0.89623
0.14887,0.82261,-0.54876,-0.53585,-1.03763,0.64059
0.17696,0.83475,-0.52143,-0.52743,-0.88389,0.41619
0.22075,0.83793,-0.49913,-0.33077,-0.73681,0.33727
0.27889,0.83088,-0.48152,-0.54801,-0.42086,1.23933
0.31905,0.81126,-0.48996,-1.07994,0.1178,-0.75656
0.32441,0.80602,-0.49506,-0.87622,1.06849,-0.48142
0.31876,0.84417,-0.43102,0.71829,2.07328,0.71436
0.32723,0.87311,-0.36138,1.28283,-0.08975,-0.05352
0.31575,0.90403,-0.28815,1.21387,-0.58556,0.01124
0.27175,0.93551,-0.22576,1.03773,-0.08168,0.40328
0.19505,0.96839,-0.15547,0.67397,0.89759,0.00392
0.11986,0.98801,-0.0973,0.74916,0.87797,-0.05425
0.06696,0.99757,-0.01938,-0.16271,0.71198,-0.03868
0.01374,0.99908,0.04055,-0.3557,-0.01903,-0.49416
-0.02624,0.99652,0.07909,-0.44132,0.29155,-0.62272
-0.05522,0.99297,0.10468,-0.28947,0.12086,-0.27054
-0.0805,0.99133,0.10386,0.42162,-0.9192,0.15929
-0.08915,0.99189,0.09064,0.66183,-1.26465,0.06992
-0.06935,0.99548,0.06485,0.89447,-1.64633,-0.31129
-0.02615,0.99951,0.01735,0.5731,-0.70413,-0.37444
0.0154,0.99873,-0.04789,0.37414,-0.71356,-0.17508
0.04816,0.99112,-0.12395,0.21882,-0.52663,0.49385
0.07749,0.97313,-0.21684,0.37953,0.60688,-0.13331
0.07732,0.93148,-0.35547,0.79855,2.4507,0.07132
0.07214,0.87392,-0.48069,-0.09508,4.09119,1.00692
0.09521,0.82116,-0.56269,-1.12823,1.07015,-0.25428
0.13829,0.77946,-0.611,-0.72049,1.2544,-0.17144
0.19317,0.73863,-0.64584,-0.32968,1.14415,0.02184
0.22958,0.70837,-0.66746,0.14269,0.94332,0.10015
0.22924,0.70714,-0.66888,0.16911,0.34422,0.16548
0.2259,0.72827,-0.64699,-0.1048,-1.01393,0.13815
0.20717,0.75718,-0.61948,0.00013,-1.56283,0.38903
0.17159,0.78014,-0.60161,-0.1568,-1.43783,0.3698
0.1299,0.7949,-0.59267,-0.39455,-1.40464,0.91415
0.1156,0.80715,-0.57891,-0.44913,-1.39111,0.86747
0.12837,0.81913,-0.55906,-0.51189,-0.90914,0.57502
0.15665,0.82519,-0.54269,-0.20359,-0.66322,0.32524
0.20085,0.82509,-0.5281,-0.26413,-0.68182,0.5119
0.25667,0.82123,-0.50961,-0.54455,-0.58469,1.08848
0.28481,0.79519,-0.53531,-0.83101,0.60882,-0.57498
0.2779,0.81516,-0.50822,-1.44205,5.51481,0.27479
0.29233,0.85027,-0.4377,0.31579,3.43752,1.12114
0.31558,0.87913,-0.35714,1.31888,-0.54258,0.00214
0.31625,0.90526,-0.28371,1.01107,-0.68935,0.44293
0.27976,0.9343,-0.22093,0.95759,-0.35082,0.27284
0.19963,0.96723,-0.15689,0.924,0.65241,0.2702
0.12953,0.98651,-0.10008,0.63178,1.24615,-0.02883
0.08194,0.9964,-0.02168,0.09217,0.80684,0.03646
0.03442,0.99878,0.03538,-0.41932,0.17311,-0.70105
0.00405,0.99713,0.07559,-0.56649,0.38292,-0.59313
-0.02295,0.99579,0.08874,-0.34406,0.0898,-0.06425
-0.04186,0.99615,0.07701,0.37656,-0.96499,0.14125
-0.04001,0.99785,0.05198,0.65888,-1.50244,-0.14454
-0.01203,0.99983,0.01403,0.74182,-1.53738,-0.29833
0.0301,0.99858,-0.04386,0.42649,-0.74443,-0.32137
0.06622,0.99088,-0.11736,0.16901,-0.72947,0.04593
0.09502,0.97511,-0.20034,-0.07394,-0.51914,0.4269
0.11853,0.945,-0.30482,-0.08998,0.26848,0.01538
0.10481,0.88743,-0.44888,0.90131,3.84507,0.42321
0.10358,0.82068,-0.56193,-0.02075,2.54636,0.8675
0.12692,0.77001,-0.62528,-0.94752,0.86265,-0.47454
0.16626,0.73121,-0.66159,-0.15277,1.19853,-0.19758
0.2153,0.70077,-0.68012,-0.23185,1.27593,-0.07889
0.2398,0.68984,-0.68309,0.07433,0.51584,0.09935
0.23883,0.7045,-0.66831,-0.0441,-0.77341,0.17472
0.23222,0.72845,-0.64454,-0.08614,-1.35347,0.07619
0.21147,0.75371,-0.62225,0.03865,-1.42177,0.29194
0.17395,0.77141,-0.61209,-0.1398,-1.16785,0.77674
0.1345,0.78257,-0.60786,-0.3365,-1.28169,0.81318
0.12214,0.79476,-0.59451,-0.36207,-1.02191,0.7068
0.13874,0.80605,-0.57536,-0.21946,-0.62743,0.38217
0.18041,0.81147,-0.55586,-0.1713,-0.69112,0.38361
0.24125,0.81294,-0.53002,-0.41668,-0.85161,1.21488
0.30487,0.81391,-0.49457,-0.91035,0.21114,-1.45192
0.30107,0.79261,-0.53021,-1.43892,2.59064,-0.05041
0.25641,0.8245,-0.50443,-0.23314,4.12881,0.67925
0.28511,0.85674,-0.42977,1.30045,-0.56412,0.17207
0.30796,0.88775,-0.34214,1.0973,-0.92208,0.39605
0.30865,0.91044,-0.27538,0.91462,-0.55381,0.25568
0.26204,0.94242,-0.20778,1.22479,0.59694,0.39487
0.18214,0.9726,-0.14447,1.02944,1.26054,0.21129
0.12746,0.98906,-0.07429,-0.19003,0.18048,-0.25838
0.08389,0.99645,0.00757,-0.68019,0.07731,-0.40428
0.03937,0.99759,0.05713,-0.79421,0.23913,-0.35566
0.01127,0.99584,0.09044,-0.50354,0.34175,-0.15479
-0.01363,0.99488,0.10014,0.23725,-0.67419,0.10884
-0.02765,0.99569,0.08857,0.36455,-0.91703,0.01777
-0.02021,0.99786,0.0622,0.70719,-1.2125,-0.48625
0.01505,0.99968,0.02022,0.67418,-0.92173,-0.51205
0.06025,0.99719,-0.04447,0.24053,-0.63127,-0.06247
0.09792,0.98709,-0.12676,-0.08789,-0.22613,-0.08538
0.13164,0.96648,-0.22044,0.48361,0.59289,-0.02927
0.14454,0.92582,-0.34923,0.90069,2.19658,0.26059
0.12371,0.86722,-0.48231,-0.35303,1.83832,0.70666
0.12935,0.80578,-0.57791,-0.7933,1.0107,0.0612
0.15045,0.76012,-0.63212,-0.33104,1.16257,-0.32451
0.18629,0.72407,-0.66409,-0.50137,1.1026,4e-05
0.22598,0.69683,-0.68071,0.06784,0.699,0.07771
0.22828,0.69812,-0.67862,0.11757,0.24924,0.17001
0.22553,0.7175,-0.65904,-0.00438,-1.33352,0.07423
0.21179,0.74154,-0.63661,0.32242,-1.62577,0.29632
0.18009,0.76248,-0.62145,0.17263,-1.57243,0.36202
0.13781,0.77593,-0.61558,-0.45238,-1.40332,0.86435
0.11306,0.78708,-0.6064,-0.38497,-1.21506,0.83389
0.12118,0.79924,-0.58867,-0.41708,-0.98238,0.78929
0.15676,0.80917,-0.56627,-0.35007,-0.67525,0.4529
0.21424,0.81331,-0.54096,-0.35795,-0.63921,0.88887
0.27983,0.81354,-0.50975,-0.92862,-0.2983,0.40759
0.30652,0.78951,-0.53171,-0.85622,1.83549,0.09957
0.31285,0.80682,-0.50117,-0.56993,4.8697,0.83581
0.3243,0.84295,-0.42925,1.00694,0.40113,0.2172
0.33243,0.87039,-0.36321,0.90274,-0.86912,0.19875
0.31978,0.89975,-0.29696,0.81558,-0.54644,0.42456
0.27368,0.93362,-0.23118,0.72769,0.28877,0.27621
0.19922,0.96655,-0.16151,0.59155,0.98517,-0.04047
0.13364,0.98589,-0.10084,0.3909,1.30473,0.26069
0.08119,0.99647,-0.02116,-0.05035,0.14565,-0.39829
0.02857,0.99888,0.03768,0.13093,0.1336,-0.58294
-0.00795,0.99719,0.07452,-0.15149,0.1644,-0.25302
-0.03689,0.99472,0.0958,0.04903,-0.15,0.06576
-0.0591,0.99419,0.08995,0.40056,-0.7947,0.18031
-0.06235,0.99546,0.0719,0.64449,-1.50553,-0.29734
-0.03978,0.99849,0.03787,0.69144,-1.29453,-0.39684
-0.00106,0.99984,-0.01797,0.40661,-0.8146,-0.24406
0.0365,0.99501,-0.09283,-0.00564,-0.45096,0.22323
0.06922,0.9818,-0.17685,-0.20202,-0.24695,-0.0192
0.09916,0.95451,-0.28119,0.34655,0.60448,-0.22285
0.09712,0.903,-0.41852,-0.02332,3.6255,0.83446
0.101,0.83888,-0.53486,-0.24457,1.61984,0.70881
0.12367,0.78497,-0.60707,-0.34425,1.14936,-0.25687
0.15736,0.74035,-0.65355,-0.27972,1.01646,-0.00902
0.19937,0.70089,-0.68484,-0.3804,0.97803,0.14594
0.2219,0.68234,-0.69655,-0.0621,0.39774,0.09633
0.22004,0.6921,-0.68744,-0.1634,-0.66932,0.20955
0.22027,0.71596,-0.66248,-0.14553,-1.18944,0.2548
0.21381,0.7426,-0.6347,-0.13557,-1.45558,0.24967
0.19556,0.76491,-0.61373,-0.27769,-1.18942,0.45147
0.16618,0.78076,-0.60233,-0.44254,-1.32441,0.79702
0.15545,0.79456,-0.58694,-0.47549,-0.98867,0.68561
0.17162,0.80896,-0.56226,-0.41971,-0.89087,0.58367
0.20543,0.81931,-0.53529,-0.30994,-0.76712,0.49442
0.24772,0.82594,-0.50642,-0.48517,-0.85459,0.83868
0.28654,0.83441,-0.4708,-1.15026,-0.60001,0.5176
0.29501,0.81773,-0.49426,-0.81097,0.20762,-1.06948
0.25711,0.84085,-0.47631,-0.30704,4.21184,0.73653
0.27512,0.86527,-0.41907,1.47651,0.16908,0.08432
0.31756,0.8876,-0.33364,1.2524,-0.68875,-0.13179
0.32074,0.90937,-0.26489,0.86836,-0.82237,0.26076
0.28482,0.93503,-0.21119,0.89129,-0.21098,0.33532
0.20683,0.96634,-0.15297,0.97381,0.34677,0.28837
0.13187,0.98615,-0.10058,0.19525,1.37504,0.27427
0.08254,0.99629,-0.02457,-0.42273,0.3259,-0.3513
0.03459,0.99894,0.03031,-0.41274,0.16039,-0.61348
0.00305,0.99797,0.06358,-0.34438,0.30942,-0.1786
-0.02404,0.99711,0.07212,0.33804,-0.51655,0.07956
-0.04108,0.99728,0.06122,0.59503,-1.09809,-0.00924
-0.03779,0.99871,0.03402,0.66078,-1.49245,-0.17201
-0.01418,0.99988,-0.00647,0.5737,-1.02777,-0.35571
0.01972,0.99778,-0.06354,0.29227,-0.84262,-0.08723
0.05106,0.98947,-0.13545,0.01164,-0.53967,0.45019
0.08,0.97213,-0.22037,-0.07721,0.02244,0.11097
0.0951,0.93536,-0.34067,0.89035,2.35454,-0.06329
0.0806,0.87806,-0.47171,-0.05181,3.81074,0.90235
0.10241,0.82101,-0.56165,-1.06117,0.6097,-0.24437
0.13988,0.78009,-0.60984,-0.54732,1.2878,-0.29966
0.18544,0.7435,-0.64251,-0.10562,1.20063,0.13016
0.2296,0.71341,-0.66206,0.11286,0.66752,-0.00736
0.23338,0.70482,-0.66989,0.14148,0.11067,0.11949
0.23232,0.71595,-0.65836,0.00436,-0.97279,0.07375
0.22876,0.73664,-0.63643,0.08243,-1.43587,0.26411
0.20893,0.75842,-0.61737,-0.08847,-1.27608,0.34186
0.17409,0.77167,-0.61174,-0.31243,-1.01331,0.90531
0.13679,0.77931,-0.61153,-0.58195,-1.20921,0.88155
0.13236,0.7893,-0.59958,-0.60793,-1.08744,0.7982
0.1602,0.80275,-0.57439,-0.39488,-0.83966,0.4986
0.20419,0.81344,-0.54462,-0.40266,-0.93826,0.63476
0.25399,0.82366,-0.50703,-0.67044,-0.88997,1.06439
0.2905,0.82115,-0.49124,-0.67429,0.72902,-0.76098
0.28262,0.81142,-0.51158,-1.38301,7.03495,0.43012
0.25293,0.85702,-0.44894,0.75749,4.53269,1.24037
0.29503,0.87525,-0.38327,1.26156,-0.82291,0.15272
0.31201,0.899,-0.30734,0.90197,-0.81907,0.44857
0.28985,0.92437,-0.24806,0.83906,-0.42765,0.27688
0.22215,0.95803,-0.18122,0.65784,0.64619,0.31348
0.15403,0.98099,-0.11805,0.17727,1.19305,0.18378
0.1039,0.9936,-0.04428,0.12555,0.73763,-0.03423
0.05718,0.99821,0.01734,-0.53229,0.27699,-0.5127
0.01972,0.99838,0.0533,-0.28975,0.28169,-0.35425
-0.00435,0.99767,0.0681,0.04395,-0.07242,-0.2005
-0.01811,0.99801,0.06042,0.56346,-1.00755,-0.00485
-0.01337,0.99917,0.03841,0.78613,-1.39792,-0.29252
0.01107,0.99993,0.00342,0.60652,-1.00125,-0.35913
0.04502,0.99787,-0.04715,0.36472,-0.78883,-0.07901
0.07654,0.99028,-0.11617,0.0953,-0.5086,0.38994
0.10558,0.97481,-0.19648,-0.0866,-0.04327,0.11772
0.12993,0.94525,-0.29938,0.82649,1.57918,-0.05808
0.1208,0.8906,-0.43846,0.40012,4.45383,0.90077
0.12817,0.82825,-0.54551,-0.45489,2.40517,0.92063
0.15262,0.78107,-0.60551,-0.79578,1.3268,-0.4478
0.19452,0.74557,-0.63741,-0.25851,1.40218,-0.10551
0.24463,0.72101,-0.64831,-0.42583,1.40562,0.01571
0.28138,0.71653,-0.63828,-0.01202,0.18836,0.13967
0.29178,0.72789,-0.62052,-0.11298,-1.52966,-0.02435
0.28688,0.748,-0.5985,-0.0001,-1.6412,0.09209
0.25567,0.77163,-0.58243,0.16998,-1.49433,0.34691
0.20081,0.78874,-0.58101,-0.44321,-1.25805,0.99568
0.15239,0.8021,-0.57742,-0.50274,-1.20977,0.93312
0.1415,0.8158,-0.56075,-0.68088,-0.97352,0.7096
0.1636,0.82668,-0.53837,-0.40462,-0.63829,0.39576
0.2071,0.82995,-0.51797,-0.2874,-0.59573,0.41134
0.26409,0.82453,-0.50041,-0.54592,-0.47667,1.08897
0.31839,0.8143,-0.48532,-0.83336,0.45695,0.09193
0.34186,0.80352,-0.48733,-1.51518,2.29447,0.72401
0.32564,0.84401,-0.42614,1.13934,1.43646,0.29429
0.31214,0.86949,-0.38283,1.05534,-0.46707,0.02762
0.30474,0.89736,-0.31917,1.00509,-0.76547,0.40523
0.27744,0.92577,-0.25685,0.68637,0.21,0.27287
0.21537,0.9588,-0.18524,1.06905,0.92451,-0.20624
0.15125,0.98157,-0.1168,0.94648,1.44922,-0.11638
0.10435,0.99379,-0.03875,-0.15941,0.19718,-0.32415
0.05543,0.99811,0.02654,-0.20936,0.06402,-0.44573
0.01516,0.9977,0.06615,-0.36772,0.12145,-0.49205
-0.01602,0.99556,0.09273,-0.0338,-0.28302,0.04913
-0.04312,0.99449,0.0956,0.31346,-0.88018,0.08646
-0.05426,0.99501,0.08371,0.59964,-1.42992,-0.12105
-0.03793,0.99751,0.0595,0.71393,-1.22497,-0.56211
0.00158,0.99994,0.01065,0.3137,-0.69599,-0.38095
0.04152,0.99735,-0.05972,0.14596,-0.66048,0.03438
0.07201,0.98743,-0.14069,-0.04005,-0.405,0.26246
0.09765,0.9676,-0.23282,0.01049,0.41345,-0.1532
0.10513,0.92642,-0.36152,0.62681,4.14943,0.48946
0.09059,0.8678,-0.48858,-0.24395,1.91416,0.80874
0.10872,0.80656,-0.58107,-0.74145,0.87462,-0.33505
0.14249,0.76023,-0.63384,-0.58353,1.17558,-0.26011
0.17905,0.71993,-0.67056,-0.28799,0.96986,0.19877
0.21885,0.68563,-0.69428,-0.0278,0.83404,-0.41346
0.21625,0.67662,-0.70386,0.12385,0.6907,-0.02384
0.21148,0.69538,-0.68682,0.07495,-0.8811,0.1327
0.20685,0.71935,-0.66314,0.12384,-1.34995,0.19419
0.18505,0.74079,-0.64574,-0.26116,-1.3803,0.41184
0.14822,0.75738,-0.63593,-0.32293,-1.22911,0.87319
0.11842,0.77011,-0.62682,-0.38547,-1.09471,0.83362
0.12449,0.78437,-0.60767,-0.44511,-0.92591,0.73457
0.1603,0.79855,-0.5802,-0.36576,-0.71067,0.48934
0.21377,0.80932,-0.54709,-0.52071,-0.84026,1.08053
0.27209,0.81989,-0.50373,-0.88378,-0.73603,1.37704
0.30289,0.80927,-0.50332,-0.688,0.3234,-0.7912
0.30579,0.79825,-0.51893,-1.66741,4.77546,0.22926
0.2968,0.83704,-0.45965,-0.43707,5.12906,0.37791
0.31228,0.86155,-0.40027,1.26954,-0.63077,-0.1112
0.31792,0.88771,-0.33302,0.93771,-0.62033,0.31997
0.30273,0.91277,-0.27423,0.81936,-0.28722,0.17186
0.2404,0.94805,-0.20836,0.92794,0.31161,0.21698
0.16363,0.9755,-0.14703,0.33379,1.26626,0.39225
0.10847,0.99158,-0.07075,0.16628,0.64787,0.05966
0.0568,0.99834,0.01002,-0.19011,0.02179,-0.43383
0.00869,0.99823,0.0589,-0.57919,0.27829,-0.29474
-0.02159,0.99538,0.09351,-0.34085,0.18088,-0.12793
-0.04637,0.99376,0.10143,0.10108,-0.43456,0.14309
-0.05707,0.99428,0.09028,0.52896,-1.26593,-0.19755
-0.04473,0.99697,0.06358,0.55985,-1.36408,-0.3415
-0.00777,0.9998,0.01826,0.60131,-0.89858,-0.46022
0.03394,0.99818,-0.04979,0.18755,-0.58087,0.38477
0.06996,0.98879,-0.13191,-0.01639,-0.27666,0.17305
0.10143,0.96732,-0.23237,0.82561,1.89968,-0.05309
0.09992,0.92284,-0.37201,0.96965,3.7753,0.53369
0.08794,0.86508,-0.49387,-0.50199,2.00615,1.02048
0.10161,0.81393,-0.57201,-0.9979,1.08825,-0.30807
0.14369,0.77364,-0.61713,-0.39703,1.13605,-0.18416
0.20059,0.73578,-0.64683,-0.21846,0.98364,0.0996
0.25162,0.70455,-0.66354,0.1573,0.73267,-0.00496
0.26564,0.69999,-0.66291,0.10351,-0.56011,0.20177
0.26473,0.71529,-0.64674,-0.00125,-1.24991,0.1599
0.24395,0.73707,-0.63025,-0.01761,-1.56518,0.36069
0.2076,0.75563,-0.62123,-0.34124,-1.24804,0.74025
0.16282,0.77219,-0.61418,-0.39726,-1.34082,0.91495
0.13893,0.78783,-0.60002,-0.48744,-1.08683,0.83286
0.14833,0.80412,-0.57566,-0.52182,-0.80457,0.58146
0.18077,0.81487,-0.55073,-0.41407,-0.69173,0.43957
0.22967,0.81747,-0.5282,-0.80613,-0.59785,1.28455
0.28254,0.81499,-0.50592,-1.09028,-0.4733,0.08269
0.3006,0.78558,-0.54084,-0.76764,0.10448,-1.14221
0.30796,0.8115,-0.49662,-0.14006,5.40859,0.84071
0.30524,0.8506,-0.42815,1.59711,0.54219,0.08399
0.32222,0.87465,-0.36217,1.39666,-0.41398,-0.08582
0.32234,0.89883,-0.29698,0.89781,-0.63696,0.38853
0.28498,0.92916,-0.23547,0.81835,-0.13644,0.40277
0.20906,0.96303,-0.16989,0.54241,0.82237,0.16188
0.14003,0.98398,-0.11034,0.20861,1.25171,0.26017
0.09181,0.99529,-0.03118,-0.24182,0.27597,-0.34272
0.04358,0.99875,0.02461,-0.43473,0.24021,-0.61482
0.01405,0.99791,0.06307,-0.53091,0.40912,-0.38695
-0.00706,0.99662,0.08179,0.3657,-0.71986,0.04126
-0.0219,0.99659,0.07957,0.66696,-1.06516,0.0168
-0.01724,0.99827,0.0562,0.98918,-1.61886,-0.21994
0.01107,0.99984,0.01432,0.78205,-0.95037,-0.46834
0.05099,0.99739,-0.05115,0.34665,-0.62578,-0.02963
0.08293,0.98753,-0.13379,0.02999,-0.21608,0.26126
0.10731,0.96696,-0.23126,0.58153,1.05834,-0.10442
0.10728,0.92232,-0.37123,0.87091,3.19355,0.20986
0.07742,0.85844,-0.50703,-1.11529,1.13587,0.49101
0.08937,0.79795,-0.59606,-1.14196,1.04304,-0.31966
0.12426,0.74933,-0.65043,-0.47166,1.31804,-0.17896
0.17798,0.70002,-0.69159,-0.12751,1.33478,0.00474
0.22745,0.66196,-0.71419,0.25529,0.67825,0.17896
0.24269,0.65481,-0.71576,0.10213,-0.21004,0.27431
0.24317,0.67306,-0.69847,0.27608,-1.70678,0.3654
0.22407,0.6974,-0.68075,-0.20514,-1.35941,0.3292
0.17707,0.71942,-0.67162,-0.26213,-1.41774,0.6661
0.12679,0.73784,-0.66296,-0.49091,-1.57385,0.96805
0.10884,0.7594,-0.64146,-0.45428,-1.16795,0.84243
0.11907,0.7833,-0.61014,-0.51996,-0.99405,0.75165
0.14918,0.80099,-0.57979,-0.16923,-0.54396,0.35248
0.20185,0.80952,-0.55131,-0.21581,-0.66273,0.72915
0.27154,0.81715,-0.50845,-0.54946,-0.67877,1.43793
0.30901,0.80381,-0.50833,-1.07299,1.75329,-0.69629
0.27845,0.79476,-0.53928,-2.11525,6.31179,-0.41333
0.28569,0.83286,-0.47404,0.83711,2.28557,1.07457
0.32181,0.86052,-0.39488,1.25524,-0.74769,0.20712
0.32479,0.88844,-0.32433,1.02855,-0.58462,0.44705
0.30343,0.91483,-0.26648,1.00559,-0.18728,0.17684
0.23135,0.95176,-0.20156,1.11572,0.92069,0.31279
0.15896,0.97743,-0.13915,0.26195,1.2762,0.33777
0.10805,0.99261,-0.05515,-0.10307,0.65755,-0.09859
0.05821,0.99825,0.01072,-0.62379,0.32943,-0.49939
0.02508,0.99818,0.05485,-0.51475,0.36196,-0.27775
-0.00375,0.99751,0.07036,0.09987,-0.51062,0.02062
-0.02702,0.99796,0.05775,0.45501,-1.0846,0.16418
-0.03169,0.99897,0.03236,0.68088,-1.59477,-0.09452
-0.01021,0.99995,-0.00149,0.76827,-1.11649,-0.40342
0.03033,0.99808,-0.05403,0.35421,-0.831,-0.21581
0.06734,0.99011,-0.12307,0.18907,-0.77933,0.28869
0.09735,0.9744,-0.20263,-0.10689,-0.43417,0.22979
0.12386,0.94588,-0.29994,0.23759,0.43382,-0.0355
0.11929,0.88847,-0.44316,1.00072,5.01792,0.58868
0.12446,0.82265,-0.55476,0.02822,4.77931,1.08102
0.15177,0.77052,-0.61908,-0.48519,1.11218,-0.37314
0.18058,0.73171,-0.65726,-0.1839,1.17529,0.02406
0.21749,0.70187,-0.67829,-0.25405,1.02722,0.02366
0.23869,0.69173,-0.68157,0.05507,0.52638,0.15905
0.24,0.70859,-0.66355,-0.01653,-0.63361,0.01808
0.23947,0.73143,-0.63849,-0.08087,-1.43216,0.19056
0.22955,0.75076,-0.61941,-0.07826,-1.50106,0.13267
0.19791,0.76547,-0.61229,-0.42783,-1.21183,0.84291
0.15977,0.77815,-0.60742,-0.42984,-1.30644,0.8531
0.1488,0.79007,-0.59468,-0.33586,-1.09174,0.76867
0.16486,0.80058,-0.5761,-0.24939,-0.75038,0.4987
0.2002,0.80882,-0.55293,-0.29777,-0.71979,0.44238
0.24923,0.81639,-0.52095,-0.576,-0.82934,0.95418
0.29705,0.81774,-0.49302,-0.83946,0.19191,-1.19251
0.30346,0.79698,-0.52224,-1.19642,1.89482,0.60409
0.29413,0.84095,-0.4542,1.15026,2.0045,0.77746
0.31462,0.86477,-0.39139,1.46654,0.23054,-0.11793
0.33532,0.88755,-0.31594,1.09438,-0.89182,0.31339
0.33187,0.90805,-0.25554,0.85579,-0.0632,0.24174
0.27563,0.94111,-0.19581,0.98089,0.50687,0.21295
0.19685,0.9706,-0.13849,0.79858,1.00436,0.00661
0.1377,0.98805,-0.06922,-0.08202,0.45642,-0.14207
0.0864,0.99625,0.00354,-0.31161,0.08123,-0.50414
0.04657,0.99788,0.04555,-0.3777,0.21457,-0.51863
0.01883,0.99739,0.06967,0.16383,-0.57277,0.09842
-0.00502,0.99755,0.06985,0.34469,-0.83437,0.08001
-0.01433,0.99854,0.05211,0.49625,-1.11457,0.01227
-0.00155,0.99979,0.02055,0.69172,-1.26704,-0.44276
0.03431,0.99899,-0.02915,0.37794,-0.71659,-0.26368
0.072,0.99235,-0.10025,0.23438,-0.66099,0.11334
0.10076,0.97748,-0.18543,-0.16724,-0.04466,0.04453
0.12225,0.94819,-0.29325,0.72635,1.43061,-0.11932
0.11052,0.89674,-0.42855,0.81767,3.63397,0.58499
0.1071,0.83671,-0.53707,-0.91065,0.72104,0.38819
0.12991,0.78445,-0.60644,-0.76117,1.0837,-0.28893
0.16611,0.74391,-0.64731,-0.16028,1.16651,-0.20206
0.20713,0.70699,-0.67622,-0.19239,0.92093,0.08179
0.23294,0.68537,-0.68993,0.03966,0.6144,0.03705
0.23801,0.69173,-0.68181,0.04478,0.26472,0.06927
0.23742,0.71136,-0.66151,-0.03462,-1.26563,0.34241
0.22716,0.7301,-0.64448,-0.27929,-1.3475,0.40914
0.20878,0.74551,-0.63295,-0.47231,-1.15959,0.63751
0.18152,0.76047,-0.62348,-0.61689,-1.25269,0.79701
0.17463,0.77329,-0.60953,-0.55076,-1.1661,0.83719
0.19585,0.78547,-0.58709,-0.44249,-0.94601,0.70962
0.23603,0.79338,-0.5611,-0.27374,-0.80501,0.49909
0.28395,0.80256,-0.52466,-0.53604,-1.01709,0.77609
0.32476,0.81414,-0.48136,-1.18502,-0.95016,0.85558
0.32892,0.79469,-0.51017,-0.77931,1.13017,0.61686
0.33193,0.83505,-0.43877,-0.57468,7.10703,0.71226
0.34215,0.86714,-0.36193,1.66801,0.36632,-0.10113
0.37519,0.87669,-0.30108,0.95268,-0.94726,0.06681
0.38021,0.89005,-0.25152,0.90828,-0.64504,0.33132
0.34119,0.91827,-0.20094,0.8336,-0.33258,0.39847
0.26177,0.95327,-0.15086,0.64084,0.64438,0.16647
0.18517,0.97676,-0.10797,-0.068,1.18677,0.23814
0.1319,0.99058,-0.0368,-0.30678,0.57786,-0.17479
0.0765,0.99688,0.01962,-0.36422,0.1501,-0.40576
0.03372,0.9982,0.0495,-0.09763,0.07785,-0.17877
0.00294,0.99808,0.06192,0.14426,-0.2897,-0.01954
-0.01622,0.99801,0.06095,0.63617,-1.22538,-0.02514
-0.01288,0.99898,0.04326,0.69777,-1.62062,-0.34029
0.0149,0.99989,0.00285,0.57438,-1.32056,-0.36899
0.05163,0.99698,-0.05805,0.21154,-0.74675,0.16203
0.0838,0.98731,-0.13487,0.04906,-0.51008,0.44962
0.1112,0.96767,-0.2264,0.22276,0.60814,-0.39874
0.11711,0.92615,-0.35852,0.95104,4.63315,0.64872
0.09291,0.86825,-0.48735,-0.4599,1.54838,0.86945
0.09453,0.81125,-0.577,-0.96158,0.8119,0.1556
0.12142,0.76857,-0.62814,-0.13164,1.21369,-0.14806
0.1663,0.72666,-0.66657,-0.22142,1.0554,-0.02132
0.20726,0.69153,-0.69198,-0.12846,0.94333,0.01792
0.21778,0.6841,-0.69611,0.03852,-0.17667,0.21728
0.21494,0.69824,-0.68284,-0.02337,-1.41876,0.29018
0.20487,0.72237,-0.66046,0.06383,-1.54012,0.35489
0.17625,0.74406,-0.64445,-0.28613,-1.26646,0.46804
0.13781,0.7612,-0.6337,-0.38867,-1.28533,0.85801
0.10962,0.77467,-0.62279,-0.41055,-1.3326,0.84766
0.11533,0.78623,-0.60707,-0.53148,-0.90754,0.68933
0.14962,0.79364,-0.5897,-0.27009,-0.68424,0.48086
0.20559,0.79815,-0.56629,-0.33335,-0.89538,0.58228
0.26673,0.8078,-0.52566,-0.86494,-0.97354,1.44526
0.31061,0.80385,-0.5073,-0.9674,-0.24067,-1.27239
0.31539,0.79002,-0.52573,-1.64041,5.19182,-0.04305
0.29262,0.8405,-0.45601,1.74818,3.11863,1.30214
0.32724,0.85762,-0.39675,1.45073,-0.55529,-0.33004
0.35109,0.87799,-0.32537,0.88809,-1.06992,0.3621
0.33665,0.90188,-0.27072,0.70089,-0.44555,0.3545
0.27416,0.93874,-0.20883,0.47964,0.92317,0.20286
0.20115,0.96742,-0.15377,0.33962,1.32738,0.01178
0.14957,0.98531,-0.08247,0.04294,0.68195,0.07191
0.10346,0.99463,-0.00349,-0.23146,0.11533,-0.31256
0.06129,0.99728,0.04103,-0.5216,0.39408,-0.47506
0.03063,0.99733,0.06625,-0.03429,-0.00066,-0.12369
0.00715,0.9979,0.06432,0.38358,-0.95846,0.0274
-0.00091,0.99906,0.04331,0.47603,-1.20425,-0.0485
0.01341,0.99985,0.01045,0.54432,-1.37691,-0.29588
0.0473,0.9982,-0.03687,0.28844,-0.83693,-0.17432
0.08407,0.99115,-0.10276,0.1773,-0.7711,0.234
0.11591,0.97627,-0.18294,-0.15652,-0.35447,0.07676
0.14608,0.94975,-0.27682,0.76603,1.25456,-0.36982
0.14868,0.89857,-0.41287,1.13518,3.54924,0.27461
0.1422,0.83569,-0.53047,-0.39635,2.71725,0.91493
0.15846,0.7824,-0.60227,-1.12012,1.06093,-0.47242
0.19345,0.74224,-0.64161,-0.44218,1.26028,-0.23555
0.25257,0.70487,-0.66285,-0.19807,1.1181,0.10859
0.30711,0.67532,-0.67054,0.19083,0.74427,0.07105
0.33358,0.66977,-0.66343,0.1164,0.08467,-0.06669
0.34058,0.68289,-0.64628,-0.00234,-1.54281,0.19993
0.32528,0.70529,-0.62988,-0.12313,-1.33211,0.24522
0.28601,0.72773,-0.62338,-0.22963,-1.05904,0.65225
0.23012,0.74872,-0.62166,-0.59747,-1.4388,0.96217
0.1951,0.76829,-0.60965,-0.59772,-1.37724,0.84448
0.19673,0.78786,-0.58359,-0.65847,-1.13242,0.65198
0.21906,0.80152,-0.55639,-0.30997,-0.73963,0.45894
0.25641,0.80707,-0.53187,-0.29094,-0.75166,0.53263
0.30765,0.80987,-0.49946,-0.70098,-0.64125,1.33642
0.32546,0.7946,-0.51252,-0.76629,2.62637,-0.68052
0.29331,0.8095,-0.5086,-1.52361,6.71987,0.6609
0.30724,0.83764,-0.45162,1.04838,1.62919,0.62257
0.33614,0.85898,-0.38622,0.9057,-1.0122,0.39272
0.33592,0.88366,-0.32604,0.78589,-0.72593,0.28803
0.29696,0.91593,-0.26998,0.78401,-0.28345,0.26026
0.22278,0.95263,-0.20704,0.64749,0.95965,0.15232
0.15749,0.97645,-0.14744,0.34412,1.12651,0.35284
0.10841,0.99173,-0.06867,0.18182,0.53258,-0.08235
0.05724,0.99831,-0.01018,-0.05263,0.04417,-0.47705
0.02252,0.99939,0.02656,-0.29445,0.13611,-0.3181
-0.00047,0.99886,0.04771,-0.00917,-0.2884,0.0284
-0.01556,0.99898,0.04248,0.24957,-0.77714,0.11188
-0.01661,0.99967,0.01958,0.35611,-1.21441,-0.18426
-0.00208,0.99985,-0.01746,0.39139,-1.10885,-0.33794
0.02331,0.9973,-0.06957,0.29973,-0.84284,-0.1533
0.04757,0.98951,-0.13639,0.11683,-0.65287,0.48565
0.07,0.97468,-0.21237,-0.10061,-0.19932,0.11322
0.0871,0.9465,-0.31072,0.6203,0.93379,-0.23747
0.0742,0.8921,-0.4457,0.83354,4.70018,0.85346
0.07932,0.83457,-0.54515,-0.86567,1.21827,0.39827
0.10425,0.7959,-0.59638,-0.95114,0.94073,-0.40185
0.15084,0.76583,-0.6251,-0.31318,1.23864,0.01439
0.2142,0.73819,-0.63968,-0.22659,1.03723,-0.15306
0.24938,0.72406,-0.64307,0.1503,0.58488,0.13894
0.25956,0.72602,-0.6368,0.08562,-1.24345,0.15327
0.26143,0.73785,-0.62228,0.1436,-1.48817,0.11404
0.23843,0.7563,-0.60923,0.07114,-1.35994,0.29473
0.20456,0.76819,-0.60667,-0.48835,-1.16951,0.87385
0.16913,0.77569,-0.60803,-0.62773,-1.21821,0.91525
0.15576,0.7822,-0.60324,-0.60916,-1.08144,0.78958
0.1719,0.79056,-0.58776,-0.68212,-0.96009,0.59907
0.2106,0.79825,-0.56431,-0.39176,-0.92835,0.39808
0.26158,0.80637,-0.53042,-0.79126,-0.81912,1.37582
0.31206,0.80751,-0.50054,-1.06476,-0.65836,0.54783
0.34436,0.78713,-0.5117,-0.54009,1.16712,0.70356
0.35169,0.82264,-0.44674,1.25205,3.08248,1.00855
0.35828,0.84761,-0.3914,1.29472,0.26503,-0.06868
0.36802,0.86603,-0.33846,0.69863,-1.09546,0.59029
0.35769,0.88732,-0.29106,0.61723,-0.39817,0.30964
0.30469,0.92311,-0.23461,0.75111,0.22671,0.31377
0.22594,0.95819,-0.17556,0.77476,0.4949,0.13897
0.16182,0.97983,-0.11725,0.33708,1.16116,0.32481
0.11772,0.99236,-0.03692,-0.23514,0.10382,-0.36955
0.07456,0.997,0.02086,-0.20637,-0.04866,-0.46213
0.04229,0.99763,0.0543,-0.33026,0.12778,-0.18026
0.01643,0.99736,0.07074,-0.11052,-0.1573,0.00306
-0.00197,0.99792,0.06449,0.31509,-1.06059,0.0648
-0.00235,0.99913,0.04174,0.41102,-1.44241,-0.24298
0.01726,0.99985,0.0021,0.41672,-0.95,-0.29415
0.04845,0.9973,-0.05522,0.32145,-0.76927,-0.10476
0.07977,0.98835,-0.12958,-0.09588,-0.22241,-0.04278
0.11094,0.96982,-0.21711,0.74004,1.64037,-0.18959
0.12392,0.93126,-0.34263,0.71088,3.51043,0.41402
0.11703,0.87969,-0.46092,-0.76411,2.13394,0.78397
0.12958,0.82823,-0.5452,-1.01926,1.05524,0.01456
0.16644,0.78801,-0.59274,-0.1909,0.97138,-0.0537
0.22467,0.7522,-0.61945,-0.20735,0.88812,0.04398
0.28556,0.71785,-0.63494,-0.0857,0.67692,0.18137
0.31883,0.69998,-0.63904,0.15111,0.24389,-0.1545
0.32247,0.70201,-0.63497,0.13661,-0.67334,0.12275
0.31904,0.71427,-0.62292,0.19329,-1.282,0.3219
0.29534,0.7298,-0.61657,-0.06079,-1.22643,0.43476
0.26226,0.7442,-0.61432,-0.38807,-1.15409,0.70863
0.22383,0.76061,-0.6094,-0.54449,-1.30036,0.76912
0.20592,0.77535,-0.59702,-0.52916,-1.16657,0.74716
0.21362,0.78567,-0.58059,-0.36221,-0.91513,0.55819
0.24256,0.79031,-0.56265,-0.13265,-0.74338,0.54536
0.28804,0.79694,-0.53096,-0.36855,-0.90842,0.76492
0.32982,0.80347,-0.49564,-1.1527,-0.55673,0.67516
0.32524,0.77919,-0.5358,-1.62889,7.06764,0.76836
0.30816,0.82001,-0.4823,-0.37327,5.61442,0.94719
0.35786,0.83182,-0.42427,0.96657,-0.10859,0.13586
0.38706,0.84333,-0.37279,0.52673,-1.19384,0.39043
0.38598,0.85826,-0.33825,0.50961,-0.84671,0.18755
0.3481,0.88828,-0.29965,0.93942,0.42532,0.58737
0.27435,0.92853,-0.25011,0.25981,0.68704,0.23265
0.20867,0.95731,-0.20002,0.28278,0.99963,0.37757
0.16548,0.97777,-0.1288,-0.40112,0.31491,-0.35263
0.12647,0.98941,-0.0712,-0.39618,0.26376,-0.59097
0.10629,0.99332,-0.04489,-0.39506,0.34298,-0.5279
0.08932,0.99507,-0.04306,0.09231,-0.60335,0.14042
0.07658,0.99491,-0.06546,0.18983,-1.02061,0.05548
0.07088,0.99238,-0.10082,0.22517,-1.18221,0.07543
0.07322,0.98774,-0.13791,0.41087,-1.13033,-0.08615
0.08356,0.97937,-0.184,0.33392,-0.89477,0.0624
0.09763,0.96482,-0.24411,0.25326,-0.75828,0.51919
0.11025,0.94171,-0.31784,0.09108,-0.03824,0.27266
0.11692,0.90275,-0.41396,0.82458,1.74352,-0.43203
0.10585,0.83919,-0.53344,0.934,4.25517,0.51473
0.12857,0.78071,-0.61152,-1.03158,0.42939,0.1327
0.15126,0.73865,-0.6569,-0.67458,0.86621,-0.27851
0.18289,0.70508,-0.68514,-0.13787,1.04997,-0.00265
0.22911,0.67693,-0.69949,0.09868,0.82114,0.03681
0.26218,0.66509,-0.69923,0.06561,0.83297,0.03655
0.2667,0.6758,-0.68715,0.10924,-0.00661,0.05449
0.26327,0.69441,-0.66969,0.22468,-0.92564,0.1329
0.24272,0.71579,-0.65477,0.23266,-0.98713,0.35706
0.21175,0.73327,-0.64613,-0.12724,-0.88043,0.46127
0.18624,0.74657,-0.6387,-0.38599,-0.89665,0.64958
0.16765,0.757,-0.63154,-0.50204,-0.87205,0.76041
0.16554,0.76364,-0.62406,-0.4446,-0.82776,0.74254
0.18393,0.76964,-0.61141,-0.33467,-0.79804,0.74769
0.21966,0.78345,-0.58134,-0.39177,-0.93354,0.68455
0.25592,0.80391,-0.53688,-0.75244,-0.98167,0.85901
0.2755,0.81009,-0.51755,-0.86626,-0.2672,-0.33768
0.25973,0.78957,-0.55599,-0.73796,2.39798,0.34038
0.26974,0.81268,-0.51652,1.22771,4.9955,1.11205
0.33021,0.81946,-0.46845,1.40723,-0.31617,-0.31315
0.36723,0.82936,-0.42109,0.7409,-1.18165,-0.0683
0.35463,0.84449,-0.40133,0.79043,-0.77908,-0.01099
0.30506,0.8767,-0.37194,0.66572,0.52163,0.4811
0.23307,0.9141,-0.33182,0.50317,0.6593,0.41178
0.17324,0.94276,-0.28496,0.29374,0.80527,0.55877
0.13481,0.9681,-0.21122,0.02882,0.47572,0.32893
0.09527,0.9861,-0.13617,-0.21654,0.48807,-0.28055
0.0682,0.99331,-0.09319,-0.22392,0.41257,-0.30663
0.05319,0.99538,-0.07991,-0.04648,-0.23665,0.13367
0.04086,0.99472,-0.09418,0.21665,-0.78996,0.07542
0.0367,0.99185,-0.12202,0.21018,-0.98454,-0.01209
0.03895,0.98713,-0.1551,0.34179,-1.07212,0.20265
0.0442,0.98029,-0.19256,0.38947,-0.99735,0.46687
0.05402,0.96872,-0.24219,0.23701,-0.47776,0.25515
0.07031,0.94931,-0.30637,0.71634,0.32475,0.24152
0.07991,0.91602,-0.39309,0.97685,1.29237,-0.11245
0.07175,0.86767,-0.49193,1.08245,3.41223,0.8382
0.07493,0.82518,-0.55988,-0.91233,1.10712,0.03903
0.07825,0.79616,-0.60001,-0.80159,1.043,-0.23445
0.07753,0.76932,-0.63414,-0.40584,0.8606,0.01473
0.08736,0.74528,-0.661,0.15462,0.63677,0.03321
0.10132,0.73412,-0.67141,0.23886,0.35664,0.04179
0.11142,0.74645,-0.65605,0.07457,0.03193,0.04257
0.1178,0.77215,-0.62443,0.04733,-0.65214,0.38607
0.11997,0.79787,-0.59077,-0.03087,-1.02318,0.39201
0.10738,0.82303,-0.55776,-0.08997,-0.97675,0.46205
0.09071,0.84752,-0.52296,-0.22105,-1.04049,0.48173
0.0789,0.8711,-0.48472,-0.31059,-1.13184,0.54098
0.07522,0.89309,-0.44355,-0.36465,-1.16805,0.57235
0.07897,0.91168,-0.40324,-0.42605,-1.01971,0.51515
0.0842,0.92702,-0.36544,-0.49585,-0.93711,0.65554
0.08567,0.94074,-0.32812,-0.54877,-0.93066,0.67875
0.07679,0.94932,-0.30479,-0.51559,-0.78484,0.9138
0.07713,0.95379,-0.29041,-0.12614,4.84562,0.83672
0.05361,0.96434,-0.25918,0.09861,6.82224,1.23103
0.05093,0.9778,-0.20327,0.76743,-0.89836,-0.5076
0.09645,0.98826,-0.11846,0.92463,-0.82162,0.25577
0.0908,0.99278,-0.07842,0.81525,-0.1293,0.11013
0.07623,0.99611,-0.04428,0.36891,0.35059,-0.26207
0.0617,0.99803,-0.01181,-0.13164,0.62914,0.15396
0.04781,0.99884,0.00567,0.16259,0.23654,0.23868
0.03821,0.99913,0.01648,0.50123,-0.04944,-0.08471
0.03212,0.99948,0.00392,0.39959,-0.34683,-0.46585
0.02666,0.99914,-0.03165,0.49429,-0.57223,-0.39053
0.01809,0.99703,-0.0748,0.51623,-0.9001,-0.20667
0.00968,0.99257,-0.12127,0.4449,-1.00717,-0.11652
0.00531,0.98479,-0.17367,0.11521,-0.99124,-0.04466
0.00141,0.97256,-0.23264,0.00356,-0.72874,0.34313
-0.00678,0.95262,-0.30409,0.06557,0.054,0.64381
-0.02025,0.92188,-0.38695,0.02573,0.50456,0.28829
-0.06089,0.87479,-0.48067,1.00954,3.69911,0.95581
-0.08042,0.8336,-0.54649,-0.25229,2.03071,0.66073
-0.07865,0.80746,-0.58465,-1.22315,0.6458,-0.63491
-0.0761,0.78766,-0.61139,-0.40699,0.87321,-0.05574
-0.05776,0.77116,-0.63401,-0.26748,0.72353,0.1018
-0.03394,0.76164,-0.64711,-0.10043,0.29279,0.36946
-0.01165,0.76079,-0.64889,0.214,-0.22095,0.33935
0.01288,0.77171,-0.63584,0.31017,-0.38701,0.35055
0.03572,0.79309,-0.60806,0.32141,-0.60606,0.23478
0.04845,0.82059,-0.56946,0.13445,-0.80291,0.24139
0.04823,0.84856,-0.52689,0.0961,-0.84991,0.27476
0.04265,0.8736,-0.48477,0.00021,-1.01737,0.43469
0.04388,0.89563,-0.44263,-0.10984,-1.21063,0.50592
0.05355,0.91456,-0.40088,-0.06798,-1.24511,0.4972
0.06839,0.92827,-0.36556,-0.10151,-0.96491,0.62501
0.07116,0.93507,-0.34725,-0.24326,-0.97274,0.41764
0.07059,0.93775,-0.34005,-0.15698,-0.70103,0.3881
0.05698,0.94515,-0.32162,0.00406,1.45159,-0.22585
-0.00498,0.95071,-0.31005,1.37661,0.26787,-0.11161
0.02957,0.96595,-0.25704,0.97007,-0.80634,-0.02861
0.04534,0.97435,-0.22043,1.02621,-0.4046,-0.13413
0.03855,0.97593,-0.21467,0.34951,0.32544,-0.14283
0.0266,0.97581,-0.21702,0.32052,0.22878,-0.09829
0.00923,0.97285,-0.23124,0.22229,0.27826,0.05883
-0.01729,0.96537,-0.26032,0.17238,0.02572,0.15189
-0.05122,0.95289,-0.29896,-0.0296,-0.41894,0.07206
-0.09435,0.93615,-0.33871,-0.19321,-0.73548,0.13481
-0.14217,0.91506,-0.37744,-0.09381,-1.02106,0.44493
-0.18699,0.89365,-0.40795,0.26687,-1.1664,0.61063
-0.2185,0.86887,-0.44421,0.69105,-0.46497,0.91159
-0.23047,0.83538,-0.49902,0.2915,0.19289,0.39092
-0.21902,0.79943,-0.55941,0.67279,1.14547,-0.62121
-0.20292,0.77422,-0.59951,1.33972,3.34196,-0.18191
-0.17304,0.76524,-0.62006,-0.20253,0.34528,0.23024
-0.15321,0.76443,-0.62624,-0.21394,0.24502,-0.1947
-0.1415,0.77417,-0.61696,0.22723,0.46819,0.04011
-0.1173,0.78988,-0.60194,0.39599,0.36738,0.20008
-0.09648,0.80813,-0.58104,0.60617,-0.12497,0.50953
-0.09388,0.8318,-0.54707,0.65025,-0.33133,0.62172
-0.10231,0.86241,-0.49577,0.47323,-0.46959,0.70982
-0.11508,0.89565,-0.42961,0.41123,-0.49261,0.50854
-0.13181,0.92643,-0.35265,0.1541,-0.66907,0.45446
-0.14962,0.95204,-0.26688,-0.06616,-0.80156,0.46414
-0.17179,0.96806,-0.18261,-0.18748,-0.77531,0.35339
-0.20432,0.97088,-0.12508,-0.43934,-0.62661,0.10674
-0.24297,0.96435,-0.10486,-0.52766,-0.51463,-0.16383
-0.27092,0.95686,-0.10496,-0.60967,-0.23967,-0.07656
-0.27877,0.95366,-0.11324,0.04005,0.58475,-0.16862
-0.29536,0.94754,-0.12217,0.57394,2.25816,0.11152
-0.31701,0.93986,-0.12713,1.74163,0.96637,0.15464
-0.3006,0.94513,-0.12791,1.61336,0.11901,-0.67188
-0.27867,0.95124,-0.13223,1.10422,0.01275,0.09467
-0.26946,0.95643,-0.11237,0.8365,-0.10518,0.21588
-0.26933,0.95902,-0.08797,0.52788,0.11598,0.12178
-0.28238,0.95779,-0.05386,0.19367,0.32988,0.38772
-0.29805,0.95452,-0.00698,0.28099,0.20946,0.35941
-0.31198,0.94903,0.04493,0.37418,-0.13084,0.25339
-0.32193,0.94168,0.098,0.59926,-0.10257,-0.0857
-0.33021,0.93391,0.13701,0.55985,-0.10606,-0.25272
-0.33702,0.92821,0.15765,0.63689,-0.12862,-0.31206
-0.33714,0.92666,0.16625,1.00694,-0.37704,-0.16427
-0.32933,0.92865,0.17073,1.00685,-0.41921,-0.10555
-0.31263,0.93341,0.17611,0.94345,-0.42306,0.09159
-0.28592,0.9415,0.17842,0.8934,-0.3219,0.1422
-0.24855,0.95312,0.17256,0.76394,-0.22969,0.03
-0.20127,0.96753,0.15289,0.56305,-0.12671,-0.06143
-0.14548,0.98232,0.11782,0.39484,0.06841,-0.28562
-0.07802,0.99441,0.0712,0.32899,0.55395,-0.44776
-0.00069,0.99995,0.01022,0.17469,1.25947,-0.16631
0.07448,0.99596,-0.05025,-0.26561,1.48123,0.06995
0.13552,0.98501,-0.10669,-0.47294,1.17697,-0.06349
0.18346,0.96946,-0.16277,-0.62366,1.05135,-0.91888
0.22848,0.94926,-0.21612,-0.5421,1.19614,-0.65982
0.25817,0.92817,-0.26804,-0.31794,0.50299,-0.39349
0.27512,0.91248,-0.30279,-0.02729,-0.19128,-0.38074
0.28323,0.9076,-0.3099,-0.15379,-0.29121,-0.37037
0.28188,0.91048,-0.30259,-0.09406,-0.46101,-0.46758
0.26301,0.91953,-0.29203,0.02747,-0.74264,-0.33401
0.2373,0.92927,-0.28309,0.06988,-1.17382,-0.07998
0.21612,0.93814,-0.27052,-0.23202,-1.39557,0.07858
0.20361,0.94927,-0.23963,-0.54851,-1.45112,0.12336
0.19247,0.96235,-0.19194,-0.60603,-1.49636,0.17611
0.17833,0.97465,-0.1351,-0.56439,-1.51422,0.29406
0.16065,0.98349,-0.0833,-0.80881,-1.42329,0.23265
0.14709,0.98795,-0.04813,-0.59822,-0.9591,0.40552
0.12862,0.99154,-0.01745,-0.37147,0.88264,0.33851
0.07837,0.99692,-0.00338,-0.65061,6.88855,0.52526
0.04584,0.9989,0.01026,1.01258,0.2114,-0.68446
0.07848,0.99577,0.04785,0.84454,-1.69929,-0.52832
0.0797,0.99236,0.09421,0.89635,-0.78058,-0.4328
0.04299,0.99059,0.12996,0.57257,0.12321,-0.29482
-0.00483,0.98641,0.16422,0.87063,0.75817,-0.39083
-0.04879,0.97908,0.19754,1.12484,1.12549,-0.27248
-0.07562,0.96642,0.24559,0.71133,0.36361,-0.12894
-0.10495,0.94693,0.30381,0.52587,0.1255,-0.53926
-0.13427,0.92685,0.3506,0.35479,0.33832,-0.86974
-0.15225,0.91389,0.37633,0.23378,0.07209,-0.8187
-0.16243,0.90647,0.38978,0.35887,-0.12577,-0.64919
-0.1645,0.90737,0.38681,0.42484,-0.61472,-0.31813
-0.15015,0.91698,0.3696,0.38853,-0.99192,-0.40449
-0.12504,0.9335,0.33608,0.36764,-1.08279,-0.49159
-0.09688,0.95297,0.28717,0.32177,-0.96116,-0.27139
-0.06421,0.97239,0.22437,-0.07668,-0.36492,-0.18096
-0.02411,0.98865,0.14829,0.14535,0.09793,-0.31968
0.01879,0.99857,0.05011,0.30537,0.75516,-0.61296
0.05707,0.99603,-0.06835,0.6365,3.0745,0.13935
0.0983,0.98117,-0.16628,-0.34722,1.01238,0.47048
0.12313,0.96333,-0.23839,-0.25278,0.84482,-0.43973
0.13675,0.94273,-0.30422,-0.07769,0.94128,-0.40114
0.1507,0.92143,-0.35813,-0.19919,0.87949,-0.43838
0.16491,0.90848,-0.38402,0.04271,0.27904,-0.45993
0.17083,0.91052,-0.37653,-0.06075,-0.403,-0.24496
0.17681,0.9199,-0.35005,-0.1225,-0.76586,-0.24225
0.18521,0.9318,-0.31216,-0.16122,-1.39547,-0.24173
0.18625,0.94189,-0.27955,-0.16811,-1.366,-0.02709
0.18207,0.94895,-0.25755,-0.35528,-1.2463,0.15892
0.17715,0.95349,-0.24386,-0.39262,-1.26857,0.35519
0.17803,0.95745,-0.22715,-0.39276,-1.13598,0.27448
0.18516,0.96258,-0.19786,-0.48918,-0.99164,0.18385
0.19268,0.96944,-0.15189,-0.71076,-1.04619,0.36034
0.19176,0.97629,-0.1004,-0.86399,-1.07842,0.08186
0.18714,0.97955,-0.07394,-0.70173,-0.6751,0.48293
0.18739,0.98202,-0.02302,-0.44233,1.66276,0.99969
0.13338,0.9908,0.02298,0.77237,5.45744,0.66594
0.12075,0.99128,0.05275,1.2315,-0.25199,-1.19712
0.13843,0.98485,0.10447,0.9799,-1.34758,-0.60751
0.11078,0.98147,0.15632,0.36752,-0.17116,-0.24055
0.06538,0.97726,0.20172,0.61661,0.58752,-0.17063
0.01487,0.96811,0.25007,0.903,1.1094,-0.49069
-0.02081,0.95147,0.30705,0.73549,1.34356,-0.07395
-0.05438,0.92656,0.37221,0.46394,0.4374,-0.59836
-0.09453,0.90403,0.41688,0.31688,0.47451,-0.7451
-0.12402,0.89114,0.43645,-0.06159,0.30114,-0.90537
-0.14373,0.88524,0.44237,0.28844,-0.09825,-0.54776
-0.15401,0.88776,0.43378,0.55172,-0.63985,-0.40369
-0.14841,0.89763,0.41501,0.59933,-0.84457,-0.43799
-0.12697,0.91513,0.38265,0.53346,-1.07501,-0.59098
-0.09453,0.93817,0.33302,0.42842,-0.82165,-0.26162
-0.05044,0.96246,0.26671,0.17242,0.08099,-0.21248
0.00716,0.9838,0.17911,0.34705,0.49372,-0.26195
0.06443,0.99657,0.052,0.70866,3.21725,-0.13999
0.11696,0.99121,-0.06189,-1.23961,0.6525,0.04006
0.15213,0.97672,-0.15126,-0.99593,0.93493,-0.31726
0.18709,0.95684,-0.22239,-0.43684,0.95622,-0.28599
0.22796,0.93228,-0.28087,-0.10969,0.67183,-0.14905
0.26416,0.90538,-0.33243,0.01851,0.61981,-0.16785
0.29227,0.88792,-0.3552,0.2169,0.44879,-0.43194
0.30582,0.88664,-0.34691,-0.05563,-1.3433,-0.28457
0.30593,0.89785,-0.31666,-0.03407,-1.50756,-0.20283
0.28989,0.91312,-0.28667,-0.2103,-1.41501,-0.07058
0.26865,0.92509,-0.2684,-0.63349,-1.33405,0.31198
0.25012,0.93362,-0.25651,-0.71701,-1.5666,0.51549
0.24621,0.9405,-0.23419,-0.61762,-1.51259,0.50052
0.24764,0.94812,-0.19934,-0.45928,-0.99605,0.19103
0.25002,0.95419,-0.16438,-0.30036,-0.91152,0.12359
0.25057,0.96121,-0.11528,-0.62221,-0.99884,0.65727
0.23719,0.9676,-0.08655,-0.86526,-0.68574,-0.89099
0.23465,0.96783,-0.09086,-0.57199,1.7178,0.9522
0.19412,0.98098,0.0017,-1.094,6.11784,0.58375
0.16477,0.98578,0.03291,1.37074,-0.39988,-1.12196
0.1907,0.97812,0.08317,0.98119,-1.25479,-0.37506
0.16982,0.9761,0.1356,0.77073,-0.31251,-0.08535
0.11236,0.97739,0.17912,0.54752,0.55984,-0.01443
0.05369,0.97275,0.22554,0.46974,0.72091,-0.5041
0.01529,0.95933,0.28188,0.11926,0.88406,-0.00382
-0.02115,0.93669,0.34951,0.18242,0.41019,-0.57141
-0.06747,0.91331,0.40164,0.29359,0.41732,-0.76974
-0.10648,0.8989,0.42503,0.09381,0.38223,-1.02815
-0.13288,0.89045,0.43526,0.29812,-0.11943,-0.59994
-0.14551,0.89018,0.43174,0.63632,-0.7128,-0.41586
-0.13338,0.89803,0.41924,0.69523,-1.1256,-0.55763
-0.10314,0.91442,0.3914,0.64839,-1.17308,-0.66934
-0.06372,0.93675,0.34415,0.40306,-0.86029,-0.46084
-0.01968,0.95922,0.28198,0.06526,-0.59783,-0.13437
0.03165,0.9778,0.20714,-0.12662,-0.07452,-0.24395
0.08672,0.99092,0.10275,0.64695,3.17674,-0.40745
0.1261,0.99139,-0.03534,0.06514,4.3893,0.40771
0.16935,0.97556,-0.14001,-0.75307,0.69203,0.00378
0.20497,0.95618,-0.20904,-0.49438,0.89851,-0.54721
0.24288,0.93143,-0.271,-0.13542,1.1166,-0.27932
0.28183,0.9014,-0.3287,0.04533,0.93834,-0.25085
0.30959,0.8788,-0.36313,0.32193,0.82088,-0.45602
0.31606,0.87357,-0.37011,0.11025,-0.69939,-0.325
0.31065,0.88335,-0.35098,0.04432,-1.44836,-0.32058
0.29261,0.90148,-0.31891,0.01418,-1.41387,-0.28339
0.25425,0.92072,-0.29602,-0.14141,-1.37195,0.01087
0.21633,0.93429,-0.28339,-0.64978,-1.43751,0.4856
0.19747,0.94305,-0.26768,-0.64578,-1.42185,0.50471
0.19803,0.94951,-0.24332,-0.31551,-0.96731,0.23058
0.20694,0.95344,-0.21939,-0.18503,-0.93922,-0.02617
0.22895,0.95293,-0.19876,-0.19264,-0.88549,0.22812
0.25771,0.94935,-0.17977,-0.8852,-0.36087,-0.67199
0.26969,0.94388,-0.19071,-0.61763,0.13742,0.42658
0.2919,0.94421,-0.15254,-0.826,3.35122,-0.1211
0.24721,0.96621,-0.07296,-0.78131,3.32922,-0.20067
0.20317,0.979,-0.01675,0.88726,-0.25529,-0.15482
0.17149,0.984,0.04823,0.87732,-0.36959,0.07309
0.12358,0.98515,0.11916,0.75277,0.27542,-0.19022
0.05016,0.98098,0.18754,0.8212,0.79872,-0.35803
-0.01208,0.96743,0.25287,0.55124,1.1381,-0.304
-0.04635,0.94415,0.32625,0.20756,0.69076,-0.23584
-0.07874,0.91641,0.39243,0.15704,0.1046,-0.60323
-0.10878,0.89477,0.43307,-0.00367,0.26134,-0.81372
-0.13882,0.87846,0.45721,0.02442,0.03867,-0.69787
-0.16252,0.87005,0.4654,0.33827,-0.60261,-0.35168
-0.16696,0.87091,0.46221,0.53687,-1.03499,-0.42849
-0.14948,0.88394,0.44307,0.58009,-1.21508,-0.68375
-0.11448,0.90736,0.40447,0.52282,-0.72965,-0.682
-0.0696,0.93574,0.34576,0.24909,-0.49561,-0.17651
-0.02011,0.96205,0.27213,-0.08083,0.05765,-0.40823
0.03525,0.98366,0.17653,0.5088,1.32006,-0.58488
0.07373,0.99639,0.04221,0.20126,3.61189,0.30956
0.11297,0.98992,-0.08537,-0.77926,1.196,0.24027
0.14563,0.97318,-0.17807,-0.65054,1.3993,-0.2602
0.19132,0.95197,-0.23905,-0.1296,1.05578,-0.44064
0.24167,0.92409,-0.29608,-0.076,0.96154,-0.28027
0.28316,0.89636,-0.34111,0.22617,0.56917,-0.39784
0.30465,0.88359,-0.35562,0.19021,-0.66407,-0.31021
0.31912,0.8844,-0.34058,0.0072,-1.55867,-0.06396
0.31755,0.89338,-0.31785,-0.19742,-1.50382,0.19955
0.29675,0.905,-0.30481,-0.60403,-1.39684,0.27371
0.26798,0.91695,-0.29562,-0.79999,-1.65618,0.43533
0.25228,0.92715,-0.27704,-0.53119,-1.60441,0.51975
0.25376,0.93566,-0.24526,-0.47416,-1.25414,0.30672
0.27111,0.93984,-0.20787,-0.17171,-0.94406,0.17505
0.29663,0.94183,-0.15804,-0.43589,-0.86575,0.58624
0.3014,0.94435,-0.13174,-1.06804,-0.55319,-0.69739
0.30511,0.94017,-0.15163,-1.45326,2.24898,0.25246
0.26878,0.9603,-0.07472,0.53107,4.51185,0.86334
0.203,0.97906,-0.01501,1.23178,-0.22011,-0.58116
0.19614,0.97991,0.036,1.07831,-0.80026,-0.3438
0.17682,0.97881,0.10331,1.06134,-0.18475,0.00394
0.11663,0.97914,0.16639,1.03723,0.53775,-0.00755
0.0444,0.97232,0.22939,0.80613,0.9535,-0.47183
0.00528,0.95468,0.2976,0.07359,0.38823,-0.35766
-0.03186,0.9293,0.36794,0.00415,0.02433,-0.6773
-0.07134,0.91012,0.40816,0.00958,0.15336,-0.89643
-0.10298,0.89558,0.43283,-0.06613,0.11626,-0.51344
-0.12902,0.89113,0.43503,0.14545,-0.20941,-0.36088
-0.13865,0.89487,0.42424,0.50086,-0.81071,-0.25057
-0.12561,0.9068,0.40242,0.74969,-1.33835,-0.73044
-0.09236,0.92771,0.36169,0.71895,-1.05949,-0.78671
-0.04849,0.9525,0.30065,0.47008,-0.67267,-0.25389
0.0013,0.97416,0.22585,-0.06948,0.03411,-0.3745
0.05866,0.98995,0.12871,0.13768,0.28296,-0.40854
0.09728,0.99519,-0.01164,0.7973,3.58294,0.09714
0.13348,0.98105,-0.14043,-0.97344,0.70598,0.21514
0.16168,0.95994,-0.22884,-0.81772,1.1104,-0.34045
0.20031,0.9382,-0.28223,0.02628,0.90216,-0.46029
0.25206,0.91313,-0.3204,0.1105,0.69044,-0.38429
0.29491,0.89147,-0.34396,0.08234,0.62182,-0.30763
0.31836,0.88266,-0.34577,-0.03787,-0.58318,-0.11263
0.32723,0.88456,-0.33237,0.05316,-1.71029,0.18088
0.3165,0.89534,-0.31336,-0.1978,-1.62765,0.15257
0.29011,0.9096,-0.29742,-0.7103,-1.47148,0.43664
0.25815,0.92391,-0.28239,-0.92314,-1.84715,0.45592
0.24318,0.93707,-0.25054,-0.74315,-1.39529,0.35688
0.23968,0.94906,-0.20453,-0.51764,-1.23904,0.19187
0.2463,0.95429,-0.16932,-0.1864,-0.97921,0.10658
0.26817,0.95294,-0.14137,-0.31419,-0.45606,0.79925
0.29415,0.9503,-0.10205,-0.63333,-0.12368,-0.8621
0.29984,0.94817,-0.10524,-0.54646,0.49448,-1.50773
0.25819,0.96479,-0.05017,0.53395,3.18063,0.71396
0.24718,0.96886,-0.01492,1.20621,0.83664,0.00271
0.23392,0.97152,0.03773,0.82969,-0.9956,-0.26011
0.19252,0.97736,0.08772,0.5924,-0.45188,0.25844
0.11944,0.98221,0.14489,0.67051,0.42971,0.02945
0.05259,0.97653,0.20886,0.64217,1.19458,-0.40033
0.01392,0.96124,0.27537,0.3486,0.76598,-0.14793
-0.02309,0.93868,0.34401,0.13254,0.08102,-0.70758
-0.06058,0.9209,0.38506,0.16156,0.19185,-0.98568
-0.08781,0.90883,0.40783,-0.06803,-0.15579,-0.3386
-0.1094,0.90754,0.40547,0.15885,-0.44076,-0.23396
-0.11344,0.91375,0.39011,0.44033,-1.09126,-0.53269
-0.09759,0.92677,0.36273,0.51178,-1.23649,-0.59591
-0.06483,0.94519,0.32002,0.53596,-0.92014,-0.65449
-0.02566,0.96555,0.25894,0.20488,-0.59411,0.01692
0.0141,0.98303,0.1829,-0.16346,-0.05919,-0.35151
0.06106,0.99403,0.09041,-0.02621,0.30533,-0.48808
0.09592,0.99431,-0.04636,0.92743,3.54153,0.19944
0.13195,0.97524,-0.17746,-0.2401,1.96664,0.74115
0.16041,0.95111,-0.26393,-1.34122,0.73795,-0.4709
0.19569,0.92871,-0.31496,0.06469,0.72807,-0.48881
0.24078,0.90364,-0.35421,-0.0233,0.75133,-0.23534
0.28356,0.88144,-0.37771,0.10043,0.68544,-0.24528
0.30961,0.87287,-0.37713,0.04392,-0.51065,-0.17609
0.32063,0.87772,-0.3561,0.11935,-1.5052,-0.11397
0.31463,0.89005,-0.32988,-0.06419,-1.63717,-0.04157
0.29156,0.90399,-0.31272,-0.42625,-1.39546,0.2651
0.26089,0.91816,-0.29819,-0.62608,-1.52966,0.51801
0.23848,0.93141,-0.27495,-0.64917,-1.36797,0.424
0.2346,0.94177,-0.24089,-0.55731,-1.1407,0.2744
0.24352,0.94725,-0.20836,-0.23827,-0.9003,0.19973
0.25946,0.94987,-0.17444,-0.4877,-0.88018,0.57352
0.26526,0.95284,-0.14743,-1.0464,-0.68634,-0.49512
0.25564,0.95056,-0.1763,-0.8417,1.92233,0.07544
0.21503,0.96975,-0.1155,-0.24518,5.50127,0.89205
0.18474,0.98051,-0.0669,1.59092,0.04711,-0.56626
0.20527,0.97868,-0.00671,0.99224,-1.1652,-0.13897
0.20403,0.9772,0.05882,0.88805,-0.86764,-0.06814
0.16083,0.98005,0.11678,0.77365,0.1039,0.1302
0.09562,0.97964,0.17651,0.59693,0.91913,-0.22387
0.05199,0.97085,0.234,0.278,0.96942,-0.02819
0.01776,0.95163,0.30673,-0.09172,0.1862,-0.60131
-0.02852,0.93331,0.35793,-0.26625,0.30941,-0.74987
-0.0642,0.92013,0.38631,-0.11024,0.29355,-0.56561
-0.08873,0.9143,0.39521,0.05841,0.04865,-0.40985
-0.10005,0.91707,0.38598,0.457,-0.99168,-0.45959
-0.09028,0.92664,0.36494,0.4506,-1.14152,-0.5969
-0.0634,0.94134,0.33146,0.4619,-1.18987,-0.63426
-0.02595,0.9586,0.28358,0.41394,-0.80929,-0.3717
0.0157,0.97575,0.21831,0.11838,-0.46024,-0.07367
0.06513,0.98803,0.13986,-0.14383,-0.1867,-0.29497
0.11586,0.99291,0.02649,0.88542,2.15165,-0.40913
0.15077,0.98236,-0.11061,0.35233,3.44366,0.55403
0.18603,0.95837,-0.2166,-1.05917,0.64089,-0.09756
0.21483,0.93568,-0.27991,-0.70856,1.19561,-0.60333
0.25653,0.91168,-0.321,-0.153,1.16561,-0.51684
0.30426,0.88853,-0.34343,-0.34932,0.83567,-0.29863
0.33984,0.87491,-0.34501,-0.08096,0.47641,-0.17478
0.36402,0.87267,-0.32549,-0.12154,-0.78244,-0.27154
0.37615,0.87992,-0.29027,0.02483,-1.66471,-0.40137
0.36031,0.89729,-0.25503,0.05341,-1.39111,-0.1422
0.3291,0.91409,-0.23691,-0.18642,-1.28841,0.23886
0.29597,0.92795,-0.2265,-0.79019,-1.42222,0.46884
0.28101,0.93737,-0.20584,-0.80883,-1.36356,0.40613
0.2824,0.94256,-0.17838,-0.64939,-1.1118,0.31879
0.29022,0.94484,-0.15184,-0.39703,-0.9397,0.30972
0.29955,0.94738,-0.1129,-0.46738,-0.94295,0.37124
0.29511,0.95265,-0.07322,-0.98367,-0.71282,0.51552
0.27971,0.95517,-0.09705,-0.57787,0.67194,-1.03518
0.21958,0.9749,-0.03678,-1.06442,6.08935,0.92783
0.19867,0.97998,0.01314,1.62015,1.10118,-0.07483
0.21378,0.9744,0.06966,0.89294,-1.16977,-0.14629
0.20673,0.97093,0.12063,0.80459,-1.19992,-0.04577
0.15914,0.97261,0.16944,0.77093,0.24965,0.08106
0.09142,0.97103,0.22077,0.38917,0.88424,-0.34189
0.04381,0.96005,0.27639,0.03881,1.10381,-0.08106
0.00565,0.93792,0.34682,-0.2018,0.37417,-0.66951
-0.04624,0.91818,0.39346,0.09205,0.4379,-0.97525
-0.0882,0.90502,0.41614,0.16732,0.36707,-0.71621
-0.12071,0.89948,0.41996,0.47621,-0.30963,-0.4631
-0.13806,0.90188,0.40934,0.69798,-0.88265,-0.31762
-0.12934,0.91073,0.39223,0.70562,-1.23827,-0.52652
-0.09815,0.92711,0.3617,0.68592,-1.27929,-0.5658
-0.0563,0.94875,0.31097,0.34329,-0.67281,-0.18883
-0.00486,0.96961,0.24459,-0.01194,-0.20758,-0.36065
0.05279,0.98564,0.16039,0.37265,0.37566,-0.63858
0.09659,0.99466,0.03624,0.87629,4.40799,0.13062
0.11912,0.9885,-0.0932,-0.36184,1.03761,0.5374
0.14232,0.97006,-0.19679,-0.88616,1.19934,-0.10431
0.17003,0.94621,-0.27528,-0.04636,1.14422,-0.16917
0.20761,0.91733,-0.33971,-0.32876,0.77896,-0.17919
0.23946,0.88906,-0.39017,-0.20378,0.34496,-0.21173
0.25281,0.87483,-0.41322,0.00097,-0.20235,-0.27121
0.25764,0.88003,-0.39896,-0.19248,-1.20025,-0.35153
0.25939,0.89748,-0.35673,-0.03671,-1.59796,-0.13334
0.24852,0.91548,-0.31645,-0.3612,-1.61781,-0.0515
0.23166,0.9269,-0.29529,-0.58652,-1.44469,0.49225
0.22141,0.93233,-0.28589,-0.49884,-1.45254,0.54351
0.22681,0.93652,-0.26738,-0.37166,-1.337,0.46521
0.2397,0.94032,-0.24152,-0.29748,-0.85898,0.10034
0.2615,0.94188,-0.21092,-0.32075,-0.89029,0.10359
0.27793,0.94638,-0.1647,-1.09352,-0.79367,0.15178
0.27359,0.94736,-0.16629,-0.66985,0.61305,0.319
0.2668,0.95242,-0.14738,-1.40773,2.6424,0.76357
0.21022,0.97508,-0.07093,1.45791,1.16393,0.07128
0.20698,0.97809,-0.02237,1.20189,-0.85658,-0.44391
0.2061,0.9772,0.05106,1.03636,-0.99832,-0.03744
0.17577,0.97794,0.11289,0.67773,-0.09427,0.19474
0.11343,0.97838,0.17295,0.67755,0.22185,0.15651
0.06357,0.96971,0.23584,0.29274,1.04454,-0.23871
0.03297,0.9518,0.30493,0.07145,0.58364,-0.43777
-0.00366,0.92679,0.37556,-0.01903,0.31347,-0.84636
-0.04814,0.9096,0.41268,-0.3582,0.4151,-0.76667
-0.08273,0.89821,0.43171,0.15591,-0.08429,-0.39018
-0.10749,0.89732,0.42809,0.54877,-0.72145,-0.30358
-0.112,0.90391,0.41279,0.72352,-1.19258,-0.52516
-0.09269,0.91771,0.38629,0.78115,-1.17169,-0.7688
-0.05538,0.93838,0.34114,0.40596,-0.71163,-0.47929
-0.01135,0.96069,0.27741,0.04292,-0.3906,-0.21246
0.04031,0.97884,0.2006,0.07319,0.09396,-0.36498
0.09508,0.99105,0.09366,0.80779,2.06606,-0.38778
0.12511,0.99108,-0.04593,0.70643,3.97462,0.31323
0.15533,0.97389,-0.16554,-0.97792,0.77774,-0.06299
0.18169,0.95239,-0.24482,-0.62967,1.08085,-0.50274
0.22402,0.92798,-0.29777,-0.19298,0.93704,-0.32018
0.27405,0.89999,-0.33899,-0.23899,0.75982,-0.25135
0.31163,0.87648,-0.36697,0.1487,0.51309,-0.17998
0.33038,0.86842,-0.36973,0.08138,-0.65153,-0.3117
0.34196,0.87305,-0.34764,0.04289,-1.53749,-0.21767
0.33181,0.88606,-0.32373,0.08343,-1.60109,0.0006
0.3038,0.89969,-0.31347,-0.34994,-1.22742,0.30976
0.27316,0.91125,-0.30823,-0.65109,-1.49375,0.47794
0.25913,0.92015,-0.29356,-0.61106,-1.45988,0.45064
0.264,0.92767,-0.26405,-0.48632,-1.15035,0.31563
0.28188,0.93155,-0.22969,-0.24609,-0.86255,0.22487
0.3066,0.93242,-0.19126,-0.52729,-0.73806,0.80486
0.31233,0.93345,-0.17643,-1.01231,-0.43802,-1.02713
0.30945,0.93124,-0.19242,-0.98856,1.03967,0.46505
0.28012,0.95133,-0.12847,-0.44308,5.09471,0.39712
0.23007,0.97063,-0.07032,1.21204,0.52435,-0.19907
0.22249,0.97488,-0.01047,0.8974,-0.82775,-0.04498
0.20376,0.97751,0.05433,0.89959,-0.6245,0.04505
0.14723,0.98189,0.11925,0.98484,0.14951,-0.07251
0.07705,0.97945,0.18638,0.87411,0.71612,-0.26105
0.02671,0.96741,0.25178,0.47088,1.09992,-0.15977
-0.01171,0.94524,0.32616,0.1494,0.37316,-0.61925
-0.05342,0.92583,0.37414,-0.10311,0.58706,-0.85762
-0.08331,0.91172,0.40227,0.00117,0.17025,-0.48588
-0.10674,0.90876,0.40344,0.55761,-0.6321,-0.261
-0.11357,0.91422,0.38898,0.78427,-1.15511,-0.47555
-0.09532,0.92853,0.35881,0.7233,-1.16966,-0.79181
-0.05879,0.94958,0.30796,0.59221,-0.93574,-0.70057
-0.0161,0.97043,0.24084,0.27867,-0.55318,0.13538
0.02847,0.98699,0.15825,-0.19476,-0.0644,-0.2471
0.07677,0.99566,0.05256,0.45932,1.4634,-0.76334
0.10207,0.98942,-0.10312,0.38026,4.70724,0.63834
0.12589,0.96319,-0.23752,-0.41669,2.46151,0.77599
0.14826,0.93593,-0.31947,-0.95042,0.68645,-0.53303
0.18123,0.90842,-0.37673,-0.03896,1.00399,-0.47938
0.23216,0.87586,-0.42306,-0.0926,1.05353,-0.42461
0.27458,0.85164,-0.44646,0.15064,0.39711,-0.12801
0.29088,0.84875,-0.4416,-0.13533,-1.63085,0.10787
0.29897,0.86047,-0.41256,0.05705,-1.76687,0.03306
0.28438,0.87837,-0.38418,-0.25952,-1.72731,0.05328
0.24901,0.89755,-0.36386,-0.48398,-1.68003,0.57057
0.21859,0.91191,-0.34734,-0.63297,-1.77012,0.56511
0.2104,0.92502,-0.31634,-0.71498,-1.32565,0.52133
0.21438,0.93785,-0.27292,-0.76176,-1.18968,0.38661
0.22851,0.94583,-0.23062,-0.23658,-0.75081,0.06692
0.25418,0.94747,-0.19414,-0.20651,-0.69555,0.24582
0.27525,0.94498,-0.17681,-0.81512,0.02815,-1.085
0.28758,0.93406,-0.21175,-1.11142,2.90905,-0.1882
0.2655,0.95102,-0.15835,-0.59245,5.48503,0.10254
0.24409,0.96396,-0.10582,1.20783,-0.30272,-0.44602
0.22982,0.97248,-0.03836,0.80963,-0.98115,0.27913
0.20183,0.97908,0.02572,0.77568,-0.57269,0.24749
0.13429,0.98694,0.08895,0.89243,0.23112,0.10455
0.0544,0.98656,0.15406,0.72966,1.3917,-0.33214
0.00826,0.97476,0.2231,0.07253,1.00233,0.12697
-0.02344,0.95257,0.30341,-0.5119,-0.08999,-0.80066
-0.06203,0.93495,0.34932,-0.33602,0.17089,-0.94573
-0.09458,0.92103,0.37783,-0.17936,0.48171,-0.82345
-0.1283,0.91146,0.39086,0.23704,-0.20156,-0.44216
-0.14893,0.90725,0.39334,0.6608,-0.9263,-0.16868
-0.14268,0.91248,0.38345,0.75772,-1.22557,-0.27634
-0.11318,0.92811,0.35468,0.92553,-1.25131,-0.7664
-0.06892,0.95027,0.30371,0.49963,-0.62581,-0.47804
-0.02199,0.9717,0.2352,0.31866,-0.5535,-0.00771
0.03118,0.98788,0.15204,0.14083,0.13997,-0.419
0.07484,0.99666,0.03262,0.90096,2.54022,-0.16481
0.09613,0.9905,-0.09836,-0.11805,2.88542,0.74249
0.12018,0.97141,-0.20473,-1.06934,0.70266,-0.00666
0.14591,0.9496,-0.27745,-0.56851,1.21354,-0.18544
0.19103,0.92579,-0.32622,-0.10302,0.8685,-0.41219
0.24409,0.90141,-0.3576,-0.31257,0.75278,-0.33321
0.28433,0.88432,-0.37032,0.025,0.44546,-0.17213
0.30548,0.88047,-0.36256,-0.07274,-0.65791,-0.11153
0.31396,0.88574,-0.34191,-0.08787,-1.2749,-0.00716
0.30134,0.89642,-0.32499,-0.19155,-1.61772,0.06332
0.27106,0.9103,-0.31288,-0.44776,-1.46135,0.45185
0.2394,0.92434,-0.29713,-0.59115,-1.53555,0.42391
0.22677,0.93575,-0.27008,-0.57399,-1.22584,0.36722
0.23112,0.94406,-0.23525,-0.46821,-0.98855,0.22744
0.2493,0.94693,-0.20292,-0.53002,-0.73642,0.60808
0.27198,0.94468,-0.18332,-0.96064,-0.26808,-0.83073
0.28952,0.93669,-0.19695,-0.61949,0.1461,-0.69394
0.28143,0.95114,-0.12703,-0.09158,5.52836,0.78803
0.2358,0.96967,-0.06427,1.49475,0.39406,-0.33066
0.23153,0.97277,-0.01094,1.22984,-0.56577,-0.47532
0.21313,0.97555,0.05364,0.88537,-0.88354,0.13313
0.16161,0.98106,0.10677,0.79175,-0.02882,0.20998
0.08968,0.98185,0.16711,0.81186,0.29514,0.1577
0.04102,0.97244,0.22954,0.3831,1.12644,-0.14955
0.00815,0.9544,0.29844,0.07218,0.20346,-0.56885
-0.03374,0.93532,0.35218,0.03306,-0.08397,-0.94811
-0.06454,0.91952,0.38771,-0.13318,0.32355,-0.76248
-0.08985,0.91097,0.40256,0.14172,-0.17661,-0.51621
-0.10401,0.91272,0.39513,0.41087,-0.79404,-0.21547
-0.09681,0.92097,0.37742,0.54882,-1.25703,-0.47306
-0.0698,0.93617,0.34454,0.49841,-0.83438,-0.58831
-0.03015,0.95495,0.29522,0.33088,-0.70358,-0.24154
0.01472,0.97337,0.22877,-0.10701,-0.12509,-0.29075
0.0694,0.98693,0.14545,0.22774,0.34281,-0.40414
0.11865,0.99273,0.02025,0.99604,3.46555,0.03056
0.15267,0.98123,-0.11778,-0.23551,1.68516,0.62065
0.18303,0.95787,-0.22132,-0.99972,1.19861,-0.28199
0.2132,0.93381,-0.28731,-0.18265,1.19613,-0.43314
0.25798,0.90622,-0.33497,-0.26276,0.97413,-0.36367
0.30278,0.87984,-0.36633,-0.18819,0.66036,-0.29352
0.33327,0.86616,-0.37242,-0.12777,0.10401,-0.25305
0.34957,0.86706,-0.35499,-0.22071,-0.99451,-0.22271
0.3542,0.8764,-0.32631,0.03307,-1.61414,0.01165
0.33605,0.89029,-0.30733,-0.1825,-1.54073,0.07482
0.30533,0.90517,-0.2957,-0.54433,-1.49137,0.47408
0.28118,0.91851,-0.27798,-0.71003,-1.65017,0.49829
0.27735,0.9299,-0.24158,-0.73119,-1.30251,0.42981
0.28297,0.93778,-0.20125,-0.56069,-0.95375,0.18904
0.29799,0.93882,-0.1727,-0.30024,-0.71544,0.09312
0.31907,0.93841,-0.13263,-0.54917,-0.77135,0.58461
0.31988,0.94142,-0.10677,-1.11378,-0.63065,-0.51771
0.31095,0.94175,-0.1281,-1.26287,5.16544,0.99684
0.24297,0.96892,-0.04642,-0.09779,5.20921,0.71518
0.23133,0.97283,-0.00885,1.54361,0.2882,-0.48924
0.23777,0.96986,0.05325,1.00023,-0.99518,-0.31541
0.22058,0.96924,0.10918,0.8716,-0.92558,-0.03554
0.16934,0.97117,0.16781,0.67623,-0.04624,0.1059
0.11014,0.96819,0.22466,0.28589,0.5472,-0.20809
0.06913,0.95755,0.27987,0.28776,0.99541,-0.18607
0.03824,0.93659,0.34833,-0.05507,0.57484,-0.6722
-0.00089,0.917,0.3989,-0.01346,0.35548,-0.86336
-0.03245,0.90217,0.43015,-0.39868,0.34105,-0.76552
-0.05701,0.89278,0.44688,0.25991,-0.21274,-0.45045
-0.06931,0.89243,0.44582,0.57706,-0.86433,-0.4388
-0.05799,0.90191,0.428,0.62335,-1.11029,-0.5469
-0.02809,0.92052,0.38967,0.57607,-0.83855,-0.70611
0.01197,0.9435,0.33115,0.31558,-0.50471,0.05225
0.05893,0.96516,0.25494,-0.18994,0.22257,-0.52949
0.11723,0.98111,0.15387,0.67139,1.49844,-0.49934
0.16041,0.98698,0.01147,0.65691,3.48113,0.5285
0.19056,0.97308,-0.12963,-0.16234,2.00194,0.77718
0.20438,0.95278,-0.22457,-1.13061,1.09385,-0.44715
0.23429,0.92825,-0.2889,-0.36029,0.87413,-0.50595
0.27697,0.89908,-0.33903,-0.49416,0.74462,-0.23087
0.31794,0.87098,-0.37459,0.06418,0.61274,-0.11495
0.34259,0.85712,-0.38467,0.09692,-0.10722,-0.24489
0.35009,0.86212,-0.36631,-0.10822,-1.33138,-0.11906
0.34323,0.87748,-0.335,0.0069,-1.66041,0.04743
0.31726,0.89562,-0.31179,-0.28059,-1.47524,0.11103
0.28657,0.91128,-0.29572,-0.60738,-1.49481,0.42857
0.2685,0.92222,-0.27823,-0.73428,-1.61894,0.50001
0.26899,0.93129,-0.24564,-0.74346,-1.28061,0.39865
0.27748,0.9374,-0.21045,-0.40653,-0.8843,0.17329
0.2965,0.93776,-0.18082,-0.16303,-0.78609,0.28514
0.31575,0.93949,-0.13288,-0.78171,-0.71194,0.92298
0.30626,0.94115,-0.14298,-0.74797,-0.15653,-1.89996
0.28706,0.94752,-0.14072,-1.29797,3.5942,0.96685
0.21775,0.97513,-0.04134,1.12032,3.67304,0.72923
0.20333,0.9791,-0.00516,1.41665,-0.42986,-0.70976
0.19994,0.9784,0.05252,0.9638,-0.97161,-0.11309
0.1735,0.97872,0.10958,0.90568,-0.63253,-0.01629
0.11558,0.97864,0.17003,0.83333,-0.03757,0.07852
0.05966,0.97095,0.23172,0.62456,0.69877,-0.35376
0.03014,0.95423,0.29755,0.29763,1.15843,-0.10947
0.00422,0.9285,0.3713,-0.26713,0.44314,-0.80201
-0.03435,0.91108,0.4108,-0.4223,0.26104,-0.93778
-0.06814,0.89953,0.43151,-0.19643,0.25773,-0.47886
-0.09576,0.89653,0.43251,0.22422,-0.34891,-0.3232
-0.10727,0.90094,0.42049,0.56322,-1.15267,-0.57179
-0.09355,0.91325,0.39653,0.63667,-1.30842,-0.6728
-0.05767,0.93428,0.35185,0.56895,-0.86725,-0.70459
-0.01521,0.95845,0.28484,0.04592,-0.21459,-0.31817
0.03457,0.9783,0.20427,0.16848,0.25922,-0.62842
0.08774,0.99182,0.09271,0.96234,2.95519,-0.07489
0.11359,0.99254,-0.04437,0.06668,1.98375,0.45902
0.13771,0.97563,-0.17082,-0.80511,1.04161,-0.09404
0.15646,0.95222,-0.26229,-0.85816,1.33451,-0.3068
0.18923,0.92538,-0.32844,-0.12052,0.94222,-0.3332
0.23156,0.89611,-0.37864,-0.24968,0.75115,-0.2427
0.26195,0.87475,-0.40767,0.0225,0.51329,-0.10488
0.27257,0.87051,-0.40978,0.04964,-0.88464,-0.07728
0.27075,0.88164,-0.38654,-0.0812,-1.59041,-0.01866
0.2597,0.89772,-0.35589,-0.13435,-1.64714,0.11819
0.23211,0.91212,-0.33787,-0.45542,-1.4118,0.42335
0.20382,0.92269,-0.32727,-0.55723,-1.63367,0.56028
0.1957,0.93099,-0.30814,-0.44631,-1.40516,0.57351
0.20303,0.94004,-0.27405,-0.52579,-0.99323,0.27538
0.22441,0.94445,-0.24012,-0.26571,-0.65516,0.0939
0.25816,0.941,-0.21881,-0.54152,-0.44847,0.51207
0.28078,0.93211,-0.22875,-0.58487,-0.01207,-0.91865
0.30704,0.92941,-0.20473,-1.39115,2.32501,0.86055
0.27046,0.95478,-0.12351,1.04796,3.79196,0.4499
0.23246,0.96909,-0.0826,1.01617,-0.34292,-0.29164
0.20981,0.97764,-0.01448,0.7775,-0.89277,0.16052
0.16895,0.98416,0.05367,0.62177,-0.22949,0.11329
0.10494,0.98695,0.12211,0.75044,0.47713,0.14552
0.04633,0.98086,0.18913,0.45135,1.20135,-0.5059
0.0107,0.96514,0.26151,0.36,1.0471,-0.24686
-0.03089,0.94395,0.32863,-0.08347,0.13986,-0.78755
-0.07208,0.9263,0.36982,0.06386,0.48198,-0.86942
-0.10668,0.91169,0.39679,0.12892,0.18206,-0.64575
-0.13398,0.90676,0.39979,0.49036,-0.54649,-0.26673
-0.14128,0.91146,0.38637,0.6662,-1.06588,-0.27886
-0.12377,0.92362,0.36277,0.7385,-1.33647,-0.62844
-0.08723,0.94199,0.32412,0.64134,-0.87415,-0.79644
-0.04359,0.96255,0.26757,0.36809,-0.68795,-0.27888
0.0012,0.98045,0.19676,0.019,-0.34727,-0.16588
0.05228,0.99229,0.1124,0.06531,0.13683,-0.30362
0.09145,0.99569,-0.01535,0.92141,3.09157,-0.06895
0.12287,0.98066,-0.15232,0.04847,2.53742,0.70627
0.15423,0.95636,-0.24818,-1.077,0.75162,-0.31644
0.18935,0.93373,-0.30381,-0.42498,1.14454,-0.4582
0.23537,0.90975,-0.34199,-0.44127,0.9636,-0.33226
0.28445,0.88593,-0.36636,-0.16849,0.77736,-0.30504
0.31431,0.87291,-0.37315,0.11535,0.18332,-0.15978
0.32854,0.8714,-0.36431,0.00755,-1.47762,-0.16412
0.32163,0.88129,-0.34624,0.02156,-1.57178,0.05335
0.29005,0.89712,-0.33323,-0.35581,-1.31004,0.2736
0.25161,0.9119,-0.32424,-0.55493,-1.34235,0.56273
0.22507,0.92285,-0.31255,-0.70012,-1.38375,0.49555
0.22443,0.93115,-0.2874,-0.68711,-1.16689,0.34337
0.23909,0.93721,-0.25392,-0.38629,-0.94815,0.1148
0.26362,0.93837,-0.22353,-0.43328,-0.86163,0.66139
0.28356,0.9391,-0.1941,-1.07003,-0.55745,-0.40957
0.28471,0.93115,-0.22782,-0.66908,0.59192,0.49321
0.28883,0.94007,-0.18126,-0.78842,5.65559,0.04666
0.23374,0.9663,-0.10782,1.03359,4.67025,0.78397
0.22558,0.97221,-0.06262,1.16915,-0.91525,-0.19762
0.22158,0.97514,0.00041,0.8962,-0.96017,0.10334
0.18679,0.98028,0.06451,0.61193,-0.27502,0.04258
0.11818,0.98385,0.1344,0.70395,0.55715,-0.01496
0.05879,0.97804,0.19993,0.42864,1.26236,-0.21995
0.02283,0.96073,0.27654,0.063,0.53617,-0.35696
-0.01632,0.93823,0.34563,-0.06405,0.20234,-0.73406
-0.05841,0.92151,0.38394,-0.36536,0.48856,-0.68721
-0.09044,0.90915,0.40654,-0.02341,0.01866,-0.43376
-0.11524,0.90644,0.4063,0.38817,-0.65889,-0.26821
-0.12263,0.91124,0.3932,0.52448,-0.92078,-0.29756
-0.10744,0.92437,0.36606,0.72355,-1.00968,-0.8394
-0.0709,0.94516,0.31881,0.68701,-1.03048,-0.79215
-0.02669,0.96769,0.25072,0.38524,-0.62531,0.01883
0.02074,0.98552,0.16829,0.15634,0.19189,-0.38138
0.07351,0.99544,0.06082,0.52194,0.90091,-0.47523
0.10578,0.99079,-0.08452,0.72784,4.1576,0.47693
0.14093,0.9668,-0.21314,-0.79791,1.11599,0.4558
0.16993,0.93914,-0.29856,-1.18606,0.90687,-0.64654
0.21271,0.90923,-0.35786,-0.1074,0.93201,-0.50152
0.26383,0.87623,-0.40326,-0.19311,0.89263,-0.32239
0.30992,0.84939,-0.42718,0.29224,0.76616,-0.27583
0.33824,0.84023,-0.4238,0.18704,-0.29017,-0.193
0.35209,0.8448,-0.40292,0.04869,-1.59935,-0.21169
0.3419,0.85873,-0.38169,0.11653,-1.62165,-0.04011
0.30868,0.87661,-0.36914,-0.43264,-1.33836,0.37544
0.26503,0.89331,-0.36299,-0.72264,-1.51381,0.77333
0.23938,0.90735,-0.34555,-0.76231,-1.62734,0.70048
0.23594,0.92275,-0.30473,-0.74094,-1.25866,0.62184
0.24136,0.9371,-0.25216,-0.65701,-0.94206,0.33248
0.25446,0.94507,-0.20517,-0.49589,-0.78354,0.47456
0.26278,0.94928,-0.17267,-0.77463,0.12198,-1.47478
0.26012,0.94371,-0.20431,-0.62469,1.36587,-0.48379
0.21609,0.96678,-0.13652,-1.41651,4.31168,0.40863
0.19302,0.97732,-0.08714,1.31836,-0.51469,-0.49561
0.19338,0.98076,-0.02677,1.13781,-1.0752,-0.11907
0.18673,0.98182,0.03412,0.91047,-0.63374,0.02663
0.14319,0.98499,0.0964,0.97423,-0.03347,0.09207
0.07849,0.98345,0.1633,0.75244,0.80526,-0.30317
0.02705,0.97341,0.22744,0.51353,1.08861,-0.25291
-0.0157,0.95513,0.29576,-0.11101,0.45104,-0.8111
-0.05561,0.93906,0.33924,-0.37218,0.36621,-0.58024
-0.08558,0.92756,0.36373,-0.01914,0.15488,-0.50912
-0.11322,0.92597,0.36023,0.45191,-0.52925,-0.21042
-0.12695,0.93079,0.34281,0.74128,-1.0607,-0.32609
-0.11731,0.94097,0.31751,0.79256,-1.28945,-0.63065
-0.08398,0.95632,0.28,0.6999,-0.93572,-0.69435
-0.04084,0.97448,0.22073,0.47416,-0.76778,-0.10739
0.0038,0.98931,0.14576,0.02955,-0.3341,-0.07899
0.05475,0.99681,0.05808,0.15672,0.00507,0.00303
0.10062,0.9926,-0.06795,0.97436,2.52205,-0.28563
0.12275,0.96875,-0.21556,-0.06297,3.61432,0.75433
0.15055,0.93537,-0.32002,-1.10297,0.33263,-0.57361
0.17331,0.90572,-0.38684,-0.44874,1.02309,-0.59442
0.20135,0.87693,-0.43641,-0.30691,0.96433,-0.20251
0.23599,0.8531,-0.46533,-0.15214,0.7708,-0.24695
0.26068,0.84645,-0.4643,-0.07423,0.07647,-0.27766
0.27062,0.85721,-0.43812,-0.15759,-0.55312,-0.15469
0.27627,0.87371,-0.40037,0.03804,-1.57388,-0.21269
0.25632,0.89426,-0.36688,-0.05414,-1.68595,-0.07447
0.22434,0.91056,-0.3472,-0.25547,-1.39495,0.16588
0.204,0.92046,-0.33338,-0.61274,-1.50032,0.57198
0.20693,0.92845,-0.30847,-0.5632,-1.26041,0.51975
0.22137,0.93704,-0.2701,-0.40812,-0.96861,0.31054
0.24409,0.94151,-0.23234,-0.2564,-0.8457,0.43366
0.27117,0.94122,-0.20144,-0.51257,-0.59103,0.72115
0.28198,0.93883,-0.19772,-0.59876,0.44585,-0.82367
0.26903,0.94475,-0.18728,-1.35733,4.72903,-0.36666
0.22465,0.96615,-0.12687,0.83242,1.90705,0.44714
0.21091,0.97523,-0.06674,1.14143,-0.7203,-0.4034
0.19359,0.98108,-0.00252,0.99023,-1.14394,0.36964
0.15021,0.9871,0.05543,0.81384,-0.35973,0.00342
0.0751,0.99015,0.11813,0.93486,0.41588,0.02278
0.02041,0.98347,0.1799,0.59381,1.39354,-0.28831
-0.01753,0.96684,0.25477,0.09944,0.51936,-0.34957
-0.06495,0.94673,0.31542,-0.05165,0.08487,-0.82161
-0.10656,0.92997,0.35185,-0.15986,0.39272,-0.61834
-0.13799,0.91867,0.37014,0.34979,-0.23323,-0.32833
-0.16184,0.91821,0.36153,0.56888,-0.57267,-0.18448
-0.16647,0.92457,0.34271,0.77478,-1.23834,-0.39574
-0.14615,0.93655,0.31861,0.82884,-1.09851,-0.76031
-0.10444,0.95465,0.2788,0.60935,-0.73052,-0.1253
-0.05265,0.97468,0.21734,0.04218,-0.15958,-0.33344
0.01094,0.99008,0.14009,0.43906,0.16947,-0.21428
0.07766,0.99659,0.02781,0.97079,2.65665,-0.19346
0.11826,0.98686,-0.11013,-0.36602,2.8891,0.49729
0.15001,0.96226,-0.22704,-0.8353,0.84833,-0.2523
0.17746,0.93516,-0.30657,-0.34802,1.04893,-0.45016
0.21607,0.90609,-0.36376,-0.20892,1.01182,-0.29683
0.26246,0.87611,-0.40442,-0.30337,0.87977,-0.2592
0.29633,0.85543,-0.42477,0.05456,0.40679,-0.23506
0.30888,0.85064,-0.42544,-0.04333,-0.82128,-0.15505
0.30193,0.86033,-0.4107,-0.03455,-1.5781,0.02577
0.27705,0.87936,-0.38726,0.08301,-1.55133,0.22228
0.23268,0.89964,-0.36946,-0.44579,-1.53488,0.48768
0.19184,0.91505,-0.35479,-0.57009,-1.63827,0.54331
0.18077,0.92689,-0.32894,-0.53562,-1.2068,0.51565
0.19031,0.93716,-0.29244,-0.57485,-1.00931,0.36232
0.21695,0.94132,-0.25856,-0.15725,-0.74581,-0.00046
0.25765,0.93773,-0.23297,-0.11649,-0.70111,0.11238
0.29352,0.93247,-0.21059,-0.99153,-0.39202,-0.23687
0.30027,0.92221,-0.24364,-1.39994,2.58331,0.12153
0.27513,0.93945,-0.20431,-0.24743,5.10325,-0.11779
0.21874,0.96433,-0.14906,1.57292,0.93215,0.10562
0.19657,0.97683,-0.08462,1.02921,-0.75854,-0.22499
0.17435,0.9845,-0.01918,0.8816,-0.75639,0.32969
0.12624,0.99074,0.05008,0.65617,-0.07061,-0.0982
0.05268,0.99054,0.12674,0.96083,0.71176,-0.25372
-0.00632,0.98003,0.19874,0.80114,1.23275,-0.48988
-0.04758,0.95742,0.28475,0.07064,0.2512,-0.57245
-0.0876,0.93437,0.34538,0.20541,0.03519,-0.97561
-0.1221,0.91514,0.38421,-0.00876,0.20576,-1.06094
-0.15177,0.90332,0.40123,-0.03297,-0.18519,-0.28155
-0.17086,0.90381,0.39234,0.34736,-0.71958,-0.06513
-0.17074,0.9111,0.37516,0.66961,-1.25017,-0.35078
-0.14837,0.92562,0.34815,0.86902,-1.19193,-0.88782
-0.10648,0.9473,0.30213,0.63767,-0.56745,-0.52777
-0.05875,0.96944,0.23818,0.28821,-0.36939,-0.04731
-0.00186,0.98667,0.1627,0.12561,0.06662,-0.28901
0.0586,0.99697,0.05112,0.81442,1.69488,-0.0876
0.098,0.99132,-0.0876,0.37768,3.39822,0.38879
0.12993,0.97006,-0.2052,-1.01346,1.26749,-0.31155
0.16278,0.94605,-0.28016,-0.88089,1.24778,-0.34537
0.20993,0.91997,-0.33104,-0.26254,0.92307,-0.37164
0.26337,0.89143,-0.36876,-0.24063,0.72312,-0.20025
0.30139,0.87017,-0.38983,-0.02562,0.52488,-0.1453
0.3271,0.86161,-0.38811,0.02986,-0.34377,-0.16542
0.33902,0.8649,-0.37014,-0.05887,-1.60534,0.12055
0.32126,0.88123,-0.34674,-0.3472,-1.67775,0.14432
0.28173,0.90287,-0.32474,-0.51203,-1.43043,0.48723
0.24138,0.92003,-0.30868,-0.73918,-1.62152,0.54225
0.23005,0.93182,-0.28069,-0.64782,-1.26365,0.35523
0.2383,0.94065,-0.24165,-0.47533,-0.9607,0.1534
0.25832,0.94213,-0.21368,-0.12877,-0.71748,0.13733
0.29093,0.93774,-0.18973,-0.53213,-0.72951,0.9111
0.31193,0.93546,-0.16619,-1.2862,-0.47706,-1.09436
0.31159,0.9295,-0.19733,-1.61642,2.62786,0.79461
0.26357,0.95681,-0.12262,-1.18984,5.36179,0.43495
0.23234,0.97067,-0.06187,1.5151,0.12048,-0.35296
0.22672,0.9739,0.01069,1.06,-1.01147,-0.00196
0.20702,0.9755,0.0744,0.91602,-0.62615,0.16283
0.15124,0.97845,0.14057,0.97582,0.09542,-0.00637
0.08082,0.97596,0.20242,0.68049,1.11317,-0.38083
0.03572,0.96372,0.2645,0.33507,0.96133,-0.13073
0.00062,0.94134,0.33747,-0.04835,0.09573,-0.88249
-0.04297,0.92478,0.37806,-0.13821,0.17089,-1.05361
-0.07892,0.91038,0.40618,-0.19326,0.09073,-0.5318
-0.10761,0.90428,0.41316,0.2653,-0.42085,-0.26442
-0.11907,0.90627,0.40559,0.57203,-0.92632,-0.23443
-0.10628,0.9162,0.38637,0.89116,-1.20906,-0.83286
-0.06969,0.93522,0.34715,0.70477,-0.82853,-0.85612
-0.02151,0.95812,0.28556,0.29351,-0.62438,-0.11934
0.02789,0.97778,0.20776,-0.17957,-0.10049,-0.3332
0.08552,0.99,0.11215,0.1164,0.45864,-0.51624
0.12788,0.9915,-0.02382,0.70284,3.80674,0.21643
0.15666,0.97403,-0.16346,-0.36389,1.70341,0.59005
0.18323,0.94625,-0.26654,-0.80573,1.05803,-0.40759
0.22276,0.91736,-0.32988,-0.12527,1.04699,-0.64099
0.27419,0.88306,-0.38081,-0.2381,1.09173,-0.27199
0.3195,0.85058,-0.41766,-0.00454,0.8529,-0.11082
0.33864,0.83424,-0.43517,0.12514,0.0454,-0.00906
0.33414,0.83804,-0.43133,-0.1084,-1.36108,0.01976
0.31535,0.85491,-0.41192,-0.09845,-1.55729,0.16262
0.2778,0.87571,-0.39491,-0.35429,-1.52675,0.16205
0.23391,0.89448,-0.38104,-0.53143,-1.434,0.52371
0.21204,0.90754,-0.3625,-0.69512,-1.56501,0.60384
0.21949,0.91937,-0.32646,-0.67074,-1.23216,0.59336
0.23909,0.92767,-0.28682,-0.51572,-0.92767,0.30309
0.27167,0.9278,-0.25572,-0.22328,-0.76891,0.21754
0.30242,0.92739,-0.22021,-0.72179,-0.66237,1.04716
0.30723,0.91589,-0.25839,-0.80388,0.68145,0.45259
0.31722,0.92403,-0.21338,-1.41764,2.92838,0.48737
0.26773,0.95508,-0.12705,1.27038,3.86505,0.80376
0.25573,0.96385,-0.07485,1.50927,-0.22531,-0.4351
0.2457,0.9693,-0.00929,1.00386,-0.96388,0.07548
0.20439,0.97734,0.05505,0.84387,-0.08185,0.0575
0.12807,0.98386,0.12496,0.97204,0.25242,0.06781
0.06054,0.98033,0.18786,0.34635,1.31975,-0.03558
0.01731,0.96335,0.26771,-0.02982,0.32566,-0.51991
-0.02867,0.94181,0.33491,-0.04591,0.15081,-0.72324
-0.0723,0.92537,0.37209,-0.4042,0.37431,-0.71474
-0.10869,0.91377,0.39142,-0.18815,0.21172,-0.53375
-0.13745,0.91398,0.38176,0.24546,-0.41105,-0.16106
-0.14655,0.92021,0.36295,0.70914,-1.26997,-0.41018
-0.1293,0.93337,0.3348,0.84628,-1.28117,-0.78466
-0.08722,0.95324,0.28935,0.58555,-0.776,-0.63188
-0.04049,0.97379,0.22382,0.28363,-0.73969,0.00617
0.00522,0.98939,0.14522,-0.12388,-0.31167,-0.205
0.05682,0.99712,0.05026,0.18449,0.31883,-0.43219
0.09057,0.99164,-0.09196,0.68499,1.946,-0.48879
0.12087,0.96698,-0.22435,-0.48643,1.90893,0.49715
0.15387,0.93754,-0.312,-0.95511,0.63019,-0.65927
0.19028,0.90986,-0.36871,0.10376,0.9895,-0.426
0.23322,0.8783,-0.41738,-0.03592,0.99037,-0.24032
0.26482,0.8532,-0.44936,0.27632,0.75406,-0.20292
0.27175,0.849,-0.45316,0.09805,-0.38907,-0.11184
0.26746,0.86054,-0.43351,-0.1251,-1.57983,-0.159
0.25435,0.88026,-0.40055,-0.13588,-1.62152,-0.10407
0.22334,0.89911,-0.37646,-0.41704,-1.48001,0.16367
0.18758,0.9117,-0.36554,-0.3841,-1.4333,0.47214
0.17065,0.92013,-0.35247,-0.30572,-1.22067,0.58602
0.17363,0.92867,-0.32775,-0.3087,-1.22921,0.56131
0.18792,0.93383,-0.30439,-0.24994,-0.75675,0.17201
0.21768,0.93198,-0.28989,-0.21208,-0.69292,0.22211
0.25464,0.9278,-0.27266,-0.38548,-0.65494,0.80675
0.26565,0.91766,-0.29551,-0.85896,-0.16939,-1.13995
0.29126,0.92483,-0.24465,-0.23839,5.77245,0.41436
0.24337,0.95749,-0.15487,1.21265,3.51578,0.58007
0.23084,0.96738,-0.10439,1.15574,-0.34527,-0.30932
0.22515,0.97361,-0.03724,0.91713,-1.01977,0.28904
0.18883,0.98156,0.02986,0.87028,-0.18566,-0.01968
0.11682,0.98867,0.09424,0.94827,0.18568,0.06283
0.05727,0.98607,0.15615,0.41185,1.4516,-0.37847
0.01701,0.97095,0.23867,-0.04928,0.251,-0.42264
-0.02829,0.95402,0.29841,0.02899,0.10331,-0.634
-0.06953,0.94036,0.333,-0.42388,0.37449,-0.87286
-0.10249,0.92703,0.3607,-0.2123,0.26842,-0.67934
-0.12831,0.92124,0.36723,0.33318,-0.39455,-0.15697
-0.13741,0.92415,0.35647,0.85465,-1.28943,-0.46152
-0.12527,0.9358,0.32951,0.92271,-1.39112,-0.60695
-0.09097,0.95467,0.28342,0.60128,-0.69578,-0.55916
-0.04817,0.97448,0.21923,0.36064,-0.77229,-0.06759
-0.00666,0.9898,0.14228,0.31913,-0.78761,0.00936
0.04109,0.99771,0.05372,-0.11864,-0.08497,-0.13757
0.08151,0.9938,-0.07557,0.75028,1.5706,-0.48292
0.11577,0.97017,-0.21299,0.61354,4.43848,0.39854
0.16014,0.93949,-0.30284,-0.8425,0.89213,-0.15214
0.20563,0.91177,-0.35552,-0.6043,1.07386,-0.37961
0.25837,0.87993,-0.39871,-0.19607,1.31299,-0.18069
0.3104,0.85175,-0.42211,-0.11269,0.99759,-0.38273
0.3358,0.83986,-0.42647,-0.01669,-0.55573,-0.21216
0.34529,0.84321,-0.41203,-0.19404,-1.60052,-0.31203
0.33532,0.859,-0.38689,-0.04784,-1.53717,-0.1907
0.30038,0.87953,-0.36905,-0.19046,-1.35864,0.3235
0.25456,0.89438,-0.36782,-0.53355,-1.39781,0.8393
0.22223,0.90501,-0.36272,-0.74261,-1.54935,0.77773
0.21643,0.91575,-0.33847,-0.62896,-1.12899,0.53891
0.22226,0.92588,-0.30552,-0.63098,-0.932,0.18522
0.23761,0.93128,-0.27614,-0.27832,-0.80135,0.11899
0.25893,0.93527,-0.24129,-0.46316,-0.75888,0.93383
0.26284,0.94026,-0.2164,-1.21103,-0.39395,-0.67878
0.23029,0.93063,-0.28443,-1.54937,3.7159,0.13649
0.19052,0.95703,-0.21865,0.35825,4.04278,0.48238
0.19529,0.9689,-0.15197,1.53992,-0.39816,-0.20262
0.19898,0.9767,-0.08039,1.17481,-1.11169,-0.04992
0.1941,0.98085,-0.01634,0.91993,-0.93054,0.11254
0.15658,0.98587,0.05947,0.80594,-0.41362,0.01298
0.09239,0.98718,0.13012,0.8681,0.55018,0.19238
0.04357,0.98022,0.19303,0.42411,1.62419,-0.15425
0.01852,0.96119,0.27528,-0.36648,0.61276,-0.61519
-0.01191,0.943,0.33257,-0.70939,0.14141,-1.09099
-0.04693,0.92847,0.36843,-0.70899,0.20588,-0.58854
-0.08097,0.92131,0.3803,0.02056,-0.32282,-0.28471
-0.10461,0.92017,0.37728,0.46661,-0.84969,-0.19828
-0.106,0.92543,0.36379,0.94654,-1.51839,-0.61279
-0.07934,0.93933,0.3337,0.98684,-1.23563,-0.80919
-0.03474,0.9598,0.27852,0.31938,-0.56008,-0.14403
0.00984,0.97888,0.20422,0.10765,-0.43896,0.10334
0.05932,0.99131,0.11738,0.30964,0.44196,-0.57426
0.10009,0.99493,-0.00987,0.92432,3.96876,0.06119
0.11614,0.98228,-0.14708,0.10502,3.80243,0.63055
0.14183,0.95625,-0.25586,-0.85637,0.75128,-0.03047
0.17387,0.93044,-0.32257,-0.04043,0.96238,-0.5601
0.22499,0.90058,-0.37193,-0.2186,0.88351,-0.20339
0.27507,0.86928,-0.41072,-0.21771,0.73596,-0.14455
0.30283,0.84855,-0.43389,0.05323,-0.03353,-0.00697
0.3066,0.8468,-0.43466,-0.15377,-1.43031,0.00047
0.2987,0.85931,-0.41517,-0.13078,-1.66067,0.04788
0.27325,0.87827,-0.39241,-0.2985,-1.50874,0.24454
0.23737,0.89634,-0.37447,-0.49731,-1.51936,0.52994
0.21089,0.9095,-0.35824,-0.52687,-1.61679,0.55814
0.21074,0.91961,-0.33152,-0.54705,-1.16714,0.41684
0.22855,0.92646,-0.29907,-0.37285,-0.91715,0.19913
0.26519,0.92807,-0.26145,-0.35562,-0.96225,0.49245
0.29613,0.93263,-0.20617,-1.16003,-0.66712,0.57964
0.29291,0.92372,-0.24687,-0.86611,0.86615,-0.49304
0.27447,0.93478,-0.2255,-1.49086,3.02884,0.23718
0.24177,0.96207,-0.12638,1.71084,1.26643,0.45448
0.25292,0.96562,-0.06014,1.22612,-0.74783,-0.25853
0.25824,0.96606,0.00704,1.04247,-0.99903,-0.01734
0.23384,0.96993,0.06752,0.9733,-0.33173,-0.01047
0.16226,0.97811,0.13027,1.05857,0.58861,0.11325
0.09241,0.97918,0.18073,0.69952,1.44489,-0.07701
0.05801,0.96638,0.25049,-0.09311,0.24709,-0.35757
0.01961,0.94923,0.31398,-0.38832,-0.07661,-0.84189
-0.01404,0.93737,0.34804,-0.54255,0.38951,-0.72531
-0.04271,0.93036,0.36416,-0.19246,0.06514,-0.42443
-0.06809,0.93172,0.35673,0.25437,-0.64725,-0.23464
-0.07748,0.9362,0.34282,0.60945,-1.21721,-0.35277
-0.06132,0.94451,0.3227,0.90652,-1.5294,-0.59831
-0.02325,0.95926,0.28158,0.62714,-0.82541,-0.77859
0.01838,0.97569,0.21837,0.36294,-0.72414,-0.58922
0.0579,0.98835,0.14072,0.09108,-0.35257,0.12927
0.09976,0.99418,0.04078,0.24118,0.41076,-0.56679
0.11862,0.98775,-0.10143,1.47187,4.61775,0.28353
0.14328,0.96358,-0.22581,-0.52585,1.57921,0.62661
0.16617,0.93901,-0.30106,-0.97535,1.10415,-0.53579
0.2072,0.91376,-0.34943,-0.2592,1.01013,-0.37285
0.26189,0.88433,-0.38649,-0.28147,0.92393,-0.10524
0.3129,0.8564,-0.41071,0.01793,0.76035,-0.04098
0.34227,0.84203,-0.41694,0.11312,-0.04996,0.05168
0.34619,0.84414,-0.40936,-0.09314,-1.76219,-0.0311
0.3254,0.86071,-0.39154,-0.01616,-1.71559,-0.05162
0.28266,0.88358,-0.37335,-0.16784,-1.56568,0.15517
0.23682,0.90311,-0.3582,-0.36882,-1.53223,0.56542
0.21364,0.91584,-0.34001,-0.54019,-1.48986,0.54382
0.21521,0.92461,-0.3143,-0.58159,-1.09138,0.38042
0.23602,0.92867,-0.28612,-0.41275,-0.74662,0.42969
0.26637,0.92592,-0.26782,-0.86408,-0.41876,0.35629
0.27505,0.91477,-0.29588,-1.07155,-0.06174,-1.00745
0.28732,0.90889,-0.30226,-1.47222,3.23321,0.59372
0.28245,0.93439,-0.2171,-0.18248,4.55723,0.3993
0.26038,0.95455,-0.14503,1.1628,-0.46635,-0.11762
0.24229,0.96824,-0.06178,1.06814,-0.93686,0.30894
0.20985,0.97764,0.01383,0.82835,-0.0259,-0.06031
0.14093,0.98606,0.08851,1.08167,0.83067,0.06016
0.08046,0.98461,0.15513,0.78059,1.39613,-0.12657
0.04996,0.9707,0.23502,-0.06071,0.09897,-0.40778
0.00998,0.95218,0.30539,-0.35483,0.02257,-0.67808
-0.03002,0.93897,0.3427,-0.35405,0.21965,-0.68408
-0.06933,0.92631,0.37032,-0.23422,0.17102,-0.58103
-0.10819,0.91883,0.37953,0.27148,-0.4661,-0.19084
-0.13443,0.91782,0.37356,0.53506,-0.9433,-0.25618
-0.1366,0.92315,0.35936,0.94129,-1.43101,-0.48767
-0.10356,0.93826,0.33007,1.05014,-0.87718,-0.88931
-0.0568,0.9605,0.27241,0.4515,-0.56942,-0.60401
-0.01405,0.97985,0.19924,0.23249,-0.59014,0.1883
0.02529,0.99294,0.11585,-0.06922,-0.01136,-0.29434
0.06265,0.99804,0.00133,0.86563,2.28228,-0.25932
0.07639,0.98727,-0.13953,0.50241,3.5843,0.75283
0.10345,0.96101,-0.25645,-0.99483,0.6403,0.00534
0.12926,0.93513,-0.32988,-0.79732,1.08384,-0.423
0.17067,0.90708,-0.38481,-0.08485,0.80799,-0.38641
0.21438,0.87809,-0.42779,-0.27256,0.82864,-0.20147
0.24163,0.85823,-0.45283,0.02328,0.3967,-0.03762
0.25215,0.85708,-0.44926,-0.16176,-0.88245,0.17047
0.25161,0.86665,-0.43082,-0.1587,-1.36519,0.21227
0.23246,0.88369,-0.40626,-0.17451,-1.61412,0.28898
0.19901,0.90444,-0.37734,-0.30571,-1.57381,0.34205
0.16302,0.91958,-0.35749,-0.27096,-1.36675,0.56705
0.14702,0.92871,-0.34043,-0.48159,-1.35093,0.47617
0.14954,0.9367,-0.3166,-0.56136,-0.97126,0.11425
0.16789,0.94047,-0.29553,-0.37175,-0.82596,-0.06837
0.20382,0.93809,-0.28009,-0.2826,-0.8068,1.01257
0.24013,0.92939,-0.28032,-0.79439,-0.3411,-0.96967
0.26315,0.92285,-0.28123,-0.59783,0.73275,-0.02855
0.23857,0.94869,-0.20754,0.1572,6.86041,0.62529
0.20588,0.96479,-0.1637,1.643,0.06213,-0.41139
0.19698,0.97552,-0.09778,1.08682,-1.12008,-0.13806
0.16899,0.98512,-0.03144,0.97406,-0.72715,0.12156
0.10482,0.9936,0.04205,0.8396,0.54955,0.0612
0.0427,0.99256,0.11402,0.90173,0.55059,-0.01078
0.00815,0.98209,0.18824,0.12436,0.25216,-0.3063
-0.02557,0.96447,0.26296,-0.19823,-0.06575,-0.67089
-0.06309,0.94999,0.30585,-0.17313,0.02599,-0.75165
-0.09225,0.93892,0.33155,-0.16247,0.03501,-0.33541
-0.11732,0.93535,0.33369,0.31134,-0.5476,-0.12227
-0.12958,0.93955,0.31696,0.43012,-0.8221,-0.19704
-0.12032,0.94952,0.2897,0.74476,-1.27917,-0.67335
-0.08983,0.96434,0.24894,0.61442,-0.81624,-0.62101
-0.04959,0.98026,0.19137,0.43536,-0.72,-0.03016
-0.00981,0.99276,0.11975,0.0753,-0.27228,-0.10565
0.03718,0.9987,0.03483,0.35369,0.29497,-0.2773
0.07781,0.99255,-0.0937,1.28953,3.75916,0.0849
0.11077,0.96703,-0.2293,-0.21305,2.25272,0.71344
0.13701,0.93644,-0.32298,-1.12793,1.04937,-0.60136
0.16973,0.90856,-0.38172,-0.93752,1.18024,-0.55493
0.20777,0.88035,-0.4264,-0.30244,0.94178,-0.06874
0.2407,0.85692,-0.4558,-0.05736,0.62344,0.0165
0.25218,0.84883,-0.46465,0.10826,-0.11363,-0.03233
0.25543,0.85663,-0.44827,-0.2261,-1.13974,-0.24416
0.25377,0.87427,-0.41383,-0.11458,-1.49983,-0.09748
0.2349,0.89471,-0.3799,-0.21306,-1.60853,0.07399
0.20847,0.91031,-0.35759,-0.44851,-1.48127,0.33884
0.19118,0.91989,-0.34242,-0.4483,-1.51511,0.5785
0.19553,0.9265,-0.32149,-0.43923,-1.18615,0.4518
0.21745,0.93099,-0.29321,-0.23849,-0.8865,0.23936
0.25393,0.93077,-0.26304,-0.23478,-0.92019,0.33106
0.29002,0.93005,-0.22559,-0.80128,-0.77934,0.8936
0.29598,0.92403,-0.24201,-0.73119,-0.21803,-0.90551
0.29348,0.93145,-0.2151,-1.46185,2.28872,0.22232
0.2278,0.96299,-0.1441,0.88249,4.81486,0.78692
0.20513,0.97401,-0.09603,1.23631,-0.4582,-0.49774
0.20484,0.97846,-0.02577,0.93367,-1.18366,0.40814
0.17678,0.9831,0.04762,0.8101,-0.3228,-0.04458
0.10914,0.98695,0.11837,0.97112,0.6006,-0.05845
0.05288,0.98125,0.18535,0.49758,1.44664,-0.41772
0.01518,0.9646,0.26328,0.04102,0.47635,-0.31348
-0.02727,0.94716,0.3196,0.04827,0.13217,-0.61851
-0.06785,0.93437,0.34978,-0.27528,0.23302,-0.78002
-0.09974,0.92488,0.36694,-0.22947,0.24547,-0.65054
-0.12211,0.92327,0.36423,0.3434,-0.5817,-0.24837
-0.12254,0.92804,0.35174,0.59584,-1.28267,-0.49246
-0.09817,0.93994,0.32692,0.66543,-1.315,-0.66485
-0.05762,0.95847,0.27933,0.69945,-1.10673,-0.76484
-0.01449,0.9773,0.21138,0.27256,-0.18238,-0.28285
0.03043,0.9908,0.13188,0.28595,0.10727,-0.35421
0.06991,0.9974,0.01736,0.59297,0.4867,-0.3621
0.09044,0.98884,-0.11836,0.7988,3.6079,0.4239
0.10972,0.96796,-0.22585,-0.88559,1.16107,0.53725
0.13355,0.94558,-0.29674,-0.7417,1.06257,-0.25961
0.18005,0.92055,-0.34665,-0.38589,0.75543,-0.19551
0.23038,0.89307,-0.38646,-0.29424,0.6092,-0.142
0.26761,0.86877,-0.41668,0.17432,0.29823,0.01287
0.28549,0.85791,-0.42719,0.15866,0.02641,-0.01314
0.29039,0.85838,-0.42291,-0.07094,-1.29182,0.20292
0.27448,0.86797,-0.41386,-0.19016,-1.45562,0.42297
0.24235,0.88181,-0.40456,-0.45542,-1.31228,0.48258
0.20601,0.89543,-0.39467,-0.58108,-1.42949,0.64608
0.18792,0.90722,-0.37634,-0.67405,-1.48747,0.65126
0.19825,0.91925,-0.34011,-0.76677,-1.14879,0.50965
0.22302,0.92774,-0.29926,-0.5246,-0.84286,0.21009
0.25485,0.93087,-0.26179,-0.56915,-0.87905,0.65907
0.27831,0.92892,-0.24423,-0.98219,-0.58561,-0.67286
0.30067,0.91942,-0.25349,-0.66379,0.40429,0.79827
0.30082,0.93888,-0.16735,0.0041,6.61722,0.71499
0.2378,0.96616,-0.09995,1.69836,4.36184,0.76943
0.24109,0.9696,-0.04173,1.07874,-1.00565,0.02175
0.23464,0.97152,0.03321,0.93009,-0.95942,0.03733
0.18659,0.97707,0.10255,0.90812,-0.0284,0.19783
0.1199,0.97867,0.16682,0.58205,1.12053,-0.28313
0.07595,0.97091,0.22708,-0.03822,1.32241,-0.15515
0.04097,0.95364,0.29816,-0.39287,0.24583,-0.60087
-0.01248,0.94107,0.33798,-0.13357,0.25936,-0.90396
-0.06156,0.92904,0.36483,-0.11288,0.34139,-0.7949
-0.10368,0.92221,0.37254,0.376,-0.32774,-0.35847
-0.12824,0.9226,0.36381,0.61048,-0.95489,-0.16795
-0.12655,0.92763,0.3514,0.91379,-1.52132,-0.41811
-0.09622,0.94127,0.32367,0.9544,-1.2846,-0.83818
-0.05039,0.9607,0.27297,0.49354,-0.70727,-0.47184
-0.00451,0.97854,0.206,0.16368,-0.4309,0.18704
0.04567,0.99096,0.12613,0.05489,0.18166,-0.37866
0.08757,0.99616,0.00192,1.15212,2.73163,-0.09102
0.11643,0.98415,-0.13376,-0.1845,3.31144,0.93473
0.13705,0.96263,-0.23359,-1.30783,0.98897,0.00956
0.17615,0.93762,-0.29974,-0.72087,1.30904,-0.05983
0.23469,0.90804,-0.34697,-0.27943,0.87136,-0.30698
0.29351,0.87527,-0.38438,-0.29459,0.79782,-0.21962
0.32796,0.85051,-0.41118,0.17087,0.59638,-0.04161
0.34437,0.84359,-0.41204,-0.00027,-0.59176,-0.12605
0.34568,0.85203,-0.39313,-0.17829,-1.72544,0.10362
0.32326,0.87066,-0.37076,-0.36765,-1.79653,0.22969
0.28992,0.8906,-0.3504,-0.60999,-1.52701,0.46919
0.26366,0.90679,-0.32897,-0.78151,-1.67521,0.63287
0.26069,0.91864,-0.2969,-0.70268,-1.11195,0.31684
0.26775,0.92653,-0.2643,-0.44244,-0.87785,0.0621
0.28871,0.92599,-0.24329,-0.23612,-0.73541,0.21308
0.32255,0.92085,-0.2191,-0.43852,-0.68533,0.64957
0.34557,0.91496,-0.20842,-0.78172,0.04493,-1.1788
0.35717,0.91292,-0.19751,-1.26467,5.41978,0.26932
0.30949,0.94331,-0.1199,-1.217,5.38939,0.19171
0.30321,0.94989,-0.076,1.09235,-0.63856,-0.42918
0.29651,0.955,-0.00752,0.74043,-1.06613,0.2529
0.26266,0.96338,0.05387,0.70966,-0.78858,0.29472
0.18885,0.97438,0.12213,0.79864,0.76164,-0.01837
0.12056,0.97504,0.18646,0.58519,1.51556,-0.19109
0.07917,0.96155,0.26299,0.0207,0.3967,-0.41876
0.03579,0.94403,0.32791,-0.03255,0.07239,-0.7369
-0.00654,0.93269,0.36061,-0.28438,0.26155,-0.7851
-0.0405,0.9239,0.3805,-0.0799,0.05139,-0.43245
-0.06811,0.92366,0.37711,0.26891,-0.58696,-0.18061
-0.07497,0.92843,0.36387,0.46504,-1.10688,-0.36161
-0.05703,0.93803,0.34183,0.63169,-1.3928,-0.59531
-0.01831,0.95373,0.30012,0.54682,-0.85657,-0.74911
0.02692,0.97132,0.23623,0.2388,-0.76231,-0.36919
0.07027,0.98496,0.15784,0.03557,-0.46404,0.19856
0.1171,0.99103,0.06435,-0.08048,0.28186,-0.55453
0.1509,0.98574,-0.07444,1.09929,4.22439,0.19075
0.18079,0.96071,-0.21061,-0.13892,2.21717,0.71466
0.20722,0.92988,-0.30394,-1.21093,0.80481,-0.50866
0.24501,0.90016,-0.36011,-0.25997,1.10491,-0.41049
0.29128,0.86672,-0.40491,-0.20961,0.8511,-0.16395
0.33306,0.83432,-0.4393,-0.07266,0.75112,-0.1209
0.34673,0.81898,-0.45722,0.10646,0.09835,-0.01854
0.34773,0.82167,-0.4516,-0.08065,-1.12642,-0.11603
0.33732,0.8381,-0.42873,-0.1362,-1.5523,-0.03532
0.3116,0.85962,-0.40492,-0.49748,-1.43076,0.45376
0.27781,0.87847,-0.38874,-0.54956,-1.50621,0.59951
0.25882,0.89348,-0.36703,-0.6212,-1.66165,0.68265
0.26055,0.90763,-0.32912,-0.53505,-0.9873,0.37636
0.27308,0.9157,-0.29482,-0.41801,-0.80527,0.20569
0.30184,0.91473,-0.26863,-0.28156,-0.65068,0.05548
0.33581,0.91723,-0.21429,-0.57259,-0.97793,0.72222
0.34275,0.91813,-0.1989,-1.02718,-0.90278,1.0014
0.32182,0.92199,-0.21533,-1.35813,2.58317,0.8287
0.26619,0.95621,-0.12169,0.05693,5.56127,0.52544
0.28997,0.95518,-0.05961,1.34718,-0.09365,-0.57041
0.30252,0.95297,0.018,0.91055,-1.13519,-0.1567
0.28753,0.95481,0.07526,0.94971,-0.7759,-0.04935
0.2292,0.96438,0.13206,1.16368,0.29351,0.06851
0.16677,0.96765,0.18929,0.59753,0.94714,-0.26049
0.13046,0.9566,0.26056,0.05913,0.80229,-0.0607
0.08844,0.94141,0.32545,-0.27866,0.21207,-0.66304
0.04013,0.93394,0.35516,-0.25916,0.33864,-0.991
0.00344,0.92905,0.36993,-0.00127,-0.09621,-0.36392
-0.02382,0.93044,0.36568,0.27717,-0.40416,-0.24678
-0.02983,0.93532,0.35253,0.54799,-1.11582,-0.46833
-0.01087,0.94377,0.33043,0.68346,-1.29283,-0.66121
0.02809,0.95707,0.2885,0.5824,-1.11605,-0.75735
0.07234,0.97189,0.22403,0.11866,-0.75066,-0.07465
0.11502,0.98294,0.14356,-0.16721,-0.23666,-0.08049
0.1622,0.9857,0.04575,-0.19869,0.08475,-0.21933
0.19056,0.97653,-0.10041,1.14421,4.92931,0.50291
0.21939,0.94734,-0.23328,-0.707,1.27654,0.56559
0.24341,0.91742,-0.31478,-1.33565,1.08343,-0.66774
0.28444,0.8852,-0.36814,-0.19702,1.18063,-0.41096
0.33694,0.84887,-0.4073,-0.24478,1.01585,-0.07331
0.38736,0.81461,-0.4317,0.19003,0.67695,-0.13269
0.41201,0.79812,-0.43961,0.26507,-0.16967,-0.07539
0.41581,0.80025,-0.43209,-0.00823,-1.46923,-0.11611
0.39761,0.81784,-0.41599,0.00065,-1.59938,-0.11718
0.35758,0.8424,-0.40312,-0.35375,-1.31396,0.24267
0.3122,0.8626,-0.39807,-0.61808,-1.27477,0.68837
0.28034,0.87755,-0.38898,-0.7244,-1.34968,0.72606
0.27854,0.89058,-0.35956,-1.06235,-1.27573,0.52997
0.29071,0.90294,-0.31653,-0.82761,-1.08154,0.28255
0.30715,0.91101,-0.27515,-0.50991,-0.94639,0.36348
0.32149,0.91731,-0.2349,-0.90416,-0.6689,0.81517
0.32425,0.90951,-0.2601,-0.43515,0.30451,-0.54701
0.33455,0.92416,-0.18438,-1.23308,4.54146,-0.12533
0.28172,0.95394,-0.10313,1.65442,2.75518,0.81176
0.28569,0.95669,-0.05594,1.20408,-0.77743,-0.62919
0.28709,0.95782,0.01272,0.85256,-1.15113,0.19814
0.24857,0.96563,0.07594,0.70193,-0.5758,0.07436
0.17868,0.97451,0.13564,0.75711,0.3835,0.08546
0.12022,0.97403,0.19186,0.40123,1.20202,-0.48437
0.08061,0.96186,0.2614,0.00445,0.83065,-0.27975
0.03635,0.94711,0.31884,-0.29887,0.17522,-0.72602
-0.01013,0.9372,0.34864,-0.31372,0.17385,-0.7675
-0.04757,0.9303,0.36369,0.08192,0.08055,-0.52513
-0.07495,0.92966,0.3607,0.39573,-0.646,-0.27571
-0.07978,0.9343,0.34745,0.47274,-0.90944,-0.2318
-0.05943,0.9447,0.32251,0.74171,-1.50171,-0.52797
-0.01934,0.95999,0.27937,0.59771,-0.96485,-0.7311
0.02503,0.97545,0.21877,0.28749,-0.76655,-0.35695
0.06789,0.98724,0.14403,0.02646,-0.44099,0.15947
0.11449,0.99211,0.05108,0.07256,0.15151,-0.2609
0.14288,0.98568,-0.08953,1.21433,3.23111,0.06084
0.17436,0.96041,-0.21727,-0.12356,2.79537,0.82459
0.20104,0.93365,-0.29643,-1.34029,0.80392,-0.4007
0.24962,0.90567,-0.34272,-0.58644,1.23323,-0.27947
0.30697,0.8756,-0.37295,-0.3672,0.88404,-0.16262
0.3614,0.84662,-0.39066,0.07764,0.66981,-0.1889
0.39013,0.83155,-0.39537,0.22957,-0.28971,-0.17099
0.40563,0.83192,-0.37864,-0.01783,-1.45695,-0.30571
0.39851,0.84702,-0.35176,-0.03613,-1.54685,-0.02006
0.37316,0.86618,-0.33239,-0.44837,-1.27435,0.22613
0.34248,0.88228,-0.32294,-0.87601,-1.43019,0.59665
0.32085,0.89524,-0.30921,-0.9895,-1.53612,0.58644
0.31814,0.90488,-0.2828,-0.91407,-1.32502,0.49093
0.325,0.91065,-0.25514,-0.54933,-0.91549,0.186
0.34053,0.91186,-0.22924,-0.4031,-0.88057,0.23052
0.35843,0.91158,-0.20136,-0.77222,-0.65175,0.51812
0.36863,0.9062,-0.20714,-0.80918,-0.42258,-0.68743
0.37651,0.91396,-0.15136,-0.71518,3.89346,0.08907
0.31605,0.94532,-0.08058,0.41531,6.59996,0.58671
0.31334,0.94873,-0.04151,0.854,-0.65271,-0.48945
0.31026,0.95044,0.02025,0.63658,-1.13579,0.14728
0.27013,0.95976,0.07671,0.62917,-0.37622,0.19613
0.19847,0.97045,0.13723,0.76285,0.45431,0.01921
0.13943,0.96976,0.20029,0.38998,1.17367,-0.47249
0.10045,0.95642,0.27417,0.31239,1.28338,-0.06146
0.05794,0.94033,0.33529,-0.27139,0.2087,-0.6204
0.01607,0.93003,0.36712,-0.51375,0.20811,-0.7586
-0.01567,0.92269,0.38524,-0.3942,0.33311,-0.64801
-0.04091,0.92259,0.38361,0.23877,-0.47444,-0.25316
-0.04729,0.92788,0.36986,0.54622,-1.01797,-0.38545
-0.02965,0.93796,0.34547,0.58929,-1.25,-0.47827
0.00663,0.95327,0.30204,0.54792,-0.88935,-0.69314
0.05039,0.97016,0.23717,0.3122,-0.65552,-0.02059
0.09957,0.98249,0.1575,-0.08275,-0.13941,-0.43187
0.15261,0.98684,0.0534,0.38784,0.51776,-0.44059
0.18221,0.97945,-0.08649,0.82831,3.49933,0.21326
0.20231,0.95506,-0.21663,0.09909,3.43324,0.58481
0.2185,0.92768,-0.30276,-1.11377,1.16874,-0.34495
0.25408,0.90052,-0.35285,-0.34156,1.1596,-0.40081
0.29966,0.86909,-0.39356,-0.32659,0.95217,-0.1099
0.33423,0.84142,-0.42463,-0.00401,0.6338,-0.16917
0.34742,0.83262,-0.43133,0.25772,0.07221,-0.20992
0.34684,0.84111,-0.41502,0.0258,-1.1528,-0.17519
0.3331,0.86113,-0.38405,-0.14931,-1.60129,-0.01814
0.30697,0.8808,-0.36051,-0.37078,-1.58096,0.02538
0.28083,0.89398,-0.34919,-0.65705,-1.36073,0.34257
0.27134,0.90181,-0.33633,-0.71603,-1.53131,0.63969
0.28052,0.90778,-0.31184,-0.49834,-1.20545,0.48738
0.30041,0.91025,-0.28494,-0.38732,-0.9878,0.22577
0.33199,0.90845,-0.25398,-0.35137,-0.84525,0.56046
0.35945,0.90869,-0.21234,-1.01357,-0.56754,0.25779
0.36341,0.90299,-0.22923,-0.66441,0.80758,-0.28392
0.34736,0.91794,-0.19165,-1.03957,5.83102,0.20406
0.30911,0.94409,-0.11462,1.11765,1.12367,0.03723
0.30829,0.9498,-0.05326,0.98603,-0.79485,-0.22936
0.29737,0.9547,0.01041,0.83785,-0.84643,0.29594
0.25242,0.96522,0.06808,0.86915,-0.10273,0.01012
0.17301,0.97626,0.1303,0.96319,0.62231,-0.04808
0.1076,0.9759,0.18986,0.58483,1.33824,-0.12268
0.07051,0.96146,0.26574,-0.02192,0.43969,-0.33306
0.02997,0.94386,0.32899,-0.16025,0.05086,-0.81649
-0.011,0.93181,0.36278,-0.35021,0.18755,-0.90046
-0.04547,0.92264,0.38298,-0.14062,0.07582,-0.46628
-0.07489,0.92389,0.37525,0.081,-0.22227,-0.30332
-0.08616,0.93081,0.3552,0.44847,-1.0579,-0.20947
-0.07369,0.94131,0.32941,0.61087,-1.43963,-0.51523
-0.03863,0.9564,0.28949,0.69378,-1.30848,-0.71254
0.00337,0.97351,0.2286,0.24872,-0.83182,-0.29371
0.04646,0.98701,0.15381,-0.06703,-0.45307,-0.07599
0.09743,0.99298,0.06704,-0.25745,-0.24474,-0.25562
0.13937,0.98802,-0.06623,0.96668,2.82614,-0.2561
0.16964,0.96542,-0.19795,-0.10585,3.33548,0.60462
0.19775,0.93662,-0.2892,-0.59103,1.07798,0.3368
0.23344,0.91006,-0.34248,-0.33334,1.161,-0.48889
0.28045,0.88056,-0.38205,-0.16993,0.98306,-0.33867
0.32376,0.8538,-0.40768,-0.16457,0.76776,-0.26966
0.34459,0.84138,-0.41634,0.09576,0.36937,-0.20944
0.35454,0.84134,-0.40798,0.04615,-0.89829,-0.17028
0.35352,0.85243,-0.38521,-0.05019,-1.61932,-0.06174
0.33171,0.87167,-0.36076,-0.15209,-1.62358,0.11532
0.29531,0.89011,-0.34713,-0.54192,-1.44917,0.56465
0.2652,0.90475,-0.3333,-0.75981,-1.60321,0.65001
0.25848,0.91665,-0.30485,-0.67854,-1.24093,0.56663
0.26701,0.92428,-0.27277,-0.677,-0.90649,0.33533
0.29268,0.92364,-0.24743,-0.29193,-0.74286,0.14988
0.32652,0.92204,-0.2079,-0.48588,-0.77249,0.4462
0.33775,0.92055,-0.19625,-1.14659,-0.55675,-0.11062
0.34807,0.91381,-0.20926,-0.80045,-0.05278,-1.73342
0.30401,0.94695,-0.10428,-0.4217,5.87529,0.29319
0.2995,0.9525,-0.05514,1.41896,0.61726,-0.11484
0.30303,0.95296,0.00624,0.94798,-0.92873,-0.27842
0.27713,0.95881,0.06224,0.81772,-0.89889,0.16612
0.20822,0.97045,0.12193,0.68187,-0.13659,0.09323
0.13165,0.97464,0.18095,0.59967,0.5117,-0.10144
0.07711,0.96677,0.24375,0.30598,1.37445,-0.21486
0.03878,0.94608,0.32159,-0.04399,0.84277,-0.43036
-0.00763,0.93048,0.36626,0.08124,0.20836,-0.94291
-0.04683,0.91942,0.39048,-0.24487,0.26047,-0.88484
-0.0801,0.91641,0.39213,0.1568,-0.07201,-0.51898
-0.09584,0.92039,0.37907,0.47383,-0.68599,-0.24345
-0.08413,0.92893,0.36057,0.69032,-1.34951,-0.46436
-0.0462,0.94365,0.32771,0.72496,-1.13836,-0.7627
0.00078,0.96294,0.2697,0.3546,-0.76301,-0.20644
0.05029,0.98003,0.19236,-0.11286,-0.20413,-0.21413
0.10628,0.98953,0.09766,0.19003,0.44524,-0.67171
0.14716,0.98839,-0.03771,0.95313,3.91459,0.21791
0.17748,0.96861,-0.17407,-0.36325,1.38553,0.7316
0.20145,0.93989,-0.27573,-1.02702,1.1363,-0.1917
0.23836,0.90878,-0.3425,-0.74218,1.28279,-0.15871
0.28663,0.87191,-0.397,-0.21594,0.88976,-0.19393
0.32799,0.83532,-0.44121,-0.12844,0.62777,-0.23049
0.34856,0.81537,-0.46226,0.07195,0.28429,-0.25651
0.35825,0.81516,-0.45516,-0.08691,-0.74711,-0.13124
0.35636,0.82782,-0.43327,-0.09405,-1.51906,0.11068
0.33933,0.84728,-0.40862,-0.31611,-1.55518,0.01655
0.30956,0.86715,-0.39016,-0.50385,-1.30248,0.5207
0.27668,0.88379,-0.37732,-0.67799,-1.6358,0.75197
0.26447,0.89872,-0.34978,-0.52378,-1.36941,0.57438
0.26608,0.9103,-0.31712,-0.46404,-0.89141,0.32559
0.28372,0.91419,-0.28941,-0.36323,-0.78643,0.15999
0.30754,0.9178,-0.25111,-0.50516,-0.85758,0.45932
0.30752,0.91214,-0.27096,-0.9241,-0.39151,-1.43045
0.31381,0.92326,-0.22161,-1.25197,2.25279,0.55315
0.2604,0.95759,-0.12332,0.4763,4.89692,1.02763
0.26119,0.96273,-0.07028,1.33495,-0.12084,-0.76597
0.26921,0.96308,0.00393,0.96772,-1.1014,0.07201
0.24264,0.96776,0.06758,1.00433,-0.74101,0.10257
0.17953,0.97505,0.1306,0.85323,-0.06198,0.20015
0.12032,0.97355,0.19425,0.02581,0.906,-0.2363
0.0828,0.96131,0.26272,0.06333,0.91823,-0.30477
0.03586,0.94345,0.32955,-0.25382,0.46423,-0.55157
-0.02244,0.93153,0.36297,-0.1614,0.60074,-0.7733
-0.06521,0.92173,0.38231,-0.03507,0.48772,-0.69995
-0.09643,0.92069,0.3782,0.15751,0.18928,-0.67063
-0.10751,0.92506,0.36429,0.83124,-1.15417,-0.51337
-0.09285,0.93534,0.34134,0.97868,-1.3523,-0.65848
-0.05721,0.95249,0.29915,0.78266,-0.99451,-0.43457
-0.01489,0.97175,0.23555,0.24361,-0.46816,0.06609
0.03673,0.98685,0.15739,0.00682,-0.06327,-0.14478
0.08966,0.99534,0.03554,1.1239,3.22436,-0.17064
0.12654,0.98597,-0.10888,-0.52941,2.90302,0.9152
0.14493,0.96552,-0.21627,-1.45455,0.92114,-0.1568
0.16311,0.94216,-0.29279,-0.84617,1.1629,-0.1526
0.21219,0.91221,-0.35049,-0.14002,0.89812,-0.24814
0.26931,0.87752,-0.39678,-0.21292,0.85941,-0.03523
0.30278,0.8486,-0.43382,0.27413,0.3761,0.10202
0.30647,0.84307,-0.44194,0.00654,-1.01142,0.0514
0.29239,0.85774,-0.42283,-0.02689,-1.53631,0.17359
0.26243,0.8814,-0.39277,-0.20671,-1.57726,0.28663
0.22576,0.90106,-0.37031,-0.53241,-1.60983,0.28897
0.20205,0.91328,-0.35369,-0.61145,-1.64746,0.38249
0.20139,0.92237,-0.32967,-0.74872,-1.25,0.62041
0.2146,0.93017,-0.29788,-0.81569,-1.00744,0.41963
0.239,0.9324,-0.27113,-0.28421,-0.87078,0.05886
0.27121,0.92846,-0.2538,-0.51231,-0.82697,0.53431
0.3005,0.92595,-0.22874,-0.90862,-0.56795,1.38574
0.31515,0.91135,-0.2648,-0.76772,-0.03544,-1.63627
0.33087,0.92496,-0.18702,-0.76686,5.6828,0.31977
0.28722,0.9518,-0.10763,2.37315,1.77551,1.02492
0.2974,0.952,-0.07244,0.99973,-0.90778,-0.41262
0.28887,0.95714,-0.02106,0.6214,-0.88135,0.18286
0.24203,0.96986,0.02825,0.39275,-0.22361,0.19061
0.1605,0.98314,0.08761,0.53365,0.25966,0.07762
0.08481,0.98631,0.14143,0.25178,1.61864,0.15515
0.03815,0.97638,0.21268,-0.09452,0.26438,-0.3994
0.0003,0.9581,0.28642,-0.02263,-0.01404,-0.86613
-0.04461,0.94497,0.32411,-0.45787,0.23431,-0.81767
-0.08042,0.93344,0.34961,0.0133,-0.18441,-0.32204
-0.10932,0.92997,0.35101,0.21216,-0.48791,-0.21757
-0.11948,0.93329,0.33866,0.66814,-1.38436,-0.32322
-0.10342,0.94311,0.31598,0.88871,-1.41557,-0.65031
-0.06451,0.95939,0.27459,0.51189,-0.69136,-0.48807
-0.01822,0.97711,0.21193,0.08385,-0.40764,-0.12771
0.03232,0.99019,0.13591,0.07864,0.0267,-0.32733
0.08666,0.99572,0.03209,0.40974,0.39225,-0.5086
0.11428,0.9878,-0.10578,0.01246,3.9033,0.54241
0.14426,0.96311,-0.22717,-0.90221,0.75817,0.08557
0.1721,0.9336,-0.31429,-0.578,1.2702,-0.1314
0.22268,0.9,-0.37471,-0.00206,0.99987,-0.33339
0.28288,0.8633,-0.41796,-0.30594,0.86703,-0.17
0.32657,0.83285,-0.44689,-0.00703,0.43534,0.02456
0.34179,0.82048,-0.45825,0.07407,-0.74922,-0.11764
0.33924,0.8303,-0.44218,-0.13883,-1.6671,-0.03875
0.31797,0.85287,-0.41414,-0.19268,-1.59617,0.08711
0.28003,0.87531,-0.39424,-0.46127,-1.52184,0.50064
0.24323,0.89263,-0.37954,-0.63359,-1.67129,0.7343
0.23322,0.90652,-0.3519,-0.55006,-1.32601,0.60031
0.24254,0.92026,-0.30707,-0.62176,-1.00753,0.31321
0.26186,0.92746,-0.26692,-0.45228,-0.7489,0.06806
0.29065,0.92685,-0.23763,-0.67409,-0.51992,0.61798
0.31385,0.92255,-0.22451,-1.02832,-0.1093,-0.533
0.32741,0.91336,-0.24202,-1.40119,4.96021,0.65703
0.30604,0.94014,-0.14989,0.58621,2.22722,0.60352
0.31688,0.9432,-0.09983,1.31256,0.10237,-0.24296
0.31028,0.95001,-0.03465,0.81879,-0.92796,-0.06033
0.28039,0.95977,0.01511,0.59067,-0.78664,0.30221
0.2131,0.97457,0.06936,0.45594,-0.13495,0.36307
0.13332,0.983,0.12624,0.21536,0.71504,-0.03136
0.07973,0.97867,0.18936,0.20738,1.03317,0.07622
0.03677,0.96232,0.26941,-0.06692,0.27921,-0.65161
-0.01347,0.94849,0.31651,0.31817,0.21722,-1.0861
-0.04803,0.94089,0.33529,-0.06262,0.55868,-0.66662
-0.0774,0.94214,0.32615,0.18921,0.14718,-0.61952
-0.09257,0.94698,0.30768,0.61561,-0.85727,-0.22487
-0.08517,0.95213,0.29359,0.78062,-1.29954,-0.38514
-0.05036,0.96121,0.27119,0.87645,-1.36356,-0.49956
-0.00869,0.97458,0.22387,0.26461,-0.80229,-0.34593
0.03405,0.98682,0.15822,0.12755,-0.74175,0.04492
0.07707,0.9941,0.07637,0.00518,-0.56032,0.41917
0.12092,0.99192,-0.0384,0.16999,0.79227,-0.79362
0.14212,0.97398,-0.17654,1.01625,5.56795,0.64239
0.17338,0.94233,-0.28628,-1.49023,0.14671,-0.49039
0.20526,0.91525,-0.34668,-0.52735,1.26682,-0.40926
0.25742,0.88609,-0.38546,-0.06089,1.12702,-0.36237
0.31255,0.8528,-0.41839,-0.05825,1.0929,-0.19285
0.34869,0.82649,-0.44196,0.21295,0.40366,-0.14531
0.35385,0.82144,-0.44725,0.13458,-0.50981,-0.07294
0.33798,0.83676,-0.43081,0.02434,-1.6946,-0.02628
0.30139,0.86242,-0.40669,-0.29536,-1.50494,-0.10352
0.25551,0.88349,-0.39262,-0.37796,-1.35748,0.56627
0.21789,0.89575,-0.38749,-0.66446,-1.4007,0.7343
0.20994,0.90299,-0.37488,-0.67243,-1.05118,0.47391
0.2231,0.91045,-0.3483,-0.66662,-0.93469,0.36867
0.25275,0.91435,-0.31634,-0.52209,-0.86208,0.34312
0.28562,0.91406,-0.28797,-0.86713,-0.62061,0.66896
0.29959,0.90505,-0.30189,-0.70036,0.33334,-0.39129
0.31963,0.90568,-0.27854,-1.39101,3.13304,0.62759
0.2982,0.93648,-0.1846,1.65261,3.23033,0.52613
0.27766,0.95125,-0.13426,1.24294,-0.32344,-0.16202
0.26612,0.96082,-0.07745,0.85221,-0.9987,0.24547
0.2328,0.97224,-0.02356,0.67759,-0.33442,0.03866
0.15957,0.98654,0.03572,0.88963,0.46997,0.13779
0.08356,0.99185,0.09619,0.667,1.26477,-0.33079
0.0344,0.98503,0.16889,0.17408,0.6513,-0.13358
-0.00979,0.96981,0.24368,-0.05683,0.12007,-0.6027
-0.05536,0.95499,0.29143,0.0244,0.18191,-0.82367
-0.08957,0.94045,0.32791,-0.01717,0.21461,-0.67777
-0.12092,0.93224,0.34103,0.22269,-0.41852,-0.30225
-0.13953,0.93353,0.33024,0.38001,-0.91746,-0.09101
-0.13529,0.94054,0.31157,0.58768,-1.37235,-0.40648
-0.10764,0.95356,0.2813,0.72029,-1.10838,-0.7799
-0.0674,0.97034,0.23216,0.42007,-0.76789,-0.37423
-0.02509,0.98551,0.16773,0.06659,-0.4568,-0.05098
0.02571,0.99522,0.0942,-0.02946,-0.00026,-0.21852
0.07739,0.99686,-0.01665,0.91921,1.90943,-0.25977
0.11219,0.98242,-0.14923,0.10178,3.80091,0.71789
0.15329,0.95454,-0.25566,-0.59527,1.82505,0.79872
0.20075,0.9253,-0.32175,-0.95182,1.20004,-0.05651
0.27085,0.89015,-0.36642,-0.14759,0.89288,-0.23151
0.33952,0.85226,-0.39796,-0.33865,0.90753,-0.15209
0.38379,0.82186,-0.42101,0.15849,0.66936,-0.19855
0.40406,0.80942,-0.42611,0.32193,-0.48484,-0.29241
0.40261,0.82039,-0.40603,0.01278,-1.7652,-0.30596
0.3723,0.84389,-0.38633,-0.11519,-1.56441,0.05531
0.32339,0.86707,-0.37895,-0.45452,-1.59228,0.60327
0.28482,0.88626,-0.36526,-0.83324,-1.86449,0.73487
0.27908,0.90065,-0.33309,-0.80136,-1.42576,0.43395
0.28957,0.91047,-0.29528,-0.73088,-0.93251,0.15337
0.31018,0.91217,-0.26783,-0.42159,-0.82681,0.10318
0.33636,0.91069,-0.23979,-0.62392,-0.74735,0.81474
0.34149,0.90704,-0.24632,-0.69046,0.23571,-1.02278
0.33742,0.90836,-0.24706,-1.47353,4.64024,0.0987
0.29465,0.94253,-0.15751,1.15521,2.73329,0.56642
0.28191,0.95437,-0.09855,1.26641,-0.39804,-0.37157
0.27685,0.96057,-0.02553,0.90609,-1.02381,0.32472
0.25006,0.96755,0.03628,0.75051,-0.33942,0.22454
0.18241,0.97791,0.10201,0.68366,0.48563,0.07303
0.11134,0.98045,0.1622,0.36938,1.3138,-0.35463
0.06621,0.97127,0.22856,0.11082,0.4573,-0.29332
0.01933,0.95517,0.29543,0.07719,0.09288,-0.79229
-0.03024,0.94396,0.32866,0.19895,0.17837,-0.885
-0.06866,0.93421,0.35006,0.07398,0.07435,-0.60453
-0.09881,0.93017,0.35358,0.33078,-0.5738,-0.23591
-0.10884,0.93189,0.34602,0.44403,-0.80109,-0.14997
-0.09292,0.94051,0.32682,0.76991,-1.44487,-0.54515
-0.05667,0.95555,0.28934,0.64346,-0.89292,-0.78693
-0.01274,0.97305,0.23026,0.21582,-0.72268,-0.41074
0.02833,0.98733,0.15612,-0.07003,-0.3006,0.07287
0.07316,0.995,0.06794,0.10207,0.49723,-0.58617
0.10273,0.99285,-0.06082,1.11131,4.0881,0.39534
0.12411,0.9728,-0.19562,0.02198,1.41247,0.7632
0.1471,0.94482,-0.29272,-1.01002,1.06164,-0.26757
0.1851,0.91719,-0.35285,-0.78146,1.19011,-0.28459
0.23578,0.88531,-0.40078,-0.22986,0.88037,-0.3434
0.2827,0.85339,-0.43795,-0.23134,0.75951,-0.19866
0.30797,0.83455,-0.4568,0.09916,0.20362,-0.06909
0.31804,0.83025,-0.45776,0.0695,-0.95955,0.12109
0.31209,0.84055,-0.44281,-0.1616,-1.58498,0.09885
0.27938,0.86258,-0.42178,-0.21315,-1.57971,0.31563
0.22967,0.88583,-0.40318,-0.37188,-1.37237,0.57872
0.18672,0.90305,-0.38683,-0.53607,-1.34297,0.67033
0.17346,0.91506,-0.36411,-0.52813,-1.23731,0.55217
0.182,0.92116,-0.34401,-0.58015,-0.62224,0.32678
0.21636,0.91332,-0.34501,-0.65299,-0.24116,0.18763
0.26359,0.89594,-0.35751,-0.8544,-0.03188,-0.10137
0.31931,0.8889,-0.32848,-1.28101,-0.08136,0.29013
0.3487,0.90444,-0.24574,-0.26415,3.88955,0.43199
0.30101,0.93589,-0.18302,1.71305,1.29616,0.13812
0.26201,0.95904,-0.10763,0.91326,-0.59291,0.1897
0.21111,0.97671,-0.03839,0.78277,-0.21716,0.17479
0.14533,0.98909,0.02395,0.75219,0.19038,0.12522
0.08335,0.99218,0.09287,0.76405,0.56199,-0.24546
0.03598,0.98507,0.16834,0.36336,0.74161,-0.22079
-0.00913,0.97087,0.23944,0.03755,0.23587,-0.57611
-0.05225,0.95606,0.28848,0.11937,0.25486,-0.72078
-0.08611,0.94135,0.32627,-0.13276,0.21309,-0.7938
-0.11541,0.93076,0.34695,0.06587,-0.04952,-0.60493
-0.13351,0.92998,0.3425,0.5708,-0.97953,-0.14582
-0.13201,0.93563,0.32738,0.82089,-1.44428,-0.41813
-0.10403,0.94688,0.3043,0.82197,-1.12194,-0.82201
-0.06025,0.96348,0.2609,0.37328,-0.64619,-0.61645
-0.01638,0.98006,0.19802,0.1921,-0.50709,0.1788
0.02751,0.99201,0.12313,-0.14316,0.08273,-0.2759
0.07498,0.99698,0.02003,0.80837,2.08595,-0.3571
0.0985,0.98777,-0.12089,0.34696,3.98382,0.79919
0.12954,0.96111,-0.24391,-0.46878,1.71209,0.94618
0.15971,0.93467,-0.31763,-1.08636,1.22955,-0.17254
0.216,0.90657,-0.36259,-0.2835,0.778,-0.43003
0.27954,0.87591,-0.39324,-0.59457,0.84319,-0.21821
0.33416,0.84713,-0.41316,-0.03736,0.68669,-0.11281
0.3685,0.82939,-0.41991,0.18625,-0.36819,-0.12629
0.38257,0.82723,-0.4115,0.12882,-1.10065,-0.1306
0.36418,0.84211,-0.39777,0.10182,-1.8518,0.11409
0.31996,0.864,-0.38876,-0.21124,-1.46524,0.63319
0.26957,0.88437,-0.38108,-0.42087,-1.58955,0.75448
0.24602,0.90083,-0.35774,-0.77377,-1.47168,0.53112
0.24604,0.91422,-0.32198,-0.74118,-1.02548,0.27116
0.26078,0.92016,-0.29207,-0.60074,-0.86651,0.14805
0.28879,0.91724,-0.27435,-0.61851,-0.52915,0.82105
0.30049,0.9079,-0.29228,-0.9397,0.05539,-1.46472
0.30011,0.90511,-0.30117,-0.8386,0.77905,-0.33828
0.26891,0.93939,-0.21268,0.48549,4.15776,0.76964
0.24478,0.95658,-0.15822,1.22295,-0.27892,-0.33027
0.23641,0.96774,-0.08717,1.05606,-0.87879,0.0592
0.21851,0.97574,-0.01326,0.65444,-0.53443,0.17682
0.16503,0.98416,0.06468,0.78992,0.11039,0.10408
0.11124,0.98487,0.13288,0.88684,0.54823,0.05369
0.07636,0.97686,0.19979,0.33854,0.9269,-0.10159
0.04447,0.96223,0.26858,-0.30748,0.24717,-0.77318
0.00664,0.95097,0.30922,-0.24471,0.2235,-0.71395
-0.02481,0.93984,0.34073,-0.37361,0.37322,-0.58665
-0.05592,0.93332,0.35466,0.07545,-0.21113,-0.36288
-0.07695,0.93405,0.34876,0.27145,-0.52291,-0.20713
-0.07527,0.9412,0.32937,0.79334,-1.31492,-0.51194
-0.04933,0.95546,0.29098,0.83549,-1.00045,-0.82152
-0.01065,0.97324,0.22953,0.56982,-0.74323,-0.5698
0.03074,0.98767,0.15351,-0.06054,-0.26767,-0.23867
0.07943,0.99487,0.06272,0.68048,0.80123,-0.44369
0.11777,0.99046,-0.07152,0.64214,0.80563,-0.30944
0.13947,0.96731,-0.21181,-0.15459,2.83033,0.78924
0.15802,0.93638,-0.3134,-0.68299,1.43963,0.68273
0.19392,0.90531,-0.37789,-1.12422,1.19189,-0.30352
0.24831,0.87085,-0.42421,-0.4074,0.88713,-0.20033
0.29734,0.83741,-0.45863,-0.30628,0.78953,-0.03205
0.31834,0.82073,-0.4744,0.01904,0.63535,-0.04313
0.32182,0.82688,-0.46119,0.10169,-1.04229,-0.16451
0.30854,0.84923,-0.4285,0.08164,-1.71051,-0.04262
0.27452,0.87228,-0.40469,0.11567,-1.73356,-0.06643
0.2399,0.88687,-0.39486,-0.66441,-1.72774,0.54566
0.22623,0.89659,-0.38071,-0.62539,-1.51906,0.63883
0.23072,0.90651,-0.35356,-0.59283,-1.2112,0.52002
0.24764,0.91188,-0.32734,-0.24918,-0.68556,0.09089
0.27963,0.91056,-0.30446,-0.25024,-0.76349,0.47676
0.31258,0.91207,-0.26536,-0.58843,-0.72593,1.13065
0.313,0.90205,-0.29723,-0.80054,0.65864,-0.93775
0.30324,0.91301,-0.27287,-1.58507,2.82881,0.84024
0.27444,0.9437,-0.18469,-1.17619,5.71847,0.3558
0.28048,0.95221,-0.12091,0.8762,-0.74157,-0.37474
0.28021,0.95861,-0.05044,0.82113,-0.9206,0.33517
0.25148,0.9677,0.01752,0.84986,-0.9297,0.26721
0.18189,0.97963,0.08512,1.10767,0.38695,-0.03491
0.11531,0.98249,0.14638,0.70504,1.0213,-0.12588
0.07518,0.97094,0.22722,0.5903,1.02584,0.11654
0.03928,0.95349,0.29885,-0.16653,0.08615,-0.72976
0.00533,0.94185,0.33598,-0.64602,0.12912,-0.77969
-0.02135,0.93211,0.36155,-0.63264,0.28826,-0.55698
-0.04761,0.92984,0.36489,0.10797,-0.36617,-0.13864
-0.06291,0.93395,0.35183,0.52205,-0.92405,-0.27808
-0.05564,0.94363,0.32628,0.62974,-1.16072,-0.40332
-0.02389,0.95979,0.27969,0.7087,-0.76417,-0.68819
0.01522,0.97745,0.21063,0.3708,-0.77441,-0.0886
0.05671,0.99014,0.12807,0.14797,-0.64702,0.11915
0.10627,0.99391,0.02928,0.07562,0.03902,-0.14268
0.14127,0.98265,-0.12018,0.91643,3.1035,-0.21151
0.17142,0.95132,-0.25612,0.38918,4.58075,0.57842
0.20792,0.91732,-0.33954,-0.95495,0.55567,-0.64402
0.2524,0.88351,-0.39459,-0.18267,1.12504,-0.27623
0.30976,0.84493,-0.43606,-0.24002,1.16362,-0.23476
0.36096,0.80994,-0.46228,0.24623,0.84924,-0.22723
0.3765,0.7948,-0.47596,-0.00386,-1.11063,0.0127
0.36767,0.80157,-0.47149,0.00496,-1.1174,0.00823
0.33622,0.82116,-0.46115,0.14002,-1.6744,-0.0822
0.28158,0.84207,-0.46004,-0.486,-1.42343,0.70606
0.23364,0.85729,-0.45876,-0.43806,-1.43865,0.70478
0.22032,0.87086,-0.43939,-0.93546,-1.49178,0.78458
0.23219,0.88493,-0.40373,-0.77935,-0.9978,0.58927
0.25755,0.89328,-0.36839,-0.44035,-0.79822,0.19449
0.28912,0.89789,-0.33196,-0.318,-0.77312,0.47292
0.30073,0.899,-0.31836,-1.04258,-0.50104,0.50998
0.30061,0.87975,-0.36834,-1.10312,-0.14622,-1.34703
0.30319,0.90839,-0.28793,-1.06888,5.98692,-0.38604
0.29365,0.93314,-0.20739,1.27056,-0.17875,-0.20596
0.29914,0.94464,-0.13483,1.07805,-0.84762,-0.21768
0.29564,0.95314,-0.06425,0.86234,-0.71026,-0.09352
0.25323,0.96739,0.00567,0.6936,-0.2086,0.10451
0.17638,0.98129,0.07724,0.82949,0.12385,0.12348
0.10945,0.98519,0.13196,0.60913,1.52987,0.06596
0.07092,0.97585,0.20662,-0.05913,0.40568,-0.41504
0.03256,0.96113,0.27416,-0.27962,0.06753,-0.8058
-0.00626,0.94977,0.31289,-0.62054,0.33751,-0.70259
-0.04156,0.93987,0.339,-0.07089,0.03321,-0.30347
-0.07354,0.93484,0.34738,0.21258,-0.37025,-0.19503
-0.0842,0.9358,0.34234,0.80347,-1.31263,-0.31031
-0.06555,0.94606,0.3173,0.99135,-1.35408,-0.66575
-0.02532,0.96343,0.26677,0.81239,-0.90671,-0.7318
0.01903,0.9804,0.19608,0.18035,-0.66281,0.12547
0.06096,0.9918,0.11234,-0.22323,-0.13639,-0.18905
0.10676,0.99428,0.0034,-0.14988,0.05815,-0.13771
0.12381,0.98202,-0.14251,0.4939,4.25867,0.51779
0.15067,0.95131,-0.2689,-0.76233,1.33079,0.39361
0.18505,0.91745,-0.35218,-0.96129,0.66694,-0.26471
0.2347,0.8832,-0.40605,-0.05074,0.94934,-0.41316
0.28514,0.84643,-0.44971,-0.19728,0.89369,-0.12885
0.32388,0.81539,-0.47983,-0.12275,0.813,-0.16856
0.33388,0.8054,-0.48975,0.19078,-0.28254,0.01155
0.32625,0.81599,-0.4772,-0.09528,-1.47505,-0.07011
0.30336,0.83899,-0.45175,-0.05623,-1.58294,0.02649
0.26713,0.86223,-0.43035,-0.29062,-1.45488,0.29097
0.22853,0.87952,-0.4174,-0.53209,-1.45337,0.69147
0.2128,0.89138,-0.40019,-0.61757,-1.47668,0.6307
0.22094,0.90304,-0.36838,-0.66518,-1.1429,0.48842
0.2429,0.91129,-0.33249,-0.49721,-0.86621,0.23304
0.274,0.91381,-0.29978,-0.49867,-0.76788,0.70308
0.28948,0.91001,-0.29679,-0.93702,-0.33478,-0.36315
0.29917,0.89916,-0.31938,-0.84182,0.89376,0.17684
0.28247,0.92621,-0.24971,-1.40364,2.73859,0.27786
0.24879,0.94914,-0.193,1.2526,0.75211,-0.01167
0.24588,0.96126,-0.12461,0.90837,-1.06497,0.33584
0.23317,0.97104,-0.0521,0.88916,-0.89253,0.28686
0.1806,0.98335,0.02013,0.86531,-0.03082,0.10857
0.11118,0.98974,0.08979,0.71679,1.15072,-0.34108
0.06612,0.98483,0.16042,0.76185,1.15563,-0.4117
0.02972,0.97074,0.23828,-0.05137,0.19103,-0.54151
-0.01165,0.95883,0.28374,-0.40521,0.19551,-0.69169
-0.04308,0.9487,0.31322,-0.37378,0.20564,-0.72118
-0.07187,0.94359,0.32322,0.21306,-0.35514,-0.15584
-0.08963,0.94565,0.31257,0.547,-0.94063,-0.2521
-0.08493,0.95303,0.29073,0.65435,-1.20295,-0.3459
-0.05455,0.96558,0.25433,0.71088,-0.90676,-0.69532
-0.01145,0.98059,0.19571,0.43608,-0.68624,-0.09349
0.03122,0.99244,0.1187,0.22146,-0.51264,0.04108
0.0779,0.99653,0.02921,0.28207,0.15024,-0.19679
0.11407,0.98864,-0.09787,0.93834,2.86086,-0.06398
0.12913,0.96338,-0.235,0.55809,4.10666,0.56458
0.15021,0.9294,-0.33711,-0.90874,0.80015,-0.308
0.1784,0.89837,-0.40138,-0.38319,1.1014,-0.44288
0.21628,0.86654,-0.44981,-0.05783,0.98781,-0.35832
0.25669,0.83738,-0.48261,-0.20742,0.76567,-0.17436
0.27587,0.82433,-0.49435,0.14929,0.24518,-0.002
0.27547,0.82841,-0.48771,0.05714,-0.24801,0.01531
0.26452,0.84515,-0.46448,-0.14283,-1.50728,0.01099
0.23644,0.86917,-0.43432,0.02267,-1.77051,0.1123
0.19847,0.88852,-0.41369,-0.15582,-1.5903,0.25635
0.16995,0.90012,-0.40112,-0.64333,-1.57149,0.64653
0.16731,0.90861,-0.38268,-0.66834,-1.30843,0.68699
0.17972,0.91805,-0.35339,-0.76829,-1.12215,0.5597
0.20917,0.92135,-0.32765,-0.2994,-0.70509,0.28937
0.25096,0.92144,-0.29659,-0.33113,-0.70502,0.66216
0.2713,0.91057,-0.31185,-0.8952,-0.41742,-0.00382
0.30096,0.90801,-0.29146,-1.10254,1.86909,0.64387
0.26417,0.94254,-0.20453,0.79149,5.54242,1.02147
0.24037,0.9563,-0.16645,1.34046,1.24467,0.29575
0.23404,0.96621,-0.10804,0.9675,-1.19695,0.10541
0.20952,0.97702,-0.03918,0.95928,-0.71733,0.04546
0.14407,0.98913,0.02958,0.95737,-0.26771,0.06025
0.07585,0.99268,0.094,0.65683,1.2008,-0.41617
0.03601,0.98491,0.16927,0.08668,1.1569,-0.02714
0.00257,0.97008,0.24276,-0.27573,0.40219,-0.43228
-0.04093,0.95827,0.28291,-0.25289,0.24339,-0.83246
-0.07705,0.94754,0.3102,-0.32071,0.32908,-0.7425
-0.10854,0.94423,0.31088,0.11567,-0.02455,-0.40427
-0.12381,0.94708,0.29615,0.59265,-0.95364,-0.14925
-0.11454,0.95489,0.27397,0.77563,-1.40959,-0.66895
-0.08095,0.9682,0.23673,0.74203,-1.42289,-0.63171
-0.03771,0.98322,0.17849,0.43465,-0.74321,-0.46613
0.00227,0.99444,0.1053,0.13062,-0.47619,0.2133
0.04258,0.99883,0.02282,0.09031,-0.48058,0.29579
0.08127,0.99233,-0.09311,1.09849,2.88769,-0.32106
0.10158,0.96664,-0.23512,1.10968,5.034,0.5077
0.13251,0.93051,-0.34144,0.06147,3.40626,0.93461
0.16571,0.90151,-0.39977,-1.07254,0.94212,-0.53071
0.21279,0.87305,-0.43875,-0.13216,0.96709,-0.16
0.26069,0.84548,-0.46605,-0.18006,0.99465,-0.1327
0.29055,0.82901,-0.47782,0.08379,0.70764,-0.07082
0.30582,0.82816,-0.46971,-0.02519,-1.01024,-0.192
0.30805,0.83893,-0.44866,-0.04981,-1.46618,-0.19871
0.28528,0.85812,-0.4269,-0.10603,-1.77609,-0.10037
0.24748,0.87671,-0.41246,-0.38695,-1.38387,0.67673
0.20891,0.89104,-0.403,-0.49007,-1.46108,0.84678
0.19465,0.90154,-0.38645,-0.52334,-1.35746,0.71542
0.20128,0.91065,-0.36082,-0.47121,-0.9295,0.26936
0.22625,0.91528,-0.33327,-0.40572,-0.87795,0.12703
0.2571,0.9197,-0.29672,-0.67579,-0.91844,1.0901
0.2647,0.91742,-0.2971,-1.07802,-0.49425,-1.39748
0.26617,0.91157,-0.31335,-0.70591,0.32301,0.14552
0.23522,0.94544,-0.22541,0.50228,6.26794,1.21355
0.21946,0.9611,-0.16773,1.50224,-0.36246,-0.51218
0.23032,0.96772,-0.10232,1.17929,-0.99854,-0.34021
0.21871,0.97521,-0.03351,0.87896,-0.58131,0.05395
0.15571,0.9871,0.03717,0.84593,0.29164,0.13835
0.08872,0.99051,0.10493,0.75645,0.80946,-0.04867
0.04818,0.9826,0.17937,-0.1166,0.86057,-0.10562
0.0097,0.96703,0.25448,-0.27879,0.16314,-0.60914
-0.03944,0.95526,0.29314,-0.21294,0.37925,-0.77407
-0.07785,0.94534,0.31664,-0.05738,0.1557,-0.4878
-0.10598,0.94234,0.31744,0.45725,-0.5535,-0.19772
-0.11403,0.94593,0.30366,0.51785,-0.80389,-0.16409
-0.0952,0.95574,0.27839,0.7928,-1.42562,-0.52528
-0.05278,0.97086,0.23377,0.70374,-0.82952,-0.76061
-0.00655,0.98625,0.1651,0.32978,-0.63947,-0.17699
0.03527,0.99598,0.08235,-0.10044,-0.02492,-0.28627
0.0796,0.99671,-0.01505,0.17232,0.33291,-0.27883
0.10453,0.98346,-0.14791,0.60827,1.50264,-0.09459
0.12491,0.95222,-0.27869,-0.16392,1.89096,0.90755
0.15078,0.9157,-0.37251,-0.8559,1.20861,-0.46114
0.19297,0.88196,-0.43001,-0.89809,1.24235,-0.40364
0.2407,0.84711,-0.47378,-0.01906,1.02719,-0.26603
0.27716,0.81692,-0.50579,-0.11304,0.83837,-0.17039
0.28598,0.80753,-0.51587,0.0816,0.67104,-0.05483
0.28391,0.81329,-0.50789,-0.02807,-0.75339,0.112
0.27152,0.8308,-0.48586,-0.15018,-1.51283,0.12453
0.24249,0.85455,-0.45928,-0.12116,-1.53659,0.09795
0.20274,0.87357,-0.44246,-0.25884,-1.32729,0.46724
0.17149,0.88607,-0.43066,-0.42258,-1.4231,0.6595
0.16843,0.89628,-0.41025,-0.48943,-1.4279,0.57066
0.18615,0.90562,-0.38105,-0.69595,-0.9745,0.44022
0.22413,0.90542,-0.36052,-0.38285,-0.68709,0.55871
0.27429,0.89761,-0.34506,-0.52428,-0.62106,0.85678
0.30774,0.88475,-0.35003,-0.81545,-0.18591,-0.76802
0.33603,0.89089,-0.30561,-0.86339,4.83883,0.48348
0.29551,0.92731,-0.22971,0.71451,5.53215,0.54044
0.28272,0.94254,-0.17804,0.99348,0.09473,-0.0794
0.27315,0.9557,-0.10964,0.69307,-1.08217,0.41857
0.23808,0.97023,-0.04444,0.70431,-0.67436,0.25405
0.16967,0.98523,0.02309,0.82458,0.13084,0.08621
0.10084,0.99127,0.08493,0.5509,1.25072,-0.30218
0.05204,0.98577,0.15981,0.32035,1.14821,-0.06408
0.00558,0.97451,0.22427,0.1493,0.10362,-0.63585
-0.0328,0.96391,0.26419,-0.27356,0.29547,-0.87541
-0.06122,0.9538,0.29414,-0.23847,0.34407,-0.8
-0.08478,0.95165,0.29524,0.33094,-0.54211,-0.15194
-0.09345,0.95516,0.28096,0.62276,-1.09687,-0.15619
-0.08183,0.96261,0.25824,0.67337,-1.34156,-0.50357
-0.05314,0.97359,0.22202,0.54711,-0.91431,-0.6992
-0.01402,0.986,0.16614,0.41573,-0.78428,-0.51381
0.02403,0.99531,0.0937,0.26476,-0.70022,0.20016
0.06739,0.99766,0.01148,-0.08733,0.10624,-0.10567
0.10687,0.9883,-0.10885,0.88443,2.03104,-0.36837
0.13368,0.96048,-0.24414,0.91231,4.16792,0.46075
0.16615,0.92427,-0.34369,-1.2245,0.6682,0.0467
0.20546,0.89279,-0.40089,-0.81784,1.17218,-0.31767
0.25697,0.86288,-0.4352,-0.34562,1.19031,-0.37701
0.30892,0.83265,-0.45964,-0.27227,1.02075,-0.16643
0.33854,0.81327,-0.47326,0.14757,0.54174,-0.19346
0.35376,0.80918,-0.46913,0.18689,7e-05,-0.16176
0.35318,0.82014,-0.45016,0.05906,-1.48283,-0.21006
0.32358,0.84443,-0.4269,0.04679,-1.80231,-0.02289
0.27701,0.86667,-0.41491,-0.03556,-1.69066,0.11075
0.23636,0.88098,-0.40988,-0.51092,-1.45751,0.87274
0.22752,0.89122,-0.39238,-0.76951,-1.1954,0.50038
0.24011,0.90314,-0.35592,-0.78211,-1.20732,0.46393
0.26192,0.91139,-0.31743,-0.69031,-0.86708,0.10128
0.28598,0.91542,-0.28325,-0.49413,-0.83157,0.28379
0.2965,0.92117,-0.25206,-0.64122,-0.78485,0.76369
0.28278,0.91149,-0.29869,-0.76727,0.47228,-1.25111
0.25222,0.93363,-0.25442,-1.41116,5.53284,0.21089
0.24173,0.95223,-0.18661,1.69153,2.18148,1.09054
0.25732,0.95807,-0.12602,1.21865,-0.82286,-0.39848
0.25372,0.96515,-0.06413,0.81102,-1.15305,0.0834
0.21792,0.97596,-0.0016,0.69779,-0.95968,0.0635
0.1514,0.98653,0.06192,0.65688,0.42523,0.19217
0.093,0.98851,0.11913,0.4728,1.03971,-0.32847
0.05366,0.97921,0.19561,0.18758,0.98421,-0.02644
0.01152,0.96441,0.26414,0.07652,0.29888,-0.98504
-0.02896,0.95417,0.29786,-0.04328,0.4564,-1.10389
-0.06032,0.9473,0.31462,-0.02597,0.24519,-0.65766
-0.08332,0.94859,0.30533,0.41444,-0.49387,-0.30463
-0.08565,0.95491,0.28426,0.69143,-1.25238,-0.2134
-0.06468,0.96435,0.25662,0.72897,-1.41623,-0.39185
-0.02933,0.9769,0.21169,0.49941,-0.81873,-0.56569
0.00996,0.98936,0.14513,0.19036,-0.70065,0.20037
0.05052,0.99659,0.06526,-0.08741,-0.45008,0.15754
0.09711,0.99467,-0.03451,0.26618,0.66263,-0.55558
0.1257,0.97643,-0.17545,0.76004,4.45284,0.49706
0.16085,0.94222,-0.29386,-0.40589,3.43304,0.92951
0.19596,0.90962,-0.36633,-0.90038,1.0302,-0.43615
0.24094,0.87901,-0.41144,0.05143,1.05998,-0.35661
0.28499,0.84598,-0.45066,-0.06153,1.07942,-0.13252
0.31499,0.81886,-0.47985,0.11844,0.77748,-0.14758
0.32093,0.81055,-0.4899,0.08684,-0.19796,-0.10515
0.31851,0.81632,-0.48184,-0.01233,-0.82241,-0.12695
0.30468,0.83484,-0.45848,-0.08195,-1.63578,-0.06224
0.27279,0.85491,-0.44127,-0.3041,-1.27463,0.52205
0.23759,0.86924,-0.43355,-0.42422,-1.32017,0.69293
0.21722,0.87885,-0.42479,-0.63152,-1.19924,0.58909
0.22241,0.88684,-0.40503,-0.55755,-0.93283,0.37667
0.24675,0.89054,-0.38217,-0.45029,-0.88838,0.2264
0.28776,0.89249,-0.34736,-0.7749,-1.1189,0.9948
0.32049,0.90187,-0.28968,-1.11932,-1.00906,0.95596
0.32328,0.90163,-0.28733,-1.1054,-0.86984,-0.54148
0.3053,0.90207,-0.30506,-1.05693,5.58099,-0.32821
0.25566,0.93839,-0.23253,1.75499,2.22029,0.5608
0.25654,0.95049,-0.17539,1.53208,-0.18369,-0.42431
0.27005,0.95604,-0.11427,0.82509,-1.15137,0.15082
0.25853,0.96429,-0.0575,0.70633,-0.38391,0.07809
0.19963,0.97985,0.00639,0.72523,-0.13442,0.14704
0.12727,0.98932,0.071,0.31045,1.09718,-0.28145
0.07522,0.98766,0.13737,0.08204,1.02269,0.00231
0.03917,0.97474,0.2199,-0.09189,0.44262,-0.45961
-0.00083,0.96314,0.26901,-0.44647,0.27676,-0.91037
-0.03063,0.95466,0.29611,-0.16015,0.12835,-0.50239
-0.05662,0.95338,0.29642,0.0982,-0.19057,-0.36463
-0.07071,0.95778,0.27869,0.53714,-1.01258,-0.1958
-0.06332,0.96516,0.25389,0.64759,-1.36269,-0.44713
-0.03477,0.97507,0.21914,0.69424,-1.25721,-0.55598
0.00398,0.98656,0.16334,0.38718,-0.81131,-0.09132
0.04488,0.99491,0.0902,-0.05352,-0.35273,-0.11593
0.09292,0.99566,0.00476,0.15154,0.07659,-0.1647
0.13592,0.9838,-0.11692,0.872,2.79898,-0.30046
0.16193,0.95418,-0.25162,-0.1432,2.85556,0.67318
0.19203,0.91651,-0.35091,-0.91267,0.68109,-0.26967
0.21962,0.88245,-0.41599,-0.20028,1.23115,-0.41247
0.25764,0.84689,-0.46519,-0.33201,0.95514,-0.262
0.30256,0.81397,-0.4959,-0.37693,0.98806,-0.23129
0.33351,0.79559,-0.50578,0.0092,0.18607,-0.21207
0.34554,0.79549,-0.49779,-0.13836,-1.41727,-0.14303
0.34413,0.81034,-0.47425,-0.13695,-1.43212,-0.16657
0.32308,0.83139,-0.45211,-0.26314,-1.59773,-0.00971
0.29006,0.85014,-0.43946,-0.60892,-1.35332,0.84287
0.25928,0.86528,-0.42904,-0.57814,-1.36845,0.83245
0.25124,0.87868,-0.40595,-0.52742,-1.14101,0.60398
0.25988,0.89015,-0.37428,-0.42985,-0.7522,0.29135
0.28181,0.8971,-0.34029,-0.41641,-0.77904,0.28832
0.30893,0.90839,-0.28177,-0.89682,-1.05693,0.83823
0.31684,0.92006,-0.23046,-1.06191,-0.50825,-0.8072
0.29728,0.91709,-0.26567,-1.02659,0.88927,-0.09198
0.24107,0.94151,-0.23547,0.42006,4.40496,1.05827
0.23697,0.95812,-0.16081,1.37355,-0.53577,-0.53473
0.26725,0.95973,-0.08654,1.09615,-1.05727,-0.20094
0.27657,0.9607,-0.02368,0.83343,-0.73377,0.02986
0.24701,0.96853,0.03056,0.75743,0.01209,0.12115
0.17717,0.98049,0.08518,0.61484,0.38617,0.0476
0.10855,0.98467,0.13656,0.00786,1.46255,0.10361
0.05682,0.97615,0.20953,-0.10467,0.57968,-0.48655
0.00481,0.96212,0.27258,0.12892,0.34806,-0.65154
-0.04518,0.95311,0.29924,0.25767,0.11446,-0.62544
-0.08133,0.94619,0.31324,0.4993,-0.20638,-0.47097
-0.10811,0.94583,0.30612,0.63086,-0.51398,-0.27061
-0.11341,0.95025,0.29011,0.83358,-1.34318,-0.26359
-0.0935,0.95983,0.26453,0.85722,-1.38453,-0.52945
-0.05763,0.97416,0.21838,0.71307,-1.14703,-0.56047
-0.01546,0.98801,0.1536,0.05999,-0.63511,0.04073
0.0319,0.99654,0.07674,-0.1891,-0.09928,-0.1944
0.08555,0.99604,-0.02439,0.56838,1.41215,-0.89005
0.11817,0.97902,-0.16599,-0.07431,5.00187,0.81238
0.15416,0.94714,-0.28135,-0.85761,0.58866,0.02944
0.18647,0.915,-0.35778,-0.72292,0.57046,-0.30213
0.2253,0.87962,-0.41894,0.17999,1.12171,-0.22903
0.26405,0.83798,-0.47756,-0.02858,0.86777,-0.08405
0.2894,0.80515,-0.51766,0.00848,0.81077,-0.06101
0.29306,0.79748,-0.5274,-0.21791,-0.79712,-0.10917
0.28909,0.81215,-0.5068,-0.26795,-1.55073,-0.06406
0.27692,0.83848,-0.46933,-0.24733,-1.5398,-0.10954
0.24894,0.86148,-0.44259,-0.35103,-1.39871,0.32337
0.21505,0.87528,-0.43318,-0.56613,-1.55087,0.71005
0.20064,0.88319,-0.42392,-0.53802,-1.57214,0.68609
0.20768,0.89133,-0.40299,-0.44593,-0.98767,0.36628
0.23112,0.89685,-0.37714,-0.26913,-0.91291,0.31917
0.26764,0.90134,-0.34053,-0.30565,-0.91739,0.28256
0.29386,0.90733,-0.30068,-1.13425,-0.79151,0.37009
0.29541,0.89449,-0.3356,-0.77529,1.07279,0.59562
0.27303,0.91713,-0.29039,-1.61962,4.17433,-0.24468
0.26265,0.93877,-0.22302,1.49602,0.76027,0.14947
0.28274,0.94752,-0.14919,0.8142,-1.2863,0.37809
0.29304,0.95294,-0.07767,0.8039,-1.29172,0.30657
0.259,0.96579,-0.0131,0.89659,0.55722,0.19559
0.18425,0.98155,0.05111,0.5867,1.23508,-0.26601
0.12876,0.98472,0.11726,0.64219,1.23191,-0.33216
0.09607,0.97422,0.2041,-0.43281,0.33168,-0.68108
0.05009,0.96343,0.26325,-0.49519,0.40133,-0.89579
0.00817,0.9553,0.29553,-0.38082,0.55821,-0.78493
-0.03434,0.94954,0.31178,0.36456,-0.0679,-0.56203
-0.06912,0.94897,0.30769,0.64227,-0.99362,-0.07193
-0.08078,0.95298,0.29206,0.72627,-1.24688,-0.14846
-0.06538,0.96107,0.26848,0.82712,-1.42382,-0.49527
-0.0287,0.97397,0.22483,0.43705,-0.85839,-0.43368
0.01367,0.98698,0.16024,0.28757,-0.77403,0.04186
0.05805,0.9952,0.07879,0.06501,0.08996,-0.14837
0.10234,0.99429,-0.03034,1.07767,2.79296,-0.52674
0.12352,0.97829,-0.16642,0.86688,5.19862,0.45582
0.15221,0.94904,-0.27595,-1.28641,0.38224,-0.23754
0.1775,0.91908,-0.35184,-0.42016,1.34142,-0.05611
0.23063,0.8866,-0.40093,-0.02262,1.17503,-0.19868
0.28747,0.85074,-0.44,0.011,0.98103,-0.17691
0.32738,0.82159,-0.4667,0.08996,0.39788,-0.0046
0.3401,0.81355,-0.47167,-0.10832,-0.30962,-0.03271
0.33861,0.82298,-0.45611,-0.20727,-1.60986,0.0751
0.32209,0.8424,-0.432,-0.14796,-1.58428,0.06078
0.28967,0.86218,-0.41561,-0.4356,-1.37981,0.64706
0.25477,0.87645,-0.40857,-0.74041,-1.70421,0.76091
0.24498,0.88916,-0.38649,-0.77805,-1.39368,0.63132
0.25587,0.90414,-0.34216,-0.70115,-0.99969,0.37914
0.27305,0.91323,-0.30243,-0.43079,-0.72846,0.25757
0.29744,0.91355,-0.2774,-0.65832,-0.49855,0.84051
0.3119,0.90523,-0.28859,-0.65228,0.15855,-1.3182
0.33176,0.89641,-0.29392,-1.28543,2.68681,0.39324
0.31725,0.92568,-0.2061,1.41418,3.9041,0.99812
0.29109,0.94247,-0.16438,1.7613,0.9195,0.14627
0.28499,0.95178,-0.11352,0.85038,-1.12532,0.152
0.25963,0.9641,-0.05576,0.64806,-0.55351,0.22609
0.19383,0.98101,0.00645,0.69211,0.02091,0.22829
0.12565,0.98945,0.0721,0.52545,1.4114,-0.36362
0.0859,0.98587,0.14383,0.00783,0.62644,-0.0517
0.04435,0.97548,0.21558,-0.24735,0.11591,-0.56011
-0.00438,0.9666,0.25624,-0.29563,0.28709,-0.83264
-0.04222,0.95695,0.28716,0.03518,-0.04869,-0.40727
-0.0778,0.9508,0.29989,0.07076,-0.04253,-0.42
-0.10098,0.94988,0.29586,0.46669,-0.94289,-0.17316
-0.10238,0.95356,0.28327,0.77526,-1.48522,-0.33509
-0.07784,0.96381,0.25495,0.84343,-1.19158,-0.80972
-0.03662,0.97881,0.20145,0.32814,-0.62899,0.17644
0.00424,0.9917,0.12853,-0.04665,-0.00384,-0.30566
0.04884,0.99786,0.04352,0.13132,0.24876,-0.33249
0.08407,0.9934,-0.07803,1.01701,3.04551,0.04846
0.10116,0.97378,-0.20375,-0.63164,2.41945,0.88771
0.11981,0.94586,-0.30165,-1.09717,1.00621,0.52248
0.15557,0.91565,-0.37064,-0.32393,1.30012,-0.09653
0.20334,0.88348,-0.42205,-0.03016,0.87521,-0.12922
0.25074,0.8483,-0.46638,-0.17556,0.92257,-0.0141
0.27469,0.82402,-0.49552,0.23503,0.54048,-0.04991
0.28171,0.81836,-0.50094,0.03119,-1.17282,0.05419
0.2738,0.82855,-0.4884,0.0391,-1.18301,0.04166
0.24767,0.84908,-0.4666,-0.33608,-1.68931,0.14186
0.21093,0.86734,-0.45081,-0.47631,-1.38762,0.46132
0.17889,0.87925,-0.4415,-0.50555,-1.40827,0.70089
0.17093,0.886,-0.43103,-0.4362,-1.08337,0.51546
0.1838,0.89163,-0.41378,-0.32361,-0.89256,0.24294
0.21875,0.89317,-0.39293,-0.24563,-0.88162,0.11282
0.26149,0.89655,-0.35753,-0.50307,-1.07338,0.56453
0.28538,0.89328,-0.34728,-1.17968,-0.86969,0.41783
0.29935,0.88412,-0.35877,-0.8161,0.30386,0.80944
0.28413,0.9188,-0.27402,1.64803,5.75436,1.26079
0.25889,0.93966,-0.22365,1.50815,-0.3779,-0.4304
0.27305,0.94624,-0.17342,1.06161,-1.03795,-0.28555
0.26234,0.95758,-0.11923,0.60671,-0.66046,0.13961
0.2063,0.97653,-0.06184,0.45067,-0.38318,0.19027
0.13154,0.99129,0.00624,0.55447,0.40184,0.01088
0.07433,0.99457,0.0729,0.37845,1.32881,0.09568
0.03529,0.98706,0.15645,0.12012,0.37262,-0.40541
-0.00235,0.97459,0.22398,0.09869,0.11086,-0.72076
-0.03281,0.96314,0.267,-0.37589,0.20658,-0.65463
-0.05983,0.95672,0.2848,-0.02089,0.01377,-0.38792
-0.07986,0.95741,0.27748,0.40988,-0.88838,-0.07434
-0.08294,0.96327,0.25539,0.5812,-1.30295,-0.365
-0.06757,0.97245,0.22308,0.56682,-1.31277,-0.53024
-0.03478,0.98431,0.17297,0.55373,-0.86625,-0.55411
0.00183,0.99462,0.10361,0.13361,-0.33423,-0.00764
0.04449,0.99875,0.02283,0.32642,0.22934,-0.18459
0.08348,0.99209,-0.09374,0.75261,0.75223,-0.44003
0.1107,0.96929,-0.21959,-0.3521,2.81008,0.80965
0.13499,0.93998,-0.3134,-0.8847,1.49336,0.65068
0.16171,0.91201,-0.37695,-1.12458,1.25555,-0.13149
0.20835,0.88269,-0.42126,-0.18944,0.81487,-0.27746
0.26169,0.85442,-0.44888,-0.19791,0.76405,-0.21342
0.30219,0.83341,-0.46272,-0.12783,0.64596,-0.14434
0.32852,0.82461,-0.46053,-0.02754,-0.23161,-0.04739
0.34162,0.82512,-0.44996,-0.03519,-1.07535,0.16048
0.33115,0.83419,-0.44098,-0.0508,-1.31509,0.36137
0.30252,0.8483,-0.43459,-0.43489,-1.26871,0.59981
0.26326,0.86392,-0.42934,-0.64609,-1.45126,0.77112
0.24064,0.8782,-0.41334,-0.72143,-1.56672,0.70091
0.24058,0.89405,-0.37788,-0.89851,-1.20803,0.53714
0.24928,0.90481,-0.34523,-0.70054,-0.8691,0.16427
0.27015,0.9097,-0.31537,-0.48377,-0.81989,0.22418
0.29132,0.91601,-0.27579,-1.06411,-0.92661,0.02463
0.2967,0.90867,-0.29374,-0.56514,-0.1952,-0.89183
0.30358,0.92479,-0.22937,-0.61966,4.3581,-0.35208
0.25242,0.95109,-0.17806,1.76363,3.10065,0.82213
0.27347,0.95224,-0.13587,1.14581,-1.15275,-0.55468
0.27267,0.95903,-0.07685,0.94129,-1.38672,-0.19959
0.22819,0.97318,-0.02912,0.73018,-0.29027,0.24523
0.15878,0.98704,0.02322,0.87871,0.48375,0.07449
0.09958,0.9917,0.08138,0.74141,0.65598,-0.18209
0.05744,0.98625,0.15492,-0.09357,0.33787,-0.33542
0.00998,0.97499,0.22204,-0.06252,0.2311,-0.47087
-0.03234,0.96554,0.25824,-0.44688,0.30735,-0.77211
-0.05899,0.9599,0.27406,-0.10872,0.09459,-0.5594
-0.07587,0.96018,0.2689,0.52805,-0.77922,-0.32775
-0.07517,0.9649,0.25162,0.65659,-1.05603,-0.4048
-0.05491,0.97328,0.22297,0.69338,-1.08792,-0.55863
-0.02187,0.98393,0.17723,0.50686,-0.80906,0.09338
0.02048,0.99326,0.11409,0.27423,-0.60219,-0.04196
0.07334,0.99664,0.03639,0.28732,0.05641,-0.07907
0.12634,0.98904,-0.07641,0.89864,2.27501,-0.43389
0.15959,0.96278,-0.21813,0.59366,3.93526,0.24192
0.19304,0.92679,-0.32218,-1.13106,0.69441,-0.18335
0.2271,0.89261,-0.38944,-0.26639,1.17741,-0.34239
0.27239,0.85405,-0.44316,0.05729,1.25837,-0.16655
0.31888,0.81384,-0.48578,-0.07031,1.07036,-0.18844
0.33412,0.79219,-0.51068,0.15872,0.08298,-0.0856
0.32476,0.79374,-0.5143,0.00903,-0.62345,-0.07664
0.30314,0.81381,-0.4958,-0.08866,-1.39004,-0.13634
0.27189,0.84142,-0.467,-0.17214,-1.65558,-0.27552
0.22469,0.86432,-0.44996,-0.21985,-1.78159,-0.07762
0.18909,0.87602,-0.44365,-0.52115,-1.3844,0.8527
0.18198,0.88185,-0.435,-0.49912,-1.15207,0.76345
0.19617,0.88785,-0.41622,-0.42283,-0.9189,0.61284
0.22278,0.89219,-0.39289,-0.42164,-0.8791,0.21897
0.25441,0.89905,-0.35635,-0.53138,-1.00945,0.45991
0.27196,0.91146,-0.30867,-0.79262,-0.99294,1.05021
0.25026,0.90054,-0.35552,-1.1138,0.61287,-0.52113
0.23988,0.91419,-0.32666,-0.94526,6.2107,-0.30978
0.22472,0.94817,-0.22466,0.41919,5.57281,0.9597
0.23668,0.95804,-0.16168,1.04076,-0.87059,-0.14398
0.24645,0.96485,-0.09123,0.75362,-1.0713,0.24079
0.22906,0.97323,-0.01885,0.60879,-0.87893,-0.09245
0.17458,0.98329,0.0515,0.64121,0.10208,0.20661
0.11234,0.98749,0.11064,0.39316,1.50419,-0.09988
0.0654,0.98214,0.17644,0.44009,1.50955,-0.16568
0.02956,0.96692,0.25338,-0.1949,0.23125,-0.72809
-0.01515,0.95602,0.2929,-0.17448,0.47505,-0.67319
-0.04929,0.94669,0.31836,-0.14035,0.48439,-0.69866
-0.07606,0.94219,0.32633,0.5515,-0.72489,-0.26282
-0.08298,0.94469,0.3173,0.67832,-1.20941,-0.27726
-0.06267,0.95354,0.29469,0.65801,-1.21826,-0.25465
-0.02465,0.96686,0.25409,0.56263,-1.02787,-0.71618
0.02054,0.98152,0.19025,0.25845,-0.73048,-0.42258
0.06197,0.99225,0.10773,0.05137,-0.49713,0.19997
0.10404,0.99451,0.01085,-0.20006,0.09911,-0.22816
0.12987,0.98292,-0.13038,0.75284,4.6595,0.40273
0.14766,0.95306,-0.26432,0.73505,4.68936,0.53668
0.17411,0.91815,-0.35592,-1.12582,0.918,-0.40799
0.21493,0.88704,-0.40863,-0.06127,1.04522,-0.33121
0.26545,0.85296,-0.44944,-0.12113,1.02062,-0.16222
0.31306,0.82077,-0.47784,-0.22884,0.88019,-0.12925
0.33979,0.80512,-0.48612,0.04128,-0.09861,-0.16007
0.35508,0.80398,-0.477,-0.00193,-0.75135,-0.11966
0.35507,0.81569,-0.45669,-0.08886,-1.67969,-0.03658
0.3295,0.83323,-0.44402,-0.27439,-1.38949,0.3263
0.29129,0.84978,-0.43935,-0.35169,-1.38225,0.6864
0.26386,0.86346,-0.42991,-0.78287,-1.67297,0.76169
0.26521,0.87653,-0.40169,-0.737,-1.44407,0.66277
0.28222,0.88837,-0.36214,-0.62948,-0.99865,0.36512
0.31046,0.89441,-0.32192,-0.39466,-0.82081,0.37344
0.33629,0.90239,-0.26944,-0.60272,-0.89061,0.77604
0.32888,0.89828,-0.29143,-0.65948,0.13634,-0.90812
0.32066,0.90588,-0.27669,-1.34134,5.07194,-0.30296
0.25643,0.94825,-0.18726,0.88157,2.86634,0.84665
0.25785,0.95547,-0.14351,1.10133,-0.03068,-0.48239
0.26711,0.96062,-0.07651,0.77141,-1.27221,0.36125
0.25176,0.96774,-0.00967,0.74369,-0.30737,0.02537
0.19208,0.97984,0.05499,0.98079,0.14084,0.02672
0.12601,0.98516,0.11654,0.67163,1.12066,-0.28022
0.08002,0.97877,0.18871,0.31517,0.64455,-0.15428
0.03632,0.96725,0.25122,0.07848,0.25808,-0.56405
-0.00556,0.95928,0.28239,-0.33889,0.04523,-0.67649
-0.03538,0.9532,0.30026,-0.07462,0.04839,-0.45604
-0.0591,0.95208,0.30008,0.2477,-0.48449,-0.2122
-0.06763,0.95542,0.28739,0.48302,-0.95054,-0.31548
-0.05569,0.96332,0.2625,0.58511,-1.28521,-0.42374
-0.02592,0.97529,0.21942,0.55459,-0.98589,-0.59182
0.01098,0.98748,0.15735,0.35904,-0.71214,0.03726
0.05277,0.99517,0.0828,0.13366,-0.0609,-0.11957
0.09984,0.99493,-0.01201,0.34782,0.28546,-0.22682
0.12904,0.98002,-0.15137,0.93789,3.89068,0.02519
0.15619,0.9497,-0.27143,-0.5232,1.93299,0.51798
0.17826,0.92012,-0.34873,-1.01325,0.97123,-0.36535
0.21631,0.88976,-0.40192,0.01581,1.19667,-0.23827
0.26502,0.85401,-0.44769,-0.15798,0.7712,-0.08901
0.30499,0.8226,-0.47992,-0.19795,0.80262,-0.05678
0.31587,0.81166,-0.49137,0.17981,-0.0975,-0.10145
0.30914,0.8214,-0.47931,-0.08949,-1.59035,-0.09689
0.28873,0.84444,-0.45118,-0.06145,-1.50192,0.0364
0.24834,0.86576,-0.43451,-0.48178,-1.46412,0.50695
0.20676,0.87991,-0.42779,-0.73755,-1.78459,0.67214
0.19173,0.89052,-0.41257,-0.66666,-1.71759,0.75031
0.2027,0.90041,-0.38494,-0.61681,-1.08475,0.62714
0.23033,0.90605,-0.35499,-0.21556,-0.82155,0.16282
0.2732,0.90745,-0.31921,-0.17523,-0.85102,0.23207
0.30893,0.91207,-0.26961,-0.69772,-0.76675,1.1404
0.31062,0.89902,-0.30869,-0.83987,1.11455,0.08314
0.30073,0.91005,-0.28524,-1.54732,3.33305,0.17309
0.26099,0.94331,-0.20504,0.97813,4.13518,1.09613
0.25945,0.95341,-0.15395,1.09704,-0.96244,-0.29165
0.25767,0.96197,-0.09068,0.93668,-1.12708,0.07989
0.22459,0.97419,-0.02273,0.69869,-0.23507,0.13061
0.14959,0.98755,0.04873,0.69675,0.72168,0.06001
0.08265,0.99009,0.11354,0.54324,1.2455,-0.36605
0.04081,0.97971,0.19622,-0.09848,0.3937,-0.31106
0.00016,0.96476,0.26313,-0.01445,0.15702,-0.65856
-0.04337,0.95422,0.29594,-0.17602,0.22231,-0.81411
-0.0772,0.94537,0.31672,0.23221,-0.38014,-0.31276
-0.10459,0.94309,0.31566,0.33526,-0.62021,-0.20452
-0.11182,0.94609,0.30398,0.46707,-0.86127,-0.14556
-0.0916,0.95512,0.28171,0.84458,-1.46099,-0.57938
-0.0492,0.9706,0.23563,0.63758,-0.78551,-0.64409
-0.00375,0.98615,0.16584,0.2001,-0.57362,0.0716
0.04134,0.99565,0.08352,-0.08588,-0.02232,-0.18125
0.08643,0.9959,-0.0268,0.62431,1.23921,-0.45072
0.10313,0.97995,-0.17047,1.0044,3.30502,0.07339
0.12408,0.94838,-0.29186,-0.86068,1.04285,0.44071
0.14753,0.91602,-0.37301,-0.91501,1.14825,-0.2286
0.19276,0.88239,-0.42922,-0.31043,1.16365,-0.25545
0.24352,0.84571,-0.47484,-0.29452,0.78788,-0.17233
0.28053,0.81734,-0.50325,0.07312,0.67274,0.01024
0.29748,0.80993,-0.50549,0.16207,0.35223,-0.02265
0.29838,0.81893,-0.49023,-0.10097,-1.55556,-0.01325
0.27922,0.83876,-0.46746,-0.02473,-1.58885,0.11833
0.24261,0.85745,-0.45379,-0.41047,-1.49781,0.41807
0.20381,0.87229,-0.44449,-0.49595,-1.6739,0.75885
0.1876,0.88451,-0.42714,-0.50956,-1.53534,0.76923
0.19527,0.89695,-0.39669,-0.5188,-1.01227,0.49352
0.22226,0.90473,-0.36341,-0.36049,-0.83752,0.14821
0.2611,0.90636,-0.33217,-0.27989,-0.80726,0.11625
0.28272,0.89964,-0.33276,-0.7385,-0.6878,1.0765
0.29975,0.88615,-0.35339,-0.88528,0.59583,0.83468
0.28617,0.92183,-0.2614,-0.42641,6.61314,0.27198
0.24769,0.94604,-0.20894,1.2243,4.49456,1.12395
0.24926,0.95718,-0.14723,1.03286,-1.05622,-0.11096
0.24318,0.96726,-0.07258,0.82503,-1.06762,0.30177
0.18724,0.98231,-0.00051,0.69744,-0.0487,0.26111
0.11693,0.99077,0.06859,0.20816,1.31071,-0.5409
0.07114,0.98763,0.13971,0.16193,1.45376,-0.11295
0.03452,0.97534,0.21798,-0.13533,0.32317,-0.46577
-0.00965,0.96513,0.2616,-0.29184,0.15316,-0.72002
-0.04407,0.95466,0.29442,-0.02947,0.0698,-0.54303
-0.07295,0.94711,0.3125,0.19844,-0.22821,-0.40244
-0.08584,0.94517,0.31509,0.38995,-0.79997,-0.19722
-0.07412,0.95068,0.30117,0.728,-1.44531,-0.34594
-0.0374,0.96389,0.26367,0.8212,-1.2036,-0.76205
0.00931,0.97957,0.20088,0.28795,-0.50977,-0.00891
0.05223,0.99118,0.12183,-0.03846,0.08422,-0.29839
0.09676,0.99509,0.02091,0.13084,0.35559,-0.36129
0.11972,0.98578,-0.11792,0.634,3.88817,0.4552
0.1348,0.95869,-0.25049,-0.93774,1.26026,0.59279
0.15071,0.92625,-0.34546,-1.22805,1.20249,0.03479
0.19525,0.89233,-0.40698,-0.27216,1.01125,-0.38695
0.24958,0.85714,-0.45058,-0.37803,0.81014,-0.10889
0.30255,0.82255,-0.48154,-0.3087,0.80578,-0.10113
0.32993,0.80548,-0.4923,0.19399,-0.05125,-0.00352
0.34044,0.80532,-0.48535,0.00334,-1.32128,-0.07874
0.32676,0.82054,-0.46899,0.03179,-1.59281,0.03612
0.2897,0.8408,-0.4573,-0.23646,-1.50886,0.29081
0.24294,0.86005,-0.44865,-0.41148,-1.5769,0.76763
0.20965,0.8756,-0.43517,-0.5419,-1.72921,0.79799
0.20741,0.89156,-0.40262,-0.70506,-1.18447,0.63361
0.21962,0.90522,-0.36378,-0.63848,-0.79937,0.34741
0.24638,0.91108,-0.3305,-0.52672,-0.69088,0.15641
0.27516,0.91799,-0.28562,-0.90651,-0.75455,0.93835
0.27677,0.90765,-0.31556,-0.84052,0.08953,-1.32125
0.27344,0.91491,-0.29693,-1.08379,1.3064,0.7167
0.23221,0.95011,-0.20823,1.05459,2.51127,0.90422
0.2453,0.95706,-0.15451,1.2939,-0.57525,-0.50383
0.24912,0.96439,-0.08879,1.12124,-0.98396,-0.08852
0.22945,0.97274,-0.03357,1.04426,-0.60973,0.12907
0.16915,0.9852,0.02766,1.00615,-0.13916,0.15783
0.09919,0.991,0.08984,0.79471,0.19509,0.00455
0.05043,0.98637,0.15661,0.31377,1.32849,-0.05012
0.0152,0.97335,0.22884,-0.16608,0.32025,-0.60148
-0.02394,0.96205,0.27181,-0.19987,0.0399,-0.79694
-0.05255,0.95335,0.29725,-0.22475,0.16744,-0.44286
-0.07367,0.95173,0.29796,0.39995,-0.7279,-0.20729
-0.07607,0.95605,0.28316,0.59423,-1.08403,-0.29763
-0.05551,0.96637,0.25108,0.67656,-1.42144,-0.54588
-0.01744,0.97945,0.20093,0.53802,-0.88538,-0.52407
0.02271,0.99109,0.13124,0.29439,-0.72298,0.13132
0.06243,0.99693,0.04719,-0.11831,-0.16809,-0.10644
0.10449,0.99243,-0.06456,0.16831,0.37371,-0.32573
0.11948,0.96958,-0.21364,0.77197,1.93705,-0.32716
0.1421,0.93214,-0.33305,-0.59989,2.01996,0.77449
0.16794,0.89924,-0.40394,-0.57767,1.09031,-0.39932
0.21293,0.86518,-0.454,0.0109,1.04351,-0.40505
0.26158,0.82764,-0.49658,-0.07357,0.93513,-0.12473
0.28807,0.80303,-0.52168,0.16652,0.32551,-0.0376
0.29259,0.79962,-0.52441,0.1812,-0.27766,-0.02523
0.28394,0.81294,-0.50844,-0.00971,-1.46614,-0.04315
0.25885,0.83429,-0.48678,-0.05851,-1.6673,0.08155
0.22248,0.85293,-0.47224,-0.43944,-1.64171,0.33631
0.19298,0.86655,-0.46026,-0.79932,-1.64436,0.8814
0.18924,0.87898,-0.4377,-0.72961,-1.5556,0.8965
0.20028,0.89296,-0.40313,-0.6724,-1.11773,0.65094
0.22492,0.90161,-0.36947,-0.49921,-0.80931,0.19242
0.26174,0.90745,-0.32867,-0.36579,-0.91892,0.70328
0.28906,0.90968,-0.29821,-0.73601,-0.80371,1.16323
0.29868,0.89417,-0.33356,-0.67578,1.25162,0.34855
0.27574,0.91976,-0.27932,-0.06955,6.90181,0.83687
0.24752,0.94131,-0.22949,1.23379,2.77286,0.94537
0.2482,0.95314,-0.17296,0.87488,-1.24121,-0.06978
0.2325,0.96641,-0.10948,0.83807,-0.72273,0.29082
0.17481,0.98381,-0.03936,0.78626,0.16163,0.10488
0.09898,0.99459,0.0314,0.96546,0.8848,-0.21967
0.04404,0.99332,0.10663,0.40669,1.24581,0.13036
0.00595,0.98103,0.19376,-0.04178,0.18433,-0.5412
-0.03557,0.96864,0.24592,-0.11177,0.1625,-0.60217
-0.07113,0.95814,0.27732,-0.49388,0.16458,-0.56798
-0.10133,0.95082,0.29272,0.03411,-0.19068,-0.32552
-0.12214,0.94875,0.29146,0.49992,-0.95759,-0.19115
-0.12288,0.95324,0.27609,0.61939,-1.26596,-0.30581
-0.09896,0.96535,0.24148,0.73231,-1.22615,-0.63358
-0.05725,0.98156,0.18236,0.31375,-0.67193,-0.29411
-0.01867,0.99423,0.10564,0.23736,-0.56988,0.30891
0.0149,0.9997,0.01941,0.04847,-0.36486,0.21613
0.04916,0.99486,-0.08856,1.0706,2.29749,-0.37036
0.05985,0.96917,-0.23903,0.80423,3.64683,0.83525
0.08263,0.9265,-0.36712,-0.2249,1.54231,0.90838
0.10389,0.88804,-0.44788,-0.81394,1.17404,-0.54463
0.13659,0.85288,-0.50393,-0.16495,0.9509,-0.19765
0.17022,0.8219,-0.5436,-0.33282,0.91093,-0.11831
0.19308,0.80743,-0.55748,-0.08214,0.14574,-0.08184
0.20764,0.81532,-0.54049,-0.3124,-0.61304,0.10708
0.22056,0.82937,-0.51333,-0.35284,-1.19936,0.13981
0.22074,0.84623,-0.48494,-0.14636,-1.90473,0.29913
0.2029,0.86544,-0.45809,-0.46351,-1.60318,0.51299
0.18312,0.88222,-0.43377,-0.43133,-1.70663,0.74028
0.18218,0.89597,-0.40503,-0.42917,-1.23024,0.62399
0.19076,0.90846,-0.37191,-0.33733,-0.75042,0.34797
0.21618,0.91211,-0.34831,-0.16189,-0.54582,0.16183
0.25687,0.91108,-0.32242,-0.36525,-0.78838,0.75273
0.28771,0.9112,-0.29484,-1.18492,-0.69273,-0.84572
0.29264,0.89608,-0.33378,-1.19918,2.01347,1.03161
0.26429,0.928,-0.26263,0.01794,5.81488,0.93855
0.24289,0.94522,-0.21809,1.10587,-0.23528,-0.44926
0.2536,0.956,-0.14746,0.94464,-0.94873,-0.52957
0.2462,0.96676,-0.06904,0.80038,-0.71175,0.21832
0.19417,0.98093,0.00902,1.11839,0.24452,0.18154
0.11713,0.98967,0.08267,0.65424,1.07993,-0.17478
0.06462,0.98571,0.15559,0.11029,1.0382,0.05575
0.0266,0.97106,0.23735,-0.2963,0.17315,-0.52893
-0.02259,0.95992,0.27937,-0.24711,0.18429,-0.57095
-0.06216,0.95017,0.30548,-0.20516,0.31108,-0.60668
-0.09502,0.94432,0.31501,0.47686,-0.55936,-0.19962
-0.11189,0.94478,0.308,0.49373,-0.55982,-0.19261
-0.10115,0.95202,0.28884,0.9935,-1.37206,-0.73156
-0.06392,0.96545,0.25262,0.58469,-0.78595,-0.68943
-0.01714,0.98111,0.19271,0.38068,-0.73724,-0.52318
0.02446,0.99295,0.11599,0.21512,-0.50073,0.43722
0.06487,0.99754,0.0266,-0.10894,0.08931,-0.18847
0.09275,0.9898,-0.10811,1.04392,2.56151,-0.30873
0.10375,0.96258,-0.25034,-0.06229,3.89022,1.09133
0.1226,0.92994,-0.34668,-1.37101,0.76718,-0.51711
0.15654,0.89999,-0.40683,-0.72181,0.97397,-0.39748
0.2111,0.86817,-0.44914,-0.30119,0.93449,-0.19872
0.26374,0.83826,-0.47725,0.06051,0.79486,0.04176
0.29461,0.82339,-0.48501,0.06825,0.35605,0.00411
0.30573,0.82416,-0.47675,-0.06247,-1.10321,0.15035
0.30008,0.83644,-0.4586,-0.04373,-1.63492,0.25104
0.27005,0.85528,-0.44224,-0.13953,-1.75464,0.19035
0.23097,0.87405,-0.42742,-0.66913,-1.64439,0.63105
0.2091,0.88938,-0.40655,-0.74378,-1.65592,0.66319
0.21511,0.90336,-0.37102,-0.79551,-1.24901,0.62433
0.23481,0.91492,-0.32832,-0.36091,-0.88538,0.23164
0.26566,0.91643,-0.29929,-0.25132,-0.74716,0.26405
0.30323,0.90809,-0.28884,-0.63642,-0.44359,0.93653
0.33089,0.88781,-0.31984,-1.36639,4.99048,-0.01954
0.34415,0.90419,-0.25298,0.50636,5.95306,0.4265
0.30946,0.93105,-0.19332,1.93909,2.11095,1.00078
0.29061,0.94614,-0.14272,0.92528,-1.08978,-0.17313
0.26428,0.96133,-0.07744,0.58672,-0.84822,0.54702
0.21066,0.97755,-0.00375,0.40241,-0.43306,0.28341
0.12683,0.98882,0.0784,0.78026,1.35478,-0.31942
0.06141,0.98671,0.15044,0.50452,1.51581,0.14979
0.02453,0.97189,0.23415,0.10862,0.59149,-0.3714
-0.01809,0.95876,0.28365,-0.32266,-0.03487,-0.83915
-0.05642,0.94758,0.31448,-0.3328,0.15877,-0.51192
-0.09175,0.9413,0.32485,-0.05322,-0.04976,-0.40372
-0.11436,0.94081,0.31907,0.46522,-0.94691,-0.1796
-0.11003,0.94646,0.30348,0.67227,-1.34345,-0.2659
-0.07545,0.96053,0.26776,0.87014,-0.94449,-0.77932
-0.02811,0.9781,0.20625,0.24178,-0.67107,-0.28262
0.01726,0.99145,0.12934,-0.17449,-0.1679,-0.2918
0.06768,0.9969,0.04002,-0.00222,0.0531,-0.3017
0.11174,0.98946,-0.09208,0.83811,3.0964,-0.21331
0.1326,0.96199,-0.23874,-0.28039,3.42673,0.67801
0.16135,0.92303,-0.34927,-0.64397,1.3075,0.40431
0.19735,0.88644,-0.41866,-0.21474,1.11399,-0.37962
0.25251,0.84262,-0.47563,-0.22028,1.11557,-0.18669
0.30102,0.79919,-0.52026,-0.25778,1.03555,-0.06655
0.31788,0.77587,-0.54495,0.03921,0.15903,-0.03007
0.31386,0.77804,-0.5442,-0.25166,-1.7655,0.13958
0.30029,0.79703,-0.524,-0.27897,-1.82236,0.18535
0.2651,0.82227,-0.50359,-0.65127,-1.66548,0.63872
0.21899,0.84475,-0.4883,-0.57287,-1.93829,0.89641
0.19669,0.8635,-0.46441,-0.49389,-1.81255,0.90907
0.20073,0.88176,-0.42685,-0.43477,-0.83881,0.43642
0.22014,0.89397,-0.39033,-0.0018,-0.48226,0.19285
0.25874,0.89372,-0.3665,-0.00821,-0.5139,0.20921
0.30974,0.89281,-0.32704,-0.93605,-0.65846,1.00627
0.33016,0.88901,-0.31726,-0.93297,0.4814,-1.96344
0.30747,0.87864,-0.36531,-1.88687,3.68004,0.58177
0.27608,0.92143,-0.27339,1.43302,1.13327,0.58304
0.28607,0.93778,-0.19679,1.17599,-0.17498,-0.25948
0.28281,0.95191,-0.11781,0.97001,-1.02586,0.09421
0.25737,0.96492,-0.0519,0.74909,-0.12234,0.25045
0.19099,0.98118,0.02833,0.8067,0.4757,0.09158
0.11524,0.98867,0.09621,0.51843,1.09602,-0.22828
0.06569,0.98247,0.17448,-0.11053,0.7282,-0.44221
0.02758,0.96933,0.24422,-0.31128,0.35651,-0.72567
-0.00929,0.96072,0.27735,-0.65185,0.15311,-0.88892
-0.04211,0.95507,0.29336,0.11924,-0.28364,-0.32319
-0.07155,0.9553,0.28683,0.31782,-0.53784,-0.20108
-0.08349,0.95876,0.27169,0.77801,-1.36321,-0.24041
-0.06845,0.96655,0.24716,0.95963,-1.18433,-0.66734
-0.03377,0.97963,0.19795,0.46811,-0.69054,-0.56457
0.00566,0.992,0.12609,0.27884,-0.72607,-0.26748
0.04121,0.99823,0.04292,-0.13389,-0.15098,-0.13714
0.07996,0.99502,-0.05955,0.587,0.88296,-0.4384
0.09753,0.97373,-0.20574,1.03612,3.08964,-0.00318
0.12495,0.93591,-0.32934,-0.81375,0.88604,0.41073
0.15291,0.89774,-0.41313,-0.73441,1.00168,-0.4237
0.19208,0.85902,-0.47454,-0.16826,1.2083,-0.36304
0.23747,0.81671,-0.52593,-0.04476,1.10416,-0.19528
0.26071,0.78598,-0.5606,0.17825,0.78937,0.03262
0.25651,0.78291,-0.56679,0.06179,0.2589,0.01063
0.24547,0.79809,-0.55027,-0.31876,-1.59394,0.15655
0.23065,0.82224,-0.5203,-0.26871,-1.90623,0.1362
0.19765,0.84698,-0.49351,-0.30289,-1.83743,0.1553
0.16385,0.86405,-0.47599,-0.54041,-1.59376,0.78518
0.1581,0.87572,-0.45621,-0.54376,-1.02894,0.6299
0.1757,0.88829,-0.42436,-0.56137,-1.04151,0.59804
0.20803,0.89604,-0.39223,-0.27983,-0.64071,0.1649
0.24965,0.89561,-0.36818,-0.69852,-0.59712,1.14673
0.27855,0.89145,-0.35738,-1.08164,-0.47446,0.07201
0.27614,0.87403,-0.39977,-1.36201,1.10461,0.5153
0.251,0.90266,-0.34958,-0.24433,6.29853,0.43579
0.22565,0.93114,-0.28645,1.50492,3.63348,1.21881
0.22347,0.95124,-0.21261,1.10486,-0.96075,-0.14803
0.21267,0.96737,-0.1377,0.61765,-0.5821,0.16442
0.16583,0.98469,-0.05379,0.577,-0.20548,0.1141
0.09586,0.99501,0.02771,1.01594,0.95534,0.09111
0.0525,0.99313,0.10455,0.20686,0.59906,-0.14489
0.02554,0.98204,0.18693,-0.29457,0.11926,-0.62228
-0.01078,0.97254,0.23247,-0.65979,0.12783,-0.60594
-0.04078,0.96342,0.26486,-0.1773,0.22714,-0.50741
-0.06848,0.95995,0.27167,0.12108,-0.17507,-0.31561
-0.0852,0.96257,0.2573,0.55532,-1.10452,-0.15402
-0.07879,0.96839,0.23667,0.68195,-1.44881,-0.28206
-0.0446,0.978,0.2038,0.82471,-1.26224,-0.70502
0.00065,0.98945,0.14491,0.25874,-0.66008,-0.12938
0.03961,0.99704,0.06598,0.12555,-0.51586,0.26459
0.07862,0.99665,-0.02257,-0.13032,-0.12072,-0.10808
0.11275,0.98304,-0.14463,0.98764,3.06234,-0.09084
0.12158,0.95066,-0.28542,-0.0901,2.72967,0.79352
0.14319,0.90773,-0.39437,-0.57793,1.19477,0.43806
0.17243,0.87122,-0.45961,-0.32201,1.13834,-0.48824
0.20979,0.83533,-0.50815,-0.21384,1.04185,-0.12775
0.25053,0.80123,-0.54338,-0.356,1.00601,-0.12631
0.26957,0.78424,-0.55883,-0.01855,-0.27231,0.07974
0.27192,0.78672,-0.5542,-0.13028,-0.84894,0.16853
0.26784,0.8004,-0.53631,-0.25044,-1.52724,0.0815
0.2514,0.82758,-0.5019,-0.19043,-1.68328,0.04936
0.2208,0.85475,-0.46973,-0.54965,-1.42141,0.51562
0.191,0.87288,-0.449,-0.62003,-1.62589,0.76777
0.18131,0.88556,-0.42768,-0.48862,-1.37115,0.78129
0.18884,0.89852,-0.39623,-0.3735,-1.07206,0.52135
0.20516,0.90574,-0.37087,-0.04703,-0.81741,0.2837
0.23488,0.90618,-0.35166,-0.15185,-0.72193,0.57203
0.27217,0.90646,-0.32287,-0.78582,-0.48634,0.66644
0.27571,0.89442,-0.35212,-0.47632,1.14301,-1.53171
0.25188,0.90621,-0.33962,-0.37555,5.61795,0.92367
0.24954,0.92916,-0.27274,1.34038,0.51127,0.36892
0.2561,0.9435,-0.21031,0.99645,-0.69768,-0.1903
0.24865,0.95832,-0.14072,0.60865,-1.05945,0.29644
0.21247,0.97488,-0.06681,0.43788,-0.17509,0.18166
0.1432,0.98964,0.00992,0.71305,0.40412,0.10739
0.07799,0.99412,0.07516,0.58214,1.51148,-0.01698
0.0366,0.9865,0.15961,-0.01617,0.37182,-0.41409
-0.0047,0.97486,0.22278,-0.01364,0.21568,-0.64362
-0.04496,0.96655,0.25252,-0.26937,0.13399,-0.5958
-0.07858,0.95803,0.27569,0.12701,-0.23748,-0.26892
-0.1078,0.95427,0.27883,0.32396,-0.51363,-0.12531
-0.12102,0.9555,0.26902,0.53845,-0.9917,-0.18593
-0.11089,0.96246,0.24776,0.78804,-1.16639,-0.65153
-0.07821,0.97532,0.2065,0.73133,-0.9124,-0.70952
-0.03979,0.98929,0.14042,0.382,-0.74877,-0.13748
-0.00551,0.99822,0.05944,0.0872,0.20895,-0.22315
0.02991,0.99869,-0.04155,0.38664,0.74979,-0.59742
0.04711,0.98325,-0.17607,1.06035,4.86441,0.55548
0.07455,0.95348,-0.29209,-1.37987,0.7575,-0.02557
0.0947,0.9228,-0.37347,-1.19096,1.19135,-0.25654
0.13712,0.89244,-0.42983,0.13966,0.83411,-0.20059
0.18214,0.86034,-0.47607,-0.10043,0.70471,-0.04328
0.22246,0.83259,-0.50725,0.04361,0.57004,-0.00331
0.24654,0.82356,-0.51085,-0.06918,-0.62806,-0.04569
0.25453,0.82983,-0.49659,-0.11631,-1.48547,0.23372
0.24015,0.84523,-0.47741,-0.10912,-1.59137,0.34537
0.20997,0.8623,-0.46083,-0.34287,-1.45412,0.53456
0.17243,0.87865,-0.44524,-0.4128,-1.52509,0.70261
0.15264,0.89297,-0.42345,-0.55507,-1.59876,0.67068
0.15828,0.90746,-0.38917,-0.60497,-0.9948,0.43754
0.1773,0.91571,-0.3606,-0.26825,-0.74011,0.27129
0.20873,0.91698,-0.33998,-0.23354,-0.78181,0.29263
0.2368,0.91604,-0.32373,-0.59007,0.07357,-1.04072
0.25228,0.89604,-0.36533,-1.1098,1.98433,0.46353
0.23832,0.92332,-0.30113,-1.44006,6.36521,-0.21935
0.22214,0.94226,-0.25059,1.75713,-0.33507,-0.41313
0.23818,0.95238,-0.19038,1.07052,-1.28279,0.03632
0.23375,0.96416,-0.12555,1.01503,-1.33293,0.1481
0.1848,0.981,-0.05906,0.8451,0.12844,0.36989
0.11069,0.99378,0.01207,0.44129,1.09176,-0.13774
0.06236,0.99479,0.0807,0.26609,1.40026,-0.1585
0.02984,0.98652,0.1609,-0.35918,0.19161,-0.54079
-0.01414,0.97797,0.20828,-0.4218,0.15634,-0.60086
-0.04903,0.97067,0.23535,-0.23661,0.13901,-0.45145
-0.07553,0.96703,0.24322,0.26782,-0.60751,-0.10418
-0.08934,0.96897,0.23048,0.38547,-0.87561,-0.18652
-0.08314,0.97472,0.20739,0.61778,-1.38637,-0.42909
-0.05433,0.98362,0.17187,0.67121,-1.01531,-0.68562
-0.01407,0.99327,0.11498,0.42311,-0.71977,-0.41044
0.02164,0.99895,0.04035,0.22802,-0.57148,0.33729
0.05601,0.99741,-0.04504,0.03563,0.05184,-0.04851
0.08358,0.98285,-0.1644,1.78713,4.38826,0.41732
0.09451,0.94747,-0.30556,1.7762,4.42364,0.55848
0.1094,0.90699,-0.40671,-1.25131,0.82321,0.09488
0.12796,0.87661,-0.46387,-0.38359,0.95289,-0.40496
0.17096,0.84735,-0.50276,-0.22986,0.93565,-0.22004
0.21874,0.82117,-0.5271,-0.42702,0.92202,-0.00356
0.24939,0.8079,-0.53395,0.04791,-0.10748,0.07927
0.27019,0.80905,-0.52194,-0.01986,-0.71396,0.00507
0.28014,0.82052,-0.49827,-0.10124,-1.56466,0.19137
0.26637,0.83967,-0.47329,-0.35624,-1.64497,0.26654
0.23755,0.86005,-0.45153,-0.46263,-1.45327,0.49281
0.20889,0.8772,-0.43229,-0.67148,-1.57264,0.6949
0.20283,0.89221,-0.40351,-0.72529,-1.21361,0.53506
0.2127,0.90656,-0.36457,-0.67392,-1.0416,0.43429
0.23369,0.91376,-0.33232,-0.24587,-0.70827,0.33412
0.26419,0.9138,-0.30852,-0.42207,-0.67046,0.67597
0.29076,0.90342,-0.31511,-0.57481,-0.09705,-0.80363
0.32449,0.90051,-0.28946,-0.779,4.50343,-0.16652
0.29114,0.92991,-0.22471,1.23686,2.20854,0.50261
0.26125,0.94654,-0.18922,1.07162,-0.31538,-0.43794
0.24703,0.96088,-0.12523,0.51802,-1.22753,0.522
0.20916,0.97649,-0.05226,0.4205,-0.77008,0.43736
0.13871,0.99006,0.02325,0.51133,0.88793,0.10587
0.07553,0.99239,0.09727,0.44582,1.65356,-0.23805
0.03459,0.98325,0.17894,0.20337,1.09605,-0.00205
-0.00722,0.96994,0.24324,0.02663,0.04985,-0.59204
-0.0491,0.96139,0.27077,-0.20154,0.22446,-0.65443
-0.0837,0.95402,0.28783,0.16985,-0.05901,-0.49834
-0.1134,0.95081,0.28827,0.33684,-0.35697,-0.39635
-0.12599,0.95212,0.27855,0.60661,-1.10605,-0.19617
-0.11432,0.95891,0.25964,0.72496,-1.40562,-0.40873
-0.08407,0.97073,0.22498,0.729,-1.28477,-0.58216
-0.04568,0.98459,0.16882,0.29609,-0.78094,-0.53473
-0.01101,0.99497,0.09958,0.10943,-0.70429,-0.16042
0.01735,0.99962,0.02133,0.12527,-0.6646,0.49356
0.04326,0.99616,-0.07611,0.21247,0.98535,-0.9108
0.05294,0.97555,-0.21331,0.80534,6.60735,1.11611
0.0926,0.94344,-0.31834,-0.30941,2.82835,0.83284
0.12938,0.91601,-0.37972,-1.1445,0.99059,-0.60227
0.18198,0.89165,-0.41454,0.07842,1.05021,-0.40478
0.23809,0.86587,-0.43997,-0.06366,0.96939,-0.18631
0.27888,0.84534,-0.45566,0.16744,0.40553,-0.07005
0.30115,0.83873,-0.45369,0.10014,-1.08817,0.06387
0.30829,0.84205,-0.44262,0.093,-1.09148,0.0528
0.29138,0.85462,-0.42979,-0.17203,-1.58373,0.16001
0.2532,0.87151,-0.41996,-0.34312,-1.35105,0.62046
0.20717,0.88858,-0.40928,-0.55347,-1.47565,0.76001
0.18376,0.90374,-0.38663,-0.59538,-1.31634,0.59103
0.18838,0.91613,-0.35386,-0.5079,-0.84294,0.26061
0.21358,0.92131,-0.3249,-0.45197,-0.79445,0.19826
0.25011,0.91627,-0.31287,-0.76401,-0.51222,0.68064
0.27652,0.89338,-0.35413,-0.88234,0.72196,1.08902
0.31964,0.90384,-0.28444,-1.55893,4.66304,0.42977
0.26726,0.94002,-0.21196,1.62119,0.28819,-0.33864
0.2477,0.95289,-0.17504,0.95189,-1.22832,0.06073
0.22373,0.96885,-0.10618,0.81428,-1.30888,0.40937
0.171,0.9845,-0.03901,0.75066,0.12834,0.48165
0.09665,0.99489,0.02918,0.33174,0.88963,-0.2491
0.04649,0.99366,0.10236,0.21376,1.12695,-0.07648
0.00925,0.98376,0.17925,-0.04549,0.04626,-0.47958
-0.02985,0.97316,0.22817,-0.03011,-0.17336,-0.60068
-0.05904,0.96378,0.26007,-0.17767,-0.02776,-0.44954
-0.08039,0.95924,0.27091,0.17533,-0.6681,-0.186
-0.09025,0.96069,0.26254,0.33406,-0.96937,-0.20815
-0.08198,0.96638,0.24369,0.46233,-1.26468,-0.31518
-0.0539,0.97574,0.2122,0.52723,-1.03937,-0.63626
-0.01402,0.9868,0.16133,0.18255,-0.65272,-0.56525
0.02162,0.99522,0.09521,0.10156,-0.62376,-0.43053
0.04919,0.99866,0.01634,0.19736,-0.42726,0.67862
0.06933,0.99429,-0.08116,0.31084,0.80146,-0.72127
0.0686,0.97115,-0.22838,1.28204,3.11608,-0.66533
0.10012,0.93428,-0.34219,-1.18479,0.84255,0.21281
0.12568,0.90479,-0.40689,-1.52211,0.65394,-0.89353
0.1733,0.88197,-0.43828,-0.66168,0.99082,-0.58517
0.23883,0.85766,-0.45539,-0.13983,0.94437,0.01512
0.29652,0.83504,-0.46346,0.07302,0.44894,0.23643
0.33911,0.82175,-0.45797,0.20729,-0.15097,0.14768
0.35959,0.81987,-0.44553,0.12489,-1.49422,0.17913
0.34029,0.83325,-0.43577,-0.43962,-1.63629,0.14015
0.29084,0.85537,-0.42866,-0.38497,-1.40097,0.72628
0.23641,0.87533,-0.42179,-0.60101,-1.45274,0.7521
0.20973,0.8892,-0.40661,-0.64056,-1.31668,0.58334
0.21484,0.89999,-0.3793,-0.617,-1.0119,0.43131
0.23999,0.90585,-0.34905,-0.49428,-0.92335,0.42412
0.27537,0.91194,-0.30419,-0.73199,-0.95004,0.65038
0.28399,0.9141,-0.28944,-0.99249,-0.64,-1.2938
0.27987,0.89867,-0.33773,-1.0117,1.40034,1.49167
0.26294,0.93805,-0.22566,0.3772,6.81174,1.35829
0.23872,0.95631,-0.16877,1.87092,1.99362,0.6545
0.26456,0.95845,-0.1067,0.91755,-1.05974,0.08644
0.26904,0.96258,-0.03256,0.95444,-0.34802,0.25356
0.22167,0.97424,0.04151,1.23944,0.22939,0.28492
0.14992,0.98261,0.10957,0.16099,1.36869,-0.00712
0.10446,0.97782,0.18154,-0.22319,1.11132,-0.09096
0.06448,0.9658,0.25114,-0.60191,0.30486,-0.51005
0.01601,0.95981,0.2802,-0.28177,0.33817,-0.43326
-0.02058,0.95574,0.29348,0.02487,0.07723,-0.42046
-0.04817,0.95524,0.29189,0.28471,-0.61689,-0.28153
-0.05632,0.95778,0.28194,0.49641,-1.15451,-0.36983
-0.03591,0.96469,0.26093,0.73464,-1.36952,-0.66604
0.00712,0.97617,0.21691,0.6133,-1.00485,-0.64655
0.05107,0.98765,0.14809,0.37254,-0.63283,0.17272
0.09252,0.9937,0.06333,0.1945,0.31293,-0.56375
0.1302,0.99005,-0.0534,1.23236,3.56911,0.1569
0.13935,0.9707,-0.19576,-0.52412,2.43868,0.92913
0.1538,0.93981,-0.30513,-1.33727,0.82533,-0.39988
0.17063,0.90992,-0.37805,-1.04331,1.36679,-0.34998
0.21704,0.87704,-0.42859,0.05347,0.99921,-0.13483
0.27708,0.83998,-0.46654,0.0433,0.95404,0.01744
0.32442,0.80934,-0.48962,0.18951,0.75652,0.14375
0.34465,0.79714,-0.49577,-0.13183,-1.0842,0.12011
0.34169,0.80229,-0.48947,-0.30406,-1.59285,0.28201
0.31767,0.8179,-0.47971,-0.24969,-1.51317,0.30074
0.27409,0.837,-0.4736,-0.49856,-1.60116,0.635
0.23258,0.85376,-0.46583,-0.60064,-1.8673,0.73596
0.22231,0.86902,-0.44202,-0.65616,-1.79619,0.7192
0.23614,0.885,-0.40126,-0.60056,-0.98424,0.40528
0.26552,0.8928,-0.36388,-0.265,-0.66059,0.27393
0.31216,0.89204,-0.32682,-0.27717,-0.71925,0.40374
0.34618,0.88717,-0.30509,-0.92511,-0.40823,-1.53463
0.37234,0.87546,-0.30811,-1.02615,1.75779,0.81715
0.35335,0.9121,-0.20791,-0.56236,6.00656,0.17637
0.30031,0.93725,-0.17713,1.25969,-0.47837,-0.36619
0.29458,0.94622,-0.13375,0.76607,-1.23547,0.12444
0.26606,0.96127,-0.0719,0.78949,-1.13337,0.26635
0.19666,0.98042,-0.00965,1.03131,0.74084,0.35988
0.12438,0.99055,0.05781,0.39269,1.43215,-0.30049
0.08175,0.98713,0.13745,0.18847,1.16384,0.12848
0.0394,0.97839,0.20298,-0.36405,-0.0848,-0.57956
-0.00131,0.97201,0.23492,-0.53329,-0.06847,-0.71004
-0.03115,0.96655,0.25458,-0.43678,0.11411,-0.58112
-0.05508,0.9657,0.25377,0.16438,-0.51767,-0.10954
-0.06486,0.96767,0.24374,0.49042,-1.06085,-0.30578
-0.05236,0.9726,0.22653,0.80477,-1.43021,-0.53575
-0.01797,0.98158,0.1902,0.69221,-0.81559,-0.70304
0.02243,0.99132,0.12953,0.4147,-0.71051,-0.38713
0.05899,0.99692,0.05164,0.22745,-0.51004,0.45315
0.09563,0.99469,-0.03801,-0.0218,0.2301,-0.34363
0.12017,0.978,-0.17051,1.31862,5.3594,0.61625
