gravity.x,gravity.y,gravity.z,userAcceleration.x,userAcceleration.y,userAcceleration.z
-0.46557,0.37319,-0.80248,0.00026,-0.05179,0.23059
-0.47027,0.35205,-0.80926,-0.00495,-0.04866,0.21745
-0.47084,0.34038,-0.81391,0.00502,-0.11531,0.1695
-0.46797,0.3379,-0.81659,0.02681,-0.15366,0.16202
-0.46292,0.34461,-0.81667,0.08255,-0.21839,0.0821
-0.45724,0.36037,-0.81306,0.02907,-0.16192,0.02825
-0.45028,0.38434,-0.80593,-0.01541,-0.13162,-0.00205
-0.44012,0.41575,-0.79589,-0.13328,0.02056,-0.28741
-0.43166,0.44734,-0.7833,-0.13034,0.06091,-0.29095
-0.42198,0.47526,-0.77205,-0.70096,1.21719,-0.47169
-0.42121,0.49605,-0.75928,-0.07964,0.85193,-0.56838
-0.41435,0.51731,-0.7488,-0.01649,-0.43716,0.53259
-0.39554,0.56006,-0.72792,-0.19407,-0.44861,0.37761
-0.38981,0.60058,-0.6981,-0.10398,0.41784,0.31859
-0.38049,0.63942,-0.66811,-0.19463,0.58217,0.17363
-0.37413,0.67093,-0.64022,-0.2743,0.43928,0.14358
-0.36798,0.69755,-0.61482,-0.09356,0.07822,0.10507
-0.36027,0.72468,-0.58741,0.01521,-0.13627,0.08269
-0.35178,0.75336,-0.5556,0.07051,-0.05816,0.13977
-0.34243,0.78315,-0.51905,0.05747,0.05051,0.17759
-0.33346,0.81177,-0.47941,0.04563,-0.02205,0.15653
-0.32542,0.83687,-0.44017,0.09068,-0.07739,0.1316
-0.31786,0.85849,-0.40245,0.14053,-0.09971,0.10382
-0.31091,0.87734,-0.36551,0.13949,-0.09291,0.05478
-0.30814,0.89205,-0.3306,0.09663,-0.15465,0.01895
-0.30864,0.90316,-0.29838,0.02313,-0.27179,0.03323
-0.31014,0.9123,-0.26742,-0.11786,-0.10443,0.00307
-0.3124,0.92051,-0.23467,-0.09287,0.00489,0.04141
-0.31244,0.92782,-0.20377,0.12571,0.11505,0.11273
-0.30991,0.93386,-0.17847,0.11776,0.08192,0.08489
-0.30735,0.93841,-0.15787,0.12078,0.03468,0.05624
-0.30577,0.94193,-0.13877,-0.0178,0.00109,-0.01404
-0.30579,0.94461,-0.11917,-0.01722,0.02646,-0.0365
-0.30663,0.94663,-0.09938,0.05136,0.02585,-0.0841
-0.30589,0.94857,-0.08155,0.03488,0.03103,-0.08068
-0.30413,0.95046,-0.0642,0.06716,0.09513,0.00858
-0.30335,0.9517,-0.04729,0.07903,0.13985,0.03565
-0.30411,0.95211,-0.03151,-0.16414,0.16738,-0.00913
-0.30424,0.95244,-0.01682,-0.27013,0.14595,-0.1386
-0.305,0.95234,-0.00512,-0.18443,0.14517,-0.15506
-0.3094,0.95093,0.00174,-0.08983,0.26744,-0.07619
-0.31622,0.94868,0.00285,-0.12086,0.35426,-0.07861
-0.32265,0.94651,-0.00174,-0.06413,0.48194,0.15729
-0.32725,0.94474,-0.01918,-0.24383,0.35531,0.30605
-0.33128,0.94236,-0.04702,-0.30483,-0.0226,0.11851
-0.34503,0.93525,-0.0791,-0.37285,0.06155,-0.00346
-0.36629,0.9232,-0.11632,-0.28324,0.21833,-0.08366
-0.38446,0.90921,-0.15976,-0.03513,0.32234,-0.0624
-0.39725,0.89085,-0.22038,0.14923,0.33739,-0.04492
-0.40501,0.86765,-0.28835,0.16615,0.32247,0.10564
-0.40538,0.84572,-0.347,0.05376,0.17684,0.10263
-0.40697,0.82558,-0.39088,-0.00346,0.07076,0.20223
-0.40899,0.80139,-0.43645,-0.14952,-0.1974,0.31789
-0.41356,0.76931,-0.48696,-0.15691,-0.38813,0.29661
-0.42084,0.73185,-0.53599,-0.08322,-0.46276,0.23524
-0.4272,0.69097,-0.58314,0.03516,-0.37847,0.20913
-0.43286,0.64901,-0.62563,0.14768,-0.05265,0.18331
-0.44188,0.60696,-0.66056,0.11653,0.02555,0.26504
-0.45155,0.56371,-0.69162,0.05546,0.04886,0.23006
-0.46155,0.51862,-0.71972,0.04616,0.10002,0.30528
-0.46953,0.47393,-0.74494,0.00902,0.05924,0.21625
-0.47594,0.43375,-0.76507,0.03957,-0.08338,0.13928
-0.4817,0.39958,-0.77993,0.06311,-0.15586,0.20128
-0.48515,0.37193,-0.79139,0.04193,-0.15305,0.2262
-0.48473,0.35437,-0.79966,0.06354,-0.2103,0.1921
-0.48042,0.34938,-0.80445,0.13473,-0.23805,0.14713
-0.47256,0.3586,-0.80504,0.08804,-0.226,0.14295
-0.46525,0.37974,-0.79959,0.00178,-0.20155,0.05406
-0.45876,0.40707,-0.78983,-0.01432,-0.04583,-0.21705
-0.45498,0.43601,-0.77646,-0.01846,0.00672,-0.34374
-0.45164,0.46387,-0.76214,-0.76437,1.44969,-0.67562
-0.438,0.48979,-0.75383,-0.54297,1.15811,-0.4572
-0.43852,0.50836,-0.74113,-0.02805,0.49225,0.27544
-0.41733,0.54435,-0.72768,-0.19107,-0.65482,0.35431
-0.41179,0.58371,-0.69979,-0.19838,-0.24014,0.23562
-0.40547,0.61655,-0.67488,-0.2867,0.50267,0.09958
-0.40417,0.6456,-0.64795,-0.3138,0.21466,0.14641
-0.40643,0.67134,-0.61977,-0.06674,-0.00765,0.13286
-0.40671,0.69816,-0.58919,-0.00509,-0.0457,0.11707
-0.40606,0.72571,-0.55539,0.09108,0.11262,0.12655
-0.40324,0.75469,-0.51753,0.07066,0.17443,0.125
-0.39654,0.7848,-0.47628,0.10357,0.19442,0.1642
-0.38676,0.81459,-0.43227,0.1795,-0.09123,0.20007
-0.37502,0.84154,-0.38881,0.19882,-0.31675,0.18706
-0.36695,0.86221,-0.3492,0.13243,-0.30947,0.12784
-0.36499,0.87795,-0.30982,0.04428,-0.15271,0.07518
-0.36483,0.89107,-0.26998,-0.02204,-0.06796,0.03098
-0.36179,0.9028,-0.23252,-0.0078,-0.04208,0.008
-0.35608,0.91349,-0.19683,0.00511,-0.04569,0.00973
-0.35093,0.92267,-0.15979,0.03602,0.00322,0.09024
-0.34768,0.92921,-0.1252,0.00673,-0.00616,0.14291
-0.34613,0.93306,-0.09786,0.00093,-0.05291,0.11638
-0.34503,0.93595,-0.07029,-0.03884,-0.00649,0.03607
-0.34593,0.93729,-0.04264,0.04942,0.17099,0.00264
-0.34477,0.93844,-0.02121,0.12201,0.10355,-0.01958
-0.34154,0.93983,-0.00842,0.08219,0.01408,-0.08369
-0.33897,0.94079,0.00307,0.03437,0.04836,-0.11339
-0.33762,0.94114,0.0165,-0.00707,0.06272,-0.03994
-0.33608,0.94147,0.02616,-0.16854,0.0956,-0.123
-0.33513,0.94162,0.03226,-0.21852,0.1361,-0.13881
-0.33681,0.94075,0.03934,-0.27772,0.21659,-0.05027
-0.3429,0.93832,0.04441,-0.17445,0.48763,0.09006
-0.34892,0.93627,0.04064,-0.17385,0.48474,0.08195
-0.35392,0.93487,0.02731,-0.3163,0.4188,0.03575
-0.35899,0.9333,0.00821,-0.26389,0.11513,0.05328
-0.36809,0.92964,-0.01648,-0.21211,0.0654,0.10986
-0.38075,0.92323,-0.05175,-0.1986,0.1701,0.09449
-0.39625,0.9125,-0.10158,-0.21859,0.35738,-0.03927
-0.41444,0.89508,-0.1645,-0.17435,0.33604,0.01833
-0.43036,0.87157,-0.23485,-0.08415,0.31653,0.07201
-0.43815,0.84734,-0.30006,0.09404,0.30731,0.08717
-0.44412,0.82239,-0.35557,0.10808,0.1685,0.13785
-0.44784,0.79239,-0.41417,0.06306,-0.03141,0.22141
-0.44904,0.75438,-0.47883,-0.05261,-0.27633,0.1395
-0.45671,0.71062,-0.53518,-0.03912,-0.28742,0.1864
-0.46897,0.66406,-0.58231,0.06715,-0.13916,0.24709
-0.47568,0.61698,-0.62696,0.08912,-0.06839,0.31906
-0.47862,0.57071,-0.66724,0.13938,-0.04607,0.37119
-0.48088,0.52456,-0.70256,0.21467,-0.12189,0.30815
-0.48819,0.47585,-0.7316,0.24776,-0.14676,0.28163
-0.49767,0.42837,-0.7542,0.20315,-0.14434,0.37514
-0.50731,0.38526,-0.77085,0.15317,-0.1661,0.27828
-0.51431,0.35158,-0.78222,0.07484,-0.16093,0.26914
-0.51602,0.32819,-0.79121,0.00059,-0.12982,0.203
-0.51385,0.31708,-0.79713,0.04889,-0.23937,0.11443
-0.50897,0.32125,-0.79859,0.06974,-0.25545,0.10517
-0.50244,0.33943,-0.7952,-0.03728,-0.21402,0.09474
-0.49541,0.36692,-0.78736,-0.09828,-0.02259,-0.36048
-0.4885,0.399,-0.77599,-0.04932,-0.00534,-0.36986
-0.48389,0.4306,-0.76186,0.05074,-0.08308,-0.21795
-0.47107,0.46751,-0.74801,-0.70872,1.53606,-0.87021
-0.47273,0.48716,-0.7343,0.10066,0.41248,0.47363
-0.44977,0.51948,-0.72653,0.03345,-0.83014,0.59315
-0.43242,0.56355,-0.70386,-0.19874,-0.29415,0.30239
-0.42205,0.60084,-0.67887,-0.3592,0.48966,0.13
-0.41506,0.63408,-0.65243,-0.42091,0.39653,0.17812
-0.41305,0.66472,-0.62253,-0.18449,0.01848,0.18312
-0.40935,0.69633,-0.58954,-0.06035,-0.12307,0.15688
-0.40476,0.72769,-0.55374,0.00603,-0.07089,0.06517
-0.39856,0.75943,-0.51421,0.09943,0.06571,0.03368
-0.38899,0.79371,-0.46766,0.05275,0.134,0.09826
-0.37547,0.82765,-0.41715,0.06514,-0.01871,0.13367
-0.36057,0.85705,-0.36804,0.20667,-0.1605,0.10169
-0.34686,0.88151,-0.32034,0.17901,-0.14163,0.10034
-0.33659,0.90115,-0.27318,0.08235,-0.14787,0.0884
-0.32765,0.91632,-0.23019,-0.06605,-0.22388,0.04733
-0.32139,0.92738,-0.1915,-0.13004,-0.03245,0.03272
-0.3202,0.93454,-0.15523,-0.10719,0.01222,0.03667
-0.3174,0.94061,-0.12044,0.03504,-0.09475,0.12313
-0.31318,0.9453,-0.09121,-0.04856,-0.06055,0.09468
-0.31209,0.94773,-0.06637,-0.06357,0.01176,0.06755
-0.31269,0.94895,-0.04133,0.02024,0.05441,0.0238
-0.31088,0.95021,-0.02098,0.12207,-0.07674,-0.06108
-0.30675,0.95177,-0.00494,0.09496,-0.08721,-0.07053
-0.30171,0.95337,0.00769,0.00921,0.01206,-0.0582
-0.29933,0.95392,0.02053,0.02274,0.00146,-0.01358
-0.29659,0.95439,0.03415,0.02049,-0.04013,-0.02263
-0.29361,0.95476,0.04706,-0.01481,-0.18775,-0.07168
-0.2924,0.95429,0.06185,-0.08032,-0.02494,-0.03066
-0.29237,0.95319,0.07701,-0.06397,0.04821,-0.05953
-0.2925,0.9518,0.0923,-0.01877,0.17528,-0.08747
-0.29376,0.94978,0.10776,-0.05325,0.23774,-0.07137
-0.29834,0.94703,0.11882,-0.23746,0.37536,-0.03311
-0.30491,0.94471,0.12057,-0.13758,0.55468,0.06722
-0.31002,0.94404,0.11251,-0.28121,0.49385,-0.04392
-0.31258,0.94467,0.09943,-0.38183,0.39226,-0.1177
-0.31721,0.94421,0.08854,-0.23704,0.27205,-0.03789
-0.32462,0.94322,0.07032,-0.07609,0.28986,0.03676
-0.33352,0.94179,0.04238,-0.08004,0.2973,0.06736
-0.34379,0.93904,-0.00052,-0.14578,0.21413,-0.03316
-0.35535,0.93284,-0.05945,-0.17314,0.0723,-0.07749
-0.36508,0.92219,-0.12757,-0.13364,0.04204,-0.04888
-0.37155,0.90745,-0.19615,-0.17165,-0.01869,0.06329
-0.37857,0.89042,-0.25265,-0.08481,-0.0744,0.16702
-0.38376,0.87332,-0.30005,-0.02326,-0.06682,0.24642
-0.3817,0.8577,-0.34445,0.09194,-0.24527,0.2906
-0.3819,0.84148,-0.38217,0.0256,-0.39513,0.43204
-0.38972,0.82057,-0.41807,-0.02193,-0.3907,0.39137
-0.398,0.79377,-0.45991,-0.13715,-0.29412,0.10962
-0.40774,0.76539,-0.49792,-0.0589,-0.19201,0.21395
-0.42085,0.74056,-0.52388,-0.02136,-0.13216,0.26011
-0.43311,0.71709,-0.54608,0.01588,-0.11403,0.32565
-0.44239,0.69491,-0.56691,0.03435,-0.19592,0.26795
-0.44905,0.67653,-0.58366,0.04111,-0.24365,0.22615
-0.45398,0.66414,-0.59398,0.06418,-0.24859,0.25593
-0.45722,0.65772,-0.59862,0.06363,-0.2501,0.22878
-0.45969,0.65874,-0.5956,0.08701,-0.2627,0.22751
-0.46037,0.66836,-0.58426,0.12033,-0.24323,0.27266
-0.45779,0.68379,-0.56821,0.09245,-0.24589,0.21495
-0.45108,0.70478,-0.54755,0.02266,-0.30836,0.12839
-0.44203,0.73152,-0.51912,-0.04745,-0.4197,0.08506
-0.43155,0.76297,-0.48129,-0.06901,-0.39535,-0.02141
-0.41954,0.7974,-0.43374,-0.02086,-0.14624,-0.19791
-0.40717,0.8298,-0.38163,-0.03909,0.41993,-0.43938
-0.40106,0.85085,-0.33942,-0.21346,1.27247,-0.49008
-0.40078,0.84955,-0.34297,-0.67974,0.98554,-0.44611
-0.39303,0.83296,-0.38948,-0.43489,-0.55426,-0.86799
-0.39492,0.82018,-0.41393,0.12694,-0.82998,0.07795
-0.3989,0.8188,-0.41285,0.08434,-0.24261,0.40711
-0.39732,0.84012,-0.36923,-0.37874,0.64285,0.53122
-0.39224,0.86228,-0.32034,-0.45803,0.02833,0.41285
-0.38033,0.87566,-0.2976,-0.29352,-0.22911,0.24616
-0.36886,0.88364,-0.28831,-0.10245,-0.35443,0.10224
-0.35977,0.89099,-0.27695,0.00793,-0.13676,0.38756
-0.35173,0.90305,-0.24655,0.02183,-0.08339,0.36311
-0.34613,0.91683,-0.19902,0.05824,0.09613,0.34456
-0.33814,0.92833,-0.15447,-0.04386,0.21829,0.20377
-0.32661,0.93699,-0.12398,-0.09479,0.15435,0.14542
-0.30985,0.94502,-0.1045,-0.12613,-0.04829,0.05222
-0.293,0.95234,-0.08484,-0.17648,-0.17795,0.04332
-0.28083,0.95798,-0.05829,-0.15051,-0.2004,0.02293
-0.27282,0.96142,-0.03498,-0.05241,-0.13183,-0.01373
-0.26804,0.96321,-0.01938,-0.04775,-0.00051,-0.05542
-0.26385,0.96455,-0.00225,-0.03092,0.01712,-0.0065
-0.25768,0.966,0.02069,0.01661,0.01132,-0.03065
-0.24866,0.96762,0.04323,0.03925,0.01592,-0.07673
-0.23814,0.96929,0.06128,0.04079,-0.01029,-0.149
-0.22918,0.97022,0.07829,-0.05153,-0.09516,-0.12135
-0.22265,0.97009,0.09664,-0.11094,-0.1432,-0.1324
-0.21886,0.96902,0.11443,-0.11606,-0.11286,-0.16792
-0.21713,0.96715,0.13217,-0.06618,-0.05376,-0.16245
-0.21518,0.96466,0.15204,-0.05847,-0.05478,-0.14723
-0.2139,0.9611,0.17471,-0.07087,-0.02799,-0.16328
-0.21485,0.95652,0.1972,-0.06866,0.04706,-0.24143
-0.21474,0.95233,0.21666,-0.05638,0.12764,-0.25768
-0.21317,0.94943,0.23048,-0.05869,0.21042,-0.31399
-0.21011,0.94736,0.24156,-0.01792,0.21675,-0.07748
-0.21146,0.94476,0.25038,-0.38097,0.23288,-0.11282
-0.21774,0.94258,0.25321,-0.54765,0.15363,-0.24568
-0.22156,0.94301,0.24823,-0.37653,0.151,-0.31202
-0.22639,0.94427,0.23894,-0.13921,0.29322,-0.08294
-0.23382,0.94692,0.2206,-0.02642,0.29456,-0.03023
-0.24158,0.95191,0.1884,0.05053,0.16488,0.01753
-0.25115,0.95769,0.14052,-0.10968,0.16271,0.09788
-0.2675,0.96003,0.08229,-0.26458,0.1833,0.14467
-0.28797,0.95744,0.01926,-0.43703,0.22063,0.01896
-0.3047,0.95158,-0.04057,-0.36745,0.06397,0.01742
-0.31022,0.94568,-0.09716,0.02387,-0.00821,0.04206
-0.31603,0.93729,-0.14697,0.14375,0.08029,0.18259
-0.32891,0.92468,-0.19179,-0.00476,0.25237,0.29203
-0.34653,0.9073,-0.23815,-0.1825,0.07886,0.27399
-0.36213,0.88688,-0.28688,-0.21944,-0.1199,0.35429
-0.37396,0.86355,-0.33826,-0.08906,-0.1815,0.30283
-0.3846,0.83666,-0.38996,-0.02338,-0.13586,0.28013
-0.39655,0.80829,-0.43521,0.03588,-0.16353,0.13473
-0.41124,0.78267,-0.46722,0.0739,-0.29137,0.10676
-0.4268,0.7637,-0.48435,0.07662,-0.30605,0.13694
-0.44004,0.75266,-0.48975,0.09353,-0.32872,0.17504
-0.44949,0.74896,-0.48684,0.03551,-0.29548,0.16317
-0.45438,0.7517,-0.47799,0.04353,-0.32761,0.13527
-0.4551,0.75985,-0.46423,0.08591,-0.36386,0.11153
-0.45199,0.77324,-0.44474,0.13748,-0.36902,0.02592
-0.44528,0.79175,-0.41814,0.11847,-0.36386,-0.04653
-0.4352,0.81493,-0.38273,0.08344,-0.31746,-0.18299
-0.42288,0.84001,-0.33993,-0.02605,0.08626,-0.41187
-0.41406,0.85968,-0.29918,-0.0942,0.40847,-0.56241
-0.41581,0.8633,-0.28603,-0.56647,1.24284,-0.63979
-0.42187,0.84976,-0.31612,-0.52283,-0.69549,-0.75946
-0.42341,0.83645,-0.34796,0.30096,-1.03327,-0.43143
-0.42677,0.83458,-0.34832,0.40048,-0.22501,0.17132
-0.42376,0.84971,-0.31372,0.17713,0.41543,0.41213
-0.41775,0.8678,-0.26907,-0.83963,1.13899,0.49499
-0.41001,0.87737,-0.24922,-0.36973,0.05278,0.21646
-0.40716,0.87974,-0.24551,0.12,-0.67338,0.09219
-0.40292,0.88068,-0.2491,0.29916,-0.73078,0.40785
-0.39249,0.89214,-0.22368,0.00655,-0.31516,0.28699
-0.3976,0.90396,-0.15735,0.0397,0.12855,0.32283
-0.40226,0.91164,-0.08422,0.11285,0.53772,0.23171
-0.39374,0.9183,-0.04099,0.15863,0.17484,0.08259
-0.38181,0.92398,-0.02154,0.0891,-0.01309,0.0451
-0.36733,0.93001,-0.01175,0.01142,-0.0994,-0.02304
-0.3552,0.93477,0.00597,-0.03682,-0.11465,-0.02379
-0.34958,0.9362,0.03624,-0.00363,-0.03927,0.06116
-0.34659,0.93616,0.05884,0.01276,-0.00953,0.04529
-0.34314,0.93653,0.07186,0.06354,0.05881,0.02343
-0.33817,0.93707,0.08679,0.07333,0.07279,0.01521
-0.33378,0.93658,0.10676,0.05561,0.04238,0.00617
-0.33041,0.93545,0.12551,-0.00707,-0.11155,-0.04653
-0.32703,0.93427,0.14206,-0.01147,-0.16228,-0.07504
-0.32616,0.93177,0.1594,-0.02042,-0.16937,-0.08642
-0.32761,0.92803,0.17725,-0.04626,-0.04976,-0.15575
-0.33005,0.92413,0.19245,-0.03349,0.06064,-0.30203
-0.33114,0.91996,0.20978,-0.0324,0.06481,-0.31935
-0.33307,0.91624,0.22261,0.05328,0.02936,-0.39494
-0.33355,0.91383,0.2316,0.18843,0.10881,-0.33182
-0.33397,0.91415,0.22974,0.41552,0.331,-0.10613
-0.3389,0.9144,0.22135,-0.11682,0.38345,-0.09039
-0.34131,0.91608,0.21047,-0.47484,0.18835,-0.19579
-0.33702,0.92158,0.19257,-0.14363,0.28464,-0.1241
-0.33558,0.92824,0.16045,0.13701,0.26903,-0.0747
-0.33989,0.93283,0.11957,-0.09247,0.17425,0.0547
-0.35096,0.93392,0.06786,-0.34466,0.08505,0.12327
-0.3661,0.93054,0.00746,-0.29257,0.055,0.05935
-0.37363,0.92609,-0.0524,0.05847,0.37574,0.04154
-0.36974,0.92358,-0.10136,0.11622,0.44069,0.13895
-0.36532,0.92122,-0.13377,0.04455,0.36952,0.21197
-0.36654,0.91775,-0.15287,0.01878,0.09786,0.6142
-0.37246,0.91095,-0.17728,0.00772,0.02829,0.61561
-0.37523,0.90001,-0.22174,0.08603,0.00602,0.43738
-0.37734,0.88357,-0.27732,0.02538,-0.03044,0.33705
-0.37861,0.86195,-0.33718,-0.0062,-0.03877,0.33502
-0.38373,0.83712,-0.38984,-0.14308,-0.09533,0.32161
-0.3875,0.81257,-0.43538,-0.10677,-0.25703,0.21117
-0.3859,0.79156,-0.47381,0.05174,-0.43349,-0.061
-0.38081,0.77991,-0.49671,0.04339,-0.45071,0.03361
-0.37853,0.7785,-0.50065,-0.0354,-0.34039,0.15756
-0.37324,0.78329,-0.49714,0.00172,-0.29455,0.24474
-0.36698,0.79194,-0.48801,0.10764,-0.38345,0.23712
-0.3632,0.80299,-0.47254,0.06587,-0.37676,0.15253
-0.36115,0.81808,-0.44756,0.06943,-0.33109,-0.1047
-0.36433,0.83699,-0.40829,0.09629,-0.2031,-0.217
-0.37624,0.85456,-0.358,-0.01844,-0.04374,-0.28584
-0.39343,0.86218,-0.31914,-0.45376,0.87541,-0.51068
-0.40315,0.85739,-0.31992,-0.482,0.5329,-0.72122
-0.40875,0.84399,-0.34727,0.02937,-0.17256,-0.40117
-0.41149,0.83697,-0.36077,0.5875,-0.45995,-0.37848
-0.41262,0.84424,-0.34206,0.72132,-0.07682,0.20565
-0.4017,0.86208,-0.30894,0.15904,0.51084,0.33033
-0.38615,0.87706,-0.28572,-0.57013,0.81889,0.18997
-0.37898,0.88436,-0.27254,-0.28043,-0.21242,0.37373
-0.38145,0.88442,-0.26887,-0.0734,-0.48876,0.33346
-0.38776,0.88098,-0.27112,0.16271,-0.60364,0.4253
-0.39465,0.88454,-0.24866,0.12021,-0.11603,0.32307
-0.40784,0.89089,-0.19995,0.15561,0.38405,0.41924
-0.41778,0.8959,-0.15105,0.16007,0.5246,0.5062
-0.41384,0.90244,-0.11973,0.17283,0.38446,0.27392
-0.40156,0.91081,-0.09569,0.19706,0.20588,0.30564
-0.38813,0.91864,-0.07384,0.05326,0.05208,0.24741
-0.37876,0.92419,-0.04899,-0.08665,-0.10864,0.10688
-0.3764,0.92619,-0.02208,-0.06499,-0.21041,-0.0189
-0.37761,0.92595,-0.00236,-0.0736,-0.21033,-0.0607
-0.37912,0.92533,0.0038,0.02111,-0.08904,-0.16991
-0.38039,0.9248,0.006,0.12102,-0.0043,-0.09977
-0.37961,0.92497,0.01739,0.12025,-0.00447,-0.11116
-0.37785,0.92513,0.03687,0.19689,-0.0621,0.13665
-0.37707,0.92439,0.05746,0.1022,-0.0965,0.17083
-0.37663,0.92319,0.07655,0.06645,-0.11787,0.09638
-0.37633,0.92148,0.09607,0.01254,-0.10021,-0.04044
-0.37648,0.91899,0.11712,-0.06604,-0.00245,-0.1813
-0.37751,0.91554,0.13879,-0.08345,0.00788,-0.23938
-0.37917,0.91201,0.15637,0.06901,0.06127,-0.28216
-0.3803,0.90993,0.16546,0.49085,0.31515,-0.06764
-0.38223,0.90939,0.16398,0.4852,0.40241,0.02458
-0.38558,0.90914,0.1574,-0.06546,0.38096,-0.13604
-0.38404,0.91068,0.1522,-0.26332,0.07397,-0.40111
-0.38283,0.91301,0.14084,-0.01196,0.04393,-0.45795
-0.38682,0.91409,0.12162,0.22434,0.21118,-0.18282
-0.39308,0.91497,0.09114,0.13636,0.26806,0.22626
-0.39834,0.91592,0.04904,-0.0069,0.28016,0.25555
-0.40407,0.91472,-0.00038,-0.38417,0.21283,0.14564
-0.41138,0.90973,-0.05602,-0.33053,0.06831,0.08109
-0.41669,0.90259,-0.10813,-0.25881,0.07504,0.02933
-0.41409,0.89806,-0.14837,-0.06745,0.37923,0.22244
-0.40957,0.89462,-0.17861,-0.04254,0.3339,0.28691
-0.40703,0.8906,-0.20287,-0.0815,0.14142,0.48719
-0.40399,0.88428,-0.23416,-0.02939,0.16934,0.45619
-0.40483,0.87475,-0.2663,-0.03689,0.08246,0.61229
-0.4069,0.85983,-0.30841,-0.03086,-0.09863,0.48897
-0.40934,0.83963,-0.35701,-0.1059,-0.19423,0.39329
-0.41634,0.81694,-0.39908,-0.18455,-0.278,0.32394
-0.42331,0.79615,-0.43238,-0.11839,-0.27233,0.2452
-0.42938,0.78033,-0.45466,-0.02159,-0.2398,0.24209
-0.43283,0.77071,-0.46761,0.02363,-0.25518,0.23445
-0.43417,0.76728,-0.47198,0.03361,-0.25097,0.16766
-0.43441,0.76902,-0.46892,0.09964,-0.25976,0.13999
-0.43474,0.77409,-0.4602,0.00515,-0.21965,0.14782
-0.43279,0.78302,-0.44673,-0.02836,-0.26872,0.10945
-0.4287,0.79609,-0.42715,-0.00091,-0.3024,0.00409
-0.42422,0.81341,-0.39799,0.08575,-0.26286,-0.10195
-0.42158,0.83214,-0.36029,0.07812,0.04213,-0.20934
-0.42305,0.84699,-0.32191,-0.14014,0.80636,-0.23193
-0.42689,0.84884,-0.31181,-0.63859,0.59234,-0.44487
-0.42383,0.83416,-0.35291,-0.45017,-0.21849,-0.75248
-0.42141,0.81957,-0.38823,0.42009,-0.9742,-0.60062
-0.42797,0.82003,-0.37999,0.17177,0.34841,0.48359
-0.42856,0.83641,-0.34169,-0.07538,0.89446,0.5208
-0.42517,0.85234,-0.30452,-0.39615,0.49896,0.31717
-0.41731,0.86067,-0.29169,-0.02863,-0.26767,-0.06515
-0.40948,0.86261,-0.29701,0.08474,-0.45032,-0.05119
-0.40598,0.86193,-0.30372,0.17237,-0.3971,0.38864
-0.39876,0.87006,-0.2898,-0.0414,-0.11047,0.50497
-0.3971,0.8834,-0.24881,-0.01187,0.02204,0.4627
-0.39636,0.89483,-0.20535,0.12715,0.23301,0.32839
-0.39174,0.90194,-0.18174,0.12197,0.22347,0.0913
-0.38617,0.9068,-0.16902,0.09216,0.08769,0.07858
-0.37358,0.91435,-0.15615,0.05295,-0.07352,0.10094
-0.35701,0.92434,-0.13463,0.03157,-0.07208,0.0858
-0.34812,0.93237,-0.09735,0.01102,-0.02867,0.19143
-0.34449,0.93688,-0.0598,0.0124,0.05934,0.25745
-0.34181,0.93911,-0.035,0.02532,0.05929,0.21688
-0.33873,0.94066,-0.01988,0.02152,0.03846,0.13997
-0.3344,0.94237,-0.0105,0.03034,0.00765,0.01507
-0.33021,0.9439,-0.00078,0.05224,0.03632,-0.00112
-0.32731,0.94483,0.01215,0.04734,0.04243,0.0424
-0.32508,0.9453,0.02684,0.06067,-0.01096,0.12235
-0.32316,0.94544,0.04117,0.07217,-0.03934,0.10733
-0.32111,0.94547,0.05437,0.07513,-0.0678,0.06871
-0.31818,0.94559,0.06785,0.00745,-0.09229,0.00045
-0.31752,0.94472,0.08172,0.00073,-0.1079,-0.0442
-0.31573,0.94378,0.09786,0.02047,-0.0778,-0.09145
-0.31413,0.94231,0.1156,0.06962,0.08958,-0.08155
-0.31451,0.93982,0.13345,0.08822,0.06075,-0.07526
-0.31488,0.93767,0.14698,0.13414,0.11264,-0.12604
-0.31401,0.93699,0.15309,0.16001,0.138,-0.10127
-0.31304,0.93723,0.15361,-0.13064,0.16432,-0.10857
-0.31527,0.9364,0.15408,-0.32145,0.15066,-0.22543
-0.31659,0.93635,0.15167,-0.17517,0.08341,-0.40259
-0.31876,0.9367,0.14481,-0.01532,0.14025,-0.38448
-0.32558,0.9357,0.13578,0.07555,0.20539,-0.11146
-0.33503,0.93466,0.1189,0.14695,0.26732,0.0798
-0.34325,0.93502,0.08886,0.12051,0.19123,0.1128
-0.34899,0.93586,0.04854,-0.02195,0.06295,0.15309
-0.35685,0.93415,0.00128,-0.27155,0.08404,0.15764
-0.36841,0.9282,-0.05196,-0.30001,0.12841,0.08402
-0.37732,0.92016,-0.10451,-0.21954,0.19415,0.05614
-0.37649,0.91347,-0.1543,0.06184,0.21446,0.05645
-0.36978,0.9089,-0.19273,0.17821,0.21775,0.19182
-0.36964,0.90353,-0.21676,0.05264,0.19013,0.42954
-0.37832,0.89452,-0.23812,-0.12034,0.11961,0.49187
-0.38603,0.88208,-0.27002,-0.07445,-0.04634,0.38901
-0.39138,0.8657,-0.31203,-0.06792,-0.0485,0.41727
-0.397,0.84611,-0.35564,-0.02568,-0.05999,0.35129
-0.402,0.82439,-0.39846,-0.11234,-0.14799,0.24931
-0.40935,0.80399,-0.43131,-0.09831,-0.1263,0.25933
-0.41847,0.7874,-0.45264,-0.0542,-0.08223,0.26553
-0.4255,0.77486,-0.46748,-0.06212,-0.03063,0.18598
-0.42786,0.76647,-0.47902,-0.06737,-0.05951,0.14574
-0.42652,0.76222,-0.48692,-0.01991,-0.19412,0.09651
-0.42425,0.76131,-0.49033,0.09751,-0.27264,0.15103
-0.42418,0.76333,-0.48723,0.06881,-0.24259,0.16468
-0.42415,0.76967,-0.47718,0.0719,-0.20959,0.18988
-0.42291,0.78069,-0.46007,0.04003,-0.20192,0.1821
-0.42044,0.79564,-0.4361,0.0363,-0.21332,0.13092
-0.41648,0.81339,-0.40612,0.03946,-0.1941,-0.01008
-0.41288,0.83142,-0.37183,-0.02246,0.18913,-0.26653
-0.41268,0.845,-0.34009,-0.08277,0.46454,-0.36407
-0.41244,0.84617,-0.33746,-0.42568,0.00269,-0.68486
-0.40623,0.83241,-0.37691,-0.21703,-0.50331,-0.87076
-0.40489,0.82047,-0.40359,0.11326,-0.79682,-0.64393
-0.41401,0.81889,-0.3975,0.39826,-0.28615,0.40095
-0.41526,0.83244,-0.36687,-0.07637,0.67711,0.39372
-0.40872,0.8489,-0.33513,-0.4375,0.98496,0.21443
-0.4055,0.85977,-0.31039,-0.39338,0.42099,0.19435
-0.40136,0.86612,-0.29789,-0.02935,-0.51898,0.17759
-0.39362,0.86669,-0.30644,0.21406,-0.69356,0.3025
-0.3828,0.87152,-0.30643,0.09759,-0.21252,0.49755
-0.37982,0.88404,-0.27239,-0.02544,0.09127,0.41695
-0.38372,0.89629,-0.2223,0.00661,0.19949,0.35907
-0.38209,0.90476,-0.18818,0.057,0.30562,0.02146
-0.37433,0.91158,-0.16994,0.09879,0.12486,0.07889
-0.3579,0.92077,-0.15516,0.10951,0.04414,0.07759
-0.3387,0.93163,-0.13169,-0.07165,-0.06914,0.22553
-0.32734,0.93944,-0.10144,-0.08894,-0.09471,0.26329
-0.32201,0.94367,-0.076,-0.04458,-0.04516,0.18867
-0.32036,0.94531,-0.0612,0.06455,0.05423,0.13105
-0.3178,0.94661,-0.05395,0.08844,0.07058,0.07729
-0.3132,0.94855,-0.04642,0.0813,0.03343,0.05362
-0.30912,0.95048,-0.03194,0.06613,-0.03387,0.10863
-0.30556,0.95207,-0.01337,0.06651,-0.06108,0.12255
-0.30194,0.95331,0.0047,0.08049,-0.0516,0.13529
-0.2988,0.95404,0.02247,0.05917,-0.0635,0.09244
-0.29607,0.95431,0.04024,0.04185,-0.10932,0.05456
-0.29291,0.95436,0.05817,0.0352,-0.11104,-0.05042
-0.2914,0.9535,0.07685,0.05538,-0.01094,-0.05411
-0.28995,0.95201,0.09791,0.06225,0.08695,-0.05157
-0.28773,0.9503,0.11881,0.05946,0.022,-0.12588
-0.2854,0.94918,0.13263,0.08247,0.10587,-0.21851
-0.28398,0.94894,0.13729,0.142,0.23368,-0.21879
-0.28467,0.94858,0.13835,-0.07742,0.21142,-0.05456
-0.28822,0.94721,0.14036,-0.43142,0.10143,-0.04611
-0.29097,0.94684,0.13717,-0.42867,0.10181,-0.04291
-0.29427,0.94704,0.12846,-0.13575,0.18069,-0.22294
-0.30072,0.94668,0.11556,0.06644,0.40586,0.05377
-0.30751,0.94702,0.09261,0.14409,0.3041,0.1297
-0.31171,0.94839,0.05815,0.14273,0.0859,0.11183
-0.31787,0.94803,0.0136,-0.20738,-0.11938,0.12066
-0.33024,0.94314,-0.03765,-0.2679,-0.1283,0.13831
-0.34769,0.93286,-0.09415,-0.28521,-0.06856,0.17747
-0.35875,0.92104,-0.15155,-0.12274,0.14959,0.04011
-0.36221,0.90976,-0.20279,0.26962,0.26777,0.14514
-0.36447,0.89962,-0.2405,0.25821,0.3493,0.25098
-0.37225,0.89031,-0.26224,-0.04874,0.30456,0.48674
-0.38021,0.87843,-0.28948,-0.07794,0.00932,0.40578
-0.38504,0.86096,-0.33239,-0.12503,-0.09184,0.41159
-0.38876,0.83789,-0.38314,-0.14808,-0.14975,0.29307
-0.3921,0.81182,-0.43267,-0.08721,-0.0609,0.08788
-0.39762,0.78721,-0.47137,-0.04614,-0.01747,0.11126
-0.40323,0.76731,-0.49864,0.01994,-0.0522,0.16147
-0.40801,0.75204,-0.51764,0.02314,-0.14022,0.21853
-0.41226,0.74045,-0.53082,-0.06664,-0.18053,0.24014
-0.41501,0.73391,-0.53771,-0.06837,-0.18757,0.22271
-0.41706,0.7333,-0.53695,0.10146,-0.26431,0.2689
-0.41909,0.73714,-0.53008,0.14202,-0.28621,0.2668
-0.42041,0.74532,-0.51744,0.09337,-0.23804,0.23576
-0.41989,0.75869,-0.49807,0.04979,-0.27619,0.15661
-0.41678,0.77743,-0.47105,0.00559,-0.28881,0.06925
-0.41017,0.80195,-0.43432,0.00395,-0.2397,-0.11446
-0.40426,0.82668,-0.39137,-0.02445,0.4191,-0.39836
-0.40182,0.84261,-0.35853,-0.04457,0.77725,-0.50428
-0.39533,0.83962,-0.37247,-0.30337,1.05044,-0.68307
-0.39542,0.82373,-0.40633,-0.02796,-0.43945,-0.46121
-0.403,0.81421,-0.41792,0.27931,-0.61042,-0.23186
-0.40204,0.82191,-0.4035,0.29059,0.25876,0.52475
-0.38746,0.8426,-0.37403,-0.06712,0.65087,0.51337
-0.37188,0.85938,-0.35096,-0.64464,0.5027,0.48705
-0.36377,0.86486,-0.34594,-0.2693,-0.35328,0.2328
-0.36227,0.86453,-0.34832,-0.05542,-0.43253,0.21824
-0.36288,0.86819,-0.33845,0.09677,-0.31189,0.30549
-0.3686,0.87791,-0.30561,0.02157,-0.06231,0.25183
-0.37868,0.88778,-0.26161,-0.03954,0.28099,0.30119
-0.37811,0.89665,-0.23029,-0.0149,0.48024,0.12784
-0.36658,0.90704,-0.20708,0.20938,0.08242,0.29824
-0.34654,0.9185,-0.19042,0.12901,-0.07637,0.29042
-0.32823,0.92899,-0.17095,0.07149,-0.16251,0.29445
-0.31886,0.9364,-0.14652,-0.05707,-0.00595,0.23349
-0.31733,0.9401,-0.12447,-0.06363,0.02285,0.12055
-0.31587,0.94232,-0.11062,-0.05034,0.00351,0.09599
-0.31247,0.94419,-0.10413,0.02376,0.12311,0.09658
-0.30916,0.94612,-0.09622,0.02952,0.13588,0.15964
-0.30682,0.94815,-0.0828,0.01545,0.10072,0.21103
-0.30491,0.94987,-0.06892,-0.00852,-0.03427,0.15256
-0.30242,0.95145,-0.05716,-0.00267,-0.01755,0.00328
-0.29879,0.95313,-0.04752,0.02552,-0.00336,-0.03469
-0.29598,0.95446,-0.03728,-0.01176,-0.0002,-0.05099
-0.29583,0.95487,-0.02628,0.04061,-0.02563,-0.06567
-0.29462,0.9555,-0.01411,0.0394,-0.02626,-0.07784
-0.2935,0.95595,-0.00215,0.07576,0.05342,0.03548
-0.29502,0.95543,0.00957,-0.06647,0.04971,-0.048
-0.29674,0.9547,0.02191,-0.09997,0.07124,-0.09526
-0.29768,0.95408,0.03312,-0.10103,0.18058,-0.12448
-0.2998,0.95301,0.04324,-0.06998,0.25327,-0.09875
-0.30452,0.95124,0.04897,-0.09268,0.32666,-0.05402
-0.31056,0.94926,0.04945,-0.13312,0.34133,-0.01682
-0.31745,0.94721,0.04481,-0.15438,0.37291,0.13463
-0.32221,0.94624,0.02838,-0.12004,0.25459,0.19629
-0.32307,0.94635,0.00589,-0.34443,0.07213,0.16968
-0.32877,0.94429,-0.01461,-0.31341,0.09186,0.03306
-0.34074,0.93909,-0.04465,-0.18047,0.12663,0.04161
-0.35164,0.93199,-0.08792,0.11404,0.24613,0.06253
-0.35884,0.92248,-0.14232,0.10637,0.22993,0.10862
-0.36499,0.90925,-0.20006,0.0532,0.25765,0.17554
-0.37236,0.89244,-0.25473,0.03074,0.30336,0.29351
-0.37602,0.87464,-0.30593,0.02512,0.26676,0.30864
-0.38085,0.85492,-0.35222,0.04576,0.23037,0.35072
-0.38305,0.82725,-0.41101,-0.18453,-0.02694,0.21679
-0.3878,0.79059,-0.47389,-0.17707,-0.15361,0.30024
-0.39575,0.74731,-0.53376,-0.18868,-0.25387,0.25195
-0.40394,0.70094,-0.5878,-0.03493,-0.1114,0.18502
-0.41056,0.65131,-0.63814,0.03201,-0.02418,0.2149
-0.41899,0.5992,-0.6822,0.13175,0.10608,0.26701
-0.43183,0.54622,-0.71775,0.02307,-0.00597,0.15232
-0.44544,0.49426,-0.74651,-0.03278,-0.00557,0.15523
-0.45861,0.44554,-0.76887,-0.01548,0.00057,0.25354
-0.46941,0.40022,-0.78707,0.00997,-0.03901,0.30408
-0.4787,0.3598,-0.80086,0.01908,-0.12403,0.28794
-0.48536,0.32839,-0.8103,-0.00683,-0.08308,0.27803
-0.49046,0.30634,-0.81585,0.04551,-0.09918,0.25678
-0.49532,0.29176,-0.81825,0.07268,-0.10363,0.22989
-0.49744,0.28312,-0.82,0.05589,-0.05691,0.2149
-0.4976,0.28158,-0.82043,0.05159,-0.15673,0.17302
-0.49667,0.28774,-0.81885,0.06108,-0.15934,0.1341
-0.49457,0.3003,-0.81561,0.06366,-0.13738,0.11348
-0.49061,0.31887,-0.81094,-0.02553,-0.07797,0.04746
-0.48576,0.34303,-0.80397,-0.10529,-0.01981,-0.17596
-0.48391,0.36796,-0.794,-0.15655,0.05048,-0.12508
-0.48703,0.39322,-0.77986,-0.11272,0.05347,0.00569
-0.48118,0.41031,-0.77467,-0.96005,1.47229,-0.95969
-0.49976,0.41669,-0.75934,0.16602,0.30521,-0.00652
-0.48964,0.44479,-0.74994,0.01764,-0.37241,0.25122
-0.48287,0.48558,-0.72873,-0.21172,0.024,0.04068
-0.4717,0.52594,-0.70773,-0.16109,0.81398,0.21113
-0.45866,0.56371,-0.68691,-0.21969,0.45871,0.30894
-0.45121,0.59507,-0.66505,-0.05256,-0.15124,0.18547
-0.44414,0.62875,-0.63828,0.05662,-0.17504,0.17451
-0.43822,0.66309,-0.60685,0.08009,0.03469,0.13109
-0.43252,0.69605,-0.57309,0.00985,0.11572,0.17907
-0.42858,0.72702,-0.53643,-0.04267,0.07286,0.13164
-0.42315,0.75755,-0.49705,-0.07737,-0.04581,0.12166
-0.41029,0.78817,-0.45873,0.07864,-0.22157,0.10141
-0.39618,0.817,-0.41898,0.13597,-0.25541,0.06473
-0.38616,0.84184,-0.37705,0.19473,-0.17142,0.07535
-0.37749,0.86402,-0.33311,0.13976,-0.02193,0.10725
-0.3678,0.88376,-0.28928,0.10074,-0.01523,0.05444
-0.35724,0.90018,-0.24909,-0.03523,-0.09047,0.03199
-0.34573,0.91436,-0.21069,-0.09259,-0.14929,0.04809
-0.33816,0.92495,-0.17347,-0.05293,-0.173,0.05142
-0.33498,0.9316,-0.14103,0.01924,-0.15963,0.0177
-0.33344,0.93636,-0.10965,0.0464,0.0745,0.06979
-0.33433,0.93907,-0.0797,-0.00432,0.15505,0.0564
-0.33511,0.94064,-0.0536,-0.01928,0.01645,-0.09856
-0.33315,0.94219,-0.03566,-0.00523,0.02284,-0.17023
-0.33084,0.94336,-0.02448,0.09989,0.31691,-0.12301
-0.32991,0.94378,-0.02031,0.0415,0.18106,-0.10106
-0.32924,0.94406,-0.01807,-0.01524,0.09622,-0.06007
-0.32681,0.94498,-0.01346,-0.03449,0.14158,0.02152
-0.32438,0.9459,-0.0049,-0.20037,0.20849,0.11869
-0.32474,0.94579,0.00289,-0.2236,0.18451,0.10858
-0.32907,0.94426,0.00805,-0.18222,0.28976,0.06729
-0.33598,0.94183,0.00802,-0.00217,0.47347,0.13251
-0.34224,0.9396,-0.00187,-0.09555,0.50112,0.23247
-0.34451,0.93853,-0.02137,-0.2852,0.36338,0.18307
-0.35064,0.93583,-0.03533,-0.25827,-0.12474,-0.03331
-0.36657,0.92877,-0.0547,-0.14568,0.09288,0.02519
-0.38139,0.91976,-0.09254,-0.0593,0.25895,0.02106
-0.39753,0.90484,-0.15236,0.09457,0.35451,-0.03659
-0.41361,0.88247,-0.22396,0.12426,0.24384,0.03859
-0.42257,0.85875,-0.28978,0.11245,0.30751,0.17562
-0.42643,0.83732,-0.3421,0.05421,0.23993,0.19415
-0.42969,0.81602,-0.38661,-0.02097,0.17543,0.29179
-0.42895,0.78909,-0.43968,-0.12964,-0.01662,0.33508
-0.42507,0.75592,-0.49789,-0.12198,-0.16766,0.24229
-0.42616,0.71513,-0.55404,0.04518,-0.29419,0.23614
-0.43028,0.6699,-0.60505,0.08967,-0.21595,0.23365
-0.43572,0.62377,-0.64889,0.08695,-0.11266,0.21851
-0.44437,0.57864,-0.68389,0.08385,-0.02952,0.28193
-0.45403,0.53355,-0.71356,0.07055,-0.01442,0.23557
-0.46376,0.48929,-0.73859,0.00865,-0.03765,0.28032
-0.47333,0.44622,-0.7595,0.0792,-0.03664,0.24943
-0.48026,0.40759,-0.77667,0.09913,-0.06203,0.26237
-0.48564,0.37614,-0.78909,0.09377,-0.12659,0.2742
-0.48933,0.35282,-0.79754,0.0642,-0.1642,0.21331
-0.489,0.34004,-0.80327,0.08341,-0.16397,0.24301
-0.4858,0.33962,-0.80539,-0.01649,-0.0857,0.22009
-0.4811,0.35076,-0.80343,-0.01688,-0.08012,0.09272
-0.4772,0.36982,-0.79719,0.00212,-0.09141,0.04122
-0.47289,0.39583,-0.7872,0.05843,-0.06115,-0.0842
-0.46955,0.42654,-0.77303,0.00723,0.14315,-0.38335
-0.47016,0.4536,-0.75709,0.00033,0.20785,-0.4594
-0.46234,0.46772,-0.75331,-0.73107,1.29334,-0.59334
-0.47393,0.48084,-0.73768,0.25051,-0.13987,0.29536
-0.46103,0.51253,-0.7244,0.33043,-0.52906,0.73516
-0.45396,0.55481,-0.6972,-0.1632,-0.02561,0.12
-0.44543,0.58752,-0.67558,-0.45068,0.68773,0.26171
-0.43865,0.61958,-0.65093,-0.48001,0.32635,0.27227
-0.43388,0.64989,-0.62401,-0.00525,-0.09104,0.21971
-0.42957,0.68166,-0.59228,0.0006,0.02959,0.23356
-0.42865,0.7112,-0.55718,-0.0007,0.04262,0.20495
-0.4274,0.73806,-0.5221,-0.00867,0.06082,0.06283
-0.42026,0.76619,-0.48613,0.07261,-0.03426,0.04362
-0.40719,0.79628,-0.44735,0.14911,-0.12069,0.04599
-0.39321,0.82303,-0.40987,0.26103,-0.20502,0.1256
-0.37912,0.84659,-0.37354,0.25202,-0.18073,0.10797
-0.36817,0.86713,-0.33543,0.15751,-0.10023,0.10151
-0.36005,0.88344,-0.29982,-0.0599,-0.0869,0.09749
-0.35442,0.89577,-0.26826,-0.06842,-0.20596,0.08959
-0.35299,0.90436,-0.2398,-0.05631,-0.20557,0.07372
-0.3559,0.90971,-0.21388,-0.00962,0.13273,0.05963
-0.35813,0.91357,-0.19265,0.05628,0.12931,0.01467
-0.35563,0.91834,-0.17367,0.12768,0.12098,-0.01686
-0.35291,0.92245,-0.15661,0.11821,0.046,0.01256
-0.35115,0.92577,-0.14009,0.04341,0.02314,-0.0036
-0.3502,0.92858,-0.12277,-0.02589,0.1074,0.00355
-0.35,0.93076,-0.10565,-0.00439,0.07168,0.02385
-0.34834,0.93301,-0.09023,0.04737,-0.05552,0.03368
-0.34806,0.93422,-0.07795,0.03578,-0.05206,0.01406
-0.34845,0.93495,-0.06659,0.01921,0.11212,0.05522
-0.34747,0.93606,-0.05511,0.06101,0.13858,0.01446
-0.34469,0.93777,-0.04192,0.06431,0.04325,-0.00392
-0.34322,0.9388,-0.02883,-0.06947,0.0578,-0.01478
-0.34356,0.93898,-0.01626,-0.08977,0.11357,0.00233
-0.34447,0.93878,-0.0041,-0.07202,0.23462,0.03942
-0.34676,0.93793,0.00425,-0.0608,0.45371,0.14711
-0.34977,0.93682,0.00148,-0.24038,0.49998,0.1447
-0.35447,0.935,-0.01034,-0.37906,0.38503,0.08233
-0.362,0.93194,-0.02058,-0.35356,0.05018,0.03096
-0.3699,0.92842,-0.03438,-0.09265,0.15658,0.12593
-0.37756,0.92404,-0.05985,-0.06774,0.17464,0.11516
-0.38516,0.91799,-0.09448,-0.09753,0.16828,0.02105
-0.39394,0.90886,-0.13698,-0.09387,0.0896,-0.03404
-0.40301,0.895,-0.19117,-0.06111,0.08451,-0.00666
-0.40952,0.8769,-0.25165,-0.00485,0.08347,0.0549
-0.41225,0.85747,-0.30786,-0.00195,0.15818,0.11667
-0.41365,0.83796,-0.35596,-0.04708,0.18258,0.15622
-0.41403,0.81569,-0.40401,-0.09354,0.04746,0.2591
-0.4142,0.78969,-0.45256,-0.1371,-0.2089,0.32283
-0.41556,0.75856,-0.50188,-0.11586,-0.15055,0.27349
-0.41853,0.72077,-0.55255,-0.03878,-0.08657,0.19202
-0.4229,0.68127,-0.59751,-0.03552,-0.02548,0.17385
-0.42941,0.64019,-0.63699,-0.0342,0.023,0.17621
-0.43503,0.5976,-0.67351,-0.00295,-0.04221,0.17531
-0.44181,0.55479,-0.70498,-0.00942,-0.03888,0.18835
-0.45073,0.51236,-0.73098,-0.02983,0.00084,0.17385
-0.46099,0.47102,-0.75208,-0.00582,-0.08745,0.18958
-0.47131,0.43189,-0.76898,0.03523,-0.08855,0.21721
-0.4812,0.39609,-0.78202,0.05275,-0.04585,0.21511
-0.48984,0.36568,-0.79141,0.00928,-0.09772,0.23325
-0.49612,0.34304,-0.79761,-0.00976,-0.08042,0.19327
-0.50209,0.32694,-0.80063,0.01558,-0.08594,0.16405
-0.50604,0.31692,-0.80217,0.06317,-0.13449,0.14131
-0.50808,0.31384,-0.80209,0.11553,-0.21475,0.14809
-0.50773,0.31865,-0.80042,0.04863,-0.19383,0.12552
-0.5077,0.33137,-0.79526,-0.04174,-0.08814,0.01414
-0.50704,0.34989,-0.78771,-0.16148,-0.02102,-0.17749
-0.50794,0.3647,-0.78038,-0.25495,-0.04671,-0.03682
-0.51341,0.37742,-0.77069,-0.50548,0.25467,-0.15157
-0.52131,0.38286,-0.76266,-0.52411,0.77891,-0.51253
-0.52727,0.39923,-0.75006,0.46445,-0.015,0.29952
-0.50431,0.44079,-0.74254,-0.1867,-0.24022,0.19509
-0.49601,0.47645,-0.72592,-0.42023,0.60786,0.1736
-0.48567,0.50785,-0.71148,-0.15798,0.53995,0.21704
-0.47725,0.5399,-0.69334,-0.00024,0.04679,0.19133
-0.46663,0.57347,-0.67334,0.02604,0.03577,0.13534
-0.45615,0.60854,-0.64931,0.01784,0.17644,0.12479
-0.4461,0.64279,-0.62275,0.0447,0.20859,0.12194
-0.43633,0.67668,-0.59306,0.03966,0.09415,0.11641
-0.42684,0.70967,-0.56051,0.02114,0.0035,0.09504
-0.41607,0.74233,-0.52519,0.04982,-0.11648,0.11018
-0.40485,0.77342,-0.48776,0.11115,-0.11935,0.12834
-0.39502,0.8015,-0.44893,0.09728,-0.11051,0.1088
-0.38412,0.82803,-0.40842,0.06239,-0.02561,0.12239
-0.37019,0.85248,-0.36908,0.09595,-0.14209,0.12702
-0.35536,0.8731,-0.33375,0.0645,-0.15799,0.07243
-0.34243,0.89025,-0.3003,0.02298,-0.17727,0.03453
-0.33197,0.90463,-0.26727,-0.03041,-0.13203,0.02394
-0.32497,0.91615,-0.2346,-0.01164,-0.1252,0.06593
-0.31908,0.92537,-0.20459,0.03421,-0.01541,0.12772
-0.31587,0.93171,-0.1792,0.01318,0.00971,0.08156
-0.3147,0.9358,-0.15882,0.0023,0.00933,0.04516
-0.3143,0.93867,-0.14172,0.00191,0.01473,-0.02881
-0.31263,0.94148,-0.1259,0.06833,0.0719,-0.09658
-0.30909,0.94453,-0.11092,0.09894,0.08997,-0.10223
-0.30455,0.94771,-0.09525,0.10744,0.01843,-0.04898
-0.30084,0.95035,-0.07946,-0.05939,0.08336,0.04335
-0.29918,0.95198,-0.06484,-0.09163,0.02512,0.03112
-0.29737,0.95332,-0.05223,-0.11834,-0.04335,-0.0569
-0.29501,0.95462,-0.04069,-0.09278,0.0589,-0.0695
-0.29329,0.95557,-0.02894,-0.02948,0.14939,-0.04041
-0.29309,0.95593,-0.01652,-0.07439,0.27994,0.12726
-0.29655,0.95499,-0.00594,-0.13228,0.3138,0.14112
-0.30337,0.95286,0.00094,-0.20953,0.46674,0.11503
-0.30925,0.95097,0.00176,-0.2599,0.53992,0.17422
-0.31344,0.94957,-0.00651,-0.40028,0.45138,0.11296
-0.31638,0.94848,-0.01661,-0.45824,0.22,0.02474
-0.32485,0.94532,-0.02874,-0.07359,-0.02391,0.0408
-0.33787,0.93952,-0.05583,0.03213,0.13915,0.01483
-0.35146,0.9309,-0.09942,0.01975,0.22862,-0.01333
-0.36873,0.91567,-0.1599,-0.08217,0.12507,-0.08456
-0.38412,0.89376,-0.23156,-0.05678,0.10801,-0.06342
-0.39448,0.87001,-0.29573,0.03164,0.15488,0.02887
-0.40084,0.84878,-0.3448,0.12506,0.21098,0.20854
-0.40347,0.82883,-0.3876,0.07936,0.1226,0.27607
-0.40396,0.80349,-0.43727,-0.05886,-0.02656,0.30791
-0.40595,0.77007,-0.49212,-0.17252,-0.21711,0.35608
-0.40909,0.73051,-0.5468,-0.09268,-0.30178,0.21839
-0.41705,0.68729,-0.59472,0.05264,-0.29933,0.19122
-0.42586,0.64227,-0.63728,0.07183,-0.14471,0.19497
-0.43749,0.59733,-0.67215,0.05309,0.04055,0.25255
-0.44774,0.5523,-0.70319,0.0428,0.0121,0.21537
-0.45902,0.50695,-0.72958,0.00483,-0.02851,0.2794
-0.4691,0.46262,-0.75228,-0.00835,0.00051,0.24666
-0.479,0.42107,-0.77023,-0.00443,0.00759,0.19792
-0.48803,0.38294,-0.78433,0.01313,-0.00217,0.16892
-0.49583,0.35002,-0.79475,0.02104,-0.04681,0.18423
-0.50212,0.32328,-0.8021,0.02505,-0.05227,0.22146
-0.50713,0.3039,-0.80651,0.03295,-0.09894,0.21056
-0.50891,0.29392,-0.80909,0.02548,-0.15821,0.16384
-0.50868,0.29159,-0.81007,0.02314,-0.12876,0.14734
-0.50773,0.29472,-0.80953,0.06756,-0.15768,0.13232
-0.50623,0.304,-0.80704,0.07573,-0.13114,0.05304
-0.50434,0.31958,-0.80219,0.06227,-0.12158,0.0361
-0.4994,0.34193,-0.79604,-0.02789,-0.09257,0.01014
-0.4935,0.36775,-0.78817,-0.19985,0.03816,-0.1254
-0.49145,0.38778,-0.7798,-0.29611,0.1362,-0.24928
-0.49092,0.38999,-0.77904,-0.92563,1.14562,-0.72848
-0.50932,0.39928,-0.76234,0.41313,0.0234,-0.02486
-0.49217,0.43262,-0.75538,0.16879,-0.2477,0.34581
-0.48021,0.47533,-0.73719,-0.41412,0.12624,0.04229
-0.47015,0.50854,-0.72135,-0.28902,0.52648,0.29999
-0.45955,0.54369,-0.70229,-0.23888,0.10074,0.251
-0.45078,0.57862,-0.6797,0.00211,-0.19322,0.2099
-0.44031,0.61663,-0.6526,-0.01489,0.11835,0.19632
-0.43231,0.65323,-0.6216,-0.03012,0.13396,0.17296
-0.42466,0.6881,-0.58836,0.01242,0.09104,0.1013
-0.41749,0.7224,-0.55121,0.04427,-0.02909,0.09151
-0.4079,0.75635,-0.51142,0.04591,-0.09007,0.0797
-0.39445,0.7903,-0.46886,0.08294,-0.17067,0.07373
-0.38051,0.82094,-0.42574,0.15801,-0.11585,0.13568
-0.36653,0.84824,-0.38228,0.13912,-0.09077,0.1243
-0.35155,0.87252,-0.33928,0.07265,-0.11509,0.14473
-0.33833,0.89261,-0.29792,0.00848,-0.15789,0.10539
-0.33014,0.90699,-0.26146,-0.1122,-0.23779,0.08261
-0.32352,0.91812,-0.22886,-0.04718,-0.13711,0.03442
-0.32076,0.92596,-0.19923,-0.02331,-0.10662,0.00465
-0.32052,0.9313,-0.173,0.0082,0.04859,0.076
-0.31764,0.93625,-0.15008,0.05752,0.12006,0.0292
-0.31227,0.94119,-0.12898,0.05564,0.06307,0.01116
-0.30726,0.94532,-0.10926,0.00258,-0.06725,-0.01453
-0.30458,0.94834,-0.08861,-0.04523,0.03205,0.02274
-0.30237,0.95074,-0.06813,-0.03914,0.04697,-0.0143
-0.29919,0.95295,-0.04847,0.00187,-0.01162,-0.05937
-0.29423,0.95526,-0.0295,0.05914,0.02688,-0.05615
-0.29147,0.95648,-0.01296,0.05115,0.12825,-0.01204
-0.29001,0.95701,0.00106,-0.05404,0.09838,-0.06895
-0.28845,0.95737,0.01429,-0.06438,0.06179,-0.10258
-0.28523,0.95808,0.02635,-0.02693,0.22984,-0.02622
-0.28233,0.95865,0.03543,-0.02463,0.26434,0.01713
-0.28395,0.95793,0.04132,-0.21583,0.32466,0.05048
-0.28949,0.95606,0.046,-0.34648,0.37218,0.06379
-0.29477,0.9544,0.04692,-0.18367,0.45061,0.16246
-0.29825,0.95375,0.03723,-0.18423,0.42472,0.11883
-0.30058,0.95348,0.02221,-0.33513,0.16321,0.04506
-0.30578,0.95208,0.0047,-0.24305,-0.01183,0.06626
-0.31629,0.94838,-0.02256,-0.05683,-0.02197,0.10291
-0.32896,0.94232,-0.06158,-0.04022,0.12128,0.12184
-0.34254,0.93284,-0.11159,-0.09801,0.21906,0.05943
-0.35859,0.91705,-0.17441,-0.0655,0.18327,0.02619
-0.37398,0.89413,-0.24627,-0.06319,0.11647,0.1188
-0.38666,0.86812,-0.31121,-0.0469,0.14707,0.14477
-0.39749,0.84184,-0.3651,0.01207,0.13021,0.19179
-0.40416,0.81271,-0.4197,-0.07637,-0.00988,0.26735
-0.41004,0.77995,-0.47279,-0.11313,-0.09488,0.34074
-0.4189,0.74055,-0.52545,-0.15973,-0.17326,0.32011
-0.42661,0.69522,-0.5785,-0.05084,-0.19106,0.13528
-0.43256,0.64812,-0.62676,0.00692,-0.15968,0.17259
-0.44454,0.60062,-0.66456,0.09332,-0.00235,0.19856
-0.4579,0.55066,-0.69792,0.07335,-0.06325,0.23419
-0.4718,0.50137,-0.72528,0.06309,-0.01315,0.26543
-0.48662,0.45243,-0.74733,-0.02607,-0.01116,0.31367
-0.50021,0.40515,-0.76527,0.04084,-0.07116,0.2323
-0.51208,0.36175,-0.77904,0.07214,-0.04548,0.24044
-0.52261,0.32361,-0.78876,0.03685,-0.05687,0.21917
-0.53242,0.29062,-0.79503,0.03896,-0.06334,0.21646
-0.54173,0.26331,-0.79824,0.07784,-0.08544,0.22094
-0.54842,0.24341,-0.79999,0.11037,-0.15121,0.17528
-0.5511,0.23253,-0.80138,0.1156,-0.23955,0.10076
-0.54959,0.2309,-0.80289,0.11025,-0.23154,0.12138
-0.54528,0.23736,-0.80394,0.10975,-0.22319,0.07572
-0.54284,0.24874,-0.80215,0.06911,-0.10353,0.02786
-0.54123,0.26309,-0.79866,0.03464,-0.07418,0.00735
-0.53667,0.28328,-0.79482,-0.05246,-0.08957,-0.0234
-0.52716,0.30983,-0.79126,-0.34048,-0.06777,-0.17405
-0.52128,0.33394,-0.78533,-0.44098,0.02096,-0.20347
-0.52196,0.35093,-0.77743,-0.80972,0.58663,-0.77386
-0.53204,0.36265,-0.76512,-0.4496,0.60712,-0.74155
-0.5391,0.38675,-0.74819,0.42266,0.14997,0.11464
-0.52116,0.42882,-0.7379,-0.54457,0.01634,0.19117
-0.51631,0.46833,-0.717,-0.47852,0.29287,0.17442
-0.50128,0.50771,-0.70068,-0.22545,0.24843,0.15446
-0.48532,0.55058,-0.6792,-0.0043,-0.00757,0.22008
-0.46602,0.59761,-0.65244,0.00324,0.00888,0.19402
-0.44591,0.64572,-0.61984,-0.03122,0.0731,0.25972
-0.42951,0.69073,-0.58173,0.00147,0.01797,0.16168
-0.41535,0.73253,-0.53932,0.02892,-0.06067,0.11693
-0.39904,0.77128,-0.49586,0.04352,-0.12582,0.05928
-0.37945,0.8082,-0.45035,0.06952,-0.19573,0.03452
-0.35804,0.84412,-0.39907,0.07149,-0.28281,0.0702
-0.33633,0.87529,-0.34746,0.08433,-0.28264,0.09491
-0.31388,0.9003,-0.30154,0.07236,-0.23288,0.06966
-0.29512,0.92138,-0.25289,0.01742,-0.13922,0.12159
-0.28393,0.93883,-0.19485,-0.14351,-0.15993,0.22781
-0.27574,0.95041,-0.14377,-0.21686,-0.23178,0.20316
-0.2687,0.95787,-0.10135,-0.25419,-0.17349,0.19719
-0.26235,0.9627,-0.06605,-0.1587,-0.07374,0.17243
-0.25589,0.96602,-0.03618,-0.03348,0.04518,0.18353
-0.24796,0.96869,-0.01119,-0.0577,0.12872,0.17202
-0.23877,0.97103,0.00839,-0.08058,0.12309,0.13001
-0.22766,0.97339,0.02563,-0.11572,-0.04077,0.08976
-0.2163,0.97544,0.04119,-0.07488,-0.00715,0.09989
-0.20535,0.97705,0.05638,-0.06301,0.01672,0.10216
-0.1961,0.97807,0.07003,-0.08267,-0.01839,0.09985
-0.18901,0.97846,0.08281,-0.07888,-0.08869,0.0984
-0.18323,0.9785,0.09452,-0.08465,-0.08873,0.0867
-0.17894,0.97817,0.10555,-0.08086,-0.11418,0.06349
-0.17502,0.97741,0.11837,-0.14642,-0.08759,0.04333
-0.17309,0.97593,0.13256,-0.14835,-0.08611,0.02914
-0.17226,0.97417,0.1459,-0.13184,-0.01099,-0.12805
-0.17214,0.97217,0.15881,-0.00468,-0.0555,-0.10382
-0.17294,0.96992,0.17122,0.01576,-0.01483,-0.07782
-0.17543,0.96783,0.18026,-0.04331,0.07741,-0.08561
-0.17705,0.96666,0.18489,-0.07434,0.1296,-0.09058
-0.17636,0.96561,0.19096,-0.19705,0.07585,-0.05664
-0.17655,0.96414,0.1981,-0.32884,-0.01997,-0.11212
-0.17772,0.96281,0.20343,-0.21708,-0.02104,-0.1985
-0.17939,0.96188,0.20637,-0.12742,0.02726,-0.18136
-0.18167,0.96091,0.20883,-0.02731,0.08823,-0.19499
-0.18463,0.9602,0.2095,-0.03113,0.10806,-0.18586
-0.18895,0.96016,0.2058,-0.02999,0.1578,-0.12931
-0.19432,0.96141,0.19469,-0.14682,0.30078,0.03397
-0.20058,0.96416,0.1736,-0.18522,0.23813,0.06962
-0.20658,0.96823,0.14082,-0.24429,0.08272,0.17742
-0.21606,0.9718,0.09428,-0.41355,-0.11987,0.13451
-0.23547,0.97115,0.03719,-0.43092,-0.07395,0.11433
-0.26371,0.96417,-0.02834,-0.73278,0.17348,-0.01641
-0.28148,0.9551,-0.09243,-0.47524,0.1926,0.05451
-0.28995,0.9458,-0.1462,-0.2767,0.07555,0.2206
-0.29605,0.93535,-0.19355,-0.13799,0.15416,0.3301
-0.30642,0.9235,-0.23074,-0.0195,0.17858,0.56338
-0.31951,0.90707,-0.27407,0.00352,0.05646,0.35784
-0.33254,0.88286,-0.3316,-0.08262,-0.14653,0.17498
-0.34555,0.85315,-0.39078,-0.13364,-0.28997,0.00755
-0.35822,0.82399,-0.43899,-0.10612,-0.31735,0.07131
-0.37599,0.79952,-0.46839,-0.03106,-0.26622,0.23758
-0.39624,0.77945,-0.48522,0.02212,-0.19995,0.26819
-0.4151,0.76376,-0.49432,0.03041,-0.17909,0.18224
-0.43067,0.75406,-0.49589,0.06276,-0.19675,0.10307
-0.44335,0.75135,-0.48878,0.08443,-0.2152,0.09904
-0.45053,0.75478,-0.47678,0.04151,-0.24587,0.04264
-0.45106,0.76275,-0.46341,0.01842,-0.2707,-0.01961
-0.44663,0.77452,-0.44791,0.0179,-0.30101,-0.05996
-0.43906,0.78976,-0.42837,0.04819,-0.27378,-0.06454
-0.43002,0.80779,-0.40318,0.05383,-0.25421,-0.0925
-0.41976,0.82758,-0.37268,0.0723,-0.14614,-0.14915
-0.4071,0.84779,-0.33985,0.08919,0.01974,-0.28845
-0.39169,0.86652,-0.30936,0.18542,0.29896,-0.39067
-0.37768,0.87958,-0.28928,-0.18496,0.35016,-0.46421
-0.37032,0.88084,-0.29491,-0.73074,-0.12463,-0.5233
-0.3706,0.87321,-0.31646,-0.7101,-0.40692,-0.48222
-0.37175,0.8689,-0.32681,-0.40018,-0.62852,-0.36041
-0.3737,0.87074,-0.3196,-0.13345,-0.21948,0.05596
-0.37357,0.87959,-0.29454,-0.09092,0.11048,0.10426
-0.36983,0.89438,-0.25157,-0.34101,0.53532,0.23839
-0.36615,0.90715,-0.20737,-0.76793,0.22682,0.2695
-0.36146,0.91282,-0.18997,-0.54965,-0.0765,0.19916
-0.3592,0.91192,-0.19837,-0.09206,-0.32471,0.06119
-0.35691,0.91204,-0.20193,0.18252,-0.17924,0.34633
-0.34882,0.92116,-0.17255,0.0476,-0.04408,0.36336
-0.3369,0.93386,-0.11994,-0.0799,0.03732,0.37017
-0.32057,0.94417,-0.07588,-0.0708,0.1525,0.07657
-0.30184,0.95225,-0.04574,-0.12591,0.06832,0.03418
-0.28334,0.95867,-0.02544,-0.21893,-0.13274,0.02723
-0.26658,0.96378,-0.00546,-0.24533,-0.15934,0.02679
-0.25326,0.96724,0.01702,-0.27668,-0.13116,0.03095
-0.24564,0.96874,0.03429,-0.11687,-0.01947,-0.00415
-0.24299,0.96899,0.04462,-0.07543,0.02665,0.04559
-0.243,0.96827,0.05804,-0.0619,0.11794,0.2181
-0.24296,0.96695,0.07716,-0.04717,0.15083,0.38014
-0.2408,0.9656,0.09799,0.02614,0.07098,0.27918
-0.23732,0.96446,0.11608,0.04622,0.06278,0.17639
-0.23417,0.96341,0.13026,0.03669,0.05117,0.01314
-0.23293,0.96226,0.14059,-0.06317,0.02074,-0.05108
-0.23317,0.9607,0.15049,-0.06398,-0.03558,-0.02502
-0.23523,0.9587,0.1598,0.0811,-0.04971,-0.05643
-0.23768,0.95717,0.1652,0.10893,0.02303,-0.09016
-0.24132,0.9562,0.16555,0.12393,0.07065,-0.11875
-0.24633,0.9548,0.16625,0.06064,-0.01927,-0.17177
-0.25018,0.95313,0.17006,0.09942,-0.08948,-0.18043
-0.25459,0.95154,0.17241,0.10864,-0.07689,-0.19356
-0.26109,0.94978,0.17238,0.04148,0.04324,-0.19852
-0.26874,0.94746,0.17342,-0.01559,0.01684,-0.15699
-0.27696,0.94456,0.17623,-0.02707,-0.0424,-0.14045
-0.28535,0.94144,0.17957,-0.02285,-0.12607,-0.20216
-0.29302,0.93881,0.18096,0.052,0.01132,-0.32262
-0.29955,0.9367,0.18117,0.11554,0.02341,-0.34714
-0.30433,0.93495,0.18229,0.20011,0.05959,-0.31302
-0.30821,0.9331,0.18518,0.11652,0.09531,-0.30336
-0.31139,0.93123,0.18924,0.07081,0.09945,-0.33134
-0.314,0.92915,0.19506,-0.00175,0.00829,-0.23342
-0.31694,0.92627,0.20383,-0.05434,0.05721,-0.21332
-0.3205,0.92247,0.21515,-0.05077,0.061,-0.22464
-0.32225,0.91925,0.22607,-0.20128,0.22654,-0.2325
-0.32731,0.91324,0.24255,-0.28302,0.25961,-0.24026
-0.33467,0.9059,0.25945,-0.2343,0.34495,-0.18421
-0.34238,0.89925,0.27221,-0.13396,0.53302,0.07054
-0.34997,0.89553,0.27481,-0.21123,0.30693,-0.3038
-0.35504,0.89443,0.27185,-0.23735,0.2273,-0.46626
-0.36216,0.89381,0.2644,-0.06078,0.30645,-0.50127
-0.37392,0.89382,0.24745,0.33204,0.28379,-0.12001
-0.38675,0.89407,0.22589,0.29243,0.25685,0.03852
-0.40303,0.89396,0.19589,-0.07274,0.22737,0.21129
-0.41726,0.89438,0.16107,-0.20022,0.08978,0.0958
-0.42986,0.89407,0.1258,-0.15222,0.05974,0.08
-0.4381,0.89437,0.09019,-0.04702,0.1133,0.00161
-0.44504,0.89394,0.05281,0.03395,0.22919,0.04596
-0.45113,0.89235,0.01326,0.03644,0.23121,0.05892
-0.45636,0.88918,-0.03257,0.03446,0.15826,0.07912
-0.46099,0.88257,-0.09236,0.02427,0.17819,0.09153
-0.46537,0.87118,-0.1564,-0.03631,0.05798,0.11948
-0.46997,0.85634,-0.21397,-0.14544,-0.30983,0.22029
-0.47219,0.83825,-0.27266,-0.08703,-0.28315,0.28257
-0.47521,0.81252,-0.3376,-0.04678,-0.16899,0.1125
-0.47794,0.77781,-0.40813,-0.04555,-0.18871,-0.02175
-0.47989,0.73887,-0.47303,-0.04468,-0.10005,0.07082
-0.48437,0.6993,-0.52569,0.00854,-0.02267,0.25082
-0.49108,0.65833,-0.57046,0.04222,-0.03154,0.21193
-0.49693,0.61334,-0.61389,0.06275,-0.11517,0.05113
-0.5043,0.56695,-0.65134,0.05285,-0.1092,0.04681
-0.51412,0.52203,-0.68055,0.11045,-0.11624,0.08098
-0.52549,0.48203,-0.70107,0.1421,-0.12957,0.12746
-0.53386,0.44748,-0.71746,0.17008,-0.12322,0.12813
-0.54054,0.41913,-0.72948,0.14725,-0.16835,0.13292
-0.54586,0.39872,-0.73692,0.13139,-0.18408,0.11738
-0.54831,0.38608,-0.74182,0.10186,-0.13949,0.10211
-0.55032,0.37798,-0.7445,0.11218,-0.14806,0.10636
-0.55222,0.3743,-0.74495,0.1355,-0.19128,0.06987
-0.55152,0.37699,-0.74411,0.11445,-0.1974,-0.00463
-0.54907,0.38547,-0.74157,0.12729,-0.23318,-0.02522
-0.54597,0.39778,-0.73735,0.06619,-0.22231,-0.0736
-0.54245,0.41341,-0.73132,0.03154,-0.22391,-0.11353
-0.53759,0.43339,-0.7233,-0.02047,-0.14062,-0.23118
-0.53135,0.45784,-0.71277,-0.05586,-0.00717,-0.43326
-0.52956,0.48048,-0.69907,-0.09497,0.05465,-0.20698
-0.53085,0.5026,-0.68233,-0.53686,0.71752,-0.58561
-0.53445,0.51526,-0.66997,-0.0604,0.15712,-0.22978
-0.54007,0.52988,-0.65387,0.0428,-0.36222,0.14946
-0.53223,0.56092,-0.6341,-0.02202,0.06424,0.07388
-0.5225,0.60086,-0.60493,-0.09044,0.67343,0.07093
-0.5114,0.63696,-0.57683,-0.12256,0.57854,0.12404
-0.504,0.66645,-0.54938,0.0295,-0.08277,0.09109
-0.49629,0.69576,-0.51923,0.09691,-0.28397,-0.01191
-0.48967,0.7245,-0.48508,0.09029,-0.31271,-0.04606
-0.48529,0.75209,-0.44592,0.20841,0.04084,0.03469
-0.48257,0.77726,-0.40371,0.08164,0.00881,0.03022
-0.47858,0.80042,-0.36092,0.03963,-0.07404,-0.03919
-0.46853,0.82426,-0.31789,0.0373,-0.17475,-0.04441
-0.45487,0.84692,-0.27533,0.18775,-0.14697,0.0343
-0.44284,0.86583,-0.23282,0.23969,-0.14354,0.02533
-0.43396,0.8808,-0.18931,0.19515,-0.12915,0.0402
-0.42832,0.89129,-0.14871,0.13827,-0.13049,0.03789
-0.42672,0.89769,-0.10974,-0.03191,-0.09752,-0.03899
-0.42734,0.90071,-0.07798,-0.04126,0.0398,-0.14884
-0.42692,0.90281,-0.0515,-0.00082,0.05252,-0.15723
-0.42338,0.90549,-0.02852,0.15088,-0.0423,-0.16334
-0.41938,0.90776,-0.0079,0.17187,-0.01469,-0.13647
-0.41741,0.90862,0.01248,0.11517,0.05665,-0.12851
-0.41737,0.90821,0.03054,0.04736,0.16984,-0.12484
-0.41688,0.90773,0.04699,0.1696,0.00237,-0.17315
-0.41484,0.90773,0.0625,0.1092,0.0289,-0.16653
-0.41408,0.90698,0.07675,0.07039,0.0871,-0.17925
-0.4145,0.9056,0.0897,0.16601,0.08898,-0.19408
-0.41308,0.90479,0.1034,0.16362,0.14178,-0.21749
-0.41239,0.9037,0.11501,-0.01566,0.26135,-0.31504
-0.41507,0.90109,0.12539,0.00571,0.17748,-0.2404
-0.41817,0.89811,0.13599,-0.06131,0.28626,-0.18155
-0.42303,0.89452,0.14437,-0.13309,0.47469,-0.12937
-0.43084,0.89058,0.14561,-0.19512,0.77102,0.13313
-0.43597,0.8893,0.13799,-0.37651,0.44936,-0.10117
-0.43935,0.88878,0.1304,-0.30724,0.2321,-0.19806
-0.4487,0.88598,0.11692,-0.03249,0.1564,-0.21496
-0.4628,0.8822,0.08667,-0.07256,0.25071,-0.20462
-0.47952,0.87673,0.03703,-0.14311,0.32226,-0.19933
-0.49714,0.86736,-0.02247,-0.1457,0.15721,-0.15189
-0.51077,0.85651,-0.07406,0.09632,0.08745,0.07207
-0.51755,0.8471,-0.12053,0.20279,0.12259,0.179
-0.51693,0.83823,-0.17358,0.27517,0.27835,0.0803
-0.5156,0.82659,-0.22557,0.08036,-0.12766,0.06027
-0.51565,0.80967,-0.28022,0.08041,-0.11074,0.11492
-0.52104,0.78647,-0.33161,-0.18446,-0.49704,0.25198
-0.5267,0.75888,-0.38298,-0.01718,-0.3739,0.24028
-0.52686,0.72867,-0.43754,0.14765,-0.20444,0.16321
-0.52472,0.69615,-0.48993,0.266,-0.0942,0.14604
-0.52683,0.66159,-0.5336,0.1935,-0.09355,0.20626
-0.53319,0.62426,-0.57096,0.1449,-0.04923,0.18467
-0.54203,0.58455,-0.60373,0.1427,-0.01921,0.13204
-0.54942,0.54707,-0.63154,0.05516,-0.22251,0.05236
-0.5542,0.5132,-0.65534,0.03706,-0.23165,0.04589
-0.55904,0.48322,-0.67377,0.09003,-0.18848,0.17416
-0.56604,0.45795,-0.68548,0.16026,-0.19307,0.1839
-0.57308,0.44069,-0.69092,0.16704,-0.16906,0.17417
-0.57963,0.43245,-0.69066,0.14083,-0.0694,0.10321
-0.58113,0.43278,-0.68919,0.00588,-0.21316,-0.05924
-0.57614,0.44027,-0.68863,0.00489,-0.27364,-0.07466
-0.56895,0.45104,-0.68764,0.19354,-0.21548,-0.12645
-0.56305,0.4647,-0.68339,0.21211,-0.19542,-0.17796
-0.55794,0.48507,-0.67335,0.09753,-0.11238,-0.13749
-0.55205,0.51082,-0.65901,-0.36949,0.32067,-0.54227
-0.5467,0.52651,-0.65107,-0.89217,1.01295,-0.94944
-0.55743,0.52735,-0.64122,0.24573,-0.00068,-0.43106
-0.55246,0.54564,-0.63012,-0.12151,-0.11942,0.16309
-0.53134,0.58339,-0.61427,-0.36754,0.20691,-0.02206
-0.52128,0.61581,-0.5908,-0.32913,0.40437,0.01784
-0.50578,0.64712,-0.57044,-0.20673,-0.1941,0.02848
-0.49515,0.67761,-0.54374,0.01583,-0.209,0.12411
-0.48305,0.70948,-0.51311,0.0067,-0.15644,0.0835
-0.47386,0.73975,-0.47772,0.0485,0.05391,0.04707
-0.46798,0.7674,-0.43826,0.06868,0.08221,0.05139
-0.4634,0.79274,-0.39599,0.06411,0.03066,0.03682
-0.45697,0.81681,-0.3521,0.13761,-0.09275,-0.00666
-0.44626,0.84055,-0.30708,0.21873,-0.13871,-0.00844
-0.43441,0.86135,-0.26335,0.23508,-0.12934,-0.0327
-0.42202,0.87943,-0.22016,0.2488,-0.09467,0.06846
-0.40801,0.89604,-0.17494,0.1775,-0.11034,0.08231
-0.39368,0.90996,-0.13025,0.09422,-0.14656,0.02571
-0.3846,0.91847,-0.09196,-0.01298,-0.20197,0.00335
-0.38167,0.92229,-0.06061,-0.00244,-0.18459,-0.04366
-0.38413,0.92264,-0.03386,0.00877,-0.04656,-0.09374
-0.38504,0.92283,-0.01043,0.06162,0.02166,-0.11178
-0.38382,0.92331,0.01209,0.08809,0.08363,-0.12865
-0.38178,0.92363,0.03335,0.09969,0.1118,-0.14629
-0.37964,0.92354,0.05391,0.11499,0.02665,-0.13878
-0.37776,0.92305,0.07238,0.06056,0.00226,-0.15638
-0.37681,0.92205,0.08836,0.05727,0.06237,-0.19977
-0.37543,0.92095,0.10424,0.1252,0.11352,-0.20828
-0.37204,0.92049,0.11933,0.1411,0.19396,-0.1821
-0.36927,0.91968,0.13344,0.05689,0.06615,-0.18367
-0.36818,0.91812,0.1465,0.0111,0.00293,-0.16792
-0.36632,0.91696,0.15801,0.10161,0.32776,-0.13736
-0.36648,0.91513,0.16788,0.10624,0.36053,-0.16478
-0.36912,0.9125,0.17626,-0.17068,0.38672,-0.18947
-0.37279,0.90967,0.18299,-0.34457,0.33656,-0.1908
-0.37898,0.90635,0.18672,-0.32444,0.38407,-0.11509
-0.38698,0.90351,0.18407,-0.21038,0.44615,0.06809
-0.3964,0.9018,0.17203,-0.22403,0.07306,-0.10145
-0.40901,0.89917,0.15545,-0.18099,-0.00057,-0.15382
-0.42561,0.89496,0.13363,-0.0755,0.07975,-0.22532
-0.44346,0.89052,0.10135,-0.09783,0.36755,-0.26149
-0.4621,0.88538,0.05036,-0.08938,0.37277,-0.22948
-0.48106,0.87646,-0.0192,0.07092,0.23147,-0.12344
-0.4947,0.8643,-0.09064,0.14293,0.2281,0.06847
-0.49987,0.85261,-0.15215,0.22366,0.34519,0.15787
-0.50182,0.84076,-0.20314,0.13305,0.07614,0.23226
-0.50309,0.82504,-0.25727,0.01746,-0.11827,0.24486
-0.50842,0.80156,-0.31463,-0.14127,-0.32622,0.2242
-0.51896,0.76945,-0.3723,-0.01041,-0.35557,0.08556
-0.52644,0.73233,-0.4319,0.11229,-0.25407,0.08679
-0.53208,0.69362,-0.48556,0.25742,-0.0663,0.15845
-0.53916,0.65436,-0.53019,0.26261,-0.03752,0.27513
-0.55219,0.61202,-0.56613,0.15877,-0.067,0.21301
-0.56834,0.56734,-0.5959,0.11474,-0.05364,0.15837
-0.58256,0.52439,-0.62099,0.09051,-0.21323,0.03514
-0.59333,0.48776,-0.64034,0.16448,-0.18472,0.04618
-0.60332,0.45848,-0.65253,0.17792,-0.17134,0.04964
-0.6099,0.43785,-0.66053,0.09406,-0.17948,0.04561
-0.61096,0.42749,-0.66631,0.06637,-0.29862,0.05724
-0.6072,0.42681,-0.67017,0.08462,-0.32914,0.05173
-0.60459,0.43429,-0.66773,0.15718,-0.1825,-0.06955
-0.60388,0.44819,-0.65912,0.19934,-0.10542,-0.20329
-0.59707,0.47104,-0.64932,0.12774,-0.09774,-0.27375
-0.58767,0.49733,-0.6382,-0.00769,-0.05105,-0.37288
-0.58133,0.52344,-0.62293,0.23511,0.06063,0.07324
-0.56328,0.56943,-0.59871,0.21706,0.01464,0.04901
-0.54735,0.59844,-0.58504,-0.60789,1.28715,-0.68801
-0.54524,0.61671,-0.56777,0.50151,-0.34562,0.61181
-0.51472,0.65884,-0.54862,0.33346,-0.91679,0.62724
-0.49773,0.69821,-0.51454,-0.02181,0.13248,0.13881
-0.48797,0.72796,-0.4816,-0.35071,0.50846,0.01314
-0.48675,0.75196,-0.44454,-0.28436,-0.02313,0.0194
-0.48251,0.77472,-0.40861,0.06244,-0.28711,0.01484
-0.47628,0.7986,-0.36794,0.16992,-0.14163,-0.03776
-0.47002,0.82146,-0.32289,0.15607,-0.06261,-0.11905
-0.46257,0.84316,-0.27402,0.16159,-0.01642,-0.05068
-0.44913,0.86455,-0.22539,0.24942,-0.09402,0.09105
-0.43216,0.8837,-0.17965,0.28907,-0.12372,0.02507
-0.41853,0.89777,-0.13718,0.1984,-0.19811,-0.03035
-0.41153,0.90633,-0.09582,-0.0599,-0.1844,-0.02889
-0.40857,0.91097,-0.05625,-0.09315,-0.1607,-0.02807
-0.40851,0.91249,-0.02108,-0.06347,-0.08397,0.02407
-0.40952,0.91228,0.00343,-0.03865,0.12534,-0.09915
-0.40809,0.91258,0.02509,0.04104,0.14902,-0.08872
-0.40448,0.91337,0.04594,0.15126,-0.00387,-0.06405
-0.40202,0.91349,0.06231,0.11047,0.05914,-0.06334
-0.40132,0.91287,0.07471,0.08055,0.154,-0.08225
-0.39921,0.91259,0.08811,0.1178,0.14631,-0.22223
-0.39237,0.91365,0.10602,0.13013,0.14477,-0.27007
-0.38387,0.91511,0.12324,0.09622,0.28303,-0.26902
-0.3789,0.91515,0.13748,-0.06652,0.26057,-0.278
-0.37626,0.91443,0.14903,-0.15293,0.31598,-0.29303
-0.37644,0.91332,0.15525,-0.20576,0.28514,-0.271
-0.38132,0.91175,0.15252,-0.2426,0.34954,-0.14671
-0.39052,0.90923,0.14408,-0.20239,0.41464,-0.04969
-0.40023,0.90754,0.12703,-0.15525,0.36658,0.07336
-0.40767,0.90768,0.09942,-0.23407,-0.07093,-0.12066
-0.41934,0.90514,0.06955,-0.21176,-0.07831,-0.14348
-0.43864,0.89803,0.03315,-0.15943,0.30288,-0.14843
-0.45701,0.88922,-0.02003,0.08846,0.39945,-0.17629
-0.47244,0.87651,-0.09219,0.28026,0.39685,-0.13776
-0.48365,0.85983,-0.16353,0.31849,0.40944,0.02159
-0.49151,0.84273,-0.21954,0.24476,0.1909,0.04799
-0.49906,0.82312,-0.27088,0.07513,-0.00937,0.18049
-0.50771,0.79801,-0.32463,-0.14619,-0.31454,0.14932
-0.51914,0.76699,-0.37709,-0.02775,-0.39027,0.23468
-0.53177,0.73349,-0.42331,0.09052,-0.39638,0.21274
-0.54015,0.698,-0.47012,0.17922,-0.34968,0.17351
-0.54964,0.65884,-0.51362,0.23748,-0.20062,0.11518
-0.56211,0.61873,-0.54881,0.19012,-0.08076,0.1163
-0.5778,0.57809,-0.57614,0.19355,-0.07582,0.10834
-0.5918,0.53909,-0.59929,0.17049,-0.11714,0.13641
-0.60199,0.50166,-0.62123,0.05426,-0.13993,0.11487
-0.61071,0.46662,-0.63976,0.02176,-0.08382,0.07642
-0.62,0.43607,-0.65225,0.06425,-0.10545,0.04441
-0.62561,0.41222,-0.66233,0.14773,-0.12781,0.04226
-0.62779,0.39634,-0.66991,0.1602,-0.14579,0.00269
-0.62707,0.3885,-0.67516,0.16586,-0.1811,-0.01158
-0.62344,0.38731,-0.67919,0.15318,-0.21128,-0.02839
-0.6182,0.39211,-0.68122,0.14794,-0.21609,-0.02636
-0.61372,0.40101,-0.6801,0.18942,-0.20457,-0.05843
-0.60894,0.41506,-0.67595,0.03202,-0.08674,-0.13209
-0.60198,0.43583,-0.66907,-0.0555,-0.0485,-0.19876
-0.59452,0.46099,-0.6588,-0.15343,0.00541,-0.37953
-0.59081,0.48376,-0.64569,-0.34106,0.61191,-0.66604
-0.5842,0.50279,-0.63711,-0.77993,1.21102,-1.09769
-0.59443,0.51338,-0.61893,0.4377,0.36247,-0.13772
-0.57516,0.54406,-0.61088,-0.20783,-0.69673,0.1124
-0.55944,0.58502,-0.58717,-0.15901,-0.03772,-0.00273
-0.54152,0.61991,-0.56785,-0.03206,0.72894,0.03019
-0.52773,0.65425,-0.5417,-0.09439,-0.1552,0.0143
-0.51546,0.68621,-0.51322,0.03223,-0.31382,-0.01607
-0.5064,0.71859,-0.47662,0.12885,0.07883,0.11758
-0.50391,0.74761,-0.43259,0.05402,0.09817,0.07815
-0.50428,0.77274,-0.38543,0.01113,0.06784,0.03962
-0.49913,0.79809,-0.33748,0.06087,-0.05989,-0.02434
-0.48679,0.82461,-0.28815,0.07321,-0.12167,-0.03552
-0.4699,0.84906,-0.24138,0.26517,-0.21533,0.07879
-0.45224,0.87039,-0.19463,0.32241,-0.293,-0.00138
-0.43761,0.88642,-0.15077,0.23006,-0.19166,-0.1006
-0.42799,0.89696,-0.11069,0.09536,-0.12879,-0.09294
-0.42265,0.90348,-0.0712,0.00994,-0.11402,-0.00436
-0.41922,0.90743,-0.02813,-0.02548,-0.04641,0.02248
-0.41596,0.90935,0.00391,0.02389,0.00424,-0.14573
-0.41208,0.91064,0.02984,0.10353,-0.01809,-0.1577
-0.40769,0.91143,0.05528,0.10993,0.01669,-0.12098
-0.40331,0.91181,0.07685,0.07978,0.11566,-0.09196
-0.39905,0.91205,0.09422,0.09934,0.11105,-0.10313
-0.39396,0.91248,0.11017,0.0726,0.13171,-0.11685
-0.39011,0.91211,0.1258,0.08401,0.16601,-0.127
-0.38752,0.91133,0.1388,0.09176,0.07492,-0.17725
-0.38518,0.91071,0.14903,-0.02742,0.13445,-0.23524
-0.38348,0.91,0.15751,-0.04584,0.22561,-0.19667
-0.38352,0.90893,0.16345,-0.04701,0.22713,-0.16544
-0.38543,0.90684,0.17041,0.01838,0.19855,-0.13469
-0.38815,0.90432,0.17748,-0.05875,0.22439,-0.11926
-0.39347,0.90169,0.17915,-0.17054,0.43092,-0.11067
-0.40003,0.89948,0.17567,-0.1486,0.59345,0.06903
-0.40513,0.89981,0.16178,-0.26101,0.31174,-0.02056
-0.4111,0.90024,0.14324,-0.2579,-0.00972,-0.17116
-0.42477,0.8968,0.12361,-0.11942,0.10793,-0.08635
-0.44219,0.89202,0.09337,-0.06471,0.35901,-0.04235
-0.45935,0.88725,0.04178,-0.00072,0.38945,-0.23114
-0.47955,0.8771,-0.02651,0.06434,0.25785,-0.07359
-0.49518,0.86301,-0.09991,0.13013,0.30244,0.04792
-0.50441,0.84722,-0.16662,0.132,0.39286,0.04426
-0.51131,0.83021,-0.22199,0.06318,0.09191,0.03581
-0.51439,0.80977,-0.28222,0.06626,0.11235,0.09605
-0.51989,0.7821,-0.34352,-0.07383,-0.35386,0.10355
-0.53197,0.7463,-0.40002,0.13262,-0.33299,0.09887
-0.54326,0.70668,-0.45327,0.16969,-0.19611,0.08695
-0.55356,0.66599,-0.50001,0.15543,-0.04814,0.23372
-0.56263,0.62426,-0.54197,0.25355,-0.11402,0.2434
-0.57474,0.57804,-0.57925,0.24179,-0.07445,0.17727
-0.59153,0.53022,-0.60741,0.13396,-0.16556,0.14805
-0.60667,0.48377,-0.6308,0.18829,-0.33081,0.0592
-0.61908,0.44137,-0.64955,0.19887,-0.23402,0.0548
-0.6299,0.40426,-0.66317,0.16385,-0.19982,0.12009
-0.64003,0.37342,-0.67149,0.19503,-0.20309,0.14103
-0.64682,0.35038,-0.67738,0.20275,-0.17369,0.1611
-0.65052,0.33681,-0.68071,0.29276,-0.30169,0.07189
-0.65061,0.33409,-0.68197,0.30039,-0.28038,0.02324
-0.646,0.341,-0.68293,0.25406,-0.25043,-0.07743
-0.63747,0.35565,-0.68347,0.12242,-0.25163,-0.16763
-0.62876,0.37578,-0.68076,0.1446,-0.21375,-0.21784
-0.61982,0.40088,-0.67461,0.08608,-0.17634,-0.2981
-0.6143,0.42738,-0.6633,-0.07317,0.02376,-0.54257
-0.61136,0.45089,-0.65033,-0.2144,0.17942,-0.43282
-0.60255,0.46753,-0.6468,-0.54188,0.44097,-0.51176
-0.61111,0.48444,-0.62599,0.45829,-0.31527,0.46516
-0.59135,0.52233,-0.61439,-0.12374,-0.04429,0.26916
-0.57767,0.56099,-0.59294,-0.36166,0.31564,0.24542
-0.56016,0.59677,-0.57452,-0.41813,-0.00326,0.13903
-0.54231,0.63418,-0.55109,-0.09883,-0.17497,0.20344
-0.52663,0.6719,-0.52076,0.07151,-0.00342,0.10048
-0.51317,0.70864,-0.48421,0.11631,0.15667,0.07573
-0.49734,0.74343,-0.44716,0.09347,0.13952,-0.02478
-0.4781,0.77807,-0.40743,0.04515,0.00916,-0.07339
-0.45782,0.8116,-0.36289,0.10868,-0.1443,-0.08361
-0.43401,0.84301,-0.31774,0.16678,-0.18511,-0.10495
-0.41142,0.87044,-0.27027,0.16368,-0.1938,-0.00861
-0.39442,0.89196,-0.22095,0.06206,-0.16103,0.04613
-0.37818,0.90921,-0.17404,0.00033,-0.17206,0.07452
-0.36452,0.92262,-0.126,-0.0305,-0.18566,0.12886
-0.35699,0.93057,-0.08103,-0.08533,-0.19467,0.08018
-0.35403,0.93428,-0.04188,-0.02031,-0.10719,0.05836
-0.35159,0.93613,-0.00404,0.01283,0.00029,0.05159
-0.34849,0.93688,0.02779,0.16093,0.07259,0.079
-0.34281,0.93786,0.05354,0.09987,0.01542,0.04168
-0.33637,0.93868,0.07542,0.06194,0.02382,0.00453
-0.33003,0.93915,0.09504,-0.01652,-0.03111,-0.08564
-0.325,0.93904,0.11199,-0.0211,-0.08926,-0.06975
-0.32159,0.93822,0.12762,0.00069,-0.04065,-0.0426
-0.3189,0.93686,0.14335,0.05052,0.00729,-0.0359
-0.31666,0.93541,0.15717,0.12098,-0.04379,-0.10785
-0.31514,0.9338,0.16931,0.08499,0.01836,-0.13072
-0.31492,0.93197,0.17952,0.04244,0.01931,-0.19792
-0.31398,0.92969,0.19249,0.03054,-0.12698,-0.12717
-0.31344,0.92567,0.21178,0.02799,-0.12199,-0.10869
-0.31428,0.92011,0.23363,-0.00268,0.06092,-0.20787
-0.31659,0.91454,0.25167,-0.01004,0.1562,-0.26828
-0.31949,0.91021,0.26344,-0.01503,0.20911,-0.31561
-0.3207,0.90771,0.27051,0.13662,0.2033,-0.23076
-0.32053,0.90685,0.27358,0.0878,0.19865,-0.18488
-0.32249,0.90637,0.27286,-0.16117,0.18073,-0.2705
-0.32407,0.90686,0.26933,-0.19694,0.08052,-0.34076
-0.32807,0.90764,0.26175,-0.15336,0.09896,-0.24286
-0.33505,0.90874,0.24879,-0.04769,0.18175,-0.1116
-0.34371,0.91178,0.22468,0.05006,0.27015,-0.03632
-0.35172,0.91724,0.18687,0.13523,0.23501,0.06188
-0.35851,0.92292,0.14019,0.09259,0.20124,0.14435
-0.36946,0.92545,0.08365,-0.2587,0.25916,0.13329
-0.3864,0.9221,0.01985,-0.3859,0.31627,0.02409
-0.40545,0.91285,-0.0478,-0.40358,0.20382,0.02334
-0.41752,0.90192,-0.11042,0.02459,0.02887,0.06731
-0.43015,0.88731,-0.16622,0.03274,0.21314,0.21844
-0.44635,0.87121,-0.20428,0.02795,0.31784,0.3568
-0.46242,0.8539,-0.23873,-0.02495,0.04058,0.45108
-0.47577,0.83138,-0.28709,-0.00734,-0.08854,0.31958
-0.48951,0.80453,-0.33629,0.06652,-0.11285,0.23541
-0.50128,0.77633,-0.3821,0.14139,-0.09465,0.15409
-0.51336,0.75046,-0.41624,0.13308,-0.09914,0.13679
-0.52603,0.72951,-0.43715,0.12976,-0.134,0.19984
-0.53752,0.71518,-0.44674,0.09572,-0.16911,0.20988
-0.54508,0.708,-0.449,0.14756,-0.20115,0.15195
-0.54824,0.70807,-0.44503,0.18299,-0.21787,0.0881
-0.54649,0.71514,-0.43578,0.20903,-0.21783,0.03644
-0.54096,0.72793,-0.42127,0.21714,-0.23516,0.03045
-0.53219,0.74464,-0.40282,0.20843,-0.26386,0.01405
-0.52127,0.76471,-0.37879,0.20756,-0.30845,0.01098
-0.50743,0.78917,-0.34597,0.19716,-0.13804,-0.01768
-0.49072,0.81615,-0.30508,0.1884,0.30124,-0.1634
-0.47631,0.83975,-0.26062,0.23333,0.7753,-0.3963
-0.46656,0.85153,-0.23914,-0.05366,1.23376,-0.35335
-0.45524,0.84381,-0.28411,-0.61421,0.17136,-1.12934
-0.45269,0.82345,-0.34202,-0.17522,-1.14814,-0.68539
-0.46598,0.81449,-0.3456,0.25463,-0.16776,0.52289
-0.46907,0.82809,-0.30695,0.1906,0.54281,0.60834
-0.46963,0.84822,-0.24484,-0.42054,0.96219,0.58075
-0.4619,0.86326,-0.20347,-0.20906,-0.07464,0.0436
-0.44898,0.87132,-0.198,-0.1561,-0.30937,-0.08621
-0.44332,0.87245,-0.20562,0.09011,-0.59289,0.10136
-0.43953,0.87549,-0.20075,0.08361,-0.02669,0.45695
-0.43718,0.88524,-0.15872,0.06165,0.12692,0.52979
-0.43428,0.89335,-0.11536,0.0874,0.29167,0.20676
-0.42464,0.90067,-0.09187,0.08825,0.286,-0.01452
-0.4106,0.90816,-0.08142,0.02167,-0.07092,-0.04249
-0.3912,0.91705,-0.07717,-0.03343,-0.13572,0.00196
-0.37224,0.92603,-0.06223,-0.02447,-0.17383,0.06113
-0.35842,0.93265,-0.04074,-0.02329,-0.1189,0.10189
-0.35103,0.9359,-0.02885,0.01108,-0.10044,0.04335
-0.34618,0.93785,-0.02371,0.02791,-0.04446,0.03953
-0.33872,0.94075,-0.01496,0.07372,0.07032,0.05355
-0.32856,0.94447,3e-05,0.16077,-0.01518,0.10859
-0.3172,0.94819,0.01719,0.22615,0.06401,0.13517
-0.30656,0.95125,0.03325,0.19488,0.04562,0.12554
-0.29842,0.95333,0.04558,0.02149,-0.03751,0.0177
-0.29093,0.95497,0.058,-0.00148,-0.08479,0.01081
-0.28565,0.9557,0.07073,-0.00292,-0.114,-0.00095
-0.28439,0.95486,0.08565,-0.02692,-0.12691,0.10316
-0.28625,0.95261,0.10279,0.03034,-0.02472,0.0375
-0.28845,0.94999,0.11947,0.06628,0.0773,-0.02398
-0.28952,0.94726,0.13727,0.07331,0.1536,-0.15587
-0.29,0.9442,0.15603,0.08723,-0.01561,-0.24735
-0.28908,0.94209,0.16987,0.1661,0.02841,-0.26133
-0.2875,0.94159,0.17525,0.29154,0.33238,-0.10683
-0.28721,0.94179,0.17466,-0.13347,0.13577,-0.2279
-0.28673,0.9422,0.17323,-0.13395,0.13536,-0.22647
-0.2875,0.94232,0.17128,-0.21626,0.01001,-0.25971
-0.29073,0.94253,0.16455,-0.11709,0.13216,-0.16499
-0.29633,0.94332,0.14933,-0.02145,0.3344,-0.02069
-0.30202,0.94545,0.12194,-0.00144,0.41074,0.14155
-0.30503,0.94893,0.08034,-0.10296,0.26994,0.2739
-0.31124,0.94997,0.02548,-0.42164,0.01537,0.29241
-0.33375,0.94173,-0.04143,-0.55034,-0.06947,0.19266
-0.36577,0.92343,-0.11602,-0.87851,-0.02522,0.14512
-0.3767,0.90623,-0.19188,-0.27633,0.32268,0.13342
-0.38326,0.88765,-0.25526,0.02305,0.40869,0.29347
-0.39262,0.86854,-0.30244,-0.0361,0.40675,0.65279
-0.40567,0.84324,-0.35265,-0.04544,0.24694,0.5857
-0.42192,0.8069,-0.41338,-0.09613,0.0649,0.46164
-0.43727,0.76038,-0.48021,-0.17214,-0.19817,0.07343
-0.45261,0.7061,-0.54456,-0.1134,-0.15519,0.01943
-0.47273,0.65198,-0.59282,-0.0295,-0.03275,0.10092
-0.49552,0.60114,-0.62696,0.02219,0.22694,0.28933
-0.51662,0.55113,-0.65525,0.02862,0.22453,0.24781
-0.53465,0.50097,-0.68057,0.0615,0.1212,0.14813
-0.55156,0.453,-0.7004,0.08304,-0.08984,0.06465
-0.56814,0.41019,-0.71341,0.0589,-0.05004,0.06576
-0.58055,0.37505,-0.72269,0.163,-0.13079,0.12119
-0.59208,0.345,-0.72829,0.1829,-0.1587,0.20701
-0.60202,0.31954,-0.73175,0.13119,-0.14242,0.24007
-0.60947,0.29916,-0.7342,0.18563,-0.10848,0.16661
-0.61462,0.28497,-0.73555,0.19738,-0.08628,0.09039
-0.6165,0.27605,-0.73737,0.16265,-0.0774,-0.02073
-0.61381,0.27197,-0.74112,0.16645,-0.15765,-0.07968
-0.6094,0.27279,-0.74445,0.13714,-0.17417,-0.06774
-0.60673,0.27603,-0.74543,0.106,-0.19194,-0.02936
-0.60636,0.28239,-0.74335,-0.04849,-0.18595,-0.08381
-0.60814,0.29178,-0.73826,-0.32327,-0.00768,-0.41854
-0.61407,0.29309,-0.73281,-0.56847,0.15178,-0.45798
-0.62677,0.27893,-0.72756,-0.04486,-0.10344,-0.00689
-0.64113,0.27482,-0.71654,0.28805,-0.1029,-0.11711
-0.63874,0.30069,-0.70824,0.10153,0.0277,-0.06453
-0.63783,0.32706,-0.69728,-0.28873,0.28024,0.22592
-0.63426,0.35633,-0.6861,-0.24828,0.43009,0.23284
-0.62401,0.39154,-0.67624,-0.25503,0.39296,0.2431
-0.61306,0.42906,-0.66336,-0.02465,0.25412,0.18716
-0.5971,0.46995,-0.65008,0.11138,0.2737,0.20784
-0.57871,0.5128,-0.63414,0.1526,0.25521,0.25035
-0.56004,0.55604,-0.61414,0.15513,0.1564,0.14707
-0.54291,0.59774,-0.58987,0.11362,0.15606,0.16291
-0.52613,0.63804,-0.56222,0.07448,0.12287,0.14832
-0.50751,0.6776,-0.53224,0.10071,-0.03906,0.21244
-0.48927,0.71742,-0.4959,0.06346,-0.14739,0.16425
-0.47074,0.7556,-0.45548,0.07094,-0.16359,0.13047
-0.45199,0.79078,-0.41273,0.07693,-0.04655,0.16841
-0.43361,0.82214,-0.36884,0.04279,-0.04709,0.19764
-0.4154,0.85009,-0.32369,0.02076,-0.06318,0.16976
-0.39626,0.87487,-0.27848,0.03221,-0.1282,0.16218
-0.37625,0.89481,-0.24026,-0.04296,-0.10381,0.12518
-0.35774,0.91078,-0.20611,-0.06147,-0.11978,0.09103
-0.34429,0.92221,-0.17598,-0.01356,-0.07175,0.08962
-0.33877,0.92841,-0.1525,-0.07549,-0.00796,0.13115
-0.3335,0.93353,-0.13141,-0.03719,0.04479,0.12131
-0.32791,0.93821,-0.11054,0.03218,0.0456,0.07001
-0.32329,0.94198,-0.09015,0.01766,0.02201,0.00641
-0.31803,0.94535,-0.0718,0.01436,0.03619,-0.07931
-0.31238,0.94828,-0.05626,0.06637,0.10069,-0.1468
-0.30773,0.95038,-0.04524,0.11826,0.15953,-0.11233
-0.30436,0.95177,-0.03836,0.08555,0.15387,-0.09015
-0.30173,0.95281,-0.03301,0.03009,0.0635,-0.06202
-0.2998,0.95364,-0.02576,-0.14664,0.18349,-0.00327
-0.29888,0.95412,-0.01718,-0.19535,0.18898,0.03839
-0.30118,0.95351,-0.00881,-0.20426,0.20237,0.10542
-0.30754,0.95151,-0.0034,-0.27514,0.46626,0.07115
-0.31523,0.949,-0.00333,-0.1639,0.5419,0.14719
-0.32061,0.94708,-0.01483,-0.31663,0.5333,0.26139
-0.32232,0.9462,-0.02805,-0.33375,-0.00516,0.09238
-0.33421,0.94159,-0.04098,-0.29425,0.01809,0.1459
-0.3498,0.93434,-0.06799,-0.09585,0.20026,0.15718
-0.36394,0.92456,-0.11279,-0.03301,0.37632,-0.07193
-0.38039,0.9088,-0.17133,-0.04825,0.35324,-0.06937
-0.39943,0.88468,-0.24038,-0.02909,0.17018,-0.00759
-0.41014,0.85616,-0.31427,0.04509,0.04126,0.13255
-0.41253,0.82832,-0.37905,0.07147,0.07234,0.19285
-0.42082,0.80282,-0.42234,0.05016,0.05141,0.40986
-0.42953,0.77297,-0.46691,0.00387,-0.00364,0.44402
-0.4371,0.73395,-0.51985,-0.03339,-0.29238,0.19948
-0.44709,0.68809,-0.57151,0.05586,-0.26147,0.10353
-0.45613,0.63762,-0.62079,0.08005,-0.18818,0.11764
-0.46589,0.58792,-0.66127,0.08194,0.01088,0.27358
-0.47798,0.54009,-0.6927,0.07441,0.07174,0.33921
-0.48781,0.49194,-0.72113,0.09429,-0.049,0.27679
-0.49684,0.44441,-0.74541,0.09823,-0.11941,0.22045
-0.50516,0.4015,-0.76394,0.09369,-0.14975,0.18532
-0.51291,0.36576,-0.77662,0.08945,-0.1057,0.16762
-0.52133,0.33689,-0.78404,0.09494,-0.07436,0.15519
-0.52704,0.31761,-0.78826,0.10467,-0.12143,0.13883
-0.52686,0.3092,-0.79171,0.0416,-0.18135,0.15408
-0.52129,0.31211,-0.79426,-0.01222,-0.19455,0.12995
-0.51892,0.32528,-0.79051,0.0525,-0.15216,-0.01006
-0.52089,0.34596,-0.78037,0.12671,-0.10438,-0.20881
-0.52558,0.37075,-0.76571,0.12894,-0.0871,-0.26033
-0.52951,0.3999,-0.74813,0.07489,-0.00834,0.34257
-0.52176,0.44371,-0.72861,-0.55302,0.86388,-0.56455
-0.51277,0.46416,-0.72223,-1.4621,1.459,-0.77168
-0.52316,0.47702,-0.70622,0.32431,-0.29652,0.42779
-0.50434,0.51264,-0.69486,0.11512,0.00096,0.29108
-0.48956,0.55783,-0.67019,0.10034,-0.04423,0.26641
-0.48299,0.59159,-0.64555,-0.46629,0.41834,0.30424
-0.48321,0.61923,-0.61891,-0.1021,-0.1108,0.17035
-0.47934,0.64881,-0.59099,-0.10597,-0.14039,0.14243
-0.47196,0.68036,-0.56067,0.15774,-0.04519,0.08322
-0.46379,0.71294,-0.52592,0.14899,0.11248,0.03068
-0.45231,0.74601,-0.48874,0.07886,0.05681,0.02993
-0.43619,0.77953,-0.44951,0.08957,-0.05188,0.09314
-0.41823,0.81038,-0.41031,0.22908,-0.12915,0.17348
-0.40156,0.83673,-0.3723,0.22865,-0.17649,0.14934
-0.3867,0.85727,-0.3399,0.1067,-0.19495,0.10377
-0.37366,0.87518,-0.30726,-0.02335,-0.1427,0.048
-0.36573,0.88987,-0.27266,-0.04779,-0.12321,0.04058
-0.36167,0.90047,-0.24149,-0.07609,0.03089,0.10407
-0.35823,0.90811,-0.21676,-0.0374,-0.06289,0.10038
-0.35458,0.91398,-0.19722,-0.01742,-0.10058,0.06506
-0.35094,0.91925,-0.17832,0.0262,-0.03883,-0.00702
-0.34769,0.92411,-0.15843,0.09483,0.16686,0.00788
-0.34345,0.92876,-0.13934,0.06817,0.06666,-0.01186
-0.33886,0.93284,-0.12234,-0.03788,-0.02775,-0.08897
-0.33413,0.93663,-0.10512,-0.0636,-0.01654,-0.11152
-0.32993,0.93979,-0.08891,0.00667,0.03187,-0.06189
-0.32443,0.94294,-0.07479,0.05897,0.16611,-0.0474
-0.32084,0.94537,-0.05747,0.03202,0.17603,-0.0872
-0.31981,0.94672,-0.0377,-0.10752,0.25851,-0.09763
-0.31948,0.94733,-0.02151,-0.10107,0.24906,-0.0528
-0.32114,0.94695,-0.01079,-0.08933,0.26809,-0.01153
-0.32511,0.94565,-0.00551,-0.26066,0.5912,0.12652
-0.33194,0.94326,-0.007,-0.24727,0.66529,0.29404
-0.33587,0.94171,-0.01873,-0.34899,0.31987,0.2106
-0.33965,0.93991,-0.03424,-0.24519,-0.1221,-0.08549
-0.35326,0.93386,-0.05558,-0.1087,-0.00718,-0.05049
-0.37154,0.92352,-0.09509,-0.09504,0.2457,-0.06273
-0.38885,0.90781,-0.15702,-0.06621,0.29321,-0.04979
-0.40575,0.88457,-0.22995,0.06263,0.11518,-0.02514
-0.41868,0.85773,-0.29831,0.17021,0.15956,0.17662
-0.42835,0.83271,-0.35084,0.20529,0.20289,0.24769
-0.43586,0.80946,-0.39343,0.09695,0.02038,0.24347
-0.44039,0.7807,-0.44333,-0.00607,-0.0896,0.20838
-0.44517,0.74501,-0.49676,-0.09381,-0.21633,0.22953
-0.45526,0.7045,-0.54444,-0.12635,-0.39967,0.25261
-0.46448,0.66267,-0.58746,0.02643,-0.1899,0.26956
-0.47108,0.61947,-0.62795,0.07728,-0.03554,0.30309
-0.47703,0.57638,-0.66349,0.17387,0.11417,0.30982
-0.48389,0.53268,-0.69434,0.08279,-0.01493,0.23004
-0.49075,0.48785,-0.72192,0.052,-0.01003,0.22695
-0.49833,0.44459,-0.74431,-0.02544,-0.08185,0.19
-0.50513,0.40436,-0.76245,0.01946,-0.08177,0.20578
-0.50974,0.37011,-0.77664,0.02407,-0.04752,0.21997
-0.5136,0.34361,-0.78622,0.01162,-0.08909,0.25221
-0.51559,0.3257,-0.79252,0.0645,-0.15405,0.19897
-0.51435,0.31809,-0.79641,0.06325,-0.14644,0.20286
-0.51079,0.32002,-0.79792,0.11908,-0.1154,0.06585
-0.50477,0.33178,-0.79694,0.03775,-0.09716,0.05991
-0.49958,0.35101,-0.79196,0.03255,-0.11639,0.05493
-0.49688,0.37411,-0.78304,-0.07287,-0.05807,-0.14501
-0.49981,0.39988,-0.7683,0.07604,0.02343,0.02695
-0.4974,0.43374,-0.7513,-0.20905,0.48326,-0.48123
-0.49548,0.44347,-0.74688,-0.84604,1.32775,-0.65951
-0.50432,0.45794,-0.73208,0.34354,-0.64968,0.70854
-0.48454,0.49452,-0.72157,0.03862,-0.74768,0.49549
-0.48327,0.53006,-0.69676,-0.20891,0.24933,0.24281
-0.47601,0.5579,-0.67982,-0.48043,0.38383,0.3349
-0.47255,0.5877,-0.65673,-0.33443,0.0288,0.30763
-0.46627,0.61799,-0.63299,0.03821,0.01331,0.2317
-0.4601,0.64936,-0.6055,0.03348,0.11505,0.17367
-0.45536,0.68014,-0.5745,0.02719,0.16207,0.13762
-0.4489,0.70997,-0.5426,0.03511,0.10866,0.09892
-0.43548,0.7414,-0.51055,0.08281,0.02329,0.06916
-0.42082,0.77217,-0.47608,0.19465,-0.05824,0.10942
-0.40736,0.80085,-0.43895,0.17162,-0.0673,0.14412
-0.39441,0.82712,-0.40038,0.1307,-0.0733,0.10893
-0.38375,0.84985,-0.36119,0.01468,-0.04651,0.14389
-0.37359,0.86928,-0.32367,-0.06826,-0.08313,0.18565
-0.36217,0.8862,-0.2889,-0.11735,-0.16969,0.16514
-0.35164,0.89914,-0.26053,-0.0795,-0.12465,0.12732
-0.34547,0.90763,-0.23841,-0.03608,-0.04995,0.08742
-0.34207,0.9143,-0.21684,0.05502,0.02242,0.0518
-0.33775,0.92035,-0.19711,0.10844,0.03884,0.04025
-0.33096,0.92653,-0.17884,0.11364,0.05781,0.07072
-0.32419,0.93211,-0.16141,0.03981,0.02157,0.03569
-0.31896,0.9364,-0.14627,-0.02338,0.00279,0.01741
-0.31542,0.93945,-0.13383,-0.05508,-0.02827,-0.00472
-0.31293,0.94178,-0.12291,-0.02302,-0.05111,0.00089
-0.31077,0.94375,-0.11283,0.01733,-0.03074,0.027
-0.30879,0.94531,-0.10496,0.01135,0.04305,0.00191
-0.30749,0.94658,-0.09702,-0.02093,0.00168,-0.02519
-0.30557,0.948,-0.08881,-0.02894,-0.04522,-0.0705
-0.30355,0.94946,-0.0797,0.02966,-0.0038,-0.05013
-0.30091,0.95098,-0.07114,-0.01205,0.03158,-0.03662
-0.29975,0.95195,-0.06261,-0.05857,0.0436,-0.05873
-0.30033,0.95225,-0.05468,-0.11894,0.09938,-0.11919
-0.29893,0.95324,-0.04421,-0.00829,0.22375,-0.08102
-0.29865,0.95373,-0.03429,0.0438,0.23114,-0.01483
-0.29849,0.95402,-0.0267,-0.09843,0.25676,0.03778
-0.29962,0.95383,-0.02021,-0.17638,0.41524,0.03579
-0.30206,0.95315,-0.01559,-0.19611,0.49478,0.01179
-0.30435,0.95241,-0.01612,-0.28096,0.67795,0.21168
-0.30594,0.95172,-0.02428,-0.40913,0.28381,0.06258
-0.31078,0.94987,-0.03357,-0.26387,0.08693,0.00889
-0.32597,0.9441,-0.04897,-0.05146,0.11648,0.04113
-0.34461,0.9352,-0.08128,-0.00602,0.37072,0.0011
-0.36307,0.92235,-0.13203,-0.02855,0.39003,0.01334
-0.38274,0.9016,-0.20149,-0.00383,0.24432,-0.03469
-0.39918,0.87379,-0.2777,0.11072,0.21096,0.00228
-0.41336,0.84266,-0.34502,0.15102,0.21992,0.11853
-0.42448,0.81189,-0.4008,0.17381,0.19326,0.2687
-0.42971,0.77962,-0.45554,-0.04688,-0.15454,0.30497
-0.43587,0.7429,-0.50804,-0.11835,-0.2398,0.35359
-0.44801,0.70015,-0.55593,0.0065,-0.3433,0.27251
-0.46131,0.6534,-0.60021,0.07448,-0.26124,0.24895
-0.4697,0.60475,-0.64316,0.12307,-0.16604,0.23036
-0.47992,0.55797,-0.677,0.16483,0.00649,0.27663
-0.49067,0.51177,-0.70521,0.13471,0.02239,0.28063
-0.50149,0.46628,-0.72876,0.10975,-0.05041,0.26674
-0.51206,0.42274,-0.74772,0.03708,-0.05363,0.25726
-0.52009,0.3835,-0.76317,0.03782,-0.04061,0.24576
-0.52495,0.35048,-0.77562,0.0688,-0.13179,0.24025
-0.52677,0.32664,-0.78474,0.088,-0.05425,0.19508
-0.52785,0.3119,-0.78999,0.04129,-0.03097,0.19902
-0.52786,0.3049,-0.79271,0.01187,-0.11097,0.14888
-0.52425,0.30661,-0.79445,0.0295,-0.17596,0.09551
-0.51695,0.31907,-0.79432,0.0789,-0.16755,-0.04723
-0.51028,0.34262,-0.78881,0.03635,-0.04396,-0.00291
-0.50492,0.37167,-0.77905,-0.15475,0.01176,-0.14884
-0.50627,0.40111,-0.76341,-0.12798,0.04006,-0.07419
-0.50803,0.43589,-0.7429,-0.50162,0.84228,-0.92218
-0.5055,0.44706,-0.73797,-0.49168,1.21484,-0.43386
-0.51101,0.46528,-0.72275,0.50051,-0.43896,0.69451
-0.48451,0.51028,-0.71053,-0.04633,-0.62614,0.38981
-0.48108,0.55087,-0.68198,-0.23796,0.74228,0.36298
-0.47238,0.58127,-0.66255,-0.50667,0.55371,0.29531
-0.46629,0.61455,-0.63631,-0.13719,-0.19059,0.18124
-0.45555,0.64938,-0.60891,0.09598,-0.11819,0.20793
-0.44681,0.68535,-0.57501,0.08174,0.05008,0.2202
-0.43839,0.71926,-0.53895,0.06516,0.07938,0.08404
-0.42757,0.75151,-0.50239,0.0785,-0.00075,0.04457
-0.41261,0.7842,-0.46344,0.12364,-0.1212,0.12544
-0.39535,0.81539,-0.42286,0.15522,-0.13642,0.09822
-0.37979,0.84361,-0.37955,0.19175,-0.14922,0.12217
-0.36485,0.86584,-0.34232,0.13621,-0.06261,0.08573
-0.35387,0.88392,-0.30568,0.04132,-0.05571,0.0581
-0.34669,0.89893,-0.26779,-0.06855,-0.07021,0.1481
-0.33839,0.91131,-0.23449,-0.04042,-0.0852,0.11927
-0.33215,0.92029,-0.2067,-0.02891,-0.07179,0.10259
-0.32736,0.92676,-0.1842,0.02201,0.03768,0.0334
-0.32264,0.9323,-0.16337,0.06556,0.03498,0.04483
-0.31797,0.93693,-0.14505,0.0602,-0.00585,0.01936
-0.31436,0.94055,-0.12855,0.02994,-0.00997,-0.00991
-0.31209,0.94325,-0.11338,0.03232,0.07431,0.03014
-0.31003,0.94541,-0.10026,0.03061,0.06281,0.01565
-0.30729,0.94752,-0.08803,0.0014,0.0396,-0.05423
-0.30494,0.94931,-0.07609,-0.01128,0.10782,-0.08803
-0.30165,0.95126,-0.06394,0.0571,0.16198,-0.06234
-0.29928,0.95262,-0.05402,0.0117,0.20847,-0.03166
-0.29862,0.95334,-0.0441,-0.19959,0.19208,-0.08491
-0.2991,0.9536,-0.03398,-0.16557,0.26308,-0.08188
-0.30368,0.95237,-0.02731,-0.1913,0.45239,0.00895
-0.31125,0.94989,-0.02828,-0.06491,0.54324,0.28307
-0.31708,0.94749,-0.04114,-0.16673,0.59516,0.38961
-0.31794,0.9462,-0.05984,-0.40166,-0.13807,0.05004
-0.32797,0.94154,-0.07688,-0.31659,-0.1988,0.04748
-0.34781,0.9314,-0.1072,-0.16569,0.10281,0.09044
-0.3662,0.91708,-0.1576,0.0648,0.43269,-0.09981
-0.38678,0.8953,-0.22096,0.10327,0.20028,-0.01202
-0.40387,0.86688,-0.2922,0.11226,0.17339,0.07882
-0.4166,0.83795,-0.35251,0.1449,0.19559,0.17736
-0.42539,0.81104,-0.40155,0.14539,0.20334,0.21184
-0.42971,0.78243,-0.45071,0.10639,0.1627,0.22503
-0.43675,0.75041,-0.49611,-0.14484,-0.14822,0.29647
-0.44897,0.7142,-0.53696,-0.10786,-0.19551,0.33251
-0.45896,0.67412,-0.57871,-0.00928,-0.12613,0.21957
-0.46368,0.63161,-0.62133,0.05392,-0.09236,0.15536
-0.46714,0.59029,-0.65828,0.12053,-0.05266,0.22213
-0.47438,0.55036,-0.68707,0.16749,-0.03124,0.28071
-0.48587,0.50753,-0.71157,0.1102,-0.01705,0.26148
-0.49972,0.46467,-0.73099,0.03122,-0.04336,0.2108
-0.51065,0.42362,-0.74818,0.02811,-0.07585,0.24325
-0.51653,0.38633,-0.76416,0.07993,-0.08049,0.23492
-0.52189,0.35463,-0.7758,0.09571,-0.03141,0.22892
-0.52843,0.32938,-0.78248,0.06367,-0.04373,0.22216
-0.53174,0.31292,-0.78698,0.03297,-0.08207,0.19339
-0.53129,0.30547,-0.79019,0.07457,-0.10308,0.15224
-0.52766,0.30612,-0.79238,0.14378,-0.12964,0.14252
-0.52164,0.31634,-0.79235,0.09067,-0.13056,0.10702
-0.51592,0.33509,-0.78837,0.01559,-0.06091,0.00866
-0.50994,0.36041,-0.78106,-0.0534,-0.06642,-0.0404
-0.50629,0.38819,-0.77005,-0.09566,-0.00088,-0.16737
-0.50707,0.41787,-0.75383,-0.47638,0.97748,-0.79157
-0.4959,0.43715,-0.75032,-1.0106,1.66705,-1.22514
-0.50813,0.44187,-0.73929,0.36179,0.46647,-0.08776
-0.48652,0.47334,-0.73433,-0.16048,-0.59154,0.37135
-0.47291,0.51725,-0.7133,-0.34133,-0.06968,0.14284
-0.46771,0.5459,-0.69515,-0.32367,0.71753,0.24258
-0.45919,0.57684,-0.67556,-0.16583,-0.13582,0.2921
-0.45246,0.60751,-0.65284,-0.06452,-0.27319,0.18336
-0.44557,0.63902,-0.62698,-0.04611,-0.06861,0.20579
-0.44156,0.66934,-0.59749,-0.03937,0.1253,0.11248
-0.4368,0.69886,-0.56637,0.00609,0.11246,0.06099
-0.42722,0.72988,-0.53362,0.16064,0.08385,0.09682
-0.41279,0.76231,-0.49847,0.18513,0.06084,0.09567
-0.3952,0.7936,-0.4626,0.15982,0.00529,0.1274
-0.37817,0.82237,-0.42506,0.02595,-0.15895,0.15828
-0.36295,0.84713,-0.3881,-0.02961,-0.19307,0.10846
-0.34837,0.86766,-0.35465,-0.05425,-0.1915,0.08872
-0.337,0.88484,-0.32167,0.00135,-0.13627,0.12857
-0.32856,0.89908,-0.28927,-0.00599,0.06309,0.11615
-0.32224,0.91097,-0.25743,-0.00323,0.05206,0.11287
-0.3161,0.92021,-0.23082,0.05917,-0.05195,0.09148
-0.31051,0.9276,-0.20766,0.04728,-0.0749,0.04374
-0.30712,0.93347,-0.18516,0.02237,-0.00392,0.02502
-0.3034,0.93875,-0.16327,0.05014,0.0435,0.03203
-0.29824,0.9439,-0.14168,0.00125,0.02286,0.03269
-0.2939,0.94797,-0.12224,-0.03811,0.0108,0.03081
-0.29214,0.95051,-0.10558,-0.05155,0.00205,0.02659
-0.29211,0.95185,-0.09285,-0.06821,0.04638,0.00032
-0.29111,0.95308,-0.08289,-0.07575,0.07665,-0.0173
-0.28861,0.95473,-0.07186,0.12037,0.07863,-0.04716
-0.28771,0.95594,-0.05807,-0.00552,0.1815,-0.0167
-0.28825,0.95649,-0.04478,-0.12386,0.2298,-0.06824
-0.28913,0.9567,-0.033,-0.10705,0.24428,-0.02577
-0.29148,0.95622,-0.02568,-0.24946,0.45327,0.04068
-0.29423,0.95539,-0.02499,-0.17172,0.51941,0.27509
-0.29348,0.95537,-0.03336,-0.37808,0.33487,0.23164
-0.29368,0.95494,-0.04248,-0.35911,-0.04549,0.00777
-0.30597,0.95038,-0.05603,-0.14186,0.11843,0.08209
-0.3211,0.94332,-0.0838,0.04301,0.29138,0.0856
-0.33753,0.93282,-0.12609,0.02941,0.30017,-0.03451
-0.35737,0.91674,-0.17844,-0.00928,0.1648,-0.07382
-0.37717,0.89465,-0.23941,0.03001,0.07448,-0.00621
-0.39117,0.8705,-0.29865,0.09537,0.11652,0.14369
-0.40119,0.84796,-0.34641,0.20024,0.1361,0.21869
-0.40804,0.8253,-0.39035,0.12102,0.07336,0.20365
-0.41482,0.79815,-0.43688,-0.15996,-0.21443,0.22126
-0.42271,0.76787,-0.48132,-0.17687,-0.23548,0.28903
-0.43176,0.73579,-0.52171,-0.07652,-0.18195,0.29559
-0.43822,0.70095,-0.56268,0.0825,-0.08983,0.10722
-0.44191,0.6647,-0.60239,0.07486,-0.0643,0.13637
-0.44726,0.62739,-0.63744,0.0865,-0.02731,0.18361
-0.45802,0.58999,-0.66492,0.0704,0.01264,0.21839
-0.47135,0.5495,-0.68983,0.05455,0.03948,0.23253
-0.48489,0.50855,-0.71151,0.03539,0.07407,0.1934
-0.49729,0.46828,-0.73035,-0.04842,-0.06096,0.13367
-0.50829,0.43073,-0.74572,-0.03484,-0.07803,0.18644
-0.51719,0.39641,-0.75853,0.01864,-0.01158,0.23271
-0.52499,0.3668,-0.76801,0.05463,0.0566,0.17435
-0.53195,0.34268,-0.77433,0.05241,-0.02652,0.13221
-0.53722,0.32367,-0.77886,0.04204,-0.07993,0.12742
-0.54009,0.30927,-0.78272,0.03622,-0.07688,0.13404
-0.5415,0.29866,-0.78586,0.05067,-0.09376,0.13378
-0.54207,0.29302,-0.78759,0.08816,-0.08475,0.13018
-0.54192,0.29306,-0.78767,0.10062,-0.11425,0.10953
-0.54016,0.2995,-0.78646,0.10339,-0.11258,0.07252
-0.53757,0.31217,-0.7833,0.04645,-0.04816,0.05595
-0.53265,0.33095,-0.77894,-0.06433,-0.02499,0.05305
-0.52557,0.35463,-0.77331,-0.11258,-0.03231,-0.00414
-0.51977,0.37779,-0.76623,-0.32376,0.2155,-0.3356
-0.51823,0.38496,-0.7637,-0.75283,0.78905,-0.24564
-0.52944,0.38332,-0.75681,-0.33678,0.36389,-0.10168
-0.52969,0.40132,-0.74724,-0.05688,0.13148,-0.06168
-0.52028,0.42856,-0.73867,-0.07604,-0.0285,0.24639
-0.51272,0.46585,-0.72118,-0.23829,0.28377,0.14862
-0.49944,0.49907,-0.70816,-0.25271,0.42,0.14682
-0.49062,0.5296,-0.69196,-0.00438,0.01736,0.15869
-0.47959,0.56258,-0.67341,0.05735,-0.07632,0.20941
-0.46659,0.59798,-0.65169,0.02971,0.04899,0.16115
-0.45624,0.63227,-0.62615,0.01925,0.20453,0.14303
-0.44594,0.66569,-0.59832,0.0114,0.19442,0.13784
-0.43479,0.69852,-0.56834,0.00207,-0.02079,0.0985
-0.42235,0.73067,-0.5364,0.05953,-0.12938,0.09654
-0.40918,0.76164,-0.50245,0.11304,-0.13837,0.09809
-0.3967,0.79051,-0.46659,0.15122,-0.10612,0.1317
-0.38513,0.81626,-0.43055,0.15109,-0.02534,0.12409
-0.37406,0.83965,-0.39377,0.07821,-0.04915,0.1291
-0.36268,0.85945,-0.36028,0.01592,-0.0991,0.06569
-0.35343,0.8765,-0.32683,-0.01235,-0.20421,0.07007
-0.34493,0.89104,-0.29506,-0.00895,-0.12626,0.01448
-0.33838,0.90238,-0.2668,0.02197,0.01733,0.08327
-0.33219,0.91169,-0.24176,0.02256,0.02781,0.05794
-0.32587,0.9195,-0.21978,0.01398,-0.03012,0.08091
-0.31956,0.92644,-0.19892,0.0115,-0.04685,0.07287
-0.31469,0.9319,-0.18029,0.01052,0.06993,0.02131
-0.311,0.9361,-0.16425,-0.00164,0.05084,-0.00378
-0.30732,0.93952,-0.15111,-0.01558,-0.02701,-0.01017
-0.30348,0.94277,-0.13807,0.02322,-0.04231,0.00953
-0.3005,0.94546,-0.12564,0.04653,0.01095,0.00268
-0.2973,0.94791,-0.11425,0.0661,0.0914,-0.02363
-0.29331,0.9505,-0.10244,-0.04987,0.09496,-0.06673
-0.28873,0.95313,-0.09032,-0.09622,0.05241,-0.08935
-0.2832,0.95581,-0.07868,-0.05651,0.03727,-0.10485
-0.27793,0.95816,-0.06817,-0.02841,0.08441,0.00546
-0.27503,0.95986,-0.05472,-0.15542,0.07281,-0.0269
-0.27193,0.96157,-0.03751,-0.1697,0.2889,-0.09831
-0.2716,0.96222,-0.01847,-0.1347,0.3739,-0.07209
-0.27433,0.9616,-0.00557,0.01553,0.52327,0.12525
-0.27725,0.96077,-0.00379,-0.22853,0.4826,0.10005
-0.2798,0.95995,-0.01351,-0.44356,0.15439,-0.05826
-0.28471,0.95818,-0.02823,-0.28789,0.1412,0.05902
-0.29199,0.9552,-0.04797,0.00203,0.12036,0.17734
-0.30207,0.94986,-0.08059,0.08332,0.22072,0.17138
-0.31473,0.94049,-0.12803,-0.02106,0.30731,0.08072
-0.32905,0.9257,-0.18652,-0.09262,0.23481,0.01138
-0.34236,0.90565,-0.25013,-0.09042,0.15412,0.09015
-0.35292,0.88255,-0.31068,-0.0088,0.17505,0.16727
-0.36452,0.85658,-0.36521,-0.00857,0.15419,0.19025
-0.37816,0.82491,-0.42013,-0.10756,0.12864,0.21273
-0.39481,0.78835,-0.47182,-0.16943,0.05639,0.30423
-0.41068,0.74757,-0.52198,-0.10806,-0.17574,0.29587
-0.42438,0.70238,-0.57144,0.04624,-0.16603,0.21367
-0.43522,0.6569,-0.61567,0.08583,-0.08553,0.21266
-0.44441,0.61086,-0.65524,0.13397,-0.01585,0.28794
-0.45862,0.56464,-0.68617,0.11392,-0.04214,0.33476
-0.47407,0.51677,-0.71288,0.09204,-0.0158,0.34245
-0.4901,0.47037,-0.73386,0.08914,-0.09241,0.2934
-0.50463,0.42666,-0.75053,0.1394,-0.1596,0.25966
-0.51888,0.38655,-0.76246,0.15364,-0.11949,0.27158
-0.53006,0.35368,-0.77067,0.04532,-0.09242,0.2435
-0.53784,0.32933,-0.77606,0.02096,-0.11826,0.21345
-0.54237,0.31524,-0.77875,0.02549,-0.10417,0.21614
-0.54276,0.3118,-0.77986,0.09165,-0.1811,0.11049
-0.53986,0.3163,-0.78007,0.09995,-0.18715,0.06951
-0.53486,0.32899,-0.77826,0.077,-0.18349,0.04456
-0.53198,0.34882,-0.77156,-0.05095,-0.12331,-0.07508
-0.53068,0.37157,-0.76178,-0.2062,-0.011,-0.26036
-0.53471,0.39048,-0.7494,-0.25052,0.00344,-0.228
-0.53639,0.40143,-0.74238,-0.84264,0.96898,-0.476
-0.54837,0.4193,-0.72351,0.39795,0.1024,0.3003
-0.5234,0.45144,-0.72267,0.23459,-0.38814,0.42239
-0.51121,0.49399,-0.7033,-0.23309,-0.02749,0.29324
-0.49421,0.52958,-0.68941,-0.33649,0.44906,0.20775
-0.48324,0.56326,-0.67023,-0.29809,0.29989,0.2622
-0.47224,0.59534,-0.65004,-0.03112,-0.02049,0.16383
-0.46097,0.62979,-0.62518,-0.04234,0.00637,0.1642
-0.45294,0.66203,-0.59712,-0.03699,0.04726,0.14015
-0.44378,0.69326,-0.56784,0.07121,0.10977,0.11331
-0.4303,0.72614,-0.53623,0.10347,0.06934,0.10343
-0.4137,0.75905,-0.50267,0.1364,-0.03229,0.16113
-0.39607,0.79218,-0.4643,0.14387,-0.12306,0.16129
-0.37734,0.8227,-0.42517,0.12297,-0.11928,0.11447
-0.36211,0.8473,-0.38851,0.07018,-0.14078,0.11763
-0.34882,0.86789,-0.35365,0.00087,-0.12468,0.06223
-0.33551,0.88726,-0.31651,-0.02741,-0.10818,0.0272
-0.32374,0.90358,-0.28058,-0.07762,-0.08386,0.14333
-0.31109,0.91716,-0.24904,-0.02335,-0.07371,0.13556
-0.30162,0.92738,-0.2213,-0.00896,-0.05337,0.05762
-0.29445,0.93526,-0.19638,0.01238,-0.02028,-0.00411
-0.2875,0.94176,-0.17438,0.05377,0.04771,0.01094
-0.27993,0.94755,-0.15414,0.01289,0.03162,0.02995
-0.27234,0.95278,-0.1342,-0.01362,-0.02684,-0.0047
-0.2645,0.95731,-0.11651,-0.04756,-0.05539,0.00028
-0.25712,0.96108,-0.10092,-0.03866,-0.08184,-0.00417
-0.25037,0.96418,-0.08742,-0.01883,-0.06178,-0.04316
-0.24408,0.96687,-0.07457,0.06685,0.06861,-0.02498
-0.23845,0.96934,-0.05907,0.06738,0.08057,-0.02688
-0.2336,0.97141,-0.04195,0.04118,0.05125,-0.04496
-0.23143,0.97255,-0.02384,0.08302,0.02556,-0.09903
-0.22978,0.97321,-0.00648,0.15107,0.09941,-0.02175
-0.22704,0.97382,0.01018,0.07096,0.09607,0.00271
-0.22432,0.97413,0.02696,-0.27065,0.18134,0.02623
-0.22578,0.9732,0.0433,-0.23227,0.49955,-0.05296
-0.23154,0.97128,0.05465,-0.18955,0.55123,0.052
-0.2343,0.97044,0.05762,-0.32428,0.50684,0.1844
-0.23627,0.97009,0.05548,-0.46502,0.13276,0.03014
-0.24097,0.96898,0.0546,-0.37353,0.23973,0.0439
-0.24894,0.96767,0.04029,0.01443,0.13109,0.09991
-0.25875,0.96583,0.01404,-0.03412,0.13064,-0.00446
-0.27074,0.96238,-0.02227,-0.02214,0.13408,0.03186
-0.28352,0.95655,-0.06777,-0.04888,0.14283,-0.04151
-0.29524,0.94751,-0.12262,-0.01442,0.1044,0.01613
-0.30439,0.93418,-0.18607,-0.00527,0.11773,0.07958
-0.31216,0.91785,-0.24513,-0.03077,0.09498,0.1851
-0.32166,0.89944,-0.29583,-0.04431,0.06772,0.18713
-0.32955,0.88035,-0.34113,-0.02242,0.00785,0.24474
-0.3301,0.86259,-0.38336,-0.0076,-0.19642,0.26009
-0.33081,0.84487,-0.4204,-0.09381,-0.44219,0.29445
-0.33931,0.82429,-0.45321,-0.09743,-0.40306,0.31232
-0.3481,0.80243,-0.48469,-0.07083,-0.27612,0.23925
-0.35614,0.78034,-0.51402,-0.05301,-0.22394,0.20584
-0.36549,0.75824,-0.53989,-0.05942,-0.17604,0.25729
-0.37528,0.736,-0.56343,-0.00355,-0.02498,0.30347
-0.38612,0.71479,-0.58307,0.00448,-0.03048,0.30167
-0.39687,0.69504,-0.5995,-0.00505,-0.04172,0.28544
-0.4064,0.67814,-0.61234,-0.04616,-0.10836,0.22139
-0.415,0.66533,-0.62057,-0.02876,-0.12198,0.21144
-0.42307,0.65777,-0.62317,0.01426,-0.14255,0.18156
-0.42999,0.65643,-0.61984,0.05261,-0.20434,0.16993
-0.43495,0.66181,-0.61059,0.03801,-0.20409,0.17004
-0.43619,0.67334,-0.59695,-0.00572,-0.22244,0.1977
-0.43321,0.68989,-0.57997,0.00914,-0.25254,0.16594
-0.42727,0.71087,-0.55865,0.04423,-0.29481,0.113
-0.41876,0.73575,-0.53226,0.06775,-0.33956,0.07716
-0.40828,0.76344,-0.50045,-0.03611,-0.25908,-0.01931
-0.39637,0.79459,-0.45989,-0.14661,-0.05665,-0.11413
-0.38041,0.82749,-0.41297,-0.22546,0.16171,-0.23132
-0.36467,0.85453,-0.36983,-0.15931,0.6991,-0.4444
-0.35939,0.86249,-0.35627,-0.35709,0.97724,-0.49685
-0.36323,0.85341,-0.37381,-0.30796,-0.04796,-0.21444
-0.37063,0.84023,-0.39577,-0.14598,-0.80794,-0.2388
-0.37595,0.83496,-0.40185,0.1218,-0.03921,0.18594
-0.37406,0.84868,-0.37391,-0.37569,0.56262,0.47263
-0.36624,0.86763,-0.33627,-0.70801,0.41567,0.35253
-0.3548,0.87847,-0.31999,-0.33645,-0.18302,0.10532
-0.34524,0.88299,-0.318,-0.11412,-0.4359,0.06617
-0.33737,0.888,-0.31243,0.04594,-0.27715,0.38079
-0.32681,0.90041,-0.28712,0.06509,0.00294,0.5077
-0.31749,0.91382,-0.25319,0.09663,0.17464,0.36678
-0.30813,0.92379,-0.22728,-0.06154,0.14947,-0.00138
-0.29546,0.93211,-0.20944,-0.08811,0.07563,-0.0545
-0.27623,0.94173,-0.19188,-0.07764,0.00598,-0.02922
-0.25476,0.95205,-0.16933,-0.113,-0.11154,0.18807
-0.2354,0.9612,-0.14377,-0.13995,-0.12271,0.1572
-0.22287,0.96767,-0.11799,-0.16517,-0.082,0.11914
-0.21432,0.97182,-0.09799,-0.11844,0.03875,0.09582
-0.2056,0.97518,-0.08201,-0.10441,-0.01498,0.10094
-0.1961,0.97835,-0.06596,-0.0922,0.00802,0.1175
-0.18537,0.98159,-0.04579,-0.03375,-4e-05,0.19093
-0.17356,0.98451,-0.02444,-0.05462,-0.03201,0.18503
-0.16231,0.98672,-0.00339,-0.07696,-0.03733,0.16303
-0.15257,0.98812,0.01775,-0.09036,-0.02881,0.12473
-0.14466,0.9888,0.03631,-0.08122,0.02028,0.04147
-0.13911,0.98902,0.04969,-0.08677,0.02006,0.0281
-0.1344,0.98888,0.06346,-0.09871,-0.05786,-0.00521
-0.13139,0.98817,0.07896,-0.09373,-0.06626,0.07595
-0.13046,0.98699,0.09382,-0.09465,-0.06509,0.06109
-0.13048,0.98567,0.10675,-0.11487,-0.06526,-0.01288
-0.13069,0.98421,0.1193,-0.07135,-0.04913,-0.07601
-0.13083,0.98229,0.13399,-0.05878,-0.02448,-0.06406
-0.13079,0.98006,0.14948,-0.06232,0.02136,-0.03499
-0.13064,0.97805,0.16224,-0.09209,0.02457,-0.11874
-0.1299,0.97655,0.17159,-0.03779,0.07437,-0.16251
-0.1306,0.97491,0.18019,-0.16523,0.11289,-0.08821
-0.13173,0.97303,0.18927,-0.22979,-0.00801,-0.22628
-0.13267,0.97177,0.195,-0.22885,-0.00675,-0.23202
-0.13363,0.97109,0.19772,-0.12036,-0.01519,-0.21942
-0.13526,0.9703,0.2005,-0.00352,0.02468,-0.21605
-0.13828,0.9693,0.20323,0.02941,0.03302,-0.21549
-0.1422,0.96855,0.20412,-0.00647,0.04491,-0.17983
-0.14653,0.9686,0.2008,-0.0776,0.07189,-0.14351
-0.15164,0.9697,0.19148,-0.14285,0.17827,-0.02186
-0.15859,0.97196,0.17353,-0.23201,0.20748,-0.02812
-0.16644,0.97536,0.14473,-0.11738,0.22319,0.14117
-0.17718,0.97825,0.10772,-0.204,0.14481,0.20093
-0.19768,0.97837,0.06074,-0.39766,0.03814,0.1917
-0.22799,0.97364,0.00538,-0.55467,0.01019,0.03617
-0.25262,0.9661,-0.05304,-0.61524,-0.02465,0.04809
-0.26569,0.95821,-0.10591,-0.21383,0.04376,-0.00261
-0.28128,0.94918,-0.14111,0.00345,0.07592,0.2776
-0.2985,0.93938,-0.16867,0.04716,0.09714,0.41444
-0.31418,0.92612,-0.20872,-0.00044,0.09638,0.38088
-0.33072,0.90907,-0.25337,-0.15739,-0.12788,0.17823
-0.34803,0.88925,-0.2968,-0.13642,-0.13312,0.14285
-0.36394,0.86892,-0.33542,-0.1267,-0.20603,0.01786
-0.38049,0.85091,-0.36217,-0.12225,-0.19878,0.06058
-0.39627,0.8369,-0.37756,-0.09549,-0.14282,0.16791
-0.40917,0.82573,-0.38825,-0.0895,-0.13162,0.16079
-0.4191,0.81643,-0.39722,-0.08044,-0.12067,0.12077
-0.42625,0.80932,-0.40409,0.00453,-0.18045,-0.00817
-0.4303,0.80525,-0.40792,0.0383,-0.20062,-0.04779
-0.432,0.80448,-0.40766,0.04961,-0.20964,-0.06019
-0.43196,0.80733,-0.40202,0.06262,-0.2103,-0.0368
-0.4306,0.81317,-0.39157,0.00517,-0.21705,-0.02247
-0.42722,0.82144,-0.37776,0.00179,-0.22533,-0.03629
-0.42079,0.83243,-0.36053,-0.04384,-0.21262,-0.05528
-0.41213,0.84522,-0.3402,-0.06808,-0.18751,-0.09437
-0.40287,0.8581,-0.31837,-0.09889,-0.1151,-0.15507
-0.39427,0.86927,-0.29816,-0.11336,-0.07095,-0.19151
-0.38661,0.87749,-0.28377,-0.12203,0.05715,-0.3059
-0.38107,0.88172,-0.27808,-0.14563,0.06393,-0.38247
-0.37966,0.88137,-0.28111,-0.17089,0.07798,-0.42449
-0.38167,0.8774,-0.29066,-0.23558,-0.07498,-0.37807
-0.38258,0.8735,-0.30101,-0.12272,-0.25627,-0.33309
-0.38353,0.87175,-0.30486,-0.04974,-0.32544,-0.31692
-0.38282,0.87535,-0.29528,-0.08797,-0.26558,-0.19892
-0.37539,0.88537,-0.27419,-0.19644,-0.01231,-0.1192
-0.36428,0.89796,-0.24687,-0.34133,0.28486,-0.11472
-0.35504,0.90866,-0.21968,-0.43566,0.48246,-0.02983
-0.3495,0.91477,-0.20256,-0.45518,0.27389,0.12388
-0.34373,0.91782,-0.19858,-0.14196,-0.39138,0.15587
-0.33786,0.92105,-0.19362,0.04535,-0.50621,0.269
-0.33091,0.92807,-0.17078,0.04537,-0.18934,0.29901
-0.32663,0.9354,-0.13534,0.05788,0.07182,0.14385
-0.32353,0.94062,-0.10266,-0.00894,0.20852,-0.01364
-0.31593,0.94558,-0.07777,-0.06938,0.0679,-0.08455
-0.30044,0.95219,-0.05518,-0.03793,0.01703,-0.06221
-0.28213,0.95894,-0.02838,-0.09159,-0.08605,0.0818
-0.26548,0.9641,-0.00261,-0.12008,-0.12136,-0.03172
-0.25285,0.96735,0.0168,-0.11792,-0.09843,-0.09206
-0.24537,0.96894,0.03044,-0.06652,-0.11086,-0.08687
-0.24055,0.96951,0.04648,-0.05817,-0.01643,0.02589
-0.23561,0.96958,0.06612,-0.03969,-0.01708,0.03199
-0.22886,0.9696,0.08649,0.04497,0.07301,0.00534
-0.22015,0.9698,0.10482,0.07262,0.07376,0.04876
-0.21003,0.96971,0.12458,0.01913,0.00522,0.06197
-0.20294,0.96841,0.14483,-0.09384,-0.09696,0.03945
-0.19826,0.96673,0.16153,-0.07678,0.08991,-0.03784
-0.19425,0.96553,0.17317,-0.05039,0.10677,-0.04729
-0.19097,0.96461,0.18174,0.04734,0.03171,-0.11901
-0.18975,0.96306,0.191,0.0486,0.06319,-0.13722
-0.1908,0.9608,0.20109,-0.00804,0.14023,-0.14842
-0.19335,0.95805,0.21147,-0.00803,0.04999,-0.1322
-0.19858,0.95505,0.22002,-0.04266,-0.03847,-0.21728
-0.20494,0.95199,0.22733,-0.02092,-0.04248,-0.20896
-0.21269,0.94849,0.23473,0.01138,0.01777,-0.17096
-0.22216,0.9443,0.2427,0.01896,0.04186,-0.16051
-0.23063,0.93997,0.25147,0.00406,0.06153,-0.17477
-0.23775,0.93549,0.26137,0.00598,-0.01083,-0.2162
-0.24492,0.93066,0.27177,-0.02229,0.04928,-0.24737
-0.25262,0.92586,0.28095,-0.02988,0.1078,-0.26195
-0.26127,0.92085,0.28939,-0.06824,0.34728,-0.16886
-0.27137,0.91612,0.29506,-0.01501,0.42937,-0.14037
-0.28136,0.91255,0.29674,-0.04335,0.57089,-0.06932
-0.28923,0.91101,0.29388,-0.37743,0.25413,-0.22076
-0.29381,0.91082,0.2899,-0.31757,0.25077,-0.19426
-0.30318,0.91183,0.2768,-0.09395,0.26337,-0.10275
-0.31716,0.91371,0.25399,-0.00277,0.21393,-0.01108
-0.33363,0.91629,0.22152,0.01426,0.20475,0.05703
-0.35094,0.91937,0.17766,-0.00246,0.15013,0.08665
-0.36668,0.92168,0.12656,-0.07076,0.07272,-0.08537
-0.38082,0.92153,0.07576,-0.03801,0.07675,-0.05796
-0.39164,0.91962,0.02981,-0.00275,0.08932,-0.00658
-0.4006,0.91607,-0.01762,0.02938,0.09992,0.04455
-0.41249,0.90846,-0.0673,-0.08347,0.12555,0.04544
-0.42452,0.89826,-0.11351,-0.15146,-0.0496,0.03167
-0.43312,0.88628,-0.16401,-0.1187,-0.11438,-0.05225
-0.43776,0.87239,-0.21745,-0.00563,-0.12782,-0.00215
-0.44218,0.85575,-0.26861,0.05284,-0.14492,0.06593
-0.4461,0.83589,-0.31978,-0.00483,-0.10191,0.09661
-0.45094,0.81184,-0.37089,-0.02318,-0.07113,0.09986
-0.45467,0.78424,-0.42218,0.06682,-0.11241,0.06781
-0.45749,0.75496,-0.46981,0.11288,-0.16338,0.10033
-0.4656,0.7225,-0.51108,0.04931,-0.05915,0.0811
-0.47765,0.68667,-0.54802,-0.05651,-0.03609,0.06825
-0.48961,0.64893,-0.58238,-0.04622,-0.11452,0.02301
-0.50137,0.61011,-0.61351,0.03158,-0.10606,0.0413
-0.51277,0.57248,-0.63978,0.03908,-0.16745,0.10165
-0.52116,0.53882,-0.66186,0.02743,-0.18685,0.09019
-0.52826,0.5105,-0.67847,0.06268,-0.21877,0.12987
-0.53507,0.48729,-0.6901,0.06954,-0.16768,0.14362
-0.54125,0.46976,-0.6974,0.10005,-0.18071,0.09882
-0.54497,0.45853,-0.70196,0.07745,-0.2327,0.05373
-0.54531,0.4537,-0.70483,0.06628,-0.24958,0.06697
-0.54384,0.45459,-0.70539,0.05412,-0.25356,0.04681
-0.54215,0.46113,-0.70244,0.12673,-0.23131,-0.04367
-0.53984,0.47335,-0.69606,0.11072,-0.18609,-0.11091
-0.53591,0.49039,-0.68724,-0.02889,-0.103,-0.3714
-0.53686,0.50289,-0.6774,-0.21057,-0.20978,0.36716
-0.54848,0.51821,-0.65622,-0.00172,-0.22784,0.41713
-0.53846,0.54104,-0.64601,-1.02326,1.27696,-1.04416
-0.54861,0.54928,-0.63033,0.25013,-0.23192,0.14602
-0.52894,0.57809,-0.62131,0.13505,-0.60719,0.35847
-0.51294,0.61833,-0.59544,-0.17126,0.50631,0.05079
-0.50144,0.65012,-0.57087,-0.11959,0.69348,0.05859
-0.49173,0.67919,-0.54487,-0.06633,0.14048,0.16548
-0.48056,0.70671,-0.51925,0.00938,-0.39402,-0.03724
-0.47278,0.73221,-0.49023,0.06067,-0.25666,-0.01369
-0.46582,0.75713,-0.45799,0.13501,-0.01732,-0.01015
-0.45884,0.78116,-0.42337,0.13641,0.09512,-0.01735
-0.45106,0.80348,-0.38852,0.0886,-0.01825,-0.02861
-0.43957,0.82512,-0.35487,0.09394,-0.09009,-0.04541
-0.42673,0.84609,-0.3194,0.16203,-0.11506,0.02797
-0.41655,0.86429,-0.28191,0.12444,-0.12125,0.00797
-0.40808,0.87971,-0.24407,0.11866,-0.10792,-0.00665
-0.40054,0.89225,-0.20842,0.08431,-0.03625,-0.03409
-0.39445,0.90175,-0.17673,0.04708,-0.06551,-0.04115
-0.38816,0.90946,-0.14896,0.03168,-0.05512,-0.0628
-0.38227,0.91555,-0.12495,0.07596,-0.12811,-0.06451
-0.3772,0.92018,-0.1047,0.09955,-0.08481,-0.07561
-0.37353,0.92364,-0.08565,0.10667,-0.03538,-0.07926
-0.3693,0.92688,-0.06697,0.09378,0.07759,-0.06078
-0.36406,0.93,-0.05034,0.09773,0.10665,-0.04321
-0.35965,0.93243,-0.03473,0.07395,0.08137,-0.05124
-0.35694,0.93386,-0.02185,0.01951,-0.09663,-0.13006
-0.35515,0.93472,-0.0121,0.02644,-0.10351,-0.14005
-0.35345,0.93544,-0.00262,0.06595,0.05793,-0.14152
-0.35195,0.93598,0.00697,0.13387,0.15206,-0.11544
-0.35073,0.93632,0.01638,0.11126,0.06684,-0.09646
-0.3498,0.93645,0.02615,0.0236,-0.03821,-0.11117
-0.34802,0.93673,0.0372,-0.02652,-0.0368,-0.09849
-0.34553,0.9371,0.04937,-0.01039,0.02042,-0.12307
-0.34329,0.93726,0.06064,0.05854,0.10969,-0.12076
-0.34301,0.93668,0.07036,0.09023,0.09575,-0.07291
-0.34517,0.93506,0.08056,0.02678,0.01185,-0.05306
-0.34728,0.93317,0.09256,-0.00428,0.03775,-0.10932
-0.34703,0.93179,0.10636,0.07173,0.13775,-0.11527
-0.34603,0.93062,0.1191,0.13047,0.26828,-0.03356
-0.34721,0.92905,0.12762,0.00688,0.30758,-0.0226
-0.34774,0.92795,0.134,-0.17181,0.34619,-0.13025
-0.34736,0.92734,0.13914,-0.21141,0.31322,-0.22391
-0.3492,0.92652,0.13994,-0.10287,0.31022,-0.15378
-0.35452,0.92487,0.13748,-0.02436,0.29585,0.01343
-0.36394,0.92306,0.12444,-0.10018,0.21075,-0.09969
-0.37548,0.92122,0.10166,-0.10117,0.1799,-0.12711
-0.38773,0.91894,0.07208,-0.14266,0.12806,-0.17204
-0.401,0.91547,0.03311,-0.02022,0.1423,-0.28508
-0.41544,0.90949,-0.01468,-0.00578,0.14828,-0.23729
-0.42678,0.90167,-0.06951,0.18086,0.2483,-0.18487
-0.43429,0.8916,-0.12809,0.18771,0.23735,-0.01298
-0.44023,0.87885,-0.18385,0.13747,0.19177,0.0532
-0.44671,0.86303,-0.23583,-0.084,-0.08983,0.02214
-0.45215,0.84401,-0.28844,-0.05586,-0.1325,0.01767
-0.4573,0.82154,-0.34049,-0.00628,-0.14124,0.04679
-0.46287,0.79555,-0.39094,0.11312,-0.21045,0.01398
-0.46937,0.76752,-0.43657,0.15857,-0.16478,0.03943
-0.47658,0.73721,-0.47893,0.15265,-0.1438,0.09656
-0.48502,0.70425,-0.51843,0.13881,-0.12967,0.10634
-0.4956,0.66976,-0.55299,0.09674,-0.11492,0.09805
-0.50833,0.63469,-0.58203,0.05169,-0.09334,0.10051
-0.52065,0.5983,-0.60905,0.05345,-0.15581,0.05772
-0.53195,0.56285,-0.63264,0.06115,-0.20169,0.07438
-0.54011,0.52975,-0.65395,0.06875,-0.13949,0.08086
-0.54755,0.50194,-0.66951,0.06671,-0.08208,0.10685
-0.55459,0.4792,-0.68029,0.1339,-0.18951,0.09017
-0.56065,0.46127,-0.68767,0.13967,-0.18199,0.0843
-0.56438,0.45016,-0.69197,0.09203,-0.15673,0.08694
-0.56505,0.44647,-0.69381,0.08299,-0.17931,0.06107
-0.56165,0.45044,-0.694,0.08574,-0.21479,0.04599
-0.55593,0.46103,-0.69166,0.08164,-0.17801,-0.12202
-0.54894,0.47763,-0.68595,0.06716,-0.16575,-0.14054
-0.54121,0.49821,-0.6774,-0.00894,-0.15361,-0.23566
-0.53728,0.51874,-0.66501,-0.14215,0.30947,-0.3103
-0.53392,0.53833,-0.65201,-0.5649,0.94261,-0.50176
-0.53274,0.55167,-0.64174,-0.4758,0.82606,-0.67245
-0.52685,0.57182,-0.62885,0.28777,-0.35684,0.32016
-0.50914,0.60435,-0.6128,-0.12057,-0.25357,0.10262
-0.50174,0.63524,-0.58713,-0.11701,0.37166,0.22057
-0.48706,0.66393,-0.56741,-0.31873,0.18577,0.14189
-0.47829,0.68978,-0.54354,-0.11012,-0.1801,0.08384
-0.46953,0.71555,-0.51722,0.00145,-0.15356,0.06089
-0.46292,0.74017,-0.48769,0.03828,0.04169,0.02849
-0.45886,0.76281,-0.45558,0.05675,0.073,-0.00541
-0.45311,0.7851,-0.42225,0.06467,0.06988,-0.03881
-0.44264,0.80894,-0.38688,0.15022,-0.02047,-0.04162
-0.42894,0.83306,-0.34929,0.24063,-0.08004,-0.04296
-0.41416,0.85523,-0.31149,0.22991,-0.11521,-0.03683
-0.40008,0.87475,-0.27336,0.20847,-0.14709,0.01916
-0.38799,0.89122,-0.23487,0.11818,-0.18502,-0.0447
-0.3786,0.9037,-0.19994,0.05051,-0.1728,-0.10582
-0.37051,0.91403,-0.16508,-0.0321,-0.09097,-0.05395
-0.36444,0.92169,-0.13287,0.03848,-0.09034,-0.04143
-0.36034,0.92681,-0.10564,0.03438,-0.09546,-0.06866
-0.35661,0.93071,-0.08115,0.08281,0.065,-0.10789
-0.35227,0.93417,-0.05655,0.08573,0.0269,-0.094
-0.3486,0.93666,-0.03353,0.08205,0.02442,-0.11701
-0.34547,0.93834,-0.01233,-0.00022,-0.05206,-0.13389
-0.34314,0.93922,0.0098,0.01355,0.06531,-0.12548
-0.34106,0.93954,0.03027,0.01147,0.06499,-0.14595
-0.34086,0.93891,0.04729,0.06729,0.02867,-0.1698
-0.34007,0.93832,0.06228,0.05616,-0.01391,-0.21613
-0.33648,0.93853,0.07686,0.08349,0.08155,-0.2159
-0.33252,0.93864,0.09137,0.14403,0.18433,-0.15812
-0.33041,0.93783,0.10623,-0.13711,0.14468,-0.15811
-0.32985,0.93628,0.12061,-0.17984,0.17778,-0.18709
-0.33307,0.93362,0.13184,-0.08171,0.24336,-0.16186
-0.33922,0.93037,0.13897,-0.1564,0.59167,-0.14697
-0.34758,0.92706,0.1404,-0.1596,0.59989,-0.1361
-0.35519,0.9254,0.13206,-0.12551,0.53817,0.08212
-0.36116,0.92515,0.11672,-0.36479,0.00285,-0.09444
-0.37286,0.92197,0.10446,-0.25627,-0.06481,-0.0547
-0.3901,0.91682,0.08506,0.12157,0.23023,-0.22553
-0.4064,0.91212,0.05332,0.09724,0.28319,-0.25282
-0.42318,0.90598,0.00974,0.04649,0.29289,-0.27358
-0.44215,0.89558,-0.04912,0.04736,0.09452,-0.27272
-0.45659,0.88258,-0.11203,0.18533,0.1202,-0.06684
-0.4647,0.86959,-0.16686,0.26008,0.20733,0.0772
-0.47008,0.85615,-0.21452,0.17708,0.11508,0.10628
-0.47513,0.84049,-0.26039,0.10954,0.05454,0.1624
-0.48228,0.82108,-0.30533,-0.13973,-0.22206,0.19475
-0.4908,0.79727,-0.35137,-0.13043,-0.27803,0.1305
-0.50034,0.76896,-0.39793,0.02423,-0.31649,0.04701
-0.50546,0.73862,-0.44603,0.09311,-0.16576,0.02432
-0.51156,0.70714,-0.4881,0.18779,-0.01154,0.14607
-0.52088,0.67483,-0.52276,0.20014,-0.03653,0.15926
-0.53186,0.63943,-0.5552,0.09003,-0.08437,0.12476
-0.54382,0.60359,-0.58303,0.07164,-0.17178,0.03663
-0.55567,0.56817,-0.60696,0.06945,-0.17603,0.06153
-0.56632,0.53551,-0.6265,0.08709,-0.13088,0.11206
-0.57661,0.50531,-0.64201,0.02515,-0.08804,0.03857
-0.58623,0.47989,-0.6527,0.1141,-0.09226,0.0975
-0.59463,0.46115,-0.65859,0.12877,-0.12566,0.09917
-0.59868,0.44995,-0.66266,0.10661,-0.21989,0.05738
-0.59784,0.44721,-0.66527,0.11531,-0.24422,0.03005
-0.59363,0.45303,-0.6651,0.13248,-0.21455,0.00134
-0.58961,0.46567,-0.65993,0.09179,-0.16889,-0.03452
-0.58496,0.48306,-0.65151,-0.00012,-0.13068,-0.12524
-0.57754,0.50484,-0.64154,-0.10057,-0.08992,-0.34459
-0.57314,0.52629,-0.62811,-0.01514,-0.05117,-0.33734
-0.56959,0.54908,-0.6116,0.00838,0.29676,-0.19135
-0.56143,0.56441,-0.60516,-0.51561,0.92127,-0.89624
-0.56243,0.57889,-0.59038,0.49367,-0.24557,0.29491
-0.53972,0.61269,-0.57733,0.05908,-0.61267,0.4392
-0.52612,0.64446,-0.55484,-0.31338,0.40352,0.00119
-0.51231,0.67,-0.53725,-0.25074,0.65888,0.02841
-0.49823,0.69766,-0.51481,-0.08266,-0.0628,0.06799
-0.48405,0.72607,-0.48837,0.07132,-0.17408,0.10029
-0.47232,0.75357,-0.45719,0.02671,0.01397,0.11696
-0.46412,0.7779,-0.42362,-0.00818,0.04887,0.02803
-0.45645,0.80027,-0.38885,-0.00738,-0.0021,-0.03002
-0.44682,0.82154,-0.35412,0.04369,-0.09915,-0.04004
-0.43486,0.84277,-0.3172,0.12362,-0.17039,0.01533
-0.42105,0.86339,-0.27795,0.16589,-0.17977,0.00906
-0.4065,0.8814,-0.24059,0.21027,-0.13541,0.00969
-0.39327,0.8968,-0.20267,0.2103,-0.06478,-0.00662
-0.38318,0.90861,-0.16609,0.147,-0.1039,-0.03118
-0.37421,0.91806,-0.1308,0.01503,-0.15935,-0.02603
-0.36805,0.9247,-0.09718,-0.02286,-0.12926,-0.05423
-0.36477,0.92867,-0.06697,-0.02331,-0.07792,-0.07501
-0.3637,0.93054,-0.04225,0.02102,-0.00426,-0.05528
-0.36198,0.93197,-0.01927,0.03765,-0.00467,-0.06411
-0.35923,0.93323,0.0022,0.08987,-0.04673,-0.15585
-0.35614,0.93415,0.02229,0.09489,0.06014,-0.16308
-0.3539,0.93439,0.04055,0.12598,0.1463,-0.17336
-0.35151,0.93441,0.05735,0.13433,0.064,-0.18995
-0.34838,0.93446,0.07338,0.07824,0.01174,-0.2119
-0.34547,0.93425,0.08839,0.004,0.04362,-0.20213
-0.3429,0.93388,0.10128,0.00942,0.12151,-0.17426
-0.34065,0.93374,0.10983,0.00719,0.08023,-0.20244
-0.3389,0.93327,0.11887,0.00429,0.10949,-0.20755
-0.33746,0.93255,0.12822,-0.00271,0.19037,-0.19683
-0.33838,0.93104,0.13647,0.00898,0.35451,-0.11001
-0.34233,0.9286,0.1431,-0.13586,0.42856,-0.10642
-0.34841,0.92583,0.14637,-0.2012,0.46075,-0.11907
-0.35515,0.92378,0.14305,-0.19688,0.52865,0.03624
-0.36059,0.9234,0.13147,-0.28997,0.25866,-0.01941
-0.36649,0.92259,0.12036,-0.23608,0.03151,-0.05586
-0.37797,0.91997,0.10371,-0.02033,0.06027,-0.02974
-0.39221,0.91698,0.0727,-0.06729,0.30349,-0.16337
-0.40788,0.91257,0.02867,-0.10147,0.29371,-0.22909
-0.42482,0.90487,-0.02684,0.02702,0.09797,-0.18945
-0.43913,0.89394,-0.08951,0.16423,0.01581,-0.06594
-0.44775,0.88187,-0.14766,0.22758,0.16411,0.07107
-0.4537,0.86991,-0.19337,0.26718,0.23486,0.13793
-0.45732,0.8572,-0.23676,0.19962,0.10113,0.09815
-0.46048,0.84106,-0.28383,0.04859,-0.14323,0.06502
-0.46718,0.82022,-0.33009,-0.1268,-0.29281,0.07787
-0.47582,0.7958,-0.37454,0.00675,-0.27671,0.0901
-0.48244,0.77004,-0.41746,0.08925,-0.1769,0.09159
-0.4877,0.74382,-0.45703,0.13937,-0.10588,0.0978
-0.49554,0.71581,-0.49198,0.18482,-0.08605,0.15653
-0.50635,0.6832,-0.52615,0.13589,-0.07155,0.10893
-0.51846,0.64874,-0.55707,0.02965,-0.07214,0.13584
-0.53012,0.61438,-0.58438,-0.02101,-0.09233,0.06705
-0.54084,0.58131,-0.60791,0.02557,-0.08943,0.04627
-0.55015,0.54993,-0.62841,0.10655,-0.1088,0.03524
-0.55979,0.52141,-0.64402,0.06842,-0.12147,0.06609
-0.56939,0.49659,-0.65513,0.05413,-0.10584,0.10248
-0.5784,0.47703,-0.66173,0.07735,-0.14755,0.09209
-0.58378,0.46389,-0.66633,0.10318,-0.23587,0.04931
-0.58679,0.4571,-0.66838,0.1164,-0.26169,0.03334
-0.58822,0.45508,-0.6685,0.10773,-0.25132,0.037
-0.5877,0.45875,-0.66645,0.10121,-0.21063,-0.02102
-0.58481,0.46994,-0.66117,-0.0195,-0.08365,-0.06179
-0.57794,0.48711,-0.65475,-0.01961,-0.11762,-0.3225
-0.57092,0.5098,-0.64354,0.0387,-0.12003,-0.40593
-0.56904,0.53447,-0.62492,0.10211,-0.03481,-0.38796
-0.56102,0.55409,-0.615,-0.59735,1.03035,-0.78389
-0.56407,0.56434,-0.60277,0.21182,0.02527,0.19892
-0.54866,0.59155,-0.59078,0.27127,-0.56162,0.49505
-0.5328,0.6271,-0.5682,-0.06098,0.19059,0.05967
-0.52041,0.6544,-0.54856,-0.13308,0.50641,0.12169
-0.5085,0.68237,-0.52515,-0.26102,0.26086,0.10097
-0.49609,0.70881,-0.50148,0.02372,-0.28979,-0.01833
-0.48583,0.73532,-0.47251,0.13936,0.00412,0.01386
-0.47739,0.7609,-0.43944,0.12627,0.09286,-0.00883
-0.46807,0.78553,-0.40477,0.03644,0.09571,0.02638
-0.45527,0.81068,-0.36813,0.03506,-0.04294,0.04433
-0.44012,0.83504,-0.33012,0.04232,-0.09133,0.0314
-0.42511,0.85682,-0.29175,0.12685,-0.13861,0.03375
-0.41347,0.87446,-0.25365,0.13728,-0.15384,-0.00114
-0.40357,0.8885,-0.21835,0.05076,-0.1117,-0.0586
-0.39327,0.90097,-0.18322,0.00658,-0.0585,-0.06597
-0.38122,0.91219,-0.1502,0.03921,-0.14405,-0.03132
-0.36934,0.92141,-0.12072,0.05638,-0.13428,-0.01594
-0.36184,0.92761,-0.09265,0.03948,-0.04381,-0.06547
-0.3571,0.9317,-0.0662,0.08081,-0.04372,-0.07156
-0.35237,0.93494,-0.0412,0.06314,-0.06162,-0.09843
-0.34879,0.93703,-0.01737,0.0206,0.03557,-0.09619
-0.34661,0.93798,0.00447,0.09362,-0.01944,-0.07475
-0.34452,0.93844,0.02455,0.06571,-0.05684,-0.13079
-0.34292,0.93821,0.04621,-0.02245,-0.04685,-0.23571
-0.34363,0.93663,0.06798,0.05156,0.03621,-0.27687
-0.34166,0.9357,0.08781,0.15228,0.10608,-0.28243
-0.33668,0.93548,0.10717,0.22808,0.23722,-0.05819
-0.33411,0.93433,0.12393,-0.12064,0.13882,-0.16643
-0.33216,0.9336,0.13431,-0.17803,0.15509,-0.31331
-0.33164,0.93293,0.14012,-0.10641,0.27164,-0.40629
-0.33584,0.93127,0.14113,-0.02886,0.50028,-0.1609
-0.34348,0.92928,0.13577,-0.067,0.54136,-0.15763
-0.34915,0.92858,0.12569,-0.08837,0.51035,0.06103
-0.35252,0.92962,0.10728,-0.37205,0.14471,-0.00668
-0.35686,0.92968,0.09118,-0.34562,-0.03181,-0.06992
-0.36825,0.92667,0.07512,-0.1281,-0.03816,-0.03627
-0.38384,0.92215,0.04773,0.08442,0.35076,-0.16687
-0.40395,0.91476,0.0018,0.07125,0.38519,-0.16138
-0.42825,0.90156,-0.06134,-0.04241,-0.00665,-0.16503
-0.44897,0.88418,-0.12893,0.03849,0.05551,-0.03136
-0.4657,0.86596,-0.18226,0.1407,0.12245,0.09457
-0.47884,0.84627,-0.23349,0.2656,0.31847,0.08487
-0.4885,0.82406,-0.28682,0.22898,0.31842,0.07341
-0.49704,0.79967,-0.33684,0.06343,0.08675,0.09572
-0.50769,0.77102,-0.38439,-0.08031,-0.27455,0.14694
-0.51638,0.73909,-0.43252,-0.03274,-0.27785,0.17889
-0.52203,0.70618,-0.47831,0.04832,-0.18885,0.13125
-0.52612,0.67292,-0.51997,0.19847,-0.052,0.12169
-0.53236,0.64077,-0.55316,0.22177,-0.04644,0.17053
-0.54026,0.60655,-0.58327,0.17376,-0.05509,0.17192
-0.54979,0.57081,-0.60983,0.07172,-0.16121,0.17819
-0.55731,0.53747,-0.63287,0.04112,-0.16239,0.12866
-0.56183,0.50883,-0.65225,0.11535,-0.19026,0.13116
-0.56728,0.48473,-0.66575,0.11586,-0.15076,0.11254
-0.5712,0.46676,-0.67517,0.11978,-0.1328,0.12197
-0.57382,0.45665,-0.67985,0.07604,-0.19737,0.08063
-0.57442,0.4544,-0.68085,0.10093,-0.21128,0.07803
-0.572,0.45888,-0.67988,0.08679,-0.16448,0.05169
-0.56967,0.46695,-0.67633,0.07396,-0.11966,0.07876
-0.56726,0.4779,-0.67069,0.07449,-0.125,0.05222
-0.56447,0.49168,-0.66303,0.11055,-0.0907,-0.06559
-0.561,0.50803,-0.65358,0.12329,-0.04462,-0.20878
-0.55877,0.52569,-0.64142,0.10468,-0.02079,-0.33029
-0.55813,0.54059,-0.62948,-0.15588,0.05355,-0.07296
-0.55776,0.55045,-0.62121,-0.49882,0.28357,-0.15213
-0.55751,0.562,-0.611,-0.21471,0.20505,-0.30436
-0.55264,0.58169,-0.59684,0.12873,0.23521,-0.26316
-0.53885,0.6039,-0.58731,-0.01594,0.1233,0.01781
-0.52586,0.62979,-0.57169,-0.077,-0.00375,0.07485
-0.51127,0.6575,-0.55343,0.10228,0.06292,0.15388
-0.49582,0.68628,-0.53213,0.05508,0.0608,0.07087
-0.48308,0.71184,-0.50981,-0.08238,0.01695,0.02181
-0.47083,0.7355,-0.48717,-0.06287,-0.11676,0.01198
-0.46186,0.7574,-0.46153,-0.00606,-0.14529,-0.00787
-0.45421,0.77833,-0.43345,0.10655,-0.03752,-0.01566
-0.44564,0.79865,-0.40441,0.05934,0.01524,-0.06241
-0.43484,0.81847,-0.37549,0.05772,-0.00071,-0.07727
-0.42266,0.83809,-0.34488,0.05352,-0.01271,-0.02719
-0.40841,0.85672,-0.31497,0.13528,-0.04486,0.00606
-0.39403,0.87407,-0.28413,0.13467,-0.09091,0.02572
-0.38037,0.88938,-0.25356,0.00766,-0.09173,-0.02879
-0.3694,0.90251,-0.22137,-0.07558,-0.09835,-0.05771
-0.35898,0.91383,-0.18982,-0.086,-0.10967,-0.08927
-0.35278,0.92138,-0.16302,-0.00074,0.03328,-0.11603
-0.3482,0.92705,-0.13896,0.15606,-0.10096,-0.06651
-0.34241,0.9326,-0.11399,0.1705,-0.09417,-0.07544
-0.33687,0.93755,-0.0865,0.05423,0.06808,-0.10378
-0.32912,0.94262,-0.05583,0.00762,-0.05355,-0.10561
-0.32196,0.94633,-0.02767,-0.00169,-0.10649,-0.12471
-0.31887,0.94778,-0.00066,-0.00707,-0.09779,-0.09596
-0.31887,0.94746,0.02474,0.01722,-0.04045,-0.17148
-0.31803,0.94681,0.04879,0.06284,-0.03476,-0.20157
-0.31535,0.94632,0.07066,0.14944,0.13134,-0.1685
-0.31198,0.94595,0.08845,0.16052,0.19425,-0.18232
-0.30922,0.94545,0.1023,0.12905,0.2214,-0.18721
-0.30734,0.94479,0.11347,-0.12726,0.21256,-0.27097
-0.30729,0.94412,0.11911,-0.12205,0.18413,-0.25996
-0.30894,0.94351,0.11963,-0.02319,0.25845,-0.2413
-0.31395,0.94223,0.11661,-0.23096,0.4996,-0.13636
-0.32198,0.94061,0.10745,-0.21085,0.51309,-0.06947
-0.33011,0.93951,0.09122,-0.15392,0.54533,0.03384
-0.33692,0.93903,0.06836,-0.30783,0.14452,-0.05021
-0.34799,0.93644,0.04418,-0.14824,-0.1089,-0.04174
-0.36706,0.93016,0.0064,-0.04652,0.08249,-0.12803
-0.38933,0.91965,-0.05147,-0.00676,0.3519,-0.18832
-0.4136,0.90176,-0.12542,0.02634,0.30534,-0.24253
-0.43411,0.87907,-0.19689,0.17593,0.24402,-0.00691
-0.44916,0.85707,-0.25232,0.2824,0.31202,0.06766
-0.4596,0.8336,-0.30634,0.2582,0.25929,0.02421
-0.46687,0.80497,-0.3661,0.07648,0.05463,0.01651
-0.47756,0.77178,-0.41986,-0.22764,-0.22695,0.07391
-0.49465,0.73525,-0.46338,-0.20642,-0.31415,0.22102
-0.50718,0.69759,-0.50609,-0.00546,-0.33998,0.19997
-0.51437,0.66143,-0.54583,0.20225,-0.0512,0.15099
-0.52562,0.62432,-0.57787,0.13879,-0.03105,0.19672
-0.53659,0.58491,-0.60822,0.12813,-0.21032,0.18357
-0.54763,0.547,-0.63315,0.24842,-0.26767,0.20287
-0.55999,0.51131,-0.65189,0.24298,-0.24212,0.21968
-0.57198,0.47946,-0.66554,0.17675,-0.1758,0.19156
-0.58237,0.45447,-0.67401,0.12372,-0.21998,0.11886
-0.59093,0.43805,-0.67743,0.17433,-0.25715,0.09841
-0.59581,0.42999,-0.67832,0.18068,-0.28004,0.09487
-0.59591,0.43093,-0.67763,0.13909,-0.25982,0.05608
-0.59407,0.44074,-0.67292,0.10501,-0.2389,-0.06187
-0.59135,0.45682,-0.66454,0.04301,-0.21809,-0.15098
-0.58747,0.4751,-0.65509,-0.14881,-0.13809,-0.13604
-0.58661,0.49467,-0.64124,-0.22539,-0.09841,-0.07063
-0.57917,0.51789,-0.62956,-0.63516,0.56355,-0.65776
-0.58345,0.53578,-0.61034,-0.0797,1.15297,-0.67517
-0.55697,0.56553,-0.60824,0.15124,-0.55067,0.38195
-0.53447,0.60563,-0.58952,-0.1699,-0.64701,0.14158
-0.52295,0.63596,-0.56751,0.03854,0.08142,0.12615
-0.51082,0.66425,-0.54573,-0.16708,0.32873,0.07886
-0.50179,0.68956,-0.52221,-0.13779,0.11894,0.03401
-0.49202,0.71469,-0.49711,0.00116,-0.15907,0.04362
-0.4845,0.73825,-0.4693,0.03694,-0.00592,0.00781
-0.47734,0.76054,-0.44013,0.04736,0.0305,-0.04909
-0.46798,0.78348,-0.40882,0.08492,0.08718,-0.04366
-0.45599,0.80684,-0.37558,0.1005,0.04072,-0.0173
-0.4415,0.8296,-0.34179,0.14584,-0.0095,-0.02131
-0.4279,0.85062,-0.3055,0.17503,-0.10779,-0.01668
-0.41806,0.86768,-0.26896,0.10418,-0.12325,-0.02578
-0.40807,0.8821,-0.23527,0.06968,-0.10975,-0.05689
-0.39825,0.89515,-0.20021,0.07779,-0.03136,-0.01423
-0.38948,0.9055,-0.16835,0.05563,-0.08426,-0.02898
-0.38086,0.91396,-0.13999,0.06851,-0.15136,-0.02331
-0.37351,0.92075,-0.1126,0.12128,0.02784,-0.07786
-0.36677,0.92637,-0.0854,0.14343,0.02088,-0.09446
-0.36126,0.93043,-0.06134,0.12519,0.00736,-0.10536
-0.35664,0.9334,-0.03943,0.06498,-0.05684,-0.02862
-0.35369,0.93517,-0.01844,0.01484,-0.07277,-0.02928
-0.35329,0.9355,-0.00045,-0.00242,-0.02621,-0.061
-0.35341,0.93534,0.01477,0.09508,0.01107,-0.11109
-0.35339,0.93501,0.02908,0.16851,-0.02993,-0.12144
-0.35205,0.93494,0.04373,0.16819,-0.04049,-0.08241
-0.34903,0.93509,0.06122,0.14577,0.09262,-0.08532
-0.3468,0.93423,0.08314,0.07211,0.12778,-0.1547
-0.3461,0.93231,0.10481,0.00885,0.05663,-0.27089
-0.34583,0.92988,0.12528,-0.01802,0.02178,-0.32956
-0.34654,0.92706,0.14296,-0.06447,0.18216,-0.35553
-0.35062,0.92345,0.15578,-0.02569,0.28643,-0.30887
-0.35583,0.92019,0.16312,0.05852,0.43494,-0.20728
-0.36175,0.91778,0.16365,0.12976,0.55684,-0.00947
-0.36652,0.91799,0.15139,-0.19179,0.50951,0.05688
-0.36908,0.91835,0.14272,-0.45943,0.12329,-0.04324
-0.37747,0.9166,0.13162,-0.20679,0.15429,0.02236
-0.38777,0.91527,0.10897,0.0096,0.17817,0.0928
-0.39794,0.91426,0.07578,0.05985,0.18424,0.02444
-0.4084,0.91209,0.03578,0.06648,0.15229,-0.10414
-0.41767,0.90854,-0.00886,0.08805,0.07791,-0.18725
-0.42449,0.90364,-0.05664,0.12327,0.05116,-0.12832
-0.43146,0.89607,-0.10431,0.07941,0.0272,0.01294
-0.43904,0.886,-0.14908,0.07731,0.02216,0.08499
-0.44421,0.87561,-0.18965,0.04867,0.02786,0.1516
-0.44687,0.86639,-0.22282,0.02811,-0.17061,0.12051
-0.44883,0.85686,-0.2536,0.01237,-0.18094,0.10063
-0.45185,0.84547,-0.2846,-0.07079,-0.2149,0.08904
-0.45398,0.83329,-0.31546,0.03734,-0.15612,0.07028
-0.4545,0.82156,-0.34415,0.09293,-0.23672,0.09568
-0.45523,0.8112,-0.36702,0.09624,-0.18482,0.08719
-0.46142,0.79971,-0.3841,-0.03312,-0.00996,0.07874
-0.46958,0.78701,-0.40012,-0.01209,-0.00402,0.12492
-0.47746,0.77171,-0.42009,0.0673,0.02968,0.21604
-0.48474,0.75595,-0.43995,0.09575,0.01738,0.23161
-0.49161,0.73963,-0.45962,-0.04779,-0.14194,-0.03183
-0.49637,0.72377,-0.47933,-0.10263,-0.16534,-0.06834
-0.50194,0.70891,-0.49546,0.03304,-0.11101,-0.05311
-0.50911,0.69518,-0.50746,0.0951,-0.08396,-0.00199
-0.51613,0.68467,-0.51461,0.12034,-0.20773,0.02592
-0.52154,0.67889,-0.51681,0.16762,-0.25511,0.05662
-0.5253,0.6784,-0.51362,0.16637,-0.25902,0.06529
-0.52688,0.68328,-0.50549,0.09453,-0.2024,0.06223
-0.52647,0.6932,-0.49223,0.08315,-0.22439,0.03844
-0.52444,0.70715,-0.47423,0.08366,-0.24744,0.02052
-0.52055,0.72414,-0.45237,0.10232,-0.27907,-0.01153
-0.51528,0.74303,-0.42705,0.11482,-0.28635,-0.06856
-0.50883,0.76337,-0.39792,0.08731,-0.2679,-0.12892
-0.50037,0.78595,-0.36317,-0.08188,-0.10488,-0.22269
-0.48762,0.80986,-0.32609,-0.18517,-0.00334,-0.13665
-0.4714,0.83115,-0.29489,-0.1872,0.0626,-0.19552
-0.46133,0.84348,-0.27512,0.0093,0.69621,-0.4927
-0.46329,0.84246,-0.27494,-0.2649,0.54759,-0.4687
-0.46704,0.8352,-0.29033,-0.22831,0.18001,-0.4194
-0.46916,0.82991,-0.30185,-0.01825,-0.67221,-0.39485
-0.46936,0.83299,-0.29292,0.09639,0.04551,-0.01577
-0.46511,0.84611,-0.26027,-0.17658,0.61067,0.26598
-0.45713,0.85894,-0.23073,-0.45703,0.49055,0.21689
-0.44844,0.86631,-0.21996,-0.2482,-0.0856,0.0734
-0.44365,0.86817,-0.22234,-0.06961,-0.47966,-0.02584
-0.43824,0.87182,-0.21876,0.1074,-0.27864,0.2738
-0.42971,0.88175,-0.19452,0.14534,-0.01425,0.39854
-0.42226,0.8916,-0.16348,0.15828,0.1835,0.3021
-0.41259,0.89981,-0.14172,0.13337,0.23004,-0.00119
-0.39927,0.90798,-0.12702,0.06257,0.11753,-0.1146
-0.38151,0.91759,-0.1116,0.00619,-0.01549,-0.01557
-0.3608,0.92816,-0.09119,-0.01426,-0.07585,0.10238
-0.34259,0.93706,-0.06732,-0.02828,-0.03938,0.15212
-0.32942,0.94311,-0.04477,-0.01079,-0.01142,0.08512
-0.32053,0.94692,-0.02403,-0.02633,-0.01822,0.0964
-0.31295,0.94972,-0.0076,-0.0235,0.02594,0.08484
-0.30512,0.95226,0.00834,-0.01036,0.02546,0.08901
-0.29698,0.9545,0.02671,0.01759,0.04879,0.10668
-0.28761,0.95661,0.04643,0.09083,0.06326,0.15022
-0.27862,0.95832,0.06293,0.09675,0.04537,0.09892
-0.27116,0.95945,0.07678,0.09267,0.01524,0.04874
-0.26549,0.95995,0.08927,0.04396,0.01156,0.0096
-0.26028,0.96025,0.10068,0.04281,-0.0351,7e-05
-0.25637,0.96007,0.11184,0.08152,-0.06096,-0.00418
-0.25381,0.95931,0.12357,0.07412,-0.05381,0.00782
-0.25228,0.95833,0.13389,0.06334,-0.04885,-0.04179
-0.25104,0.95729,0.14335,0.08774,-0.01939,-0.07566
-0.24978,0.95576,0.15522,0.09886,-0.01527,-0.07427
-0.24887,0.95348,0.17,0.11395,0.02377,-0.06222
-0.24933,0.95072,0.18423,0.03275,0.07399,-0.12492
-0.25089,0.94812,0.19517,-0.02726,0.10236,-0.22454
-0.25176,0.94636,0.20244,-0.01044,0.0865,-0.2698
-0.25284,0.94532,0.20595,0.02659,0.0785,-0.19487
-0.25455,0.94444,0.20784,-0.00213,0.01454,-0.20414
-0.25578,0.94409,0.20792,-0.06558,0.01599,-0.23455
-0.25672,0.94401,0.20713,-0.04212,0.04631,-0.23859
-0.25854,0.94387,0.20549,-0.0258,0.00477,-0.2267
-0.2619,0.94397,0.20071,-0.01266,0.01481,-0.18636
-0.26656,0.94471,0.19089,0.00923,0.08604,-0.13474
-0.27037,0.94698,0.17351,0.09058,0.2571,0.00118
-0.27213,0.95117,0.1456,0.09447,0.31612,0.07266
-0.27375,0.95568,0.10817,0.02654,0.26294,0.12552
-0.28356,0.95695,0.06167,-0.30209,0.1741,0.25056
-0.30655,0.95184,0.0018,-0.36842,0.14808,0.2385
-0.33405,0.94009,-0.06785,-0.59164,0.17802,0.07982
-0.34683,0.92822,-0.13452,-0.35123,0.19997,0.06789
-0.35603,0.91545,-0.18751,-0.13325,0.12355,0.19333
-0.37044,0.90117,-0.22505,0.00712,0.18234,0.56311
-0.38994,0.88195,-0.26474,0.04972,0.1968,0.40358
-0.40974,0.8543,-0.31979,0.06951,0.22445,0.45863
-0.42895,0.8221,-0.37434,-0.0011,-0.04889,0.13617
-0.44582,0.79096,-0.41906,-0.00138,-0.05849,0.08755
-0.46225,0.7639,-0.4503,0.03013,-0.04072,0.17053
-0.47985,0.74159,-0.46881,0.10636,-0.04428,0.34216
-0.49554,0.72247,-0.48214,0.13605,-0.07819,0.30147
-0.50805,0.70781,-0.49079,0.1115,-0.13459,0.19921
-0.51492,0.69983,-0.49506,0.15418,-0.19995,0.10714
-0.51697,0.69882,-0.49435,0.20406,-0.23904,0.09943
-0.51508,0.7037,-0.48938,0.19136,-0.24235,0.09192
-0.5105,0.71398,-0.47918,0.16917,-0.22466,0.10438
-0.50236,0.73011,-0.46321,0.12306,-0.22332,0.11048
-0.49061,0.75175,-0.44063,0.11739,-0.24206,0.08434
-0.47569,0.77709,-0.41211,0.13896,-0.16835,-0.02386
-0.4586,0.80418,-0.37811,0.15481,0.23202,-0.36914
-0.44279,0.82809,-0.34379,0.16163,0.42886,-0.44831
-0.43166,0.83763,-0.3347,-0.12443,0.83753,-0.53866
-0.42677,0.82645,-0.36721,-0.46403,-0.06422,-0.60019
-0.43116,0.80968,-0.39813,-0.24633,-0.64435,-0.51389
-0.44282,0.80145,-0.40197,0.20498,-0.87605,-0.13911
-0.44502,0.81063,-0.38055,0.11067,0.03106,0.36277
-0.43661,0.83156,-0.34331,-0.21276,0.58468,0.25864
-0.42939,0.85131,-0.30146,-0.64994,0.86241,0.39149
-0.41872,0.86499,-0.2765,-0.68263,0.72959,0.42302
-0.4128,0.86724,-0.27833,-0.35092,-0.12847,0.27001
-0.40841,0.86654,-0.28686,0.18947,-0.48942,0.36789
-0.40097,0.87487,-0.27168,0.22467,-0.31836,0.40839
-0.39369,0.88841,-0.23603,0.07466,0.14906,0.31203
-0.38657,0.89978,-0.20231,0.04923,0.30478,0.06398
-0.37629,0.90963,-0.17596,0.02729,0.26577,0.10995
-0.36002,0.92003,-0.15459,0.03563,0.03677,0.17391
-0.33843,0.93129,-0.13472,-0.00862,-0.07592,0.21599
-0.31855,0.9412,-0.11248,-0.03419,-0.07222,0.17307
-0.3054,0.94778,-0.09171,-0.06135,-0.05653,0.10452
-0.29917,0.95094,-0.07864,-0.01947,-0.04974,0.05709
-0.29382,0.95321,-0.07102,0.0216,0.01417,0.04084
-0.28617,0.95616,-0.06193,0.21041,0.12952,0.12755
-0.27968,0.95887,-0.04819,0.13532,0.08973,0.14322
-0.27649,0.96038,-0.03462,0.12119,0.06396,0.0834
-0.27134,0.96222,-0.02196,0.09974,0.04637,0.01993
-0.26561,0.964,-0.01174,0.03796,0.00942,-0.05205
-0.26224,0.96498,-0.00333,-0.01381,-0.04225,-0.02698
-0.26162,0.96514,0.00624,-0.04388,-0.03954,-0.01246
-0.26149,0.96509,0.01421,0.0108,0.00261,-0.0802
-0.26109,0.96508,0.02039,0.12794,0.03041,-0.12958
-0.2612,0.96485,0.02856,0.15831,0.02857,-0.13728
-0.26155,0.96433,0.04036,0.10968,0.05627,-0.07288
-0.26224,0.96341,0.05518,-0.03099,0.04854,-0.06425
-0.26392,0.96211,0.06831,-0.08332,0.11861,-0.07481
-0.26864,0.96008,0.0778,-0.07751,0.26287,-0.14178
-0.27442,0.95788,0.08447,-0.0619,0.35101,-0.10143
-0.28063,0.95564,0.08931,-0.07551,0.39253,-0.04594
-0.28959,0.95289,0.09003,-0.18405,0.5587,0.17339
-0.29768,0.9511,0.08218,-0.27446,0.38773,0.13291
-0.30121,0.95116,0.06743,-0.35881,0.29807,0.0716
-0.30438,0.95131,0.04825,-0.18016,0.02125,0.04192
-0.31388,0.94929,0.01746,-0.05491,0.12699,0.14736
-0.32716,0.94464,-0.02437,-0.02965,0.19966,0.24796
-0.33964,0.93698,-0.0818,-0.03049,0.27105,0.15992
-0.35216,0.92448,-0.14593,0.00267,0.20018,0.0875
-0.36656,0.90715,-0.2066,0.02304,0.17268,0.15504
-0.38172,0.88587,-0.26365,0.05312,0.25392,0.25753
-0.39494,0.8633,-0.31418,0.02295,0.20796,0.2512
-0.40513,0.83933,-0.36246,-0.02524,0.10562,0.16057
-0.41129,0.80998,-0.41805,-0.10615,-0.06445,0.15639
-0.41991,0.77353,-0.47468,-0.08441,-0.22978,0.16378
-0.43324,0.73175,-0.52615,-0.0329,-0.31189,0.244
-0.44301,0.68667,-0.57638,0.07879,-0.08181,0.21609
-0.45091,0.6411,-0.62101,0.09256,0.05673,0.23323
-0.46013,0.59532,-0.65868,0.05075,0.02527,0.2806
-0.47118,0.54867,-0.69061,0.13905,-0.13908,0.27682
-0.48216,0.50309,-0.71723,0.11317,-0.12672,0.30709
-0.4934,0.45969,-0.7384,0.09826,-0.06021,0.29452
-0.50365,0.42069,-0.75455,0.06801,-0.05582,0.25625
-0.50934,0.38871,-0.76777,0.02218,-0.09623,0.27174
-0.51613,0.36436,-0.77514,0.02897,-0.07188,0.27911
-0.52058,0.34937,-0.77906,0.03994,-0.11996,0.22933
-0.51983,0.34467,-0.78165,0.05015,-0.12515,0.13167
-0.51329,0.34974,-0.78371,0.01204,-0.14714,0.08634
-0.50769,0.36271,-0.78146,-0.02322,-0.13224,0.01878
-0.50278,0.38302,-0.77492,-0.0236,-0.00729,-0.1758
-0.49682,0.40781,-0.76606,-0.02439,0.01445,-0.2164
-0.49497,0.4349,-0.75224,0.05945,-0.01047,0.1294
-0.4834,0.47136,-0.73765,-0.99765,1.47488,-0.89951
-0.48765,0.48266,-0.72749,-0.47929,1.09855,-0.57464
-0.47812,0.50183,-0.7208,0.27804,-0.79261,0.66821
-0.45509,0.54634,-0.70314,-0.05571,0.0651,0.34347
-0.44541,0.58276,-0.6797,-0.13033,0.49321,0.3496
-0.44012,0.61215,-0.65693,-0.34446,0.2962,0.28266
-0.43404,0.64034,-0.63369,-0.1688,0.03944,0.21342
-0.42533,0.67054,-0.60783,-0.03095,-0.11931,0.1656
-0.41878,0.69955,-0.579,0.06933,0.1384,0.13627
-0.41091,0.72806,-0.5487,0.03179,0.16982,0.0662
-0.39955,0.7564,-0.51788,0.02289,0.11289,0.07535
-0.38274,0.78584,-0.48574,0.20512,-0.12278,0.15797
-0.36552,0.81486,-0.44987,0.18789,-0.1518,0.1221
-0.3516,0.84015,-0.41292,0.1728,-0.04102,0.10225
-0.34102,0.86118,-0.37691,0.07376,-0.02185,0.11075
-0.32932,0.88016,-0.34182,-0.00275,-0.17042,0.07464
-0.31819,0.89646,-0.30838,-0.0521,-0.16012,0.0596
-0.30946,0.90974,-0.27676,-0.01084,0.03437,0.08827
-0.30476,0.91959,-0.24789,0.04193,0.00834,0.12218
-0.30104,0.92659,-0.22536,0.0685,-0.0555,0.09541
-0.29766,0.93234,-0.20524,0.02311,-0.16911,0.05756
-0.29727,0.9368,-0.18441,0.00282,-0.046,0.02125
-0.29613,0.94116,-0.16277,0.07392,0.13795,0.04638
-0.29328,0.94543,-0.14188,0.13315,0.08779,0.06385
-0.29041,0.94905,-0.12225,0.03796,-0.02489,0.04292
-0.28855,0.95167,-0.10504,-0.04857,-0.00953,0.03346
-0.28817,0.95338,-0.0894,-0.03361,-0.00552,0.02486
-0.28708,0.95509,-0.07329,0.05626,0.06525,-0.02512
-0.28488,0.95675,-0.05868,0.08355,0.08344,-0.04018
-0.2838,0.95774,-0.04659,0.0257,0.10103,0.03202
-0.28421,0.95803,-0.03709,-0.01979,0.04565,0.10812
-0.28637,0.95773,-0.02672,-0.0416,0.04852,0.05195
-0.28849,0.95733,-0.01643,-0.03786,0.14309,-0.04622
-0.29149,0.95655,-0.00563,-0.0913,0.35927,0.01371
-0.29663,0.95498,0.00166,-0.096,0.42652,0.04723
-0.30227,0.95321,0.00241,-0.24784,0.44517,0.07719
-0.30565,0.95212,-0.00423,-0.45605,0.22044,-0.04301
-0.30741,0.95147,-0.01339,-0.42141,0.09527,-0.01993
-0.31383,0.94912,-0.02573,-0.13628,0.11941,0.14479
-0.32619,0.94392,-0.0508,0.05781,0.15459,0.11205
-0.3409,0.93586,-0.08903,0.00707,0.18134,0.06995
-0.35636,0.92459,-0.13457,-0.12743,0.17988,-0.05399
-0.37322,0.90967,-0.18218,-0.07759,0.06761,-0.0909
-0.38628,0.89252,-0.23277,0.00529,0.08736,0.00813
-0.39526,0.87371,-0.28351,0.08131,0.15517,0.10768
-0.40481,0.85354,-0.328,0.04327,0.17298,0.19209
-0.4129,0.83158,-0.37145,0.01232,0.07872,0.21403
-0.42017,0.80682,-0.41532,-0.10855,-0.19975,0.21032
-0.43065,0.77822,-0.45705,-0.09104,-0.18574,0.20283
-0.44244,0.74544,-0.49855,0.00742,-0.18697,0.08992
-0.45168,0.71089,-0.53909,0.08596,-0.11853,0.12974
-0.46012,0.67583,-0.5758,0.09751,-0.08566,0.18982
-0.47009,0.64053,-0.60723,0.05131,-0.05885,0.2146
-0.48024,0.605,-0.63509,0.01523,-0.04129,0.24219
-0.48959,0.56944,-0.66033,0.03813,0.02493,0.18065
-0.49868,0.53309,-0.68347,0.01863,-0.03971,0.13482
-0.50763,0.49556,-0.70478,0.07283,-0.06827,0.13534
-0.51749,0.46005,-0.72149,0.03784,-0.05835,0.14814
-0.52701,0.42844,-0.73396,-0.00552,0.00721,0.15669
-0.53576,0.40109,-0.74302,0.00513,-0.03854,0.17842
-0.54206,0.37788,-0.75058,0.04296,-0.0796,0.17526
-0.54697,0.36002,-0.75578,0.03519,-0.11875,0.13557
-0.5497,0.34919,-0.75888,0.03342,-0.13008,0.09378
-0.54864,0.3453,-0.76142,0.09179,-0.14421,0.09511
-0.54405,0.34796,-0.7635,0.05628,-0.1624,0.09878
-0.53831,0.3574,-0.7632,-0.0004,-0.08207,-0.00837
-0.53395,0.37242,-0.75908,-0.0219,-0.0583,-0.08702
-0.53056,0.39122,-0.75196,-0.06316,-0.0462,-0.15443
-0.53036,0.40938,-0.74238,-0.24924,0.02283,-0.14779
-0.53278,0.42284,-0.73304,-0.50994,0.78697,-0.54037
-0.53584,0.43784,-0.72192,-0.10581,0.71577,-0.50261
-0.53433,0.45419,-0.71288,0.35694,-0.12299,0.31447
-0.51726,0.48874,-0.70254,-0.23791,0.21122,0.20866
-0.5107,0.52213,-0.68305,-0.1666,0.53234,0.2353
-0.49927,0.54932,-0.67005,-0.18728,0.39138,0.2291
-0.49086,0.57569,-0.65394,-0.01413,-0.09305,0.16793
-0.47951,0.60452,-0.6361,-0.01364,-0.04968,0.15104
-0.46982,0.63352,-0.61474,0.02739,0.18962,0.11673
-0.46069,0.6613,-0.59198,0.01266,0.19821,0.12962
-0.45082,0.68874,-0.56779,0.0028,0.17077,0.10543
-0.44007,0.7164,-0.54139,0.07282,-0.01947,0.11895
-0.42855,0.74382,-0.51291,0.11951,0.01446,0.13629
-0.41727,0.76986,-0.4829,0.12191,0.01403,0.12697
-0.40657,0.79479,-0.45054,0.12692,0.04433,0.13208
-0.39638,0.81826,-0.4163,0.05063,-0.03355,0.12845
-0.38644,0.83903,-0.38298,0.03296,-0.11509,0.11504
-0.37674,0.85726,-0.35093,0.04213,-0.18905,0.06442
-0.36818,0.87252,-0.32113,0.03925,0.00818,0.00085
-0.35911,0.88663,-0.29138,0.03909,0.03303,0.01155
-0.34908,0.8996,-0.26237,0.07784,-0.01307,0.06954
-0.33854,0.9104,-0.23779,0.00187,-0.07867,0.08169
-0.33219,0.91835,-0.2151,-0.04802,-0.02925,0.05717
-0.33004,0.9239,-0.19357,0.00541,0.0453,-0.00999
-0.32805,0.92842,-0.17433,0.02333,0.06328,-0.02477
-0.32522,0.93271,-0.15577,0.05929,0.06943,-0.01015
-0.32183,0.93668,-0.13796,0.05803,0.0076,0.06179
-0.31853,0.9399,-0.1229,0.03212,0.03108,0.0532
-0.31663,0.94238,-0.10787,-0.01559,0.04504,0.04131
-0.31525,0.94456,-0.09162,0.01186,-0.02362,-0.05479
-0.31223,0.94704,-0.07483,0.04589,0.01238,-0.04146
-0.30663,0.95001,-0.05865,0.05415,0.07276,-0.00708
-0.3037,0.9518,-0.04261,-0.10652,-0.02626,-0.03993
-0.30208,0.95291,-0.02621,-0.10891,-0.01579,-0.10184
-0.29946,0.95405,-0.00894,-0.05693,0.03827,-0.12715
-0.29661,0.95497,0.00536,-0.00454,0.27196,-0.03081
-0.29707,0.95473,0.01473,-0.194,0.42946,0.02296
-0.29922,0.95398,0.01903,-0.12853,0.44405,0.14175
-0.29882,0.95417,0.01512,-0.42866,0.29894,0.19752
-0.2985,0.95435,0.00949,-0.36572,-0.0138,0.09613
-0.30829,0.95128,0.00069,-0.20875,0.04999,0.16895
-0.32194,0.94655,-0.01945,0.11373,0.19591,0.10505
-0.33533,0.94092,-0.04675,0.03176,0.18333,0.02547
-0.34989,0.93342,-0.07929,-0.02226,0.15302,-0.00488
-0.36567,0.92296,-0.11998,-0.05298,0.0735,-0.08009
-0.38,0.9097,-0.1674,0.07046,0.11459,0.00167
-0.39103,0.89429,-0.21752,0.11857,0.14358,0.09361
-0.39929,0.87681,-0.26785,0.09508,0.18621,0.17255
-0.40752,0.85753,-0.31393,-0.04658,0.06184,0.20252
-0.41591,0.83668,-0.35633,-0.1009,-0.03497,0.22919
-0.42442,0.81343,-0.39773,-0.09121,-0.10231,0.19729
-0.43293,0.78687,-0.43977,0.02226,-0.06297,0.12823
-0.4414,0.75661,-0.48237,0.08876,-0.10738,0.11087
-0.44768,0.72593,-0.52211,0.09246,-0.09224,0.11845
-0.45349,0.69605,-0.55664,0.06664,-0.07294,0.17172
-0.46172,0.66583,-0.58606,0.04691,-0.02553,0.21703
-0.47236,0.633,-0.61334,0.01151,0.0166,0.18987
-0.48264,0.59808,-0.63981,0.01091,0.04745,0.14016
-0.49196,0.56241,-0.66458,-0.00124,0.01288,0.08906
-0.5014,0.52706,-0.68615,0.03669,0.01275,0.14444
-0.51154,0.49331,-0.70354,0.03061,-0.02059,0.14813
-0.52021,0.46167,-0.7185,0.03928,0.01105,0.1631
-0.52847,0.43181,-0.73093,0.02264,-0.04915,0.13039
-0.53455,0.40565,-0.74141,0.01841,-0.05545,0.16432
-0.5396,0.38338,-0.74956,0.02338,-0.0052,0.1925
-0.54348,0.36445,-0.75618,0.06603,-0.10143,0.09465
-0.54568,0.35038,-0.76123,0.06148,-0.09494,0.08037
-0.54541,0.34254,-0.76497,0.10096,-0.09843,0.08617
-0.54361,0.34043,-0.76719,0.11531,-0.05565,0.09973
-0.5411,0.34318,-0.76774,0.06363,-0.03842,0.05542
-0.53862,0.34954,-0.76662,0.02496,-0.03906,0.01189
-0.5354,0.36027,-0.7639,0.01752,-0.0087,0.00572
-0.52946,0.37652,-0.7602,-0.00351,-0.0526,0.07744
-0.52258,0.39827,-0.75385,-0.03568,-0.05415,0.01521
-0.51855,0.4226,-0.74331,-0.23383,0.30637,-0.34597
-0.51498,0.43919,-0.73614,-0.73745,0.92942,-0.77965
-0.52285,0.43524,-0.73293,0.19767,-0.09886,-0.22737
-0.53148,0.45072,-0.71719,0.29418,0.02143,0.36783
-0.51967,0.47969,-0.70698,-0.194,0.13557,0.14506
-0.52064,0.50865,-0.68571,-0.2325,0.6277,0.22282
-0.51401,0.5345,-0.6709,-0.31159,0.15054,0.12928
-0.5049,0.56146,-0.65561,-0.04094,-0.12996,0.14243
-0.4926,0.59052,-0.63924,0.08296,0.03049,0.15743
-0.47973,0.62204,-0.6188,0.04605,0.20945,0.13864
-0.46828,0.6527,-0.59556,0.02341,0.17982,0.13948
-0.45759,0.68295,-0.56937,-0.01827,0.11533,0.13718
-0.44765,0.71239,-0.54046,-0.04423,-0.01467,0.12759
-0.43726,0.74108,-0.50951,0.02201,-0.04625,0.14798
-0.4254,0.7691,-0.47697,0.0444,-0.06163,0.13841
-0.41288,0.79502,-0.44437,0.09208,-0.01113,0.15139
-0.40116,0.81826,-0.41171,0.08152,-0.12617,0.12834
-0.39119,0.83924,-0.37767,0.07093,-0.15059,0.08125
-0.38269,0.85722,-0.34453,0.04785,-0.07425,0.08277
-0.37415,0.8729,-0.31311,0.02306,0.00486,0.0899
-0.36482,0.88699,-0.28308,0.03612,0.0067,0.09182
-0.35418,0.8993,-0.25651,0.05222,-0.07485,0.09223
-0.34533,0.90929,-0.23221,-0.00271,-0.04152,0.07597
-0.33923,0.91691,-0.21018,-0.00881,-0.04914,0.05395
-0.33476,0.92283,-0.19053,-0.00747,-0.00317,0.0447
-0.33093,0.92757,-0.17344,-0.00524,-0.0054,0.0277
-0.32671,0.93184,-0.15785,0.01021,-0.01855,0.0211
-0.3221,0.93582,-0.14306,0.04058,0.00456,-0.01426
-0.31824,0.93926,-0.12842,0.04554,0.06793,0.02678
-0.31588,0.94178,-0.11504,0.03364,0.03484,0.01052
-0.31389,0.94377,-0.10363,-0.00865,-0.03841,-0.02295
-0.31083,0.94599,-0.09204,-0.01735,0.05974,-0.08164
-0.30761,0.94816,-0.07964,0.02039,0.09652,-0.07429
-0.30357,0.95028,-0.06915,0.06676,0.16338,-0.07319
-0.2996,0.95216,-0.06008,0.00261,0.11477,-0.11787
-0.29667,0.95366,-0.05002,-0.0326,0.12313,-0.11777
-0.29477,0.95471,-0.04024,-0.06415,0.19002,-0.09105
-0.29439,0.95512,-0.03241,-0.18042,0.33928,0.08324
-0.29666,0.95456,-0.02795,-0.25186,0.36336,0.12959
-0.30196,0.95294,-0.02656,-0.19244,0.45916,0.40647
-0.30689,0.95115,-0.03324,-0.23302,0.44106,0.42047
-0.30905,0.94994,-0.04567,-0.40683,0.04991,0.15115
-0.31988,0.94566,-0.05813,-0.18079,-0.00605,0.02641
-0.33725,0.9381,-0.07874,-0.02643,0.09522,0.0015
-0.35457,0.92837,-0.11125,0.15954,0.239,-0.06139
-0.37112,0.91548,-0.15539,0.03803,0.13559,-0.12442
-0.38856,0.898,-0.20637,0.0236,0.06864,-0.03084
-0.40246,0.87868,-0.25677,0.13931,0.07657,0.2044
-0.41078,0.86005,-0.30257,0.13519,0.15343,0.19715
-0.41803,0.8401,-0.34565,0.04945,0.15789,0.20544
-0.42784,0.81662,-0.38738,-0.03324,-0.00348,0.19828
-0.43704,0.7914,-0.4274,-0.0981,-0.1582,0.22539
-0.44636,0.76389,-0.46606,-0.04633,-0.14315,0.21499
-0.45413,0.73374,-0.50534,0.04825,-0.10276,0.11515
-0.45952,0.70112,-0.54522,0.05388,-0.09003,0.09698
-0.46472,0.66791,-0.58131,0.08276,-0.04713,0.14545
-0.47286,0.63549,-0.61037,0.10929,-0.0042,0.25559
-0.48332,0.60218,-0.63544,0.03129,-0.02863,0.14122
-0.49338,0.56716,-0.65947,-6e-05,-0.00941,0.13475
-0.50334,0.53154,-0.68126,-0.01748,0.02638,0.13876
-0.51374,0.49581,-0.70017,-0.00422,-0.0349,0.14115
-0.52376,0.46109,-0.71628,0.01773,-0.00759,0.19178
-0.5336,0.42798,-0.72945,0.02491,0.01904,0.18189
-0.54172,0.39842,-0.74013,0.0089,0.00095,0.16577
-0.54702,0.37291,-0.74947,0.00669,-0.02996,0.15466
-0.55222,0.35085,-0.75627,0.03605,-0.01088,0.1566
-0.5576,0.33261,-0.76056,0.06332,-0.07308,0.11969
-0.56033,0.31884,-0.76444,0.08189,-0.11309,0.09188
-0.56013,0.31066,-0.76794,0.09742,-0.11196,0.08901
-0.5578,0.30906,-0.77028,0.11083,-0.12549,0.12404
-0.55373,0.31468,-0.77095,0.13451,-0.10315,0.06576
-0.55061,0.3269,-0.76809,0.14941,-0.10104,0.03341
-0.54646,0.34617,-0.76259,-0.00397,-0.09957,0.15424
-0.53768,0.37144,-0.75692,-0.14349,-0.04102,-0.13815
-0.52804,0.39484,-0.75185,-0.37313,0.48252,-0.32048
-0.52587,0.40284,-0.74912,-0.69236,0.6372,-0.66069
-0.53637,0.39477,-0.74596,0.39908,-0.09509,-0.08418
-0.53684,0.40853,-0.73817,0.25154,0.13235,-0.09731
-0.52968,0.43338,-0.72912,-0.20806,0.19185,0.08941
-0.5324,0.4573,-0.71233,-0.23389,0.41564,0.08376
-0.52414,0.48525,-0.69986,-0.22324,0.2856,0.06989
-0.51277,0.51614,-0.68605,-0.16601,0.17042,0.11221
-0.50101,0.54574,-0.67168,0.0482,0.05835,0.2763
-0.48706,0.57823,-0.65453,0.00534,-0.00401,0.24348
-0.47665,0.61077,-0.63227,-0.06119,0.10281,0.17389
-0.46663,0.64227,-0.60805,-0.06097,0.10214,0.16477
-0.4563,0.67357,-0.58145,-0.05583,0.04149,0.16182
-0.4453,0.70436,-0.55278,0.0091,-0.03554,0.12093
-0.43239,0.73406,-0.52362,0.04514,-0.06336,0.08754
-0.41791,0.76177,-0.49502,0.1254,-0.07148,0.09993
-0.4042,0.78873,-0.46316,0.16917,0.03104,0.11616
-0.3903,0.81442,-0.42938,0.1346,0.00253,0.10746
-0.37725,0.83683,-0.39671,0.10256,-0.05865,0.10261
-0.36469,0.85623,-0.36585,0.00741,-0.13133,0.08254
-0.35184,0.87383,-0.33556,-0.01432,-0.11892,0.05442
-0.34076,0.88922,-0.3052,-0.04134,-0.05425,0.10064
-0.33042,0.90163,-0.27904,0.00347,-0.04401,0.08425
-0.32164,0.91191,-0.25483,-0.00702,-0.02681,0.08267
-0.31463,0.91994,-0.23387,0.00572,0.00941,0.02136
-0.30847,0.92676,-0.21431,0.03644,-0.02673,0.04953
-0.30255,0.93283,-0.19565,0.01375,0.00066,0.03768
-0.29626,0.93826,-0.17853,-0.00704,0.01836,0.03983
-0.29042,0.94267,-0.16434,0.02274,0.06656,0.03267
-0.28575,0.94632,-0.15099,-0.00757,0.00293,0.04662
-0.28199,0.94934,-0.13861,-0.03858,-0.05841,0.04378
-0.27904,0.9518,-0.12726,-0.02865,-0.0495,0.01215
-0.27713,0.95394,-0.11482,-0.01409,-0.00388,-0.00542
-0.27477,0.95606,-0.1021,0.01613,0.0418,0.00034
-0.27239,0.95812,-0.08821,-0.03332,-0.04575,0.03305
-0.27092,0.95977,-0.07359,-0.07651,-0.01621,0.03413
-0.27128,0.96066,-0.05929,-0.03376,-0.00317,-0.04431
-0.27018,0.96172,-0.0455,0.08459,0.12599,-0.08118
-0.26879,0.96263,-0.03265,0.03451,0.25353,-0.04307
-0.26711,0.96342,-0.02125,-0.05058,0.29571,-0.03876
-0.26734,0.96351,-0.01249,-0.21116,0.37145,-0.02566
-0.26994,0.96284,-0.00724,-0.26266,0.41637,-0.01848
-0.27457,0.96152,-0.00765,-0.08427,0.5032,0.20325
-0.27758,0.96051,-0.01849,-0.29588,0.47363,0.23261
-0.27843,0.95993,-0.0314,-0.28603,-0.02885,0.0328
-0.28934,0.95618,-0.04436,-0.12937,-0.01003,0.04881
-0.30837,0.9487,-0.0697,0.10082,0.12799,-0.00165
-0.32882,0.93799,-0.10967,0.09535,0.2372,-0.12016
-0.34952,0.92258,-0.16325,0.05457,0.21206,-0.12623
-0.36836,0.90241,-0.22346,0.01493,0.154,-0.07053
-0.38276,0.87965,-0.2823,0.12545,0.15723,0.1574
-0.39559,0.85549,-0.3341,0.17813,0.21563,0.21967
-0.40602,0.82837,-0.38592,0.15256,0.2964,0.14677
-0.41649,0.79566,-0.43982,-0.17642,0.07012,0.16335
-0.42713,0.76021,-0.48951,-0.19323,-0.02174,0.27573
-0.43826,0.72196,-0.53543,0.0715,-0.20367,0.09258
-0.44606,0.68099,-0.58076,0.10545,-0.11768,0.12712
-0.45471,0.63947,-0.61993,0.10936,-0.05548,0.15411
-0.46678,0.59677,-0.65266,0.0872,-0.01999,0.26076
-0.4814,0.55349,-0.67962,0.0846,-0.06845,0.26155
-0.49614,0.50903,-0.70337,0.12003,-0.03028,0.28252
-0.51111,0.46604,-0.72219,0.09774,-0.09625,0.26745
-0.52347,0.42629,-0.73773,0.08875,-0.09168,0.2379
-0.53409,0.39155,-0.74928,0.09374,-0.0321,0.2294
-0.54407,0.36249,-0.7567,0.05069,-0.08237,0.22641
-0.55058,0.34192,-0.76154,0.06009,-0.11633,0.20431
-0.55288,0.33036,-0.76497,0.05866,-0.12063,0.18098
-0.55084,0.32672,-0.768,0.08865,-0.16593,0.14463
-0.54577,0.33248,-0.76914,0.07533,-0.15197,0.0904
-0.54083,0.34784,-0.76583,0.06044,-0.12139,0.05349
-0.53514,0.36994,-0.75945,0.0029,-0.02998,-0.01156
-0.52772,0.39686,-0.75101,-0.07885,0.02831,-0.20796
-0.52474,0.42389,-0.73821,-0.05709,0.13138,-0.22647
-0.5253,0.44612,-0.72459,-0.45069,0.94154,-0.36857
-0.51857,0.45982,-0.72086,-0.45906,0.86035,-0.55418
-0.52302,0.47319,-0.70889,0.18284,0.26234,-0.18028
-0.50452,0.50335,-0.70149,-0.0157,-0.45588,0.44801
-0.49646,0.53935,-0.68017,-0.06082,0.29211,0.34382
-0.48178,0.57103,-0.66468,-0.38423,0.54804,0.21087
-0.47143,0.60002,-0.64631,-0.25768,0.10615,0.20141
-0.4624,0.6281,-0.62583,-0.01253,-0.13892,0.20965
-0.45273,0.65739,-0.60238,-0.01345,-0.05996,0.14933
-0.44541,0.68585,-0.5755,0.0274,0.11642,0.07411
-0.43624,0.71377,-0.54792,0.06379,0.21436,0.07154
-0.42371,0.74328,-0.51768,0.12973,0.11608,0.08009
-0.40852,0.77363,-0.48435,0.1882,-0.00712,0.07959
-0.39006,0.80394,-0.44891,0.16613,-0.0722,0.11755
-0.37075,0.83181,-0.41307,0.13703,-0.15465,0.10289
-0.35393,0.85521,-0.3786,0.03388,-0.1929,0.07089
-0.34221,0.87432,-0.34415,-0.05871,-0.14418,0.10052
-0.33353,0.89061,-0.30912,-0.0723,-0.13484,0.08912
-0.32645,0.90331,-0.27826,-0.0026,-0.09429,0.05858
-0.32068,0.9133,-0.25103,0.07407,0.01982,0.03762
-0.31591,0.92155,-0.22564,0.09582,0.06461,0.04466
-0.31133,0.9287,-0.2014,0.07278,0.05312,0.03389
-0.30668,0.93448,-0.18073,0.05561,-0.01629,0.00851
-0.30193,0.9394,-0.16233,0.01189,-0.01458,-0.0101
-0.29837,0.94323,-0.14581,-0.01576,0.04573,-0.02817
-0.29506,0.94638,-0.13144,0.06938,-0.00397,-0.01542
-0.29229,0.94891,-0.11881,0.02078,0.00906,-0.02024
-0.28907,0.95131,-0.10684,0.01286,0.074,0.01229
-0.28705,0.95324,-0.09443,-0.00063,0.08224,-0.01926
-0.28514,0.95502,-0.0813,-0.02085,0.03079,-0.08981
-0.28264,0.95684,-0.06739,-0.04208,0.12523,-0.0878
-0.28067,0.95835,-0.05264,0.00261,0.27844,-0.01681
-0.28084,0.95897,-0.03851,-0.04527,0.32898,0.00316
-0.28294,0.95873,-0.02748,-0.25008,0.47907,0.02304
-0.2868,0.95779,-0.01909,-0.14863,0.55206,0.31451
-0.29093,0.9565,-0.02101,-0.23483,0.47561,0.35246
-0.29203,0.95597,-0.02851,-0.39565,-0.04391,0.08859
-0.29982,0.95327,-0.03674,-0.14377,0.03008,0.06817
-0.3134,0.94787,-0.05745,-0.02444,0.08779,0.02907
-0.32919,0.93983,-0.0912,0.01947,0.2168,-0.0482
-0.34392,0.92878,-0.13807,-0.04331,0.14258,-0.07951
-0.35783,0.9129,-0.19634,-0.03957,0.09755,-0.04012
-0.36905,0.89311,-0.25717,-0.00795,0.12056,0.11861
-0.37829,0.87288,-0.30815,0.05221,0.19212,0.25059
-0.38842,0.85127,-0.35278,0.07694,0.23686,0.26911
-0.39965,0.82601,-0.39745,-0.00024,0.02328,0.21077
-0.41131,0.79654,-0.44308,-0.13333,-0.10782,0.17586
-0.42568,0.76141,-0.48892,-0.15324,-0.12771,0.21145
-0.44173,0.72121,-0.53359,-0.0553,-0.12606,0.15013
-0.45413,0.67946,-0.57627,0.01344,-0.06267,0.12948
-0.46526,0.63835,-0.61321,0.05802,-0.04718,0.17313
-0.47535,0.59877,-0.6446,0.06377,-0.09688,0.19364
-0.48415,0.55714,-0.67468,0.10033,-0.00268,0.24461
-0.49818,0.51464,-0.69783,0.08769,0.03328,0.24197
-0.51233,0.47184,-0.71756,0.09639,0.00486,0.23773
-0.52396,0.43244,-0.73379,0.08744,-0.07961,0.22247
-0.53388,0.39769,-0.74619,0.08721,-0.09436,0.19306
-0.54227,0.36919,-0.75474,0.10289,-0.07297,0.19827
-0.54843,0.34801,-0.76033,0.09184,-0.06186,0.20292
-0.55183,0.33413,-0.76409,0.07361,-0.13668,0.16514
-0.55101,0.32799,-0.76734,0.11203,-0.21156,0.12821
-0.54711,0.32961,-0.76943,0.11362,-0.21558,0.11994
-0.54274,0.33971,-0.76813,0.07544,-0.10777,0.11005
-0.54037,0.35665,-0.7621,0.01245,-0.03607,-0.02201
-0.53535,0.37865,-0.755,-0.13465,-0.05099,-0.18255
-0.53122,0.4006,-0.74654,-0.21442,-0.02159,-0.29067
-0.53329,0.4103,-0.73976,-0.69846,0.62884,-0.26779
-0.54176,0.41489,-0.731,0.20273,0.41712,-0.50442
-0.54385,0.43283,-0.71894,0.40645,0.2356,0.09212
-0.52798,0.46589,-0.71006,-0.07945,-0.27682,0.31669
-0.52088,0.5,-0.69186,-0.22088,0.52936,0.25482
-0.50321,0.53148,-0.68139,-0.19714,0.25659,0.21703
-0.49027,0.56215,-0.66605,0.01407,-0.02108,0.17534
-0.47641,0.59459,-0.64767,0.00694,-0.04694,0.15794
-0.46215,0.62853,-0.62559,-0.03692,-0.00337,0.1372
-0.4509,0.66088,-0.59993,0.01122,0.13949,0.11812
-0.43975,0.69258,-0.57179,0.03386,0.11319,0.11843
-0.42584,0.72438,-0.54215,0.06126,0.05703,0.09771
-0.40973,0.75614,-0.51025,0.12563,-0.02012,0.102
-0.39374,0.78691,-0.4751,0.09046,-0.0269,0.11539
-0.37742,0.81633,-0.43719,0.06126,-0.07808,0.14944
-0.36072,0.84323,-0.39853,0.04872,-0.15469,0.11965
-0.34507,0.86627,-0.36123,-0.03489,-0.15446,0.10361
-0.32994,0.88602,-0.32572,-0.06201,-0.15926,0.07534
-0.31559,0.90324,-0.29074,0.01104,-0.0712,0.08326
-0.3036,0.91685,-0.25922,0.02112,0.00106,0.04239
-0.29475,0.92693,-0.23216,0.03711,0.03528,0.05368
-0.28468,0.93626,-0.20577,0.02108,-0.0262,0.07403
-0.27398,0.94473,-0.17997,-0.01436,-0.07109,0.02438
-0.26607,0.9507,-0.15921,-0.03418,-0.07555,-0.01427
-0.26047,0.95489,-0.14251,0.00751,0.01869,-0.00454
-0.25523,0.95845,-0.12733,0.01393,-0.00659,0.02082
-0.24906,0.96175,-0.11395,-0.00583,-0.0193,-0.00083
-0.24358,0.96445,-0.10238,0.0039,-0.01265,-0.00873
-0.2384,0.96677,-0.09213,-0.00278,-0.01938,-0.00748
-0.23356,0.96897,-0.08077,0.00264,-0.04857,-0.02457
-0.22955,0.97098,-0.0669,-0.02973,-0.00557,0.01792
-0.22597,0.97284,-0.05,-0.01679,-0.00274,0.00863
-0.22447,0.97394,-0.03211,-0.03183,0.02342,-0.02021
-0.22477,0.9743,-0.01406,-0.02781,-0.01379,-0.09333
-0.22545,0.97422,0.00556,0.01421,0.0068,-0.071
-0.22403,0.97427,0.02412,-0.02165,0.15655,0.03109
-0.223,0.97398,0.04003,-0.1757,0.08391,0.02485
-0.22325,0.97329,0.05334,-0.19518,0.22873,-0.0517
-0.22569,0.97185,0.06739,-0.17073,0.31169,-0.04301
-0.23212,0.96937,0.08005,-0.10868,0.54935,0.05826
-0.23903,0.96702,0.08783,-0.1321,0.56887,0.17311
-0.24389,0.96555,0.09049,-0.46586,0.36765,0.10258
-0.24959,0.96417,0.08975,-0.36156,0.12981,0.00905
-0.25883,0.96272,0.0784,0.07754,0.17882,0.06247
-0.27143,0.96074,0.05727,0.12074,0.19983,0.1203
-0.28554,0.95814,0.02012,0.0658,0.20888,0.07981
-0.2992,0.95371,-0.02979,-0.04688,0.12319,-0.08617
-0.31063,0.94667,-0.0854,-0.05488,0.12872,-0.08205
-0.31849,0.93649,-0.14669,-0.06543,0.04451,0.07731
-0.32611,0.92208,-0.20832,-0.0593,0.01332,0.15367
-0.33709,0.90471,-0.26047,-0.02726,-0.0188,0.20882
-0.34444,0.88621,-0.3098,0.03729,0.08392,0.21738
-0.3489,0.86957,-0.34942,-0.01501,-0.12645,0.2903
-0.35628,0.8518,-0.38404,-0.10502,-0.25019,0.30139
-0.36445,0.83012,-0.42196,-0.11646,-0.29094,0.2024
-0.37066,0.80675,-0.46017,-0.14079,-0.24236,0.14674
-0.37868,0.78406,-0.49176,-0.11044,-0.22687,0.19887
-0.38804,0.76116,-0.51967,0.01568,-0.18476,0.24884
-0.39765,0.73797,-0.54522,0.04566,-0.15249,0.29493
-0.40924,0.71509,-0.5667,0.05379,-0.13089,0.2857
-0.42077,0.6943,-0.58386,0.03817,-0.1993,0.26225
-0.43034,0.67827,-0.59561,0.06084,-0.18098,0.25746
-0.43732,0.66918,-0.60079,0.04834,-0.18594,0.22803
-0.44241,0.66814,-0.5982,0.0744,-0.19834,0.22517
-0.44564,0.67487,-0.58816,0.10444,-0.23069,0.22984
-0.44523,0.68847,-0.57251,0.07921,-0.25403,0.22723
-0.44047,0.70738,-0.5528,0.03538,-0.30833,0.15897
-0.43193,0.73109,-0.52813,0.00853,-0.34796,0.09695
-0.42049,0.7588,-0.49739,-0.04072,-0.31036,-0.01589
-0.4052,0.78985,-0.46037,-0.048,-0.19889,-0.21479
-0.38415,0.82369,-0.41708,-0.04794,-0.10504,-0.38463
-0.36381,0.85276,-0.37473,-0.12555,0.88394,-0.53876
-0.35612,0.86182,-0.36114,-0.469,0.81091,-0.41338
-0.35991,0.85054,-0.38344,-0.54903,-0.0795,-0.30729
-0.36587,0.83975,-0.40118,-0.29842,-0.78012,-0.07099
-0.36916,0.83848,-0.4008,0.0167,0.23201,0.28758
-0.36264,0.85275,-0.37589,-0.19705,0.54278,0.33121
-0.34936,0.87395,-0.33786,-0.4419,0.646,0.3016
-0.33726,0.88781,-0.3131,-0.58127,-0.06792,0.3445
-0.32848,0.89249,-0.30911,-0.21068,-0.49414,0.16337
-0.32222,0.89599,-0.30555,-0.05705,-0.50144,0.25229
-0.31252,0.90518,-0.28804,0.11809,-0.04238,0.48108
-0.30142,0.91903,-0.25398,0.03517,0.15319,0.36859
-0.28989,0.9307,-0.22305,0.00273,0.17093,0.20249
-0.27427,0.94035,-0.20125,-0.02866,0.12492,-0.02887
-0.25311,0.9504,-0.18071,-0.09438,-0.05524,0.10522
-0.22723,0.96114,-0.15668,-0.13285,-0.1048,0.14234
-0.2033,0.97139,-0.12265,-0.17752,-0.0903,0.25608
-0.18581,0.97856,-0.08875,-0.1644,-0.02548,0.24251
-0.17333,0.98263,-0.06608,-0.1773,-0.03086,0.19573
-0.16348,0.98533,-0.0487,-0.15273,0.00132,0.07793
-0.1524,0.98794,-0.02698,-0.03686,0.07124,0.14547
-0.13865,0.99033,-0.00018,-0.00618,0.06192,0.17158
-0.12526,0.99176,0.02624,-0.00018,0.04152,0.24523
-0.11319,0.99238,0.04844,-0.09509,0.01847,0.16958
-0.1032,0.99228,0.06857,-0.1719,-0.13072,0.05335
-0.09769,0.99137,0.08729,-0.10223,-0.11902,0.05384
-0.09509,0.98998,0.10423,0.02493,-0.05155,0.04866
-0.09388,0.98833,0.11984,0.03375,-0.02863,0.04952
-0.09312,0.98652,0.13441,-0.00364,-0.05217,-0.02348
-0.09221,0.98433,0.15021,-0.01354,-0.05607,-0.04233
-0.09147,0.98163,0.16735,-0.05739,-0.09584,-0.1088
-0.09183,0.9787,0.18354,-0.08152,-0.00785,-0.19335
-0.09361,0.97571,0.19798,-0.17099,0.07379,-0.20777
-0.09716,0.97288,0.20982,-0.17414,0.12148,-0.17122
-0.10011,0.97108,0.21668,-0.1319,0.0984,-0.19573
-0.10237,0.97063,0.21763,-0.15847,0.11886,-0.27358
-0.10437,0.97038,0.21781,-0.18062,0.12249,-0.31126
-0.1061,0.9701,0.21822,-0.18737,0.03109,-0.27211
-0.1088,0.97025,0.21619,-0.14782,0.07379,-0.24408
-0.11351,0.97085,0.211,-0.14312,0.07318,-0.23889
-0.11976,0.97252,0.19958,-0.1323,0.15561,-0.09647
-0.12772,0.9759,0.17685,-0.13954,0.10342,0.02335
-0.13791,0.98004,0.14306,-0.14944,0.06975,0.13847
-0.15809,0.98271,0.09618,-0.37709,-0.02084,0.23895
-0.19535,0.98021,0.03165,-0.5283,0.05358,0.05961
-0.23333,0.97146,-0.04229,-0.61758,0.13089,0.01222
-0.25173,0.96196,-0.10602,-0.56467,0.36191,0.02146
-0.2632,0.9519,-0.15682,-0.19542,0.20627,0.21446
-0.27505,0.94093,-0.19741,-0.13411,0.19473,0.41843
-0.29115,0.9261,-0.23988,0.08218,0.10673,0.38815
-0.31194,0.90425,-0.29155,0.01749,-0.06387,0.12952
-0.33408,0.87845,-0.3416,-0.00849,-0.17565,-0.00493
-0.35343,0.85298,-0.38404,-0.06713,-0.17235,0.01582
-0.37222,0.83114,-0.41309,-0.08193,-0.16166,0.1088
-0.3904,0.81359,-0.43087,-0.0561,-0.1621,0.26929
-0.40612,0.80031,-0.44108,0.03836,-0.22753,0.21711
-0.41826,0.79245,-0.44391,0.10293,-0.32632,0.13558
-0.42611,0.79094,-0.43911,0.1064,-0.34026,0.11007
-0.42805,0.79447,-0.43078,0.06445,-0.2822,0.05839
-0.42425,0.80226,-0.41997,0.05861,-0.31939,0.00665
-0.41722,0.81321,-0.40571,0.06732,-0.35006,0.01209
-0.40924,0.82677,-0.38595,0.08053,-0.37319,0.06584
-0.39809,0.84482,-0.35747,0.09264,-0.28369,-0.00876
-0.38203,0.86679,-0.32049,0.05845,-0.0991,-0.18829
-0.36176,0.89002,-0.27744,0.03016,0.16862,-0.44187
-0.34144,0.90932,-0.23778,0.03168,0.53065,-0.63366
-0.3256,0.91833,-0.22501,-0.26031,0.76403,-0.72439
-0.31821,0.91311,-0.25484,-0.57873,0.42521,-0.98962
-0.32489,0.90224,-0.28353,-0.32326,-0.88805,-0.43974
-0.33449,0.89685,-0.28939,0.2186,-0.80144,0.04297
-0.33188,0.90395,-0.26967,0.0464,0.04476,0.30537
-0.3236,0.91678,-0.23404,-0.34382,0.53282,0.16765
-0.31767,0.92677,-0.20041,-0.69669,0.61117,0.14562
-0.31251,0.93128,-0.18718,-0.38331,-0.06371,0.0448
-0.3114,0.93119,-0.18945,-0.07706,-0.46945,0.10169
-0.30865,0.93362,-0.18184,0.15658,-0.35556,0.3119
-0.30258,0.94171,-0.14699,0.08423,-0.083,0.24537
-0.29832,0.94898,-0.1021,-0.03547,0.23372,0.0189
-0.29269,0.95389,-0.06625,-0.0411,0.2288,-0.01695
-0.28182,0.95858,-0.04097,-0.06196,0.11569,-0.0416
-0.26401,0.96437,-0.01632,-0.00721,-0.18186,0.08239
-0.24724,0.96886,0.01198,-0.06511,-0.16132,0.08192
-0.23728,0.97032,0.04622,-0.13277,-0.09731,0.07013
-0.23335,0.96954,0.07417,-0.09944,-0.01767,0.01482
-0.2315,0.96871,0.0893,-0.02195,0.00393,-0.04681
-0.22886,0.96843,0.09866,0.0456,0.01851,-0.10652
-0.22516,0.96781,0.1123,0.07869,0.09968,0.0705
-0.22043,0.966,0.13501,0.08635,0.06037,0.12849
-0.21486,0.9641,0.1559,0.05876,0.01209,0.09117
-0.2112,0.96267,0.1692,-0.11184,0.00956,-0.1347
-0.20787,0.96149,0.17969,-0.12563,0.00654,-0.16573
-0.20645,0.9599,0.18954,-0.09141,0.00813,-0.12918
-0.20988,0.95739,0.19827,-0.03474,0.02384,-0.13412
-0.21411,0.95486,0.20584,-0.00994,0.03167,-0.17916
-0.21697,0.95283,0.21214,0.11847,0.14721,-0.23384
-0.21913,0.95053,0.22007,0.10704,0.10869,-0.19062
-0.22277,0.94725,0.23035,0.04585,0.07378,-0.17487
-0.22728,0.94368,0.24037,-0.02292,-0.0256,-0.27944
-0.23149,0.94013,0.25005,0.01353,-0.02037,-0.29741
-0.23547,0.93623,0.26075,0.0384,0.02425,-0.28533
-0.24171,0.9316,0.27139,-0.03192,0.18643,-0.15271
-0.2496,0.92688,0.28027,-0.07501,0.16502,-0.18484
-0.2574,0.92266,0.28705,-0.0836,0.22262,-0.19007
-0.26757,0.91906,0.28928,-0.11686,0.49593,-0.20232
-0.27804,0.91712,0.28557,-0.03861,0.56019,-0.14773
-0.28708,0.91774,0.27439,-0.07829,0.51431,-0.1536
-0.29324,0.91989,0.26032,-0.36381,0.29451,-0.06722
-0.30021,0.92343,0.239,-0.26451,0.17129,-0.00296
-0.31082,0.9273,0.20851,-0.18454,0.16414,0.05331
-0.32693,0.9308,0.16336,-0.12906,0.27968,0.08253
-0.34431,0.93287,0.10568,-0.09208,0.24692,0.0223
-0.35911,0.93239,0.04065,-0.05065,0.2133,-0.01419
-0.37047,0.92852,-0.02403,-0.05125,0.24314,0.03277
-0.38196,0.92005,-0.08715,-0.05533,0.24297,0.09391
-0.39732,0.90562,-0.14817,-0.00411,0.11925,0.13413
-0.41099,0.88834,-0.20474,0.05098,0.14241,0.06284
-0.41943,0.86791,-0.26606,-0.02329,0.05201,0.02883
-0.42716,0.8395,-0.33578,-0.1408,-0.20907,-0.0118
-0.43935,0.80299,-0.40269,-0.05935,-0.33098,0.01522
-0.45256,0.76461,-0.45886,0.12056,-0.27533,0.09217
-0.46439,0.72681,-0.50603,0.25542,-0.13812,0.19306
-0.47712,0.68631,-0.54893,0.13918,-0.12152,0.1937
-0.49185,0.64492,-0.58494,0.13365,-0.17563,0.23112
-0.50668,0.6052,-0.614,0.11286,-0.22067,0.25253
-0.51976,0.56779,-0.63832,0.13449,-0.26175,0.26538
-0.52971,0.53514,-0.65805,0.20744,-0.25146,0.23453
-0.53763,0.51142,-0.67037,0.15234,-0.20357,0.19599
-0.54335,0.49725,-0.67639,0.04883,-0.20135,0.17576
-0.54354,0.49214,-0.67997,0.07306,-0.33488,0.11716
-0.53827,0.49632,-0.68112,0.0678,-0.33906,0.11831
-0.53448,0.50766,-0.67573,0.0387,-0.27956,0.03869
-0.53151,0.52621,-0.66377,0.01225,-0.1062,-0.13596
-0.52312,0.55135,-0.64988,-0.04327,-0.09795,-0.24868
-0.51632,0.57587,-0.63385,-0.12197,-0.0684,-0.43178
-0.50925,0.59901,-0.61792,-0.40861,0.62059,-0.35273
-0.49901,0.61807,-0.60743,-0.69659,1.04107,-1.02947
-0.49872,0.63108,-0.59414,0.18741,0.42002,-0.21644
-0.4749,0.66308,-0.5786,-0.04912,-0.60105,0.34229
-0.46048,0.69888,-0.54727,-0.11736,-0.23566,0.24631
-0.44609,0.73031,-0.51734,-0.44351,0.60824,0.01099
-0.43851,0.75757,-0.48351,-0.39398,0.39021,0.04769
-0.42685,0.78416,-0.45041,-0.09957,-0.12756,0.01327
-0.4164,0.8111,-0.41073,0.02625,-0.18333,0.04087
-0.41008,0.83575,-0.36514,0.05823,-0.11475,-0.02265
-0.40411,0.85857,-0.31549,0.07742,0.05725,-0.03877
-0.39278,0.88111,-0.26333,0.08646,0.04076,0.01113
-0.37492,0.90289,-0.21025,0.18803,-0.12892,0.03822
-0.354,0.9216,-0.15907,0.2502,-0.21564,0.02014
-0.33586,0.93522,-0.11198,0.21579,-0.21471,-0.02559
-0.32399,0.94369,-0.06668,0.06544,-0.22828,-0.01383
-0.3199,0.94712,-0.0245,-0.02161,-0.2121,-0.04041
-0.31954,0.94749,0.01085,-0.14758,-0.0451,-0.07625
-0.31949,0.94661,0.04262,-0.05408,-0.02568,-0.04749
-0.3193,0.94497,0.07097,-0.01198,-0.09817,-0.08818
-0.321,0.94236,0.09419,0.06856,0.03038,-0.13934
-0.32076,0.93991,0.11682,0.13109,0.11933,-0.12732
-0.31938,0.93766,0.13693,0.14039,0.12969,-0.1264
-0.3165,0.93622,0.15256,0.04942,0.19785,-0.16936
-0.31204,0.93494,0.16875,0.04224,0.23861,-0.3059
-0.3097,0.9323,0.18671,0.02972,0.24084,-0.33292
-0.30951,0.93005,0.1979,-0.17287,0.25201,-0.38487
-0.31172,0.92839,0.2022,-0.14306,0.28729,-0.41551
-0.31696,0.9267,0.20181,-0.1066,0.28915,-0.35322
-0.32504,0.92525,0.1955,-0.16426,0.36931,-0.20459
-0.33566,0.92465,0.17979,-0.07578,0.56773,0.07131
-0.34428,0.92638,0.15247,-0.31114,0.28027,0.00554
-0.35519,0.92645,0.12449,-0.29115,-0.0124,-0.15124
-0.37311,0.92343,0.08961,-0.17904,0.20612,-0.03481
-0.39167,0.91935,0.03677,0.00483,0.40668,-0.08177
-0.40963,0.9117,-0.03129,0.16721,0.43753,-0.15975
-0.42407,0.89907,-0.10868,0.11883,0.36628,0.01456
-0.4348,0.88352,-0.1741,0.12956,0.38183,0.07999
-0.44277,0.86784,-0.22535,0.10007,0.10212,0.23347
-0.44775,0.84888,-0.28088,0.05166,-0.15568,0.19037
-0.45572,0.82252,-0.34024,0.05963,-0.12931,0.24972
-0.46904,0.78994,-0.39493,0.08889,-0.3086,0.1343
-0.48235,0.75421,-0.44552,0.12383,-0.19461,0.19668
-0.49426,0.71598,-0.49301,0.13574,-0.15638,0.24417
-0.50609,0.67685,-0.53455,0.20854,-0.13739,0.29445
-0.51885,0.63622,-0.57097,0.23301,-0.24093,0.25865
-0.53362,0.59558,-0.60043,0.20349,-0.25162,0.25848
-0.54816,0.55741,-0.62354,0.1384,-0.19599,0.18246
-0.56001,0.52409,-0.64164,0.08848,-0.25111,0.14004
-0.57025,0.49946,-0.65218,0.09872,-0.22648,0.15058
-0.57558,0.48624,-0.65746,0.10042,-0.25124,0.049
-0.57437,0.48549,-0.65909,0.17196,-0.31384,-0.00057
-0.56697,0.49623,-0.65748,0.12885,-0.32689,-0.01691
-0.55828,0.51521,-0.65028,-0.01678,-0.31346,-0.00226
-0.55208,0.53879,-0.63633,-0.01123,-0.17783,-0.31914
-0.54744,0.56796,-0.61459,0.06819,-0.13673,-0.35929
-0.53359,0.60277,-0.59325,0.17806,0.14562,-0.49107
-0.52509,0.61384,-0.58946,-0.51105,1.04292,-0.43747
-0.51538,0.63622,-0.57411,0.26678,0.17645,0.19297
-0.48886,0.67893,-0.54777,-0.00346,0.01945,0.20789
-0.47541,0.71155,-0.51736,-0.08206,0.4311,0.14585
-0.46731,0.73895,-0.48534,-0.34677,0.56657,0.06432
-0.46226,0.76219,-0.45318,-0.16262,-0.23152,0.03503
-0.45549,0.78546,-0.419,0.00035,-0.34198,-0.00109
-0.45196,0.80651,-0.38112,0.09411,-0.18797,-0.04161
-0.44846,0.82665,-0.33986,0.10278,0.10268,-0.09896
-0.4391,0.84834,-0.29579,0.10198,0.10294,-0.07525
-0.42133,0.87194,-0.24935,0.13046,0.1066,-0.05109
-0.39904,0.89421,-0.20281,0.32766,-0.08487,-0.02286
-0.37879,0.91171,-0.15899,0.28452,-0.23103,-0.05927
-0.36267,0.92503,-0.11296,0.13527,-0.25819,-0.04475
-0.35317,0.93329,-0.06497,-0.0274,-0.18605,-0.12633
-0.34942,0.9367,-0.02165,-0.10726,-0.06427,-0.17773
-0.346,0.9381,0.01524,-0.01564,-0.04259,-0.21224
-0.34103,0.93891,0.04601,0.09149,0.00952,-0.13442
-0.33805,0.93851,0.06987,0.1802,0.19746,-0.07025
-0.33971,0.93612,0.09078,-0.0006,0.3548,-0.10474
-0.33887,0.93413,0.11198,-0.02657,0.25702,-0.3943
-0.33351,0.93335,0.13265,0.06555,0.24191,-0.4484
-0.33012,0.93301,0.14307,0.03992,0.32214,-0.3704
-0.32969,0.93268,0.14624,-0.12833,0.23143,-0.39109
-0.3302,0.93298,0.14313,-0.21012,0.14817,-0.30597
-0.33495,0.9331,0.13078,-0.20537,0.14805,-0.29362
-0.34711,0.932,0.10424,-0.06459,0.3428,0.08647
-0.36033,0.93059,0.0643,-0.24264,0.01137,-0.11478
-0.37644,0.92612,0.02386,-0.22652,0.01584,-0.07434
-0.39802,0.91679,-0.03256,-0.28066,0.17449,-0.07132
-0.42085,0.90074,-0.10736,-0.1228,0.30324,-0.0271
-0.44155,0.87843,-0.18267,-0.10211,0.32554,0.04821
-0.46056,0.85335,-0.24426,0.13307,0.58351,0.14521
-0.475,0.82438,-0.30783,0.17148,0.43057,0.10601
-0.48256,0.79172,-0.37456,0.10617,0.12088,0.01325
-0.49435,0.75779,-0.42586,-0.08454,-0.19702,0.17125
-0.51153,0.72114,-0.46721,-0.04165,-0.38898,0.25583
-0.52478,0.68197,-0.50942,0.02551,-0.25801,0.1799
-0.53501,0.64212,-0.54903,0.10916,-0.06671,0.2407
-0.54232,0.60216,-0.58589,0.24943,-0.13825,0.31688
-0.55022,0.56329,-0.6164,0.37105,-0.23352,0.32104
-0.56108,0.52673,-0.63855,0.36636,-0.32726,0.31747
-0.57404,0.49603,-0.65148,0.23745,-0.40568,0.16861
-0.58602,0.47333,-0.65767,0.24216,-0.39147,0.14484
-0.59193,0.46204,-0.6604,0.19096,-0.31493,0.14667
-0.59119,0.46529,-0.65878,0.10254,-0.36905,0.0569
-0.58909,0.47918,-0.65065,0.07415,-0.3405,0.03604
-0.58589,0.50062,-0.63726,-0.02249,-0.16378,-0.1244
-0.5783,0.52832,-0.62164,-0.06133,-0.12054,-0.23798
-0.57245,0.55517,-0.60339,-0.15265,-0.03692,-0.46301
-0.56765,0.57951,-0.58475,-0.38642,0.69913,-0.15272
-0.56235,0.59945,-0.56958,-0.80362,1.12677,-0.30684
-0.55116,0.62188,-0.55631,0.30123,-0.20808,0.15973
-0.5292,0.65738,-0.53646,-0.09739,-0.53545,0.17275
-0.5137,0.69117,-0.50832,0.17291,-0.01533,0.24199
-0.4979,0.72501,-0.47586,-0.02678,0.39616,0.0923
-0.48969,0.75039,-0.44396,-0.21127,0.32374,0.00103
-0.48075,0.77405,-0.41196,0.06941,-0.01241,-0.01798
-0.46908,0.79819,-0.37795,0.13578,-0.14055,-0.13793
-0.45548,0.82242,-0.34081,0.15038,-0.05945,-0.09392
-0.43901,0.84765,-0.2979,0.13963,0.03339,0.01311
-0.41834,0.87269,-0.25178,0.16336,-0.00083,0.06205
-0.39787,0.89305,-0.2101,0.33601,-0.09862,0.00296
-0.3847,0.90765,-0.16781,0.32498,-0.22553,0.00332
-0.37693,0.91795,-0.12355,0.17006,-0.30768,-0.09633
-0.37328,0.92424,-0.08014,-0.07072,-0.13594,-0.16821
-0.37045,0.92806,-0.038,-0.07129,-0.08885,-0.15698
-0.36872,0.92953,-0.00015,-0.06435,-0.07375,-0.11556
-0.37082,0.92833,0.02612,-0.03174,0.00429,-0.19948
-0.373,0.92656,0.04828,0.10115,0.19143,-0.24623
-0.3728,0.9256,0.06521,0.17558,0.47271,-0.27722
-0.37149,0.92517,0.07765,0.04631,0.33835,-0.32236
-0.36805,0.92561,0.08806,-0.03607,0.14328,-0.41413
-0.36416,0.9259,0.10035,-0.03996,0.14299,-0.42641
-0.36164,0.92477,0.11831,-0.1087,0.14925,-0.50607
-0.36149,0.92344,0.12867,0.01577,0.0156,-0.28544
-0.36694,0.92188,0.12441,-0.00974,0.18051,-0.18471
-0.37707,0.92011,0.10577,0.13457,0.42243,0.04749
-0.38631,0.91963,0.07086,-0.16147,0.28755,0.03409
-0.3946,0.9183,0.0315,-0.36747,-0.07209,-0.11765
-0.40944,0.91218,-0.01653,-0.19034,0.03884,-0.02449
-0.42815,0.90038,-0.07737,0.10024,0.37847,0.02228
-0.44525,0.88423,-0.14095,0.1453,0.45042,0.07538
-0.4574,0.8676,-0.19504,0.10481,0.52213,0.12806
-0.46766,0.84914,-0.24546,0.06865,0.40161,-0.0003
-0.47212,0.82714,-0.30485,0.05379,0.34108,0.00611
-0.47326,0.80472,-0.35838,-0.01299,0.02301,0.03857
-0.48033,0.78005,-0.401,-0.07204,-0.25823,0.23197
-0.48994,0.75146,-0.44188,-0.04981,-0.24143,0.23798
-0.49844,0.72006,-0.48276,0.08262,-0.20337,0.18022
-0.50729,0.68657,-0.52083,0.2042,-0.21738,0.11009
-0.51885,0.6537,-0.55087,0.20236,-0.22634,0.14537
-0.53242,0.62259,-0.5735,0.1876,-0.2894,0.32174
-0.54532,0.59243,-0.59299,0.19709,-0.26734,0.29445
-0.55763,0.56598,-0.60722,0.22476,-0.23886,0.23463
-0.56852,0.54427,-0.61689,0.13838,-0.2262,0.14839
-0.57762,0.52916,-0.62156,0.1313,-0.21451,0.10239
-0.58296,0.52308,-0.62173,0.14768,-0.28578,-0.03097
-0.58294,0.52866,-0.617,0.00775,-0.22917,-0.0783
-0.57824,0.5451,-0.60704,-0.08373,-0.15507,-0.15598
-0.56964,0.56909,-0.59299,-0.05138,-0.17731,-0.31951
-0.56292,0.59585,-0.57278,0.05813,-0.18156,0.09231
-0.55233,0.62767,-0.5486,-0.1154,0.22832,0.13533
-0.54016,0.65423,-0.52934,-0.45402,0.76954,-0.4308
-0.52966,0.67114,-0.51867,0.23912,0.45367,0.25616
-0.49804,0.7051,-0.50477,0.12873,-0.42944,0.19503
-0.47871,0.73977,-0.47283,-0.11955,-0.5033,0.15243
-0.46275,0.76677,-0.44487,-0.19823,0.26715,0.06943
-0.45616,0.78924,-0.41111,-0.15215,0.27915,0.1607
-0.44923,0.80931,-0.37842,-0.11176,0.21342,0.15891
-0.4388,0.82933,-0.34591,0.02309,-0.02576,0.03254
-0.42942,0.84874,-0.30857,0.13372,-0.0663,-0.0472
-0.41982,0.86652,-0.26995,0.11236,-0.04853,-0.10716
-0.40721,0.88359,-0.23115,0.15677,-0.0009,-0.0563
-0.393,0.89962,-0.19033,0.18707,-0.04958,-0.02334
-0.378,0.91366,-0.14943,0.20138,-0.08115,-0.05876
-0.36507,0.92466,-0.10824,0.24919,-0.32426,0.00025
-0.35632,0.93137,-0.07459,0.07913,-0.23516,-0.10639
-0.35236,0.9347,-0.04644,0.07517,-0.23849,-0.13455
-0.34993,0.93659,-0.0182,0.01302,-0.09415,-0.18544
-0.34659,0.93796,0.00933,0.10774,-0.12987,-0.16506
-0.34193,0.93899,0.03684,0.13786,-0.01905,-0.13099
-0.33581,0.93986,0.0622,0.14549,0.04219,-0.11182
-0.32754,0.94108,0.08403,0.14597,0.09923,-0.13668
-0.32115,0.9416,0.10118,0.07809,0.12888,-0.16798
-0.31733,0.94108,0.11683,-0.01302,0.17266,-0.23542
-0.31443,0.94025,0.13052,0.03811,0.14411,-0.24231
-0.31194,0.9394,0.14211,0.02359,0.16164,-0.25314
-0.31133,0.93811,0.15167,-0.01251,0.23981,-0.27894
-0.31369,0.93583,0.16061,-0.06181,0.27541,-0.26323
-0.31719,0.93368,0.16616,-0.07004,0.32514,-0.22352
-0.3233,0.93205,0.1635,-0.04285,0.41122,-0.13165
-0.33167,0.93117,0.1513,-0.1049,0.50001,0.04475
-0.34055,0.93078,0.13288,-0.21852,0.36085,0.01691
-0.353,0.92891,0.1118,-0.17125,-0.0053,-0.06097
-0.36866,0.92575,0.08393,-0.08315,0.09108,-0.0802
-0.38682,0.92123,0.04112,-0.0707,0.15589,-0.11365
-0.40954,0.91207,-0.01959,-0.11762,0.0794,-0.14099
-0.42908,0.89897,-0.08793,-0.07193,0.14179,-0.12943
-0.44275,0.88476,-0.14543,0.13698,0.27935,-0.04932
-0.45561,0.86961,-0.19022,0.25273,0.34461,0.10683
-0.46569,0.85127,-0.24178,0.24496,0.27536,0.16225
-0.47364,0.82873,-0.29809,0.02233,-0.07966,0.01282
-0.48725,0.80327,-0.34254,-0.17515,-0.33348,0.15014
-0.50523,0.77552,-0.37855,-0.15717,-0.30573,0.18615
-0.52026,0.74514,-0.41724,-0.1135,-0.23228,0.17121
-0.53254,0.7136,-0.45516,0.11802,-0.16872,-0.02982
-0.54462,0.68025,-0.49056,0.22997,-0.11775,0.03489
-0.55802,0.64694,-0.51968,0.20698,-0.06552,0.1493
-0.57232,0.6153,-0.54207,0.08876,-0.00675,0.26086
-0.58754,0.58251,-0.56166,0.07022,-0.15299,0.19899
-0.60169,0.54843,-0.58067,0.19216,-0.23641,0.08237
-0.61455,0.51668,-0.59613,0.18504,-0.17307,0.0825
-0.62241,0.49425,-0.60689,0.14541,-0.13369,0.11865
-0.62316,0.48253,-0.61549,0.08608,-0.12987,0.06753
-0.61907,0.48044,-0.62123,0.07309,-0.38927,-0.11253
-0.61329,0.49062,-0.619,0.10514,-0.41396,-0.05527
-0.60803,0.50854,-0.60966,0.08815,-0.38849,-0.07084
-0.6036,0.5318,-0.59401,-0.02883,-0.21027,-0.03842
-0.59684,0.56335,-0.57132,0.004,-0.34897,0.05768
-0.58289,0.6074,-0.53971,-0.06764,-0.29497,0.01724
-0.56963,0.63633,-0.52019,-0.34919,2.03518,-0.85952
-0.56574,0.64373,-0.51531,0.56013,0.39478,0.34235
-0.52531,0.6758,-0.51704,0.36933,-0.88764,0.53056
-0.50393,0.71157,-0.48961,-0.07779,-0.37621,0.1682
-0.49532,0.74163,-0.45236,-0.15849,0.53497,0.07225
-0.49363,0.76044,-0.42195,-0.28753,0.6115,0.17259
-0.48737,0.77591,-0.40052,0.09902,-0.11818,0.13207
-0.48584,0.78826,-0.37761,0.14,-0.1025,0.08408
-0.48374,0.80021,-0.35447,0.1379,-0.11445,0.06094
-0.47483,0.81408,-0.33436,0.06472,0.10471,-0.14715
-0.46261,0.8313,-0.3081,0.10829,-0.07147,-0.04855
-0.44576,0.85009,-0.28041,0.14992,-0.17214,0.03001
-0.42515,0.86756,-0.25803,0.00828,-0.29995,0.06542
-0.40335,0.88525,-0.23158,0.16908,0.12307,-0.04378
-0.3893,0.90095,-0.19159,0.35705,0.0659,-0.10698
-0.37941,0.9128,-0.15109,0.21606,-0.11368,0.05091
-0.37089,0.92128,-0.11689,0.00275,-0.13963,-0.1984
-0.36728,0.92731,-0.07204,-0.01276,-0.15953,-0.29425
-0.36524,0.9307,-0.01935,-0.07699,-0.25851,-0.21632
-0.35911,0.93292,0.02613,0.05166,0.06159,-0.11782
-0.35113,0.93435,0.06064,0.11519,0.0943,-0.072
-0.34219,0.93498,0.09324,0.18217,0.04009,0.11464
-0.33475,0.93491,0.11776,0.22623,0.00984,0.18899
-0.33525,0.93421,0.12183,0.16431,0.03671,0.13603
-0.3388,0.93388,0.11432,-0.10408,0.11314,-0.28114
-0.33956,0.93379,0.11274,-0.11131,0.13153,-0.37254
-0.3437,0.93157,0.11847,0.01581,0.25802,-0.32289
-0.34756,0.92865,0.12955,-0.07578,0.136,-0.24678
-0.35144,0.92579,0.13919,-0.16669,0.13376,-0.24992
-0.35456,0.92311,0.14874,-0.25025,0.29867,-0.386
-0.35651,0.92016,0.1618,-0.0835,0.37382,-0.35292
-0.35522,0.91834,0.17447,-0.07823,0.32241,-0.14658
-0.35444,0.91814,0.17714,-0.24597,0.3504,-0.00196
-0.34993,0.92256,0.1625,-0.26567,0.34982,-0.01311
-0.34119,0.92924,0.14173,-0.10948,0.13787,-0.13108
-0.34167,0.93191,0.12156,0.12559,0.06645,-0.08041
